[0.000000] (-) TimerEvent: {}
[0.002592] (RoverReceive) JobQueued: {'identifier': 'RoverReceive', 'dependencies': OrderedDict()}
[0.003060] (microver_dusty) JobQueued: {'identifier': 'microver_dusty', 'dependencies': OrderedDict()}
[0.003670] (rover_stream) JobQueued: {'identifier': 'rover_stream', 'dependencies': OrderedDict()}
[0.004006] (sllidar_ros2) JobQueued: {'identifier': 'sllidar_ros2', 'dependencies': OrderedDict()}
[0.004211] (RoverReceive) JobStarted: {'identifier': 'RoverReceive'}
[0.065153] (microver_dusty) JobStarted: {'identifier': 'microver_dusty'}
[0.095654] (rover_stream) JobStarted: {'identifier': 'rover_stream'}
[0.100139] (-) TimerEvent: {}
[0.140198] (sllidar_ros2) JobStarted: {'identifier': 'sllidar_ros2'}
[0.200455] (-) TimerEvent: {}
[0.301944] (-) TimerEvent: {}
[0.403401] (-) TimerEvent: {}
[0.504555] (-) TimerEvent: {}
[0.605720] (-) TimerEvent: {}
[0.707109] (-) TimerEvent: {}
[0.808375] (-) TimerEvent: {}
[0.909699] (-) TimerEvent: {}
[1.011085] (-) TimerEvent: {}
[1.112323] (-) TimerEvent: {}
[1.213458] (-) TimerEvent: {}
[1.314700] (-) TimerEvent: {}
[1.415918] (-) TimerEvent: {}
[1.517088] (-) TimerEvent: {}
[1.618280] (-) TimerEvent: {}
[1.719506] (-) TimerEvent: {}
[1.820663] (-) TimerEvent: {}
[1.921860] (-) TimerEvent: {}
[2.023133] (-) TimerEvent: {}
[2.124306] (-) TimerEvent: {}
[2.225514] (-) TimerEvent: {}
[2.326819] (-) TimerEvent: {}
[2.428278] (-) TimerEvent: {}
[2.526115] (microver_dusty) JobProgress: {'identifier': 'microver_dusty', 'progress': 'cmake'}
[2.528313] (microver_dusty) Command: {'cmd': ['/usr/bin/cmake', '/home/arno/RoombaV2Onboard/src/microver_dusty', '-DAMENT_CMAKE_SYMLINK_INSTALL=1', '-DCMAKE_INSTALL_PREFIX=/home/arno/RoombaV2Onboard/install/microver_dusty'], 'cwd': '/home/arno/RoombaV2Onboard/build/microver_dusty', 'env': OrderedDict([('LESSOPEN', '| /usr/bin/lesspipe %s'), ('USER', 'arno'), ('SSH_CLIENT', '192.168.45.158 50898 22'), ('LC_TIME', 'de_CH.UTF-8'), ('XDG_SESSION_TYPE', 'tty'), ('SHLVL', '1'), ('LD_LIBRARY_PATH', '/opt/ros/humble/opt/rviz_ogre_vendor/lib:/opt/ros/humble/lib/aarch64-linux-gnu:/opt/ros/humble/lib'), ('MOTD_SHOWN', 'pam'), ('HOME', '/home/arno'), ('OLDPWD', '/home/arno/RoombaV2Onboard/src'), ('SSH_TTY', '/dev/pts/1'), ('ROS_PYTHON_VERSION', '3'), ('LC_MONETARY', 'de_CH.UTF-8'), ('DBUS_SESSION_BUS_ADDRESS', 'unix:path=/run/user/1000/bus'), ('ROS_DISTRO', 'humble'), ('LOGNAME', 'arno'), ('_', '/usr/bin/colcon'), ('ROS_VERSION', '2'), ('XDG_SESSION_CLASS', 'user'), ('TERM', 'xterm-256color'), ('XDG_SESSION_ID', '3'), ('ROS_LOCALHOST_ONLY', '0'), ('PATH', '/home/arno/.local/bin:/opt/ros/humble/bin:/usr/local/sbin:/usr/local/bin:/usr/sbin:/usr/bin:/sbin:/bin:/usr/games:/usr/local/games:/snap/bin'), ('LC_ADDRESS', 'de_CH.UTF-8'), ('XDG_RUNTIME_DIR', '/run/user/1000'), ('LANG', 'en_US.UTF-8'), ('LC_TELEPHONE', 'de_CH.UTF-8'), ('LS_COLORS', 'rs=0:di=01;34:ln=01;36:mh=00:pi=40;33:so=01;35:do=01;35:bd=40;33;01:cd=40;33;01:or=40;31;01:mi=00:su=37;41:sg=30;43:ca=30;41:tw=30;42:ow=34;42:st=37;44:ex=01;32:*.tar=01;31:*.tgz=01;31:*.arc=01;31:*.arj=01;31:*.taz=01;31:*.lha=01;31:*.lz4=01;31:*.lzh=01;31:*.lzma=01;31:*.tlz=01;31:*.txz=01;31:*.tzo=01;31:*.t7z=01;31:*.zip=01;31:*.z=01;31:*.dz=01;31:*.gz=01;31:*.lrz=01;31:*.lz=01;31:*.lzo=01;31:*.xz=01;31:*.zst=01;31:*.tzst=01;31:*.bz2=01;31:*.bz=01;31:*.tbz=01;31:*.tbz2=01;31:*.tz=01;31:*.deb=01;31:*.rpm=01;31:*.jar=01;31:*.war=01;31:*.ear=01;31:*.sar=01;31:*.rar=01;31:*.alz=01;31:*.ace=01;31:*.zoo=01;31:*.cpio=01;31:*.7z=01;31:*.rz=01;31:*.cab=01;31:*.wim=01;31:*.swm=01;31:*.dwm=01;31:*.esd=01;31:*.jpg=01;35:*.jpeg=01;35:*.mjpg=01;35:*.mjpeg=01;35:*.gif=01;35:*.bmp=01;35:*.pbm=01;35:*.pgm=01;35:*.ppm=01;35:*.tga=01;35:*.xbm=01;35:*.xpm=01;35:*.tif=01;35:*.tiff=01;35:*.png=01;35:*.svg=01;35:*.svgz=01;35:*.mng=01;35:*.pcx=01;35:*.mov=01;35:*.mpg=01;35:*.mpeg=01;35:*.m2v=01;35:*.mkv=01;35:*.webm=01;35:*.webp=01;35:*.ogm=01;35:*.mp4=01;35:*.m4v=01;35:*.mp4v=01;35:*.vob=01;35:*.qt=01;35:*.nuv=01;35:*.wmv=01;35:*.asf=01;35:*.rm=01;35:*.rmvb=01;35:*.flc=01;35:*.avi=01;35:*.fli=01;35:*.flv=01;35:*.gl=01;35:*.dl=01;35:*.xcf=01;35:*.xwd=01;35:*.yuv=01;35:*.cgm=01;35:*.emf=01;35:*.ogv=01;35:*.ogx=01;35:*.aac=00;36:*.au=00;36:*.flac=00;36:*.m4a=00;36:*.mid=00;36:*.midi=00;36:*.mka=00;36:*.mp3=00;36:*.mpc=00;36:*.ogg=00;36:*.ra=00;36:*.wav=00;36:*.oga=00;36:*.opus=00;36:*.spx=00;36:*.xspf=00;36:'), ('AMENT_PREFIX_PATH', '/opt/ros/humble'), ('SHELL', '/bin/bash'), ('LC_NAME', 'de_CH.UTF-8'), ('LESSCLOSE', '/usr/bin/lesspipe %s %s'), ('LC_MEASUREMENT', 'de_CH.UTF-8'), ('LC_IDENTIFICATION', 'de_CH.UTF-8'), ('PWD', '/home/arno/RoombaV2Onboard/build/microver_dusty'), ('LC_ALL', 'en_US.UTF-8'), ('SSH_CONNECTION', '192.168.45.158 50898 192.168.45.115 22'), ('XDG_DATA_DIRS', '/usr/local/share:/usr/share:/var/lib/snapd/desktop'), ('PYTHONPATH', '/opt/ros/humble/lib/python3.10/site-packages:/opt/ros/humble/local/lib/python3.10/dist-packages'), ('LC_NUMERIC', 'de_CH.UTF-8'), ('LC_PAPER', 'de_CH.UTF-8'), ('COLCON', '1'), ('CMAKE_PREFIX_PATH', '/opt/ros/humble')]), 'shell': False}
[2.549919] (-) TimerEvent: {}
[2.655642] (-) TimerEvent: {}
[2.757139] (-) TimerEvent: {}
[2.858472] (-) TimerEvent: {}
[2.959874] (-) TimerEvent: {}
[3.061241] (-) TimerEvent: {}
[3.162479] (-) TimerEvent: {}
[3.263813] (-) TimerEvent: {}
[3.365223] (-) TimerEvent: {}
[3.466565] (-) TimerEvent: {}
[3.567891] (-) TimerEvent: {}
[3.669108] (-) TimerEvent: {}
[3.770406] (-) TimerEvent: {}
[3.872116] (-) TimerEvent: {}
[3.973432] (-) TimerEvent: {}
[4.074855] (-) TimerEvent: {}
[4.176152] (-) TimerEvent: {}
[4.277464] (-) TimerEvent: {}
[4.378790] (-) TimerEvent: {}
[4.480239] (-) TimerEvent: {}
[4.581542] (-) TimerEvent: {}
[4.682835] (-) TimerEvent: {}
[4.784038] (-) TimerEvent: {}
[4.885313] (-) TimerEvent: {}
[4.986690] (-) TimerEvent: {}
[5.088218] (-) TimerEvent: {}
[5.147434] (microver_dusty) StdoutLine: {'line': b'-- The C compiler identification is GNU 11.4.0\n'}
[5.155626] (sllidar_ros2) JobProgress: {'identifier': 'sllidar_ros2', 'progress': 'cmake'}
[5.166878] (sllidar_ros2) Command: {'cmd': ['/usr/bin/cmake', '/home/arno/RoombaV2Onboard/src/sllidar_ros2', '-DAMENT_CMAKE_SYMLINK_INSTALL=1', '-DCMAKE_INSTALL_PREFIX=/home/arno/RoombaV2Onboard/install/sllidar_ros2'], 'cwd': '/home/arno/RoombaV2Onboard/build/sllidar_ros2', 'env': OrderedDict([('LESSOPEN', '| /usr/bin/lesspipe %s'), ('USER', 'arno'), ('SSH_CLIENT', '192.168.45.158 50898 22'), ('LC_TIME', 'de_CH.UTF-8'), ('XDG_SESSION_TYPE', 'tty'), ('SHLVL', '1'), ('LD_LIBRARY_PATH', '/opt/ros/humble/opt/rviz_ogre_vendor/lib:/opt/ros/humble/lib/aarch64-linux-gnu:/opt/ros/humble/lib'), ('MOTD_SHOWN', 'pam'), ('HOME', '/home/arno'), ('OLDPWD', '/home/arno/RoombaV2Onboard/src'), ('SSH_TTY', '/dev/pts/1'), ('ROS_PYTHON_VERSION', '3'), ('LC_MONETARY', 'de_CH.UTF-8'), ('DBUS_SESSION_BUS_ADDRESS', 'unix:path=/run/user/1000/bus'), ('ROS_DISTRO', 'humble'), ('LOGNAME', 'arno'), ('_', '/usr/bin/colcon'), ('ROS_VERSION', '2'), ('XDG_SESSION_CLASS', 'user'), ('TERM', 'xterm-256color'), ('XDG_SESSION_ID', '3'), ('ROS_LOCALHOST_ONLY', '0'), ('PATH', '/home/arno/.local/bin:/opt/ros/humble/bin:/usr/local/sbin:/usr/local/bin:/usr/sbin:/usr/bin:/sbin:/bin:/usr/games:/usr/local/games:/snap/bin'), ('LC_ADDRESS', 'de_CH.UTF-8'), ('XDG_RUNTIME_DIR', '/run/user/1000'), ('LANG', 'en_US.UTF-8'), ('LC_TELEPHONE', 'de_CH.UTF-8'), ('LS_COLORS', 'rs=0:di=01;34:ln=01;36:mh=00:pi=40;33:so=01;35:do=01;35:bd=40;33;01:cd=40;33;01:or=40;31;01:mi=00:su=37;41:sg=30;43:ca=30;41:tw=30;42:ow=34;42:st=37;44:ex=01;32:*.tar=01;31:*.tgz=01;31:*.arc=01;31:*.arj=01;31:*.taz=01;31:*.lha=01;31:*.lz4=01;31:*.lzh=01;31:*.lzma=01;31:*.tlz=01;31:*.txz=01;31:*.tzo=01;31:*.t7z=01;31:*.zip=01;31:*.z=01;31:*.dz=01;31:*.gz=01;31:*.lrz=01;31:*.lz=01;31:*.lzo=01;31:*.xz=01;31:*.zst=01;31:*.tzst=01;31:*.bz2=01;31:*.bz=01;31:*.tbz=01;31:*.tbz2=01;31:*.tz=01;31:*.deb=01;31:*.rpm=01;31:*.jar=01;31:*.war=01;31:*.ear=01;31:*.sar=01;31:*.rar=01;31:*.alz=01;31:*.ace=01;31:*.zoo=01;31:*.cpio=01;31:*.7z=01;31:*.rz=01;31:*.cab=01;31:*.wim=01;31:*.swm=01;31:*.dwm=01;31:*.esd=01;31:*.jpg=01;35:*.jpeg=01;35:*.mjpg=01;35:*.mjpeg=01;35:*.gif=01;35:*.bmp=01;35:*.pbm=01;35:*.pgm=01;35:*.ppm=01;35:*.tga=01;35:*.xbm=01;35:*.xpm=01;35:*.tif=01;35:*.tiff=01;35:*.png=01;35:*.svg=01;35:*.svgz=01;35:*.mng=01;35:*.pcx=01;35:*.mov=01;35:*.mpg=01;35:*.mpeg=01;35:*.m2v=01;35:*.mkv=01;35:*.webm=01;35:*.webp=01;35:*.ogm=01;35:*.mp4=01;35:*.m4v=01;35:*.mp4v=01;35:*.vob=01;35:*.qt=01;35:*.nuv=01;35:*.wmv=01;35:*.asf=01;35:*.rm=01;35:*.rmvb=01;35:*.flc=01;35:*.avi=01;35:*.fli=01;35:*.flv=01;35:*.gl=01;35:*.dl=01;35:*.xcf=01;35:*.xwd=01;35:*.yuv=01;35:*.cgm=01;35:*.emf=01;35:*.ogv=01;35:*.ogx=01;35:*.aac=00;36:*.au=00;36:*.flac=00;36:*.m4a=00;36:*.mid=00;36:*.midi=00;36:*.mka=00;36:*.mp3=00;36:*.mpc=00;36:*.ogg=00;36:*.ra=00;36:*.wav=00;36:*.oga=00;36:*.opus=00;36:*.spx=00;36:*.xspf=00;36:'), ('AMENT_PREFIX_PATH', '/opt/ros/humble'), ('SHELL', '/bin/bash'), ('LC_NAME', 'de_CH.UTF-8'), ('LESSCLOSE', '/usr/bin/lesspipe %s %s'), ('LC_MEASUREMENT', 'de_CH.UTF-8'), ('LC_IDENTIFICATION', 'de_CH.UTF-8'), ('PWD', '/home/arno/RoombaV2Onboard/build/sllidar_ros2'), ('LC_ALL', 'en_US.UTF-8'), ('SSH_CONNECTION', '192.168.45.158 50898 192.168.45.115 22'), ('XDG_DATA_DIRS', '/usr/local/share:/usr/share:/var/lib/snapd/desktop'), ('PYTHONPATH', '/opt/ros/humble/lib/python3.10/site-packages:/opt/ros/humble/local/lib/python3.10/dist-packages'), ('LC_NUMERIC', 'de_CH.UTF-8'), ('LC_PAPER', 'de_CH.UTF-8'), ('COLCON', '1'), ('CMAKE_PREFIX_PATH', '/opt/ros/humble')]), 'shell': False}
[5.188556] (-) TimerEvent: {}
[5.293784] (-) TimerEvent: {}
[5.395344] (-) TimerEvent: {}
[5.497174] (-) TimerEvent: {}
[5.554470] (microver_dusty) StdoutLine: {'line': b'-- The CXX compiler identification is GNU 11.4.0\n'}
[5.597466] (-) TimerEvent: {}
[5.649946] (microver_dusty) StdoutLine: {'line': b'-- Detecting C compiler ABI info\n'}
[5.698290] (-) TimerEvent: {}
[5.802066] (-) TimerEvent: {}
[5.858892] (sllidar_ros2) StdoutLine: {'line': b'-- The C compiler identification is GNU 11.4.0\n'}
[5.902323] (-) TimerEvent: {}
[6.004281] (-) TimerEvent: {}
[6.111189] (-) TimerEvent: {}
[6.213678] (-) TimerEvent: {}
[6.315483] (-) TimerEvent: {}
[6.417316] (-) TimerEvent: {}
[6.518999] (-) TimerEvent: {}
[6.560718] (sllidar_ros2) StdoutLine: {'line': b'-- The CXX compiler identification is GNU 11.4.0\n'}
[6.619300] (-) TimerEvent: {}
[6.650294] (sllidar_ros2) StdoutLine: {'line': b'-- Detecting C compiler ABI info\n'}
[6.660338] (microver_dusty) StdoutLine: {'line': b'-- Detecting C compiler ABI info - done\n'}
[6.719544] (-) TimerEvent: {}
[6.756982] (microver_dusty) StdoutLine: {'line': b'-- Check for working C compiler: /usr/bin/cc - skipped\n'}
[6.760990] (microver_dusty) StdoutLine: {'line': b'-- Detecting C compile features\n'}
[6.768937] (microver_dusty) StdoutLine: {'line': b'-- Detecting C compile features - done\n'}
[6.801880] (microver_dusty) StdoutLine: {'line': b'-- Detecting CXX compiler ABI info\n'}
[6.819867] (-) TimerEvent: {}
[6.922973] (-) TimerEvent: {}
[7.026680] (-) TimerEvent: {}
[7.129662] (-) TimerEvent: {}
[7.231582] (-) TimerEvent: {}
[7.333584] (-) TimerEvent: {}
[7.435715] (-) TimerEvent: {}
[7.537366] (-) TimerEvent: {}
[7.555346] (sllidar_ros2) StdoutLine: {'line': b'-- Detecting C compiler ABI info - done\n'}
[7.637729] (-) TimerEvent: {}
[7.646056] (sllidar_ros2) StdoutLine: {'line': b'-- Check for working C compiler: /usr/bin/cc - skipped\n'}
[7.648655] (sllidar_ros2) StdoutLine: {'line': b'-- Detecting C compile features\n'}
[7.652147] (sllidar_ros2) StdoutLine: {'line': b'-- Detecting C compile features - done\n'}
[7.698365] (sllidar_ros2) StdoutLine: {'line': b'-- Detecting CXX compiler ABI info\n'}
[7.725764] (microver_dusty) StdoutLine: {'line': b'-- Detecting CXX compiler ABI info - done\n'}
[7.738025] (-) TimerEvent: {}
[7.800675] (microver_dusty) StdoutLine: {'line': b'-- Check for working CXX compiler: /usr/bin/c++ - skipped\n'}
[7.802795] (microver_dusty) StdoutLine: {'line': b'-- Detecting CXX compile features\n'}
[7.808622] (microver_dusty) StdoutLine: {'line': b'-- Detecting CXX compile features - done\n'}
[7.838361] (-) TimerEvent: {}
[7.881850] (microver_dusty) StdoutLine: {'line': b'-- Found ament_cmake: 1.3.10 (/opt/ros/humble/share/ament_cmake/cmake)\n'}
[7.938785] (-) TimerEvent: {}
[8.041776] (-) TimerEvent: {}
[8.145210] (-) TimerEvent: {}
[8.248336] (-) TimerEvent: {}
[8.376450] (-) TimerEvent: {}
[8.480075] (-) TimerEvent: {}
[8.584875] (-) TimerEvent: {}
[8.688208] (-) TimerEvent: {}
[8.729770] (sllidar_ros2) StdoutLine: {'line': b'-- Detecting CXX compiler ABI info - done\n'}
[8.788535] (-) TimerEvent: {}
[8.813572] (sllidar_ros2) StdoutLine: {'line': b'-- Check for working CXX compiler: /usr/bin/c++ - skipped\n'}
[8.818956] (sllidar_ros2) StdoutLine: {'line': b'-- Detecting CXX compile features\n'}
[8.825880] (sllidar_ros2) StdoutLine: {'line': b'-- Detecting CXX compile features - done\n'}
[8.880489] (sllidar_ros2) StdoutLine: {'line': b'-- Found ament_cmake: 1.3.10 (/opt/ros/humble/share/ament_cmake/cmake)\n'}
[8.888863] (-) TimerEvent: {}
[8.991920] (-) TimerEvent: {}
[9.094885] (-) TimerEvent: {}
[9.197859] (-) TimerEvent: {}
[9.301199] (-) TimerEvent: {}
[9.404144] (-) TimerEvent: {}
[9.507516] (-) TimerEvent: {}
[9.610791] (-) TimerEvent: {}
[9.714115] (-) TimerEvent: {}
[9.817748] (-) TimerEvent: {}
[9.921538] (-) TimerEvent: {}
[9.985311] (microver_dusty) StdoutLine: {'line': b'-- Found Python3: /usr/bin/python3 (found version "3.10.12") found components: Interpreter \n'}
[10.021924] (-) TimerEvent: {}
[10.124220] (-) TimerEvent: {}
[10.228113] (-) TimerEvent: {}
[10.258913] (rover_stream) Command: {'cmd': ['/usr/bin/python3', '-W', 'ignore:setup.py install is deprecated', 'setup.py', 'develop', '--editable', '--build-directory', '/home/arno/RoombaV2Onboard/build/rover_stream/build', '--no-deps', 'symlink_data'], 'cwd': '/home/arno/RoombaV2Onboard/build/rover_stream', 'env': {'LESSOPEN': '| /usr/bin/lesspipe %s', 'USER': 'arno', 'SSH_CLIENT': '192.168.45.158 50898 22', 'LC_TIME': 'de_CH.UTF-8', 'XDG_SESSION_TYPE': 'tty', 'SHLVL': '1', 'LD_LIBRARY_PATH': '/opt/ros/humble/opt/rviz_ogre_vendor/lib:/opt/ros/humble/lib/aarch64-linux-gnu:/opt/ros/humble/lib', 'MOTD_SHOWN': 'pam', 'HOME': '/home/arno', 'OLDPWD': '/home/arno/RoombaV2Onboard/src', 'SSH_TTY': '/dev/pts/1', 'ROS_PYTHON_VERSION': '3', 'LC_MONETARY': 'de_CH.UTF-8', 'DBUS_SESSION_BUS_ADDRESS': 'unix:path=/run/user/1000/bus', 'ROS_DISTRO': 'humble', 'LOGNAME': 'arno', '_': '/usr/bin/colcon', 'ROS_VERSION': '2', 'XDG_SESSION_CLASS': 'user', 'TERM': 'xterm-256color', 'XDG_SESSION_ID': '3', 'ROS_LOCALHOST_ONLY': '0', 'PATH': '/home/arno/.local/bin:/opt/ros/humble/bin:/usr/local/sbin:/usr/local/bin:/usr/sbin:/usr/bin:/sbin:/bin:/usr/games:/usr/local/games:/snap/bin', 'LC_ADDRESS': 'de_CH.UTF-8', 'XDG_RUNTIME_DIR': '/run/user/1000', 'LANG': 'en_US.UTF-8', 'LC_TELEPHONE': 'de_CH.UTF-8', 'LS_COLORS': 'rs=0:di=01;34:ln=01;36:mh=00:pi=40;33:so=01;35:do=01;35:bd=40;33;01:cd=40;33;01:or=40;31;01:mi=00:su=37;41:sg=30;43:ca=30;41:tw=30;42:ow=34;42:st=37;44:ex=01;32:*.tar=01;31:*.tgz=01;31:*.arc=01;31:*.arj=01;31:*.taz=01;31:*.lha=01;31:*.lz4=01;31:*.lzh=01;31:*.lzma=01;31:*.tlz=01;31:*.txz=01;31:*.tzo=01;31:*.t7z=01;31:*.zip=01;31:*.z=01;31:*.dz=01;31:*.gz=01;31:*.lrz=01;31:*.lz=01;31:*.lzo=01;31:*.xz=01;31:*.zst=01;31:*.tzst=01;31:*.bz2=01;31:*.bz=01;31:*.tbz=01;31:*.tbz2=01;31:*.tz=01;31:*.deb=01;31:*.rpm=01;31:*.jar=01;31:*.war=01;31:*.ear=01;31:*.sar=01;31:*.rar=01;31:*.alz=01;31:*.ace=01;31:*.zoo=01;31:*.cpio=01;31:*.7z=01;31:*.rz=01;31:*.cab=01;31:*.wim=01;31:*.swm=01;31:*.dwm=01;31:*.esd=01;31:*.jpg=01;35:*.jpeg=01;35:*.mjpg=01;35:*.mjpeg=01;35:*.gif=01;35:*.bmp=01;35:*.pbm=01;35:*.pgm=01;35:*.ppm=01;35:*.tga=01;35:*.xbm=01;35:*.xpm=01;35:*.tif=01;35:*.tiff=01;35:*.png=01;35:*.svg=01;35:*.svgz=01;35:*.mng=01;35:*.pcx=01;35:*.mov=01;35:*.mpg=01;35:*.mpeg=01;35:*.m2v=01;35:*.mkv=01;35:*.webm=01;35:*.webp=01;35:*.ogm=01;35:*.mp4=01;35:*.m4v=01;35:*.mp4v=01;35:*.vob=01;35:*.qt=01;35:*.nuv=01;35:*.wmv=01;35:*.asf=01;35:*.rm=01;35:*.rmvb=01;35:*.flc=01;35:*.avi=01;35:*.fli=01;35:*.flv=01;35:*.gl=01;35:*.dl=01;35:*.xcf=01;35:*.xwd=01;35:*.yuv=01;35:*.cgm=01;35:*.emf=01;35:*.ogv=01;35:*.ogx=01;35:*.aac=00;36:*.au=00;36:*.flac=00;36:*.m4a=00;36:*.mid=00;36:*.midi=00;36:*.mka=00;36:*.mp3=00;36:*.mpc=00;36:*.ogg=00;36:*.ra=00;36:*.wav=00;36:*.oga=00;36:*.opus=00;36:*.spx=00;36:*.xspf=00;36:', 'AMENT_PREFIX_PATH': '/opt/ros/humble', 'SHELL': '/bin/bash', 'LC_NAME': 'de_CH.UTF-8', 'LESSCLOSE': '/usr/bin/lesspipe %s %s', 'LC_MEASUREMENT': 'de_CH.UTF-8', 'LC_IDENTIFICATION': 'de_CH.UTF-8', 'PWD': '/home/arno/RoombaV2Onboard/build/rover_stream', 'LC_ALL': 'en_US.UTF-8', 'SSH_CONNECTION': '192.168.45.158 50898 192.168.45.115 22', 'XDG_DATA_DIRS': '/usr/local/share:/usr/share:/var/lib/snapd/desktop', 'PYTHONPATH': '/home/arno/RoombaV2Onboard/build/rover_stream/prefix_override:/usr/lib/python3/dist-packages/colcon_core/task/python/colcon_distutils_commands:/home/arno/RoombaV2Onboard/install/rover_stream/lib/python3.10/site-packages:/opt/ros/humble/lib/python3.10/site-packages:/opt/ros/humble/local/lib/python3.10/dist-packages', 'LC_NUMERIC': 'de_CH.UTF-8', 'LC_PAPER': 'de_CH.UTF-8', 'COLCON': '1'}, 'shell': False}
[10.328779] (-) TimerEvent: {}
[10.431992] (-) TimerEvent: {}
[10.535335] (-) TimerEvent: {}
[10.607181] (RoverReceive) Command: {'cmd': ['/usr/bin/python3', '-W', 'ignore:setup.py install is deprecated', 'setup.py', 'develop', '--editable', '--build-directory', '/home/arno/RoombaV2Onboard/build/RoverReceive/build', '--no-deps', 'symlink_data'], 'cwd': '/home/arno/RoombaV2Onboard/build/RoverReceive', 'env': {'LESSOPEN': '| /usr/bin/lesspipe %s', 'USER': 'arno', 'SSH_CLIENT': '192.168.45.158 50898 22', 'LC_TIME': 'de_CH.UTF-8', 'XDG_SESSION_TYPE': 'tty', 'SHLVL': '1', 'LD_LIBRARY_PATH': '/opt/ros/humble/opt/rviz_ogre_vendor/lib:/opt/ros/humble/lib/aarch64-linux-gnu:/opt/ros/humble/lib', 'MOTD_SHOWN': 'pam', 'HOME': '/home/arno', 'OLDPWD': '/home/arno/RoombaV2Onboard/src', 'SSH_TTY': '/dev/pts/1', 'ROS_PYTHON_VERSION': '3', 'LC_MONETARY': 'de_CH.UTF-8', 'DBUS_SESSION_BUS_ADDRESS': 'unix:path=/run/user/1000/bus', 'ROS_DISTRO': 'humble', 'LOGNAME': 'arno', '_': '/usr/bin/colcon', 'ROS_VERSION': '2', 'XDG_SESSION_CLASS': 'user', 'TERM': 'xterm-256color', 'XDG_SESSION_ID': '3', 'ROS_LOCALHOST_ONLY': '0', 'PATH': '/home/arno/.local/bin:/opt/ros/humble/bin:/usr/local/sbin:/usr/local/bin:/usr/sbin:/usr/bin:/sbin:/bin:/usr/games:/usr/local/games:/snap/bin', 'LC_ADDRESS': 'de_CH.UTF-8', 'XDG_RUNTIME_DIR': '/run/user/1000', 'LANG': 'en_US.UTF-8', 'LC_TELEPHONE': 'de_CH.UTF-8', 'LS_COLORS': 'rs=0:di=01;34:ln=01;36:mh=00:pi=40;33:so=01;35:do=01;35:bd=40;33;01:cd=40;33;01:or=40;31;01:mi=00:su=37;41:sg=30;43:ca=30;41:tw=30;42:ow=34;42:st=37;44:ex=01;32:*.tar=01;31:*.tgz=01;31:*.arc=01;31:*.arj=01;31:*.taz=01;31:*.lha=01;31:*.lz4=01;31:*.lzh=01;31:*.lzma=01;31:*.tlz=01;31:*.txz=01;31:*.tzo=01;31:*.t7z=01;31:*.zip=01;31:*.z=01;31:*.dz=01;31:*.gz=01;31:*.lrz=01;31:*.lz=01;31:*.lzo=01;31:*.xz=01;31:*.zst=01;31:*.tzst=01;31:*.bz2=01;31:*.bz=01;31:*.tbz=01;31:*.tbz2=01;31:*.tz=01;31:*.deb=01;31:*.rpm=01;31:*.jar=01;31:*.war=01;31:*.ear=01;31:*.sar=01;31:*.rar=01;31:*.alz=01;31:*.ace=01;31:*.zoo=01;31:*.cpio=01;31:*.7z=01;31:*.rz=01;31:*.cab=01;31:*.wim=01;31:*.swm=01;31:*.dwm=01;31:*.esd=01;31:*.jpg=01;35:*.jpeg=01;35:*.mjpg=01;35:*.mjpeg=01;35:*.gif=01;35:*.bmp=01;35:*.pbm=01;35:*.pgm=01;35:*.ppm=01;35:*.tga=01;35:*.xbm=01;35:*.xpm=01;35:*.tif=01;35:*.tiff=01;35:*.png=01;35:*.svg=01;35:*.svgz=01;35:*.mng=01;35:*.pcx=01;35:*.mov=01;35:*.mpg=01;35:*.mpeg=01;35:*.m2v=01;35:*.mkv=01;35:*.webm=01;35:*.webp=01;35:*.ogm=01;35:*.mp4=01;35:*.m4v=01;35:*.mp4v=01;35:*.vob=01;35:*.qt=01;35:*.nuv=01;35:*.wmv=01;35:*.asf=01;35:*.rm=01;35:*.rmvb=01;35:*.flc=01;35:*.avi=01;35:*.fli=01;35:*.flv=01;35:*.gl=01;35:*.dl=01;35:*.xcf=01;35:*.xwd=01;35:*.yuv=01;35:*.cgm=01;35:*.emf=01;35:*.ogv=01;35:*.ogx=01;35:*.aac=00;36:*.au=00;36:*.flac=00;36:*.m4a=00;36:*.mid=00;36:*.midi=00;36:*.mka=00;36:*.mp3=00;36:*.mpc=00;36:*.ogg=00;36:*.ra=00;36:*.wav=00;36:*.oga=00;36:*.opus=00;36:*.spx=00;36:*.xspf=00;36:', 'AMENT_PREFIX_PATH': '/opt/ros/humble', 'SHELL': '/bin/bash', 'LC_NAME': 'de_CH.UTF-8', 'LESSCLOSE': '/usr/bin/lesspipe %s %s', 'LC_MEASUREMENT': 'de_CH.UTF-8', 'LC_IDENTIFICATION': 'de_CH.UTF-8', 'PWD': '/home/arno/RoombaV2Onboard/build/RoverReceive', 'LC_ALL': 'en_US.UTF-8', 'SSH_CONNECTION': '192.168.45.158 50898 192.168.45.115 22', 'XDG_DATA_DIRS': '/usr/local/share:/usr/share:/var/lib/snapd/desktop', 'PYTHONPATH': '/home/arno/RoombaV2Onboard/build/RoverReceive/prefix_override:/usr/lib/python3/dist-packages/colcon_core/task/python/colcon_distutils_commands:/home/arno/RoombaV2Onboard/install/RoverReceive/lib/python3.10/site-packages:/opt/ros/humble/lib/python3.10/site-packages:/opt/ros/humble/local/lib/python3.10/dist-packages', 'LC_NUMERIC': 'de_CH.UTF-8', 'LC_PAPER': 'de_CH.UTF-8', 'COLCON': '1'}, 'shell': False}
[10.635779] (-) TimerEvent: {}
[10.739403] (-) TimerEvent: {}
[10.843110] (-) TimerEvent: {}
[10.865776] (microver_dusty) StdoutLine: {'line': b'-- Override CMake install command with custom implementation using symlinks instead of copying resources\n'}
[10.943553] (-) TimerEvent: {}
[11.005156] (sllidar_ros2) StdoutLine: {'line': b'-- Found Python3: /usr/bin/python3 (found version "3.10.12") found components: Interpreter \n'}
[11.043888] (-) TimerEvent: {}
[11.145831] (-) TimerEvent: {}
[11.247984] (-) TimerEvent: {}
[11.350904] (-) TimerEvent: {}
[11.453701] (-) TimerEvent: {}
[11.471677] (microver_dusty) StdoutLine: {'line': b'-- Found rclpy: 3.3.14 (/opt/ros/humble/share/rclpy/cmake)\n'}
[11.508440] (microver_dusty) StdoutLine: {'line': b'-- Found nav_msgs: 4.2.4 (/opt/ros/humble/share/nav_msgs/cmake)\n'}
[11.554171] (-) TimerEvent: {}
[11.657134] (-) TimerEvent: {}
[11.751314] (sllidar_ros2) StdoutLine: {'line': b'-- Override CMake install command with custom implementation using symlinks instead of copying resources\n'}
[11.757416] (-) TimerEvent: {}
[11.860163] (-) TimerEvent: {}
[11.963038] (-) TimerEvent: {}
[12.065402] (-) TimerEvent: {}
[12.116754] (microver_dusty) StdoutLine: {'line': b'-- Found rosidl_generator_c: 3.1.5 (/opt/ros/humble/share/rosidl_generator_c/cmake)\n'}
[12.165728] (-) TimerEvent: {}
[12.206304] (microver_dusty) StdoutLine: {'line': b'-- Found rosidl_adapter: 3.1.5 (/opt/ros/humble/share/rosidl_adapter/cmake)\n'}
[12.266103] (-) TimerEvent: {}
[12.333276] (microver_dusty) StdoutLine: {'line': b'-- Found rosidl_generator_cpp: 3.1.5 (/opt/ros/humble/share/rosidl_generator_cpp/cmake)\n'}
[12.345539] (sllidar_ros2) StdoutLine: {'line': b'-- Found rclcpp: 16.0.10 (/opt/ros/humble/share/rclcpp/cmake)\n'}
[12.366594] (-) TimerEvent: {}
[12.469518] (-) TimerEvent: {}
[12.505707] (microver_dusty) StdoutLine: {'line': b'-- Using all available rosidl_typesupport_c: rosidl_typesupport_fastrtps_c;rosidl_typesupport_introspection_c\n'}
[12.569829] (-) TimerEvent: {}
[12.672301] (-) TimerEvent: {}
[12.737389] (microver_dusty) StdoutLine: {'line': b'-- Using all available rosidl_typesupport_cpp: rosidl_typesupport_fastrtps_cpp;rosidl_typesupport_introspection_cpp\n'}
[12.772596] (-) TimerEvent: {}
[12.874233] (-) TimerEvent: {}
[12.975903] (-) TimerEvent: {}
[13.056539] (sllidar_ros2) StdoutLine: {'line': b'-- Found rosidl_generator_c: 3.1.5 (/opt/ros/humble/share/rosidl_generator_c/cmake)\n'}
[13.076263] (-) TimerEvent: {}
[13.147264] (sllidar_ros2) StdoutLine: {'line': b'-- Found rosidl_adapter: 3.1.5 (/opt/ros/humble/share/rosidl_adapter/cmake)\n'}
[13.176584] (-) TimerEvent: {}
[13.278425] (sllidar_ros2) StdoutLine: {'line': b'-- Found rosidl_generator_cpp: 3.1.5 (/opt/ros/humble/share/rosidl_generator_cpp/cmake)\n'}
[13.280066] (-) TimerEvent: {}
[13.383002] (-) TimerEvent: {}
[13.453036] (sllidar_ros2) StdoutLine: {'line': b'-- Using all available rosidl_typesupport_c: rosidl_typesupport_fastrtps_c;rosidl_typesupport_introspection_c\n'}
[13.483279] (-) TimerEvent: {}
[13.544971] (microver_dusty) StdoutLine: {'line': b'-- Found ament_lint_auto: 0.12.11 (/opt/ros/humble/share/ament_lint_auto/cmake)\n'}
[13.583622] (-) TimerEvent: {}
[13.597293] (rover_stream) StdoutLine: {'line': b'running develop\n'}
[13.601851] (rover_stream) StderrLine: {'line': b'/usr/lib/python3/dist-packages/setuptools/command/easy_install.py:158: EasyInstallDeprecationWarning: easy_install command is deprecated. Use build and pip and other standards-based tools.\n'}
[13.603648] (rover_stream) StderrLine: {'line': b'  warnings.warn(\n'}
[13.683930] (-) TimerEvent: {}
[13.702038] (sllidar_ros2) StdoutLine: {'line': b'-- Using all available rosidl_typesupport_cpp: rosidl_typesupport_fastrtps_cpp;rosidl_typesupport_introspection_cpp\n'}
[13.784300] (-) TimerEvent: {}
[13.886166] (-) TimerEvent: {}
[13.988110] (-) TimerEvent: {}
[14.047789] (RoverReceive) StdoutLine: {'line': b'running develop\n'}
[14.051470] (RoverReceive) StderrLine: {'line': b'/usr/lib/python3/dist-packages/setuptools/command/easy_install.py:158: EasyInstallDeprecationWarning: easy_install command is deprecated. Use build and pip and other standards-based tools.\n'}
[14.052909] (RoverReceive) StderrLine: {'line': b'  warnings.warn(\n'}
[14.088470] (-) TimerEvent: {}
[14.190078] (-) TimerEvent: {}
[14.291604] (-) TimerEvent: {}
[14.393201] (-) TimerEvent: {}
[14.412301] (sllidar_ros2) StdoutLine: {'line': b'-- Found rmw_implementation_cmake: 6.1.2 (/opt/ros/humble/share/rmw_implementation_cmake/cmake)\n'}
[14.458157] (sllidar_ros2) StdoutLine: {'line': b'-- Found rmw_fastrtps_cpp: 6.2.7 (/opt/ros/humble/share/rmw_fastrtps_cpp/cmake)\n'}
[14.493551] (-) TimerEvent: {}
[14.596061] (-) TimerEvent: {}
[14.699025] (-) TimerEvent: {}
[14.749158] (microver_dusty) StdoutLine: {'line': b"-- Added test 'copyright' to check source files copyright and LICENSE\n"}
[14.799304] (-) TimerEvent: {}
[14.826315] (microver_dusty) StdoutLine: {'line': b"-- Added test 'flake8' to check Python code syntax and style conventions\n"}
[14.840354] (microver_dusty) StdoutLine: {'line': b"-- Added test 'lint_cmake' to check CMake code style\n"}
[14.848622] (microver_dusty) StdoutLine: {'line': b"-- Added test 'pep257' to check Python code against some of the docstring style conventions in PEP 257\n"}
[14.890992] (microver_dusty) StdoutLine: {'line': b"-- Added test 'xmllint' to check XML markup files\n"}
[14.903669] (-) TimerEvent: {}
[14.913378] (microver_dusty) StdoutLine: {'line': b'-- Configuring done\n'}
[14.982597] (microver_dusty) StdoutLine: {'line': b'-- Generating done\n'}
[14.998180] (microver_dusty) StdoutLine: {'line': b'-- Build files have been written to: /home/arno/RoombaV2Onboard/build/microver_dusty\n'}
[15.004013] (-) TimerEvent: {}
[15.078141] (microver_dusty) CommandEnded: {'returncode': 0}
[15.081583] (microver_dusty) JobProgress: {'identifier': 'microver_dusty', 'progress': 'build'}
[15.082122] (microver_dusty) Command: {'cmd': ['/usr/bin/cmake', '--build', '/home/arno/RoombaV2Onboard/build/microver_dusty', '--', '-j4', '-l4'], 'cwd': '/home/arno/RoombaV2Onboard/build/microver_dusty', 'env': OrderedDict([('LESSOPEN', '| /usr/bin/lesspipe %s'), ('USER', 'arno'), ('SSH_CLIENT', '192.168.45.158 50898 22'), ('LC_TIME', 'de_CH.UTF-8'), ('XDG_SESSION_TYPE', 'tty'), ('SHLVL', '1'), ('LD_LIBRARY_PATH', '/opt/ros/humble/opt/rviz_ogre_vendor/lib:/opt/ros/humble/lib/aarch64-linux-gnu:/opt/ros/humble/lib'), ('MOTD_SHOWN', 'pam'), ('HOME', '/home/arno'), ('OLDPWD', '/home/arno/RoombaV2Onboard/src'), ('SSH_TTY', '/dev/pts/1'), ('ROS_PYTHON_VERSION', '3'), ('LC_MONETARY', 'de_CH.UTF-8'), ('DBUS_SESSION_BUS_ADDRESS', 'unix:path=/run/user/1000/bus'), ('ROS_DISTRO', 'humble'), ('LOGNAME', 'arno'), ('_', '/usr/bin/colcon'), ('ROS_VERSION', '2'), ('XDG_SESSION_CLASS', 'user'), ('TERM', 'xterm-256color'), ('XDG_SESSION_ID', '3'), ('ROS_LOCALHOST_ONLY', '0'), ('PATH', '/home/arno/.local/bin:/opt/ros/humble/bin:/usr/local/sbin:/usr/local/bin:/usr/sbin:/usr/bin:/sbin:/bin:/usr/games:/usr/local/games:/snap/bin'), ('LC_ADDRESS', 'de_CH.UTF-8'), ('XDG_RUNTIME_DIR', '/run/user/1000'), ('LANG', 'en_US.UTF-8'), ('LC_TELEPHONE', 'de_CH.UTF-8'), ('LS_COLORS', 'rs=0:di=01;34:ln=01;36:mh=00:pi=40;33:so=01;35:do=01;35:bd=40;33;01:cd=40;33;01:or=40;31;01:mi=00:su=37;41:sg=30;43:ca=30;41:tw=30;42:ow=34;42:st=37;44:ex=01;32:*.tar=01;31:*.tgz=01;31:*.arc=01;31:*.arj=01;31:*.taz=01;31:*.lha=01;31:*.lz4=01;31:*.lzh=01;31:*.lzma=01;31:*.tlz=01;31:*.txz=01;31:*.tzo=01;31:*.t7z=01;31:*.zip=01;31:*.z=01;31:*.dz=01;31:*.gz=01;31:*.lrz=01;31:*.lz=01;31:*.lzo=01;31:*.xz=01;31:*.zst=01;31:*.tzst=01;31:*.bz2=01;31:*.bz=01;31:*.tbz=01;31:*.tbz2=01;31:*.tz=01;31:*.deb=01;31:*.rpm=01;31:*.jar=01;31:*.war=01;31:*.ear=01;31:*.sar=01;31:*.rar=01;31:*.alz=01;31:*.ace=01;31:*.zoo=01;31:*.cpio=01;31:*.7z=01;31:*.rz=01;31:*.cab=01;31:*.wim=01;31:*.swm=01;31:*.dwm=01;31:*.esd=01;31:*.jpg=01;35:*.jpeg=01;35:*.mjpg=01;35:*.mjpeg=01;35:*.gif=01;35:*.bmp=01;35:*.pbm=01;35:*.pgm=01;35:*.ppm=01;35:*.tga=01;35:*.xbm=01;35:*.xpm=01;35:*.tif=01;35:*.tiff=01;35:*.png=01;35:*.svg=01;35:*.svgz=01;35:*.mng=01;35:*.pcx=01;35:*.mov=01;35:*.mpg=01;35:*.mpeg=01;35:*.m2v=01;35:*.mkv=01;35:*.webm=01;35:*.webp=01;35:*.ogm=01;35:*.mp4=01;35:*.m4v=01;35:*.mp4v=01;35:*.vob=01;35:*.qt=01;35:*.nuv=01;35:*.wmv=01;35:*.asf=01;35:*.rm=01;35:*.rmvb=01;35:*.flc=01;35:*.avi=01;35:*.fli=01;35:*.flv=01;35:*.gl=01;35:*.dl=01;35:*.xcf=01;35:*.xwd=01;35:*.yuv=01;35:*.cgm=01;35:*.emf=01;35:*.ogv=01;35:*.ogx=01;35:*.aac=00;36:*.au=00;36:*.flac=00;36:*.m4a=00;36:*.mid=00;36:*.midi=00;36:*.mka=00;36:*.mp3=00;36:*.mpc=00;36:*.ogg=00;36:*.ra=00;36:*.wav=00;36:*.oga=00;36:*.opus=00;36:*.spx=00;36:*.xspf=00;36:'), ('AMENT_PREFIX_PATH', '/opt/ros/humble'), ('SHELL', '/bin/bash'), ('LC_NAME', 'de_CH.UTF-8'), ('LESSCLOSE', '/usr/bin/lesspipe %s %s'), ('LC_MEASUREMENT', 'de_CH.UTF-8'), ('LC_IDENTIFICATION', 'de_CH.UTF-8'), ('PWD', '/home/arno/RoombaV2Onboard/build/microver_dusty'), ('LC_ALL', 'en_US.UTF-8'), ('SSH_CONNECTION', '192.168.45.158 50898 192.168.45.115 22'), ('XDG_DATA_DIRS', '/usr/local/share:/usr/share:/var/lib/snapd/desktop'), ('PYTHONPATH', '/opt/ros/humble/lib/python3.10/site-packages:/opt/ros/humble/local/lib/python3.10/dist-packages'), ('LC_NUMERIC', 'de_CH.UTF-8'), ('LC_PAPER', 'de_CH.UTF-8'), ('COLCON', '1'), ('CMAKE_PREFIX_PATH', '/opt/ros/humble')]), 'shell': False}
[15.104320] (-) TimerEvent: {}
[15.205855] (-) TimerEvent: {}
[15.308688] (-) TimerEvent: {}
[15.412009] (-) TimerEvent: {}
[15.472373] (microver_dusty) CommandEnded: {'returncode': 0}
[15.512310] (-) TimerEvent: {}
[15.615810] (-) TimerEvent: {}
[15.711777] (microver_dusty) JobProgress: {'identifier': 'microver_dusty', 'progress': 'install'}
[15.717550] (-) TimerEvent: {}
[15.746741] (sllidar_ros2) StdoutLine: {'line': b'-- Found OpenSSL: /usr/lib/aarch64-linux-gnu/libcrypto.so (found version "3.0.2")  \n'}
[15.796688] (microver_dusty) Command: {'cmd': ['/usr/bin/cmake', '--install', '/home/arno/RoombaV2Onboard/build/microver_dusty'], 'cwd': '/home/arno/RoombaV2Onboard/build/microver_dusty', 'env': OrderedDict([('LESSOPEN', '| /usr/bin/lesspipe %s'), ('USER', 'arno'), ('SSH_CLIENT', '192.168.45.158 50898 22'), ('LC_TIME', 'de_CH.UTF-8'), ('XDG_SESSION_TYPE', 'tty'), ('SHLVL', '1'), ('LD_LIBRARY_PATH', '/opt/ros/humble/opt/rviz_ogre_vendor/lib:/opt/ros/humble/lib/aarch64-linux-gnu:/opt/ros/humble/lib'), ('MOTD_SHOWN', 'pam'), ('HOME', '/home/arno'), ('OLDPWD', '/home/arno/RoombaV2Onboard/src'), ('SSH_TTY', '/dev/pts/1'), ('ROS_PYTHON_VERSION', '3'), ('LC_MONETARY', 'de_CH.UTF-8'), ('DBUS_SESSION_BUS_ADDRESS', 'unix:path=/run/user/1000/bus'), ('ROS_DISTRO', 'humble'), ('LOGNAME', 'arno'), ('_', '/usr/bin/colcon'), ('ROS_VERSION', '2'), ('XDG_SESSION_CLASS', 'user'), ('TERM', 'xterm-256color'), ('XDG_SESSION_ID', '3'), ('ROS_LOCALHOST_ONLY', '0'), ('PATH', '/home/arno/.local/bin:/opt/ros/humble/bin:/usr/local/sbin:/usr/local/bin:/usr/sbin:/usr/bin:/sbin:/bin:/usr/games:/usr/local/games:/snap/bin'), ('LC_ADDRESS', 'de_CH.UTF-8'), ('XDG_RUNTIME_DIR', '/run/user/1000'), ('LANG', 'en_US.UTF-8'), ('LC_TELEPHONE', 'de_CH.UTF-8'), ('LS_COLORS', 'rs=0:di=01;34:ln=01;36:mh=00:pi=40;33:so=01;35:do=01;35:bd=40;33;01:cd=40;33;01:or=40;31;01:mi=00:su=37;41:sg=30;43:ca=30;41:tw=30;42:ow=34;42:st=37;44:ex=01;32:*.tar=01;31:*.tgz=01;31:*.arc=01;31:*.arj=01;31:*.taz=01;31:*.lha=01;31:*.lz4=01;31:*.lzh=01;31:*.lzma=01;31:*.tlz=01;31:*.txz=01;31:*.tzo=01;31:*.t7z=01;31:*.zip=01;31:*.z=01;31:*.dz=01;31:*.gz=01;31:*.lrz=01;31:*.lz=01;31:*.lzo=01;31:*.xz=01;31:*.zst=01;31:*.tzst=01;31:*.bz2=01;31:*.bz=01;31:*.tbz=01;31:*.tbz2=01;31:*.tz=01;31:*.deb=01;31:*.rpm=01;31:*.jar=01;31:*.war=01;31:*.ear=01;31:*.sar=01;31:*.rar=01;31:*.alz=01;31:*.ace=01;31:*.zoo=01;31:*.cpio=01;31:*.7z=01;31:*.rz=01;31:*.cab=01;31:*.wim=01;31:*.swm=01;31:*.dwm=01;31:*.esd=01;31:*.jpg=01;35:*.jpeg=01;35:*.mjpg=01;35:*.mjpeg=01;35:*.gif=01;35:*.bmp=01;35:*.pbm=01;35:*.pgm=01;35:*.ppm=01;35:*.tga=01;35:*.xbm=01;35:*.xpm=01;35:*.tif=01;35:*.tiff=01;35:*.png=01;35:*.svg=01;35:*.svgz=01;35:*.mng=01;35:*.pcx=01;35:*.mov=01;35:*.mpg=01;35:*.mpeg=01;35:*.m2v=01;35:*.mkv=01;35:*.webm=01;35:*.webp=01;35:*.ogm=01;35:*.mp4=01;35:*.m4v=01;35:*.mp4v=01;35:*.vob=01;35:*.qt=01;35:*.nuv=01;35:*.wmv=01;35:*.asf=01;35:*.rm=01;35:*.rmvb=01;35:*.flc=01;35:*.avi=01;35:*.fli=01;35:*.flv=01;35:*.gl=01;35:*.dl=01;35:*.xcf=01;35:*.xwd=01;35:*.yuv=01;35:*.cgm=01;35:*.emf=01;35:*.ogv=01;35:*.ogx=01;35:*.aac=00;36:*.au=00;36:*.flac=00;36:*.m4a=00;36:*.mid=00;36:*.midi=00;36:*.mka=00;36:*.mp3=00;36:*.mpc=00;36:*.ogg=00;36:*.ra=00;36:*.wav=00;36:*.oga=00;36:*.opus=00;36:*.spx=00;36:*.xspf=00;36:'), ('AMENT_PREFIX_PATH', '/opt/ros/humble'), ('SHELL', '/bin/bash'), ('LC_NAME', 'de_CH.UTF-8'), ('LESSCLOSE', '/usr/bin/lesspipe %s %s'), ('LC_MEASUREMENT', 'de_CH.UTF-8'), ('LC_IDENTIFICATION', 'de_CH.UTF-8'), ('PWD', '/home/arno/RoombaV2Onboard/build/microver_dusty'), ('LC_ALL', 'en_US.UTF-8'), ('SSH_CONNECTION', '192.168.45.158 50898 192.168.45.115 22'), ('XDG_DATA_DIRS', '/usr/local/share:/usr/share:/var/lib/snapd/desktop'), ('PYTHONPATH', '/opt/ros/humble/lib/python3.10/site-packages:/opt/ros/humble/local/lib/python3.10/dist-packages'), ('LC_NUMERIC', 'de_CH.UTF-8'), ('LC_PAPER', 'de_CH.UTF-8'), ('COLCON', '1'), ('CMAKE_PREFIX_PATH', '/opt/ros/humble')]), 'shell': False}
[15.817886] (-) TimerEvent: {}
[15.877807] (microver_dusty) StdoutLine: {'line': b'-- Install configuration: ""\n'}
[15.883829] (microver_dusty) StdoutLine: {'line': b'-- Execute custom install script\n'}
[15.889163] (microver_dusty) StdoutLine: {'line': b'-- Symlinking: /home/arno/RoombaV2Onboard/install/microver_dusty/lib/microver_dusty/nav2_motor_controller.py\n'}
[15.915309] (rover_stream) StdoutLine: {'line': b'running egg_info\n'}
[15.917800] (rover_stream) StdoutLine: {'line': b'creating rover_stream.egg-info\n'}
[15.919270] (-) TimerEvent: {}
[15.922945] (rover_stream) StdoutLine: {'line': b'writing rover_stream.egg-info/PKG-INFO\n'}
[15.927812] (rover_stream) StdoutLine: {'line': b'writing dependency_links to rover_stream.egg-info/dependency_links.txt\n'}
[15.932291] (rover_stream) StdoutLine: {'line': b'writing entry points to rover_stream.egg-info/entry_points.txt\n'}
[15.935816] (rover_stream) StdoutLine: {'line': b'writing requirements to rover_stream.egg-info/requires.txt\n'}
[15.938866] (rover_stream) StdoutLine: {'line': b'writing top-level names to rover_stream.egg-info/top_level.txt\n'}
[15.942814] (rover_stream) StdoutLine: {'line': b"writing manifest file 'rover_stream.egg-info/SOURCES.txt'\n"}
[15.957838] (rover_stream) StdoutLine: {'line': b"reading manifest file 'rover_stream.egg-info/SOURCES.txt'\n"}
[15.963881] (microver_dusty) StdoutLine: {'line': b'-- Symlinking: /home/arno/RoombaV2Onboard/install/microver_dusty/lib/microver_dusty/encoder_reader.py\n'}
[15.968989] (rover_stream) StdoutLine: {'line': b"writing manifest file 'rover_stream.egg-info/SOURCES.txt'\n"}
[15.987994] (rover_stream) StdoutLine: {'line': b'running build_ext\n'}
[15.990383] (rover_stream) StdoutLine: {'line': b'Creating /home/arno/RoombaV2Onboard/install/rover_stream/lib/python3.10/site-packages/rover-stream.egg-link (link to .)\n'}
[16.001517] (rover_stream) StdoutLine: {'line': b'Installing webrtc_streamer script to /home/arno/RoombaV2Onboard/install/rover_stream/lib/rover_stream\n'}
[16.008406] (rover_stream) StdoutLine: {'line': b'\n'}
[16.010146] (rover_stream) StdoutLine: {'line': b'Installed /home/arno/RoombaV2Onboard/build/rover_stream\n'}
[16.012282] (rover_stream) StdoutLine: {'line': b'running symlink_data\n'}
[16.013609] (rover_stream) StdoutLine: {'line': b'creating /home/arno/RoombaV2Onboard/install/rover_stream/share/ament_index\n'}
[16.018312] (rover_stream) StdoutLine: {'line': b'creating /home/arno/RoombaV2Onboard/install/rover_stream/share/ament_index/resource_index\n'}
[16.020156] (-) TimerEvent: {}
[16.027922] (rover_stream) StdoutLine: {'line': b'creating /home/arno/RoombaV2Onboard/install/rover_stream/share/ament_index/resource_index/packages\n'}
[16.029434] (rover_stream) StdoutLine: {'line': b'symbolically linking /home/arno/RoombaV2Onboard/build/rover_stream/resource/rover_stream -> /home/arno/RoombaV2Onboard/install/rover_stream/share/ament_index/resource_index/packages\n'}
[16.031079] (rover_stream) StdoutLine: {'line': b'symbolically linking /home/arno/RoombaV2Onboard/build/rover_stream/package.xml -> /home/arno/RoombaV2Onboard/install/rover_stream/share/rover_stream\n'}
[16.043805] (microver_dusty) StdoutLine: {'line': b'-- Symlinking: /home/arno/RoombaV2Onboard/install/microver_dusty/share/microver_dusty/config/amcl_params.yaml\n'}
[16.120525] (-) TimerEvent: {}
[16.127745] (microver_dusty) StdoutLine: {'line': b'-- Symlinking: /home/arno/RoombaV2Onboard/install/microver_dusty/share/microver_dusty/config/costmap_params.yaml\n'}
[16.170078] (sllidar_ros2) StdoutLine: {'line': b'-- Found FastRTPS: /opt/ros/humble/include  \n'}
[16.209694] (microver_dusty) StdoutLine: {'line': b'-- Symlinking: /home/arno/RoombaV2Onboard/install/microver_dusty/share/microver_dusty/config/planner_params.yaml\n'}
[16.220909] (-) TimerEvent: {}
[16.289201] (microver_dusty) StdoutLine: {'line': b'-- Symlinking: /home/arno/RoombaV2Onboard/install/microver_dusty/share/microver_dusty/launch/microver.launch.py\n'}
[16.321424] (-) TimerEvent: {}
[16.366913] (microver_dusty) StdoutLine: {'line': b'-- Symlinking: /home/arno/RoombaV2Onboard/install/microver_dusty/share/microver_dusty/launch/nav2_bringup.launch.py\n'}
[16.421765] (-) TimerEvent: {}
[16.448957] (microver_dusty) StdoutLine: {'line': b'-- Symlinking: /home/arno/RoombaV2Onboard/install/microver_dusty/share/microver_dusty/models/constants.xacro\n'}
[16.455975] (rover_stream) CommandEnded: {'returncode': 0}
[16.521689] (RoverReceive) StdoutLine: {'line': b'running egg_info\n'}
[16.523219] (-) TimerEvent: {}
[16.524370] (RoverReceive) StdoutLine: {'line': b'creating RoverReceive.egg-info\n'}
[16.527463] (RoverReceive) StdoutLine: {'line': b'writing RoverReceive.egg-info/PKG-INFO\n'}
[16.534140] (microver_dusty) StdoutLine: {'line': b'-- Symlinking: /home/arno/RoombaV2Onboard/install/microver_dusty/share/microver_dusty/models/gazebo_control.xacro\n'}
[16.535604] (RoverReceive) StdoutLine: {'line': b'writing dependency_links to RoverReceive.egg-info/dependency_links.txt\n'}
[16.537693] (RoverReceive) StdoutLine: {'line': b'writing entry points to RoverReceive.egg-info/entry_points.txt\n'}
[16.544514] (RoverReceive) StdoutLine: {'line': b'writing requirements to RoverReceive.egg-info/requires.txt\n'}
[16.552339] (RoverReceive) StdoutLine: {'line': b'writing top-level names to RoverReceive.egg-info/top_level.txt\n'}
[16.553818] (RoverReceive) StdoutLine: {'line': b"writing manifest file 'RoverReceive.egg-info/SOURCES.txt'\n"}
[16.568047] (RoverReceive) StdoutLine: {'line': b"reading manifest file 'RoverReceive.egg-info/SOURCES.txt'\n"}
[16.573969] (RoverReceive) StdoutLine: {'line': b"writing manifest file 'RoverReceive.egg-info/SOURCES.txt'\n"}
[16.590918] (RoverReceive) StdoutLine: {'line': b'running build_ext\n'}
[16.593447] (RoverReceive) StdoutLine: {'line': b'Creating /home/arno/RoombaV2Onboard/install/RoverReceive/lib/python3.10/site-packages/RoverReceive.egg-link (link to .)\n'}
[16.601333] (RoverReceive) StdoutLine: {'line': b'Installing receive_node script to /home/arno/RoombaV2Onboard/install/RoverReceive/lib/RoverReceive\n'}
[16.611679] (RoverReceive) StdoutLine: {'line': b'\n'}
[16.629227] (-) TimerEvent: {}
[16.631566] (RoverReceive) StdoutLine: {'line': b'Installed /home/arno/RoombaV2Onboard/build/RoverReceive\n'}
[16.633281] (RoverReceive) StdoutLine: {'line': b'running symlink_data\n'}
[16.636501] (RoverReceive) StdoutLine: {'line': b'creating /home/arno/RoombaV2Onboard/install/RoverReceive/share/ament_index\n'}
[16.638417] (RoverReceive) StdoutLine: {'line': b'creating /home/arno/RoombaV2Onboard/install/RoverReceive/share/ament_index/resource_index\n'}
[16.644697] (RoverReceive) StdoutLine: {'line': b'creating /home/arno/RoombaV2Onboard/install/RoverReceive/share/ament_index/resource_index/packages\n'}
[16.646261] (RoverReceive) StdoutLine: {'line': b'symbolically linking /home/arno/RoombaV2Onboard/build/RoverReceive/resource/RoverReceive -> /home/arno/RoombaV2Onboard/install/RoverReceive/share/ament_index/resource_index/packages\n'}
[16.647762] (RoverReceive) StdoutLine: {'line': b'symbolically linking /home/arno/RoombaV2Onboard/build/RoverReceive/package.xml -> /home/arno/RoombaV2Onboard/install/RoverReceive/share/RoverReceive\n'}
[16.656676] (microver_dusty) StdoutLine: {'line': b'-- Symlinking: /home/arno/RoombaV2Onboard/install/microver_dusty/share/microver_dusty/models/inertial_macros.xacro\n'}
[16.687541] (rover_stream) JobEnded: {'identifier': 'rover_stream', 'rc': 0}
[16.718295] (microver_dusty) StdoutLine: {'line': b'-- Symlinking: /home/arno/RoombaV2Onboard/install/microver_dusty/share/microver_dusty/models/microver.sdf\n'}
[16.729584] (-) TimerEvent: {}
[16.783375] (microver_dusty) StdoutLine: {'line': b'-- Symlinking: /home/arno/RoombaV2Onboard/install/microver_dusty/share/microver_dusty/models/microver.urdf\n'}
[16.829914] (-) TimerEvent: {}
[16.868851] (microver_dusty) StdoutLine: {'line': b'-- Symlinking: /home/arno/RoombaV2Onboard/install/microver_dusty/share/microver_dusty/models/microver.urdf.xacro\n'}
[16.873223] (sllidar_ros2) StdoutLine: {'line': b"-- Using RMW implementation 'rmw_fastrtps_cpp' as default\n"}
[16.930420] (-) TimerEvent: {}
[16.937598] (microver_dusty) StdoutLine: {'line': b'-- Symlinking: /home/arno/RoombaV2Onboard/install/microver_dusty/share/microver_dusty/models/microver_description/model.config\n'}
[16.973968] (RoverReceive) CommandEnded: {'returncode': 0}
[17.001291] (microver_dusty) StdoutLine: {'line': b'-- Symlinking: /home/arno/RoombaV2Onboard/install/microver_dusty/share/microver_dusty/models/ros2_control.xacro\n'}
[17.032228] (-) TimerEvent: {}
[17.033933] (sllidar_ros2) StdoutLine: {'line': b'-- Looking for pthread.h\n'}
[17.060319] (RoverReceive) JobEnded: {'identifier': 'RoverReceive', 'rc': 0}
[17.075742] (microver_dusty) StdoutLine: {'line': b'-- Symlinking: /home/arno/RoombaV2Onboard/install/microver_dusty/share/microver_dusty/src/encoder_reader.py\n'}
[17.132545] (-) TimerEvent: {}
[17.135332] (microver_dusty) StdoutLine: {'line': b'-- Symlinking: /home/arno/RoombaV2Onboard/install/microver_dusty/share/microver_dusty/src/nav2_motor_controller.py\n'}
[17.193255] (microver_dusty) StdoutLine: {'line': b'-- Symlinking: /home/arno/RoombaV2Onboard/install/microver_dusty/share/microver_dusty/worlds/microver_world/default.world\n'}
[17.232943] (-) TimerEvent: {}
[17.253247] (microver_dusty) StdoutLine: {'line': b'-- Symlinking: /home/arno/RoombaV2Onboard/install/microver_dusty/share/ament_index/resource_index/package_run_dependencies/microver_dusty\n'}
[17.319553] (microver_dusty) StdoutLine: {'line': b'-- Symlinking: /home/arno/RoombaV2Onboard/install/microver_dusty/share/ament_index/resource_index/parent_prefix_path/microver_dusty\n'}
[17.333246] (-) TimerEvent: {}
[17.383131] (microver_dusty) StdoutLine: {'line': b'-- Symlinking: /home/arno/RoombaV2Onboard/install/microver_dusty/share/microver_dusty/environment/ament_prefix_path.sh\n'}
[17.433623] (-) TimerEvent: {}
[17.442377] (microver_dusty) StdoutLine: {'line': b'-- Symlinking: /home/arno/RoombaV2Onboard/install/microver_dusty/share/microver_dusty/environment/ament_prefix_path.dsv\n'}
[17.500654] (microver_dusty) StdoutLine: {'line': b'-- Symlinking: /home/arno/RoombaV2Onboard/install/microver_dusty/share/microver_dusty/environment/path.sh\n'}
[17.533929] (-) TimerEvent: {}
[17.558853] (microver_dusty) StdoutLine: {'line': b'-- Symlinking: /home/arno/RoombaV2Onboard/install/microver_dusty/share/microver_dusty/environment/path.dsv\n'}
[17.624140] (microver_dusty) StdoutLine: {'line': b'-- Symlinking: /home/arno/RoombaV2Onboard/install/microver_dusty/share/microver_dusty/local_setup.bash\n'}
[17.634439] (-) TimerEvent: {}
[17.688372] (microver_dusty) StdoutLine: {'line': b'-- Symlinking: /home/arno/RoombaV2Onboard/install/microver_dusty/share/microver_dusty/local_setup.sh\n'}
[17.734850] (-) TimerEvent: {}
[17.744360] (sllidar_ros2) StdoutLine: {'line': b'-- Looking for pthread.h - found\n'}
[17.748290] (sllidar_ros2) StdoutLine: {'line': b'-- Performing Test CMAKE_HAVE_LIBC_PTHREAD\n'}
[17.750192] (microver_dusty) StdoutLine: {'line': b'-- Symlinking: /home/arno/RoombaV2Onboard/install/microver_dusty/share/microver_dusty/local_setup.zsh\n'}
[17.810157] (microver_dusty) StdoutLine: {'line': b'-- Symlinking: /home/arno/RoombaV2Onboard/install/microver_dusty/share/microver_dusty/local_setup.dsv\n'}
[17.835104] (-) TimerEvent: {}
[17.867979] (microver_dusty) StdoutLine: {'line': b'-- Symlinking: /home/arno/RoombaV2Onboard/install/microver_dusty/share/microver_dusty/package.dsv\n'}
[17.926020] (microver_dusty) StdoutLine: {'line': b'-- Symlinking: /home/arno/RoombaV2Onboard/install/microver_dusty/share/ament_index/resource_index/packages/microver_dusty\n'}
[17.935383] (-) TimerEvent: {}
[17.989236] (microver_dusty) StdoutLine: {'line': b'-- Symlinking: /home/arno/RoombaV2Onboard/install/microver_dusty/share/microver_dusty/cmake/microver_dustyConfig.cmake\n'}
[18.035657] (-) TimerEvent: {}
[18.053139] (microver_dusty) StdoutLine: {'line': b'-- Symlinking: /home/arno/RoombaV2Onboard/install/microver_dusty/share/microver_dusty/cmake/microver_dustyConfig-version.cmake\n'}
[18.111958] (microver_dusty) StdoutLine: {'line': b'-- Symlinking: /home/arno/RoombaV2Onboard/install/microver_dusty/share/microver_dusty/package.xml\n'}
[18.136033] (-) TimerEvent: {}
[18.181637] (microver_dusty) CommandEnded: {'returncode': 0}
[18.236456] (-) TimerEvent: {}
[18.338392] (-) TimerEvent: {}
[18.416429] (sllidar_ros2) StdoutLine: {'line': b'-- Performing Test CMAKE_HAVE_LIBC_PTHREAD - Success\n'}
[18.429728] (sllidar_ros2) StdoutLine: {'line': b'-- Found Threads: TRUE  \n'}
[18.438679] (-) TimerEvent: {}
[18.494373] (microver_dusty) JobEnded: {'identifier': 'microver_dusty', 'rc': 0}
[18.538942] (-) TimerEvent: {}
[18.640008] (-) TimerEvent: {}
[18.741199] (-) TimerEvent: {}
[18.842389] (-) TimerEvent: {}
[18.943728] (-) TimerEvent: {}
[19.044843] (-) TimerEvent: {}
[19.105876] (sllidar_ros2) StdoutLine: {'line': b'-- Found sensor_msgs: 4.2.4 (/opt/ros/humble/share/sensor_msgs/cmake)\n'}
[19.145104] (-) TimerEvent: {}
[19.246243] (-) TimerEvent: {}
[19.347468] (-) TimerEvent: {}
[19.448642] (-) TimerEvent: {}
[19.461973] (sllidar_ros2) StdoutLine: {'line': b'-- Found std_srvs: 4.2.4 (/opt/ros/humble/share/std_srvs/cmake)\n'}
[19.549014] (-) TimerEvent: {}
[19.650249] (-) TimerEvent: {}
[19.751536] (-) TimerEvent: {}
[19.852647] (-) TimerEvent: {}
[19.953881] (-) TimerEvent: {}
[20.055136] (-) TimerEvent: {}
[20.156347] (-) TimerEvent: {}
[20.218186] (sllidar_ros2) StdoutLine: {'line': b'-- Configuring done\n'}
[20.256577] (-) TimerEvent: {}
[20.357724] (-) TimerEvent: {}
[20.397951] (sllidar_ros2) StdoutLine: {'line': b'-- Generating done\n'}
[20.415007] (sllidar_ros2) StdoutLine: {'line': b'-- Build files have been written to: /home/arno/RoombaV2Onboard/build/sllidar_ros2\n'}
[20.458083] (-) TimerEvent: {}
[20.490281] (sllidar_ros2) CommandEnded: {'returncode': 0}
[20.493878] (sllidar_ros2) JobProgress: {'identifier': 'sllidar_ros2', 'progress': 'build'}
[20.496197] (sllidar_ros2) Command: {'cmd': ['/usr/bin/cmake', '--build', '/home/arno/RoombaV2Onboard/build/sllidar_ros2', '--', '-j4', '-l4'], 'cwd': '/home/arno/RoombaV2Onboard/build/sllidar_ros2', 'env': OrderedDict([('LESSOPEN', '| /usr/bin/lesspipe %s'), ('USER', 'arno'), ('SSH_CLIENT', '192.168.45.158 50898 22'), ('LC_TIME', 'de_CH.UTF-8'), ('XDG_SESSION_TYPE', 'tty'), ('SHLVL', '1'), ('LD_LIBRARY_PATH', '/opt/ros/humble/opt/rviz_ogre_vendor/lib:/opt/ros/humble/lib/aarch64-linux-gnu:/opt/ros/humble/lib'), ('MOTD_SHOWN', 'pam'), ('HOME', '/home/arno'), ('OLDPWD', '/home/arno/RoombaV2Onboard/src'), ('SSH_TTY', '/dev/pts/1'), ('ROS_PYTHON_VERSION', '3'), ('LC_MONETARY', 'de_CH.UTF-8'), ('DBUS_SESSION_BUS_ADDRESS', 'unix:path=/run/user/1000/bus'), ('ROS_DISTRO', 'humble'), ('LOGNAME', 'arno'), ('_', '/usr/bin/colcon'), ('ROS_VERSION', '2'), ('XDG_SESSION_CLASS', 'user'), ('TERM', 'xterm-256color'), ('XDG_SESSION_ID', '3'), ('ROS_LOCALHOST_ONLY', '0'), ('PATH', '/home/arno/.local/bin:/opt/ros/humble/bin:/usr/local/sbin:/usr/local/bin:/usr/sbin:/usr/bin:/sbin:/bin:/usr/games:/usr/local/games:/snap/bin'), ('LC_ADDRESS', 'de_CH.UTF-8'), ('XDG_RUNTIME_DIR', '/run/user/1000'), ('LANG', 'en_US.UTF-8'), ('LC_TELEPHONE', 'de_CH.UTF-8'), ('LS_COLORS', 'rs=0:di=01;34:ln=01;36:mh=00:pi=40;33:so=01;35:do=01;35:bd=40;33;01:cd=40;33;01:or=40;31;01:mi=00:su=37;41:sg=30;43:ca=30;41:tw=30;42:ow=34;42:st=37;44:ex=01;32:*.tar=01;31:*.tgz=01;31:*.arc=01;31:*.arj=01;31:*.taz=01;31:*.lha=01;31:*.lz4=01;31:*.lzh=01;31:*.lzma=01;31:*.tlz=01;31:*.txz=01;31:*.tzo=01;31:*.t7z=01;31:*.zip=01;31:*.z=01;31:*.dz=01;31:*.gz=01;31:*.lrz=01;31:*.lz=01;31:*.lzo=01;31:*.xz=01;31:*.zst=01;31:*.tzst=01;31:*.bz2=01;31:*.bz=01;31:*.tbz=01;31:*.tbz2=01;31:*.tz=01;31:*.deb=01;31:*.rpm=01;31:*.jar=01;31:*.war=01;31:*.ear=01;31:*.sar=01;31:*.rar=01;31:*.alz=01;31:*.ace=01;31:*.zoo=01;31:*.cpio=01;31:*.7z=01;31:*.rz=01;31:*.cab=01;31:*.wim=01;31:*.swm=01;31:*.dwm=01;31:*.esd=01;31:*.jpg=01;35:*.jpeg=01;35:*.mjpg=01;35:*.mjpeg=01;35:*.gif=01;35:*.bmp=01;35:*.pbm=01;35:*.pgm=01;35:*.ppm=01;35:*.tga=01;35:*.xbm=01;35:*.xpm=01;35:*.tif=01;35:*.tiff=01;35:*.png=01;35:*.svg=01;35:*.svgz=01;35:*.mng=01;35:*.pcx=01;35:*.mov=01;35:*.mpg=01;35:*.mpeg=01;35:*.m2v=01;35:*.mkv=01;35:*.webm=01;35:*.webp=01;35:*.ogm=01;35:*.mp4=01;35:*.m4v=01;35:*.mp4v=01;35:*.vob=01;35:*.qt=01;35:*.nuv=01;35:*.wmv=01;35:*.asf=01;35:*.rm=01;35:*.rmvb=01;35:*.flc=01;35:*.avi=01;35:*.fli=01;35:*.flv=01;35:*.gl=01;35:*.dl=01;35:*.xcf=01;35:*.xwd=01;35:*.yuv=01;35:*.cgm=01;35:*.emf=01;35:*.ogv=01;35:*.ogx=01;35:*.aac=00;36:*.au=00;36:*.flac=00;36:*.m4a=00;36:*.mid=00;36:*.midi=00;36:*.mka=00;36:*.mp3=00;36:*.mpc=00;36:*.ogg=00;36:*.ra=00;36:*.wav=00;36:*.oga=00;36:*.opus=00;36:*.spx=00;36:*.xspf=00;36:'), ('AMENT_PREFIX_PATH', '/opt/ros/humble'), ('SHELL', '/bin/bash'), ('LC_NAME', 'de_CH.UTF-8'), ('LESSCLOSE', '/usr/bin/lesspipe %s %s'), ('LC_MEASUREMENT', 'de_CH.UTF-8'), ('LC_IDENTIFICATION', 'de_CH.UTF-8'), ('PWD', '/home/arno/RoombaV2Onboard/build/sllidar_ros2'), ('LC_ALL', 'en_US.UTF-8'), ('SSH_CONNECTION', '192.168.45.158 50898 192.168.45.115 22'), ('XDG_DATA_DIRS', '/usr/local/share:/usr/share:/var/lib/snapd/desktop'), ('PYTHONPATH', '/opt/ros/humble/lib/python3.10/site-packages:/opt/ros/humble/local/lib/python3.10/dist-packages'), ('LC_NUMERIC', 'de_CH.UTF-8'), ('LC_PAPER', 'de_CH.UTF-8'), ('COLCON', '1'), ('CMAKE_PREFIX_PATH', '/opt/ros/humble')]), 'shell': False}
[20.558356] (-) TimerEvent: {}
[20.659612] (-) TimerEvent: {}
[20.760803] (-) TimerEvent: {}
[20.862239] (-) TimerEvent: {}
[20.890918] (sllidar_ros2) StdoutLine: {'line': b'[  5%] \x1b[32mBuilding CXX object CMakeFiles/sllidar_client.dir/src/sllidar_client.cpp.o\x1b[0m\n'}
[20.897577] (sllidar_ros2) StdoutLine: {'line': b'[ 10%] \x1b[32mBuilding CXX object CMakeFiles/sllidar_node.dir/src/sllidar_node.cpp.o\x1b[0m\n'}
[20.901618] (sllidar_ros2) StdoutLine: {'line': b'[ 15%] \x1b[32mBuilding CXX object CMakeFiles/sllidar_node.dir/sdk/src/arch/linux/net_serial.cpp.o\x1b[0m\n'}
[20.907887] (sllidar_ros2) StdoutLine: {'line': b'[ 20%] \x1b[32mBuilding CXX object CMakeFiles/sllidar_node.dir/sdk/src/arch/linux/net_socket.cpp.o\x1b[0m\n'}
[20.963123] (-) TimerEvent: {}
[21.065941] (-) TimerEvent: {}
[21.168126] (-) TimerEvent: {}
[21.270691] (-) TimerEvent: {}
[21.373098] (-) TimerEvent: {}
[21.475197] (-) TimerEvent: {}
[21.577139] (-) TimerEvent: {}
[21.679222] (-) TimerEvent: {}
[21.781361] (-) TimerEvent: {}
[21.883635] (-) TimerEvent: {}
[21.985685] (-) TimerEvent: {}
[22.088092] (-) TimerEvent: {}
[22.191089] (-) TimerEvent: {}
[22.293346] (-) TimerEvent: {}
[22.395559] (-) TimerEvent: {}
[22.497553] (-) TimerEvent: {}
[22.598741] (-) TimerEvent: {}
[22.699980] (-) TimerEvent: {}
[22.802417] (-) TimerEvent: {}
[22.904977] (-) TimerEvent: {}
[23.006909] (-) TimerEvent: {}
[23.108413] (-) TimerEvent: {}
[23.210196] (-) TimerEvent: {}
[23.311757] (-) TimerEvent: {}
[23.414075] (-) TimerEvent: {}
[23.522176] (-) TimerEvent: {}
[23.637039] (-) TimerEvent: {}
[23.747040] (-) TimerEvent: {}
[23.848472] (-) TimerEvent: {}
[23.950241] (-) TimerEvent: {}
[24.051859] (-) TimerEvent: {}
[24.153742] (-) TimerEvent: {}
[24.256098] (-) TimerEvent: {}
[24.357982] (-) TimerEvent: {}
[24.460177] (-) TimerEvent: {}
[24.561997] (-) TimerEvent: {}
[24.668699] (-) TimerEvent: {}
[24.771391] (-) TimerEvent: {}
[24.874202] (-) TimerEvent: {}
[24.977887] (-) TimerEvent: {}
[25.082122] (-) TimerEvent: {}
[25.183840] (-) TimerEvent: {}
[25.285934] (-) TimerEvent: {}
[25.387575] (-) TimerEvent: {}
[25.489191] (-) TimerEvent: {}
[25.590946] (-) TimerEvent: {}
[25.692741] (-) TimerEvent: {}
[25.794380] (-) TimerEvent: {}
[25.838206] (sllidar_ros2) StderrLine: {'line': b'In file included from \x1b[01m\x1b[K/home/arno/RoombaV2Onboard/src/sllidar_ros2/./sdk/include/rplidar_protocol.h:36\x1b[m\x1b[K,\n'}
[25.843075] (sllidar_ros2) StderrLine: {'line': b'                 from \x1b[01m\x1b[K/home/arno/RoombaV2Onboard/src/sllidar_ros2/./sdk/include/rplidar.h:39\x1b[m\x1b[K,\n'}
[25.845007] (sllidar_ros2) StderrLine: {'line': b'                 from \x1b[01m\x1b[K/home/arno/RoombaV2Onboard/src/sllidar_ros2/./sdk/src/sdkcommon.h:49\x1b[m\x1b[K,\n'}
[25.846385] (sllidar_ros2) StderrLine: {'line': b'                 from \x1b[01m\x1b[K/home/arno/RoombaV2Onboard/src/sllidar_ros2/sdk/src/arch/linux/net_socket.cpp:10\x1b[m\x1b[K:\n'}
[25.848160] (sllidar_ros2) StderrLine: {'line': b'\x1b[01m\x1b[K/home/arno/RoombaV2Onboard/src/sllidar_ros2/./sdk/include/sl_lidar_protocol.h:66:16:\x1b[m\x1b[K \x1b[01;35m\x1b[Kwarning: \x1b[m\x1b[KISO C++ forbids zero-size array \xe2\x80\x98\x1b[01m\x1b[Kdata\x1b[m\x1b[K\xe2\x80\x99 [\x1b[01;35m\x1b[K\x1b]8;;https://gcc.gnu.org/onlinedocs/gcc/Warning-Options.html#index-Wpedantic\x07-Wpedantic\x1b]8;;\x07\x1b[m\x1b[K]\n'}
[25.849811] (sllidar_ros2) StderrLine: {'line': b'   66 |     sl_u8 data[\x1b[01;35m\x1b[K0\x1b[m\x1b[K];\n'}
[25.852133] (sllidar_ros2) StderrLine: {'line': b'      |                \x1b[01;35m\x1b[K^\x1b[m\x1b[K\n'}
[25.853556] (sllidar_ros2) StderrLine: {'line': b'In file included from \x1b[01m\x1b[K/home/arno/RoombaV2Onboard/src/sllidar_ros2/./sdk/include/rplidar_cmd.h:36\x1b[m\x1b[K,\n'}
[25.856062] (sllidar_ros2) StderrLine: {'line': b'                 from \x1b[01m\x1b[K/home/arno/RoombaV2Onboard/src/sllidar_ros2/./sdk/include/rplidar.h:40\x1b[m\x1b[K,\n'}
[25.857584] (sllidar_ros2) StderrLine: {'line': b'                 from \x1b[01m\x1b[K/home/arno/RoombaV2Onboard/src/sllidar_ros2/./sdk/src/sdkcommon.h:49\x1b[m\x1b[K,\n'}
[25.859352] (sllidar_ros2) StderrLine: {'line': b'                 from \x1b[01m\x1b[K/home/arno/RoombaV2Onboard/src/sllidar_ros2/sdk/src/arch/linux/net_socket.cpp:10\x1b[m\x1b[K:\n'}
[25.860699] (sllidar_ros2) StderrLine: {'line': b'\x1b[01m\x1b[K/home/arno/RoombaV2Onboard/src/sllidar_ros2/./sdk/include/sl_lidar_cmd.h:324:20:\x1b[m\x1b[K \x1b[01;35m\x1b[Kwarning: \x1b[m\x1b[KISO C++ forbids zero-size array \xe2\x80\x98\x1b[01m\x1b[Kpayload\x1b[m\x1b[K\xe2\x80\x99 [\x1b[01;35m\x1b[K\x1b]8;;https://gcc.gnu.org/onlinedocs/gcc/Warning-Options.html#index-Wpedantic\x07-Wpedantic\x1b]8;;\x07\x1b[m\x1b[K]\n'}
[25.862023] (sllidar_ros2) StderrLine: {'line': b'  324 |     sl_u8  payload[\x1b[01;35m\x1b[K0\x1b[m\x1b[K];\n'}
[25.863771] (sllidar_ros2) StderrLine: {'line': b'      |                    \x1b[01;35m\x1b[K^\x1b[m\x1b[K\n'}
[25.894746] (-) TimerEvent: {}
[25.996595] (-) TimerEvent: {}
[26.099089] (-) TimerEvent: {}
[26.201005] (-) TimerEvent: {}
[26.302418] (-) TimerEvent: {}
[26.404620] (-) TimerEvent: {}
[26.479059] (sllidar_ros2) StderrLine: {'line': b'In file included from \x1b[01m\x1b[K/home/arno/RoombaV2Onboard/src/sllidar_ros2/./sdk/src/arch/linux/arch_linux.h:42\x1b[m\x1b[K,\n'}
[26.481833] (sllidar_ros2) StderrLine: {'line': b'                 from \x1b[01m\x1b[K/home/arno/RoombaV2Onboard/src/sllidar_ros2/./sdk/src/sdkcommon.h:41\x1b[m\x1b[K,\n'}
[26.484231] (sllidar_ros2) StderrLine: {'line': b'                 from \x1b[01m\x1b[K/home/arno/RoombaV2Onboard/src/sllidar_ros2/sdk/src/arch/linux/net_socket.cpp:10\x1b[m\x1b[K:\n'}
[26.486262] (sllidar_ros2) StderrLine: {'line': b'\x1b[01m\x1b[K/home/arno/RoombaV2Onboard/src/sllidar_ros2/sdk/src/arch/linux/net_socket.cpp:\x1b[m\x1b[K In member function \xe2\x80\x98\x1b[01m\x1b[Kvirtual u_result rp::arch::net::DGramSocketImpl::sendTo(const rp::net::SocketAddress*, const void*, size_t)\x1b[m\x1b[K\xe2\x80\x99:\n'}
[26.488433] (sllidar_ros2) StderrLine: {'line': b'\x1b[01m\x1b[K/home/arno/RoombaV2Onboard/src/sllidar_ros2/sdk/src/arch/linux/net_socket.cpp:733:24:\x1b[m\x1b[K \x1b[01;35m\x1b[Kwarning: \x1b[m\x1b[Kcomparison of integer expressions of different signedness: \xe2\x80\x98\x1b[01m\x1b[Kint\x1b[m\x1b[K\xe2\x80\x99 and \xe2\x80\x98\x1b[01m\x1b[Ksize_t\x1b[m\x1b[K\xe2\x80\x99 {aka \xe2\x80\x98\x1b[01m\x1b[Klong unsigned int\x1b[m\x1b[K\xe2\x80\x99} [\x1b[01;35m\x1b[K\x1b]8;;https://gcc.gnu.org/onlinedocs/gcc/Warning-Options.html#index-Wsign-compare\x07-Wsign-compare\x1b]8;;\x07\x1b[m\x1b[K]\n'}
[26.491595] (sllidar_ros2) StderrLine: {'line': b'  733 |             assert(\x1b[01;35m\x1b[Kans == len\x1b[m\x1b[K);\n'}
[26.493795] (sllidar_ros2) StderrLine: {'line': b'      |                    \x1b[01;35m\x1b[K~~~~^~~~~~\x1b[m\x1b[K\n'}
[26.514925] (-) TimerEvent: {}
[26.616915] (-) TimerEvent: {}
[26.720724] (-) TimerEvent: {}
[26.828130] (-) TimerEvent: {}
[26.931578] (-) TimerEvent: {}
[27.034865] (-) TimerEvent: {}
[27.138294] (-) TimerEvent: {}
[27.205505] (sllidar_ros2) StderrLine: {'line': b'\x1b[01m\x1b[K/home/arno/RoombaV2Onboard/src/sllidar_ros2/sdk/src/arch/linux/net_serial.cpp:\x1b[m\x1b[K In member function \xe2\x80\x98\x1b[01m\x1b[Kbool rp::arch::net::raw_serial::open(const char*, uint32_t, uint32_t)\x1b[m\x1b[K\xe2\x80\x99:\n'}
[27.207538] (sllidar_ros2) StderrLine: {'line': b'\x1b[01m\x1b[K/home/arno/RoombaV2Onboard/src/sllidar_ros2/sdk/src/arch/linux/net_serial.cpp:97:74:\x1b[m\x1b[K \x1b[01;35m\x1b[Kwarning: \x1b[m\x1b[Kunused parameter \xe2\x80\x98\x1b[01m\x1b[Kflags\x1b[m\x1b[K\xe2\x80\x99 [\x1b[01;35m\x1b[K\x1b]8;;https://gcc.gnu.org/onlinedocs/gcc/Warning-Options.html#index-Wunused-parameter\x07-Wunused-parameter\x1b]8;;\x07\x1b[m\x1b[K]\n'}
[27.209520] (sllidar_ros2) StderrLine: {'line': b'   97 | bool raw_serial::open(const char * portname, uint32_t baudrate, \x1b[01;35m\x1b[Kuint32_t flags\x1b[m\x1b[K)\n'}
[27.211934] (sllidar_ros2) StderrLine: {'line': b'      |                                                                 \x1b[01;35m\x1b[K~~~~~~~~~^~~~~\x1b[m\x1b[K\n'}
[27.220976] (sllidar_ros2) StderrLine: {'line': b'\x1b[01m\x1b[K/home/arno/RoombaV2Onboard/src/sllidar_ros2/sdk/src/arch/linux/net_serial.cpp:\x1b[m\x1b[K In member function \xe2\x80\x98\x1b[01m\x1b[Kvirtual void rp::arch::net::raw_serial::flush(_u32)\x1b[m\x1b[K\xe2\x80\x99:\n'}
[27.223183] (sllidar_ros2) StderrLine: {'line': b'\x1b[01m\x1b[K/home/arno/RoombaV2Onboard/src/sllidar_ros2/sdk/src/arch/linux/net_serial.cpp:281:30:\x1b[m\x1b[K \x1b[01;35m\x1b[Kwarning: \x1b[m\x1b[Kunused parameter \xe2\x80\x98\x1b[01m\x1b[Kflags\x1b[m\x1b[K\xe2\x80\x99 [\x1b[01;35m\x1b[K\x1b]8;;https://gcc.gnu.org/onlinedocs/gcc/Warning-Options.html#index-Wunused-parameter\x07-Wunused-parameter\x1b]8;;\x07\x1b[m\x1b[K]\n'}
[27.225217] (sllidar_ros2) StderrLine: {'line': b'  281 | void raw_serial::flush( \x1b[01;35m\x1b[K_u32 flags\x1b[m\x1b[K)\n'}
[27.227304] (sllidar_ros2) StderrLine: {'line': b'      |                         \x1b[01;35m\x1b[K~~~~~^~~~~\x1b[m\x1b[K\n'}
[27.229360] (sllidar_ros2) StderrLine: {'line': b'\x1b[01m\x1b[K/home/arno/RoombaV2Onboard/src/sllidar_ros2/sdk/src/arch/linux/net_serial.cpp:\x1b[m\x1b[K In member function \xe2\x80\x98\x1b[01m\x1b[Kvirtual int rp::arch::net::raw_serial::waitforsent(_u32, size_t*)\x1b[m\x1b[K\xe2\x80\x99:\n'}
[27.244790] (-) TimerEvent: {}
[27.259846] (sllidar_ros2) StderrLine: {'line': b'\x1b[01m\x1b[K/home/arno/RoombaV2Onboard/src/sllidar_ros2/sdk/src/arch/linux/net_serial.cpp:286:34:\x1b[m\x1b[K \x1b[01;35m\x1b[Kwarning: \x1b[m\x1b[Kunused parameter \xe2\x80\x98\x1b[01m\x1b[Ktimeout\x1b[m\x1b[K\xe2\x80\x99 [\x1b[01;35m\x1b[K\x1b]8;;https://gcc.gnu.org/onlinedocs/gcc/Warning-Options.html#index-Wunused-parameter\x07-Wunused-parameter\x1b]8;;\x07\x1b[m\x1b[K]\n'}
[27.262095] (sllidar_ros2) StderrLine: {'line': b'  286 | int raw_serial::waitforsent(\x1b[01;35m\x1b[K_u32 timeout\x1b[m\x1b[K, size_t * returned_size)\n'}
[27.264494] (sllidar_ros2) StderrLine: {'line': b'      |                             \x1b[01;35m\x1b[K~~~~~^~~~~~~\x1b[m\x1b[K\n'}
[27.266377] (sllidar_ros2) StderrLine: {'line': b'\x1b[01m\x1b[K/home/arno/RoombaV2Onboard/src/sllidar_ros2/sdk/src/arch/linux/net_serial.cpp:\x1b[m\x1b[K In member function \xe2\x80\x98\x1b[01m\x1b[Kvirtual int rp::arch::net::raw_serial::waitforrecv(_u32, size_t*)\x1b[m\x1b[K\xe2\x80\x99:\n'}
[27.268549] (sllidar_ros2) StderrLine: {'line': b'\x1b[01m\x1b[K/home/arno/RoombaV2Onboard/src/sllidar_ros2/sdk/src/arch/linux/net_serial.cpp:292:34:\x1b[m\x1b[K \x1b[01;35m\x1b[Kwarning: \x1b[m\x1b[Kunused parameter \xe2\x80\x98\x1b[01m\x1b[Ktimeout\x1b[m\x1b[K\xe2\x80\x99 [\x1b[01;35m\x1b[K\x1b]8;;https://gcc.gnu.org/onlinedocs/gcc/Warning-Options.html#index-Wunused-parameter\x07-Wunused-parameter\x1b]8;;\x07\x1b[m\x1b[K]\n'}
[27.270474] (sllidar_ros2) StderrLine: {'line': b'  292 | int raw_serial::waitforrecv(\x1b[01;35m\x1b[K_u32 timeout\x1b[m\x1b[K, size_t * returned_size)\n'}
[27.272623] (sllidar_ros2) StderrLine: {'line': b'      |                             \x1b[01;35m\x1b[K~~~~~^~~~~~~\x1b[m\x1b[K\n'}
[27.286992] (sllidar_ros2) StderrLine: {'line': b'\x1b[01m\x1b[K/home/arno/RoombaV2Onboard/src/sllidar_ros2/sdk/src/arch/linux/net_serial.cpp:\x1b[m\x1b[K In member function \xe2\x80\x98\x1b[01m\x1b[Kvirtual void rp::arch::net::raw_serial::cancelOperation()\x1b[m\x1b[K\xe2\x80\x99:\n'}
[27.289102] (sllidar_ros2) StderrLine: {'line': b'\x1b[01m\x1b[K/home/arno/RoombaV2Onboard/src/sllidar_ros2/sdk/src/arch/linux/net_serial.cpp:427:5:\x1b[m\x1b[K \x1b[01;35m\x1b[Kwarning: \x1b[m\x1b[Kvalue computed is not used [\x1b[01;35m\x1b[K\x1b]8;;https://gcc.gnu.org/onlinedocs/gcc/Warning-Options.html#index-Wunused-value\x07-Wunused-value\x1b]8;;\x07\x1b[m\x1b[K]\n'}
[27.291787] (sllidar_ros2) StderrLine: {'line': b'  427 |     \x1b[01;35m\x1b[K(int)::write(_selfpipe[1], "x", 1)\x1b[m\x1b[K;\n'}
[27.293846] (sllidar_ros2) StderrLine: {'line': b'      |     \x1b[01;35m\x1b[K^~~~~~~~~~~~~~~~~~~~~~~~~~~~~~~~~~\x1b[m\x1b[K\n'}
[27.345295] (-) TimerEvent: {}
[27.448670] (-) TimerEvent: {}
[27.551849] (-) TimerEvent: {}
[27.655942] (-) TimerEvent: {}
[27.759713] (-) TimerEvent: {}
[27.863181] (-) TimerEvent: {}
[27.966861] (-) TimerEvent: {}
[28.069860] (-) TimerEvent: {}
[28.171765] (-) TimerEvent: {}
[28.273392] (-) TimerEvent: {}
[28.388362] (-) TimerEvent: {}
[28.490185] (-) TimerEvent: {}
[28.593942] (-) TimerEvent: {}
[28.697764] (-) TimerEvent: {}
[28.799293] (-) TimerEvent: {}
[28.901119] (-) TimerEvent: {}
[29.004787] (-) TimerEvent: {}
[29.040791] (sllidar_ros2) StdoutLine: {'line': b'[ 30%] \x1b[32mBuilding CXX object CMakeFiles/sllidar_node.dir/sdk/src/arch/linux/timer.cpp.o\x1b[0m\n'}
[29.045069] (sllidar_ros2) StdoutLine: {'line': b'[ 30%] \x1b[32mBuilding CXX object CMakeFiles/sllidar_node.dir/sdk/src/dataunpacker/dataunpacker.cpp.o\x1b[0m\n'}
[29.105382] (-) TimerEvent: {}
[29.208176] (-) TimerEvent: {}
[29.310841] (-) TimerEvent: {}
[29.413770] (-) TimerEvent: {}
[29.515228] (-) TimerEvent: {}
[29.616539] (-) TimerEvent: {}
[29.718214] (-) TimerEvent: {}
[29.820863] (-) TimerEvent: {}
[29.923610] (-) TimerEvent: {}
[30.025941] (-) TimerEvent: {}
[30.128376] (-) TimerEvent: {}
[30.231099] (-) TimerEvent: {}
[30.333858] (-) TimerEvent: {}
[30.436822] (-) TimerEvent: {}
[30.539140] (-) TimerEvent: {}
[30.642284] (-) TimerEvent: {}
[30.745255] (-) TimerEvent: {}
[30.847935] (-) TimerEvent: {}
[30.950905] (-) TimerEvent: {}
[31.053608] (-) TimerEvent: {}
[31.156861] (-) TimerEvent: {}
[31.259915] (-) TimerEvent: {}
[31.362890] (-) TimerEvent: {}
[31.466149] (-) TimerEvent: {}
[31.569260] (-) TimerEvent: {}
[31.672541] (-) TimerEvent: {}
[31.775874] (-) TimerEvent: {}
[31.879162] (-) TimerEvent: {}
[31.982235] (-) TimerEvent: {}
[32.085862] (-) TimerEvent: {}
[32.189066] (-) TimerEvent: {}
[32.292709] (-) TimerEvent: {}
[32.396156] (-) TimerEvent: {}
[32.499562] (-) TimerEvent: {}
[32.602866] (-) TimerEvent: {}
[32.706269] (-) TimerEvent: {}
[32.810208] (-) TimerEvent: {}
[32.913643] (-) TimerEvent: {}
[33.016635] (-) TimerEvent: {}
[33.120157] (-) TimerEvent: {}
[33.234975] (-) TimerEvent: {}
[33.340818] (-) TimerEvent: {}
[33.444269] (-) TimerEvent: {}
[33.549506] (-) TimerEvent: {}
[33.652811] (-) TimerEvent: {}
[33.756111] (-) TimerEvent: {}
[33.859874] (-) TimerEvent: {}
[33.964270] (-) TimerEvent: {}
[34.083488] (-) TimerEvent: {}
[34.187114] (-) TimerEvent: {}
[34.290581] (-) TimerEvent: {}
[34.338957] (sllidar_ros2) StderrLine: {'line': b'In file included from \x1b[01m\x1b[K/home/arno/RoombaV2Onboard/src/sllidar_ros2/./sdk/include/rplidar_protocol.h:36\x1b[m\x1b[K,\n'}
[34.348238] (sllidar_ros2) StderrLine: {'line': b'                 from \x1b[01m\x1b[K/home/arno/RoombaV2Onboard/src/sllidar_ros2/./sdk/include/rplidar.h:39\x1b[m\x1b[K,\n'}
[34.350221] (sllidar_ros2) StderrLine: {'line': b'                 from \x1b[01m\x1b[K/home/arno/RoombaV2Onboard/src/sllidar_ros2/./sdk/src/sdkcommon.h:49\x1b[m\x1b[K,\n'}
[34.352270] (sllidar_ros2) StderrLine: {'line': b'                 from \x1b[01m\x1b[K/home/arno/RoombaV2Onboard/src/sllidar_ros2/sdk/src/dataunpacker/dataunnpacker_commondef.h:41\x1b[m\x1b[K,\n'}
[34.354160] (sllidar_ros2) StderrLine: {'line': b'                 from \x1b[01m\x1b[K/home/arno/RoombaV2Onboard/src/sllidar_ros2/sdk/src/dataunpacker/dataunpacker.cpp:39\x1b[m\x1b[K:\n'}
[34.356254] (sllidar_ros2) StderrLine: {'line': b'\x1b[01m\x1b[K/home/arno/RoombaV2Onboard/src/sllidar_ros2/./sdk/include/sl_lidar_protocol.h:66:16:\x1b[m\x1b[K \x1b[01;35m\x1b[Kwarning: \x1b[m\x1b[KISO C++ forbids zero-size array \xe2\x80\x98\x1b[01m\x1b[Kdata\x1b[m\x1b[K\xe2\x80\x99 [\x1b[01;35m\x1b[K\x1b]8;;https://gcc.gnu.org/onlinedocs/gcc/Warning-Options.html#index-Wpedantic\x07-Wpedantic\x1b]8;;\x07\x1b[m\x1b[K]\n'}
[34.358170] (sllidar_ros2) StderrLine: {'line': b'   66 |     sl_u8 data[\x1b[01;35m\x1b[K0\x1b[m\x1b[K];\n'}
[34.359849] (sllidar_ros2) StderrLine: {'line': b'      |                \x1b[01;35m\x1b[K^\x1b[m\x1b[K\n'}
[34.361151] (sllidar_ros2) StderrLine: {'line': b'In file included from \x1b[01m\x1b[K/home/arno/RoombaV2Onboard/src/sllidar_ros2/./sdk/include/rplidar_cmd.h:36\x1b[m\x1b[K,\n'}
[34.374763] (sllidar_ros2) StderrLine: {'line': b'                 from \x1b[01m\x1b[K/home/arno/RoombaV2Onboard/src/sllidar_ros2/./sdk/include/rplidar.h:40\x1b[m\x1b[K,\n'}
[34.376605] (sllidar_ros2) StderrLine: {'line': b'                 from \x1b[01m\x1b[K/home/arno/RoombaV2Onboard/src/sllidar_ros2/./sdk/src/sdkcommon.h:49\x1b[m\x1b[K,\n'}
[34.378139] (sllidar_ros2) StderrLine: {'line': b'                 from \x1b[01m\x1b[K/home/arno/RoombaV2Onboard/src/sllidar_ros2/sdk/src/dataunpacker/dataunnpacker_commondef.h:41\x1b[m\x1b[K,\n'}
[34.394590] (-) TimerEvent: {}
[34.397291] (sllidar_ros2) StderrLine: {'line': b'                 from \x1b[01m\x1b[K/home/arno/RoombaV2Onboard/src/sllidar_ros2/sdk/src/dataunpacker/dataunpacker.cpp:39\x1b[m\x1b[K:\n'}
[34.399081] (sllidar_ros2) StderrLine: {'line': b'\x1b[01m\x1b[K/home/arno/RoombaV2Onboard/src/sllidar_ros2/./sdk/include/sl_lidar_cmd.h:324:20:\x1b[m\x1b[K \x1b[01;35m\x1b[Kwarning: \x1b[m\x1b[KISO C++ forbids zero-size array \xe2\x80\x98\x1b[01m\x1b[Kpayload\x1b[m\x1b[K\xe2\x80\x99 [\x1b[01;35m\x1b[K\x1b]8;;https://gcc.gnu.org/onlinedocs/gcc/Warning-Options.html#index-Wpedantic\x07-Wpedantic\x1b]8;;\x07\x1b[m\x1b[K]\n'}
[34.403684] (sllidar_ros2) StderrLine: {'line': b'  324 |     sl_u8  payload[\x1b[01;35m\x1b[K0\x1b[m\x1b[K];\n'}
[34.405461] (sllidar_ros2) StderrLine: {'line': b'      |                    \x1b[01;35m\x1b[K^\x1b[m\x1b[K\n'}
[34.494903] (-) TimerEvent: {}
[34.596917] (-) TimerEvent: {}
[34.600339] (sllidar_ros2) StdoutLine: {'line': b'[ 35%] \x1b[32mBuilding CXX object CMakeFiles/sllidar_node.dir/sdk/src/dataunpacker/unpacker/handler_capsules.cpp.o\x1b[0m\n'}
[34.697328] (-) TimerEvent: {}
[34.799312] (-) TimerEvent: {}
[34.901045] (-) TimerEvent: {}
[35.002705] (-) TimerEvent: {}
[35.104435] (-) TimerEvent: {}
[35.206168] (-) TimerEvent: {}
[35.308010] (-) TimerEvent: {}
[35.411067] (-) TimerEvent: {}
[35.514007] (-) TimerEvent: {}
[35.616959] (-) TimerEvent: {}
[35.719966] (-) TimerEvent: {}
[35.822813] (-) TimerEvent: {}
[35.925710] (-) TimerEvent: {}
[36.027434] (-) TimerEvent: {}
[36.130319] (-) TimerEvent: {}
[36.233755] (-) TimerEvent: {}
[36.336689] (-) TimerEvent: {}
[36.437973] (-) TimerEvent: {}
[36.538934] (sllidar_ros2) StderrLine: {'line': b'In file included from \x1b[01m\x1b[K/home/arno/RoombaV2Onboard/src/sllidar_ros2/sdk/src/dataunpacker/dataunpacker.cpp:40\x1b[m\x1b[K:\n'}
[36.540632] (-) TimerEvent: {}
[36.871601] (sllidar_ros2) StderrLine: {'line': b'\x1b[01m\x1b[K/home/arno/RoombaV2Onboard/src/sllidar_ros2/sdk/src/dataunpacker/dataunpacker.h:\x1b[m\x1b[K In member function \xe2\x80\x98\x1b[01m\x1b[Kvirtual void sl::internal::LIDARSampleDataListener::onCustomSampleDataDecoded(_u8, _u32, const void*, size_t)\x1b[m\x1b[K\xe2\x80\x99:\n'}
[36.873685] (-) TimerEvent: {}
[36.875246] (sllidar_ros2) StderrLine: {'line': b'\x1b[01m\x1b[K/home/arno/RoombaV2Onboard/src/sllidar_ros2/sdk/src/dataunpacker/dataunpacker.h:54:52:\x1b[m\x1b[K \x1b[01;35m\x1b[Kwarning: \x1b[m\x1b[Kunused parameter \xe2\x80\x98\x1b[01m\x1b[KansType\x1b[m\x1b[K\xe2\x80\x99 [\x1b[01;35m\x1b[K\x1b]8;;https://gcc.gnu.org/onlinedocs/gcc/Warning-Options.html#index-Wunused-parameter\x07-Wunused-parameter\x1b]8;;\x07\x1b[m\x1b[K]\n'}
[36.880731] (sllidar_ros2) StderrLine: {'line': b'   54 |         virtual void onCustomSampleDataDecoded(\x1b[01;35m\x1b[K_u8 ansType\x1b[m\x1b[K, _u32 customCode, const void* data, size_t size) {}\n'}
[36.882149] (sllidar_ros2) StderrLine: {'line': b'      |                                                \x1b[01;35m\x1b[K~~~~^~~~~~~\x1b[m\x1b[K\n'}
[36.883731] (sllidar_ros2) StderrLine: {'line': b'\x1b[01m\x1b[K/home/arno/RoombaV2Onboard/src/sllidar_ros2/sdk/src/dataunpacker/dataunpacker.h:54:66:\x1b[m\x1b[K \x1b[01;35m\x1b[Kwarning: \x1b[m\x1b[Kunused parameter \xe2\x80\x98\x1b[01m\x1b[KcustomCode\x1b[m\x1b[K\xe2\x80\x99 [\x1b[01;35m\x1b[K\x1b]8;;https://gcc.gnu.org/onlinedocs/gcc/Warning-Options.html#index-Wunused-parameter\x07-Wunused-parameter\x1b]8;;\x07\x1b[m\x1b[K]\n'}
[36.885092] (sllidar_ros2) StderrLine: {'line': b'   54 |         virtual void onCustomSampleDataDecoded(_u8 ansType, \x1b[01;35m\x1b[K_u32 customCode\x1b[m\x1b[K, const void* data, size_t size) {}\n'}
[36.902788] (sllidar_ros2) StderrLine: {'line': b'      |                                                             \x1b[01;35m\x1b[K~~~~~^~~~~~~~~~\x1b[m\x1b[K\n'}
[36.904414] (sllidar_ros2) StderrLine: {'line': b'\x1b[01m\x1b[K/home/arno/RoombaV2Onboard/src/sllidar_ros2/sdk/src/dataunpacker/dataunpacker.h:54:90:\x1b[m\x1b[K \x1b[01;35m\x1b[Kwarning: \x1b[m\x1b[Kunused parameter \xe2\x80\x98\x1b[01m\x1b[Kdata\x1b[m\x1b[K\xe2\x80\x99 [\x1b[01;35m\x1b[K\x1b]8;;https://gcc.gnu.org/onlinedocs/gcc/Warning-Options.html#index-Wunused-parameter\x07-Wunused-parameter\x1b]8;;\x07\x1b[m\x1b[K]\n'}
[36.905882] (sllidar_ros2) StderrLine: {'line': b'   54 |         virtual void onCustomSampleDataDecoded(_u8 ansType, _u32 customCode, \x1b[01;35m\x1b[Kconst void* data\x1b[m\x1b[K, size_t size) {}\n'}
[36.907237] (sllidar_ros2) StderrLine: {'line': b'      |                                                                              \x1b[01;35m\x1b[K~~~~~~~~~~~~^~~~\x1b[m\x1b[K\n'}
[36.908443] (sllidar_ros2) StderrLine: {'line': b'\x1b[01m\x1b[K/home/arno/RoombaV2Onboard/src/sllidar_ros2/sdk/src/dataunpacker/dataunpacker.h:54:103:\x1b[m\x1b[K \x1b[01;35m\x1b[Kwarning: \x1b[m\x1b[Kunused parameter \xe2\x80\x98\x1b[01m\x1b[Ksize\x1b[m\x1b[K\xe2\x80\x99 [\x1b[01;35m\x1b[K\x1b]8;;https://gcc.gnu.org/onlinedocs/gcc/Warning-Options.html#index-Wunused-parameter\x07-Wunused-parameter\x1b]8;;\x07\x1b[m\x1b[K]\n'}
[36.909757] (sllidar_ros2) StderrLine: {'line': b'   54 |         virtual void onCustomSampleDataDecoded(_u8 ansType, _u32 customCode, const void* data, \x1b[01;35m\x1b[Ksize_t size\x1b[m\x1b[K) {}\n'}
[36.927487] (sllidar_ros2) StderrLine: {'line': b'      |                                                                                                \x1b[01;35m\x1b[K~~~~~~~^~~~\x1b[m\x1b[K\n'}
[36.928945] (sllidar_ros2) StderrLine: {'line': b'\x1b[01m\x1b[K/home/arno/RoombaV2Onboard/src/sllidar_ros2/sdk/src/dataunpacker/dataunpacker.h:\x1b[m\x1b[K In member function \xe2\x80\x98\x1b[01m\x1b[Kvirtual void sl::internal::LIDARSampleDataListener::onDecodingError(int, _u8, const void*, size_t)\x1b[m\x1b[K\xe2\x80\x99:\n'}
[36.930078] (sllidar_ros2) StderrLine: {'line': b'\x1b[01m\x1b[K/home/arno/RoombaV2Onboard/src/sllidar_ros2/sdk/src/dataunpacker/dataunpacker.h:56:42:\x1b[m\x1b[K \x1b[01;35m\x1b[Kwarning: \x1b[m\x1b[Kunused parameter \xe2\x80\x98\x1b[01m\x1b[KerrMsg\x1b[m\x1b[K\xe2\x80\x99 [\x1b[01;35m\x1b[K\x1b]8;;https://gcc.gnu.org/onlinedocs/gcc/Warning-Options.html#index-Wunused-parameter\x07-Wunused-parameter\x1b]8;;\x07\x1b[m\x1b[K]\n'}
[37.087122] (-) TimerEvent: {}
[37.089029] (sllidar_ros2) StderrLine: {'line': b'   56 |         virtual void onDecodingError(\x1b[01;35m\x1b[Kint errMsg\x1b[m\x1b[K, _u8 ansType, const void* payload, size_t size) {}\n'}
[37.090696] (sllidar_ros2) StderrLine: {'line': b'      |                                      \x1b[01;35m\x1b[K~~~~^~~~~~\x1b[m\x1b[K\n'}
[37.092108] (sllidar_ros2) StderrLine: {'line': b'\x1b[01m\x1b[K/home/arno/RoombaV2Onboard/src/sllidar_ros2/sdk/src/dataunpacker/dataunpacker.h:56:54:\x1b[m\x1b[K \x1b[01;35m\x1b[Kwarning: \x1b[m\x1b[Kunused parameter \xe2\x80\x98\x1b[01m\x1b[KansType\x1b[m\x1b[K\xe2\x80\x99 [\x1b[01;35m\x1b[K\x1b]8;;https://gcc.gnu.org/onlinedocs/gcc/Warning-Options.html#index-Wunused-parameter\x07-Wunused-parameter\x1b]8;;\x07\x1b[m\x1b[K]\n'}
[37.093397] (sllidar_ros2) StderrLine: {'line': b'   56 |         virtual void onDecodingError(int errMsg, \x1b[01;35m\x1b[K_u8 ansType\x1b[m\x1b[K, const void* payload, size_t size) {}\n'}
[37.095111] (sllidar_ros2) StderrLine: {'line': b'      |                                                  \x1b[01;35m\x1b[K~~~~^~~~~~~\x1b[m\x1b[K\n'}
[37.096757] (sllidar_ros2) StderrLine: {'line': b'\x1b[01m\x1b[K/home/arno/RoombaV2Onboard/src/sllidar_ros2/sdk/src/dataunpacker/dataunpacker.h:56:75:\x1b[m\x1b[K \x1b[01;35m\x1b[Kwarning: \x1b[m\x1b[Kunused parameter \xe2\x80\x98\x1b[01m\x1b[Kpayload\x1b[m\x1b[K\xe2\x80\x99 [\x1b[01;35m\x1b[K\x1b]8;;https://gcc.gnu.org/onlinedocs/gcc/Warning-Options.html#index-Wunused-parameter\x07-Wunused-parameter\x1b]8;;\x07\x1b[m\x1b[K]\n'}
[37.099670] (sllidar_ros2) StderrLine: {'line': b'   56 |         virtual void onDecodingError(int errMsg, _u8 ansType, \x1b[01;35m\x1b[Kconst void* payload\x1b[m\x1b[K, size_t size) {}\n'}
[37.106386] (sllidar_ros2) StderrLine: {'line': b'      |                                                               \x1b[01;35m\x1b[K~~~~~~~~~~~~^~~~~~~\x1b[m\x1b[K\n'}
[37.108497] (sllidar_ros2) StderrLine: {'line': b'\x1b[01m\x1b[K/home/arno/RoombaV2Onboard/src/sllidar_ros2/sdk/src/dataunpacker/dataunpacker.h:56:91:\x1b[m\x1b[K \x1b[01;35m\x1b[Kwarning: \x1b[m\x1b[Kunused parameter \xe2\x80\x98\x1b[01m\x1b[Ksize\x1b[m\x1b[K\xe2\x80\x99 [\x1b[01;35m\x1b[K\x1b]8;;https://gcc.gnu.org/onlinedocs/gcc/Warning-Options.html#index-Wunused-parameter\x07-Wunused-parameter\x1b]8;;\x07\x1b[m\x1b[K]\n'}
[37.110694] (sllidar_ros2) StderrLine: {'line': b'   56 |         virtual void onDecodingError(int errMsg, _u8 ansType, const void* payload, \x1b[01;35m\x1b[Ksize_t size\x1b[m\x1b[K) {}\n'}
[37.112438] (sllidar_ros2) StderrLine: {'line': b'      |                                                                                    \x1b[01;35m\x1b[K~~~~~~~^~~~\x1b[m\x1b[K\n'}
[37.187567] (-) TimerEvent: {}
[37.289768] (-) TimerEvent: {}
[37.399047] (-) TimerEvent: {}
[37.504170] (-) TimerEvent: {}
[37.606741] (-) TimerEvent: {}
[37.710924] (-) TimerEvent: {}
[37.812613] (-) TimerEvent: {}
[37.913918] (-) TimerEvent: {}
[38.015497] (-) TimerEvent: {}
[38.117339] (-) TimerEvent: {}
[38.218797] (-) TimerEvent: {}
[38.320604] (-) TimerEvent: {}
[38.422026] (-) TimerEvent: {}
[38.523527] (-) TimerEvent: {}
[38.625332] (-) TimerEvent: {}
[38.945803] (-) TimerEvent: {}
[39.048240] (-) TimerEvent: {}
[39.149507] (-) TimerEvent: {}
[39.252475] (-) TimerEvent: {}
[39.354084] (-) TimerEvent: {}
[39.455626] (-) TimerEvent: {}
[39.556973] (-) TimerEvent: {}
[39.658849] (-) TimerEvent: {}
[39.760978] (-) TimerEvent: {}
[39.863768] (-) TimerEvent: {}
[39.965576] (-) TimerEvent: {}
[40.067220] (-) TimerEvent: {}
[40.169339] (-) TimerEvent: {}
[40.270825] (-) TimerEvent: {}
[40.372420] (-) TimerEvent: {}
[40.474212] (-) TimerEvent: {}
[40.575833] (-) TimerEvent: {}
[40.677688] (-) TimerEvent: {}
[40.779292] (-) TimerEvent: {}
[40.881216] (-) TimerEvent: {}
[40.983067] (-) TimerEvent: {}
[41.085433] (-) TimerEvent: {}
[41.186930] (-) TimerEvent: {}
[41.290392] (-) TimerEvent: {}
[41.392149] (-) TimerEvent: {}
[41.493831] (-) TimerEvent: {}
[41.595603] (-) TimerEvent: {}
[41.699223] (-) TimerEvent: {}
[41.802325] (-) TimerEvent: {}
[41.906092] (-) TimerEvent: {}
[42.009055] (-) TimerEvent: {}
[42.092325] (sllidar_ros2) StdoutLine: {'line': b'[ 40%] \x1b[32mBuilding CXX object CMakeFiles/sllidar_node.dir/sdk/src/dataunpacker/unpacker/handler_hqnode.cpp.o\x1b[0m\n'}
[42.109549] (-) TimerEvent: {}
[42.213486] (-) TimerEvent: {}
[42.316625] (-) TimerEvent: {}
[42.419562] (-) TimerEvent: {}
[42.522954] (-) TimerEvent: {}
[42.626852] (-) TimerEvent: {}
[42.729564] (-) TimerEvent: {}
[42.832297] (-) TimerEvent: {}
[42.935248] (-) TimerEvent: {}
[42.988728] (sllidar_ros2) StderrLine: {'line': b'In file included from \x1b[01m\x1b[K/home/arno/RoombaV2Onboard/src/sllidar_ros2/./sdk/include/rplidar_protocol.h:36\x1b[m\x1b[K,\n'}
[42.994638] (sllidar_ros2) StderrLine: {'line': b'                 from \x1b[01m\x1b[K/home/arno/RoombaV2Onboard/src/sllidar_ros2/./sdk/include/rplidar.h:39\x1b[m\x1b[K,\n'}
[42.997558] (sllidar_ros2) StderrLine: {'line': b'                 from \x1b[01m\x1b[K/home/arno/RoombaV2Onboard/src/sllidar_ros2/./sdk/src/sdkcommon.h:49\x1b[m\x1b[K,\n'}
[42.999105] (sllidar_ros2) StderrLine: {'line': b'                 from \x1b[01m\x1b[K/home/arno/RoombaV2Onboard/src/sllidar_ros2/sdk/src/dataunpacker/unpacker/../dataunnpacker_commondef.h:41\x1b[m\x1b[K,\n'}
[43.003462] (sllidar_ros2) StderrLine: {'line': b'                 from \x1b[01m\x1b[K/home/arno/RoombaV2Onboard/src/sllidar_ros2/sdk/src/dataunpacker/unpacker/handler_capsules.cpp:39\x1b[m\x1b[K:\n'}
[43.004859] (sllidar_ros2) StderrLine: {'line': b'\x1b[01m\x1b[K/home/arno/RoombaV2Onboard/src/sllidar_ros2/./sdk/include/sl_lidar_protocol.h:66:16:\x1b[m\x1b[K \x1b[01;35m\x1b[Kwarning: \x1b[m\x1b[KISO C++ forbids zero-size array \xe2\x80\x98\x1b[01m\x1b[Kdata\x1b[m\x1b[K\xe2\x80\x99 [\x1b[01;35m\x1b[K\x1b]8;;https://gcc.gnu.org/onlinedocs/gcc/Warning-Options.html#index-Wpedantic\x07-Wpedantic\x1b]8;;\x07\x1b[m\x1b[K]\n'}
[43.006291] (sllidar_ros2) StderrLine: {'line': b'   66 |     sl_u8 data[\x1b[01;35m\x1b[K0\x1b[m\x1b[K];\n'}
[43.007800] (sllidar_ros2) StderrLine: {'line': b'      |                \x1b[01;35m\x1b[K^\x1b[m\x1b[K\n'}
[43.008944] (sllidar_ros2) StderrLine: {'line': b'In file included from \x1b[01m\x1b[K/home/arno/RoombaV2Onboard/src/sllidar_ros2/./sdk/include/rplidar_cmd.h:36\x1b[m\x1b[K,\n'}
[43.010090] (sllidar_ros2) StderrLine: {'line': b'                 from \x1b[01m\x1b[K/home/arno/RoombaV2Onboard/src/sllidar_ros2/./sdk/include/rplidar.h:40\x1b[m\x1b[K,\n'}
[43.011438] (sllidar_ros2) StderrLine: {'line': b'                 from \x1b[01m\x1b[K/home/arno/RoombaV2Onboard/src/sllidar_ros2/./sdk/src/sdkcommon.h:49\x1b[m\x1b[K,\n'}
[43.012660] (sllidar_ros2) StderrLine: {'line': b'                 from \x1b[01m\x1b[K/home/arno/RoombaV2Onboard/src/sllidar_ros2/sdk/src/dataunpacker/unpacker/../dataunnpacker_commondef.h:41\x1b[m\x1b[K,\n'}
[43.013948] (sllidar_ros2) StderrLine: {'line': b'                 from \x1b[01m\x1b[K/home/arno/RoombaV2Onboard/src/sllidar_ros2/sdk/src/dataunpacker/unpacker/handler_capsules.cpp:39\x1b[m\x1b[K:\n'}
[43.015147] (sllidar_ros2) StderrLine: {'line': b'\x1b[01m\x1b[K/home/arno/RoombaV2Onboard/src/sllidar_ros2/./sdk/include/sl_lidar_cmd.h:324:20:\x1b[m\x1b[K \x1b[01;35m\x1b[Kwarning: \x1b[m\x1b[KISO C++ forbids zero-size array \xe2\x80\x98\x1b[01m\x1b[Kpayload\x1b[m\x1b[K\xe2\x80\x99 [\x1b[01;35m\x1b[K\x1b]8;;https://gcc.gnu.org/onlinedocs/gcc/Warning-Options.html#index-Wpedantic\x07-Wpedantic\x1b]8;;\x07\x1b[m\x1b[K]\n'}
[43.016265] (sllidar_ros2) StderrLine: {'line': b'  324 |     sl_u8  payload[\x1b[01;35m\x1b[K0\x1b[m\x1b[K];\n'}
[43.017320] (sllidar_ros2) StderrLine: {'line': b'      |                    \x1b[01;35m\x1b[K^\x1b[m\x1b[K\n'}
[43.035540] (-) TimerEvent: {}
[43.138242] (-) TimerEvent: {}
[43.239806] (-) TimerEvent: {}
[43.342452] (-) TimerEvent: {}
[43.444004] (-) TimerEvent: {}
[43.545592] (-) TimerEvent: {}
[43.647303] (-) TimerEvent: {}
[43.749189] (-) TimerEvent: {}
[43.852905] (-) TimerEvent: {}
[43.955699] (-) TimerEvent: {}
[44.057117] (-) TimerEvent: {}
[44.159290] (-) TimerEvent: {}
[44.260813] (-) TimerEvent: {}
[44.362142] (-) TimerEvent: {}
[44.463399] (-) TimerEvent: {}
[44.565338] (-) TimerEvent: {}
[44.667222] (-) TimerEvent: {}
[44.769970] (-) TimerEvent: {}
[44.872295] (-) TimerEvent: {}
[44.999250] (-) TimerEvent: {}
[45.062270] (sllidar_ros2) StderrLine: {'line': b'In file included from \x1b[01m\x1b[K/home/arno/RoombaV2Onboard/src/sllidar_ros2/sdk/src/dataunpacker/unpacker/handler_capsules.cpp:40\x1b[m\x1b[K:\n'}
[45.207332] (-) TimerEvent: {}
[45.230664] (sllidar_ros2) StderrLine: {'line': b'\x1b[01m\x1b[K/home/arno/RoombaV2Onboard/src/sllidar_ros2/sdk/src/dataunpacker/unpacker/../dataunpacker.h:\x1b[m\x1b[K In member function \xe2\x80\x98\x1b[01m\x1b[Kvirtual void sl::internal::LIDARSampleDataListener::onCustomSampleDataDecoded(_u8, _u32, const void*, size_t)\x1b[m\x1b[K\xe2\x80\x99:\n'}
[45.235400] (sllidar_ros2) StderrLine: {'line': b'\x1b[01m\x1b[K/home/arno/RoombaV2Onboard/src/sllidar_ros2/sdk/src/dataunpacker/unpacker/../dataunpacker.h:54:52:\x1b[m\x1b[K \x1b[01;35m\x1b[Kwarning: \x1b[m\x1b[Kunused parameter \xe2\x80\x98\x1b[01m\x1b[KansType\x1b[m\x1b[K\xe2\x80\x99 [\x1b[01;35m\x1b[K\x1b]8;;https://gcc.gnu.org/onlinedocs/gcc/Warning-Options.html#index-Wunused-parameter\x07-Wunused-parameter\x1b]8;;\x07\x1b[m\x1b[K]\n'}
[45.239458] (sllidar_ros2) StderrLine: {'line': b'   54 |         virtual void onCustomSampleDataDecoded(\x1b[01;35m\x1b[K_u8 ansType\x1b[m\x1b[K, _u32 customCode, const void* data, size_t size) {}\n'}
[45.240634] (sllidar_ros2) StderrLine: {'line': b'      |                                                \x1b[01;35m\x1b[K~~~~^~~~~~~\x1b[m\x1b[K\n'}
[45.241781] (sllidar_ros2) StderrLine: {'line': b'\x1b[01m\x1b[K/home/arno/RoombaV2Onboard/src/sllidar_ros2/sdk/src/dataunpacker/unpacker/../dataunpacker.h:54:66:\x1b[m\x1b[K \x1b[01;35m\x1b[Kwarning: \x1b[m\x1b[Kunused parameter \xe2\x80\x98\x1b[01m\x1b[KcustomCode\x1b[m\x1b[K\xe2\x80\x99 [\x1b[01;35m\x1b[K\x1b]8;;https://gcc.gnu.org/onlinedocs/gcc/Warning-Options.html#index-Wunused-parameter\x07-Wunused-parameter\x1b]8;;\x07\x1b[m\x1b[K]\n'}
[45.242971] (sllidar_ros2) StderrLine: {'line': b'   54 |         virtual void onCustomSampleDataDecoded(_u8 ansType, \x1b[01;35m\x1b[K_u32 customCode\x1b[m\x1b[K, const void* data, size_t size) {}\n'}
[45.244172] (sllidar_ros2) StderrLine: {'line': b'      |                                                             \x1b[01;35m\x1b[K~~~~~^~~~~~~~~~\x1b[m\x1b[K\n'}
[45.245633] (sllidar_ros2) StderrLine: {'line': b'\x1b[01m\x1b[K/home/arno/RoombaV2Onboard/src/sllidar_ros2/sdk/src/dataunpacker/unpacker/../dataunpacker.h:54:90:\x1b[m\x1b[K \x1b[01;35m\x1b[Kwarning: \x1b[m\x1b[Kunused parameter \xe2\x80\x98\x1b[01m\x1b[Kdata\x1b[m\x1b[K\xe2\x80\x99 [\x1b[01;35m\x1b[K\x1b]8;;https://gcc.gnu.org/onlinedocs/gcc/Warning-Options.html#index-Wunused-parameter\x07-Wunused-parameter\x1b]8;;\x07\x1b[m\x1b[K]\n'}
[45.247734] (sllidar_ros2) StderrLine: {'line': b'   54 |         virtual void onCustomSampleDataDecoded(_u8 ansType, _u32 customCode, \x1b[01;35m\x1b[Kconst void* data\x1b[m\x1b[K, size_t size) {}\n'}
[45.249083] (sllidar_ros2) StderrLine: {'line': b'      |                                                                              \x1b[01;35m\x1b[K~~~~~~~~~~~~^~~~\x1b[m\x1b[K\n'}
[45.254370] (sllidar_ros2) StderrLine: {'line': b'\x1b[01m\x1b[K/home/arno/RoombaV2Onboard/src/sllidar_ros2/sdk/src/dataunpacker/unpacker/../dataunpacker.h:54:103:\x1b[m\x1b[K \x1b[01;35m\x1b[Kwarning: \x1b[m\x1b[Kunused parameter \xe2\x80\x98\x1b[01m\x1b[Ksize\x1b[m\x1b[K\xe2\x80\x99 [\x1b[01;35m\x1b[K\x1b]8;;https://gcc.gnu.org/onlinedocs/gcc/Warning-Options.html#index-Wunused-parameter\x07-Wunused-parameter\x1b]8;;\x07\x1b[m\x1b[K]\n'}
[45.256480] (sllidar_ros2) StderrLine: {'line': b'   54 |         virtual void onCustomSampleDataDecoded(_u8 ansType, _u32 customCode, const void* data, \x1b[01;35m\x1b[Ksize_t size\x1b[m\x1b[K) {}\n'}
[45.257889] (sllidar_ros2) StderrLine: {'line': b'      |                                                                                                \x1b[01;35m\x1b[K~~~~~~~^~~~\x1b[m\x1b[K\n'}
[45.259509] (sllidar_ros2) StderrLine: {'line': b'\x1b[01m\x1b[K/home/arno/RoombaV2Onboard/src/sllidar_ros2/sdk/src/dataunpacker/unpacker/../dataunpacker.h:\x1b[m\x1b[K In member function \xe2\x80\x98\x1b[01m\x1b[Kvirtual void sl::internal::LIDARSampleDataListener::onDecodingError(int, _u8, const void*, size_t)\x1b[m\x1b[K\xe2\x80\x99:\n'}
[45.261401] (sllidar_ros2) StderrLine: {'line': b'\x1b[01m\x1b[K/home/arno/RoombaV2Onboard/src/sllidar_ros2/sdk/src/dataunpacker/unpacker/../dataunpacker.h:56:42:\x1b[m\x1b[K \x1b[01;35m\x1b[Kwarning: \x1b[m\x1b[Kunused parameter \xe2\x80\x98\x1b[01m\x1b[KerrMsg\x1b[m\x1b[K\xe2\x80\x99 [\x1b[01;35m\x1b[K\x1b]8;;https://gcc.gnu.org/onlinedocs/gcc/Warning-Options.html#index-Wunused-parameter\x07-Wunused-parameter\x1b]8;;\x07\x1b[m\x1b[K]\n'}
[45.262814] (sllidar_ros2) StderrLine: {'line': b'   56 |         virtual void onDecodingError(\x1b[01;35m\x1b[Kint errMsg\x1b[m\x1b[K, _u8 ansType, const void* payload, size_t size) {}\n'}
[45.264297] (sllidar_ros2) StderrLine: {'line': b'      |                                      \x1b[01;35m\x1b[K~~~~^~~~~~\x1b[m\x1b[K\n'}
[45.265660] (sllidar_ros2) StderrLine: {'line': b'\x1b[01m\x1b[K/home/arno/RoombaV2Onboard/src/sllidar_ros2/sdk/src/dataunpacker/unpacker/../dataunpacker.h:56:54:\x1b[m\x1b[K \x1b[01;35m\x1b[Kwarning: \x1b[m\x1b[Kunused parameter \xe2\x80\x98\x1b[01m\x1b[KansType\x1b[m\x1b[K\xe2\x80\x99 [\x1b[01;35m\x1b[K\x1b]8;;https://gcc.gnu.org/onlinedocs/gcc/Warning-Options.html#index-Wunused-parameter\x07-Wunused-parameter\x1b]8;;\x07\x1b[m\x1b[K]\n'}
[45.287795] (sllidar_ros2) StderrLine: {'line': b'   56 |         virtual void onDecodingError(int errMsg, \x1b[01;35m\x1b[K_u8 ansType\x1b[m\x1b[K, const void* payload, size_t size) {}\n'}
[45.289720] (sllidar_ros2) StderrLine: {'line': b'      |                                                  \x1b[01;35m\x1b[K~~~~^~~~~~~\x1b[m\x1b[K\n'}
[45.291327] (sllidar_ros2) StderrLine: {'line': b'\x1b[01m\x1b[K/home/arno/RoombaV2Onboard/src/sllidar_ros2/sdk/src/dataunpacker/unpacker/../dataunpacker.h:56:75:\x1b[m\x1b[K \x1b[01;35m\x1b[Kwarning: \x1b[m\x1b[Kunused parameter \xe2\x80\x98\x1b[01m\x1b[Kpayload\x1b[m\x1b[K\xe2\x80\x99 [\x1b[01;35m\x1b[K\x1b]8;;https://gcc.gnu.org/onlinedocs/gcc/Warning-Options.html#index-Wunused-parameter\x07-Wunused-parameter\x1b]8;;\x07\x1b[m\x1b[K]\n'}
[45.293025] (sllidar_ros2) StderrLine: {'line': b'   56 |         virtual void onDecodingError(int errMsg, _u8 ansType, \x1b[01;35m\x1b[Kconst void* payload\x1b[m\x1b[K, size_t size) {}\n'}
[45.295001] (sllidar_ros2) StderrLine: {'line': b'      |                                                               \x1b[01;35m\x1b[K~~~~~~~~~~~~^~~~~~~\x1b[m\x1b[K\n'}
[45.296597] (sllidar_ros2) StderrLine: {'line': b'\x1b[01m\x1b[K/home/arno/RoombaV2Onboard/src/sllidar_ros2/sdk/src/dataunpacker/unpacker/../dataunpacker.h:56:91:\x1b[m\x1b[K \x1b[01;35m\x1b[Kwarning: \x1b[m\x1b[Kunused parameter \xe2\x80\x98\x1b[01m\x1b[Ksize\x1b[m\x1b[K\xe2\x80\x99 [\x1b[01;35m\x1b[K\x1b]8;;https://gcc.gnu.org/onlinedocs/gcc/Warning-Options.html#index-Wunused-parameter\x07-Wunused-parameter\x1b]8;;\x07\x1b[m\x1b[K]\n'}
[45.363886] (-) TimerEvent: {}
[45.365565] (sllidar_ros2) StderrLine: {'line': b'   56 |         virtual void onDecodingError(int errMsg, _u8 ansType, const void* payload, \x1b[01;35m\x1b[Ksize_t size\x1b[m\x1b[K) {}\n'}
[45.367743] (sllidar_ros2) StderrLine: {'line': b'      |                                                                                    \x1b[01;35m\x1b[K~~~~~~~^~~~\x1b[m\x1b[K\n'}
[45.368834] (sllidar_ros2) StderrLine: {'line': b'\x1b[01m\x1b[K/home/arno/RoombaV2Onboard/src/sllidar_ros2/sdk/src/dataunpacker/unpacker/handler_capsules.cpp:\x1b[m\x1b[K In member function \xe2\x80\x98\x1b[01m\x1b[Kvoid sl::internal::unpacker::UnpackerHandler_DenseCapsuleNode::_onScanNodeDenseCapsuleData(rplidar_response_dense_capsule_measurement_nodes_t&, sl::internal::LIDARSampleDataUnpackerInner*)\x1b[m\x1b[K\xe2\x80\x99:\n'}
[45.369798] (sllidar_ros2) StderrLine: {'line': b'\x1b[01m\x1b[K/home/arno/RoombaV2Onboard/src/sllidar_ros2/sdk/src/dataunpacker/unpacker/handler_capsules.cpp:763:30:\x1b[m\x1b[K \x1b[01;35m\x1b[Kwarning: \x1b[m\x1b[Ktype qualifiers ignored on cast result type [\x1b[01;35m\x1b[K\x1b]8;;https://gcc.gnu.org/onlinedocs/gcc/Warning-Options.html#index-Wignored-qualifiers\x07-Wignored-qualifiers\x1b]8;;\x07\x1b[m\x1b[K]\n'}
[45.370958] (sllidar_ros2) StderrLine: {'line': b'  763 |             const int dist = \x1b[01;35m\x1b[Kstatic_cast<const int>(_cached_previous_dense_capsuledata.cabins[pos].distance)\x1b[m\x1b[K;\n'}
[45.372318] (sllidar_ros2) StderrLine: {'line': b'      |                              \x1b[01;35m\x1b[K^~~~~~~~~~~~~~~~~~~~~~~~~~~~~~~~~~~~~~~~~~~~~~~~~~~~~~~~~~~~~~~~~~~~~~~~~~~~~~~\x1b[m\x1b[K\n'}
[45.857826] (-) TimerEvent: {}
[45.959372] (-) TimerEvent: {}
[46.060822] (-) TimerEvent: {}
[46.162238] (-) TimerEvent: {}
[46.263828] (-) TimerEvent: {}
[46.365164] (-) TimerEvent: {}
[46.468773] (-) TimerEvent: {}
[46.570975] (-) TimerEvent: {}
[46.672993] (-) TimerEvent: {}
[46.774981] (-) TimerEvent: {}
[46.877601] (-) TimerEvent: {}
[46.980760] (-) TimerEvent: {}
[47.083551] (-) TimerEvent: {}
[47.187025] (-) TimerEvent: {}
[47.290608] (-) TimerEvent: {}
[47.394021] (-) TimerEvent: {}
[47.497235] (-) TimerEvent: {}
[47.598922] (-) TimerEvent: {}
[47.700627] (-) TimerEvent: {}
[47.802103] (-) TimerEvent: {}
[47.904010] (-) TimerEvent: {}
[48.005442] (-) TimerEvent: {}
[48.106732] (-) TimerEvent: {}
[48.208299] (-) TimerEvent: {}
[48.310923] (-) TimerEvent: {}
[48.427653] (-) TimerEvent: {}
[48.532492] (-) TimerEvent: {}
[48.660963] (-) TimerEvent: {}
[48.770020] (-) TimerEvent: {}
[48.982847] (-) TimerEvent: {}
[49.089630] (-) TimerEvent: {}
[49.246357] (-) TimerEvent: {}
[49.364011] (-) TimerEvent: {}
[49.467294] (-) TimerEvent: {}
[49.570459] (-) TimerEvent: {}
[49.673648] (-) TimerEvent: {}
[49.776985] (-) TimerEvent: {}
[49.789200] (sllidar_ros2) StdoutLine: {'line': b'[ 45%] \x1b[32mBuilding CXX object CMakeFiles/sllidar_node.dir/sdk/src/dataunpacker/unpacker/handler_normalnode.cpp.o\x1b[0m\n'}
[49.877442] (-) TimerEvent: {}
[49.979064] (-) TimerEvent: {}
[50.082974] (-) TimerEvent: {}
[50.186311] (-) TimerEvent: {}
[50.290025] (-) TimerEvent: {}
[50.393999] (-) TimerEvent: {}
[50.429540] (sllidar_ros2) StderrLine: {'line': b'In file included from \x1b[01m\x1b[K/home/arno/RoombaV2Onboard/src/sllidar_ros2/./sdk/include/rplidar_protocol.h:36\x1b[m\x1b[K,\n'}
[50.432444] (sllidar_ros2) StderrLine: {'line': b'                 from \x1b[01m\x1b[K/home/arno/RoombaV2Onboard/src/sllidar_ros2/./sdk/include/rplidar.h:39\x1b[m\x1b[K,\n'}
[50.436942] (sllidar_ros2) StderrLine: {'line': b'                 from \x1b[01m\x1b[K/home/arno/RoombaV2Onboard/src/sllidar_ros2/./sdk/src/sdkcommon.h:49\x1b[m\x1b[K,\n'}
[50.439974] (sllidar_ros2) StderrLine: {'line': b'                 from \x1b[01m\x1b[K/home/arno/RoombaV2Onboard/src/sllidar_ros2/sdk/src/dataunpacker/unpacker/../dataunnpacker_commondef.h:41\x1b[m\x1b[K,\n'}
[50.441983] (sllidar_ros2) StderrLine: {'line': b'                 from \x1b[01m\x1b[K/home/arno/RoombaV2Onboard/src/sllidar_ros2/sdk/src/dataunpacker/unpacker/handler_hqnode.cpp:39\x1b[m\x1b[K:\n'}
[50.443794] (sllidar_ros2) StderrLine: {'line': b'\x1b[01m\x1b[K/home/arno/RoombaV2Onboard/src/sllidar_ros2/./sdk/include/sl_lidar_protocol.h:66:16:\x1b[m\x1b[K \x1b[01;35m\x1b[Kwarning: \x1b[m\x1b[KISO C++ forbids zero-size array \xe2\x80\x98\x1b[01m\x1b[Kdata\x1b[m\x1b[K\xe2\x80\x99 [\x1b[01;35m\x1b[K\x1b]8;;https://gcc.gnu.org/onlinedocs/gcc/Warning-Options.html#index-Wpedantic\x07-Wpedantic\x1b]8;;\x07\x1b[m\x1b[K]\n'}
[50.445427] (sllidar_ros2) StderrLine: {'line': b'   66 |     sl_u8 data[\x1b[01;35m\x1b[K0\x1b[m\x1b[K];\n'}
[50.446897] (sllidar_ros2) StderrLine: {'line': b'      |                \x1b[01;35m\x1b[K^\x1b[m\x1b[K\n'}
[50.456798] (sllidar_ros2) StderrLine: {'line': b'In file included from \x1b[01m\x1b[K/home/arno/RoombaV2Onboard/src/sllidar_ros2/./sdk/include/rplidar_cmd.h:36\x1b[m\x1b[K,\n'}
[50.463269] (sllidar_ros2) StderrLine: {'line': b'                 from \x1b[01m\x1b[K/home/arno/RoombaV2Onboard/src/sllidar_ros2/./sdk/include/rplidar.h:40\x1b[m\x1b[K,\n'}
[50.464975] (sllidar_ros2) StderrLine: {'line': b'                 from \x1b[01m\x1b[K/home/arno/RoombaV2Onboard/src/sllidar_ros2/./sdk/src/sdkcommon.h:49\x1b[m\x1b[K,\n'}
[50.466967] (sllidar_ros2) StderrLine: {'line': b'                 from \x1b[01m\x1b[K/home/arno/RoombaV2Onboard/src/sllidar_ros2/sdk/src/dataunpacker/unpacker/../dataunnpacker_commondef.h:41\x1b[m\x1b[K,\n'}
[50.468915] (sllidar_ros2) StderrLine: {'line': b'                 from \x1b[01m\x1b[K/home/arno/RoombaV2Onboard/src/sllidar_ros2/sdk/src/dataunpacker/unpacker/handler_hqnode.cpp:39\x1b[m\x1b[K:\n'}
[50.478890] (sllidar_ros2) StderrLine: {'line': b'\x1b[01m\x1b[K/home/arno/RoombaV2Onboard/src/sllidar_ros2/./sdk/include/sl_lidar_cmd.h:324:20:\x1b[m\x1b[K \x1b[01;35m\x1b[Kwarning: \x1b[m\x1b[KISO C++ forbids zero-size array \xe2\x80\x98\x1b[01m\x1b[Kpayload\x1b[m\x1b[K\xe2\x80\x99 [\x1b[01;35m\x1b[K\x1b]8;;https://gcc.gnu.org/onlinedocs/gcc/Warning-Options.html#index-Wpedantic\x07-Wpedantic\x1b]8;;\x07\x1b[m\x1b[K]\n'}
[50.480981] (sllidar_ros2) StderrLine: {'line': b'  324 |     sl_u8  payload[\x1b[01;35m\x1b[K0\x1b[m\x1b[K];\n'}
[50.482984] (sllidar_ros2) StderrLine: {'line': b'      |                    \x1b[01;35m\x1b[K^\x1b[m\x1b[K\n'}
[50.494344] (-) TimerEvent: {}
[50.596233] (-) TimerEvent: {}
[50.698175] (-) TimerEvent: {}
[50.800001] (-) TimerEvent: {}
[50.901638] (-) TimerEvent: {}
[51.004591] (-) TimerEvent: {}
[51.107588] (-) TimerEvent: {}
[51.209266] (-) TimerEvent: {}
[51.312989] (-) TimerEvent: {}
[53.237030] (-) TimerEvent: {}
[53.412257] (-) TimerEvent: {}
[53.514278] (-) TimerEvent: {}
[53.607477] (sllidar_ros2) StderrLine: {'line': b'In file included from \x1b[01m\x1b[K/home/arno/RoombaV2Onboard/src/sllidar_ros2/sdk/src/dataunpacker/unpacker/handler_hqnode.cpp:40\x1b[m\x1b[K:\n'}
[53.609213] (sllidar_ros2) StderrLine: {'line': b'\x1b[01m\x1b[K/home/arno/RoombaV2Onboard/src/sllidar_ros2/sdk/src/dataunpacker/unpacker/../dataunpacker.h:\x1b[m\x1b[K In member function \xe2\x80\x98\x1b[01m\x1b[Kvirtual void sl::internal::LIDARSampleDataListener::onCustomSampleDataDecoded(_u8, _u32, const void*, size_t)\x1b[m\x1b[K\xe2\x80\x99:\n'}
[53.610883] (sllidar_ros2) StderrLine: {'line': b'\x1b[01m\x1b[K/home/arno/RoombaV2Onboard/src/sllidar_ros2/sdk/src/dataunpacker/unpacker/../dataunpacker.h:54:52:\x1b[m\x1b[K \x1b[01;35m\x1b[Kwarning: \x1b[m\x1b[Kunused parameter \xe2\x80\x98\x1b[01m\x1b[KansType\x1b[m\x1b[K\xe2\x80\x99 [\x1b[01;35m\x1b[K\x1b]8;;https://gcc.gnu.org/onlinedocs/gcc/Warning-Options.html#index-Wunused-parameter\x07-Wunused-parameter\x1b]8;;\x07\x1b[m\x1b[K]\n'}
[53.612630] (sllidar_ros2) StderrLine: {'line': b'   54 |         virtual void onCustomSampleDataDecoded(\x1b[01;35m\x1b[K_u8 ansType\x1b[m\x1b[K, _u32 customCode, const void* data, size_t size) {}\n'}
[53.613894] (sllidar_ros2) StderrLine: {'line': b'      |                                                \x1b[01;35m\x1b[K~~~~^~~~~~~\x1b[m\x1b[K\n'}
[53.619008] (-) TimerEvent: {}
[53.620329] (sllidar_ros2) StderrLine: {'line': b'\x1b[01m\x1b[K/home/arno/RoombaV2Onboard/src/sllidar_ros2/sdk/src/dataunpacker/unpacker/../dataunpacker.h:54:66:\x1b[m\x1b[K \x1b[01;35m\x1b[Kwarning: \x1b[m\x1b[Kunused parameter \xe2\x80\x98\x1b[01m\x1b[KcustomCode\x1b[m\x1b[K\xe2\x80\x99 [\x1b[01;35m\x1b[K\x1b]8;;https://gcc.gnu.org/onlinedocs/gcc/Warning-Options.html#index-Wunused-parameter\x07-Wunused-parameter\x1b]8;;\x07\x1b[m\x1b[K]\n'}
[53.621786] (sllidar_ros2) StderrLine: {'line': b'   54 |         virtual void onCustomSampleDataDecoded(_u8 ansType, \x1b[01;35m\x1b[K_u32 customCode\x1b[m\x1b[K, const void* data, size_t size) {}\n'}
[53.623388] (sllidar_ros2) StderrLine: {'line': b'      |                                                             \x1b[01;35m\x1b[K~~~~~^~~~~~~~~~\x1b[m\x1b[K\n'}
[53.624645] (sllidar_ros2) StderrLine: {'line': b'\x1b[01m\x1b[K/home/arno/RoombaV2Onboard/src/sllidar_ros2/sdk/src/dataunpacker/unpacker/../dataunpacker.h:54:90:\x1b[m\x1b[K \x1b[01;35m\x1b[Kwarning: \x1b[m\x1b[Kunused parameter \xe2\x80\x98\x1b[01m\x1b[Kdata\x1b[m\x1b[K\xe2\x80\x99 [\x1b[01;35m\x1b[K\x1b]8;;https://gcc.gnu.org/onlinedocs/gcc/Warning-Options.html#index-Wunused-parameter\x07-Wunused-parameter\x1b]8;;\x07\x1b[m\x1b[K]\n'}
[53.625725] (sllidar_ros2) StderrLine: {'line': b'   54 |         virtual void onCustomSampleDataDecoded(_u8 ansType, _u32 customCode, \x1b[01;35m\x1b[Kconst void* data\x1b[m\x1b[K, size_t size) {}\n'}
[53.627011] (sllidar_ros2) StderrLine: {'line': b'      |                                                                              \x1b[01;35m\x1b[K~~~~~~~~~~~~^~~~\x1b[m\x1b[K\n'}
[53.628278] (sllidar_ros2) StderrLine: {'line': b'\x1b[01m\x1b[K/home/arno/RoombaV2Onboard/src/sllidar_ros2/sdk/src/dataunpacker/unpacker/../dataunpacker.h:54:103:\x1b[m\x1b[K \x1b[01;35m\x1b[Kwarning: \x1b[m\x1b[Kunused parameter \xe2\x80\x98\x1b[01m\x1b[Ksize\x1b[m\x1b[K\xe2\x80\x99 [\x1b[01;35m\x1b[K\x1b]8;;https://gcc.gnu.org/onlinedocs/gcc/Warning-Options.html#index-Wunused-parameter\x07-Wunused-parameter\x1b]8;;\x07\x1b[m\x1b[K]\n'}
[53.629590] (sllidar_ros2) StderrLine: {'line': b'   54 |         virtual void onCustomSampleDataDecoded(_u8 ansType, _u32 customCode, const void* data, \x1b[01;35m\x1b[Ksize_t size\x1b[m\x1b[K) {}\n'}
[53.631184] (sllidar_ros2) StderrLine: {'line': b'      |                                                                                                \x1b[01;35m\x1b[K~~~~~~~^~~~\x1b[m\x1b[K\n'}
[53.632732] (sllidar_ros2) StderrLine: {'line': b'\x1b[01m\x1b[K/home/arno/RoombaV2Onboard/src/sllidar_ros2/sdk/src/dataunpacker/unpacker/../dataunpacker.h:\x1b[m\x1b[K In member function \xe2\x80\x98\x1b[01m\x1b[Kvirtual void sl::internal::LIDARSampleDataListener::onDecodingError(int, _u8, const void*, size_t)\x1b[m\x1b[K\xe2\x80\x99:\n'}
[53.634733] (sllidar_ros2) StderrLine: {'line': b'\x1b[01m\x1b[K/home/arno/RoombaV2Onboard/src/sllidar_ros2/sdk/src/dataunpacker/unpacker/../dataunpacker.h:56:42:\x1b[m\x1b[K \x1b[01;35m\x1b[Kwarning: \x1b[m\x1b[Kunused parameter \xe2\x80\x98\x1b[01m\x1b[KerrMsg\x1b[m\x1b[K\xe2\x80\x99 [\x1b[01;35m\x1b[K\x1b]8;;https://gcc.gnu.org/onlinedocs/gcc/Warning-Options.html#index-Wunused-parameter\x07-Wunused-parameter\x1b]8;;\x07\x1b[m\x1b[K]\n'}
[53.636677] (sllidar_ros2) StderrLine: {'line': b'   56 |         virtual void onDecodingError(\x1b[01;35m\x1b[Kint errMsg\x1b[m\x1b[K, _u8 ansType, const void* payload, size_t size) {}\n'}
[53.638016] (sllidar_ros2) StderrLine: {'line': b'      |                                      \x1b[01;35m\x1b[K~~~~^~~~~~\x1b[m\x1b[K\n'}
[53.639523] (sllidar_ros2) StderrLine: {'line': b'\x1b[01m\x1b[K/home/arno/RoombaV2Onboard/src/sllidar_ros2/sdk/src/dataunpacker/unpacker/../dataunpacker.h:56:54:\x1b[m\x1b[K \x1b[01;35m\x1b[Kwarning: \x1b[m\x1b[Kunused parameter \xe2\x80\x98\x1b[01m\x1b[KansType\x1b[m\x1b[K\xe2\x80\x99 [\x1b[01;35m\x1b[K\x1b]8;;https://gcc.gnu.org/onlinedocs/gcc/Warning-Options.html#index-Wunused-parameter\x07-Wunused-parameter\x1b]8;;\x07\x1b[m\x1b[K]\n'}
[53.642048] (sllidar_ros2) StderrLine: {'line': b'   56 |         virtual void onDecodingError(int errMsg, \x1b[01;35m\x1b[K_u8 ansType\x1b[m\x1b[K, const void* payload, size_t size) {}\n'}
[53.643756] (sllidar_ros2) StderrLine: {'line': b'      |                                                  \x1b[01;35m\x1b[K~~~~^~~~~~~\x1b[m\x1b[K\n'}
[53.645465] (sllidar_ros2) StderrLine: {'line': b'\x1b[01m\x1b[K/home/arno/RoombaV2Onboard/src/sllidar_ros2/sdk/src/dataunpacker/unpacker/../dataunpacker.h:56:75:\x1b[m\x1b[K \x1b[01;35m\x1b[Kwarning: \x1b[m\x1b[Kunused parameter \xe2\x80\x98\x1b[01m\x1b[Kpayload\x1b[m\x1b[K\xe2\x80\x99 [\x1b[01;35m\x1b[K\x1b]8;;https://gcc.gnu.org/onlinedocs/gcc/Warning-Options.html#index-Wunused-parameter\x07-Wunused-parameter\x1b]8;;\x07\x1b[m\x1b[K]\n'}
[53.648868] (sllidar_ros2) StderrLine: {'line': b'   56 |         virtual void onDecodingError(int errMsg, _u8 ansType, \x1b[01;35m\x1b[Kconst void* payload\x1b[m\x1b[K, size_t size) {}\n'}
[53.650118] (sllidar_ros2) StderrLine: {'line': b'      |                                                               \x1b[01;35m\x1b[K~~~~~~~~~~~~^~~~~~~\x1b[m\x1b[K\n'}
[53.651625] (sllidar_ros2) StderrLine: {'line': b'\x1b[01m\x1b[K/home/arno/RoombaV2Onboard/src/sllidar_ros2/sdk/src/dataunpacker/unpacker/../dataunpacker.h:56:91:\x1b[m\x1b[K \x1b[01;35m\x1b[Kwarning: \x1b[m\x1b[Kunused parameter \xe2\x80\x98\x1b[01m\x1b[Ksize\x1b[m\x1b[K\xe2\x80\x99 [\x1b[01;35m\x1b[K\x1b]8;;https://gcc.gnu.org/onlinedocs/gcc/Warning-Options.html#index-Wunused-parameter\x07-Wunused-parameter\x1b]8;;\x07\x1b[m\x1b[K]\n'}
[53.653312] (sllidar_ros2) StderrLine: {'line': b'   56 |         virtual void onDecodingError(int errMsg, _u8 ansType, const void* payload, \x1b[01;35m\x1b[Ksize_t size\x1b[m\x1b[K) {}\n'}
[53.655006] (sllidar_ros2) StderrLine: {'line': b'      |                                                                                    \x1b[01;35m\x1b[K~~~~~~~^~~~\x1b[m\x1b[K\n'}
[53.719436] (-) TimerEvent: {}
[53.821510] (-) TimerEvent: {}
[53.923849] (-) TimerEvent: {}
[54.026805] (-) TimerEvent: {}
[54.129818] (-) TimerEvent: {}
[54.231383] (-) TimerEvent: {}
[54.334088] (-) TimerEvent: {}
[54.436267] (-) TimerEvent: {}
[54.537952] (-) TimerEvent: {}
[54.639415] (-) TimerEvent: {}
[54.740730] (-) TimerEvent: {}
[54.842226] (-) TimerEvent: {}
[54.944038] (-) TimerEvent: {}
[55.046049] (-) TimerEvent: {}
[55.147812] (-) TimerEvent: {}
[55.249513] (-) TimerEvent: {}
[55.351281] (-) TimerEvent: {}
[55.452443] (-) TimerEvent: {}
[55.553816] (-) TimerEvent: {}
[55.655715] (-) TimerEvent: {}
[55.757266] (-) TimerEvent: {}
[55.859837] (-) TimerEvent: {}
[55.961307] (-) TimerEvent: {}
[56.063288] (-) TimerEvent: {}
[56.165028] (-) TimerEvent: {}
[56.266242] (-) TimerEvent: {}
[56.367958] (-) TimerEvent: {}
[56.469683] (-) TimerEvent: {}
[56.571828] (-) TimerEvent: {}
[56.674941] (-) TimerEvent: {}
[56.776540] (-) TimerEvent: {}
[56.878399] (-) TimerEvent: {}
[56.980169] (-) TimerEvent: {}
[57.082021] (-) TimerEvent: {}
[57.101521] (sllidar_ros2) StdoutLine: {'line': b'[ 50%] \x1b[32mBuilding CXX object CMakeFiles/sllidar_node.dir/sdk/src/hal/thread.cpp.o\x1b[0m\n'}
[57.182438] (-) TimerEvent: {}
[57.284627] (-) TimerEvent: {}
[57.386535] (-) TimerEvent: {}
[57.489371] (-) TimerEvent: {}
[57.591056] (-) TimerEvent: {}
[57.693062] (-) TimerEvent: {}
[57.795210] (-) TimerEvent: {}
[57.898127] (-) TimerEvent: {}
[58.001124] (-) TimerEvent: {}
[58.104466] (-) TimerEvent: {}
[58.208091] (-) TimerEvent: {}
[58.311179] (-) TimerEvent: {}
[58.414983] (-) TimerEvent: {}
[58.516716] (-) TimerEvent: {}
[58.618772] (-) TimerEvent: {}
[58.720923] (-) TimerEvent: {}
[58.822125] (-) TimerEvent: {}
[58.924317] (-) TimerEvent: {}
[59.025968] (-) TimerEvent: {}
[59.127469] (-) TimerEvent: {}
[59.229073] (-) TimerEvent: {}
[59.330694] (-) TimerEvent: {}
[59.432250] (-) TimerEvent: {}
[59.534233] (-) TimerEvent: {}
[59.636179] (-) TimerEvent: {}
[59.738299] (-) TimerEvent: {}
[59.841562] (-) TimerEvent: {}
[59.944676] (-) TimerEvent: {}
[59.993867] (sllidar_ros2) StderrLine: {'line': b'In file included from \x1b[01m\x1b[K/home/arno/RoombaV2Onboard/src/sllidar_ros2/./sdk/include/rplidar_protocol.h:36\x1b[m\x1b[K,\n'}
[59.996934] (sllidar_ros2) StderrLine: {'line': b'                 from \x1b[01m\x1b[K/home/arno/RoombaV2Onboard/src/sllidar_ros2/./sdk/include/rplidar.h:39\x1b[m\x1b[K,\n'}
[59.998071] (sllidar_ros2) StderrLine: {'line': b'                 from \x1b[01m\x1b[K/home/arno/RoombaV2Onboard/src/sllidar_ros2/./sdk/src/sdkcommon.h:49\x1b[m\x1b[K,\n'}
[59.999264] (sllidar_ros2) StderrLine: {'line': b'                 from \x1b[01m\x1b[K/home/arno/RoombaV2Onboard/src/sllidar_ros2/sdk/src/dataunpacker/unpacker/../dataunnpacker_commondef.h:41\x1b[m\x1b[K,\n'}
[60.000277] (sllidar_ros2) StderrLine: {'line': b'                 from \x1b[01m\x1b[K/home/arno/RoombaV2Onboard/src/sllidar_ros2/sdk/src/dataunpacker/unpacker/handler_normalnode.cpp:39\x1b[m\x1b[K:\n'}
[60.001331] (sllidar_ros2) StderrLine: {'line': b'\x1b[01m\x1b[K/home/arno/RoombaV2Onboard/src/sllidar_ros2/./sdk/include/sl_lidar_protocol.h:66:16:\x1b[m\x1b[K \x1b[01;35m\x1b[Kwarning: \x1b[m\x1b[KISO C++ forbids zero-size array \xe2\x80\x98\x1b[01m\x1b[Kdata\x1b[m\x1b[K\xe2\x80\x99 [\x1b[01;35m\x1b[K\x1b]8;;https://gcc.gnu.org/onlinedocs/gcc/Warning-Options.html#index-Wpedantic\x07-Wpedantic\x1b]8;;\x07\x1b[m\x1b[K]\n'}
[60.002947] (sllidar_ros2) StderrLine: {'line': b'   66 |     sl_u8 data[\x1b[01;35m\x1b[K0\x1b[m\x1b[K];\n'}
[60.004212] (sllidar_ros2) StderrLine: {'line': b'      |                \x1b[01;35m\x1b[K^\x1b[m\x1b[K\n'}
[60.009388] (sllidar_ros2) StderrLine: {'line': b'In file included from \x1b[01m\x1b[K/home/arno/RoombaV2Onboard/src/sllidar_ros2/./sdk/include/rplidar_cmd.h:36\x1b[m\x1b[K,\n'}
[60.011040] (sllidar_ros2) StderrLine: {'line': b'                 from \x1b[01m\x1b[K/home/arno/RoombaV2Onboard/src/sllidar_ros2/./sdk/include/rplidar.h:40\x1b[m\x1b[K,\n'}
[60.012284] (sllidar_ros2) StderrLine: {'line': b'                 from \x1b[01m\x1b[K/home/arno/RoombaV2Onboard/src/sllidar_ros2/./sdk/src/sdkcommon.h:49\x1b[m\x1b[K,\n'}
[60.013550] (sllidar_ros2) StderrLine: {'line': b'                 from \x1b[01m\x1b[K/home/arno/RoombaV2Onboard/src/sllidar_ros2/sdk/src/dataunpacker/unpacker/../dataunnpacker_commondef.h:41\x1b[m\x1b[K,\n'}
[60.021517] (sllidar_ros2) StderrLine: {'line': b'                 from \x1b[01m\x1b[K/home/arno/RoombaV2Onboard/src/sllidar_ros2/sdk/src/dataunpacker/unpacker/handler_normalnode.cpp:39\x1b[m\x1b[K:\n'}
[60.023396] (sllidar_ros2) StderrLine: {'line': b'\x1b[01m\x1b[K/home/arno/RoombaV2Onboard/src/sllidar_ros2/./sdk/include/sl_lidar_cmd.h:324:20:\x1b[m\x1b[K \x1b[01;35m\x1b[Kwarning: \x1b[m\x1b[KISO C++ forbids zero-size array \xe2\x80\x98\x1b[01m\x1b[Kpayload\x1b[m\x1b[K\xe2\x80\x99 [\x1b[01;35m\x1b[K\x1b]8;;https://gcc.gnu.org/onlinedocs/gcc/Warning-Options.html#index-Wpedantic\x07-Wpedantic\x1b]8;;\x07\x1b[m\x1b[K]\n'}
[60.024821] (sllidar_ros2) StderrLine: {'line': b'  324 |     sl_u8  payload[\x1b[01;35m\x1b[K0\x1b[m\x1b[K];\n'}
[60.026042] (sllidar_ros2) StderrLine: {'line': b'      |                    \x1b[01;35m\x1b[K^\x1b[m\x1b[K\n'}
[60.045028] (-) TimerEvent: {}
[60.147966] (-) TimerEvent: {}
[60.249890] (-) TimerEvent: {}
[60.351918] (-) TimerEvent: {}
[60.456292] (-) TimerEvent: {}
[60.558953] (-) TimerEvent: {}
[60.660680] (-) TimerEvent: {}
[60.762134] (-) TimerEvent: {}
[60.863863] (-) TimerEvent: {}
[60.965539] (-) TimerEvent: {}
[61.067433] (-) TimerEvent: {}
[61.168938] (-) TimerEvent: {}
[61.270464] (-) TimerEvent: {}
[61.372045] (-) TimerEvent: {}
[61.473756] (-) TimerEvent: {}
[61.575418] (-) TimerEvent: {}
[61.676988] (-) TimerEvent: {}
[61.778635] (-) TimerEvent: {}
[61.880200] (-) TimerEvent: {}
[61.981754] (-) TimerEvent: {}
[62.083653] (-) TimerEvent: {}
[62.185736] (-) TimerEvent: {}
[62.287560] (-) TimerEvent: {}
[62.389153] (-) TimerEvent: {}
[62.491179] (-) TimerEvent: {}
[62.592960] (-) TimerEvent: {}
[62.694900] (-) TimerEvent: {}
[62.796583] (-) TimerEvent: {}
[62.898185] (-) TimerEvent: {}
[63.000546] (-) TimerEvent: {}
[63.102103] (-) TimerEvent: {}
[63.203754] (-) TimerEvent: {}
[63.306694] (-) TimerEvent: {}
[63.553710] (-) TimerEvent: {}
[63.655012] (-) TimerEvent: {}
[63.757524] (-) TimerEvent: {}
[63.860762] (-) TimerEvent: {}
[63.970539] (-) TimerEvent: {}
[64.073475] (-) TimerEvent: {}
[64.175512] (-) TimerEvent: {}
[64.277578] (-) TimerEvent: {}
[64.378774] (-) TimerEvent: {}
[64.457119] (sllidar_ros2) StderrLine: {'line': b'In file included from \x1b[01m\x1b[K/home/arno/RoombaV2Onboard/src/sllidar_ros2/sdk/src/dataunpacker/unpacker/handler_normalnode.cpp:40\x1b[m\x1b[K:\n'}
[64.467293] (sllidar_ros2) StderrLine: {'line': b'\x1b[01m\x1b[K/home/arno/RoombaV2Onboard/src/sllidar_ros2/sdk/src/dataunpacker/unpacker/../dataunpacker.h:\x1b[m\x1b[K In member function \xe2\x80\x98\x1b[01m\x1b[Kvirtual void sl::internal::LIDARSampleDataListener::onCustomSampleDataDecoded(_u8, _u32, const void*, size_t)\x1b[m\x1b[K\xe2\x80\x99:\n'}
[64.470306] (sllidar_ros2) StderrLine: {'line': b'\x1b[01m\x1b[K/home/arno/RoombaV2Onboard/src/sllidar_ros2/sdk/src/dataunpacker/unpacker/../dataunpacker.h:54:52:\x1b[m\x1b[K \x1b[01;35m\x1b[Kwarning: \x1b[m\x1b[Kunused parameter \xe2\x80\x98\x1b[01m\x1b[KansType\x1b[m\x1b[K\xe2\x80\x99 [\x1b[01;35m\x1b[K\x1b]8;;https://gcc.gnu.org/onlinedocs/gcc/Warning-Options.html#index-Wunused-parameter\x07-Wunused-parameter\x1b]8;;\x07\x1b[m\x1b[K]\n'}
[64.471816] (sllidar_ros2) StderrLine: {'line': b'   54 |         virtual void onCustomSampleDataDecoded(\x1b[01;35m\x1b[K_u8 ansType\x1b[m\x1b[K, _u32 customCode, const void* data, size_t size) {}\n'}
[64.472941] (sllidar_ros2) StderrLine: {'line': b'      |                                                \x1b[01;35m\x1b[K~~~~^~~~~~~\x1b[m\x1b[K\n'}
[64.473876] (sllidar_ros2) StderrLine: {'line': b'\x1b[01m\x1b[K/home/arno/RoombaV2Onboard/src/sllidar_ros2/sdk/src/dataunpacker/unpacker/../dataunpacker.h:54:66:\x1b[m\x1b[K \x1b[01;35m\x1b[Kwarning: \x1b[m\x1b[Kunused parameter \xe2\x80\x98\x1b[01m\x1b[KcustomCode\x1b[m\x1b[K\xe2\x80\x99 [\x1b[01;35m\x1b[K\x1b]8;;https://gcc.gnu.org/onlinedocs/gcc/Warning-Options.html#index-Wunused-parameter\x07-Wunused-parameter\x1b]8;;\x07\x1b[m\x1b[K]\n'}
[64.475158] (sllidar_ros2) StderrLine: {'line': b'   54 |         virtual void onCustomSampleDataDecoded(_u8 ansType, \x1b[01;35m\x1b[K_u32 customCode\x1b[m\x1b[K, const void* data, size_t size) {}\n'}
[64.476193] (sllidar_ros2) StderrLine: {'line': b'      |                                                             \x1b[01;35m\x1b[K~~~~~^~~~~~~~~~\x1b[m\x1b[K\n'}
[64.477314] (sllidar_ros2) StderrLine: {'line': b'\x1b[01m\x1b[K/home/arno/RoombaV2Onboard/src/sllidar_ros2/sdk/src/dataunpacker/unpacker/../dataunpacker.h:54:90:\x1b[m\x1b[K \x1b[01;35m\x1b[Kwarning: \x1b[m\x1b[Kunused parameter \xe2\x80\x98\x1b[01m\x1b[Kdata\x1b[m\x1b[K\xe2\x80\x99 [\x1b[01;35m\x1b[K\x1b]8;;https://gcc.gnu.org/onlinedocs/gcc/Warning-Options.html#index-Wunused-parameter\x07-Wunused-parameter\x1b]8;;\x07\x1b[m\x1b[K]\n'}
[64.483427] (-) TimerEvent: {}
[64.489057] (sllidar_ros2) StderrLine: {'line': b'   54 |         virtual void onCustomSampleDataDecoded(_u8 ansType, _u32 customCode, \x1b[01;35m\x1b[Kconst void* data\x1b[m\x1b[K, size_t size) {}\n'}
[64.491475] (sllidar_ros2) StderrLine: {'line': b'      |                                                                              \x1b[01;35m\x1b[K~~~~~~~~~~~~^~~~\x1b[m\x1b[K\n'}
[64.493450] (sllidar_ros2) StderrLine: {'line': b'\x1b[01m\x1b[K/home/arno/RoombaV2Onboard/src/sllidar_ros2/sdk/src/dataunpacker/unpacker/../dataunpacker.h:54:103:\x1b[m\x1b[K \x1b[01;35m\x1b[Kwarning: \x1b[m\x1b[Kunused parameter \xe2\x80\x98\x1b[01m\x1b[Ksize\x1b[m\x1b[K\xe2\x80\x99 [\x1b[01;35m\x1b[K\x1b]8;;https://gcc.gnu.org/onlinedocs/gcc/Warning-Options.html#index-Wunused-parameter\x07-Wunused-parameter\x1b]8;;\x07\x1b[m\x1b[K]\n'}
[64.495534] (sllidar_ros2) StderrLine: {'line': b'   54 |         virtual void onCustomSampleDataDecoded(_u8 ansType, _u32 customCode, const void* data, \x1b[01;35m\x1b[Ksize_t size\x1b[m\x1b[K) {}\n'}
[64.497528] (sllidar_ros2) StderrLine: {'line': b'      |                                                                                                \x1b[01;35m\x1b[K~~~~~~~^~~~\x1b[m\x1b[K\n'}
[64.499712] (sllidar_ros2) StderrLine: {'line': b'\x1b[01m\x1b[K/home/arno/RoombaV2Onboard/src/sllidar_ros2/sdk/src/dataunpacker/unpacker/../dataunpacker.h:\x1b[m\x1b[K In member function \xe2\x80\x98\x1b[01m\x1b[Kvirtual void sl::internal::LIDARSampleDataListener::onDecodingError(int, _u8, const void*, size_t)\x1b[m\x1b[K\xe2\x80\x99:\n'}
[64.501592] (sllidar_ros2) StderrLine: {'line': b'\x1b[01m\x1b[K/home/arno/RoombaV2Onboard/src/sllidar_ros2/sdk/src/dataunpacker/unpacker/../dataunpacker.h:56:42:\x1b[m\x1b[K \x1b[01;35m\x1b[Kwarning: \x1b[m\x1b[Kunused parameter \xe2\x80\x98\x1b[01m\x1b[KerrMsg\x1b[m\x1b[K\xe2\x80\x99 [\x1b[01;35m\x1b[K\x1b]8;;https://gcc.gnu.org/onlinedocs/gcc/Warning-Options.html#index-Wunused-parameter\x07-Wunused-parameter\x1b]8;;\x07\x1b[m\x1b[K]\n'}
[64.504633] (sllidar_ros2) StderrLine: {'line': b'   56 |         virtual void onDecodingError(\x1b[01;35m\x1b[Kint errMsg\x1b[m\x1b[K, _u8 ansType, const void* payload, size_t size) {}\n'}
[64.506653] (sllidar_ros2) StderrLine: {'line': b'      |                                      \x1b[01;35m\x1b[K~~~~^~~~~~\x1b[m\x1b[K\n'}
[64.508588] (sllidar_ros2) StderrLine: {'line': b'\x1b[01m\x1b[K/home/arno/RoombaV2Onboard/src/sllidar_ros2/sdk/src/dataunpacker/unpacker/../dataunpacker.h:56:54:\x1b[m\x1b[K \x1b[01;35m\x1b[Kwarning: \x1b[m\x1b[Kunused parameter \xe2\x80\x98\x1b[01m\x1b[KansType\x1b[m\x1b[K\xe2\x80\x99 [\x1b[01;35m\x1b[K\x1b]8;;https://gcc.gnu.org/onlinedocs/gcc/Warning-Options.html#index-Wunused-parameter\x07-Wunused-parameter\x1b]8;;\x07\x1b[m\x1b[K]\n'}
[64.510748] (sllidar_ros2) StderrLine: {'line': b'   56 |         virtual void onDecodingError(int errMsg, \x1b[01;35m\x1b[K_u8 ansType\x1b[m\x1b[K, const void* payload, size_t size) {}\n'}
[64.512779] (sllidar_ros2) StderrLine: {'line': b'      |                                                  \x1b[01;35m\x1b[K~~~~^~~~~~~\x1b[m\x1b[K\n'}
[64.515035] (sllidar_ros2) StderrLine: {'line': b'\x1b[01m\x1b[K/home/arno/RoombaV2Onboard/src/sllidar_ros2/sdk/src/dataunpacker/unpacker/../dataunpacker.h:56:75:\x1b[m\x1b[K \x1b[01;35m\x1b[Kwarning: \x1b[m\x1b[Kunused parameter \xe2\x80\x98\x1b[01m\x1b[Kpayload\x1b[m\x1b[K\xe2\x80\x99 [\x1b[01;35m\x1b[K\x1b]8;;https://gcc.gnu.org/onlinedocs/gcc/Warning-Options.html#index-Wunused-parameter\x07-Wunused-parameter\x1b]8;;\x07\x1b[m\x1b[K]\n'}
[64.517188] (sllidar_ros2) StderrLine: {'line': b'   56 |         virtual void onDecodingError(int errMsg, _u8 ansType, \x1b[01;35m\x1b[Kconst void* payload\x1b[m\x1b[K, size_t size) {}\n'}
[64.519307] (sllidar_ros2) StderrLine: {'line': b'      |                                                               \x1b[01;35m\x1b[K~~~~~~~~~~~~^~~~~~~\x1b[m\x1b[K\n'}
[64.521407] (sllidar_ros2) StderrLine: {'line': b'\x1b[01m\x1b[K/home/arno/RoombaV2Onboard/src/sllidar_ros2/sdk/src/dataunpacker/unpacker/../dataunpacker.h:56:91:\x1b[m\x1b[K \x1b[01;35m\x1b[Kwarning: \x1b[m\x1b[Kunused parameter \xe2\x80\x98\x1b[01m\x1b[Ksize\x1b[m\x1b[K\xe2\x80\x99 [\x1b[01;35m\x1b[K\x1b]8;;https://gcc.gnu.org/onlinedocs/gcc/Warning-Options.html#index-Wunused-parameter\x07-Wunused-parameter\x1b]8;;\x07\x1b[m\x1b[K]\n'}
[64.523660] (sllidar_ros2) StderrLine: {'line': b'   56 |         virtual void onDecodingError(int errMsg, _u8 ansType, const void* payload, \x1b[01;35m\x1b[Ksize_t size\x1b[m\x1b[K) {}\n'}
[64.527331] (sllidar_ros2) StderrLine: {'line': b'      |                                                                                    \x1b[01;35m\x1b[K~~~~~~~^~~~\x1b[m\x1b[K\n'}
[64.583880] (-) TimerEvent: {}
[64.689069] (-) TimerEvent: {}
[64.791162] (-) TimerEvent: {}
[64.892603] (-) TimerEvent: {}
[64.994626] (-) TimerEvent: {}
[65.096416] (-) TimerEvent: {}
[65.198003] (-) TimerEvent: {}
[65.300340] (-) TimerEvent: {}
[65.402258] (-) TimerEvent: {}
[65.504802] (-) TimerEvent: {}
[65.606340] (-) TimerEvent: {}
[65.707597] (-) TimerEvent: {}
[65.809145] (-) TimerEvent: {}
[65.910783] (-) TimerEvent: {}
[66.012369] (-) TimerEvent: {}
[66.113927] (-) TimerEvent: {}
[66.215524] (-) TimerEvent: {}
[66.317120] (-) TimerEvent: {}
[66.419208] (-) TimerEvent: {}
[66.527867] (-) TimerEvent: {}
[66.629705] (-) TimerEvent: {}
[66.731640] (-) TimerEvent: {}
[66.833798] (-) TimerEvent: {}
[66.937657] (-) TimerEvent: {}
[67.039275] (-) TimerEvent: {}
[67.141183] (-) TimerEvent: {}
[67.242775] (-) TimerEvent: {}
[67.344780] (-) TimerEvent: {}
[67.446438] (-) TimerEvent: {}
[67.547919] (-) TimerEvent: {}
[67.649806] (-) TimerEvent: {}
[67.751726] (-) TimerEvent: {}
[67.853177] (-) TimerEvent: {}
[67.954641] (-) TimerEvent: {}
[68.056220] (-) TimerEvent: {}
[68.158024] (-) TimerEvent: {}
[68.885933] (-) TimerEvent: {}
[68.987333] (-) TimerEvent: {}
[69.088966] (-) TimerEvent: {}
[69.190563] (-) TimerEvent: {}
[69.292125] (-) TimerEvent: {}
[69.393687] (-) TimerEvent: {}
[69.497147] (-) TimerEvent: {}
[69.598774] (-) TimerEvent: {}
[69.700336] (-) TimerEvent: {}
[69.802417] (-) TimerEvent: {}
[69.905917] (-) TimerEvent: {}
[70.009042] (-) TimerEvent: {}
[70.112089] (-) TimerEvent: {}
[70.214872] (-) TimerEvent: {}
[70.316398] (-) TimerEvent: {}
[70.417767] (-) TimerEvent: {}
[70.519362] (-) TimerEvent: {}
[70.621575] (-) TimerEvent: {}
[70.723200] (-) TimerEvent: {}
[70.824675] (-) TimerEvent: {}
[70.840545] (sllidar_ros2) StderrLine: {'line': b'In file included from \x1b[01m\x1b[K/home/arno/RoombaV2Onboard/src/sllidar_ros2/./sdk/include/rplidar_protocol.h:36\x1b[m\x1b[K,\n'}
[70.881271] (sllidar_ros2) StderrLine: {'line': b'                 from \x1b[01m\x1b[K/home/arno/RoombaV2Onboard/src/sllidar_ros2/./sdk/include/rplidar.h:39\x1b[m\x1b[K,\n'}
[70.893850] (sllidar_ros2) StderrLine: {'line': b'                 from \x1b[01m\x1b[K/home/arno/RoombaV2Onboard/src/sllidar_ros2/./sdk/src/sdkcommon.h:49\x1b[m\x1b[K,\n'}
[70.895207] (sllidar_ros2) StderrLine: {'line': b'                 from \x1b[01m\x1b[K/home/arno/RoombaV2Onboard/src/sllidar_ros2/sdk/src/hal/thread.cpp:35\x1b[m\x1b[K:\n'}
[70.896431] (sllidar_ros2) StderrLine: {'line': b'\x1b[01m\x1b[K/home/arno/RoombaV2Onboard/src/sllidar_ros2/./sdk/include/sl_lidar_protocol.h:66:16:\x1b[m\x1b[K \x1b[01;35m\x1b[Kwarning: \x1b[m\x1b[KISO C++ forbids zero-size array \xe2\x80\x98\x1b[01m\x1b[Kdata\x1b[m\x1b[K\xe2\x80\x99 [\x1b[01;35m\x1b[K\x1b]8;;https://gcc.gnu.org/onlinedocs/gcc/Warning-Options.html#index-Wpedantic\x07-Wpedantic\x1b]8;;\x07\x1b[m\x1b[K]\n'}
[70.898090] (sllidar_ros2) StderrLine: {'line': b'   66 |     sl_u8 data[\x1b[01;35m\x1b[K0\x1b[m\x1b[K];\n'}
[70.900419] (sllidar_ros2) StderrLine: {'line': b'      |                \x1b[01;35m\x1b[K^\x1b[m\x1b[K\n'}
[70.901850] (sllidar_ros2) StderrLine: {'line': b'In file included from \x1b[01m\x1b[K/home/arno/RoombaV2Onboard/src/sllidar_ros2/./sdk/include/rplidar_cmd.h:36\x1b[m\x1b[K,\n'}
[70.903220] (sllidar_ros2) StderrLine: {'line': b'                 from \x1b[01m\x1b[K/home/arno/RoombaV2Onboard/src/sllidar_ros2/./sdk/include/rplidar.h:40\x1b[m\x1b[K,\n'}
[70.904325] (sllidar_ros2) StderrLine: {'line': b'                 from \x1b[01m\x1b[K/home/arno/RoombaV2Onboard/src/sllidar_ros2/./sdk/src/sdkcommon.h:49\x1b[m\x1b[K,\n'}
[70.905531] (sllidar_ros2) StderrLine: {'line': b'                 from \x1b[01m\x1b[K/home/arno/RoombaV2Onboard/src/sllidar_ros2/sdk/src/hal/thread.cpp:35\x1b[m\x1b[K:\n'}
[70.906749] (sllidar_ros2) StderrLine: {'line': b'\x1b[01m\x1b[K/home/arno/RoombaV2Onboard/src/sllidar_ros2/./sdk/include/sl_lidar_cmd.h:324:20:\x1b[m\x1b[K \x1b[01;35m\x1b[Kwarning: \x1b[m\x1b[KISO C++ forbids zero-size array \xe2\x80\x98\x1b[01m\x1b[Kpayload\x1b[m\x1b[K\xe2\x80\x99 [\x1b[01;35m\x1b[K\x1b]8;;https://gcc.gnu.org/onlinedocs/gcc/Warning-Options.html#index-Wpedantic\x07-Wpedantic\x1b]8;;\x07\x1b[m\x1b[K]\n'}
[70.908025] (sllidar_ros2) StderrLine: {'line': b'  324 |     sl_u8  payload[\x1b[01;35m\x1b[K0\x1b[m\x1b[K];\n'}
[70.909191] (sllidar_ros2) StderrLine: {'line': b'      |                    \x1b[01;35m\x1b[K^\x1b[m\x1b[K\n'}
[70.925168] (-) TimerEvent: {}
[71.027380] (-) TimerEvent: {}
[71.129058] (-) TimerEvent: {}
[71.230533] (-) TimerEvent: {}
[71.322381] (sllidar_ros2) StderrLine: {'line': b'In file included from \x1b[01m\x1b[K/home/arno/RoombaV2Onboard/src/sllidar_ros2/sdk/src/hal/thread.cpp:43\x1b[m\x1b[K:\n'}
[71.323735] (sllidar_ros2) StderrLine: {'line': b'\x1b[01m\x1b[K/home/arno/RoombaV2Onboard/src/sllidar_ros2/./sdk/src/arch/linux/thread.hpp:\x1b[m\x1b[K In static member function \xe2\x80\x98\x1b[01m\x1b[Kstatic rp::hal::Thread rp::hal::Thread::create(thread_proc_t, void*)\x1b[m\x1b[K\xe2\x80\x99:\n'}
[71.342143] (-) TimerEvent: {}
[71.343199] (sllidar_ros2) StderrLine: {'line': b'\x1b[01m\x1b[K/home/arno/RoombaV2Onboard/src/sllidar_ros2/./sdk/src/arch/linux/thread.hpp:52:57:\x1b[m\x1b[K \x1b[01;35m\x1b[Kwarning: \x1b[m\x1b[Kcast between incompatible function types from \xe2\x80\x98\x1b[01m\x1b[Kthread_proc_t\x1b[m\x1b[K\xe2\x80\x99 {aka \xe2\x80\x98\x1b[01m\x1b[Klong unsigned int (*)(void*)\x1b[m\x1b[K\xe2\x80\x99} to \xe2\x80\x98\x1b[01m\x1b[Kvoid* (*)(void*)\x1b[m\x1b[K\xe2\x80\x99 [\x1b[01;35m\x1b[K\x1b]8;;https://gcc.gnu.org/onlinedocs/gcc/Warning-Options.html#index-Wcast-function-type\x07-Wcast-function-type\x1b]8;;\x07\x1b[m\x1b[K]\n'}
[71.351411] (sllidar_ros2) StderrLine: {'line': b'   52 |     pthread_create((pthread_t *)&newborn._handle, NULL, \x1b[01;35m\x1b[K(void * (*)(void *))proc\x1b[m\x1b[K, data);\n'}
[71.352612] (sllidar_ros2) StderrLine: {'line': b'      |                                                         \x1b[01;35m\x1b[K^~~~~~~~~~~~~~~~~~~~~~~~\x1b[m\x1b[K\n'}
[71.353691] (sllidar_ros2) StderrLine: {'line': b'\x1b[01m\x1b[K/home/arno/RoombaV2Onboard/src/sllidar_ros2/./sdk/src/arch/linux/thread.hpp:\x1b[m\x1b[K In member function \xe2\x80\x98\x1b[01m\x1b[Ku_result rp::hal::Thread::join(long unsigned int)\x1b[m\x1b[K\xe2\x80\x99:\n'}
[71.354928] (sllidar_ros2) StderrLine: {'line': b'\x1b[01m\x1b[K/home/arno/RoombaV2Onboard/src/sllidar_ros2/./sdk/src/arch/linux/thread.hpp:176:37:\x1b[m\x1b[K \x1b[01;35m\x1b[Kwarning: \x1b[m\x1b[Kunused parameter \xe2\x80\x98\x1b[01m\x1b[Ktimeout\x1b[m\x1b[K\xe2\x80\x99 [\x1b[01;35m\x1b[K\x1b]8;;https://gcc.gnu.org/onlinedocs/gcc/Warning-Options.html#index-Wunused-parameter\x07-Wunused-parameter\x1b]8;;\x07\x1b[m\x1b[K]\n'}
[71.356363] (sllidar_ros2) StderrLine: {'line': b'  176 | u_result Thread::join(\x1b[01;35m\x1b[Kunsigned long timeout\x1b[m\x1b[K)\n'}
[71.357594] (sllidar_ros2) StderrLine: {'line': b'      |                       \x1b[01;35m\x1b[K~~~~~~~~~~~~~~^~~~~~~\x1b[m\x1b[K\n'}
[71.442478] (-) TimerEvent: {}
[71.544104] (-) TimerEvent: {}
[71.645593] (-) TimerEvent: {}
[71.747614] (-) TimerEvent: {}
[71.848919] (-) TimerEvent: {}
[71.950266] (-) TimerEvent: {}
[72.021385] (sllidar_ros2) StdoutLine: {'line': b'[ 55%] \x1b[32mBuilding CXX object CMakeFiles/sllidar_node.dir/sdk/src/rplidar_driver.cpp.o\x1b[0m\n'}
[72.108290] (-) TimerEvent: {}
[72.111956] (sllidar_ros2) StdoutLine: {'line': b'[ 60%] \x1b[32mBuilding CXX object CMakeFiles/sllidar_node.dir/sdk/src/sl_async_transceiver.cpp.o\x1b[0m\n'}
[72.208625] (-) TimerEvent: {}
[72.310210] (-) TimerEvent: {}
[72.411833] (-) TimerEvent: {}
[72.513225] (-) TimerEvent: {}
[72.614653] (-) TimerEvent: {}
[72.716221] (-) TimerEvent: {}
[72.817893] (-) TimerEvent: {}
[72.920429] (-) TimerEvent: {}
[73.022849] (-) TimerEvent: {}
[73.124232] (-) TimerEvent: {}
[73.225475] (-) TimerEvent: {}
[73.327076] (-) TimerEvent: {}
[73.428332] (-) TimerEvent: {}
[73.529745] (-) TimerEvent: {}
[73.632598] (-) TimerEvent: {}
[73.735149] (-) TimerEvent: {}
[73.836354] (-) TimerEvent: {}
[73.937695] (-) TimerEvent: {}
[74.039110] (-) TimerEvent: {}
[74.141672] (-) TimerEvent: {}
[74.242967] (-) TimerEvent: {}
[74.344669] (-) TimerEvent: {}
[74.446109] (-) TimerEvent: {}
[74.547637] (-) TimerEvent: {}
[74.648932] (-) TimerEvent: {}
[74.751070] (-) TimerEvent: {}
[74.853051] (-) TimerEvent: {}
[74.954729] (-) TimerEvent: {}
[75.055934] (-) TimerEvent: {}
[75.157259] (-) TimerEvent: {}
[75.258954] (-) TimerEvent: {}
[75.360052] (-) TimerEvent: {}
[75.461380] (-) TimerEvent: {}
[75.562732] (-) TimerEvent: {}
[75.664295] (-) TimerEvent: {}
[75.766013] (-) TimerEvent: {}
[75.867905] (-) TimerEvent: {}
[75.969490] (-) TimerEvent: {}
[76.071610] (-) TimerEvent: {}
[76.172979] (-) TimerEvent: {}
[76.274481] (-) TimerEvent: {}
[76.376714] (-) TimerEvent: {}
[76.480486] (-) TimerEvent: {}
[76.583768] (-) TimerEvent: {}
[76.685909] (-) TimerEvent: {}
[76.788771] (-) TimerEvent: {}
[76.891133] (-) TimerEvent: {}
[76.992704] (-) TimerEvent: {}
[77.094213] (-) TimerEvent: {}
[77.195765] (-) TimerEvent: {}
[77.297439] (-) TimerEvent: {}
[77.399031] (-) TimerEvent: {}
[77.500729] (-) TimerEvent: {}
[77.602340] (-) TimerEvent: {}
[77.704275] (-) TimerEvent: {}
[77.805985] (-) TimerEvent: {}
[77.907288] (-) TimerEvent: {}
[78.008650] (-) TimerEvent: {}
[78.110334] (-) TimerEvent: {}
[78.211954] (-) TimerEvent: {}
[78.313582] (-) TimerEvent: {}
[78.415209] (-) TimerEvent: {}
[78.516765] (-) TimerEvent: {}
[78.618277] (-) TimerEvent: {}
[78.720771] (-) TimerEvent: {}
[78.822371] (-) TimerEvent: {}
[78.924128] (-) TimerEvent: {}
[79.025688] (-) TimerEvent: {}
[79.127501] (-) TimerEvent: {}
[79.478825] (-) TimerEvent: {}
[79.622549] (-) TimerEvent: {}
[79.756347] (-) TimerEvent: {}
[79.859290] (-) TimerEvent: {}
[79.960891] (-) TimerEvent: {}
[80.062475] (-) TimerEvent: {}
[80.164226] (-) TimerEvent: {}
[80.266122] (-) TimerEvent: {}
[80.367858] (-) TimerEvent: {}
[80.471493] (-) TimerEvent: {}
[80.573565] (-) TimerEvent: {}
[80.675638] (-) TimerEvent: {}
[80.690438] (sllidar_ros2) StderrLine: {'line': b'In file included from \x1b[01m\x1b[K/home/arno/RoombaV2Onboard/src/sllidar_ros2/./sdk/include/rplidar_protocol.h:36\x1b[m\x1b[K,\n'}
[80.710307] (sllidar_ros2) StderrLine: {'line': b'                 from \x1b[01m\x1b[K/home/arno/RoombaV2Onboard/src/sllidar_ros2/./sdk/include/rplidar.h:39\x1b[m\x1b[K,\n'}
[80.712178] (sllidar_ros2) StderrLine: {'line': b'                 from \x1b[01m\x1b[K/home/arno/RoombaV2Onboard/src/sllidar_ros2/sdk/src/sdkcommon.h:49\x1b[m\x1b[K,\n'}
[80.713908] (sllidar_ros2) StderrLine: {'line': b'                 from \x1b[01m\x1b[K/home/arno/RoombaV2Onboard/src/sllidar_ros2/sdk/src/sl_async_transceiver.cpp:35\x1b[m\x1b[K:\n'}
[80.715652] (sllidar_ros2) StderrLine: {'line': b'\x1b[01m\x1b[K/home/arno/RoombaV2Onboard/src/sllidar_ros2/./sdk/include/sl_lidar_protocol.h:66:16:\x1b[m\x1b[K \x1b[01;35m\x1b[Kwarning: \x1b[m\x1b[KISO C++ forbids zero-size array \xe2\x80\x98\x1b[01m\x1b[Kdata\x1b[m\x1b[K\xe2\x80\x99 [\x1b[01;35m\x1b[K\x1b]8;;https://gcc.gnu.org/onlinedocs/gcc/Warning-Options.html#index-Wpedantic\x07-Wpedantic\x1b]8;;\x07\x1b[m\x1b[K]\n'}
[80.717282] (sllidar_ros2) StderrLine: {'line': b'   66 |     sl_u8 data[\x1b[01;35m\x1b[K0\x1b[m\x1b[K];\n'}
[80.719098] (sllidar_ros2) StderrLine: {'line': b'      |                \x1b[01;35m\x1b[K^\x1b[m\x1b[K\n'}
[80.721289] (sllidar_ros2) StderrLine: {'line': b'In file included from \x1b[01m\x1b[K/home/arno/RoombaV2Onboard/src/sllidar_ros2/./sdk/include/rplidar_protocol.h:36\x1b[m\x1b[K,\n'}
[80.723182] (sllidar_ros2) StderrLine: {'line': b'                 from \x1b[01m\x1b[K/home/arno/RoombaV2Onboard/src/sllidar_ros2/./sdk/include/rplidar.h:39\x1b[m\x1b[K,\n'}
[80.724918] (sllidar_ros2) StderrLine: {'line': b'                 from \x1b[01m\x1b[K/home/arno/RoombaV2Onboard/src/sllidar_ros2/sdk/src/sdkcommon.h:49\x1b[m\x1b[K,\n'}
[80.726925] (sllidar_ros2) StderrLine: {'line': b'                 from \x1b[01m\x1b[K/home/arno/RoombaV2Onboard/src/sllidar_ros2/sdk/src/rplidar_driver.cpp:33\x1b[m\x1b[K:\n'}
[80.728233] (sllidar_ros2) StderrLine: {'line': b'\x1b[01m\x1b[K/home/arno/RoombaV2Onboard/src/sllidar_ros2/./sdk/include/sl_lidar_protocol.h:66:16:\x1b[m\x1b[K \x1b[01;35m\x1b[Kwarning: \x1b[m\x1b[KISO C++ forbids zero-size array \xe2\x80\x98\x1b[01m\x1b[Kdata\x1b[m\x1b[K\xe2\x80\x99 [\x1b[01;35m\x1b[K\x1b]8;;https://gcc.gnu.org/onlinedocs/gcc/Warning-Options.html#index-Wpedantic\x07-Wpedantic\x1b]8;;\x07\x1b[m\x1b[K]\n'}
[80.729048] (sllidar_ros2) StderrLine: {'line': b'   66 |     sl_u8 data[\x1b[01;35m\x1b[K0\x1b[m\x1b[K];\n'}
[80.729733] (sllidar_ros2) StderrLine: {'line': b'      |                \x1b[01;35m\x1b[K^\x1b[m\x1b[K\n'}
[80.730574] (sllidar_ros2) StderrLine: {'line': b'In file included from \x1b[01m\x1b[K/home/arno/RoombaV2Onboard/src/sllidar_ros2/./sdk/include/rplidar_cmd.h:36\x1b[m\x1b[K,\n'}
[80.731562] (sllidar_ros2) StderrLine: {'line': b'                 from \x1b[01m\x1b[K/home/arno/RoombaV2Onboard/src/sllidar_ros2/./sdk/include/rplidar.h:40\x1b[m\x1b[K,\n'}
[80.732284] (sllidar_ros2) StderrLine: {'line': b'                 from \x1b[01m\x1b[K/home/arno/RoombaV2Onboard/src/sllidar_ros2/sdk/src/sdkcommon.h:49\x1b[m\x1b[K,\n'}
[80.732911] (sllidar_ros2) StderrLine: {'line': b'                 from \x1b[01m\x1b[K/home/arno/RoombaV2Onboard/src/sllidar_ros2/sdk/src/rplidar_driver.cpp:33\x1b[m\x1b[K:\n'}
[80.733437] (sllidar_ros2) StderrLine: {'line': b'\x1b[01m\x1b[K/home/arno/RoombaV2Onboard/src/sllidar_ros2/./sdk/include/sl_lidar_cmd.h:324:20:\x1b[m\x1b[K \x1b[01;35m\x1b[Kwarning: \x1b[m\x1b[KISO C++ forbids zero-size array \xe2\x80\x98\x1b[01m\x1b[Kpayload\x1b[m\x1b[K\xe2\x80\x99 [\x1b[01;35m\x1b[K\x1b]8;;https://gcc.gnu.org/onlinedocs/gcc/Warning-Options.html#index-Wpedantic\x07-Wpedantic\x1b]8;;\x07\x1b[m\x1b[K]\n'}
[80.733969] (sllidar_ros2) StderrLine: {'line': b'  324 |     sl_u8  payload[\x1b[01;35m\x1b[K0\x1b[m\x1b[K];\n'}
[80.735073] (sllidar_ros2) StderrLine: {'line': b'      |                    \x1b[01;35m\x1b[K^\x1b[m\x1b[K\n'}
[80.736633] (sllidar_ros2) StderrLine: {'line': b'In file included from \x1b[01m\x1b[K/home/arno/RoombaV2Onboard/src/sllidar_ros2/./sdk/include/rplidar_cmd.h:36\x1b[m\x1b[K,\n'}
[80.738277] (sllidar_ros2) StderrLine: {'line': b'                 from \x1b[01m\x1b[K/home/arno/RoombaV2Onboard/src/sllidar_ros2/./sdk/include/rplidar.h:40\x1b[m\x1b[K,\n'}
[80.740225] (sllidar_ros2) StderrLine: {'line': b'                 from \x1b[01m\x1b[K/home/arno/RoombaV2Onboard/src/sllidar_ros2/sdk/src/sdkcommon.h:49\x1b[m\x1b[K,\n'}
[80.742246] (sllidar_ros2) StderrLine: {'line': b'                 from \x1b[01m\x1b[K/home/arno/RoombaV2Onboard/src/sllidar_ros2/sdk/src/sl_async_transceiver.cpp:35\x1b[m\x1b[K:\n'}
[80.744114] (sllidar_ros2) StderrLine: {'line': b'\x1b[01m\x1b[K/home/arno/RoombaV2Onboard/src/sllidar_ros2/./sdk/include/sl_lidar_cmd.h:324:20:\x1b[m\x1b[K \x1b[01;35m\x1b[Kwarning: \x1b[m\x1b[KISO C++ forbids zero-size array \xe2\x80\x98\x1b[01m\x1b[Kpayload\x1b[m\x1b[K\xe2\x80\x99 [\x1b[01;35m\x1b[K\x1b]8;;https://gcc.gnu.org/onlinedocs/gcc/Warning-Options.html#index-Wpedantic\x07-Wpedantic\x1b]8;;\x07\x1b[m\x1b[K]\n'}
[80.746084] (sllidar_ros2) StderrLine: {'line': b'  324 |     sl_u8  payload[\x1b[01;35m\x1b[K0\x1b[m\x1b[K];\n'}
[80.747849] (sllidar_ros2) StderrLine: {'line': b'      |                    \x1b[01;35m\x1b[K^\x1b[m\x1b[K\n'}
[80.775886] (-) TimerEvent: {}
[80.877766] (-) TimerEvent: {}
[80.979378] (-) TimerEvent: {}
[81.083290] (-) TimerEvent: {}
[81.186092] (-) TimerEvent: {}
[81.287855] (-) TimerEvent: {}
[81.389391] (-) TimerEvent: {}
[81.490864] (-) TimerEvent: {}
[81.592605] (-) TimerEvent: {}
[81.694360] (-) TimerEvent: {}
[81.796001] (-) TimerEvent: {}
[81.897669] (-) TimerEvent: {}
[81.999213] (-) TimerEvent: {}
[82.100774] (-) TimerEvent: {}
[82.202305] (-) TimerEvent: {}
[82.304013] (-) TimerEvent: {}
[82.405837] (-) TimerEvent: {}
[82.508106] (-) TimerEvent: {}
[82.610101] (-) TimerEvent: {}
[82.711972] (-) TimerEvent: {}
[82.806664] (sllidar_ros2) StderrLine: {'line': b'In file included from \x1b[01m\x1b[K/home/arno/RoombaV2Onboard/src/sllidar_ros2/sdk/src/sl_async_transceiver.cpp:44\x1b[m\x1b[K:\n'}
[82.811143] (sllidar_ros2) StderrLine: {'line': b'\x1b[01m\x1b[K/home/arno/RoombaV2Onboard/src/sllidar_ros2/sdk/src/sl_async_transceiver.h:\x1b[m\x1b[K In member function \xe2\x80\x98\x1b[01m\x1b[Kvirtual void sl::internal::IAsyncProtocolCodec::onChannelError(u_result)\x1b[m\x1b[K\xe2\x80\x99:\n'}
[82.813087] (-) TimerEvent: {}
[82.814701] (sllidar_ros2) StderrLine: {'line': b'\x1b[01m\x1b[K/home/arno/RoombaV2Onboard/src/sllidar_ros2/sdk/src/sl_async_transceiver.h:90:48:\x1b[m\x1b[K \x1b[01;35m\x1b[Kwarning: \x1b[m\x1b[Kunused parameter \xe2\x80\x98\x1b[01m\x1b[KerrCode\x1b[m\x1b[K\xe2\x80\x99 [\x1b[01;35m\x1b[K\x1b]8;;https://gcc.gnu.org/onlinedocs/gcc/Warning-Options.html#index-Wunused-parameter\x07-Wunused-parameter\x1b]8;;\x07\x1b[m\x1b[K]\n'}
[82.816697] (sllidar_ros2) StderrLine: {'line': b'   90 |         virtual void   onChannelError(\x1b[01;35m\x1b[Ku_result errCode\x1b[m\x1b[K) {}\n'}
[82.818338] (sllidar_ros2) StderrLine: {'line': b'      |                                       \x1b[01;35m\x1b[K~~~~~~~~~^~~~~~~\x1b[m\x1b[K\n'}
[82.913545] (-) TimerEvent: {}
[83.014838] (-) TimerEvent: {}
[83.116150] (-) TimerEvent: {}
[83.217718] (-) TimerEvent: {}
[83.319665] (-) TimerEvent: {}
[83.421556] (-) TimerEvent: {}
[83.518443] (sllidar_ros2) StderrLine: {'line': b'\x1b[01m\x1b[K/home/arno/RoombaV2Onboard/src/sllidar_ros2/sdk/src/rplidar_driver.cpp:\x1b[m\x1b[K In member function \xe2\x80\x98\x1b[01m\x1b[Ku_result rp::standalone::rplidar::RPlidarDriver::connect(const char*, _u32, _u32)\x1b[m\x1b[K\xe2\x80\x99:\n'}
[83.520298] (sllidar_ros2) StderrLine: {'line': b'\x1b[01m\x1b[K/home/arno/RoombaV2Onboard/src/sllidar_ros2/sdk/src/rplidar_driver.cpp:67:77:\x1b[m\x1b[K \x1b[01;35m\x1b[Kwarning: \x1b[m\x1b[Kunused parameter \xe2\x80\x98\x1b[01m\x1b[Kflag\x1b[m\x1b[K\xe2\x80\x99 [\x1b[01;35m\x1b[K\x1b]8;;https://gcc.gnu.org/onlinedocs/gcc/Warning-Options.html#index-Wunused-parameter\x07-Wunused-parameter\x1b]8;;\x07\x1b[m\x1b[K]\n'}
[83.521698] (-) TimerEvent: {}
[83.522876] (sllidar_ros2) StderrLine: {'line': b'   67 |     u_result RPlidarDriver::connect(const char *path, _u32 portOrBaud, \x1b[01;35m\x1b[K_u32 flag\x1b[m\x1b[K)\n'}
[83.524575] (sllidar_ros2) StderrLine: {'line': b'      |                                                                        \x1b[01;35m\x1b[K~~~~~^~~~\x1b[m\x1b[K\n'}
[83.525938] (sllidar_ros2) StderrLine: {'line': b'\x1b[01m\x1b[K/home/arno/RoombaV2Onboard/src/sllidar_ros2/sdk/src/rplidar_driver.cpp:\x1b[m\x1b[K In member function \xe2\x80\x98\x1b[01m\x1b[Ku_result rp::standalone::rplidar::RPlidarDriver::reset(_u32)\x1b[m\x1b[K\xe2\x80\x99:\n'}
[83.533696] (sllidar_ros2) StderrLine: {'line': b'\x1b[01m\x1b[K/home/arno/RoombaV2Onboard/src/sllidar_ros2/sdk/src/rplidar_driver.cpp:101:40:\x1b[m\x1b[K \x1b[01;35m\x1b[Kwarning: \x1b[m\x1b[Kunused parameter \xe2\x80\x98\x1b[01m\x1b[Ktimeout\x1b[m\x1b[K\xe2\x80\x99 [\x1b[01;35m\x1b[K\x1b]8;;https://gcc.gnu.org/onlinedocs/gcc/Warning-Options.html#index-Wunused-parameter\x07-Wunused-parameter\x1b]8;;\x07\x1b[m\x1b[K]\n'}
[83.535305] (sllidar_ros2) StderrLine: {'line': b'  101 |     u_result RPlidarDriver::reset(\x1b[01;35m\x1b[K_u32 timeout\x1b[m\x1b[K)\n'}
[83.538589] (sllidar_ros2) StderrLine: {'line': b'      |                                   \x1b[01;35m\x1b[K~~~~~^~~~~~~\x1b[m\x1b[K\n'}
[83.540297] (sllidar_ros2) StderrLine: {'line': b'\x1b[01m\x1b[K/home/arno/RoombaV2Onboard/src/sllidar_ros2/sdk/src/rplidar_driver.cpp:\x1b[m\x1b[K In member function \xe2\x80\x98\x1b[01m\x1b[Ku_result rp::standalone::rplidar::RPlidarDriver::getScanDataWithInterval(rplidar_response_measurement_node_t*, size_t&)\x1b[m\x1b[K\xe2\x80\x99:\n'}
[83.543403] (sllidar_ros2) StderrLine: {'line': b'\x1b[01m\x1b[K/home/arno/RoombaV2Onboard/src/sllidar_ros2/sdk/src/rplidar_driver.cpp:180:91:\x1b[m\x1b[K \x1b[01;35m\x1b[Kwarning: \x1b[m\x1b[Kunused parameter \xe2\x80\x98\x1b[01m\x1b[Knodebuffer\x1b[m\x1b[K\xe2\x80\x99 [\x1b[01;35m\x1b[K\x1b]8;;https://gcc.gnu.org/onlinedocs/gcc/Warning-Options.html#index-Wunused-parameter\x07-Wunused-parameter\x1b]8;;\x07\x1b[m\x1b[K]\n'}
[83.547506] (sllidar_ros2) StderrLine: {'line': b'  180 |     u_result RPlidarDriver::getScanDataWithInterval(\x1b[01;35m\x1b[Krplidar_response_measurement_node_t * nodebuffer\x1b[m\x1b[K, size_t & count)\n'}
[83.550791] (sllidar_ros2) StderrLine: {'line': b'      |                                                     \x1b[01;35m\x1b[K~~~~~~~~~~~~~~~~~~~~~~~~~~~~~~~~~~~~~~^~~~~~~~~~\x1b[m\x1b[K\n'}
[83.554463] (sllidar_ros2) StderrLine: {'line': b'\x1b[01m\x1b[K/home/arno/RoombaV2Onboard/src/sllidar_ros2/sdk/src/rplidar_driver.cpp:180:112:\x1b[m\x1b[K \x1b[01;35m\x1b[Kwarning: \x1b[m\x1b[Kunused parameter \xe2\x80\x98\x1b[01m\x1b[Kcount\x1b[m\x1b[K\xe2\x80\x99 [\x1b[01;35m\x1b[K\x1b]8;;https://gcc.gnu.org/onlinedocs/gcc/Warning-Options.html#index-Wunused-parameter\x07-Wunused-parameter\x1b]8;;\x07\x1b[m\x1b[K]\n'}
[83.559166] (sllidar_ros2) StderrLine: {'line': b'  180 |     u_result RPlidarDriver::getScanDataWithInterval(rplidar_response_measurement_node_t * nodebuffer, \x1b[01;35m\x1b[Ksize_t & count\x1b[m\x1b[K)\n'}
[83.563468] (sllidar_ros2) StderrLine: {'line': b'      |                                                                                                       \x1b[01;35m\x1b[K~~~~~~~~~^~~~~\x1b[m\x1b[K\n'}
[83.622122] (-) TimerEvent: {}
[83.723889] (-) TimerEvent: {}
[83.825467] (-) TimerEvent: {}
[83.927159] (-) TimerEvent: {}
[84.029093] (-) TimerEvent: {}
[84.131191] (-) TimerEvent: {}
[84.237274] (-) TimerEvent: {}
[84.339101] (-) TimerEvent: {}
[84.440763] (-) TimerEvent: {}
[84.542145] (-) TimerEvent: {}
[84.643951] (-) TimerEvent: {}
[84.745671] (-) TimerEvent: {}
[84.847471] (-) TimerEvent: {}
[84.949073] (-) TimerEvent: {}
[85.050788] (-) TimerEvent: {}
[85.152422] (-) TimerEvent: {}
[85.253871] (-) TimerEvent: {}
[85.355561] (-) TimerEvent: {}
[85.457126] (-) TimerEvent: {}
[85.558872] (-) TimerEvent: {}
[85.660544] (-) TimerEvent: {}
[85.762362] (-) TimerEvent: {}
[85.864491] (-) TimerEvent: {}
[85.966290] (-) TimerEvent: {}
[86.067859] (-) TimerEvent: {}
[86.169462] (-) TimerEvent: {}
[86.270943] (-) TimerEvent: {}
[86.372506] (-) TimerEvent: {}
[86.474748] (-) TimerEvent: {}
[86.577101] (-) TimerEvent: {}
[86.680717] (-) TimerEvent: {}
[86.782174] (-) TimerEvent: {}
[86.883849] (-) TimerEvent: {}
[86.985391] (-) TimerEvent: {}
[87.086787] (-) TimerEvent: {}
[87.188217] (-) TimerEvent: {}
[87.289623] (-) TimerEvent: {}
[87.391127] (-) TimerEvent: {}
[87.492520] (-) TimerEvent: {}
[87.593892] (-) TimerEvent: {}
[87.695353] (-) TimerEvent: {}
[87.796850] (-) TimerEvent: {}
[87.898359] (-) TimerEvent: {}
[87.999934] (-) TimerEvent: {}
[88.101446] (-) TimerEvent: {}
[88.203145] (-) TimerEvent: {}
[88.304774] (-) TimerEvent: {}
[88.406128] (-) TimerEvent: {}
[88.507678] (-) TimerEvent: {}
[88.609088] (-) TimerEvent: {}
[88.710762] (-) TimerEvent: {}
[88.812256] (-) TimerEvent: {}
[88.913694] (-) TimerEvent: {}
[89.015251] (-) TimerEvent: {}
[89.116854] (-) TimerEvent: {}
[89.218325] (-) TimerEvent: {}
[89.320056] (-) TimerEvent: {}
[89.421570] (-) TimerEvent: {}
[89.523190] (-) TimerEvent: {}
[89.624651] (-) TimerEvent: {}
[89.726221] (-) TimerEvent: {}
[89.827858] (-) TimerEvent: {}
[89.929312] (-) TimerEvent: {}
[90.030799] (-) TimerEvent: {}
[90.132306] (-) TimerEvent: {}
[90.234415] (-) TimerEvent: {}
[90.335997] (-) TimerEvent: {}
[90.437650] (-) TimerEvent: {}
[90.539396] (-) TimerEvent: {}
[90.641331] (-) TimerEvent: {}
[90.742782] (-) TimerEvent: {}
[90.844155] (-) TimerEvent: {}
[90.945603] (-) TimerEvent: {}
[91.046947] (-) TimerEvent: {}
[91.148404] (-) TimerEvent: {}
[91.249805] (-) TimerEvent: {}
[91.351339] (-) TimerEvent: {}
[91.452782] (-) TimerEvent: {}
[91.554322] (-) TimerEvent: {}
[91.655804] (-) TimerEvent: {}
[91.757286] (-) TimerEvent: {}
[91.858803] (-) TimerEvent: {}
[91.960259] (-) TimerEvent: {}
[92.061874] (-) TimerEvent: {}
[92.163581] (-) TimerEvent: {}
[92.265125] (-) TimerEvent: {}
[92.366759] (-) TimerEvent: {}
[92.468242] (-) TimerEvent: {}
[92.569647] (-) TimerEvent: {}
[92.671214] (-) TimerEvent: {}
[92.772617] (-) TimerEvent: {}
[92.874063] (-) TimerEvent: {}
[92.975469] (-) TimerEvent: {}
[93.076860] (-) TimerEvent: {}
[93.178576] (-) TimerEvent: {}
[93.280242] (-) TimerEvent: {}
[93.381735] (-) TimerEvent: {}
[93.483332] (-) TimerEvent: {}
[93.584787] (-) TimerEvent: {}
[93.686345] (-) TimerEvent: {}
[93.788337] (-) TimerEvent: {}
[93.889846] (-) TimerEvent: {}
[93.991427] (-) TimerEvent: {}
[94.092936] (-) TimerEvent: {}
[94.194657] (-) TimerEvent: {}
[94.296252] (-) TimerEvent: {}
[94.397850] (-) TimerEvent: {}
[94.499392] (-) TimerEvent: {}
[94.600969] (-) TimerEvent: {}
[94.702373] (-) TimerEvent: {}
[94.803920] (-) TimerEvent: {}
[94.905461] (-) TimerEvent: {}
[95.006931] (-) TimerEvent: {}
[95.108395] (-) TimerEvent: {}
[95.209888] (-) TimerEvent: {}
[95.311502] (-) TimerEvent: {}
[95.412916] (-) TimerEvent: {}
[95.514477] (-) TimerEvent: {}
[95.616166] (-) TimerEvent: {}
[95.717605] (-) TimerEvent: {}
[95.819359] (-) TimerEvent: {}
[95.921095] (-) TimerEvent: {}
[96.022786] (-) TimerEvent: {}
[96.124338] (-) TimerEvent: {}
[96.225748] (-) TimerEvent: {}
[96.327324] (-) TimerEvent: {}
[96.428823] (-) TimerEvent: {}
[96.530347] (-) TimerEvent: {}
[96.632062] (-) TimerEvent: {}
[96.733482] (-) TimerEvent: {}
[96.834979] (-) TimerEvent: {}
[96.936323] (-) TimerEvent: {}
[97.038431] (-) TimerEvent: {}
[97.140163] (-) TimerEvent: {}
[97.241962] (-) TimerEvent: {}
[97.343767] (-) TimerEvent: {}
[97.445712] (-) TimerEvent: {}
[97.547996] (-) TimerEvent: {}
[97.649477] (-) TimerEvent: {}
[97.751559] (-) TimerEvent: {}
[97.852977] (-) TimerEvent: {}
[97.907777] (sllidar_ros2) StdoutLine: {'line': b'[ 70%] \x1b[32mBuilding CXX object CMakeFiles/sllidar_node.dir/sdk/src/sl_crc.cpp.o\x1b[0m\n'}
[97.909787] (sllidar_ros2) StdoutLine: {'line': b'[ 70%] \x1b[32mBuilding CXX object CMakeFiles/sllidar_node.dir/sdk/src/sl_lidar_driver.cpp.o\x1b[0m\n'}
[97.953342] (-) TimerEvent: {}
[98.054862] (-) TimerEvent: {}
[98.156373] (-) TimerEvent: {}
[98.257802] (-) TimerEvent: {}
[98.359425] (-) TimerEvent: {}
[98.461250] (-) TimerEvent: {}
[98.562454] (-) TimerEvent: {}
[98.664054] (-) TimerEvent: {}
[98.765397] (-) TimerEvent: {}
[98.768761] (sllidar_ros2) StderrLine: {'line': b'In file included from \x1b[01m\x1b[K/home/arno/RoombaV2Onboard/src/sllidar_ros2/./sdk/include/sl_lidar_cmd.h:41\x1b[m\x1b[K,\n'}
[98.770746] (sllidar_ros2) StderrLine: {'line': b'                 from \x1b[01m\x1b[K/home/arno/RoombaV2Onboard/src/sllidar_ros2/./sdk/include/sl_crc.h:36\x1b[m\x1b[K,\n'}
[98.772322] (sllidar_ros2) StderrLine: {'line': b'                 from \x1b[01m\x1b[K/home/arno/RoombaV2Onboard/src/sllidar_ros2/sdk/src/sl_crc.cpp:33\x1b[m\x1b[K:\n'}
[98.773890] (sllidar_ros2) StderrLine: {'line': b'\x1b[01m\x1b[K/home/arno/RoombaV2Onboard/src/sllidar_ros2/./sdk/include/sl_lidar_protocol.h:66:16:\x1b[m\x1b[K \x1b[01;35m\x1b[Kwarning: \x1b[m\x1b[KISO C++ forbids zero-size array \xe2\x80\x98\x1b[01m\x1b[Kdata\x1b[m\x1b[K\xe2\x80\x99 [\x1b[01;35m\x1b[K\x1b]8;;https://gcc.gnu.org/onlinedocs/gcc/Warning-Options.html#index-Wpedantic\x07-Wpedantic\x1b]8;;\x07\x1b[m\x1b[K]\n'}
[98.777242] (sllidar_ros2) StderrLine: {'line': b'   66 |     sl_u8 data[\x1b[01;35m\x1b[K0\x1b[m\x1b[K];\n'}
[98.778675] (sllidar_ros2) StderrLine: {'line': b'      |                \x1b[01;35m\x1b[K^\x1b[m\x1b[K\n'}
[98.780167] (sllidar_ros2) StderrLine: {'line': b'In file included from \x1b[01m\x1b[K/home/arno/RoombaV2Onboard/src/sllidar_ros2/./sdk/include/sl_crc.h:36\x1b[m\x1b[K,\n'}
[98.781516] (sllidar_ros2) StderrLine: {'line': b'                 from \x1b[01m\x1b[K/home/arno/RoombaV2Onboard/src/sllidar_ros2/sdk/src/sl_crc.cpp:33\x1b[m\x1b[K:\n'}
[98.782913] (sllidar_ros2) StderrLine: {'line': b'\x1b[01m\x1b[K/home/arno/RoombaV2Onboard/src/sllidar_ros2/./sdk/include/sl_lidar_cmd.h:324:20:\x1b[m\x1b[K \x1b[01;35m\x1b[Kwarning: \x1b[m\x1b[KISO C++ forbids zero-size array \xe2\x80\x98\x1b[01m\x1b[Kpayload\x1b[m\x1b[K\xe2\x80\x99 [\x1b[01;35m\x1b[K\x1b]8;;https://gcc.gnu.org/onlinedocs/gcc/Warning-Options.html#index-Wpedantic\x07-Wpedantic\x1b]8;;\x07\x1b[m\x1b[K]\n'}
[98.783988] (sllidar_ros2) StderrLine: {'line': b'  324 |     sl_u8  payload[\x1b[01;35m\x1b[K0\x1b[m\x1b[K];\n'}
[98.784810] (sllidar_ros2) StderrLine: {'line': b'      |                    \x1b[01;35m\x1b[K^\x1b[m\x1b[K\n'}
[98.865792] (-) TimerEvent: {}
[98.950805] (sllidar_ros2) StdoutLine: {'line': b'[ 75%] \x1b[32mBuilding CXX object CMakeFiles/sllidar_node.dir/sdk/src/sl_lidarprotocol_codec.cpp.o\x1b[0m\n'}
[98.966087] (-) TimerEvent: {}
[99.068220] (-) TimerEvent: {}
[99.169667] (-) TimerEvent: {}
[99.271356] (-) TimerEvent: {}
[99.372833] (-) TimerEvent: {}
[99.474198] (-) TimerEvent: {}
[99.575620] (-) TimerEvent: {}
[99.676850] (-) TimerEvent: {}
[99.778410] (-) TimerEvent: {}
[99.880630] (-) TimerEvent: {}
[99.982668] (-) TimerEvent: {}
[100.084148] (-) TimerEvent: {}
[100.185760] (-) TimerEvent: {}
[100.288047] (-) TimerEvent: {}
[100.389766] (-) TimerEvent: {}
[100.491368] (-) TimerEvent: {}
[100.592857] (-) TimerEvent: {}
[100.694704] (-) TimerEvent: {}
[100.796421] (-) TimerEvent: {}
[100.898106] (-) TimerEvent: {}
[100.999575] (-) TimerEvent: {}
[101.101158] (-) TimerEvent: {}
[101.202437] (-) TimerEvent: {}
[101.303899] (-) TimerEvent: {}
[101.405508] (-) TimerEvent: {}
[101.507048] (-) TimerEvent: {}
[101.609410] (-) TimerEvent: {}
[101.715887] (-) TimerEvent: {}
[101.819489] (-) TimerEvent: {}
[101.921319] (-) TimerEvent: {}
[102.023247] (-) TimerEvent: {}
[102.124987] (-) TimerEvent: {}
[102.226740] (-) TimerEvent: {}
[102.328524] (-) TimerEvent: {}
[102.430102] (-) TimerEvent: {}
[102.531692] (-) TimerEvent: {}
[102.633168] (-) TimerEvent: {}
[102.734842] (-) TimerEvent: {}
[102.836690] (-) TimerEvent: {}
[102.938335] (-) TimerEvent: {}
[103.039910] (-) TimerEvent: {}
[103.141347] (-) TimerEvent: {}
[103.242761] (-) TimerEvent: {}
[103.344117] (-) TimerEvent: {}
[103.445256] (-) TimerEvent: {}
[103.546915] (-) TimerEvent: {}
[103.648433] (-) TimerEvent: {}
[103.750084] (-) TimerEvent: {}
[103.852156] (-) TimerEvent: {}
[103.956375] (-) TimerEvent: {}
[104.058152] (-) TimerEvent: {}
[104.159637] (-) TimerEvent: {}
[104.261427] (-) TimerEvent: {}
[104.363477] (-) TimerEvent: {}
[104.464943] (-) TimerEvent: {}
[104.952408] (-) TimerEvent: {}
[105.053922] (-) TimerEvent: {}
[105.156527] (-) TimerEvent: {}
[105.258599] (-) TimerEvent: {}
[105.360464] (-) TimerEvent: {}
[105.462174] (-) TimerEvent: {}
[105.563893] (-) TimerEvent: {}
[105.665927] (-) TimerEvent: {}
[105.769488] (-) TimerEvent: {}
[105.871082] (-) TimerEvent: {}
[105.972318] (-) TimerEvent: {}
[106.073853] (-) TimerEvent: {}
[106.175497] (-) TimerEvent: {}
[106.277162] (-) TimerEvent: {}
[106.378829] (-) TimerEvent: {}
[106.480481] (-) TimerEvent: {}
[106.582764] (-) TimerEvent: {}
[106.684807] (-) TimerEvent: {}
[106.786469] (-) TimerEvent: {}
[106.888078] (-) TimerEvent: {}
[106.990738] (-) TimerEvent: {}
[107.092608] (-) TimerEvent: {}
[107.256619] (-) TimerEvent: {}
[107.358205] (-) TimerEvent: {}
[107.460720] (-) TimerEvent: {}
[107.564074] (-) TimerEvent: {}
[107.668540] (-) TimerEvent: {}
[107.771424] (-) TimerEvent: {}
[107.873045] (-) TimerEvent: {}
[107.975086] (-) TimerEvent: {}
[108.078143] (-) TimerEvent: {}
[108.194163] (-) TimerEvent: {}
[108.203588] (sllidar_ros2) StderrLine: {'line': b'In file included from \x1b[01m\x1b[K/home/arno/RoombaV2Onboard/src/sllidar_ros2/./sdk/include/rplidar_protocol.h:36\x1b[m\x1b[K,\n'}
[110.491241] (-) TimerEvent: {}
[110.500563] (sllidar_ros2) StderrLine: {'line': b'                 from \x1b[01m\x1b[K/home/arno/RoombaV2Onboard/src/sllidar_ros2/./sdk/include/rplidar.h:39\x1b[m\x1b[K,\n'}
[110.508519] (sllidar_ros2) StderrLine: {'line': b'                 from \x1b[01m\x1b[K/home/arno/RoombaV2Onboard/src/sllidar_ros2/sdk/src/sdkcommon.h:49\x1b[m\x1b[K,\n'}
[110.510384] (sllidar_ros2) StderrLine: {'line': b'                 from \x1b[01m\x1b[K/home/arno/RoombaV2Onboard/src/sllidar_ros2/sdk/src/sl_lidarprotocol_codec.cpp:35\x1b[m\x1b[K:\n'}
[110.512084] (sllidar_ros2) StderrLine: {'line': b'\x1b[01m\x1b[K/home/arno/RoombaV2Onboard/src/sllidar_ros2/./sdk/include/sl_lidar_protocol.h:66:16:\x1b[m\x1b[K \x1b[01;35m\x1b[Kwarning: \x1b[m\x1b[KISO C++ forbids zero-size array \xe2\x80\x98\x1b[01m\x1b[Kdata\x1b[m\x1b[K\xe2\x80\x99 [\x1b[01;35m\x1b[K\x1b]8;;https://gcc.gnu.org/onlinedocs/gcc/Warning-Options.html#index-Wpedantic\x07-Wpedantic\x1b]8;;\x07\x1b[m\x1b[K]\n'}
[110.523659] (sllidar_ros2) StderrLine: {'line': b'   66 |     sl_u8 data[\x1b[01;35m\x1b[K0\x1b[m\x1b[K];\n'}
[110.526440] (sllidar_ros2) StderrLine: {'line': b'      |                \x1b[01;35m\x1b[K^\x1b[m\x1b[K\n'}
[110.527988] (sllidar_ros2) StderrLine: {'line': b'In file included from \x1b[01m\x1b[K/home/arno/RoombaV2Onboard/src/sllidar_ros2/./sdk/include/rplidar_protocol.h:36\x1b[m\x1b[K,\n'}
[110.529872] (sllidar_ros2) StderrLine: {'line': b'                 from \x1b[01m\x1b[K/home/arno/RoombaV2Onboard/src/sllidar_ros2/./sdk/include/rplidar.h:39\x1b[m\x1b[K,\n'}
[110.531702] (sllidar_ros2) StderrLine: {'line': b'                 from \x1b[01m\x1b[K/home/arno/RoombaV2Onboard/src/sllidar_ros2/sdk/src/sdkcommon.h:49\x1b[m\x1b[K,\n'}
[110.533485] (sllidar_ros2) StderrLine: {'line': b'                 from \x1b[01m\x1b[K/home/arno/RoombaV2Onboard/src/sllidar_ros2/sdk/src/sl_lidar_driver.cpp:33\x1b[m\x1b[K:\n'}
[110.535700] (sllidar_ros2) StderrLine: {'line': b'\x1b[01m\x1b[K/home/arno/RoombaV2Onboard/src/sllidar_ros2/./sdk/include/sl_lidar_protocol.h:66:16:\x1b[m\x1b[K \x1b[01;35m\x1b[Kwarning: \x1b[m\x1b[KISO C++ forbids zero-size array \xe2\x80\x98\x1b[01m\x1b[Kdata\x1b[m\x1b[K\xe2\x80\x99 [\x1b[01;35m\x1b[K\x1b]8;;https://gcc.gnu.org/onlinedocs/gcc/Warning-Options.html#index-Wpedantic\x07-Wpedantic\x1b]8;;\x07\x1b[m\x1b[K]\n'}
[110.537440] (sllidar_ros2) StderrLine: {'line': b'   66 |     sl_u8 data[\x1b[01;35m\x1b[K0\x1b[m\x1b[K];\n'}
[110.538948] (sllidar_ros2) StderrLine: {'line': b'      |                \x1b[01;35m\x1b[K^\x1b[m\x1b[K\n'}
[110.540170] (sllidar_ros2) StderrLine: {'line': b'In file included from \x1b[01m\x1b[K/home/arno/RoombaV2Onboard/src/sllidar_ros2/./sdk/include/rplidar_cmd.h:36\x1b[m\x1b[K,\n'}
[110.541198] (sllidar_ros2) StderrLine: {'line': b'                 from \x1b[01m\x1b[K/home/arno/RoombaV2Onboard/src/sllidar_ros2/./sdk/include/rplidar.h:40\x1b[m\x1b[K,\n'}
[110.542568] (sllidar_ros2) StderrLine: {'line': b'                 from \x1b[01m\x1b[K/home/arno/RoombaV2Onboard/src/sllidar_ros2/sdk/src/sdkcommon.h:49\x1b[m\x1b[K,\n'}
[110.544184] (sllidar_ros2) StderrLine: {'line': b'                 from \x1b[01m\x1b[K/home/arno/RoombaV2Onboard/src/sllidar_ros2/sdk/src/sl_lidarprotocol_codec.cpp:35\x1b[m\x1b[K:\n'}
[110.545975] (sllidar_ros2) StderrLine: {'line': b'\x1b[01m\x1b[K/home/arno/RoombaV2Onboard/src/sllidar_ros2/./sdk/include/sl_lidar_cmd.h:324:20:\x1b[m\x1b[K \x1b[01;35m\x1b[Kwarning: \x1b[m\x1b[KISO C++ forbids zero-size array \xe2\x80\x98\x1b[01m\x1b[Kpayload\x1b[m\x1b[K\xe2\x80\x99 [\x1b[01;35m\x1b[K\x1b]8;;https://gcc.gnu.org/onlinedocs/gcc/Warning-Options.html#index-Wpedantic\x07-Wpedantic\x1b]8;;\x07\x1b[m\x1b[K]\n'}
[110.547515] (sllidar_ros2) StderrLine: {'line': b'  324 |     sl_u8  payload[\x1b[01;35m\x1b[K0\x1b[m\x1b[K];\n'}
[110.549083] (sllidar_ros2) StderrLine: {'line': b'      |                    \x1b[01;35m\x1b[K^\x1b[m\x1b[K\n'}
[110.550865] (sllidar_ros2) StderrLine: {'line': b'In file included from \x1b[01m\x1b[K/home/arno/RoombaV2Onboard/src/sllidar_ros2/./sdk/include/rplidar_cmd.h:36\x1b[m\x1b[K,\n'}
[110.552322] (sllidar_ros2) StderrLine: {'line': b'                 from \x1b[01m\x1b[K/home/arno/RoombaV2Onboard/src/sllidar_ros2/./sdk/include/rplidar.h:40\x1b[m\x1b[K,\n'}
[110.553621] (sllidar_ros2) StderrLine: {'line': b'                 from \x1b[01m\x1b[K/home/arno/RoombaV2Onboard/src/sllidar_ros2/sdk/src/sdkcommon.h:49\x1b[m\x1b[K,\n'}
[110.555109] (sllidar_ros2) StderrLine: {'line': b'                 from \x1b[01m\x1b[K/home/arno/RoombaV2Onboard/src/sllidar_ros2/sdk/src/sl_lidar_driver.cpp:33\x1b[m\x1b[K:\n'}
[110.556604] (sllidar_ros2) StderrLine: {'line': b'\x1b[01m\x1b[K/home/arno/RoombaV2Onboard/src/sllidar_ros2/./sdk/include/sl_lidar_cmd.h:324:20:\x1b[m\x1b[K \x1b[01;35m\x1b[Kwarning: \x1b[m\x1b[KISO C++ forbids zero-size array \xe2\x80\x98\x1b[01m\x1b[Kpayload\x1b[m\x1b[K\xe2\x80\x99 [\x1b[01;35m\x1b[K\x1b]8;;https://gcc.gnu.org/onlinedocs/gcc/Warning-Options.html#index-Wpedantic\x07-Wpedantic\x1b]8;;\x07\x1b[m\x1b[K]\n'}
[110.558432] (sllidar_ros2) StderrLine: {'line': b'  324 |     sl_u8  payload[\x1b[01;35m\x1b[K0\x1b[m\x1b[K];\n'}
[110.559811] (sllidar_ros2) StderrLine: {'line': b'      |                    \x1b[01;35m\x1b[K^\x1b[m\x1b[K\n'}
[110.591608] (-) TimerEvent: {}
[110.694977] (-) TimerEvent: {}
[110.797802] (-) TimerEvent: {}
[110.900905] (-) TimerEvent: {}
[111.004285] (-) TimerEvent: {}
[111.107272] (-) TimerEvent: {}
[111.209007] (-) TimerEvent: {}
[111.310886] (-) TimerEvent: {}
[111.413493] (-) TimerEvent: {}
[111.515192] (-) TimerEvent: {}
[111.618778] (-) TimerEvent: {}
[111.720603] (-) TimerEvent: {}
[111.823003] (-) TimerEvent: {}
[111.926243] (-) TimerEvent: {}
[112.027905] (-) TimerEvent: {}
[112.129556] (-) TimerEvent: {}
[112.231002] (-) TimerEvent: {}
[112.332700] (-) TimerEvent: {}
[112.433975] (-) TimerEvent: {}
[112.535828] (-) TimerEvent: {}
[112.637369] (-) TimerEvent: {}
[112.739274] (-) TimerEvent: {}
[112.840787] (-) TimerEvent: {}
[112.942299] (-) TimerEvent: {}
[113.043852] (-) TimerEvent: {}
[113.145651] (-) TimerEvent: {}
[113.265257] (sllidar_ros2) StderrLine: {'line': b'In file included from \x1b[01m\x1b[K/home/arno/RoombaV2Onboard/src/sllidar_ros2/sdk/src/sl_lidarprotocol_codec.cpp:49\x1b[m\x1b[K:\n'}
[113.268240] (-) TimerEvent: {}
[113.272377] (sllidar_ros2) StderrLine: {'line': b'\x1b[01m\x1b[K/home/arno/RoombaV2Onboard/src/sllidar_ros2/sdk/src/sl_async_transceiver.h:\x1b[m\x1b[K In member function \xe2\x80\x98\x1b[01m\x1b[Kvirtual void sl::internal::IAsyncProtocolCodec::onChannelError(u_result)\x1b[m\x1b[K\xe2\x80\x99:\n'}
[113.281329] (sllidar_ros2) StderrLine: {'line': b'\x1b[01m\x1b[K/home/arno/RoombaV2Onboard/src/sllidar_ros2/sdk/src/sl_async_transceiver.h:90:48:\x1b[m\x1b[K \x1b[01;35m\x1b[Kwarning: \x1b[m\x1b[Kunused parameter \xe2\x80\x98\x1b[01m\x1b[KerrCode\x1b[m\x1b[K\xe2\x80\x99 [\x1b[01;35m\x1b[K\x1b]8;;https://gcc.gnu.org/onlinedocs/gcc/Warning-Options.html#index-Wunused-parameter\x07-Wunused-parameter\x1b]8;;\x07\x1b[m\x1b[K]\n'}
[113.286444] (sllidar_ros2) StderrLine: {'line': b'   90 |         virtual void   onChannelError(\x1b[01;35m\x1b[Ku_result errCode\x1b[m\x1b[K) {}\n'}
[113.289623] (sllidar_ros2) StderrLine: {'line': b'      |                                       \x1b[01;35m\x1b[K~~~~~~~~~^~~~~~~\x1b[m\x1b[K\n'}
[113.368488] (-) TimerEvent: {}
[113.469975] (-) TimerEvent: {}
[113.565082] (sllidar_ros2) StderrLine: {'line': b'In file included from \x1b[01m\x1b[K/home/arno/RoombaV2Onboard/src/sllidar_ros2/sdk/src/sl_lidar_driver.cpp:50\x1b[m\x1b[K:\n'}
[113.574022] (sllidar_ros2) StderrLine: {'line': b'\x1b[01m\x1b[K/home/arno/RoombaV2Onboard/src/sllidar_ros2/sdk/src/dataunpacker/dataunpacker.h:\x1b[m\x1b[K In member function \xe2\x80\x98\x1b[01m\x1b[Kvirtual void sl::internal::LIDARSampleDataListener::onCustomSampleDataDecoded(_u8, _u32, const void*, size_t)\x1b[m\x1b[K\xe2\x80\x99:\n'}
[113.580472] (-) TimerEvent: {}
[113.582068] (sllidar_ros2) StderrLine: {'line': b'\x1b[01m\x1b[K/home/arno/RoombaV2Onboard/src/sllidar_ros2/sdk/src/dataunpacker/dataunpacker.h:54:52:\x1b[m\x1b[K \x1b[01;35m\x1b[Kwarning: \x1b[m\x1b[Kunused parameter \xe2\x80\x98\x1b[01m\x1b[KansType\x1b[m\x1b[K\xe2\x80\x99 [\x1b[01;35m\x1b[K\x1b]8;;https://gcc.gnu.org/onlinedocs/gcc/Warning-Options.html#index-Wunused-parameter\x07-Wunused-parameter\x1b]8;;\x07\x1b[m\x1b[K]\n'}
[113.588511] (sllidar_ros2) StderrLine: {'line': b'   54 |         virtual void onCustomSampleDataDecoded(\x1b[01;35m\x1b[K_u8 ansType\x1b[m\x1b[K, _u32 customCode, const void* data, size_t size) {}\n'}
[113.590619] (sllidar_ros2) StderrLine: {'line': b'      |                                                \x1b[01;35m\x1b[K~~~~^~~~~~~\x1b[m\x1b[K\n'}
[113.592511] (sllidar_ros2) StderrLine: {'line': b'\x1b[01m\x1b[K/home/arno/RoombaV2Onboard/src/sllidar_ros2/sdk/src/dataunpacker/dataunpacker.h:54:66:\x1b[m\x1b[K \x1b[01;35m\x1b[Kwarning: \x1b[m\x1b[Kunused parameter \xe2\x80\x98\x1b[01m\x1b[KcustomCode\x1b[m\x1b[K\xe2\x80\x99 [\x1b[01;35m\x1b[K\x1b]8;;https://gcc.gnu.org/onlinedocs/gcc/Warning-Options.html#index-Wunused-parameter\x07-Wunused-parameter\x1b]8;;\x07\x1b[m\x1b[K]\n'}
[113.594417] (sllidar_ros2) StderrLine: {'line': b'   54 |         virtual void onCustomSampleDataDecoded(_u8 ansType, \x1b[01;35m\x1b[K_u32 customCode\x1b[m\x1b[K, const void* data, size_t size) {}\n'}
[113.596691] (sllidar_ros2) StderrLine: {'line': b'      |                                                             \x1b[01;35m\x1b[K~~~~~^~~~~~~~~~\x1b[m\x1b[K\n'}
[113.598426] (sllidar_ros2) StderrLine: {'line': b'\x1b[01m\x1b[K/home/arno/RoombaV2Onboard/src/sllidar_ros2/sdk/src/dataunpacker/dataunpacker.h:54:90:\x1b[m\x1b[K \x1b[01;35m\x1b[Kwarning: \x1b[m\x1b[Kunused parameter \xe2\x80\x98\x1b[01m\x1b[Kdata\x1b[m\x1b[K\xe2\x80\x99 [\x1b[01;35m\x1b[K\x1b]8;;https://gcc.gnu.org/onlinedocs/gcc/Warning-Options.html#index-Wunused-parameter\x07-Wunused-parameter\x1b]8;;\x07\x1b[m\x1b[K]\n'}
[113.600349] (sllidar_ros2) StderrLine: {'line': b'   54 |         virtual void onCustomSampleDataDecoded(_u8 ansType, _u32 customCode, \x1b[01;35m\x1b[Kconst void* data\x1b[m\x1b[K, size_t size) {}\n'}
[113.602279] (sllidar_ros2) StderrLine: {'line': b'      |                                                                              \x1b[01;35m\x1b[K~~~~~~~~~~~~^~~~\x1b[m\x1b[K\n'}
[113.604392] (sllidar_ros2) StderrLine: {'line': b'\x1b[01m\x1b[K/home/arno/RoombaV2Onboard/src/sllidar_ros2/sdk/src/dataunpacker/dataunpacker.h:54:103:\x1b[m\x1b[K \x1b[01;35m\x1b[Kwarning: \x1b[m\x1b[Kunused parameter \xe2\x80\x98\x1b[01m\x1b[Ksize\x1b[m\x1b[K\xe2\x80\x99 [\x1b[01;35m\x1b[K\x1b]8;;https://gcc.gnu.org/onlinedocs/gcc/Warning-Options.html#index-Wunused-parameter\x07-Wunused-parameter\x1b]8;;\x07\x1b[m\x1b[K]\n'}
[113.614184] (sllidar_ros2) StderrLine: {'line': b'   54 |         virtual void onCustomSampleDataDecoded(_u8 ansType, _u32 customCode, const void* data, \x1b[01;35m\x1b[Ksize_t size\x1b[m\x1b[K) {}\n'}
[113.616173] (sllidar_ros2) StderrLine: {'line': b'      |                                                                                                \x1b[01;35m\x1b[K~~~~~~~^~~~\x1b[m\x1b[K\n'}
[113.617944] (sllidar_ros2) StderrLine: {'line': b'\x1b[01m\x1b[K/home/arno/RoombaV2Onboard/src/sllidar_ros2/sdk/src/dataunpacker/dataunpacker.h:\x1b[m\x1b[K In member function \xe2\x80\x98\x1b[01m\x1b[Kvirtual void sl::internal::LIDARSampleDataListener::onDecodingError(int, _u8, const void*, size_t)\x1b[m\x1b[K\xe2\x80\x99:\n'}
[113.628608] (sllidar_ros2) StderrLine: {'line': b'\x1b[01m\x1b[K/home/arno/RoombaV2Onboard/src/sllidar_ros2/sdk/src/dataunpacker/dataunpacker.h:56:42:\x1b[m\x1b[K \x1b[01;35m\x1b[Kwarning: \x1b[m\x1b[Kunused parameter \xe2\x80\x98\x1b[01m\x1b[KerrMsg\x1b[m\x1b[K\xe2\x80\x99 [\x1b[01;35m\x1b[K\x1b]8;;https://gcc.gnu.org/onlinedocs/gcc/Warning-Options.html#index-Wunused-parameter\x07-Wunused-parameter\x1b]8;;\x07\x1b[m\x1b[K]\n'}
[113.630751] (sllidar_ros2) StderrLine: {'line': b'   56 |         virtual void onDecodingError(\x1b[01;35m\x1b[Kint errMsg\x1b[m\x1b[K, _u8 ansType, const void* payload, size_t size) {}\n'}
[113.632881] (sllidar_ros2) StderrLine: {'line': b'      |                                      \x1b[01;35m\x1b[K~~~~^~~~~~\x1b[m\x1b[K\n'}
[113.634823] (sllidar_ros2) StderrLine: {'line': b'\x1b[01m\x1b[K/home/arno/RoombaV2Onboard/src/sllidar_ros2/sdk/src/dataunpacker/dataunpacker.h:56:54:\x1b[m\x1b[K \x1b[01;35m\x1b[Kwarning: \x1b[m\x1b[Kunused parameter \xe2\x80\x98\x1b[01m\x1b[KansType\x1b[m\x1b[K\xe2\x80\x99 [\x1b[01;35m\x1b[K\x1b]8;;https://gcc.gnu.org/onlinedocs/gcc/Warning-Options.html#index-Wunused-parameter\x07-Wunused-parameter\x1b]8;;\x07\x1b[m\x1b[K]\n'}
[113.636989] (sllidar_ros2) StderrLine: {'line': b'   56 |         virtual void onDecodingError(int errMsg, \x1b[01;35m\x1b[K_u8 ansType\x1b[m\x1b[K, const void* payload, size_t size) {}\n'}
[113.638624] (sllidar_ros2) StderrLine: {'line': b'      |                                                  \x1b[01;35m\x1b[K~~~~^~~~~~~\x1b[m\x1b[K\n'}
[113.640567] (sllidar_ros2) StderrLine: {'line': b'\x1b[01m\x1b[K/home/arno/RoombaV2Onboard/src/sllidar_ros2/sdk/src/dataunpacker/dataunpacker.h:56:75:\x1b[m\x1b[K \x1b[01;35m\x1b[Kwarning: \x1b[m\x1b[Kunused parameter \xe2\x80\x98\x1b[01m\x1b[Kpayload\x1b[m\x1b[K\xe2\x80\x99 [\x1b[01;35m\x1b[K\x1b]8;;https://gcc.gnu.org/onlinedocs/gcc/Warning-Options.html#index-Wunused-parameter\x07-Wunused-parameter\x1b]8;;\x07\x1b[m\x1b[K]\n'}
[113.643127] (sllidar_ros2) StderrLine: {'line': b'   56 |         virtual void onDecodingError(int errMsg, _u8 ansType, \x1b[01;35m\x1b[Kconst void* payload\x1b[m\x1b[K, size_t size) {}\n'}
[113.645200] (sllidar_ros2) StderrLine: {'line': b'      |                                                               \x1b[01;35m\x1b[K~~~~~~~~~~~~^~~~~~~\x1b[m\x1b[K\n'}
[113.646985] (sllidar_ros2) StderrLine: {'line': b'\x1b[01m\x1b[K/home/arno/RoombaV2Onboard/src/sllidar_ros2/sdk/src/dataunpacker/dataunpacker.h:56:91:\x1b[m\x1b[K \x1b[01;35m\x1b[Kwarning: \x1b[m\x1b[Kunused parameter \xe2\x80\x98\x1b[01m\x1b[Ksize\x1b[m\x1b[K\xe2\x80\x99 [\x1b[01;35m\x1b[K\x1b]8;;https://gcc.gnu.org/onlinedocs/gcc/Warning-Options.html#index-Wunused-parameter\x07-Wunused-parameter\x1b]8;;\x07\x1b[m\x1b[K]\n'}
[113.648326] (sllidar_ros2) StderrLine: {'line': b'   56 |         virtual void onDecodingError(int errMsg, _u8 ansType, const void* payload, \x1b[01;35m\x1b[Ksize_t size\x1b[m\x1b[K) {}\n'}
[113.649216] (sllidar_ros2) StderrLine: {'line': b'      |                                                                                    \x1b[01;35m\x1b[K~~~~~~~^~~~\x1b[m\x1b[K\n'}
[113.680741] (-) TimerEvent: {}
[113.692455] (sllidar_ros2) StderrLine: {'line': b'In file included from \x1b[01m\x1b[K/home/arno/RoombaV2Onboard/src/sllidar_ros2/sdk/src/sl_lidar_driver.cpp:51\x1b[m\x1b[K:\n'}
[113.694150] (sllidar_ros2) StderrLine: {'line': b'\x1b[01m\x1b[K/home/arno/RoombaV2Onboard/src/sllidar_ros2/sdk/src/sl_async_transceiver.h:\x1b[m\x1b[K In member function \xe2\x80\x98\x1b[01m\x1b[Kvirtual void sl::internal::IAsyncProtocolCodec::onChannelError(u_result)\x1b[m\x1b[K\xe2\x80\x99:\n'}
[113.697782] (sllidar_ros2) StderrLine: {'line': b'\x1b[01m\x1b[K/home/arno/RoombaV2Onboard/src/sllidar_ros2/sdk/src/sl_async_transceiver.h:90:48:\x1b[m\x1b[K \x1b[01;35m\x1b[Kwarning: \x1b[m\x1b[Kunused parameter \xe2\x80\x98\x1b[01m\x1b[KerrCode\x1b[m\x1b[K\xe2\x80\x99 [\x1b[01;35m\x1b[K\x1b]8;;https://gcc.gnu.org/onlinedocs/gcc/Warning-Options.html#index-Wunused-parameter\x07-Wunused-parameter\x1b]8;;\x07\x1b[m\x1b[K]\n'}
[113.705670] (sllidar_ros2) StderrLine: {'line': b'   90 |         virtual void   onChannelError(\x1b[01;35m\x1b[Ku_result errCode\x1b[m\x1b[K) {}\n'}
[113.713285] (sllidar_ros2) StderrLine: {'line': b'      |                                       \x1b[01;35m\x1b[K~~~~~~~~~^~~~~~~\x1b[m\x1b[K\n'}
[113.781390] (-) TimerEvent: {}
[113.884520] (-) TimerEvent: {}
[113.937238] (sllidar_ros2) StderrLine: {'line': b'\x1b[01m\x1b[K/home/arno/RoombaV2Onboard/src/sllidar_ros2/sdk/src/sl_lidar_driver.cpp:\x1b[m\x1b[K In member function \xe2\x80\x98\x1b[01m\x1b[Kvirtual sl_result sl::SlamtecLidarDriver::reset(sl_u32)\x1b[m\x1b[K\xe2\x80\x99:\n'}
[113.947266] (sllidar_ros2) StderrLine: {'line': b'\x1b[01m\x1b[K/home/arno/RoombaV2Onboard/src/sllidar_ros2/sdk/src/sl_lidar_driver.cpp:511:32:\x1b[m\x1b[K \x1b[01;35m\x1b[Kwarning: \x1b[m\x1b[Kunused parameter \xe2\x80\x98\x1b[01m\x1b[KtimeoutInMs\x1b[m\x1b[K\xe2\x80\x99 [\x1b[01;35m\x1b[K\x1b]8;;https://gcc.gnu.org/onlinedocs/gcc/Warning-Options.html#index-Wunused-parameter\x07-Wunused-parameter\x1b]8;;\x07\x1b[m\x1b[K]\n'}
[113.950933] (sllidar_ros2) StderrLine: {'line': b'  511 |         sl_result reset(\x1b[01;35m\x1b[Ksl_u32 timeoutInMs = DEFAULT_TIMEOUT\x1b[m\x1b[K)\n'}
[113.956230] (sllidar_ros2) StderrLine: {'line': b'      |                         \x1b[01;35m\x1b[K~~~~~~~^~~~~~~~~~~~~~~~~~~~~~~~~~~~~\x1b[m\x1b[K\n'}
[113.975360] (sllidar_ros2) StderrLine: {'line': b'\x1b[01m\x1b[K/home/arno/RoombaV2Onboard/src/sllidar_ros2/sdk/src/sl_lidar_driver.cpp:\x1b[m\x1b[K In member function \xe2\x80\x98\x1b[01m\x1b[Kvirtual sl_result sl::SlamtecLidarDriver::startScan(bool, bool, sl_u32, sl::LidarScanMode*)\x1b[m\x1b[K\xe2\x80\x99:\n'}
[113.976886] (sllidar_ros2) StderrLine: {'line': b'\x1b[01m\x1b[K/home/arno/RoombaV2Onboard/src/sllidar_ros2/sdk/src/sl_lidar_driver.cpp:586:69:\x1b[m\x1b[K \x1b[01;35m\x1b[Kwarning: \x1b[m\x1b[Kunused parameter \xe2\x80\x98\x1b[01m\x1b[Koptions\x1b[m\x1b[K\xe2\x80\x99 [\x1b[01;35m\x1b[K\x1b]8;;https://gcc.gnu.org/onlinedocs/gcc/Warning-Options.html#index-Wunused-parameter\x07-Wunused-parameter\x1b]8;;\x07\x1b[m\x1b[K]\n'}
[113.982009] (sllidar_ros2) StderrLine: {'line': b'  586 |         sl_result startScan(bool force, bool useTypicalScan, \x1b[01;35m\x1b[Ksl_u32 options = 0\x1b[m\x1b[K, LidarScanMode* outUsedScanMode = nullptr)\n'}
[113.983752] (sllidar_ros2) StderrLine: {'line': b'      |                                                              \x1b[01;35m\x1b[K~~~~~~~^~~~~~~~~~~\x1b[m\x1b[K\n'}
[113.985141] (-) TimerEvent: {}
[114.008537] (sllidar_ros2) StderrLine: {'line': b'\x1b[01m\x1b[K/home/arno/RoombaV2Onboard/src/sllidar_ros2/sdk/src/sl_lidar_driver.cpp:\x1b[m\x1b[K In member function \xe2\x80\x98\x1b[01m\x1b[Kvirtual sl_result sl::SlamtecLidarDriver::stop(sl_u32)\x1b[m\x1b[K\xe2\x80\x99:\n'}
[114.011865] (sllidar_ros2) StderrLine: {'line': b'\x1b[01m\x1b[K/home/arno/RoombaV2Onboard/src/sllidar_ros2/sdk/src/sl_lidar_driver.cpp:763:31:\x1b[m\x1b[K \x1b[01;35m\x1b[Kwarning: \x1b[m\x1b[Kunused parameter \xe2\x80\x98\x1b[01m\x1b[Ktimeout\x1b[m\x1b[K\xe2\x80\x99 [\x1b[01;35m\x1b[K\x1b]8;;https://gcc.gnu.org/onlinedocs/gcc/Warning-Options.html#index-Wunused-parameter\x07-Wunused-parameter\x1b]8;;\x07\x1b[m\x1b[K]\n'}
[114.015033] (sllidar_ros2) StderrLine: {'line': b'  763 |         sl_result stop(\x1b[01;35m\x1b[Ksl_u32 timeout = DEFAULT_TIMEOUT\x1b[m\x1b[K)\n'}
[114.016523] (sllidar_ros2) StderrLine: {'line': b'      |                        \x1b[01;35m\x1b[K~~~~~~~^~~~~~~~~~~~~~~~~~~~~~~~~\x1b[m\x1b[K\n'}
[114.021236] (sllidar_ros2) StderrLine: {'line': b'\x1b[01m\x1b[K/home/arno/RoombaV2Onboard/src/sllidar_ros2/sdk/src/sl_lidar_driver.cpp:\x1b[m\x1b[K In member function \xe2\x80\x98\x1b[01m\x1b[Kvirtual sl_result sl::SlamtecLidarDriver::getFrequency(const sl::LidarScanMode&, const sl_lidar_response_measurement_node_hq_t*, size_t, float&)\x1b[m\x1b[K\xe2\x80\x99:\n'}
[114.023661] (sllidar_ros2) StderrLine: {'line': b'\x1b[01m\x1b[K/home/arno/RoombaV2Onboard/src/sllidar_ros2/sdk/src/sl_lidar_driver.cpp:880:110:\x1b[m\x1b[K \x1b[01;35m\x1b[Kwarning: \x1b[m\x1b[Kunused parameter \xe2\x80\x98\x1b[01m\x1b[Knodes\x1b[m\x1b[K\xe2\x80\x99 [\x1b[01;35m\x1b[K\x1b]8;;https://gcc.gnu.org/onlinedocs/gcc/Warning-Options.html#index-Wunused-parameter\x07-Wunused-parameter\x1b]8;;\x07\x1b[m\x1b[K]\n'}
[114.025150] (sllidar_ros2) StderrLine: {'line': b'  880 |         sl_result getFrequency(const LidarScanMode& scanMode, \x1b[01;35m\x1b[Kconst sl_lidar_response_measurement_node_hq_t* nodes\x1b[m\x1b[K, size_t count, float& frequency)\n'}
[114.027433] (sllidar_ros2) StderrLine: {'line': b'      |                                                               \x1b[01;35m\x1b[K~~~~~~~~~~~~~~~~~~~~~~~~~~~~~~~~~~~~~~~~~~~~~~~^~~~~\x1b[m\x1b[K\n'}
[114.047234] (sllidar_ros2) StderrLine: {'line': b'\x1b[01m\x1b[K/home/arno/RoombaV2Onboard/src/sllidar_ros2/sdk/src/sl_lidar_driver.cpp:\x1b[m\x1b[K In member function \xe2\x80\x98\x1b[01m\x1b[Kvirtual sl_result sl::SlamtecLidarDriver::getMotorInfo(sl::LidarMotorInfo&, sl_u32)\x1b[m\x1b[K\xe2\x80\x99:\n'}
[114.049843] (sllidar_ros2) StderrLine: {'line': b'\x1b[01m\x1b[K/home/arno/RoombaV2Onboard/src/sllidar_ros2/sdk/src/sl_lidar_driver.cpp:1023:66:\x1b[m\x1b[K \x1b[01;35m\x1b[Kwarning: \x1b[m\x1b[Kunused parameter \xe2\x80\x98\x1b[01m\x1b[KtimeoutInMs\x1b[m\x1b[K\xe2\x80\x99 [\x1b[01;35m\x1b[K\x1b]8;;https://gcc.gnu.org/onlinedocs/gcc/Warning-Options.html#index-Wunused-parameter\x07-Wunused-parameter\x1b]8;;\x07\x1b[m\x1b[K]\n'}
[114.051415] (sllidar_ros2) StderrLine: {'line': b' 1023 |         sl_result getMotorInfo(LidarMotorInfo &motorInfo, \x1b[01;35m\x1b[Ksl_u32 timeoutInMs\x1b[m\x1b[K)\n'}
[114.052780] (sllidar_ros2) StderrLine: {'line': b'      |                                                           \x1b[01;35m\x1b[K~~~~~~~^~~~~~~~~~~\x1b[m\x1b[K\n'}
[114.060232] (sllidar_ros2) StderrLine: {'line': b'\x1b[01m\x1b[K/home/arno/RoombaV2Onboard/src/sllidar_ros2/sdk/src/sl_lidar_driver.cpp:\x1b[m\x1b[K In member function \xe2\x80\x98\x1b[01m\x1b[Ku_result sl::SlamtecLidarDriver::getScanModeCount(sl_u16&, sl_u32)\x1b[m\x1b[K\xe2\x80\x99:\n'}
[114.062754] (sllidar_ros2) StderrLine: {'line': b'\x1b[01m\x1b[K/home/arno/RoombaV2Onboard/src/sllidar_ros2/sdk/src/sl_lidar_driver.cpp:1199:61:\x1b[m\x1b[K \x1b[01;35m\x1b[Kwarning: \x1b[m\x1b[Kunused parameter \xe2\x80\x98\x1b[01m\x1b[KtimeoutInMs\x1b[m\x1b[K\xe2\x80\x99 [\x1b[01;35m\x1b[K\x1b]8;;https://gcc.gnu.org/onlinedocs/gcc/Warning-Options.html#index-Wunused-parameter\x07-Wunused-parameter\x1b]8;;\x07\x1b[m\x1b[K]\n'}
[114.064269] (sllidar_ros2) StderrLine: {'line': b' 1199 |         u_result getScanModeCount(sl_u16& modeCount, \x1b[01;35m\x1b[Ksl_u32 timeoutInMs = DEFAULT_TIMEOUT\x1b[m\x1b[K)\n'}
[114.065537] (sllidar_ros2) StderrLine: {'line': b'      |                                                      \x1b[01;35m\x1b[K~~~~~~~^~~~~~~~~~~~~~~~~~~~~~~~~~~~~\x1b[m\x1b[K\n'}
[114.085531] (-) TimerEvent: {}
[114.190076] (-) TimerEvent: {}
[114.291469] (-) TimerEvent: {}
[114.392872] (-) TimerEvent: {}
[114.494306] (-) TimerEvent: {}
[114.853540] (-) TimerEvent: {}
[114.956333] (-) TimerEvent: {}
[115.057655] (-) TimerEvent: {}
[115.159433] (-) TimerEvent: {}
[115.180206] (sllidar_ros2) StderrLine: {'line': b'/home/arno/RoombaV2Onboard/src/sllidar_ros2/sdk/src/sl_lidar_driver.cpp: In instantiation of \xe2\x80\x98\x1b[01m\x1b[Kvoid sl::RawSampleNodeHolder<T>::pushNode(_u64, const T*) [with T = sl_lidar_response_measurement_node_hq_t; _u64 = long unsigned int]\x1b[m\x1b[K\xe2\x80\x99:\n'}
[115.181761] (sllidar_ros2) StderrLine: {'line': b'\x1b[01m\x1b[K/home/arno/RoombaV2Onboard/src/sllidar_ros2/sdk/src/sl_lidar_driver.cpp:1648:42:\x1b[m\x1b[K   required from here\n'}
[115.183540] (sllidar_ros2) StderrLine: {'line': b'\x1b[01m\x1b[K/home/arno/RoombaV2Onboard/src/sllidar_ros2/sdk/src/sl_lidar_driver.cpp:202:28:\x1b[m\x1b[K \x1b[01;35m\x1b[Kwarning: \x1b[m\x1b[Kunused parameter \xe2\x80\x98\x1b[01m\x1b[Ktimestamp_uS\x1b[m\x1b[K\xe2\x80\x99 [\x1b[01;35m\x1b[K\x1b]8;;https://gcc.gnu.org/onlinedocs/gcc/Warning-Options.html#index-Wunused-parameter\x07-Wunused-parameter\x1b]8;;\x07\x1b[m\x1b[K]\n'}
[115.185263] (sllidar_ros2) StderrLine: {'line': b'  202 |         void pushNode(\x1b[01;35m\x1b[K_u64 timestamp_uS\x1b[m\x1b[K, const T* node)\n'}
[115.188054] (sllidar_ros2) StderrLine: {'line': b'      |                       \x1b[01;35m\x1b[K~~~~~^~~~~~~~~~~~\x1b[m\x1b[K\n'}
[115.259718] (-) TimerEvent: {}
[115.361696] (-) TimerEvent: {}
[115.463359] (-) TimerEvent: {}
[115.565276] (-) TimerEvent: {}
[115.666748] (-) TimerEvent: {}
[115.768014] (-) TimerEvent: {}
[115.869356] (-) TimerEvent: {}
[115.971253] (-) TimerEvent: {}
[116.073382] (-) TimerEvent: {}
[116.176505] (-) TimerEvent: {}
[116.278199] (-) TimerEvent: {}
[116.316308] (sllidar_ros2) StderrLine: {'line': b'\x1b[01m\x1b[K/home/arno/RoombaV2Onboard/src/sllidar_ros2/sdk/src/sl_lidar_driver.cpp:\x1b[m\x1b[K At global scope:\n'}
[116.323826] (sllidar_ros2) StderrLine: {'line': b'\x1b[01m\x1b[K/home/arno/RoombaV2Onboard/src/sllidar_ros2/sdk/src/sl_lidar_driver.cpp:83:17:\x1b[m\x1b[K \x1b[01;35m\x1b[Kwarning: \x1b[m\x1b[K\xe2\x80\x98\x1b[01m\x1b[Kvoid sl::convert(const sl_lidar_response_measurement_node_hq_t&, sl_lidar_response_measurement_node_t&)\x1b[m\x1b[K\xe2\x80\x99 defined but not used [\x1b[01;35m\x1b[K\x1b]8;;https://gcc.gnu.org/onlinedocs/gcc/Warning-Options.html#index-Wunused-function\x07-Wunused-function\x1b]8;;\x07\x1b[m\x1b[K]\n'}
[116.332038] (sllidar_ros2) StderrLine: {'line': b'   83 |     static void \x1b[01;35m\x1b[Kconvert\x1b[m\x1b[K(const sl_lidar_response_measurement_node_hq_t& from, sl_lidar_response_measurement_node_t& to)\n'}
[116.337572] (sllidar_ros2) StderrLine: {'line': b'      |                 \x1b[01;35m\x1b[K^~~~~~~\x1b[m\x1b[K\n'}
[116.341565] (sllidar_ros2) StderrLine: {'line': b'\x1b[01m\x1b[K/home/arno/RoombaV2Onboard/src/sllidar_ros2/sdk/src/sl_lidar_driver.cpp:75:17:\x1b[m\x1b[K \x1b[01;35m\x1b[Kwarning: \x1b[m\x1b[K\xe2\x80\x98\x1b[01m\x1b[Kvoid sl::convert(const sl_lidar_response_measurement_node_t&, sl_lidar_response_measurement_node_hq_t&)\x1b[m\x1b[K\xe2\x80\x99 defined but not used [\x1b[01;35m\x1b[K\x1b]8;;https://gcc.gnu.org/onlinedocs/gcc/Warning-Options.html#index-Wunused-function\x07-Wunused-function\x1b]8;;\x07\x1b[m\x1b[K]\n'}
[116.348948] (sllidar_ros2) StderrLine: {'line': b'   75 |     static void \x1b[01;35m\x1b[Kconvert\x1b[m\x1b[K(const sl_lidar_response_measurement_node_t& from, sl_lidar_response_measurement_node_hq_t& to)\n'}
[116.354226] (sllidar_ros2) StderrLine: {'line': b'      |                 \x1b[01;35m\x1b[K^~~~~~~\x1b[m\x1b[K\n'}
[116.359057] (sllidar_ros2) StderrLine: {'line': b'\x1b[01m\x1b[K/home/arno/RoombaV2Onboard/src/sllidar_ros2/sdk/src/sl_lidar_driver.cpp:70:17:\x1b[m\x1b[K \x1b[01;35m\x1b[Kwarning: \x1b[m\x1b[K\xe2\x80\x98\x1b[01m\x1b[Kvoid sl::printDeprecationWarn(const char*, const char*)\x1b[m\x1b[K\xe2\x80\x99 defined but not used [\x1b[01;35m\x1b[K\x1b]8;;https://gcc.gnu.org/onlinedocs/gcc/Warning-Options.html#index-Wunused-function\x07-Wunused-function\x1b]8;;\x07\x1b[m\x1b[K]\n'}
[116.366450] (sllidar_ros2) StderrLine: {'line': b'   70 |     static void \x1b[01;35m\x1b[KprintDeprecationWarn\x1b[m\x1b[K(const char* fn, const char* replacement)\n'}
[116.370123] (sllidar_ros2) StderrLine: {'line': b'      |                 \x1b[01;35m\x1b[K^~~~~~~~~~~~~~~~~~~~\x1b[m\x1b[K\n'}
[116.378845] (-) TimerEvent: {}
[116.480781] (-) TimerEvent: {}
[116.582485] (-) TimerEvent: {}
[116.684160] (-) TimerEvent: {}
[116.785610] (-) TimerEvent: {}
[116.887290] (-) TimerEvent: {}
[116.988488] (-) TimerEvent: {}
[117.089680] (-) TimerEvent: {}
[117.191030] (-) TimerEvent: {}
[117.293845] (-) TimerEvent: {}
[117.395988] (-) TimerEvent: {}
[117.497554] (-) TimerEvent: {}
[117.599077] (-) TimerEvent: {}
[117.700395] (-) TimerEvent: {}
[117.801905] (-) TimerEvent: {}
[117.903393] (-) TimerEvent: {}
[118.004807] (-) TimerEvent: {}
[118.106228] (-) TimerEvent: {}
[118.207765] (-) TimerEvent: {}
[118.309181] (-) TimerEvent: {}
[118.410623] (-) TimerEvent: {}
[118.511977] (-) TimerEvent: {}
[118.613664] (-) TimerEvent: {}
[118.715196] (-) TimerEvent: {}
[118.816656] (-) TimerEvent: {}
[118.918166] (-) TimerEvent: {}
[119.019810] (-) TimerEvent: {}
[119.121446] (-) TimerEvent: {}
[119.223007] (-) TimerEvent: {}
[119.324303] (-) TimerEvent: {}
[119.425573] (-) TimerEvent: {}
[119.526910] (-) TimerEvent: {}
[119.628178] (-) TimerEvent: {}
[119.730258] (-) TimerEvent: {}
[119.831602] (-) TimerEvent: {}
[119.933122] (-) TimerEvent: {}
[120.034696] (-) TimerEvent: {}
[120.136200] (-) TimerEvent: {}
[120.237662] (-) TimerEvent: {}
[120.339392] (-) TimerEvent: {}
[120.440914] (-) TimerEvent: {}
[120.542424] (-) TimerEvent: {}
[120.644000] (-) TimerEvent: {}
[120.745473] (-) TimerEvent: {}
[120.847114] (-) TimerEvent: {}
[120.948529] (-) TimerEvent: {}
[121.050016] (-) TimerEvent: {}
[121.151573] (-) TimerEvent: {}
[121.253151] (-) TimerEvent: {}
[121.354632] (-) TimerEvent: {}
[121.456199] (-) TimerEvent: {}
[121.557612] (-) TimerEvent: {}
[121.659189] (-) TimerEvent: {}
[121.760665] (-) TimerEvent: {}
[121.862138] (-) TimerEvent: {}
[121.963802] (-) TimerEvent: {}
[122.065378] (-) TimerEvent: {}
[122.166808] (-) TimerEvent: {}
[122.268230] (-) TimerEvent: {}
[122.369738] (-) TimerEvent: {}
[122.471334] (-) TimerEvent: {}
[122.572860] (-) TimerEvent: {}
[122.674303] (-) TimerEvent: {}
[122.775775] (-) TimerEvent: {}
[122.877245] (-) TimerEvent: {}
[122.979132] (-) TimerEvent: {}
[123.081423] (-) TimerEvent: {}
[123.183132] (-) TimerEvent: {}
[123.284554] (-) TimerEvent: {}
[123.386057] (-) TimerEvent: {}
[123.487692] (-) TimerEvent: {}
[123.589200] (-) TimerEvent: {}
[123.690680] (-) TimerEvent: {}
[123.792279] (-) TimerEvent: {}
[123.893727] (-) TimerEvent: {}
[123.995221] (-) TimerEvent: {}
[124.096748] (-) TimerEvent: {}
[124.198275] (-) TimerEvent: {}
[124.300142] (-) TimerEvent: {}
[124.401706] (-) TimerEvent: {}
[124.503490] (-) TimerEvent: {}
[124.607000] (-) TimerEvent: {}
[124.708656] (-) TimerEvent: {}
[124.810315] (-) TimerEvent: {}
[124.911969] (-) TimerEvent: {}
[125.013646] (-) TimerEvent: {}
[125.115223] (-) TimerEvent: {}
[125.216805] (-) TimerEvent: {}
[125.318432] (-) TimerEvent: {}
[125.420026] (-) TimerEvent: {}
[125.521425] (-) TimerEvent: {}
[125.623061] (-) TimerEvent: {}
[125.724520] (-) TimerEvent: {}
[125.826042] (-) TimerEvent: {}
[125.927454] (-) TimerEvent: {}
[126.028897] (-) TimerEvent: {}
[126.130383] (-) TimerEvent: {}
[126.232175] (-) TimerEvent: {}
[126.333755] (-) TimerEvent: {}
[126.435297] (-) TimerEvent: {}
[126.536807] (-) TimerEvent: {}
[126.638274] (-) TimerEvent: {}
[126.739936] (-) TimerEvent: {}
[126.841496] (-) TimerEvent: {}
[126.943208] (-) TimerEvent: {}
[127.044723] (-) TimerEvent: {}
[127.146192] (-) TimerEvent: {}
[127.247847] (-) TimerEvent: {}
[127.349413] (-) TimerEvent: {}
[127.450979] (-) TimerEvent: {}
[127.552414] (-) TimerEvent: {}
[127.653847] (-) TimerEvent: {}
[127.755373] (-) TimerEvent: {}
[127.856880] (-) TimerEvent: {}
[127.958379] (-) TimerEvent: {}
[128.059881] (-) TimerEvent: {}
[128.161410] (-) TimerEvent: {}
[128.263048] (-) TimerEvent: {}
[128.364706] (-) TimerEvent: {}
[128.466229] (-) TimerEvent: {}
[128.567735] (-) TimerEvent: {}
[128.669221] (-) TimerEvent: {}
[128.770804] (-) TimerEvent: {}
[128.872343] (-) TimerEvent: {}
[128.973789] (-) TimerEvent: {}
[129.075413] (-) TimerEvent: {}
[129.177061] (-) TimerEvent: {}
[129.278615] (-) TimerEvent: {}
[129.380123] (-) TimerEvent: {}
[129.481692] (-) TimerEvent: {}
[129.583256] (-) TimerEvent: {}
[129.684758] (-) TimerEvent: {}
[129.786660] (-) TimerEvent: {}
[129.888543] (-) TimerEvent: {}
[129.990187] (-) TimerEvent: {}
[130.091791] (-) TimerEvent: {}
[130.193327] (-) TimerEvent: {}
[130.294834] (-) TimerEvent: {}
[130.396152] (-) TimerEvent: {}
[130.497637] (-) TimerEvent: {}
[130.599327] (-) TimerEvent: {}
[130.700772] (-) TimerEvent: {}
[130.802486] (-) TimerEvent: {}
[130.904093] (-) TimerEvent: {}
[131.005589] (-) TimerEvent: {}
[131.107094] (-) TimerEvent: {}
[131.208676] (-) TimerEvent: {}
[131.310256] (-) TimerEvent: {}
[131.411911] (-) TimerEvent: {}
[131.513385] (-) TimerEvent: {}
[131.614821] (-) TimerEvent: {}
[131.716750] (-) TimerEvent: {}
[131.819141] (-) TimerEvent: {}
[131.920558] (-) TimerEvent: {}
[132.022126] (-) TimerEvent: {}
[132.123755] (-) TimerEvent: {}
[132.225372] (-) TimerEvent: {}
[132.326956] (-) TimerEvent: {}
[132.428458] (-) TimerEvent: {}
[132.530262] (-) TimerEvent: {}
[132.631750] (-) TimerEvent: {}
[132.733146] (-) TimerEvent: {}
[132.834634] (-) TimerEvent: {}
[132.936043] (-) TimerEvent: {}
[133.037521] (-) TimerEvent: {}
[133.139012] (-) TimerEvent: {}
[133.240540] (-) TimerEvent: {}
[133.341860] (-) TimerEvent: {}
[133.443334] (-) TimerEvent: {}
[133.544944] (-) TimerEvent: {}
[133.646367] (-) TimerEvent: {}
[133.747911] (-) TimerEvent: {}
[133.849524] (-) TimerEvent: {}
[133.951028] (-) TimerEvent: {}
[134.052498] (-) TimerEvent: {}
[134.153869] (-) TimerEvent: {}
[134.255391] (-) TimerEvent: {}
[134.357013] (-) TimerEvent: {}
[134.458401] (-) TimerEvent: {}
[134.560151] (-) TimerEvent: {}
[134.661647] (-) TimerEvent: {}
[134.763317] (-) TimerEvent: {}
[134.865056] (-) TimerEvent: {}
[134.966840] (-) TimerEvent: {}
[135.068477] (-) TimerEvent: {}
[135.170598] (-) TimerEvent: {}
[135.272207] (-) TimerEvent: {}
[135.373852] (-) TimerEvent: {}
[135.475342] (-) TimerEvent: {}
[135.576906] (-) TimerEvent: {}
[135.678636] (-) TimerEvent: {}
[135.780211] (-) TimerEvent: {}
[135.881786] (-) TimerEvent: {}
[135.983441] (-) TimerEvent: {}
[136.084933] (-) TimerEvent: {}
[136.186282] (-) TimerEvent: {}
[136.287874] (-) TimerEvent: {}
[136.389342] (-) TimerEvent: {}
[136.491050] (-) TimerEvent: {}
[136.592581] (-) TimerEvent: {}
[136.694308] (-) TimerEvent: {}
[136.796008] (-) TimerEvent: {}
[136.897584] (-) TimerEvent: {}
[136.999375] (-) TimerEvent: {}
[137.101891] (-) TimerEvent: {}
[137.203577] (-) TimerEvent: {}
[137.305338] (-) TimerEvent: {}
[137.406762] (-) TimerEvent: {}
[137.508198] (-) TimerEvent: {}
[137.609969] (-) TimerEvent: {}
[137.711482] (-) TimerEvent: {}
[137.813425] (-) TimerEvent: {}
[137.915048] (-) TimerEvent: {}
[138.016436] (-) TimerEvent: {}
[138.071893] (sllidar_ros2) StdoutLine: {'line': b'[ 85%] \x1b[32mBuilding CXX object CMakeFiles/sllidar_node.dir/sdk/src/sl_serial_channel.cpp.o\x1b[0m\n'}
[138.120478] (-) TimerEvent: {}
[138.121586] (sllidar_ros2) StdoutLine: {'line': b'[ 85%] \x1b[32mBuilding CXX object CMakeFiles/sllidar_node.dir/sdk/src/sl_tcp_channel.cpp.o\x1b[0m\n'}
[138.220827] (-) TimerEvent: {}
[138.322339] (-) TimerEvent: {}
[138.424517] (-) TimerEvent: {}
[138.527954] (-) TimerEvent: {}
[138.629458] (-) TimerEvent: {}
[138.730744] (-) TimerEvent: {}
[138.833638] (-) TimerEvent: {}
[138.935456] (-) TimerEvent: {}
[139.038356] (-) TimerEvent: {}
[139.084480] (sllidar_ros2) StderrLine: {'line': b'In file included from \x1b[01m\x1b[K/home/arno/RoombaV2Onboard/src/sllidar_ros2/./sdk/include/sl_lidar_cmd.h:41\x1b[m\x1b[K,\n'}
[139.086332] (sllidar_ros2) StderrLine: {'line': b'                 from \x1b[01m\x1b[K/home/arno/RoombaV2Onboard/src/sllidar_ros2/./sdk/include/sl_lidar_driver.h:54\x1b[m\x1b[K,\n'}
[139.088216] (sllidar_ros2) StderrLine: {'line': b'                 from \x1b[01m\x1b[K/home/arno/RoombaV2Onboard/src/sllidar_ros2/./sdk/include/sl_lidar.h:36\x1b[m\x1b[K,\n'}
[139.090091] (sllidar_ros2) StderrLine: {'line': b'                 from \x1b[01m\x1b[K/home/arno/RoombaV2Onboard/src/sllidar_ros2/src/sllidar_node.cpp:38\x1b[m\x1b[K:\n'}
[139.092193] (sllidar_ros2) StderrLine: {'line': b'\x1b[01m\x1b[K/home/arno/RoombaV2Onboard/src/sllidar_ros2/./sdk/include/sl_lidar_protocol.h:66:16:\x1b[m\x1b[K \x1b[01;35m\x1b[Kwarning: \x1b[m\x1b[KISO C++ forbids zero-size array \xe2\x80\x98\x1b[01m\x1b[Kdata\x1b[m\x1b[K\xe2\x80\x99 [\x1b[01;35m\x1b[K\x1b]8;;https://gcc.gnu.org/onlinedocs/gcc/Warning-Options.html#index-Wpedantic\x07-Wpedantic\x1b]8;;\x07\x1b[m\x1b[K]\n'}
[139.093944] (sllidar_ros2) StderrLine: {'line': b'   66 |     sl_u8 data[\x1b[01;35m\x1b[K0\x1b[m\x1b[K];\n'}
[139.095956] (sllidar_ros2) StderrLine: {'line': b'      |                \x1b[01;35m\x1b[K^\x1b[m\x1b[K\n'}
[139.109552] (sllidar_ros2) StderrLine: {'line': b'In file included from \x1b[01m\x1b[K/home/arno/RoombaV2Onboard/src/sllidar_ros2/./sdk/include/sl_lidar_driver.h:54\x1b[m\x1b[K,\n'}
[139.111710] (sllidar_ros2) StderrLine: {'line': b'                 from \x1b[01m\x1b[K/home/arno/RoombaV2Onboard/src/sllidar_ros2/./sdk/include/sl_lidar.h:36\x1b[m\x1b[K,\n'}
[139.112722] (sllidar_ros2) StderrLine: {'line': b'                 from \x1b[01m\x1b[K/home/arno/RoombaV2Onboard/src/sllidar_ros2/src/sllidar_node.cpp:38\x1b[m\x1b[K:\n'}
[139.113717] (sllidar_ros2) StderrLine: {'line': b'\x1b[01m\x1b[K/home/arno/RoombaV2Onboard/src/sllidar_ros2/./sdk/include/sl_lidar_cmd.h:324:20:\x1b[m\x1b[K \x1b[01;35m\x1b[Kwarning: \x1b[m\x1b[KISO C++ forbids zero-size array \xe2\x80\x98\x1b[01m\x1b[Kpayload\x1b[m\x1b[K\xe2\x80\x99 [\x1b[01;35m\x1b[K\x1b]8;;https://gcc.gnu.org/onlinedocs/gcc/Warning-Options.html#index-Wpedantic\x07-Wpedantic\x1b]8;;\x07\x1b[m\x1b[K]\n'}
[139.114803] (sllidar_ros2) StderrLine: {'line': b'  324 |     sl_u8  payload[\x1b[01;35m\x1b[K0\x1b[m\x1b[K];\n'}
[139.116027] (sllidar_ros2) StderrLine: {'line': b'      |                    \x1b[01;35m\x1b[K^\x1b[m\x1b[K\n'}
[139.138748] (-) TimerEvent: {}
[139.240206] (-) TimerEvent: {}
[139.341772] (-) TimerEvent: {}
[139.444797] (-) TimerEvent: {}
[139.548456] (-) TimerEvent: {}
[139.650017] (-) TimerEvent: {}
[139.752154] (-) TimerEvent: {}
[139.853387] (-) TimerEvent: {}
[139.956742] (-) TimerEvent: {}
[140.059122] (-) TimerEvent: {}
[140.162267] (-) TimerEvent: {}
[140.265195] (-) TimerEvent: {}
[140.366890] (-) TimerEvent: {}
[140.468750] (-) TimerEvent: {}
[140.587805] (-) TimerEvent: {}
[140.689750] (-) TimerEvent: {}
[140.792621] (-) TimerEvent: {}
[140.896297] (-) TimerEvent: {}
[140.998188] (-) TimerEvent: {}
[141.101474] (-) TimerEvent: {}
[141.205064] (-) TimerEvent: {}
[141.308070] (-) TimerEvent: {}
[141.409822] (-) TimerEvent: {}
[141.511949] (-) TimerEvent: {}
[141.613571] (-) TimerEvent: {}
[141.715709] (-) TimerEvent: {}
[141.819310] (-) TimerEvent: {}
[141.922907] (-) TimerEvent: {}
[142.025470] (-) TimerEvent: {}
[142.129658] (-) TimerEvent: {}
[142.232853] (-) TimerEvent: {}
[142.307794] (sllidar_ros2) StderrLine: {'line': b'In file included from \x1b[01m\x1b[K/home/arno/RoombaV2Onboard/src/sllidar_ros2/./sdk/include/sl_lidar_cmd.h:41\x1b[m\x1b[K,\n'}
[142.373503] (-) TimerEvent: {}
[142.375039] (sllidar_ros2) StderrLine: {'line': b'                 from \x1b[01m\x1b[K/home/arno/RoombaV2Onboard/src/sllidar_ros2/./sdk/include/sl_lidar_driver.h:54\x1b[m\x1b[K,\n'}
[142.376796] (sllidar_ros2) StderrLine: {'line': b'                 from \x1b[01m\x1b[K/home/arno/RoombaV2Onboard/src/sllidar_ros2/sdk/src/sl_serial_channel.cpp:33\x1b[m\x1b[K:\n'}
[142.378231] (sllidar_ros2) StderrLine: {'line': b'\x1b[01m\x1b[K/home/arno/RoombaV2Onboard/src/sllidar_ros2/./sdk/include/sl_lidar_protocol.h:66:16:\x1b[m\x1b[K \x1b[01;35m\x1b[Kwarning: \x1b[m\x1b[KISO C++ forbids zero-size array \xe2\x80\x98\x1b[01m\x1b[Kdata\x1b[m\x1b[K\xe2\x80\x99 [\x1b[01;35m\x1b[K\x1b]8;;https://gcc.gnu.org/onlinedocs/gcc/Warning-Options.html#index-Wpedantic\x07-Wpedantic\x1b]8;;\x07\x1b[m\x1b[K]\n'}
[142.381112] (sllidar_ros2) StderrLine: {'line': b'   66 |     sl_u8 data[\x1b[01;35m\x1b[K0\x1b[m\x1b[K];\n'}
[142.383630] (sllidar_ros2) StderrLine: {'line': b'      |                \x1b[01;35m\x1b[K^\x1b[m\x1b[K\n'}
[142.385057] (sllidar_ros2) StderrLine: {'line': b'In file included from \x1b[01m\x1b[K/home/arno/RoombaV2Onboard/src/sllidar_ros2/./sdk/include/sl_lidar_cmd.h:41\x1b[m\x1b[K,\n'}
[142.386934] (sllidar_ros2) StderrLine: {'line': b'                 from \x1b[01m\x1b[K/home/arno/RoombaV2Onboard/src/sllidar_ros2/./sdk/include/sl_lidar_driver.h:54\x1b[m\x1b[K,\n'}
[142.388358] (sllidar_ros2) StderrLine: {'line': b'                 from \x1b[01m\x1b[K/home/arno/RoombaV2Onboard/src/sllidar_ros2/sdk/src/sl_tcp_channel.cpp:33\x1b[m\x1b[K:\n'}
[142.393421] (sllidar_ros2) StderrLine: {'line': b'\x1b[01m\x1b[K/home/arno/RoombaV2Onboard/src/sllidar_ros2/./sdk/include/sl_lidar_protocol.h:66:16:\x1b[m\x1b[K \x1b[01;35m\x1b[Kwarning: \x1b[m\x1b[KISO C++ forbids zero-size array \xe2\x80\x98\x1b[01m\x1b[Kdata\x1b[m\x1b[K\xe2\x80\x99 [\x1b[01;35m\x1b[K\x1b]8;;https://gcc.gnu.org/onlinedocs/gcc/Warning-Options.html#index-Wpedantic\x07-Wpedantic\x1b]8;;\x07\x1b[m\x1b[K]\n'}
[142.401003] (sllidar_ros2) StderrLine: {'line': b'   66 |     sl_u8 data[\x1b[01;35m\x1b[K0\x1b[m\x1b[K];\n'}
[142.403136] (sllidar_ros2) StderrLine: {'line': b'      |                \x1b[01;35m\x1b[K^\x1b[m\x1b[K\n'}
[142.404581] (sllidar_ros2) StderrLine: {'line': b'In file included from \x1b[01m\x1b[K/home/arno/RoombaV2Onboard/src/sllidar_ros2/./sdk/include/sl_lidar_driver.h:54\x1b[m\x1b[K,\n'}
[142.406372] (sllidar_ros2) StderrLine: {'line': b'                 from \x1b[01m\x1b[K/home/arno/RoombaV2Onboard/src/sllidar_ros2/sdk/src/sl_serial_channel.cpp:33\x1b[m\x1b[K:\n'}
[142.408225] (sllidar_ros2) StderrLine: {'line': b'\x1b[01m\x1b[K/home/arno/RoombaV2Onboard/src/sllidar_ros2/./sdk/include/sl_lidar_cmd.h:324:20:\x1b[m\x1b[K \x1b[01;35m\x1b[Kwarning: \x1b[m\x1b[KISO C++ forbids zero-size array \xe2\x80\x98\x1b[01m\x1b[Kpayload\x1b[m\x1b[K\xe2\x80\x99 [\x1b[01;35m\x1b[K\x1b]8;;https://gcc.gnu.org/onlinedocs/gcc/Warning-Options.html#index-Wpedantic\x07-Wpedantic\x1b]8;;\x07\x1b[m\x1b[K]\n'}
[142.409709] (sllidar_ros2) StderrLine: {'line': b'  324 |     sl_u8  payload[\x1b[01;35m\x1b[K0\x1b[m\x1b[K];\n'}
[142.412386] (sllidar_ros2) StderrLine: {'line': b'      |                    \x1b[01;35m\x1b[K^\x1b[m\x1b[K\n'}
[142.413660] (sllidar_ros2) StderrLine: {'line': b'In file included from \x1b[01m\x1b[K/home/arno/RoombaV2Onboard/src/sllidar_ros2/./sdk/include/sl_lidar_driver.h:54\x1b[m\x1b[K,\n'}
[142.415223] (sllidar_ros2) StderrLine: {'line': b'                 from \x1b[01m\x1b[K/home/arno/RoombaV2Onboard/src/sllidar_ros2/sdk/src/sl_tcp_channel.cpp:33\x1b[m\x1b[K:\n'}
[142.416553] (sllidar_ros2) StderrLine: {'line': b'\x1b[01m\x1b[K/home/arno/RoombaV2Onboard/src/sllidar_ros2/./sdk/include/sl_lidar_cmd.h:324:20:\x1b[m\x1b[K \x1b[01;35m\x1b[Kwarning: \x1b[m\x1b[KISO C++ forbids zero-size array \xe2\x80\x98\x1b[01m\x1b[Kpayload\x1b[m\x1b[K\xe2\x80\x99 [\x1b[01;35m\x1b[K\x1b]8;;https://gcc.gnu.org/onlinedocs/gcc/Warning-Options.html#index-Wpedantic\x07-Wpedantic\x1b]8;;\x07\x1b[m\x1b[K]\n'}
[142.419665] (sllidar_ros2) StderrLine: {'line': b'  324 |     sl_u8  payload[\x1b[01;35m\x1b[K0\x1b[m\x1b[K];\n'}
[142.421058] (sllidar_ros2) StderrLine: {'line': b'      |                    \x1b[01;35m\x1b[K^\x1b[m\x1b[K\n'}
[142.422732] (sllidar_ros2) StderrLine: {'line': b'\x1b[01m\x1b[K/home/arno/RoombaV2Onboard/src/sllidar_ros2/sdk/src/sl_tcp_channel.cpp:\x1b[m\x1b[K In member function \xe2\x80\x98\x1b[01m\x1b[Kvoid sl::TcpChannel::setStatus(_u32)\x1b[m\x1b[K\xe2\x80\x99:\n'}
[142.424910] (sllidar_ros2) StderrLine: {'line': b'\x1b[01m\x1b[K/home/arno/RoombaV2Onboard/src/sllidar_ros2/sdk/src/sl_tcp_channel.cpp:109:29:\x1b[m\x1b[K \x1b[01;35m\x1b[Kwarning: \x1b[m\x1b[Kunused parameter \xe2\x80\x98\x1b[01m\x1b[Kflag\x1b[m\x1b[K\xe2\x80\x99 [\x1b[01;35m\x1b[K\x1b]8;;https://gcc.gnu.org/onlinedocs/gcc/Warning-Options.html#index-Wunused-parameter\x07-Wunused-parameter\x1b]8;;\x07\x1b[m\x1b[K]\n'}
[142.427872] (sllidar_ros2) StderrLine: {'line': b'  109 |         void setStatus(\x1b[01;35m\x1b[K_u32 flag\x1b[m\x1b[K){}\n'}
[142.429696] (sllidar_ros2) StderrLine: {'line': b'      |                        \x1b[01;35m\x1b[K~~~~~^~~~\x1b[m\x1b[K\n'}
[142.474232] (-) TimerEvent: {}
[142.576761] (-) TimerEvent: {}
[142.679231] (-) TimerEvent: {}
[142.780829] (-) TimerEvent: {}
[142.884662] (-) TimerEvent: {}
[142.986178] (-) TimerEvent: {}
[143.089171] (-) TimerEvent: {}
[143.190254] (-) TimerEvent: {}
[143.291536] (-) TimerEvent: {}
[143.393230] (-) TimerEvent: {}
[143.495253] (-) TimerEvent: {}
[143.596863] (-) TimerEvent: {}
[143.699383] (-) TimerEvent: {}
[143.800760] (-) TimerEvent: {}
[143.902095] (-) TimerEvent: {}
[144.003520] (-) TimerEvent: {}
[144.104888] (-) TimerEvent: {}
[144.206151] (-) TimerEvent: {}
[144.307687] (-) TimerEvent: {}
[144.409383] (-) TimerEvent: {}
[144.510692] (-) TimerEvent: {}
[144.612160] (-) TimerEvent: {}
[144.715155] (-) TimerEvent: {}
[144.817097] (-) TimerEvent: {}
[144.919568] (-) TimerEvent: {}
[145.021397] (-) TimerEvent: {}
[145.122751] (-) TimerEvent: {}
[145.224024] (-) TimerEvent: {}
[145.325497] (-) TimerEvent: {}
[145.427268] (-) TimerEvent: {}
[145.528948] (-) TimerEvent: {}
[145.630446] (-) TimerEvent: {}
[145.732070] (-) TimerEvent: {}
[145.833296] (-) TimerEvent: {}
[145.934972] (-) TimerEvent: {}
[146.036806] (-) TimerEvent: {}
[146.138546] (-) TimerEvent: {}
[146.239815] (-) TimerEvent: {}
[146.341589] (-) TimerEvent: {}
[146.443780] (-) TimerEvent: {}
[146.545669] (-) TimerEvent: {}
[146.647368] (-) TimerEvent: {}
[146.748602] (-) TimerEvent: {}
[146.849779] (-) TimerEvent: {}
[146.951346] (-) TimerEvent: {}
[147.053212] (-) TimerEvent: {}
[147.154907] (-) TimerEvent: {}
[147.256619] (-) TimerEvent: {}
[147.358715] (-) TimerEvent: {}
[147.460239] (-) TimerEvent: {}
[147.561976] (-) TimerEvent: {}
[147.663365] (-) TimerEvent: {}
[147.764948] (-) TimerEvent: {}
[147.866212] (-) TimerEvent: {}
[147.967768] (-) TimerEvent: {}
[148.069513] (-) TimerEvent: {}
[148.171561] (-) TimerEvent: {}
[148.273368] (-) TimerEvent: {}
[148.374959] (-) TimerEvent: {}
[148.476487] (-) TimerEvent: {}
[148.578244] (-) TimerEvent: {}
[148.680009] (-) TimerEvent: {}
[148.781648] (-) TimerEvent: {}
[148.883719] (-) TimerEvent: {}
[148.985455] (-) TimerEvent: {}
[149.086993] (-) TimerEvent: {}
[149.188781] (-) TimerEvent: {}
[149.290416] (-) TimerEvent: {}
[149.391798] (-) TimerEvent: {}
[149.493138] (-) TimerEvent: {}
[149.594596] (-) TimerEvent: {}
[149.696049] (-) TimerEvent: {}
[149.797588] (-) TimerEvent: {}
[149.898929] (-) TimerEvent: {}
[150.000631] (-) TimerEvent: {}
[150.102333] (-) TimerEvent: {}
[150.203870] (-) TimerEvent: {}
[150.305648] (-) TimerEvent: {}
[150.407059] (-) TimerEvent: {}
[150.508874] (-) TimerEvent: {}
[150.610437] (-) TimerEvent: {}
[150.712216] (-) TimerEvent: {}
[150.814046] (-) TimerEvent: {}
[150.915636] (-) TimerEvent: {}
[151.017142] (-) TimerEvent: {}
[151.118848] (-) TimerEvent: {}
[151.220365] (-) TimerEvent: {}
[151.322269] (-) TimerEvent: {}
[151.423842] (-) TimerEvent: {}
[151.525481] (-) TimerEvent: {}
[151.627056] (-) TimerEvent: {}
[151.728442] (-) TimerEvent: {}
[151.829966] (-) TimerEvent: {}
[151.931554] (-) TimerEvent: {}
[152.033139] (-) TimerEvent: {}
[152.134984] (-) TimerEvent: {}
[152.236473] (-) TimerEvent: {}
[152.337814] (-) TimerEvent: {}
[152.439284] (-) TimerEvent: {}
[152.540824] (-) TimerEvent: {}
[152.642174] (-) TimerEvent: {}
[152.743706] (-) TimerEvent: {}
[152.845150] (-) TimerEvent: {}
[152.946741] (-) TimerEvent: {}
[153.048316] (-) TimerEvent: {}
[153.149791] (-) TimerEvent: {}
[153.251193] (-) TimerEvent: {}
[153.352488] (-) TimerEvent: {}
[153.453879] (-) TimerEvent: {}
[153.555441] (-) TimerEvent: {}
[153.656883] (-) TimerEvent: {}
[153.758163] (-) TimerEvent: {}
[153.859630] (-) TimerEvent: {}
[153.961083] (-) TimerEvent: {}
[154.062424] (-) TimerEvent: {}
[154.164250] (-) TimerEvent: {}
[154.265832] (-) TimerEvent: {}
[154.367303] (-) TimerEvent: {}
[154.468567] (-) TimerEvent: {}
[154.570163] (-) TimerEvent: {}
[154.671786] (-) TimerEvent: {}
[154.773204] (-) TimerEvent: {}
[154.875147] (-) TimerEvent: {}
[154.976691] (-) TimerEvent: {}
[155.078134] (-) TimerEvent: {}
[155.179584] (-) TimerEvent: {}
[155.281024] (-) TimerEvent: {}
[155.382456] (-) TimerEvent: {}
[155.484158] (-) TimerEvent: {}
[155.585550] (-) TimerEvent: {}
[155.687180] (-) TimerEvent: {}
[155.788676] (-) TimerEvent: {}
[155.890083] (-) TimerEvent: {}
[155.991482] (-) TimerEvent: {}
[156.093039] (-) TimerEvent: {}
[156.195218] (-) TimerEvent: {}
[156.297054] (-) TimerEvent: {}
[156.398615] (-) TimerEvent: {}
[156.499809] (-) TimerEvent: {}
[156.601399] (-) TimerEvent: {}
[156.703098] (-) TimerEvent: {}
[156.804704] (-) TimerEvent: {}
[156.905937] (-) TimerEvent: {}
[157.007209] (-) TimerEvent: {}
[157.108695] (-) TimerEvent: {}
[157.210352] (-) TimerEvent: {}
[157.312055] (-) TimerEvent: {}
[157.413511] (-) TimerEvent: {}
[157.514960] (-) TimerEvent: {}
[157.616478] (-) TimerEvent: {}
[157.717751] (-) TimerEvent: {}
[157.819220] (-) TimerEvent: {}
[157.920933] (-) TimerEvent: {}
[158.022851] (-) TimerEvent: {}
[158.125581] (-) TimerEvent: {}
[158.227171] (-) TimerEvent: {}
[158.328583] (-) TimerEvent: {}
[158.430113] (-) TimerEvent: {}
[158.531784] (-) TimerEvent: {}
[158.633666] (-) TimerEvent: {}
[158.735793] (-) TimerEvent: {}
[158.837663] (-) TimerEvent: {}
[158.939240] (-) TimerEvent: {}
[159.040602] (-) TimerEvent: {}
[159.142442] (-) TimerEvent: {}
[159.243845] (-) TimerEvent: {}
[159.345352] (-) TimerEvent: {}
[159.446821] (-) TimerEvent: {}
[159.548301] (-) TimerEvent: {}
[159.649990] (-) TimerEvent: {}
[159.752455] (-) TimerEvent: {}
[159.854135] (-) TimerEvent: {}
[159.955699] (-) TimerEvent: {}
[160.057418] (-) TimerEvent: {}
[160.158984] (-) TimerEvent: {}
[160.260961] (-) TimerEvent: {}
[160.363289] (-) TimerEvent: {}
[160.464807] (-) TimerEvent: {}
[160.566437] (-) TimerEvent: {}
[160.668047] (-) TimerEvent: {}
[160.769430] (-) TimerEvent: {}
[160.871061] (-) TimerEvent: {}
[160.973535] (-) TimerEvent: {}
[161.075698] (-) TimerEvent: {}
[161.177209] (-) TimerEvent: {}
[161.279488] (-) TimerEvent: {}
[161.380900] (-) TimerEvent: {}
[161.482370] (-) TimerEvent: {}
[161.584075] (-) TimerEvent: {}
[161.685986] (-) TimerEvent: {}
[161.788425] (-) TimerEvent: {}
[161.889858] (-) TimerEvent: {}
[161.991342] (-) TimerEvent: {}
[162.092823] (-) TimerEvent: {}
[162.194273] (-) TimerEvent: {}
[162.295710] (-) TimerEvent: {}
[162.397252] (-) TimerEvent: {}
[162.498808] (-) TimerEvent: {}
[162.600514] (-) TimerEvent: {}
[162.702132] (-) TimerEvent: {}
[162.803616] (-) TimerEvent: {}
[162.904797] (-) TimerEvent: {}
[163.006422] (-) TimerEvent: {}
[163.107817] (-) TimerEvent: {}
[163.209299] (-) TimerEvent: {}
[163.310938] (-) TimerEvent: {}
[163.413862] (-) TimerEvent: {}
[163.515635] (-) TimerEvent: {}
[163.617455] (-) TimerEvent: {}
[163.718966] (-) TimerEvent: {}
[163.820474] (-) TimerEvent: {}
[163.921983] (-) TimerEvent: {}
[164.024213] (-) TimerEvent: {}
[164.125926] (-) TimerEvent: {}
[164.227474] (-) TimerEvent: {}
[164.329011] (-) TimerEvent: {}
[164.430482] (-) TimerEvent: {}
[164.532110] (-) TimerEvent: {}
[164.633684] (-) TimerEvent: {}
[164.749836] (-) TimerEvent: {}
[164.851316] (-) TimerEvent: {}
[164.952931] (-) TimerEvent: {}
[165.054760] (-) TimerEvent: {}
[165.156270] (-) TimerEvent: {}
[165.257550] (-) TimerEvent: {}
[165.358891] (-) TimerEvent: {}
[165.460567] (-) TimerEvent: {}
[165.562325] (-) TimerEvent: {}
[165.663846] (-) TimerEvent: {}
[165.765545] (-) TimerEvent: {}
[165.867077] (-) TimerEvent: {}
[165.968405] (-) TimerEvent: {}
[166.069745] (-) TimerEvent: {}
[166.171205] (-) TimerEvent: {}
[166.272615] (-) TimerEvent: {}
[166.374077] (-) TimerEvent: {}
[166.475466] (-) TimerEvent: {}
[166.577009] (-) TimerEvent: {}
[166.678357] (-) TimerEvent: {}
[166.779802] (-) TimerEvent: {}
[166.881330] (-) TimerEvent: {}
[166.982779] (-) TimerEvent: {}
[167.084166] (-) TimerEvent: {}
[167.185792] (-) TimerEvent: {}
[167.286950] (-) TimerEvent: {}
[167.388182] (-) TimerEvent: {}
[167.489715] (-) TimerEvent: {}
[167.591701] (-) TimerEvent: {}
[167.693476] (-) TimerEvent: {}
[167.795017] (-) TimerEvent: {}
[167.896518] (-) TimerEvent: {}
[167.998000] (-) TimerEvent: {}
[168.099534] (-) TimerEvent: {}
[168.201474] (-) TimerEvent: {}
[168.303968] (-) TimerEvent: {}
[168.405759] (-) TimerEvent: {}
[168.507328] (-) TimerEvent: {}
[168.608743] (-) TimerEvent: {}
[168.710210] (-) TimerEvent: {}
[168.811963] (-) TimerEvent: {}
[168.913815] (-) TimerEvent: {}
[169.015890] (-) TimerEvent: {}
[169.118052] (-) TimerEvent: {}
[169.219754] (-) TimerEvent: {}
[169.321511] (-) TimerEvent: {}
[169.423042] (-) TimerEvent: {}
[169.524212] (-) TimerEvent: {}
[169.625942] (-) TimerEvent: {}
[169.727985] (-) TimerEvent: {}
[169.829661] (-) TimerEvent: {}
[169.931372] (-) TimerEvent: {}
[170.033031] (-) TimerEvent: {}
[170.134663] (-) TimerEvent: {}
[170.236366] (-) TimerEvent: {}
[170.337956] (-) TimerEvent: {}
[170.439555] (-) TimerEvent: {}
[170.541261] (-) TimerEvent: {}
[170.642854] (-) TimerEvent: {}
[170.759358] (-) TimerEvent: {}
[170.915066] (-) TimerEvent: {}
[171.805846] (-) TimerEvent: {}
[171.944185] (-) TimerEvent: {}
[172.053361] (-) TimerEvent: {}
[172.154804] (-) TimerEvent: {}
[172.256461] (-) TimerEvent: {}
[172.357733] (-) TimerEvent: {}
[172.460508] (-) TimerEvent: {}
[172.562178] (-) TimerEvent: {}
[172.663992] (-) TimerEvent: {}
[172.765234] (-) TimerEvent: {}
[172.866530] (-) TimerEvent: {}
[172.968188] (-) TimerEvent: {}
[173.069996] (-) TimerEvent: {}
[173.171581] (-) TimerEvent: {}
[173.273166] (-) TimerEvent: {}
[173.374855] (-) TimerEvent: {}
[173.476525] (-) TimerEvent: {}
[173.578153] (-) TimerEvent: {}
[173.679605] (-) TimerEvent: {}
[173.781050] (-) TimerEvent: {}
[173.882633] (-) TimerEvent: {}
[173.984237] (-) TimerEvent: {}
[174.085881] (-) TimerEvent: {}
[174.187483] (-) TimerEvent: {}
[174.289188] (-) TimerEvent: {}
[174.390830] (-) TimerEvent: {}
[174.492325] (-) TimerEvent: {}
[174.593961] (-) TimerEvent: {}
[174.695704] (-) TimerEvent: {}
[174.797308] (-) TimerEvent: {}
[174.898624] (-) TimerEvent: {}
[174.999854] (-) TimerEvent: {}
[175.101170] (-) TimerEvent: {}
[175.204589] (-) TimerEvent: {}
[175.305869] (-) TimerEvent: {}
[175.407668] (-) TimerEvent: {}
[175.508974] (-) TimerEvent: {}
[175.610293] (-) TimerEvent: {}
[175.711840] (-) TimerEvent: {}
[175.813235] (-) TimerEvent: {}
[175.914782] (-) TimerEvent: {}
[176.016168] (-) TimerEvent: {}
[176.117666] (-) TimerEvent: {}
[176.219186] (-) TimerEvent: {}
[176.320984] (-) TimerEvent: {}
[176.422541] (-) TimerEvent: {}
[176.523908] (-) TimerEvent: {}
[176.625337] (-) TimerEvent: {}
[176.726927] (-) TimerEvent: {}
[176.828435] (-) TimerEvent: {}
[176.930147] (-) TimerEvent: {}
[177.031625] (-) TimerEvent: {}
[177.133162] (-) TimerEvent: {}
[177.234556] (-) TimerEvent: {}
[177.335943] (-) TimerEvent: {}
[177.437447] (-) TimerEvent: {}
[177.539379] (-) TimerEvent: {}
[177.640807] (-) TimerEvent: {}
[177.741988] (-) TimerEvent: {}
[177.843564] (-) TimerEvent: {}
[177.945081] (-) TimerEvent: {}
[178.046930] (-) TimerEvent: {}
[178.150568] (-) TimerEvent: {}
[178.252207] (-) TimerEvent: {}
[178.353363] (-) TimerEvent: {}
[178.455087] (-) TimerEvent: {}
[178.556609] (-) TimerEvent: {}
[178.658233] (-) TimerEvent: {}
[178.760591] (-) TimerEvent: {}
[178.862382] (-) TimerEvent: {}
[178.964330] (-) TimerEvent: {}
[179.065823] (-) TimerEvent: {}
[179.167523] (-) TimerEvent: {}
[179.268966] (-) TimerEvent: {}
[179.370631] (-) TimerEvent: {}
[179.472232] (-) TimerEvent: {}
[179.573760] (-) TimerEvent: {}
[179.675681] (-) TimerEvent: {}
[179.778531] (-) TimerEvent: {}
[179.880087] (-) TimerEvent: {}
[179.983049] (-) TimerEvent: {}
[180.084645] (-) TimerEvent: {}
[180.186745] (-) TimerEvent: {}
[180.288515] (-) TimerEvent: {}
[180.390313] (-) TimerEvent: {}
[180.492203] (-) TimerEvent: {}
[180.593795] (-) TimerEvent: {}
[180.695714] (-) TimerEvent: {}
[180.797548] (-) TimerEvent: {}
[180.899213] (-) TimerEvent: {}
[181.000734] (-) TimerEvent: {}
[181.102301] (-) TimerEvent: {}
[181.203990] (-) TimerEvent: {}
[181.305781] (-) TimerEvent: {}
[181.407395] (-) TimerEvent: {}
[181.508872] (-) TimerEvent: {}
[181.610455] (-) TimerEvent: {}
[181.712248] (-) TimerEvent: {}
[181.813817] (-) TimerEvent: {}
[181.915238] (-) TimerEvent: {}
[182.016731] (-) TimerEvent: {}
[182.118293] (-) TimerEvent: {}
[182.220011] (-) TimerEvent: {}
[182.321283] (-) TimerEvent: {}
[182.422914] (-) TimerEvent: {}
[182.524670] (-) TimerEvent: {}
[182.626001] (-) TimerEvent: {}
[182.727784] (-) TimerEvent: {}
[182.829043] (-) TimerEvent: {}
[182.930483] (-) TimerEvent: {}
[183.031634] (-) TimerEvent: {}
[183.132726] (-) TimerEvent: {}
[183.234141] (-) TimerEvent: {}
[183.335613] (-) TimerEvent: {}
[183.437106] (-) TimerEvent: {}
[183.538607] (-) TimerEvent: {}
[183.640022] (-) TimerEvent: {}
[183.741599] (-) TimerEvent: {}
[183.843841] (-) TimerEvent: {}
[183.946212] (-) TimerEvent: {}
[184.047775] (-) TimerEvent: {}
[184.149313] (-) TimerEvent: {}
[184.250780] (-) TimerEvent: {}
[184.352328] (-) TimerEvent: {}
[184.453931] (-) TimerEvent: {}
[184.555735] (-) TimerEvent: {}
[184.657130] (-) TimerEvent: {}
[184.758758] (-) TimerEvent: {}
[184.860151] (-) TimerEvent: {}
[184.961550] (-) TimerEvent: {}
[185.063143] (-) TimerEvent: {}
[185.164860] (-) TimerEvent: {}
[185.266277] (-) TimerEvent: {}
[185.367920] (-) TimerEvent: {}
[185.469371] (-) TimerEvent: {}
[185.571062] (-) TimerEvent: {}
[185.674569] (-) TimerEvent: {}
[185.776194] (-) TimerEvent: {}
[185.877567] (-) TimerEvent: {}
[185.979377] (-) TimerEvent: {}
[186.081209] (-) TimerEvent: {}
[186.182828] (-) TimerEvent: {}
[186.284578] (-) TimerEvent: {}
[186.385943] (-) TimerEvent: {}
[186.487354] (-) TimerEvent: {}
[186.589152] (-) TimerEvent: {}
[186.690741] (-) TimerEvent: {}
[186.792334] (-) TimerEvent: {}
[186.893741] (-) TimerEvent: {}
[186.995248] (-) TimerEvent: {}
[187.096809] (-) TimerEvent: {}
[187.198741] (-) TimerEvent: {}
[187.300529] (-) TimerEvent: {}
[187.402136] (-) TimerEvent: {}
[187.503639] (-) TimerEvent: {}
[187.605211] (-) TimerEvent: {}
[187.706667] (-) TimerEvent: {}
[187.808062] (-) TimerEvent: {}
[187.909579] (-) TimerEvent: {}
[188.010961] (-) TimerEvent: {}
[188.112317] (-) TimerEvent: {}
[188.213860] (-) TimerEvent: {}
[188.315527] (-) TimerEvent: {}
[188.417117] (-) TimerEvent: {}
[188.518668] (-) TimerEvent: {}
[188.620159] (-) TimerEvent: {}
[188.721560] (-) TimerEvent: {}
[188.823122] (-) TimerEvent: {}
[188.924461] (-) TimerEvent: {}
[189.025930] (-) TimerEvent: {}
[189.134924] (-) TimerEvent: {}
[189.236660] (-) TimerEvent: {}
[189.338236] (-) TimerEvent: {}
[189.439658] (-) TimerEvent: {}
[189.541328] (-) TimerEvent: {}
[189.642786] (-) TimerEvent: {}
[189.744083] (-) TimerEvent: {}
[189.845511] (-) TimerEvent: {}
[189.946955] (-) TimerEvent: {}
[190.048712] (-) TimerEvent: {}
[190.150089] (-) TimerEvent: {}
[190.251640] (-) TimerEvent: {}
[190.352978] (-) TimerEvent: {}
[190.454543] (-) TimerEvent: {}
[190.556038] (-) TimerEvent: {}
[190.657735] (-) TimerEvent: {}
[190.759432] (-) TimerEvent: {}
[190.860987] (-) TimerEvent: {}
[190.962797] (-) TimerEvent: {}
[191.064507] (-) TimerEvent: {}
[191.165874] (-) TimerEvent: {}
[191.267640] (-) TimerEvent: {}
[191.369266] (-) TimerEvent: {}
[191.470876] (-) TimerEvent: {}
[191.572182] (-) TimerEvent: {}
[191.673524] (-) TimerEvent: {}
[191.774774] (-) TimerEvent: {}
[191.876005] (-) TimerEvent: {}
[191.977290] (-) TimerEvent: {}
[192.078796] (-) TimerEvent: {}
[192.180216] (-) TimerEvent: {}
[192.281747] (-) TimerEvent: {}
[192.383210] (-) TimerEvent: {}
[192.484400] (-) TimerEvent: {}
[192.586105] (-) TimerEvent: {}
[192.687682] (-) TimerEvent: {}
[192.789171] (-) TimerEvent: {}
[192.890606] (-) TimerEvent: {}
[192.991971] (-) TimerEvent: {}
[193.093467] (-) TimerEvent: {}
[193.194916] (-) TimerEvent: {}
[193.296544] (-) TimerEvent: {}
[193.398480] (-) TimerEvent: {}
[193.500347] (-) TimerEvent: {}
[193.601814] (-) TimerEvent: {}
[193.703432] (-) TimerEvent: {}
[193.804894] (-) TimerEvent: {}
[193.906353] (-) TimerEvent: {}
[194.008095] (-) TimerEvent: {}
[194.109899] (-) TimerEvent: {}
[194.211337] (-) TimerEvent: {}
[194.312969] (-) TimerEvent: {}
[194.414615] (-) TimerEvent: {}
[194.515910] (-) TimerEvent: {}
[194.617426] (-) TimerEvent: {}
[194.719489] (-) TimerEvent: {}
[195.186129] (-) TimerEvent: {}
[195.287762] (-) TimerEvent: {}
[195.388964] (-) TimerEvent: {}
[195.490360] (-) TimerEvent: {}
[195.591801] (-) TimerEvent: {}
[195.693216] (-) TimerEvent: {}
[195.794627] (-) TimerEvent: {}
[195.896222] (-) TimerEvent: {}
[195.997862] (-) TimerEvent: {}
[196.099627] (-) TimerEvent: {}
[196.201360] (-) TimerEvent: {}
[196.303094] (-) TimerEvent: {}
[196.404602] (-) TimerEvent: {}
[196.506017] (-) TimerEvent: {}
[196.607288] (-) TimerEvent: {}
[196.708493] (-) TimerEvent: {}
[196.809965] (-) TimerEvent: {}
[196.911172] (-) TimerEvent: {}
[197.012642] (-) TimerEvent: {}
[197.115336] (-) TimerEvent: {}
[197.216544] (-) TimerEvent: {}
[197.319941] (-) TimerEvent: {}
[197.421513] (-) TimerEvent: {}
[197.523008] (-) TimerEvent: {}
[197.624456] (-) TimerEvent: {}
[197.725803] (-) TimerEvent: {}
[197.827122] (-) TimerEvent: {}
[197.928420] (-) TimerEvent: {}
[198.029625] (-) TimerEvent: {}
[198.130751] (-) TimerEvent: {}
[198.231877] (-) TimerEvent: {}
[198.333002] (-) TimerEvent: {}
[198.434229] (-) TimerEvent: {}
[198.535523] (-) TimerEvent: {}
[198.636756] (-) TimerEvent: {}
[198.737931] (-) TimerEvent: {}
[198.839125] (-) TimerEvent: {}
[198.940537] (-) TimerEvent: {}
[199.041760] (-) TimerEvent: {}
[199.143004] (-) TimerEvent: {}
[199.244476] (-) TimerEvent: {}
[199.345778] (-) TimerEvent: {}
[199.447037] (-) TimerEvent: {}
[199.548343] (-) TimerEvent: {}
[199.649999] (-) TimerEvent: {}
[199.751956] (-) TimerEvent: {}
[199.857621] (-) TimerEvent: {}
[199.958999] (-) TimerEvent: {}
[200.060429] (-) TimerEvent: {}
[200.161777] (-) TimerEvent: {}
[200.263408] (-) TimerEvent: {}
[200.364666] (-) TimerEvent: {}
[200.466078] (-) TimerEvent: {}
[200.567638] (-) TimerEvent: {}
[200.668881] (-) TimerEvent: {}
[200.770385] (-) TimerEvent: {}
[200.871923] (-) TimerEvent: {}
[200.973255] (-) TimerEvent: {}
[201.075313] (-) TimerEvent: {}
[201.177006] (-) TimerEvent: {}
[201.278546] (-) TimerEvent: {}
[201.379903] (-) TimerEvent: {}
[201.481336] (-) TimerEvent: {}
[201.646875] (-) TimerEvent: {}
[201.784606] (sllidar_ros2) StdoutLine: {'line': b'[ 90%] \x1b[32mBuilding CXX object CMakeFiles/sllidar_node.dir/sdk/src/sl_udp_channel.cpp.o\x1b[0m\n'}
[202.318476] (-) TimerEvent: {}
[202.421374] (-) TimerEvent: {}
[202.522669] (-) TimerEvent: {}
[202.624054] (-) TimerEvent: {}
[202.725147] (-) TimerEvent: {}
[202.826367] (-) TimerEvent: {}
[202.927631] (-) TimerEvent: {}
[203.028906] (-) TimerEvent: {}
[203.130259] (-) TimerEvent: {}
[203.231729] (-) TimerEvent: {}
[203.332787] (-) TimerEvent: {}
[203.434288] (-) TimerEvent: {}
[203.535656] (-) TimerEvent: {}
[203.636898] (-) TimerEvent: {}
[203.738164] (-) TimerEvent: {}
[203.839578] (-) TimerEvent: {}
[203.940975] (-) TimerEvent: {}
[204.042320] (-) TimerEvent: {}
[204.143783] (-) TimerEvent: {}
[204.245191] (-) TimerEvent: {}
[204.346634] (-) TimerEvent: {}
[204.447978] (-) TimerEvent: {}
[204.549433] (-) TimerEvent: {}
[204.650778] (-) TimerEvent: {}
[204.752160] (-) TimerEvent: {}
[204.853845] (-) TimerEvent: {}
[204.955591] (-) TimerEvent: {}
[205.057208] (-) TimerEvent: {}
[205.158814] (-) TimerEvent: {}
[205.260517] (-) TimerEvent: {}
[205.361869] (-) TimerEvent: {}
[205.463314] (-) TimerEvent: {}
[205.564634] (-) TimerEvent: {}
[205.665747] (sllidar_ros2) StderrLine: {'line': b'In file included from \x1b[01m\x1b[K/home/arno/RoombaV2Onboard/src/sllidar_ros2/./sdk/include/sl_lidar_cmd.h:41\x1b[m\x1b[K,\n'}
[205.684194] (-) TimerEvent: {}
[205.685165] (sllidar_ros2) StderrLine: {'line': b'                 from \x1b[01m\x1b[K/home/arno/RoombaV2Onboard/src/sllidar_ros2/./sdk/include/sl_lidar_driver.h:54\x1b[m\x1b[K,\n'}
[205.702325] (sllidar_ros2) StderrLine: {'line': b'                 from \x1b[01m\x1b[K/home/arno/RoombaV2Onboard/src/sllidar_ros2/sdk/src/sl_udp_channel.cpp:33\x1b[m\x1b[K:\n'}
[205.703980] (sllidar_ros2) StderrLine: {'line': b'\x1b[01m\x1b[K/home/arno/RoombaV2Onboard/src/sllidar_ros2/./sdk/include/sl_lidar_protocol.h:66:16:\x1b[m\x1b[K \x1b[01;35m\x1b[Kwarning: \x1b[m\x1b[KISO C++ forbids zero-size array \xe2\x80\x98\x1b[01m\x1b[Kdata\x1b[m\x1b[K\xe2\x80\x99 [\x1b[01;35m\x1b[K\x1b]8;;https://gcc.gnu.org/onlinedocs/gcc/Warning-Options.html#index-Wpedantic\x07-Wpedantic\x1b]8;;\x07\x1b[m\x1b[K]\n'}
[205.709579] (sllidar_ros2) StderrLine: {'line': b'   66 |     sl_u8 data[\x1b[01;35m\x1b[K0\x1b[m\x1b[K];\n'}
[205.711083] (sllidar_ros2) StderrLine: {'line': b'      |                \x1b[01;35m\x1b[K^\x1b[m\x1b[K\n'}
[205.712528] (sllidar_ros2) StderrLine: {'line': b'In file included from \x1b[01m\x1b[K/home/arno/RoombaV2Onboard/src/sllidar_ros2/./sdk/include/sl_lidar_driver.h:54\x1b[m\x1b[K,\n'}
[205.713710] (sllidar_ros2) StderrLine: {'line': b'                 from \x1b[01m\x1b[K/home/arno/RoombaV2Onboard/src/sllidar_ros2/sdk/src/sl_udp_channel.cpp:33\x1b[m\x1b[K:\n'}
[205.714975] (sllidar_ros2) StderrLine: {'line': b'\x1b[01m\x1b[K/home/arno/RoombaV2Onboard/src/sllidar_ros2/./sdk/include/sl_lidar_cmd.h:324:20:\x1b[m\x1b[K \x1b[01;35m\x1b[Kwarning: \x1b[m\x1b[KISO C++ forbids zero-size array \xe2\x80\x98\x1b[01m\x1b[Kpayload\x1b[m\x1b[K\xe2\x80\x99 [\x1b[01;35m\x1b[K\x1b]8;;https://gcc.gnu.org/onlinedocs/gcc/Warning-Options.html#index-Wpedantic\x07-Wpedantic\x1b]8;;\x07\x1b[m\x1b[K]\n'}
[205.716118] (sllidar_ros2) StderrLine: {'line': b'  324 |     sl_u8  payload[\x1b[01;35m\x1b[K0\x1b[m\x1b[K];\n'}
[205.717418] (sllidar_ros2) StderrLine: {'line': b'      |                    \x1b[01;35m\x1b[K^\x1b[m\x1b[K\n'}
[205.718697] (sllidar_ros2) StderrLine: {'line': b'\x1b[01m\x1b[K/home/arno/RoombaV2Onboard/src/sllidar_ros2/sdk/src/sl_udp_channel.cpp:\x1b[m\x1b[K In member function \xe2\x80\x98\x1b[01m\x1b[Kvoid sl::UdpChannel::setStatus(_u32)\x1b[m\x1b[K\xe2\x80\x99:\n'}
[205.722472] (sllidar_ros2) StderrLine: {'line': b'\x1b[01m\x1b[K/home/arno/RoombaV2Onboard/src/sllidar_ros2/sdk/src/sl_udp_channel.cpp:112:29:\x1b[m\x1b[K \x1b[01;35m\x1b[Kwarning: \x1b[m\x1b[Kunused parameter \xe2\x80\x98\x1b[01m\x1b[Kflag\x1b[m\x1b[K\xe2\x80\x99 [\x1b[01;35m\x1b[K\x1b]8;;https://gcc.gnu.org/onlinedocs/gcc/Warning-Options.html#index-Wunused-parameter\x07-Wunused-parameter\x1b]8;;\x07\x1b[m\x1b[K]\n'}
[205.723464] (sllidar_ros2) StderrLine: {'line': b'  112 |         void setStatus(\x1b[01;35m\x1b[K_u32 flag\x1b[m\x1b[K){}\n'}
[205.724603] (sllidar_ros2) StderrLine: {'line': b'      |                        \x1b[01;35m\x1b[K~~~~~^~~~\x1b[m\x1b[K\n'}
[205.784572] (-) TimerEvent: {}
[205.886322] (-) TimerEvent: {}
[205.987766] (-) TimerEvent: {}
[206.089128] (-) TimerEvent: {}
[206.190355] (-) TimerEvent: {}
[206.199565] (sllidar_ros2) StdoutLine: {'line': b'[ 95%] \x1b[32m\x1b[1mLinking CXX executable sllidar_node\x1b[0m\n'}
[206.290664] (-) TimerEvent: {}
[206.391989] (-) TimerEvent: {}
[206.493625] (-) TimerEvent: {}
[206.595220] (-) TimerEvent: {}
[206.696606] (-) TimerEvent: {}
[206.798030] (-) TimerEvent: {}
[206.899344] (-) TimerEvent: {}
[207.000622] (-) TimerEvent: {}
[207.102700] (-) TimerEvent: {}
[207.204403] (-) TimerEvent: {}
[207.306760] (-) TimerEvent: {}
[207.408404] (-) TimerEvent: {}
[207.509975] (-) TimerEvent: {}
[207.612220] (-) TimerEvent: {}
[207.714683] (-) TimerEvent: {}
[207.816615] (-) TimerEvent: {}
[207.918143] (-) TimerEvent: {}
[208.019688] (-) TimerEvent: {}
[208.121028] (-) TimerEvent: {}
[208.222554] (-) TimerEvent: {}
[208.324560] (-) TimerEvent: {}
[208.426060] (-) TimerEvent: {}
[208.530231] (-) TimerEvent: {}
[208.632934] (-) TimerEvent: {}
[208.736396] (-) TimerEvent: {}
[208.837760] (-) TimerEvent: {}
[208.938867] (-) TimerEvent: {}
[209.040674] (-) TimerEvent: {}
[209.141913] (-) TimerEvent: {}
[209.243132] (-) TimerEvent: {}
[209.344439] (-) TimerEvent: {}
[209.445655] (-) TimerEvent: {}
[209.547129] (-) TimerEvent: {}
[209.648368] (-) TimerEvent: {}
[209.749548] (-) TimerEvent: {}
[209.850797] (-) TimerEvent: {}
[209.952337] (-) TimerEvent: {}
[210.053560] (-) TimerEvent: {}
[210.154728] (-) TimerEvent: {}
[210.256034] (-) TimerEvent: {}
[210.357141] (-) TimerEvent: {}
[210.458399] (-) TimerEvent: {}
[210.560284] (-) TimerEvent: {}
[210.566946] (sllidar_ros2) StdoutLine: {'line': b'[ 95%] Built target sllidar_node\n'}
[210.660644] (-) TimerEvent: {}
[210.762662] (-) TimerEvent: {}
[210.864241] (-) TimerEvent: {}
[210.965699] (-) TimerEvent: {}
[211.067220] (-) TimerEvent: {}
[211.168625] (-) TimerEvent: {}
[211.270079] (-) TimerEvent: {}
[211.371672] (-) TimerEvent: {}
[211.473190] (-) TimerEvent: {}
[211.574642] (-) TimerEvent: {}
[211.676306] (-) TimerEvent: {}
[211.777757] (-) TimerEvent: {}
[211.879266] (-) TimerEvent: {}
[211.980631] (-) TimerEvent: {}
[212.082215] (-) TimerEvent: {}
[212.183675] (-) TimerEvent: {}
[212.285262] (-) TimerEvent: {}
[212.386736] (-) TimerEvent: {}
[212.488232] (-) TimerEvent: {}
[212.589564] (-) TimerEvent: {}
[212.691300] (-) TimerEvent: {}
[212.792771] (-) TimerEvent: {}
[212.894277] (-) TimerEvent: {}
[212.995514] (-) TimerEvent: {}
[213.097091] (-) TimerEvent: {}
[213.198482] (-) TimerEvent: {}
[213.299955] (-) TimerEvent: {}
[213.401293] (-) TimerEvent: {}
[213.502992] (-) TimerEvent: {}
[213.604448] (-) TimerEvent: {}
[213.706063] (-) TimerEvent: {}
[213.807541] (-) TimerEvent: {}
[213.908937] (-) TimerEvent: {}
[214.010430] (-) TimerEvent: {}
[214.111871] (-) TimerEvent: {}
[214.213343] (-) TimerEvent: {}
[214.314996] (-) TimerEvent: {}
[214.416675] (-) TimerEvent: {}
[214.518137] (-) TimerEvent: {}
[214.619956] (-) TimerEvent: {}
[214.721513] (-) TimerEvent: {}
[214.823038] (-) TimerEvent: {}
[214.924473] (-) TimerEvent: {}
[215.025984] (-) TimerEvent: {}
[215.127847] (-) TimerEvent: {}
[215.229598] (-) TimerEvent: {}
[215.331353] (-) TimerEvent: {}
[215.432814] (-) TimerEvent: {}
[215.534363] (-) TimerEvent: {}
[215.635930] (-) TimerEvent: {}
[215.737534] (-) TimerEvent: {}
[215.839163] (-) TimerEvent: {}
[215.940562] (-) TimerEvent: {}
[216.041926] (-) TimerEvent: {}
[216.143379] (-) TimerEvent: {}
[216.244720] (-) TimerEvent: {}
[216.346114] (-) TimerEvent: {}
[216.447572] (-) TimerEvent: {}
[216.549240] (-) TimerEvent: {}
[216.650868] (-) TimerEvent: {}
[216.752590] (-) TimerEvent: {}
[216.854260] (-) TimerEvent: {}
[216.955749] (-) TimerEvent: {}
[217.057076] (-) TimerEvent: {}
[217.158661] (-) TimerEvent: {}
[217.260330] (-) TimerEvent: {}
[217.361720] (-) TimerEvent: {}
[217.463118] (-) TimerEvent: {}
[217.564530] (-) TimerEvent: {}
[217.665979] (-) TimerEvent: {}
[217.767751] (-) TimerEvent: {}
[217.869319] (-) TimerEvent: {}
[217.970829] (-) TimerEvent: {}
[218.072318] (-) TimerEvent: {}
[218.173816] (-) TimerEvent: {}
[218.275287] (-) TimerEvent: {}
[218.376780] (-) TimerEvent: {}
[218.478173] (-) TimerEvent: {}
[218.579845] (-) TimerEvent: {}
[218.681278] (-) TimerEvent: {}
[218.782722] (-) TimerEvent: {}
[218.884197] (-) TimerEvent: {}
[218.985566] (-) TimerEvent: {}
[219.087091] (-) TimerEvent: {}
[219.188741] (-) TimerEvent: {}
[219.290448] (-) TimerEvent: {}
[219.392051] (-) TimerEvent: {}
[219.493671] (-) TimerEvent: {}
[219.595008] (-) TimerEvent: {}
[219.696292] (-) TimerEvent: {}
[219.797541] (-) TimerEvent: {}
[219.898853] (-) TimerEvent: {}
[220.000034] (-) TimerEvent: {}
[220.101167] (-) TimerEvent: {}
[220.202643] (-) TimerEvent: {}
[220.304113] (-) TimerEvent: {}
[220.405776] (-) TimerEvent: {}
[220.507323] (-) TimerEvent: {}
[220.608507] (-) TimerEvent: {}
[220.709649] (-) TimerEvent: {}
[220.810851] (-) TimerEvent: {}
[220.912029] (-) TimerEvent: {}
[221.013555] (-) TimerEvent: {}
[221.114774] (-) TimerEvent: {}
[221.216120] (-) TimerEvent: {}
[221.317389] (-) TimerEvent: {}
[221.418745] (-) TimerEvent: {}
[221.519958] (-) TimerEvent: {}
[221.621222] (-) TimerEvent: {}
[221.722577] (-) TimerEvent: {}
[221.824247] (-) TimerEvent: {}
[221.925504] (-) TimerEvent: {}
[222.026762] (-) TimerEvent: {}
[222.127989] (-) TimerEvent: {}
[222.229204] (-) TimerEvent: {}
[222.330438] (-) TimerEvent: {}
[222.431742] (-) TimerEvent: {}
[222.532970] (-) TimerEvent: {}
[222.634226] (-) TimerEvent: {}
[222.735541] (-) TimerEvent: {}
[222.836706] (-) TimerEvent: {}
[222.937796] (-) TimerEvent: {}
[223.038899] (-) TimerEvent: {}
[223.139995] (-) TimerEvent: {}
[223.241117] (-) TimerEvent: {}
[223.342234] (-) TimerEvent: {}
[223.443356] (-) TimerEvent: {}
[223.544438] (-) TimerEvent: {}
[223.645564] (-) TimerEvent: {}
[223.746745] (-) TimerEvent: {}
[223.848191] (-) TimerEvent: {}
[223.949641] (-) TimerEvent: {}
[224.051103] (-) TimerEvent: {}
[224.152440] (-) TimerEvent: {}
[224.253756] (-) TimerEvent: {}
[224.355216] (-) TimerEvent: {}
[224.456479] (-) TimerEvent: {}
[224.557733] (-) TimerEvent: {}
[224.658997] (-) TimerEvent: {}
[224.760275] (-) TimerEvent: {}
[224.861643] (-) TimerEvent: {}
[224.962941] (-) TimerEvent: {}
[225.064129] (-) TimerEvent: {}
[225.165373] (-) TimerEvent: {}
[225.266756] (-) TimerEvent: {}
[225.367995] (-) TimerEvent: {}
[225.469280] (-) TimerEvent: {}
[225.570786] (-) TimerEvent: {}
[225.672018] (-) TimerEvent: {}
[225.773514] (-) TimerEvent: {}
[225.874984] (-) TimerEvent: {}
[225.976122] (-) TimerEvent: {}
[226.077390] (-) TimerEvent: {}
[226.178642] (-) TimerEvent: {}
[226.279855] (-) TimerEvent: {}
[226.381033] (-) TimerEvent: {}
[226.482252] (-) TimerEvent: {}
[226.583504] (-) TimerEvent: {}
[226.685020] (-) TimerEvent: {}
[226.786195] (-) TimerEvent: {}
[226.887427] (-) TimerEvent: {}
[226.988614] (-) TimerEvent: {}
[227.089890] (-) TimerEvent: {}
[227.191143] (-) TimerEvent: {}
[227.292322] (-) TimerEvent: {}
[227.393573] (-) TimerEvent: {}
[227.494755] (-) TimerEvent: {}
[227.595905] (-) TimerEvent: {}
[227.697245] (-) TimerEvent: {}
[227.798783] (-) TimerEvent: {}
[227.900017] (-) TimerEvent: {}
[228.001282] (-) TimerEvent: {}
[228.102640] (-) TimerEvent: {}
[228.203937] (-) TimerEvent: {}
[228.305190] (-) TimerEvent: {}
[228.406417] (-) TimerEvent: {}
[228.507645] (-) TimerEvent: {}
[228.608854] (-) TimerEvent: {}
[228.710105] (-) TimerEvent: {}
[228.811417] (-) TimerEvent: {}
[228.912575] (-) TimerEvent: {}
[229.013732] (-) TimerEvent: {}
[229.115031] (-) TimerEvent: {}
[229.216314] (-) TimerEvent: {}
[229.317561] (-) TimerEvent: {}
[229.418812] (-) TimerEvent: {}
[229.519947] (-) TimerEvent: {}
[229.621168] (-) TimerEvent: {}
[229.722432] (-) TimerEvent: {}
[229.823693] (-) TimerEvent: {}
[229.924934] (-) TimerEvent: {}
[230.026213] (-) TimerEvent: {}
[230.127532] (-) TimerEvent: {}
[230.228722] (-) TimerEvent: {}
[230.330014] (-) TimerEvent: {}
[230.431274] (-) TimerEvent: {}
[230.532527] (-) TimerEvent: {}
[230.633818] (-) TimerEvent: {}
[230.735152] (-) TimerEvent: {}
[230.836407] (-) TimerEvent: {}
[230.937638] (-) TimerEvent: {}
[231.038890] (-) TimerEvent: {}
[231.140134] (-) TimerEvent: {}
[231.241506] (-) TimerEvent: {}
[231.343318] (-) TimerEvent: {}
[231.444567] (-) TimerEvent: {}
[231.545876] (-) TimerEvent: {}
[231.647122] (-) TimerEvent: {}
[231.748372] (-) TimerEvent: {}
[231.849600] (-) TimerEvent: {}
[231.950814] (-) TimerEvent: {}
[232.052060] (-) TimerEvent: {}
[232.153282] (-) TimerEvent: {}
[232.254650] (-) TimerEvent: {}
[232.355816] (-) TimerEvent: {}
[232.457066] (-) TimerEvent: {}
[232.558297] (-) TimerEvent: {}
[232.659579] (-) TimerEvent: {}
[232.760841] (-) TimerEvent: {}
[232.862146] (-) TimerEvent: {}
[232.963411] (-) TimerEvent: {}
[233.064647] (-) TimerEvent: {}
[233.165942] (-) TimerEvent: {}
[233.267157] (-) TimerEvent: {}
[233.368347] (-) TimerEvent: {}
[233.469591] (-) TimerEvent: {}
[233.570857] (-) TimerEvent: {}
[233.672090] (-) TimerEvent: {}
[233.773387] (-) TimerEvent: {}
[233.874731] (-) TimerEvent: {}
[233.975909] (-) TimerEvent: {}
[234.077227] (-) TimerEvent: {}
[234.178429] (-) TimerEvent: {}
[234.279716] (-) TimerEvent: {}
[234.380942] (-) TimerEvent: {}
[234.482152] (-) TimerEvent: {}
[234.583374] (-) TimerEvent: {}
[234.684603] (-) TimerEvent: {}
[234.785879] (-) TimerEvent: {}
[234.887158] (-) TimerEvent: {}
[234.988823] (-) TimerEvent: {}
[235.090995] (-) TimerEvent: {}
[235.192450] (-) TimerEvent: {}
[235.293742] (-) TimerEvent: {}
[235.406151] (-) TimerEvent: {}
[235.507627] (-) TimerEvent: {}
[235.609290] (-) TimerEvent: {}
[235.710815] (-) TimerEvent: {}
[235.812062] (-) TimerEvent: {}
[235.913369] (-) TimerEvent: {}
[236.014629] (-) TimerEvent: {}
[236.115935] (-) TimerEvent: {}
[236.217358] (-) TimerEvent: {}
[236.319432] (-) TimerEvent: {}
[236.420627] (-) TimerEvent: {}
[236.521821] (-) TimerEvent: {}
[236.623142] (-) TimerEvent: {}
[236.724368] (-) TimerEvent: {}
[236.825664] (-) TimerEvent: {}
[236.927045] (-) TimerEvent: {}
[237.028277] (-) TimerEvent: {}
[237.129465] (-) TimerEvent: {}
[237.230772] (-) TimerEvent: {}
[237.332004] (-) TimerEvent: {}
[237.433208] (-) TimerEvent: {}
[237.534417] (-) TimerEvent: {}
[237.635750] (-) TimerEvent: {}
[237.736928] (-) TimerEvent: {}
[237.838206] (-) TimerEvent: {}
[237.939513] (-) TimerEvent: {}
[238.040682] (-) TimerEvent: {}
[238.141936] (-) TimerEvent: {}
[238.243260] (-) TimerEvent: {}
[238.344649] (-) TimerEvent: {}
[238.445863] (-) TimerEvent: {}
[238.547181] (-) TimerEvent: {}
[238.648417] (-) TimerEvent: {}
[238.749634] (-) TimerEvent: {}
[238.850935] (-) TimerEvent: {}
[238.952137] (-) TimerEvent: {}
[239.053430] (-) TimerEvent: {}
[239.154695] (-) TimerEvent: {}
[239.255925] (-) TimerEvent: {}
[239.357160] (-) TimerEvent: {}
[239.458462] (-) TimerEvent: {}
[239.559804] (-) TimerEvent: {}
[239.661021] (-) TimerEvent: {}
[239.762217] (-) TimerEvent: {}
[239.863650] (-) TimerEvent: {}
[239.964900] (-) TimerEvent: {}
[240.066165] (-) TimerEvent: {}
[240.167451] (-) TimerEvent: {}
[240.268702] (-) TimerEvent: {}
[240.369982] (-) TimerEvent: {}
[240.471282] (-) TimerEvent: {}
[240.572485] (-) TimerEvent: {}
[240.673740] (-) TimerEvent: {}
[240.775065] (-) TimerEvent: {}
[240.876339] (-) TimerEvent: {}
[240.977592] (-) TimerEvent: {}
[241.078844] (-) TimerEvent: {}
[241.180077] (-) TimerEvent: {}
[241.281375] (-) TimerEvent: {}
[241.382704] (-) TimerEvent: {}
[241.483954] (-) TimerEvent: {}
[241.585889] (-) TimerEvent: {}
[241.688399] (-) TimerEvent: {}
[241.789684] (-) TimerEvent: {}
[241.890900] (-) TimerEvent: {}
[241.992065] (-) TimerEvent: {}
[242.093356] (-) TimerEvent: {}
[242.194685] (-) TimerEvent: {}
[242.295988] (-) TimerEvent: {}
[242.397289] (-) TimerEvent: {}
[242.498659] (-) TimerEvent: {}
[242.599950] (-) TimerEvent: {}
[242.701186] (-) TimerEvent: {}
[242.802311] (-) TimerEvent: {}
[242.903582] (-) TimerEvent: {}
[243.005010] (-) TimerEvent: {}
[243.106598] (-) TimerEvent: {}
[243.207957] (-) TimerEvent: {}
[243.309257] (-) TimerEvent: {}
[243.410464] (-) TimerEvent: {}
[243.511719] (-) TimerEvent: {}
[243.612960] (-) TimerEvent: {}
[243.714209] (-) TimerEvent: {}
[243.815556] (-) TimerEvent: {}
[243.916810] (-) TimerEvent: {}
[244.018040] (-) TimerEvent: {}
[244.119265] (-) TimerEvent: {}
[244.220533] (-) TimerEvent: {}
[244.321868] (-) TimerEvent: {}
[244.423187] (-) TimerEvent: {}
[244.524436] (-) TimerEvent: {}
[244.625717] (-) TimerEvent: {}
[244.727028] (-) TimerEvent: {}
[244.828286] (-) TimerEvent: {}
[244.929555] (-) TimerEvent: {}
[245.030806] (-) TimerEvent: {}
[245.131999] (-) TimerEvent: {}
[245.233278] (-) TimerEvent: {}
[245.334445] (-) TimerEvent: {}
[245.435643] (-) TimerEvent: {}
[245.536857] (-) TimerEvent: {}
[245.638117] (-) TimerEvent: {}
[245.739425] (-) TimerEvent: {}
[245.840795] (-) TimerEvent: {}
[245.942197] (-) TimerEvent: {}
[246.043529] (-) TimerEvent: {}
[246.144759] (-) TimerEvent: {}
[246.246002] (-) TimerEvent: {}
[246.347245] (-) TimerEvent: {}
[246.448456] (-) TimerEvent: {}
[246.549734] (-) TimerEvent: {}
[246.650996] (-) TimerEvent: {}
[246.752254] (-) TimerEvent: {}
[246.853531] (-) TimerEvent: {}
[246.954758] (-) TimerEvent: {}
[247.055992] (-) TimerEvent: {}
[247.157272] (-) TimerEvent: {}
[247.258484] (-) TimerEvent: {}
[247.359784] (-) TimerEvent: {}
[247.461012] (-) TimerEvent: {}
[247.562300] (-) TimerEvent: {}
[247.664299] (-) TimerEvent: {}
[247.766410] (-) TimerEvent: {}
[247.867979] (-) TimerEvent: {}
[247.969593] (-) TimerEvent: {}
[248.070968] (-) TimerEvent: {}
[248.172121] (-) TimerEvent: {}
[248.273254] (-) TimerEvent: {}
[248.374442] (-) TimerEvent: {}
[248.475651] (-) TimerEvent: {}
[248.576915] (-) TimerEvent: {}
[248.678926] (-) TimerEvent: {}
[248.780323] (-) TimerEvent: {}
[248.882218] (-) TimerEvent: {}
[248.984027] (-) TimerEvent: {}
[249.085380] (-) TimerEvent: {}
[249.186629] (-) TimerEvent: {}
[249.287752] (-) TimerEvent: {}
[249.388916] (-) TimerEvent: {}
[249.490110] (-) TimerEvent: {}
[249.591329] (-) TimerEvent: {}
[249.692453] (-) TimerEvent: {}
[249.793584] (-) TimerEvent: {}
[249.894741] (-) TimerEvent: {}
[249.995875] (-) TimerEvent: {}
[250.097027] (-) TimerEvent: {}
[250.198170] (-) TimerEvent: {}
[250.299381] (-) TimerEvent: {}
[250.400766] (-) TimerEvent: {}
[250.501882] (-) TimerEvent: {}
[250.603083] (-) TimerEvent: {}
[250.704204] (-) TimerEvent: {}
[250.805369] (-) TimerEvent: {}
[250.906599] (-) TimerEvent: {}
[251.007770] (-) TimerEvent: {}
[251.108888] (-) TimerEvent: {}
[251.210057] (-) TimerEvent: {}
[251.311272] (-) TimerEvent: {}
[251.412403] (-) TimerEvent: {}
[251.513557] (-) TimerEvent: {}
[251.614791] (-) TimerEvent: {}
[251.715917] (-) TimerEvent: {}
[251.817059] (-) TimerEvent: {}
[251.918219] (-) TimerEvent: {}
[252.019393] (-) TimerEvent: {}
[252.120652] (-) TimerEvent: {}
[252.221777] (-) TimerEvent: {}
[252.322977] (-) TimerEvent: {}
[252.424114] (-) TimerEvent: {}
[252.525331] (-) TimerEvent: {}
[252.626487] (-) TimerEvent: {}
[252.727658] (-) TimerEvent: {}
[252.828772] (-) TimerEvent: {}
[252.930016] (-) TimerEvent: {}
[253.031267] (-) TimerEvent: {}
[253.132371] (-) TimerEvent: {}
[253.233600] (-) TimerEvent: {}
[253.334783] (-) TimerEvent: {}
[253.435891] (-) TimerEvent: {}
[253.536997] (-) TimerEvent: {}
[253.638240] (-) TimerEvent: {}
[253.739544] (-) TimerEvent: {}
[253.840737] (-) TimerEvent: {}
[253.941955] (-) TimerEvent: {}
[254.043206] (-) TimerEvent: {}
[254.144396] (-) TimerEvent: {}
[254.245499] (-) TimerEvent: {}
[254.346813] (-) TimerEvent: {}
[254.447963] (-) TimerEvent: {}
[254.549145] (-) TimerEvent: {}
[254.650719] (-) TimerEvent: {}
[254.752104] (-) TimerEvent: {}
[254.853429] (-) TimerEvent: {}
[254.955455] (-) TimerEvent: {}
[255.057027] (-) TimerEvent: {}
[255.158699] (-) TimerEvent: {}
[255.260273] (-) TimerEvent: {}
[255.361798] (-) TimerEvent: {}
[255.463478] (-) TimerEvent: {}
[255.589561] (-) TimerEvent: {}
[255.600447] (sllidar_ros2) StdoutLine: {'line': b'[100%] \x1b[32m\x1b[1mLinking CXX executable sllidar_client\x1b[0m\n'}
[255.710105] (-) TimerEvent: {}
[255.811510] (-) TimerEvent: {}
[255.912911] (-) TimerEvent: {}
[256.014220] (-) TimerEvent: {}
[256.115527] (-) TimerEvent: {}
[256.216774] (-) TimerEvent: {}
[256.318132] (-) TimerEvent: {}
[256.419306] (-) TimerEvent: {}
[256.520705] (-) TimerEvent: {}
[256.622208] (-) TimerEvent: {}
[256.723667] (-) TimerEvent: {}
[256.825117] (-) TimerEvent: {}
[256.926947] (-) TimerEvent: {}
[257.028673] (-) TimerEvent: {}
[257.130310] (-) TimerEvent: {}
[257.231901] (-) TimerEvent: {}
[257.333409] (-) TimerEvent: {}
[257.435342] (-) TimerEvent: {}
[257.536912] (-) TimerEvent: {}
[257.638886] (-) TimerEvent: {}
[257.740328] (-) TimerEvent: {}
[257.841771] (-) TimerEvent: {}
[257.943529] (-) TimerEvent: {}
[258.044863] (-) TimerEvent: {}
[258.146663] (-) TimerEvent: {}
[258.248002] (-) TimerEvent: {}
[258.349713] (-) TimerEvent: {}
[258.451254] (-) TimerEvent: {}
[258.552597] (-) TimerEvent: {}
[258.654016] (-) TimerEvent: {}
[258.755394] (-) TimerEvent: {}
[258.856542] (-) TimerEvent: {}
[258.957609] (-) TimerEvent: {}
[259.058734] (-) TimerEvent: {}
[259.159753] (-) TimerEvent: {}
[259.260855] (-) TimerEvent: {}
[259.361888] (-) TimerEvent: {}
[259.463011] (-) TimerEvent: {}
[259.564062] (-) TimerEvent: {}
[259.665094] (-) TimerEvent: {}
[259.766174] (-) TimerEvent: {}
[259.867378] (-) TimerEvent: {}
[259.968655] (-) TimerEvent: {}
[260.069787] (-) TimerEvent: {}
[260.170978] (-) TimerEvent: {}
[260.272084] (-) TimerEvent: {}
[260.373171] (-) TimerEvent: {}
[260.474254] (-) TimerEvent: {}
[260.575612] (-) TimerEvent: {}
[260.676826] (-) TimerEvent: {}
[260.696911] (sllidar_ros2) StdoutLine: {'line': b'[100%] Built target sllidar_client\n'}
[260.777128] (-) TimerEvent: {}
[260.878362] (-) TimerEvent: {}
[260.979950] (-) TimerEvent: {}
[261.081330] (-) TimerEvent: {}
[261.182972] (-) TimerEvent: {}
[261.288215] (-) TimerEvent: {}
[261.431438] (-) TimerEvent: {}
[261.482461] (sllidar_ros2) CommandEnded: {'returncode': 0}
[261.771593] (-) TimerEvent: {}
[261.886439] (-) TimerEvent: {}
[261.987665] (-) TimerEvent: {}
[262.088864] (-) TimerEvent: {}
[262.190048] (-) TimerEvent: {}
[262.291314] (-) TimerEvent: {}
[262.392448] (-) TimerEvent: {}
[262.473741] (sllidar_ros2) JobProgress: {'identifier': 'sllidar_ros2', 'progress': 'install'}
[262.498713] (-) TimerEvent: {}
[262.523484] (sllidar_ros2) Command: {'cmd': ['/usr/bin/cmake', '--install', '/home/arno/RoombaV2Onboard/build/sllidar_ros2'], 'cwd': '/home/arno/RoombaV2Onboard/build/sllidar_ros2', 'env': OrderedDict([('LESSOPEN', '| /usr/bin/lesspipe %s'), ('USER', 'arno'), ('SSH_CLIENT', '192.168.45.158 50898 22'), ('LC_TIME', 'de_CH.UTF-8'), ('XDG_SESSION_TYPE', 'tty'), ('SHLVL', '1'), ('LD_LIBRARY_PATH', '/opt/ros/humble/opt/rviz_ogre_vendor/lib:/opt/ros/humble/lib/aarch64-linux-gnu:/opt/ros/humble/lib'), ('MOTD_SHOWN', 'pam'), ('HOME', '/home/arno'), ('OLDPWD', '/home/arno/RoombaV2Onboard/src'), ('SSH_TTY', '/dev/pts/1'), ('ROS_PYTHON_VERSION', '3'), ('LC_MONETARY', 'de_CH.UTF-8'), ('DBUS_SESSION_BUS_ADDRESS', 'unix:path=/run/user/1000/bus'), ('ROS_DISTRO', 'humble'), ('LOGNAME', 'arno'), ('_', '/usr/bin/colcon'), ('ROS_VERSION', '2'), ('XDG_SESSION_CLASS', 'user'), ('TERM', 'xterm-256color'), ('XDG_SESSION_ID', '3'), ('ROS_LOCALHOST_ONLY', '0'), ('PATH', '/home/arno/.local/bin:/opt/ros/humble/bin:/usr/local/sbin:/usr/local/bin:/usr/sbin:/usr/bin:/sbin:/bin:/usr/games:/usr/local/games:/snap/bin'), ('LC_ADDRESS', 'de_CH.UTF-8'), ('XDG_RUNTIME_DIR', '/run/user/1000'), ('LANG', 'en_US.UTF-8'), ('LC_TELEPHONE', 'de_CH.UTF-8'), ('LS_COLORS', 'rs=0:di=01;34:ln=01;36:mh=00:pi=40;33:so=01;35:do=01;35:bd=40;33;01:cd=40;33;01:or=40;31;01:mi=00:su=37;41:sg=30;43:ca=30;41:tw=30;42:ow=34;42:st=37;44:ex=01;32:*.tar=01;31:*.tgz=01;31:*.arc=01;31:*.arj=01;31:*.taz=01;31:*.lha=01;31:*.lz4=01;31:*.lzh=01;31:*.lzma=01;31:*.tlz=01;31:*.txz=01;31:*.tzo=01;31:*.t7z=01;31:*.zip=01;31:*.z=01;31:*.dz=01;31:*.gz=01;31:*.lrz=01;31:*.lz=01;31:*.lzo=01;31:*.xz=01;31:*.zst=01;31:*.tzst=01;31:*.bz2=01;31:*.bz=01;31:*.tbz=01;31:*.tbz2=01;31:*.tz=01;31:*.deb=01;31:*.rpm=01;31:*.jar=01;31:*.war=01;31:*.ear=01;31:*.sar=01;31:*.rar=01;31:*.alz=01;31:*.ace=01;31:*.zoo=01;31:*.cpio=01;31:*.7z=01;31:*.rz=01;31:*.cab=01;31:*.wim=01;31:*.swm=01;31:*.dwm=01;31:*.esd=01;31:*.jpg=01;35:*.jpeg=01;35:*.mjpg=01;35:*.mjpeg=01;35:*.gif=01;35:*.bmp=01;35:*.pbm=01;35:*.pgm=01;35:*.ppm=01;35:*.tga=01;35:*.xbm=01;35:*.xpm=01;35:*.tif=01;35:*.tiff=01;35:*.png=01;35:*.svg=01;35:*.svgz=01;35:*.mng=01;35:*.pcx=01;35:*.mov=01;35:*.mpg=01;35:*.mpeg=01;35:*.m2v=01;35:*.mkv=01;35:*.webm=01;35:*.webp=01;35:*.ogm=01;35:*.mp4=01;35:*.m4v=01;35:*.mp4v=01;35:*.vob=01;35:*.qt=01;35:*.nuv=01;35:*.wmv=01;35:*.asf=01;35:*.rm=01;35:*.rmvb=01;35:*.flc=01;35:*.avi=01;35:*.fli=01;35:*.flv=01;35:*.gl=01;35:*.dl=01;35:*.xcf=01;35:*.xwd=01;35:*.yuv=01;35:*.cgm=01;35:*.emf=01;35:*.ogv=01;35:*.ogx=01;35:*.aac=00;36:*.au=00;36:*.flac=00;36:*.m4a=00;36:*.mid=00;36:*.midi=00;36:*.mka=00;36:*.mp3=00;36:*.mpc=00;36:*.ogg=00;36:*.ra=00;36:*.wav=00;36:*.oga=00;36:*.opus=00;36:*.spx=00;36:*.xspf=00;36:'), ('AMENT_PREFIX_PATH', '/opt/ros/humble'), ('SHELL', '/bin/bash'), ('LC_NAME', 'de_CH.UTF-8'), ('LESSCLOSE', '/usr/bin/lesspipe %s %s'), ('LC_MEASUREMENT', 'de_CH.UTF-8'), ('LC_IDENTIFICATION', 'de_CH.UTF-8'), ('PWD', '/home/arno/RoombaV2Onboard/build/sllidar_ros2'), ('LC_ALL', 'en_US.UTF-8'), ('SSH_CONNECTION', '192.168.45.158 50898 192.168.45.115 22'), ('XDG_DATA_DIRS', '/usr/local/share:/usr/share:/var/lib/snapd/desktop'), ('PYTHONPATH', '/opt/ros/humble/lib/python3.10/site-packages:/opt/ros/humble/local/lib/python3.10/dist-packages'), ('LC_NUMERIC', 'de_CH.UTF-8'), ('LC_PAPER', 'de_CH.UTF-8'), ('COLCON', '1'), ('CMAKE_PREFIX_PATH', '/opt/ros/humble')]), 'shell': False}
[262.600628] (-) TimerEvent: {}
[262.626761] (sllidar_ros2) StdoutLine: {'line': b'-- Install configuration: ""\n'}
[262.646371] (sllidar_ros2) StdoutLine: {'line': b'-- Execute custom install script\n'}
[262.681376] (sllidar_ros2) StdoutLine: {'line': b'-- Symlinking: /home/arno/RoombaV2Onboard/install/sllidar_ros2/share/sllidar_ros2/launch/sllidar_a1_launch.py\n'}
[262.700909] (-) TimerEvent: {}
[262.746998] (sllidar_ros2) StdoutLine: {'line': b'-- Symlinking: /home/arno/RoombaV2Onboard/install/sllidar_ros2/share/sllidar_ros2/launch/sllidar_a2m12_launch .py\n'}
[262.801282] (-) TimerEvent: {}
[262.806788] (sllidar_ros2) StdoutLine: {'line': b'-- Symlinking: /home/arno/RoombaV2Onboard/install/sllidar_ros2/share/sllidar_ros2/launch/sllidar_a2m7_launch.py\n'}
[262.871925] (sllidar_ros2) StdoutLine: {'line': b'-- Symlinking: /home/arno/RoombaV2Onboard/install/sllidar_ros2/share/sllidar_ros2/launch/sllidar_a2m8_launch.py\n'}
[262.901575] (-) TimerEvent: {}
[262.930707] (sllidar_ros2) StdoutLine: {'line': b'-- Symlinking: /home/arno/RoombaV2Onboard/install/sllidar_ros2/share/sllidar_ros2/launch/sllidar_a3_launch.py\n'}
[262.992319] (sllidar_ros2) StdoutLine: {'line': b'-- Symlinking: /home/arno/RoombaV2Onboard/install/sllidar_ros2/share/sllidar_ros2/launch/sllidar_c1_launch.py\n'}
[263.002005] (-) TimerEvent: {}
[263.056223] (sllidar_ros2) StdoutLine: {'line': b'-- Symlinking: /home/arno/RoombaV2Onboard/install/sllidar_ros2/share/sllidar_ros2/launch/sllidar_s1_launch.py\n'}
[263.102283] (-) TimerEvent: {}
[263.120916] (sllidar_ros2) StdoutLine: {'line': b'-- Symlinking: /home/arno/RoombaV2Onboard/install/sllidar_ros2/share/sllidar_ros2/launch/sllidar_s1_tcp_launch.py\n'}
[263.185774] (sllidar_ros2) StdoutLine: {'line': b'-- Symlinking: /home/arno/RoombaV2Onboard/install/sllidar_ros2/share/sllidar_ros2/launch/sllidar_s2_launch.py\n'}
[263.203065] (-) TimerEvent: {}
[263.250376] (sllidar_ros2) StdoutLine: {'line': b'-- Symlinking: /home/arno/RoombaV2Onboard/install/sllidar_ros2/share/sllidar_ros2/launch/sllidar_s2e_launch.py\n'}
[263.303523] (-) TimerEvent: {}
[263.312845] (sllidar_ros2) StdoutLine: {'line': b'-- Symlinking: /home/arno/RoombaV2Onboard/install/sllidar_ros2/share/sllidar_ros2/launch/sllidar_s3_launch.py\n'}
[263.373877] (sllidar_ros2) StdoutLine: {'line': b'-- Symlinking: /home/arno/RoombaV2Onboard/install/sllidar_ros2/share/sllidar_ros2/launch/sllidar_t1_launch.py\n'}
[263.403690] (-) TimerEvent: {}
[263.435022] (sllidar_ros2) StdoutLine: {'line': b'-- Symlinking: /home/arno/RoombaV2Onboard/install/sllidar_ros2/share/sllidar_ros2/launch/view_sllidar_a1_launch.py\n'}
[263.496008] (sllidar_ros2) StdoutLine: {'line': b'-- Symlinking: /home/arno/RoombaV2Onboard/install/sllidar_ros2/share/sllidar_ros2/launch/view_sllidar_a2m12_launch.py\n'}
[263.503892] (-) TimerEvent: {}
[263.559148] (sllidar_ros2) StdoutLine: {'line': b'-- Symlinking: /home/arno/RoombaV2Onboard/install/sllidar_ros2/share/sllidar_ros2/launch/view_sllidar_a2m7_launch.py\n'}
[263.604175] (-) TimerEvent: {}
[263.617715] (sllidar_ros2) StdoutLine: {'line': b'-- Symlinking: /home/arno/RoombaV2Onboard/install/sllidar_ros2/share/sllidar_ros2/launch/view_sllidar_a2m8_launch.py\n'}
[263.676759] (sllidar_ros2) StdoutLine: {'line': b'-- Symlinking: /home/arno/RoombaV2Onboard/install/sllidar_ros2/share/sllidar_ros2/launch/view_sllidar_a3_launch.py\n'}
[263.704542] (-) TimerEvent: {}
[263.741160] (sllidar_ros2) StdoutLine: {'line': b'-- Symlinking: /home/arno/RoombaV2Onboard/install/sllidar_ros2/share/sllidar_ros2/launch/view_sllidar_c1_launch.py\n'}
[263.802997] (sllidar_ros2) StdoutLine: {'line': b'-- Symlinking: /home/arno/RoombaV2Onboard/install/sllidar_ros2/share/sllidar_ros2/launch/view_sllidar_s1_launch.py\n'}
[263.804555] (-) TimerEvent: {}
[263.868724] (sllidar_ros2) StdoutLine: {'line': b'-- Symlinking: /home/arno/RoombaV2Onboard/install/sllidar_ros2/share/sllidar_ros2/launch/view_sllidar_s1_tcp_launch.py\n'}
[263.904967] (-) TimerEvent: {}
[263.928042] (sllidar_ros2) StdoutLine: {'line': b'-- Symlinking: /home/arno/RoombaV2Onboard/install/sllidar_ros2/share/sllidar_ros2/launch/view_sllidar_s2_launch.py\n'}
[263.988778] (sllidar_ros2) StdoutLine: {'line': b'-- Symlinking: /home/arno/RoombaV2Onboard/install/sllidar_ros2/share/sllidar_ros2/launch/view_sllidar_s2e_launch.py\n'}
[264.005285] (-) TimerEvent: {}
[264.045850] (sllidar_ros2) StdoutLine: {'line': b'-- Symlinking: /home/arno/RoombaV2Onboard/install/sllidar_ros2/share/sllidar_ros2/launch/view_sllidar_s3_launch.py\n'}
[264.102730] (sllidar_ros2) StdoutLine: {'line': b'-- Symlinking: /home/arno/RoombaV2Onboard/install/sllidar_ros2/share/sllidar_ros2/launch/view_sllidar_t1_launch.py\n'}
[264.105452] (-) TimerEvent: {}
[264.162566] (sllidar_ros2) StdoutLine: {'line': b'-- Symlinking: /home/arno/RoombaV2Onboard/install/sllidar_ros2/share/sllidar_ros2/rviz/sllidar_ros2.rviz\n'}
[264.205807] (-) TimerEvent: {}
[264.222921] (sllidar_ros2) StdoutLine: {'line': b'-- Symlinking: /home/arno/RoombaV2Onboard/install/sllidar_ros2/lib/sllidar_ros2/sllidar_node\n'}
[264.281485] (sllidar_ros2) StdoutLine: {'line': b'-- Symlinking: /home/arno/RoombaV2Onboard/install/sllidar_ros2/lib/sllidar_ros2/sllidar_client\n'}
[264.306117] (-) TimerEvent: {}
[264.345002] (sllidar_ros2) StdoutLine: {'line': b'-- Symlinking: /home/arno/RoombaV2Onboard/install/sllidar_ros2/share/ament_index/resource_index/package_run_dependencies/sllidar_ros2\n'}
[264.405578] (sllidar_ros2) StdoutLine: {'line': b'-- Symlinking: /home/arno/RoombaV2Onboard/install/sllidar_ros2/share/ament_index/resource_index/parent_prefix_path/sllidar_ros2\n'}
[264.406665] (-) TimerEvent: {}
[264.480255] (sllidar_ros2) StdoutLine: {'line': b'-- Symlinking: /home/arno/RoombaV2Onboard/install/sllidar_ros2/share/sllidar_ros2/environment/ament_prefix_path.sh\n'}
[264.506958] (-) TimerEvent: {}
[264.544413] (sllidar_ros2) StdoutLine: {'line': b'-- Symlinking: /home/arno/RoombaV2Onboard/install/sllidar_ros2/share/sllidar_ros2/environment/ament_prefix_path.dsv\n'}
[264.603973] (sllidar_ros2) StdoutLine: {'line': b'-- Symlinking: /home/arno/RoombaV2Onboard/install/sllidar_ros2/share/sllidar_ros2/environment/path.sh\n'}
[264.607129] (-) TimerEvent: {}
[264.661963] (sllidar_ros2) StdoutLine: {'line': b'-- Symlinking: /home/arno/RoombaV2Onboard/install/sllidar_ros2/share/sllidar_ros2/environment/path.dsv\n'}
[264.707413] (-) TimerEvent: {}
[264.721556] (sllidar_ros2) StdoutLine: {'line': b'-- Symlinking: /home/arno/RoombaV2Onboard/install/sllidar_ros2/share/sllidar_ros2/local_setup.bash\n'}
[264.779302] (sllidar_ros2) StdoutLine: {'line': b'-- Symlinking: /home/arno/RoombaV2Onboard/install/sllidar_ros2/share/sllidar_ros2/local_setup.sh\n'}
[264.807699] (-) TimerEvent: {}
[264.838383] (sllidar_ros2) StdoutLine: {'line': b'-- Symlinking: /home/arno/RoombaV2Onboard/install/sllidar_ros2/share/sllidar_ros2/local_setup.zsh\n'}
[264.896644] (sllidar_ros2) StdoutLine: {'line': b'-- Symlinking: /home/arno/RoombaV2Onboard/install/sllidar_ros2/share/sllidar_ros2/local_setup.dsv\n'}
[264.908021] (-) TimerEvent: {}
[264.955958] (sllidar_ros2) StdoutLine: {'line': b'-- Symlinking: /home/arno/RoombaV2Onboard/install/sllidar_ros2/share/sllidar_ros2/package.dsv\n'}
[265.008299] (-) TimerEvent: {}
[265.014541] (sllidar_ros2) StdoutLine: {'line': b'-- Symlinking: /home/arno/RoombaV2Onboard/install/sllidar_ros2/share/ament_index/resource_index/packages/sllidar_ros2\n'}
[265.076825] (sllidar_ros2) StdoutLine: {'line': b'-- Symlinking: /home/arno/RoombaV2Onboard/install/sllidar_ros2/share/sllidar_ros2/cmake/ament_cmake_export_dependencies-extras.cmake\n'}
[265.108556] (-) TimerEvent: {}
[265.137163] (sllidar_ros2) StdoutLine: {'line': b'-- Symlinking: /home/arno/RoombaV2Onboard/install/sllidar_ros2/share/sllidar_ros2/cmake/ament_cmake_export_include_directories-extras.cmake\n'}
[265.197669] (sllidar_ros2) StdoutLine: {'line': b'-- Symlinking: /home/arno/RoombaV2Onboard/install/sllidar_ros2/share/sllidar_ros2/cmake/sllidar_ros2Config.cmake\n'}
[265.208838] (-) TimerEvent: {}
[265.257509] (sllidar_ros2) StdoutLine: {'line': b'-- Symlinking: /home/arno/RoombaV2Onboard/install/sllidar_ros2/share/sllidar_ros2/cmake/sllidar_ros2Config-version.cmake\n'}
[265.309131] (-) TimerEvent: {}
[265.321549] (sllidar_ros2) StdoutLine: {'line': b'-- Symlinking: /home/arno/RoombaV2Onboard/install/sllidar_ros2/share/sllidar_ros2/package.xml\n'}
[265.401095] (sllidar_ros2) CommandEnded: {'returncode': 0}
[265.434077] (-) TimerEvent: {}
[265.541295] (-) TimerEvent: {}
[265.702779] (-) TimerEvent: {}
[265.824422] (-) TimerEvent: {}
[265.931844] (-) TimerEvent: {}
[266.037963] (-) TimerEvent: {}
[266.139328] (-) TimerEvent: {}
[266.240472] (-) TimerEvent: {}
[266.341715] (-) TimerEvent: {}
[266.442903] (-) TimerEvent: {}
[266.544007] (-) TimerEvent: {}
[266.645298] (-) TimerEvent: {}
[266.753627] (-) TimerEvent: {}
[266.849346] (sllidar_ros2) JobEnded: {'identifier': 'sllidar_ros2', 'rc': 0}
[266.993298] (-) TimerEvent: {}
[266.995529] (-) EventReactorShutdown: {}
