[0.000000] (-) TimerEvent: {}
[0.001742] (RoverReceive) JobQueued: {'identifier': 'RoverReceive', 'dependencies': OrderedDict()}
[0.002223] (mode_manager) JobQueued: {'identifier': 'mode_manager', 'dependencies': OrderedDict()}
[0.002407] (rf2o_laser_odometry) JobQueued: {'identifier': 'rf2o_laser_odometry', 'dependencies': OrderedDict()}
[0.002675] (roombav2) JobQueued: {'identifier': 'roombav2', 'dependencies': OrderedDict()}
[0.002823] (sllidar_ros2) JobQueued: {'identifier': 'sllidar_ros2', 'dependencies': OrderedDict()}
[0.002920] (RoverReceive) JobStarted: {'identifier': 'RoverReceive'}
[0.047138] (mode_manager) JobStarted: {'identifier': 'mode_manager'}
[0.069025] (rf2o_laser_odometry) JobStarted: {'identifier': 'rf2o_laser_odometry'}
[0.085168] (roombav2) JobStarted: {'identifier': 'roombav2'}
[0.098623] (-) TimerEvent: {}
[0.199294] (-) TimerEvent: {}
[0.299974] (-) TimerEvent: {}
[0.400684] (-) TimerEvent: {}
[0.501322] (-) TimerEvent: {}
[0.601978] (-) TimerEvent: {}
[0.702564] (-) TimerEvent: {}
[0.803200] (-) TimerEvent: {}
[0.903851] (-) TimerEvent: {}
[1.004511] (-) TimerEvent: {}
[1.105247] (-) TimerEvent: {}
[1.206306] (-) TimerEvent: {}
[1.306982] (-) TimerEvent: {}
[1.407657] (-) TimerEvent: {}
[1.508281] (-) TimerEvent: {}
[1.608888] (-) TimerEvent: {}
[1.709535] (-) TimerEvent: {}
[1.810426] (-) TimerEvent: {}
[1.911033] (-) TimerEvent: {}
[2.011641] (-) TimerEvent: {}
[2.112375] (-) TimerEvent: {}
[2.173144] (rf2o_laser_odometry) JobProgress: {'identifier': 'rf2o_laser_odometry', 'progress': 'cmake'}
[2.174360] (rf2o_laser_odometry) Command: {'cmd': ['/usr/bin/cmake', '/home/arno/RoombaV2Onboard/src/rf2o_laser_odometry', '-DCMAKE_INSTALL_PREFIX=/home/arno/RoombaV2Onboard/install/rf2o_laser_odometry'], 'cwd': '/home/arno/RoombaV2Onboard/build/rf2o_laser_odometry', 'env': OrderedDict([('LESSOPEN', '| /usr/bin/lesspipe %s'), ('USER', 'arno'), ('SSH_CLIENT', '192.168.30.158 60528 22'), ('LC_TIME', 'de_CH.UTF-8'), ('XDG_SESSION_TYPE', 'tty'), ('SHLVL', '1'), ('LD_LIBRARY_PATH', '/opt/ros/humble/opt/rviz_ogre_vendor/lib:/opt/ros/humble/lib/aarch64-linux-gnu:/opt/ros/humble/lib'), ('MOTD_SHOWN', 'pam'), ('HOME', '/home/arno'), ('OLDPWD', '/home/arno'), ('SSH_TTY', '/dev/pts/0'), ('ROS_PYTHON_VERSION', '3'), ('LC_MONETARY', 'de_CH.UTF-8'), ('DBUS_SESSION_BUS_ADDRESS', 'unix:path=/run/user/1000/bus'), ('ROS_DISTRO', 'humble'), ('LOGNAME', 'arno'), ('_', '/usr/bin/colcon'), ('ROS_VERSION', '2'), ('XDG_SESSION_CLASS', 'user'), ('TERM', 'xterm-256color'), ('XDG_SESSION_ID', '1'), ('ROS_LOCALHOST_ONLY', '0'), ('PATH', '/opt/ros/humble/bin:/usr/local/sbin:/usr/local/bin:/usr/sbin:/usr/bin:/sbin:/bin:/usr/games:/usr/local/games:/snap/bin'), ('LC_ADDRESS', 'de_CH.UTF-8'), ('XDG_RUNTIME_DIR', '/run/user/1000'), ('LANG', 'en_US.UTF-8'), ('LC_TELEPHONE', 'de_CH.UTF-8'), ('LS_COLORS', 'rs=0:di=01;34:ln=01;36:mh=00:pi=40;33:so=01;35:do=01;35:bd=40;33;01:cd=40;33;01:or=40;31;01:mi=00:su=37;41:sg=30;43:ca=30;41:tw=30;42:ow=34;42:st=37;44:ex=01;32:*.tar=01;31:*.tgz=01;31:*.arc=01;31:*.arj=01;31:*.taz=01;31:*.lha=01;31:*.lz4=01;31:*.lzh=01;31:*.lzma=01;31:*.tlz=01;31:*.txz=01;31:*.tzo=01;31:*.t7z=01;31:*.zip=01;31:*.z=01;31:*.dz=01;31:*.gz=01;31:*.lrz=01;31:*.lz=01;31:*.lzo=01;31:*.xz=01;31:*.zst=01;31:*.tzst=01;31:*.bz2=01;31:*.bz=01;31:*.tbz=01;31:*.tbz2=01;31:*.tz=01;31:*.deb=01;31:*.rpm=01;31:*.jar=01;31:*.war=01;31:*.ear=01;31:*.sar=01;31:*.rar=01;31:*.alz=01;31:*.ace=01;31:*.zoo=01;31:*.cpio=01;31:*.7z=01;31:*.rz=01;31:*.cab=01;31:*.wim=01;31:*.swm=01;31:*.dwm=01;31:*.esd=01;31:*.jpg=01;35:*.jpeg=01;35:*.mjpg=01;35:*.mjpeg=01;35:*.gif=01;35:*.bmp=01;35:*.pbm=01;35:*.pgm=01;35:*.ppm=01;35:*.tga=01;35:*.xbm=01;35:*.xpm=01;35:*.tif=01;35:*.tiff=01;35:*.png=01;35:*.svg=01;35:*.svgz=01;35:*.mng=01;35:*.pcx=01;35:*.mov=01;35:*.mpg=01;35:*.mpeg=01;35:*.m2v=01;35:*.mkv=01;35:*.webm=01;35:*.webp=01;35:*.ogm=01;35:*.mp4=01;35:*.m4v=01;35:*.mp4v=01;35:*.vob=01;35:*.qt=01;35:*.nuv=01;35:*.wmv=01;35:*.asf=01;35:*.rm=01;35:*.rmvb=01;35:*.flc=01;35:*.avi=01;35:*.fli=01;35:*.flv=01;35:*.gl=01;35:*.dl=01;35:*.xcf=01;35:*.xwd=01;35:*.yuv=01;35:*.cgm=01;35:*.emf=01;35:*.ogv=01;35:*.ogx=01;35:*.aac=00;36:*.au=00;36:*.flac=00;36:*.m4a=00;36:*.mid=00;36:*.midi=00;36:*.mka=00;36:*.mp3=00;36:*.mpc=00;36:*.ogg=00;36:*.ra=00;36:*.wav=00;36:*.oga=00;36:*.opus=00;36:*.spx=00;36:*.xspf=00;36:'), ('AMENT_PREFIX_PATH', '/opt/ros/humble'), ('SHELL', '/bin/bash'), ('LC_NAME', 'de_CH.UTF-8'), ('LESSCLOSE', '/usr/bin/lesspipe %s %s'), ('LC_MEASUREMENT', 'de_CH.UTF-8'), ('LC_IDENTIFICATION', 'de_CH.UTF-8'), ('PWD', '/home/arno/RoombaV2Onboard/build/rf2o_laser_odometry'), ('LC_ALL', 'en_US.UTF-8'), ('SSH_CONNECTION', '192.168.30.158 60528 192.168.30.79 22'), ('XDG_DATA_DIRS', '/usr/local/share:/usr/share:/var/lib/snapd/desktop'), ('PYTHONPATH', '/opt/ros/humble/lib/python3.10/site-packages:/opt/ros/humble/local/lib/python3.10/dist-packages'), ('LC_NUMERIC', 'de_CH.UTF-8'), ('LC_PAPER', 'de_CH.UTF-8'), ('COLCON', '1'), ('CMAKE_PREFIX_PATH', '/opt/ros/humble')]), 'shell': False}
[2.212553] (-) TimerEvent: {}
[2.313312] (-) TimerEvent: {}
[2.414031] (-) TimerEvent: {}
[2.514724] (-) TimerEvent: {}
[2.615387] (-) TimerEvent: {}
[2.716056] (-) TimerEvent: {}
[2.816755] (-) TimerEvent: {}
[2.917397] (-) TimerEvent: {}
[3.018087] (-) TimerEvent: {}
[3.118736] (-) TimerEvent: {}
[3.219522] (-) TimerEvent: {}
[3.320661] (-) TimerEvent: {}
[3.421983] (-) TimerEvent: {}
[3.524172] (-) TimerEvent: {}
[3.626672] (-) TimerEvent: {}
[3.728590] (-) TimerEvent: {}
[3.830454] (-) TimerEvent: {}
[3.932681] (-) TimerEvent: {}
[4.034547] (-) TimerEvent: {}
[4.136547] (-) TimerEvent: {}
[4.238428] (-) TimerEvent: {}
[4.340197] (-) TimerEvent: {}
[4.441835] (-) TimerEvent: {}
[4.543992] (-) TimerEvent: {}
[4.646125] (-) TimerEvent: {}
[4.751360] (-) TimerEvent: {}
[4.852641] (-) TimerEvent: {}
[4.953893] (-) TimerEvent: {}
[5.054852] (-) TimerEvent: {}
[5.156065] (-) TimerEvent: {}
[5.257157] (-) TimerEvent: {}
[5.358488] (-) TimerEvent: {}
[5.459662] (-) TimerEvent: {}
[5.560513] (-) TimerEvent: {}
[5.661727] (-) TimerEvent: {}
[5.762529] (-) TimerEvent: {}
[5.863735] (-) TimerEvent: {}
[5.964665] (-) TimerEvent: {}
[6.065939] (-) TimerEvent: {}
[6.166818] (-) TimerEvent: {}
[6.199023] (rf2o_laser_odometry) StdoutLine: {'line': b'-- The C compiler identification is GNU 11.4.0\n'}
[6.267095] (-) TimerEvent: {}
[6.368301] (-) TimerEvent: {}
[6.469114] (-) TimerEvent: {}
[6.570059] (-) TimerEvent: {}
[6.670950] (-) TimerEvent: {}
[6.771819] (-) TimerEvent: {}
[6.872823] (-) TimerEvent: {}
[6.973834] (-) TimerEvent: {}
[7.074740] (-) TimerEvent: {}
[7.175940] (-) TimerEvent: {}
[7.276886] (-) TimerEvent: {}
[7.377732] (-) TimerEvent: {}
[7.417958] (rf2o_laser_odometry) StdoutLine: {'line': b'-- The CXX compiler identification is GNU 11.4.0\n'}
[7.478013] (-) TimerEvent: {}
[7.579196] (-) TimerEvent: {}
[7.584016] (rf2o_laser_odometry) StdoutLine: {'line': b'-- Detecting C compiler ABI info\n'}
[7.679426] (-) TimerEvent: {}
[7.780512] (-) TimerEvent: {}
[7.881764] (-) TimerEvent: {}
[7.983007] (-) TimerEvent: {}
[8.083825] (-) TimerEvent: {}
[8.181874] (rf2o_laser_odometry) StdoutLine: {'line': b'-- Detecting C compiler ABI info - done\n'}
[8.184028] (-) TimerEvent: {}
[8.207724] (rf2o_laser_odometry) StdoutLine: {'line': b'-- Check for working C compiler: /usr/bin/cc - skipped\n'}
[8.269374] (rf2o_laser_odometry) StdoutLine: {'line': b'-- Detecting C compile features\n'}
[8.275972] (rf2o_laser_odometry) StdoutLine: {'line': b'-- Detecting C compile features - done\n'}
[8.284212] (-) TimerEvent: {}
[8.384935] (-) TimerEvent: {}
[8.485857] (-) TimerEvent: {}
[8.518132] (rf2o_laser_odometry) StdoutLine: {'line': b'-- Detecting CXX compiler ABI info\n'}
[8.586068] (-) TimerEvent: {}
[8.686982] (-) TimerEvent: {}
[8.788271] (-) TimerEvent: {}
[8.889038] (-) TimerEvent: {}
[8.989892] (-) TimerEvent: {}
[9.062960] (rf2o_laser_odometry) StdoutLine: {'line': b'-- Detecting CXX compiler ABI info - done\n'}
[9.089160] (rf2o_laser_odometry) StdoutLine: {'line': b'-- Check for working CXX compiler: /usr/bin/c++ - skipped\n'}
[9.089918] (-) TimerEvent: {}
[9.090510] (rf2o_laser_odometry) StdoutLine: {'line': b'-- Detecting CXX compile features\n'}
[9.091872] (rf2o_laser_odometry) StdoutLine: {'line': b'-- Detecting CXX compile features - done\n'}
[9.190104] (-) TimerEvent: {}
[9.290866] (-) TimerEvent: {}
[9.392107] (-) TimerEvent: {}
[9.406478] (rf2o_laser_odometry) StdoutLine: {'line': b'-- Found ament_cmake: 1.3.10 (/opt/ros/humble/share/ament_cmake/cmake)\n'}
[9.492261] (-) TimerEvent: {}
[9.592981] (-) TimerEvent: {}
[9.694062] (-) TimerEvent: {}
[9.795675] (-) TimerEvent: {}
[9.896852] (-) TimerEvent: {}
[9.997831] (-) TimerEvent: {}
[10.099064] (-) TimerEvent: {}
[10.200078] (-) TimerEvent: {}
[10.302042] (-) TimerEvent: {}
[10.402875] (-) TimerEvent: {}
[10.503678] (-) TimerEvent: {}
[10.604879] (-) TimerEvent: {}
[10.705755] (-) TimerEvent: {}
[10.806539] (-) TimerEvent: {}
[10.907240] (-) TimerEvent: {}
[11.007984] (-) TimerEvent: {}
[11.068396] (rf2o_laser_odometry) StdoutLine: {'line': b'-- Found Python3: /usr/bin/python3 (found version "3.10.12") found components: Interpreter \n'}
[11.108255] (-) TimerEvent: {}
[11.209440] (-) TimerEvent: {}
[11.310282] (-) TimerEvent: {}
[11.411535] (-) TimerEvent: {}
[11.512799] (-) TimerEvent: {}
[11.614025] (-) TimerEvent: {}
[11.714768] (-) TimerEvent: {}
[11.815765] (-) TimerEvent: {}
[11.917260] (-) TimerEvent: {}
[12.021744] (-) TimerEvent: {}
[12.124238] (-) TimerEvent: {}
[12.208264] (RoverReceive) Command: {'cmd': ['/usr/bin/python3', '-W', 'ignore:setup.py install is deprecated', 'setup.py', 'egg_info', '--egg-base', '../../build/RoverReceive', 'build', '--build-base', '/home/arno/RoombaV2Onboard/build/RoverReceive/build', 'install', '--record', '/home/arno/RoombaV2Onboard/build/RoverReceive/install.log', '--single-version-externally-managed', 'install_data'], 'cwd': '/home/arno/RoombaV2Onboard/src/RoverReceive', 'env': {'LESSOPEN': '| /usr/bin/lesspipe %s', 'USER': 'arno', 'SSH_CLIENT': '192.168.30.158 60528 22', 'LC_TIME': 'de_CH.UTF-8', 'XDG_SESSION_TYPE': 'tty', 'SHLVL': '1', 'LD_LIBRARY_PATH': '/opt/ros/humble/opt/rviz_ogre_vendor/lib:/opt/ros/humble/lib/aarch64-linux-gnu:/opt/ros/humble/lib', 'MOTD_SHOWN': 'pam', 'HOME': '/home/arno', 'OLDPWD': '/home/arno', 'SSH_TTY': '/dev/pts/0', 'ROS_PYTHON_VERSION': '3', 'LC_MONETARY': 'de_CH.UTF-8', 'DBUS_SESSION_BUS_ADDRESS': 'unix:path=/run/user/1000/bus', 'ROS_DISTRO': 'humble', 'LOGNAME': 'arno', '_': '/usr/bin/colcon', 'ROS_VERSION': '2', 'XDG_SESSION_CLASS': 'user', 'TERM': 'xterm-256color', 'XDG_SESSION_ID': '1', 'ROS_LOCALHOST_ONLY': '0', 'PATH': '/opt/ros/humble/bin:/usr/local/sbin:/usr/local/bin:/usr/sbin:/usr/bin:/sbin:/bin:/usr/games:/usr/local/games:/snap/bin', 'LC_ADDRESS': 'de_CH.UTF-8', 'XDG_RUNTIME_DIR': '/run/user/1000', 'LANG': 'en_US.UTF-8', 'LC_TELEPHONE': 'de_CH.UTF-8', 'LS_COLORS': 'rs=0:di=01;34:ln=01;36:mh=00:pi=40;33:so=01;35:do=01;35:bd=40;33;01:cd=40;33;01:or=40;31;01:mi=00:su=37;41:sg=30;43:ca=30;41:tw=30;42:ow=34;42:st=37;44:ex=01;32:*.tar=01;31:*.tgz=01;31:*.arc=01;31:*.arj=01;31:*.taz=01;31:*.lha=01;31:*.lz4=01;31:*.lzh=01;31:*.lzma=01;31:*.tlz=01;31:*.txz=01;31:*.tzo=01;31:*.t7z=01;31:*.zip=01;31:*.z=01;31:*.dz=01;31:*.gz=01;31:*.lrz=01;31:*.lz=01;31:*.lzo=01;31:*.xz=01;31:*.zst=01;31:*.tzst=01;31:*.bz2=01;31:*.bz=01;31:*.tbz=01;31:*.tbz2=01;31:*.tz=01;31:*.deb=01;31:*.rpm=01;31:*.jar=01;31:*.war=01;31:*.ear=01;31:*.sar=01;31:*.rar=01;31:*.alz=01;31:*.ace=01;31:*.zoo=01;31:*.cpio=01;31:*.7z=01;31:*.rz=01;31:*.cab=01;31:*.wim=01;31:*.swm=01;31:*.dwm=01;31:*.esd=01;31:*.jpg=01;35:*.jpeg=01;35:*.mjpg=01;35:*.mjpeg=01;35:*.gif=01;35:*.bmp=01;35:*.pbm=01;35:*.pgm=01;35:*.ppm=01;35:*.tga=01;35:*.xbm=01;35:*.xpm=01;35:*.tif=01;35:*.tiff=01;35:*.png=01;35:*.svg=01;35:*.svgz=01;35:*.mng=01;35:*.pcx=01;35:*.mov=01;35:*.mpg=01;35:*.mpeg=01;35:*.m2v=01;35:*.mkv=01;35:*.webm=01;35:*.webp=01;35:*.ogm=01;35:*.mp4=01;35:*.m4v=01;35:*.mp4v=01;35:*.vob=01;35:*.qt=01;35:*.nuv=01;35:*.wmv=01;35:*.asf=01;35:*.rm=01;35:*.rmvb=01;35:*.flc=01;35:*.avi=01;35:*.fli=01;35:*.flv=01;35:*.gl=01;35:*.dl=01;35:*.xcf=01;35:*.xwd=01;35:*.yuv=01;35:*.cgm=01;35:*.emf=01;35:*.ogv=01;35:*.ogx=01;35:*.aac=00;36:*.au=00;36:*.flac=00;36:*.m4a=00;36:*.mid=00;36:*.midi=00;36:*.mka=00;36:*.mp3=00;36:*.mpc=00;36:*.ogg=00;36:*.ra=00;36:*.wav=00;36:*.oga=00;36:*.opus=00;36:*.spx=00;36:*.xspf=00;36:', 'AMENT_PREFIX_PATH': '/opt/ros/humble', 'SHELL': '/bin/bash', 'LC_NAME': 'de_CH.UTF-8', 'LESSCLOSE': '/usr/bin/lesspipe %s %s', 'LC_MEASUREMENT': 'de_CH.UTF-8', 'LC_IDENTIFICATION': 'de_CH.UTF-8', 'PWD': '/home/arno/RoombaV2Onboard/build/RoverReceive', 'LC_ALL': 'en_US.UTF-8', 'SSH_CONNECTION': '192.168.30.158 60528 192.168.30.79 22', 'XDG_DATA_DIRS': '/usr/local/share:/usr/share:/var/lib/snapd/desktop', 'PYTHONPATH': '/home/arno/RoombaV2Onboard/build/RoverReceive/prefix_override:/usr/lib/python3/dist-packages/colcon_core/task/python/colcon_distutils_commands:/home/arno/RoombaV2Onboard/install/RoverReceive/lib/python3.10/site-packages:/opt/ros/humble/lib/python3.10/site-packages:/opt/ros/humble/local/lib/python3.10/dist-packages', 'LC_NUMERIC': 'de_CH.UTF-8', 'LC_PAPER': 'de_CH.UTF-8', 'COLCON': '1'}, 'shell': False}
[12.229910] (-) TimerEvent: {}
[12.231124] (roombav2) Command: {'cmd': ['/usr/bin/python3', '-W', 'ignore:setup.py install is deprecated', 'setup.py', 'egg_info', '--egg-base', '../../build/roombav2', 'build', '--build-base', '/home/arno/RoombaV2Onboard/build/roombav2/build', 'install', '--record', '/home/arno/RoombaV2Onboard/build/roombav2/install.log', '--single-version-externally-managed', 'install_data'], 'cwd': '/home/arno/RoombaV2Onboard/src/roombav2', 'env': {'LESSOPEN': '| /usr/bin/lesspipe %s', 'USER': 'arno', 'SSH_CLIENT': '192.168.30.158 60528 22', 'LC_TIME': 'de_CH.UTF-8', 'XDG_SESSION_TYPE': 'tty', 'SHLVL': '1', 'LD_LIBRARY_PATH': '/opt/ros/humble/opt/rviz_ogre_vendor/lib:/opt/ros/humble/lib/aarch64-linux-gnu:/opt/ros/humble/lib', 'MOTD_SHOWN': 'pam', 'HOME': '/home/arno', 'OLDPWD': '/home/arno', 'SSH_TTY': '/dev/pts/0', 'ROS_PYTHON_VERSION': '3', 'LC_MONETARY': 'de_CH.UTF-8', 'DBUS_SESSION_BUS_ADDRESS': 'unix:path=/run/user/1000/bus', 'ROS_DISTRO': 'humble', 'LOGNAME': 'arno', '_': '/usr/bin/colcon', 'ROS_VERSION': '2', 'XDG_SESSION_CLASS': 'user', 'TERM': 'xterm-256color', 'XDG_SESSION_ID': '1', 'ROS_LOCALHOST_ONLY': '0', 'PATH': '/opt/ros/humble/bin:/usr/local/sbin:/usr/local/bin:/usr/sbin:/usr/bin:/sbin:/bin:/usr/games:/usr/local/games:/snap/bin', 'LC_ADDRESS': 'de_CH.UTF-8', 'XDG_RUNTIME_DIR': '/run/user/1000', 'LANG': 'en_US.UTF-8', 'LC_TELEPHONE': 'de_CH.UTF-8', 'LS_COLORS': 'rs=0:di=01;34:ln=01;36:mh=00:pi=40;33:so=01;35:do=01;35:bd=40;33;01:cd=40;33;01:or=40;31;01:mi=00:su=37;41:sg=30;43:ca=30;41:tw=30;42:ow=34;42:st=37;44:ex=01;32:*.tar=01;31:*.tgz=01;31:*.arc=01;31:*.arj=01;31:*.taz=01;31:*.lha=01;31:*.lz4=01;31:*.lzh=01;31:*.lzma=01;31:*.tlz=01;31:*.txz=01;31:*.tzo=01;31:*.t7z=01;31:*.zip=01;31:*.z=01;31:*.dz=01;31:*.gz=01;31:*.lrz=01;31:*.lz=01;31:*.lzo=01;31:*.xz=01;31:*.zst=01;31:*.tzst=01;31:*.bz2=01;31:*.bz=01;31:*.tbz=01;31:*.tbz2=01;31:*.tz=01;31:*.deb=01;31:*.rpm=01;31:*.jar=01;31:*.war=01;31:*.ear=01;31:*.sar=01;31:*.rar=01;31:*.alz=01;31:*.ace=01;31:*.zoo=01;31:*.cpio=01;31:*.7z=01;31:*.rz=01;31:*.cab=01;31:*.wim=01;31:*.swm=01;31:*.dwm=01;31:*.esd=01;31:*.jpg=01;35:*.jpeg=01;35:*.mjpg=01;35:*.mjpeg=01;35:*.gif=01;35:*.bmp=01;35:*.pbm=01;35:*.pgm=01;35:*.ppm=01;35:*.tga=01;35:*.xbm=01;35:*.xpm=01;35:*.tif=01;35:*.tiff=01;35:*.png=01;35:*.svg=01;35:*.svgz=01;35:*.mng=01;35:*.pcx=01;35:*.mov=01;35:*.mpg=01;35:*.mpeg=01;35:*.m2v=01;35:*.mkv=01;35:*.webm=01;35:*.webp=01;35:*.ogm=01;35:*.mp4=01;35:*.m4v=01;35:*.mp4v=01;35:*.vob=01;35:*.qt=01;35:*.nuv=01;35:*.wmv=01;35:*.asf=01;35:*.rm=01;35:*.rmvb=01;35:*.flc=01;35:*.avi=01;35:*.fli=01;35:*.flv=01;35:*.gl=01;35:*.dl=01;35:*.xcf=01;35:*.xwd=01;35:*.yuv=01;35:*.cgm=01;35:*.emf=01;35:*.ogv=01;35:*.ogx=01;35:*.aac=00;36:*.au=00;36:*.flac=00;36:*.m4a=00;36:*.mid=00;36:*.midi=00;36:*.mka=00;36:*.mp3=00;36:*.mpc=00;36:*.ogg=00;36:*.ra=00;36:*.wav=00;36:*.oga=00;36:*.opus=00;36:*.spx=00;36:*.xspf=00;36:', 'AMENT_PREFIX_PATH': '/opt/ros/humble', 'SHELL': '/bin/bash', 'LC_NAME': 'de_CH.UTF-8', 'LESSCLOSE': '/usr/bin/lesspipe %s %s', 'LC_MEASUREMENT': 'de_CH.UTF-8', 'LC_IDENTIFICATION': 'de_CH.UTF-8', 'PWD': '/home/arno/RoombaV2Onboard/build/roombav2', 'LC_ALL': 'en_US.UTF-8', 'SSH_CONNECTION': '192.168.30.158 60528 192.168.30.79 22', 'XDG_DATA_DIRS': '/usr/local/share:/usr/share:/var/lib/snapd/desktop', 'PYTHONPATH': '/home/arno/RoombaV2Onboard/build/roombav2/prefix_override:/usr/lib/python3/dist-packages/colcon_core/task/python/colcon_distutils_commands:/home/arno/RoombaV2Onboard/install/roombav2/lib/python3.10/site-packages:/opt/ros/humble/lib/python3.10/site-packages:/opt/ros/humble/local/lib/python3.10/dist-packages', 'LC_NUMERIC': 'de_CH.UTF-8', 'LC_PAPER': 'de_CH.UTF-8', 'COLCON': '1'}, 'shell': False}
[12.245994] (mode_manager) Command: {'cmd': ['/usr/bin/python3', '-W', 'ignore:setup.py install is deprecated', 'setup.py', 'egg_info', '--egg-base', '../../build/mode_manager', 'build', '--build-base', '/home/arno/RoombaV2Onboard/build/mode_manager/build', 'install', '--record', '/home/arno/RoombaV2Onboard/build/mode_manager/install.log', '--single-version-externally-managed', 'install_data'], 'cwd': '/home/arno/RoombaV2Onboard/src/mode_manager', 'env': {'LESSOPEN': '| /usr/bin/lesspipe %s', 'USER': 'arno', 'SSH_CLIENT': '192.168.30.158 60528 22', 'LC_TIME': 'de_CH.UTF-8', 'XDG_SESSION_TYPE': 'tty', 'SHLVL': '1', 'LD_LIBRARY_PATH': '/opt/ros/humble/opt/rviz_ogre_vendor/lib:/opt/ros/humble/lib/aarch64-linux-gnu:/opt/ros/humble/lib', 'MOTD_SHOWN': 'pam', 'HOME': '/home/arno', 'OLDPWD': '/home/arno', 'SSH_TTY': '/dev/pts/0', 'ROS_PYTHON_VERSION': '3', 'LC_MONETARY': 'de_CH.UTF-8', 'DBUS_SESSION_BUS_ADDRESS': 'unix:path=/run/user/1000/bus', 'ROS_DISTRO': 'humble', 'LOGNAME': 'arno', '_': '/usr/bin/colcon', 'ROS_VERSION': '2', 'XDG_SESSION_CLASS': 'user', 'TERM': 'xterm-256color', 'XDG_SESSION_ID': '1', 'ROS_LOCALHOST_ONLY': '0', 'PATH': '/opt/ros/humble/bin:/usr/local/sbin:/usr/local/bin:/usr/sbin:/usr/bin:/sbin:/bin:/usr/games:/usr/local/games:/snap/bin', 'LC_ADDRESS': 'de_CH.UTF-8', 'XDG_RUNTIME_DIR': '/run/user/1000', 'LANG': 'en_US.UTF-8', 'LC_TELEPHONE': 'de_CH.UTF-8', 'LS_COLORS': 'rs=0:di=01;34:ln=01;36:mh=00:pi=40;33:so=01;35:do=01;35:bd=40;33;01:cd=40;33;01:or=40;31;01:mi=00:su=37;41:sg=30;43:ca=30;41:tw=30;42:ow=34;42:st=37;44:ex=01;32:*.tar=01;31:*.tgz=01;31:*.arc=01;31:*.arj=01;31:*.taz=01;31:*.lha=01;31:*.lz4=01;31:*.lzh=01;31:*.lzma=01;31:*.tlz=01;31:*.txz=01;31:*.tzo=01;31:*.t7z=01;31:*.zip=01;31:*.z=01;31:*.dz=01;31:*.gz=01;31:*.lrz=01;31:*.lz=01;31:*.lzo=01;31:*.xz=01;31:*.zst=01;31:*.tzst=01;31:*.bz2=01;31:*.bz=01;31:*.tbz=01;31:*.tbz2=01;31:*.tz=01;31:*.deb=01;31:*.rpm=01;31:*.jar=01;31:*.war=01;31:*.ear=01;31:*.sar=01;31:*.rar=01;31:*.alz=01;31:*.ace=01;31:*.zoo=01;31:*.cpio=01;31:*.7z=01;31:*.rz=01;31:*.cab=01;31:*.wim=01;31:*.swm=01;31:*.dwm=01;31:*.esd=01;31:*.jpg=01;35:*.jpeg=01;35:*.mjpg=01;35:*.mjpeg=01;35:*.gif=01;35:*.bmp=01;35:*.pbm=01;35:*.pgm=01;35:*.ppm=01;35:*.tga=01;35:*.xbm=01;35:*.xpm=01;35:*.tif=01;35:*.tiff=01;35:*.png=01;35:*.svg=01;35:*.svgz=01;35:*.mng=01;35:*.pcx=01;35:*.mov=01;35:*.mpg=01;35:*.mpeg=01;35:*.m2v=01;35:*.mkv=01;35:*.webm=01;35:*.webp=01;35:*.ogm=01;35:*.mp4=01;35:*.m4v=01;35:*.mp4v=01;35:*.vob=01;35:*.qt=01;35:*.nuv=01;35:*.wmv=01;35:*.asf=01;35:*.rm=01;35:*.rmvb=01;35:*.flc=01;35:*.avi=01;35:*.fli=01;35:*.flv=01;35:*.gl=01;35:*.dl=01;35:*.xcf=01;35:*.xwd=01;35:*.yuv=01;35:*.cgm=01;35:*.emf=01;35:*.ogv=01;35:*.ogx=01;35:*.aac=00;36:*.au=00;36:*.flac=00;36:*.m4a=00;36:*.mid=00;36:*.midi=00;36:*.mka=00;36:*.mp3=00;36:*.mpc=00;36:*.ogg=00;36:*.ra=00;36:*.wav=00;36:*.oga=00;36:*.opus=00;36:*.spx=00;36:*.xspf=00;36:', 'AMENT_PREFIX_PATH': '/opt/ros/humble', 'SHELL': '/bin/bash', 'LC_NAME': 'de_CH.UTF-8', 'LESSCLOSE': '/usr/bin/lesspipe %s %s', 'LC_MEASUREMENT': 'de_CH.UTF-8', 'LC_IDENTIFICATION': 'de_CH.UTF-8', 'PWD': '/home/arno/RoombaV2Onboard/build/mode_manager', 'LC_ALL': 'en_US.UTF-8', 'SSH_CONNECTION': '192.168.30.158 60528 192.168.30.79 22', 'XDG_DATA_DIRS': '/usr/local/share:/usr/share:/var/lib/snapd/desktop', 'PYTHONPATH': '/home/arno/RoombaV2Onboard/build/mode_manager/prefix_override:/usr/lib/python3/dist-packages/colcon_core/task/python/colcon_distutils_commands:/home/arno/RoombaV2Onboard/install/mode_manager/lib/python3.10/site-packages:/opt/ros/humble/lib/python3.10/site-packages:/opt/ros/humble/local/lib/python3.10/dist-packages', 'LC_NUMERIC': 'de_CH.UTF-8', 'LC_PAPER': 'de_CH.UTF-8', 'COLCON': '1'}, 'shell': False}
[12.330096] (-) TimerEvent: {}
[12.430906] (-) TimerEvent: {}
[12.532743] (-) TimerEvent: {}
[12.634731] (-) TimerEvent: {}
[12.736570] (-) TimerEvent: {}
[12.838185] (-) TimerEvent: {}
[12.939522] (-) TimerEvent: {}
[13.041058] (-) TimerEvent: {}
[13.142707] (-) TimerEvent: {}
[13.244243] (-) TimerEvent: {}
[13.345826] (-) TimerEvent: {}
[13.447428] (-) TimerEvent: {}
[13.539879] (roombav2) StdoutLine: {'line': b'running egg_info\n'}
[13.542777] (roombav2) StdoutLine: {'line': b'creating ../../build/roombav2/roombav2.egg-info\n'}
[13.543972] (roombav2) StdoutLine: {'line': b'writing ../../build/roombav2/roombav2.egg-info/PKG-INFO\n'}
[13.545254] (roombav2) StdoutLine: {'line': b'writing dependency_links to ../../build/roombav2/roombav2.egg-info/dependency_links.txt\n'}
[13.546607] (roombav2) StdoutLine: {'line': b'writing entry points to ../../build/roombav2/roombav2.egg-info/entry_points.txt\n'}
[13.547594] (roombav2) StdoutLine: {'line': b'writing requirements to ../../build/roombav2/roombav2.egg-info/requires.txt\n'}
[13.548476] (-) TimerEvent: {}
[13.550336] (roombav2) StdoutLine: {'line': b'writing top-level names to ../../build/roombav2/roombav2.egg-info/top_level.txt\n'}
[13.550994] (RoverReceive) StdoutLine: {'line': b'running egg_info\n'}
[13.551759] (roombav2) StdoutLine: {'line': b"writing manifest file '../../build/roombav2/roombav2.egg-info/SOURCES.txt'\n"}
[13.552715] (RoverReceive) StdoutLine: {'line': b'creating ../../build/RoverReceive/RoverReceive.egg-info\n'}
[13.553687] (RoverReceive) StdoutLine: {'line': b'writing ../../build/RoverReceive/RoverReceive.egg-info/PKG-INFO\n'}
[13.555813] (RoverReceive) StdoutLine: {'line': b'writing dependency_links to ../../build/RoverReceive/RoverReceive.egg-info/dependency_links.txt\n'}
[13.557508] (RoverReceive) StdoutLine: {'line': b'writing entry points to ../../build/RoverReceive/RoverReceive.egg-info/entry_points.txt\n'}
[13.558455] (RoverReceive) StdoutLine: {'line': b'writing requirements to ../../build/RoverReceive/RoverReceive.egg-info/requires.txt\n'}
[13.559461] (RoverReceive) StdoutLine: {'line': b'writing top-level names to ../../build/RoverReceive/RoverReceive.egg-info/top_level.txt\n'}
[13.560074] (RoverReceive) StdoutLine: {'line': b"writing manifest file '../../build/RoverReceive/RoverReceive.egg-info/SOURCES.txt'\n"}
[13.561194] (roombav2) StdoutLine: {'line': b"reading manifest file '../../build/roombav2/roombav2.egg-info/SOURCES.txt'\n"}
[13.564737] (mode_manager) StdoutLine: {'line': b'running egg_info\n'}
[13.565977] (roombav2) StdoutLine: {'line': b"writing manifest file '../../build/roombav2/roombav2.egg-info/SOURCES.txt'\n"}
[13.567059] (roombav2) StdoutLine: {'line': b'running build\n'}
[13.568313] (roombav2) StdoutLine: {'line': b'running build_py\n'}
[13.569034] (roombav2) StdoutLine: {'line': b'creating /home/arno/RoombaV2Onboard/build/roombav2/build\n'}
[13.569599] (roombav2) StdoutLine: {'line': b'creating /home/arno/RoombaV2Onboard/build/roombav2/build/lib\n'}
[13.570282] (roombav2) StdoutLine: {'line': b'creating /home/arno/RoombaV2Onboard/build/roombav2/build/lib/roombav2\n'}
[13.570691] (mode_manager) StdoutLine: {'line': b'creating ../../build/mode_manager/mode_manager.egg-info\n'}
[13.571217] (RoverReceive) StdoutLine: {'line': b"reading manifest file '../../build/RoverReceive/RoverReceive.egg-info/SOURCES.txt'\n"}
[13.571623] (roombav2) StdoutLine: {'line': b'copying roombav2/encoder_reader.py -> /home/arno/RoombaV2Onboard/build/roombav2/build/lib/roombav2\n'}
[13.572137] (mode_manager) StdoutLine: {'line': b'writing ../../build/mode_manager/mode_manager.egg-info/PKG-INFO\n'}
[13.572683] (RoverReceive) StdoutLine: {'line': b"adding license file 'LICENSE'\n"}
[13.573392] (mode_manager) StdoutLine: {'line': b'writing dependency_links to ../../build/mode_manager/mode_manager.egg-info/dependency_links.txt\n'}
[13.574298] (mode_manager) StdoutLine: {'line': b'writing entry points to ../../build/mode_manager/mode_manager.egg-info/entry_points.txt\n'}
[13.574870] (RoverReceive) StdoutLine: {'line': b"writing manifest file '../../build/RoverReceive/RoverReceive.egg-info/SOURCES.txt'\n"}
[13.575424] (RoverReceive) StdoutLine: {'line': b'running build\n'}
[13.576125] (RoverReceive) StdoutLine: {'line': b'running build_py\n'}
[13.576460] (mode_manager) StdoutLine: {'line': b'writing requirements to ../../build/mode_manager/mode_manager.egg-info/requires.txt\n'}
[13.576765] (RoverReceive) StdoutLine: {'line': b'creating /home/arno/RoombaV2Onboard/build/RoverReceive/build\n'}
[13.577059] (mode_manager) StdoutLine: {'line': b'writing top-level names to ../../build/mode_manager/mode_manager.egg-info/top_level.txt\n'}
[13.577352] (RoverReceive) StdoutLine: {'line': b'creating /home/arno/RoombaV2Onboard/build/RoverReceive/build/lib\n'}
[13.577685] (RoverReceive) StdoutLine: {'line': b'creating /home/arno/RoombaV2Onboard/build/RoverReceive/build/lib/RoverReceive\n'}
[13.578014] (RoverReceive) StdoutLine: {'line': b'copying RoverReceive/__init__.py -> /home/arno/RoombaV2Onboard/build/RoverReceive/build/lib/RoverReceive\n'}
[13.578297] (mode_manager) StdoutLine: {'line': b"writing manifest file '../../build/mode_manager/mode_manager.egg-info/SOURCES.txt'\n"}
[13.578600] (RoverReceive) StdoutLine: {'line': b'copying RoverReceive/receive_node.py -> /home/arno/RoombaV2Onboard/build/RoverReceive/build/lib/RoverReceive\n'}
[13.583330] (mode_manager) StdoutLine: {'line': b"reading manifest file '../../build/mode_manager/mode_manager.egg-info/SOURCES.txt'\n"}
[13.586306] (mode_manager) StdoutLine: {'line': b"writing manifest file '../../build/mode_manager/mode_manager.egg-info/SOURCES.txt'\n"}
[13.586918] (mode_manager) StdoutLine: {'line': b'running build\n'}
[13.587278] (mode_manager) StdoutLine: {'line': b'running build_py\n'}
[13.587703] (mode_manager) StdoutLine: {'line': b'creating /home/arno/RoombaV2Onboard/build/mode_manager/build\n'}
[13.588206] (mode_manager) StdoutLine: {'line': b'creating /home/arno/RoombaV2Onboard/build/mode_manager/build/lib\n'}
[13.588610] (mode_manager) StdoutLine: {'line': b'creating /home/arno/RoombaV2Onboard/build/mode_manager/build/lib/mode_manager\n'}
[13.588915] (mode_manager) StdoutLine: {'line': b'copying mode_manager/__init__.py -> /home/arno/RoombaV2Onboard/build/mode_manager/build/lib/mode_manager\n'}
[13.589322] (mode_manager) StdoutLine: {'line': b'copying mode_manager/mode_manager.py -> /home/arno/RoombaV2Onboard/build/mode_manager/build/lib/mode_manager\n'}
[13.617877] (roombav2) StdoutLine: {'line': b'copying roombav2/__init__.py -> /home/arno/RoombaV2Onboard/build/roombav2/build/lib/roombav2\n'}
[13.630296] (mode_manager) StdoutLine: {'line': b'running install\n'}
[13.631505] (RoverReceive) StdoutLine: {'line': b'running install\n'}
[13.631972] (roombav2) StdoutLine: {'line': b'copying roombav2/motor_control.py -> /home/arno/RoombaV2Onboard/build/roombav2/build/lib/roombav2\n'}
[13.632389] (mode_manager) StdoutLine: {'line': b'running install_lib\n'}
[13.632771] (RoverReceive) StdoutLine: {'line': b'running install_lib\n'}
[13.633195] (roombav2) StdoutLine: {'line': b'copying roombav2/joystick_motor_controller.py -> /home/arno/RoombaV2Onboard/build/roombav2/build/lib/roombav2\n'}
[13.633596] (roombav2) StdoutLine: {'line': b'copying roombav2/nav2_motor_controller.py -> /home/arno/RoombaV2Onboard/build/roombav2/build/lib/roombav2\n'}
[13.634103] (mode_manager) StdoutLine: {'line': b'creating /home/arno/RoombaV2Onboard/install/mode_manager/lib/python3.10/site-packages/mode_manager\n'}
[13.634453] (mode_manager) StdoutLine: {'line': b'copying /home/arno/RoombaV2Onboard/build/mode_manager/build/lib/mode_manager/__init__.py -> /home/arno/RoombaV2Onboard/install/mode_manager/lib/python3.10/site-packages/mode_manager\n'}
[13.634865] (roombav2) StdoutLine: {'line': b'copying roombav2/pwm_open_loop.py -> /home/arno/RoombaV2Onboard/build/roombav2/build/lib/roombav2\n'}
[13.635426] (roombav2) StdoutLine: {'line': b'copying roombav2/system_info.py -> /home/arno/RoombaV2Onboard/build/roombav2/build/lib/roombav2\n'}
[13.635998] (RoverReceive) StdoutLine: {'line': b'creating /home/arno/RoombaV2Onboard/install/RoverReceive/lib/python3.10/site-packages/RoverReceive\n'}
[13.636468] (RoverReceive) StdoutLine: {'line': b'copying /home/arno/RoombaV2Onboard/build/RoverReceive/build/lib/RoverReceive/__init__.py -> /home/arno/RoombaV2Onboard/install/RoverReceive/lib/python3.10/site-packages/RoverReceive\n'}
[13.637172] (RoverReceive) StdoutLine: {'line': b'copying /home/arno/RoombaV2Onboard/build/RoverReceive/build/lib/RoverReceive/receive_node.py -> /home/arno/RoombaV2Onboard/install/RoverReceive/lib/python3.10/site-packages/RoverReceive\n'}
[13.638090] (RoverReceive) StdoutLine: {'line': b'byte-compiling /home/arno/RoombaV2Onboard/install/RoverReceive/lib/python3.10/site-packages/RoverReceive/__init__.py to __init__.cpython-310.pyc\n'}
[13.638655] (RoverReceive) StdoutLine: {'line': b'byte-compiling /home/arno/RoombaV2Onboard/install/RoverReceive/lib/python3.10/site-packages/RoverReceive/receive_node.py to receive_node.cpython-310.pyc\n'}
[13.639150] (RoverReceive) StdoutLine: {'line': b'running install_data\n'}
[13.639518] (RoverReceive) StdoutLine: {'line': b'creating /home/arno/RoombaV2Onboard/install/RoverReceive/share/ament_index\n'}
[13.642148] (RoverReceive) StdoutLine: {'line': b'creating /home/arno/RoombaV2Onboard/install/RoverReceive/share/ament_index/resource_index\n'}
[13.642529] (RoverReceive) StdoutLine: {'line': b'creating /home/arno/RoombaV2Onboard/install/RoverReceive/share/ament_index/resource_index/packages\n'}
[13.642871] (RoverReceive) StdoutLine: {'line': b'copying resource/RoverReceive -> /home/arno/RoombaV2Onboard/install/RoverReceive/share/ament_index/resource_index/packages\n'}
[13.643210] (RoverReceive) StdoutLine: {'line': b'copying package.xml -> /home/arno/RoombaV2Onboard/install/RoverReceive/share/RoverReceive\n'}
[13.643524] (mode_manager) StdoutLine: {'line': b'copying /home/arno/RoombaV2Onboard/build/mode_manager/build/lib/mode_manager/mode_manager.py -> /home/arno/RoombaV2Onboard/install/mode_manager/lib/python3.10/site-packages/mode_manager\n'}
[13.643877] (mode_manager) StdoutLine: {'line': b'byte-compiling /home/arno/RoombaV2Onboard/install/mode_manager/lib/python3.10/site-packages/mode_manager/__init__.py to __init__.cpython-310.pyc\n'}
[13.644209] (mode_manager) StdoutLine: {'line': b'byte-compiling /home/arno/RoombaV2Onboard/install/mode_manager/lib/python3.10/site-packages/mode_manager/mode_manager.py to mode_manager.cpython-310.pyc\n'}
[13.644529] (mode_manager) StdoutLine: {'line': b'running install_data\n'}
[13.644836] (mode_manager) StdoutLine: {'line': b'creating /home/arno/RoombaV2Onboard/install/mode_manager/share/ament_index\n'}
[13.645145] (mode_manager) StdoutLine: {'line': b'creating /home/arno/RoombaV2Onboard/install/mode_manager/share/ament_index/resource_index\n'}
[13.645472] (mode_manager) StdoutLine: {'line': b'creating /home/arno/RoombaV2Onboard/install/mode_manager/share/ament_index/resource_index/packages\n'}
[13.646213] (mode_manager) StdoutLine: {'line': b'copying resource/mode_manager -> /home/arno/RoombaV2Onboard/install/mode_manager/share/ament_index/resource_index/packages\n'}
[13.646649] (mode_manager) StdoutLine: {'line': b'copying package.xml -> /home/arno/RoombaV2Onboard/install/mode_manager/share/mode_manager\n'}
[13.647048] (mode_manager) StdoutLine: {'line': b'running install_egg_info\n'}
[13.647417] (RoverReceive) StdoutLine: {'line': b'running install_egg_info\n'}
[13.647832] (mode_manager) StdoutLine: {'line': b'Copying ../../build/mode_manager/mode_manager.egg-info to /home/arno/RoombaV2Onboard/install/mode_manager/lib/python3.10/site-packages/mode_manager-0.0.0-py3.10.egg-info\n'}
[13.648260] (RoverReceive) StdoutLine: {'line': b'Copying ../../build/RoverReceive/RoverReceive.egg-info to /home/arno/RoombaV2Onboard/install/RoverReceive/lib/python3.10/site-packages/RoverReceive-0.0.0-py3.10.egg-info\n'}
[13.648754] (-) TimerEvent: {}
[13.649352] (RoverReceive) StdoutLine: {'line': b'running install_scripts\n'}
[13.650399] (mode_manager) StdoutLine: {'line': b'running install_scripts\n'}
[13.668955] (roombav2) StdoutLine: {'line': b'running install\n'}
[13.671560] (roombav2) StdoutLine: {'line': b'running install_lib\n'}
[13.677167] (roombav2) StdoutLine: {'line': b'creating /home/arno/RoombaV2Onboard/install/roombav2/lib/python3.10/site-packages/roombav2\n'}
[13.678769] (roombav2) StdoutLine: {'line': b'copying /home/arno/RoombaV2Onboard/build/roombav2/build/lib/roombav2/encoder_reader.py -> /home/arno/RoombaV2Onboard/install/roombav2/lib/python3.10/site-packages/roombav2\n'}
[13.680646] (roombav2) StdoutLine: {'line': b'copying /home/arno/RoombaV2Onboard/build/roombav2/build/lib/roombav2/__init__.py -> /home/arno/RoombaV2Onboard/install/roombav2/lib/python3.10/site-packages/roombav2\n'}
[13.681827] (roombav2) StdoutLine: {'line': b'copying /home/arno/RoombaV2Onboard/build/roombav2/build/lib/roombav2/motor_control.py -> /home/arno/RoombaV2Onboard/install/roombav2/lib/python3.10/site-packages/roombav2\n'}
[13.682960] (roombav2) StdoutLine: {'line': b'copying /home/arno/RoombaV2Onboard/build/roombav2/build/lib/roombav2/joystick_motor_controller.py -> /home/arno/RoombaV2Onboard/install/roombav2/lib/python3.10/site-packages/roombav2\n'}
[13.684464] (roombav2) StdoutLine: {'line': b'copying /home/arno/RoombaV2Onboard/build/roombav2/build/lib/roombav2/nav2_motor_controller.py -> /home/arno/RoombaV2Onboard/install/roombav2/lib/python3.10/site-packages/roombav2\n'}
[13.685963] (roombav2) StdoutLine: {'line': b'copying /home/arno/RoombaV2Onboard/build/roombav2/build/lib/roombav2/pwm_open_loop.py -> /home/arno/RoombaV2Onboard/install/roombav2/lib/python3.10/site-packages/roombav2\n'}
[13.687324] (roombav2) StdoutLine: {'line': b'copying /home/arno/RoombaV2Onboard/build/roombav2/build/lib/roombav2/system_info.py -> /home/arno/RoombaV2Onboard/install/roombav2/lib/python3.10/site-packages/roombav2\n'}
[13.690745] (roombav2) StdoutLine: {'line': b'byte-compiling /home/arno/RoombaV2Onboard/install/roombav2/lib/python3.10/site-packages/roombav2/encoder_reader.py to encoder_reader.cpython-310.pyc\n'}
[13.696000] (roombav2) StdoutLine: {'line': b'byte-compiling /home/arno/RoombaV2Onboard/install/roombav2/lib/python3.10/site-packages/roombav2/__init__.py to __init__.cpython-310.pyc\n'}
[13.698683] (roombav2) StdoutLine: {'line': b'byte-compiling /home/arno/RoombaV2Onboard/install/roombav2/lib/python3.10/site-packages/roombav2/motor_control.py to motor_control.cpython-310.pyc\n'}
[13.700396] (roombav2) StdoutLine: {'line': b'byte-compiling /home/arno/RoombaV2Onboard/install/roombav2/lib/python3.10/site-packages/roombav2/joystick_motor_controller.py to joystick_motor_controller.cpython-310.pyc\n'}
[13.709822] (roombav2) StdoutLine: {'line': b'byte-compiling /home/arno/RoombaV2Onboard/install/roombav2/lib/python3.10/site-packages/roombav2/nav2_motor_controller.py to nav2_motor_controller.cpython-310.pyc\n'}
[13.715531] (roombav2) StdoutLine: {'line': b'byte-compiling /home/arno/RoombaV2Onboard/install/roombav2/lib/python3.10/site-packages/roombav2/pwm_open_loop.py to pwm_open_loop.cpython-310.pyc\n'}
[13.723284] (roombav2) StdoutLine: {'line': b'byte-compiling /home/arno/RoombaV2Onboard/install/roombav2/lib/python3.10/site-packages/roombav2/system_info.py to system_info.cpython-310.pyc\n'}
[13.726696] (roombav2) StdoutLine: {'line': b'running install_data\n'}
[13.729247] (roombav2) StdoutLine: {'line': b'creating /home/arno/RoombaV2Onboard/install/roombav2/share/ament_index\n'}
[13.730348] (roombav2) StdoutLine: {'line': b'creating /home/arno/RoombaV2Onboard/install/roombav2/share/ament_index/resource_index\n'}
[13.731078] (roombav2) StdoutLine: {'line': b'creating /home/arno/RoombaV2Onboard/install/roombav2/share/ament_index/resource_index/packages\n'}
[13.731767] (roombav2) StdoutLine: {'line': b'copying resource/roombav2 -> /home/arno/RoombaV2Onboard/install/roombav2/share/ament_index/resource_index/packages\n'}
[13.732335] (roombav2) StdoutLine: {'line': b'copying package.xml -> /home/arno/RoombaV2Onboard/install/roombav2/share/roombav2\n'}
[13.733087] (roombav2) StdoutLine: {'line': b'copying roombav2/encoder_reader.py -> /home/arno/RoombaV2Onboard/install/roombav2/share/roombav2\n'}
[13.733854] (roombav2) StdoutLine: {'line': b'copying roombav2/joystick_motor_controller.py -> /home/arno/RoombaV2Onboard/install/roombav2/share/roombav2\n'}
[13.735344] (roombav2) StdoutLine: {'line': b'copying roombav2/nav2_motor_controller.py -> /home/arno/RoombaV2Onboard/install/roombav2/share/roombav2\n'}
[13.736730] (roombav2) StdoutLine: {'line': b'copying roombav2/system_info.py -> /home/arno/RoombaV2Onboard/install/roombav2/share/roombav2\n'}
[13.737889] (roombav2) StdoutLine: {'line': b'copying roombav2/pwm_open_loop.py -> /home/arno/RoombaV2Onboard/install/roombav2/share/roombav2\n'}
[13.739166] (roombav2) StdoutLine: {'line': b'creating /home/arno/RoombaV2Onboard/install/roombav2/share/roombav2/launch\n'}
[13.740053] (roombav2) StdoutLine: {'line': b'copying launch/nav2_bringup.launch.py -> /home/arno/RoombaV2Onboard/install/roombav2/share/roombav2/launch\n'}
[13.746164] (RoverReceive) StdoutLine: {'line': b'Installing receive_node script to /home/arno/RoombaV2Onboard/install/RoverReceive/lib/RoverReceive\n'}
[13.746778] (mode_manager) StdoutLine: {'line': b'Installing mode_manager script to /home/arno/RoombaV2Onboard/install/mode_manager/lib/mode_manager\n'}
[13.747738] (mode_manager) StdoutLine: {'line': b"writing list of installed files to '/home/arno/RoombaV2Onboard/build/mode_manager/install.log'\n"}
[13.748465] (RoverReceive) StdoutLine: {'line': b"writing list of installed files to '/home/arno/RoombaV2Onboard/build/RoverReceive/install.log'\n"}
[13.750668] (-) TimerEvent: {}
[13.786788] (roombav2) StdoutLine: {'line': b'copying launch/microver.launch.py -> /home/arno/RoombaV2Onboard/install/roombav2/share/roombav2/launch\n'}
[13.833553] (roombav2) StdoutLine: {'line': b'creating /home/arno/RoombaV2Onboard/install/roombav2/share/roombav2/config\n'}
[13.835566] (roombav2) StdoutLine: {'line': b'copying config/amcl_params.yaml -> /home/arno/RoombaV2Onboard/install/roombav2/share/roombav2/config\n'}
[13.851094] (-) TimerEvent: {}
[13.888792] (roombav2) StdoutLine: {'line': b'copying config/costmap_params.yaml -> /home/arno/RoombaV2Onboard/install/roombav2/share/roombav2/config\n'}
[13.925100] (mode_manager) CommandEnded: {'returncode': 0}
[13.949030] (roombav2) StdoutLine: {'line': b'copying config/planner_params.yaml -> /home/arno/RoombaV2Onboard/install/roombav2/share/roombav2/config\n'}
[13.951194] (-) TimerEvent: {}
[14.011487] (roombav2) StdoutLine: {'line': b'copying config/slam_toolbox_params.yaml -> /home/arno/RoombaV2Onboard/install/roombav2/share/roombav2/config\n'}
[14.013132] (roombav2) StdoutLine: {'line': b'copying config/ekf.yaml -> /home/arno/RoombaV2Onboard/install/roombav2/share/roombav2/config\n'}
[14.015216] (roombav2) StdoutLine: {'line': b'copying config/twist_mux.yaml -> /home/arno/RoombaV2Onboard/install/roombav2/share/roombav2/config\n'}
[14.051403] (-) TimerEvent: {}
[14.074707] (roombav2) StdoutLine: {'line': b'creating /home/arno/RoombaV2Onboard/install/roombav2/share/roombav2/models\n'}
[14.076311] (roombav2) StdoutLine: {'line': b'copying models/microver.urdf.xacro -> /home/arno/RoombaV2Onboard/install/roombav2/share/roombav2/models\n'}
[14.142104] (roombav2) StdoutLine: {'line': b'copying models/constants.xacro -> /home/arno/RoombaV2Onboard/install/roombav2/share/roombav2/models\n'}
[14.144674] (roombav2) StdoutLine: {'line': b'copying models/inertial_macros.xacro -> /home/arno/RoombaV2Onboard/install/roombav2/share/roombav2/models\n'}
[14.151592] (-) TimerEvent: {}
[14.203992] (roombav2) StdoutLine: {'line': b'running install_egg_info\n'}
[14.217756] (roombav2) StdoutLine: {'line': b'Copying ../../build/roombav2/roombav2.egg-info to /home/arno/RoombaV2Onboard/install/roombav2/lib/python3.10/site-packages/roombav2-0.0.0-py3.10.egg-info\n'}
[14.222843] (roombav2) StdoutLine: {'line': b'running install_scripts\n'}
[14.251751] (-) TimerEvent: {}
[14.268743] (rf2o_laser_odometry) StdoutLine: {'line': b'-- Found rclcpp: 16.0.10 (/opt/ros/humble/share/rclcpp/cmake)\n'}
[14.299432] (roombav2) StdoutLine: {'line': b'Installing encoder_reader script to /home/arno/RoombaV2Onboard/install/roombav2/lib/roombav2\n'}
[14.300106] (roombav2) StdoutLine: {'line': b'Installing joystick_motor_controller script to /home/arno/RoombaV2Onboard/install/roombav2/lib/roombav2\n'}
[14.300651] (roombav2) StdoutLine: {'line': b'Installing nav2_motor_controller script to /home/arno/RoombaV2Onboard/install/roombav2/lib/roombav2\n'}
[14.301163] (roombav2) StdoutLine: {'line': b'Installing pwm_open_loop script to /home/arno/RoombaV2Onboard/install/roombav2/lib/roombav2\n'}
[14.301791] (roombav2) StdoutLine: {'line': b'Installing system_info script to /home/arno/RoombaV2Onboard/install/roombav2/lib/roombav2\n'}
[14.303454] (roombav2) StdoutLine: {'line': b"writing list of installed files to '/home/arno/RoombaV2Onboard/build/roombav2/install.log'\n"}
[14.352075] (-) TimerEvent: {}
[14.453182] (-) TimerEvent: {}
[14.554919] (-) TimerEvent: {}
[14.655856] (-) TimerEvent: {}
[14.757770] (-) TimerEvent: {}
[14.838314] (mode_manager) JobEnded: {'identifier': 'mode_manager', 'rc': 0}
[14.844445] (sllidar_ros2) JobStarted: {'identifier': 'sllidar_ros2'}
[14.858018] (-) TimerEvent: {}
[14.861740] (RoverReceive) CommandEnded: {'returncode': 0}
[14.888085] (RoverReceive) JobEnded: {'identifier': 'RoverReceive', 'rc': 0}
[14.891827] (roombav2) CommandEnded: {'returncode': 0}
[14.916320] (roombav2) JobEnded: {'identifier': 'roombav2', 'rc': 0}
[14.919961] (sllidar_ros2) JobProgress: {'identifier': 'sllidar_ros2', 'progress': 'cmake'}
[14.922693] (sllidar_ros2) Command: {'cmd': ['/usr/bin/cmake', '/home/arno/RoombaV2Onboard/src/sllidar_ros2', '-DCMAKE_INSTALL_PREFIX=/home/arno/RoombaV2Onboard/install/sllidar_ros2'], 'cwd': '/home/arno/RoombaV2Onboard/build/sllidar_ros2', 'env': OrderedDict([('LESSOPEN', '| /usr/bin/lesspipe %s'), ('USER', 'arno'), ('SSH_CLIENT', '192.168.30.158 60528 22'), ('LC_TIME', 'de_CH.UTF-8'), ('XDG_SESSION_TYPE', 'tty'), ('SHLVL', '1'), ('LD_LIBRARY_PATH', '/opt/ros/humble/opt/rviz_ogre_vendor/lib:/opt/ros/humble/lib/aarch64-linux-gnu:/opt/ros/humble/lib'), ('MOTD_SHOWN', 'pam'), ('HOME', '/home/arno'), ('OLDPWD', '/home/arno'), ('SSH_TTY', '/dev/pts/0'), ('ROS_PYTHON_VERSION', '3'), ('LC_MONETARY', 'de_CH.UTF-8'), ('DBUS_SESSION_BUS_ADDRESS', 'unix:path=/run/user/1000/bus'), ('ROS_DISTRO', 'humble'), ('LOGNAME', 'arno'), ('_', '/usr/bin/colcon'), ('ROS_VERSION', '2'), ('XDG_SESSION_CLASS', 'user'), ('TERM', 'xterm-256color'), ('XDG_SESSION_ID', '1'), ('ROS_LOCALHOST_ONLY', '0'), ('PATH', '/opt/ros/humble/bin:/usr/local/sbin:/usr/local/bin:/usr/sbin:/usr/bin:/sbin:/bin:/usr/games:/usr/local/games:/snap/bin'), ('LC_ADDRESS', 'de_CH.UTF-8'), ('XDG_RUNTIME_DIR', '/run/user/1000'), ('LANG', 'en_US.UTF-8'), ('LC_TELEPHONE', 'de_CH.UTF-8'), ('LS_COLORS', 'rs=0:di=01;34:ln=01;36:mh=00:pi=40;33:so=01;35:do=01;35:bd=40;33;01:cd=40;33;01:or=40;31;01:mi=00:su=37;41:sg=30;43:ca=30;41:tw=30;42:ow=34;42:st=37;44:ex=01;32:*.tar=01;31:*.tgz=01;31:*.arc=01;31:*.arj=01;31:*.taz=01;31:*.lha=01;31:*.lz4=01;31:*.lzh=01;31:*.lzma=01;31:*.tlz=01;31:*.txz=01;31:*.tzo=01;31:*.t7z=01;31:*.zip=01;31:*.z=01;31:*.dz=01;31:*.gz=01;31:*.lrz=01;31:*.lz=01;31:*.lzo=01;31:*.xz=01;31:*.zst=01;31:*.tzst=01;31:*.bz2=01;31:*.bz=01;31:*.tbz=01;31:*.tbz2=01;31:*.tz=01;31:*.deb=01;31:*.rpm=01;31:*.jar=01;31:*.war=01;31:*.ear=01;31:*.sar=01;31:*.rar=01;31:*.alz=01;31:*.ace=01;31:*.zoo=01;31:*.cpio=01;31:*.7z=01;31:*.rz=01;31:*.cab=01;31:*.wim=01;31:*.swm=01;31:*.dwm=01;31:*.esd=01;31:*.jpg=01;35:*.jpeg=01;35:*.mjpg=01;35:*.mjpeg=01;35:*.gif=01;35:*.bmp=01;35:*.pbm=01;35:*.pgm=01;35:*.ppm=01;35:*.tga=01;35:*.xbm=01;35:*.xpm=01;35:*.tif=01;35:*.tiff=01;35:*.png=01;35:*.svg=01;35:*.svgz=01;35:*.mng=01;35:*.pcx=01;35:*.mov=01;35:*.mpg=01;35:*.mpeg=01;35:*.m2v=01;35:*.mkv=01;35:*.webm=01;35:*.webp=01;35:*.ogm=01;35:*.mp4=01;35:*.m4v=01;35:*.mp4v=01;35:*.vob=01;35:*.qt=01;35:*.nuv=01;35:*.wmv=01;35:*.asf=01;35:*.rm=01;35:*.rmvb=01;35:*.flc=01;35:*.avi=01;35:*.fli=01;35:*.flv=01;35:*.gl=01;35:*.dl=01;35:*.xcf=01;35:*.xwd=01;35:*.yuv=01;35:*.cgm=01;35:*.emf=01;35:*.ogv=01;35:*.ogx=01;35:*.aac=00;36:*.au=00;36:*.flac=00;36:*.m4a=00;36:*.mid=00;36:*.midi=00;36:*.mka=00;36:*.mp3=00;36:*.mpc=00;36:*.ogg=00;36:*.ra=00;36:*.wav=00;36:*.oga=00;36:*.opus=00;36:*.spx=00;36:*.xspf=00;36:'), ('AMENT_PREFIX_PATH', '/opt/ros/humble'), ('SHELL', '/bin/bash'), ('LC_NAME', 'de_CH.UTF-8'), ('LESSCLOSE', '/usr/bin/lesspipe %s %s'), ('LC_MEASUREMENT', 'de_CH.UTF-8'), ('LC_IDENTIFICATION', 'de_CH.UTF-8'), ('PWD', '/home/arno/RoombaV2Onboard/build/sllidar_ros2'), ('LC_ALL', 'en_US.UTF-8'), ('SSH_CONNECTION', '192.168.30.158 60528 192.168.30.79 22'), ('XDG_DATA_DIRS', '/usr/local/share:/usr/share:/var/lib/snapd/desktop'), ('PYTHONPATH', '/opt/ros/humble/lib/python3.10/site-packages:/opt/ros/humble/local/lib/python3.10/dist-packages'), ('LC_NUMERIC', 'de_CH.UTF-8'), ('LC_PAPER', 'de_CH.UTF-8'), ('COLCON', '1'), ('CMAKE_PREFIX_PATH', '/opt/ros/humble')]), 'shell': False}
[14.958239] (-) TimerEvent: {}
[15.058900] (-) TimerEvent: {}
[15.159761] (-) TimerEvent: {}
[15.251923] (sllidar_ros2) StdoutLine: {'line': b'-- The C compiler identification is GNU 11.4.0\n'}
[15.259926] (-) TimerEvent: {}
[15.360674] (-) TimerEvent: {}
[15.461613] (-) TimerEvent: {}
[15.495822] (sllidar_ros2) StdoutLine: {'line': b'-- The CXX compiler identification is GNU 11.4.0\n'}
[15.521819] (sllidar_ros2) StdoutLine: {'line': b'-- Detecting C compiler ABI info\n'}
[15.561815] (-) TimerEvent: {}
[15.603551] (rf2o_laser_odometry) StdoutLine: {'line': b'-- Found rosidl_generator_c: 3.1.5 (/opt/ros/humble/share/rosidl_generator_c/cmake)\n'}
[15.654336] (rf2o_laser_odometry) StdoutLine: {'line': b'-- Found rosidl_adapter: 3.1.5 (/opt/ros/humble/share/rosidl_adapter/cmake)\n'}
[15.662010] (-) TimerEvent: {}
[15.729455] (rf2o_laser_odometry) StdoutLine: {'line': b'-- Found rosidl_generator_cpp: 3.1.5 (/opt/ros/humble/share/rosidl_generator_cpp/cmake)\n'}
[15.762201] (-) TimerEvent: {}
[15.809591] (sllidar_ros2) StdoutLine: {'line': b'-- Detecting C compiler ABI info - done\n'}
[15.829104] (rf2o_laser_odometry) StdoutLine: {'line': b'-- Using all available rosidl_typesupport_c: rosidl_typesupport_fastrtps_c;rosidl_typesupport_introspection_c\n'}
[15.834117] (sllidar_ros2) StdoutLine: {'line': b'-- Check for working C compiler: /usr/bin/cc - skipped\n'}
[15.834919] (sllidar_ros2) StdoutLine: {'line': b'-- Detecting C compile features\n'}
[15.836260] (sllidar_ros2) StdoutLine: {'line': b'-- Detecting C compile features - done\n'}
[15.847184] (sllidar_ros2) StdoutLine: {'line': b'-- Detecting CXX compiler ABI info\n'}
[15.862350] (-) TimerEvent: {}
[15.954326] (rf2o_laser_odometry) StdoutLine: {'line': b'-- Using all available rosidl_typesupport_cpp: rosidl_typesupport_fastrtps_cpp;rosidl_typesupport_introspection_cpp\n'}
[15.962542] (-) TimerEvent: {}
[16.063365] (-) TimerEvent: {}
[16.164475] (-) TimerEvent: {}
[16.171685] (sllidar_ros2) StdoutLine: {'line': b'-- Detecting CXX compiler ABI info - done\n'}
[16.198335] (sllidar_ros2) StdoutLine: {'line': b'-- Check for working CXX compiler: /usr/bin/c++ - skipped\n'}
[16.199223] (sllidar_ros2) StdoutLine: {'line': b'-- Detecting CXX compile features\n'}
[16.200868] (sllidar_ros2) StdoutLine: {'line': b'-- Detecting CXX compile features - done\n'}
[16.229122] (sllidar_ros2) StdoutLine: {'line': b'-- Found ament_cmake: 1.3.10 (/opt/ros/humble/share/ament_cmake/cmake)\n'}
[16.264700] (-) TimerEvent: {}
[16.314382] (rf2o_laser_odometry) StdoutLine: {'line': b'-- Found rmw_implementation_cmake: 6.1.2 (/opt/ros/humble/share/rmw_implementation_cmake/cmake)\n'}
[16.342722] (rf2o_laser_odometry) StdoutLine: {'line': b'-- Found rmw_fastrtps_cpp: 6.2.7 (/opt/ros/humble/share/rmw_fastrtps_cpp/cmake)\n'}
[16.364775] (-) TimerEvent: {}
[16.465472] (-) TimerEvent: {}
[16.566268] (-) TimerEvent: {}
[16.666998] (-) TimerEvent: {}
[16.767723] (-) TimerEvent: {}
[16.868506] (-) TimerEvent: {}
[16.939160] (sllidar_ros2) StdoutLine: {'line': b'-- Found Python3: /usr/bin/python3 (found version "3.10.12") found components: Interpreter \n'}
[16.946903] (rf2o_laser_odometry) StdoutLine: {'line': b'-- Found OpenSSL: /usr/lib/aarch64-linux-gnu/libcrypto.so (found version "3.0.2")  \n'}
[16.968749] (-) TimerEvent: {}
[17.069754] (-) TimerEvent: {}
[17.154075] (rf2o_laser_odometry) StdoutLine: {'line': b'-- Found FastRTPS: /opt/ros/humble/include  \n'}
[17.169996] (-) TimerEvent: {}
[17.272044] (-) TimerEvent: {}
[17.373274] (-) TimerEvent: {}
[17.460292] (sllidar_ros2) StdoutLine: {'line': b'-- Found rclcpp: 16.0.10 (/opt/ros/humble/share/rclcpp/cmake)\n'}
[17.470705] (rf2o_laser_odometry) StdoutLine: {'line': b"-- Using RMW implementation 'rmw_fastrtps_cpp' as default\n"}
[17.473428] (-) TimerEvent: {}
[17.549556] (rf2o_laser_odometry) StdoutLine: {'line': b'-- Looking for pthread.h\n'}
[17.573611] (-) TimerEvent: {}
[17.675167] (-) TimerEvent: {}
[17.775911] (-) TimerEvent: {}
[17.784670] (sllidar_ros2) StdoutLine: {'line': b'-- Found rosidl_generator_c: 3.1.5 (/opt/ros/humble/share/rosidl_generator_c/cmake)\n'}
[17.829814] (sllidar_ros2) StdoutLine: {'line': b'-- Found rosidl_adapter: 3.1.5 (/opt/ros/humble/share/rosidl_adapter/cmake)\n'}
[17.873618] (rf2o_laser_odometry) StdoutLine: {'line': b'-- Looking for pthread.h - found\n'}
[17.875376] (rf2o_laser_odometry) StdoutLine: {'line': b'-- Performing Test CMAKE_HAVE_LIBC_PTHREAD\n'}
[17.876001] (-) TimerEvent: {}
[17.890499] (sllidar_ros2) StdoutLine: {'line': b'-- Found rosidl_generator_cpp: 3.1.5 (/opt/ros/humble/share/rosidl_generator_cpp/cmake)\n'}
[17.965204] (sllidar_ros2) StdoutLine: {'line': b'-- Using all available rosidl_typesupport_c: rosidl_typesupport_fastrtps_c;rosidl_typesupport_introspection_c\n'}
[17.976222] (-) TimerEvent: {}
[18.069044] (sllidar_ros2) StdoutLine: {'line': b'-- Using all available rosidl_typesupport_cpp: rosidl_typesupport_fastrtps_cpp;rosidl_typesupport_introspection_cpp\n'}
[18.076473] (-) TimerEvent: {}
[18.177370] (-) TimerEvent: {}
[18.181001] (rf2o_laser_odometry) StdoutLine: {'line': b'-- Performing Test CMAKE_HAVE_LIBC_PTHREAD - Success\n'}
[18.184650] (rf2o_laser_odometry) StdoutLine: {'line': b'-- Found Threads: TRUE  \n'}
[18.277559] (-) TimerEvent: {}
[18.350066] (sllidar_ros2) StdoutLine: {'line': b'-- Found rmw_implementation_cmake: 6.1.2 (/opt/ros/humble/share/rmw_implementation_cmake/cmake)\n'}
[18.371075] (sllidar_ros2) StdoutLine: {'line': b'-- Found rmw_fastrtps_cpp: 6.2.7 (/opt/ros/humble/share/rmw_fastrtps_cpp/cmake)\n'}
[18.377776] (-) TimerEvent: {}
[18.478501] (-) TimerEvent: {}
[18.502379] (rf2o_laser_odometry) StdoutLine: {'line': b'-- Found geometry_msgs: 4.2.4 (/opt/ros/humble/share/geometry_msgs/cmake)\n'}
[18.578677] (-) TimerEvent: {}
[18.580404] (rf2o_laser_odometry) StdoutLine: {'line': b'-- Found tf2_geometry_msgs: 0.25.7 (/opt/ros/humble/share/tf2_geometry_msgs/cmake)\n'}
[18.678901] (-) TimerEvent: {}
[18.722244] (rf2o_laser_odometry) StdoutLine: {'line': b'-- Found eigen3_cmake_module: 0.1.1 (/opt/ros/humble/share/eigen3_cmake_module/cmake)\n'}
[18.729243] (rf2o_laser_odometry) StdoutLine: {'line': b'-- Found Eigen3: TRUE (found version "3.4.0") \n'}
[18.729903] (rf2o_laser_odometry) StdoutLine: {'line': b'-- Ensuring Eigen3 include directory is part of orocos-kdl CMake target\n'}
[18.779077] (-) TimerEvent: {}
[18.831352] (sllidar_ros2) StdoutLine: {'line': b'-- Found OpenSSL: /usr/lib/aarch64-linux-gnu/libcrypto.so (found version "3.0.2")  \n'}
[18.879246] (-) TimerEvent: {}
[18.979973] (-) TimerEvent: {}
[19.021263] (sllidar_ros2) StdoutLine: {'line': b'-- Found FastRTPS: /opt/ros/humble/include  \n'}
[19.080152] (-) TimerEvent: {}
[19.180831] (-) TimerEvent: {}
[19.281531] (-) TimerEvent: {}
[19.328813] (sllidar_ros2) StdoutLine: {'line': b"-- Using RMW implementation 'rmw_fastrtps_cpp' as default\n"}
[19.381711] (-) TimerEvent: {}
[19.396976] (sllidar_ros2) StdoutLine: {'line': b'-- Looking for pthread.h\n'}
[19.425198] (rf2o_laser_odometry) StdoutLine: {'line': b'-- Found sensor_msgs: 4.2.4 (/opt/ros/humble/share/sensor_msgs/cmake)\n'}
[19.481916] (-) TimerEvent: {}
[19.537011] (rf2o_laser_odometry) StdoutLine: {'line': b'-- Found nav_msgs: 4.2.4 (/opt/ros/humble/share/nav_msgs/cmake)\n'}
[19.582089] (-) TimerEvent: {}
[19.682854] (-) TimerEvent: {}
[19.707545] (sllidar_ros2) StdoutLine: {'line': b'-- Looking for pthread.h - found\n'}
[19.709290] (sllidar_ros2) StdoutLine: {'line': b'-- Performing Test CMAKE_HAVE_LIBC_PTHREAD\n'}
[19.749322] (rf2o_laser_odometry) StdoutLine: {'line': b'-- Found Boost: /usr/lib/aarch64-linux-gnu/cmake/Boost-1.74.0/BoostConfig.cmake (found version "1.74.0")  \n'}
[19.783045] (-) TimerEvent: {}
[19.883807] (-) TimerEvent: {}
[19.984764] (-) TimerEvent: {}
[20.035381] (sllidar_ros2) StdoutLine: {'line': b'-- Performing Test CMAKE_HAVE_LIBC_PTHREAD - Success\n'}
[20.039446] (sllidar_ros2) StdoutLine: {'line': b'-- Found Threads: TRUE  \n'}
[20.084939] (-) TimerEvent: {}
[20.185596] (-) TimerEvent: {}
[20.286319] (-) TimerEvent: {}
[20.310419] (sllidar_ros2) StdoutLine: {'line': b'-- Found sensor_msgs: 4.2.4 (/opt/ros/humble/share/sensor_msgs/cmake)\n'}
[20.386451] (-) TimerEvent: {}
[20.487227] (-) TimerEvent: {}
[20.501904] (sllidar_ros2) StdoutLine: {'line': b'-- Found std_srvs: 4.2.4 (/opt/ros/humble/share/std_srvs/cmake)\n'}
[20.587381] (-) TimerEvent: {}
[20.688104] (-) TimerEvent: {}
[20.692636] (rf2o_laser_odometry) StdoutLine: {'line': b'-- Configuring done\n'}
[20.788338] (-) TimerEvent: {}
[20.889229] (-) TimerEvent: {}
[20.950372] (rf2o_laser_odometry) StdoutLine: {'line': b'-- Generating done\n'}
[20.958115] (rf2o_laser_odometry) StdoutLine: {'line': b'-- Build files have been written to: /home/arno/RoombaV2Onboard/build/rf2o_laser_odometry\n'}
[20.989612] (-) TimerEvent: {}
[21.001684] (rf2o_laser_odometry) CommandEnded: {'returncode': 0}
[21.003473] (rf2o_laser_odometry) JobProgress: {'identifier': 'rf2o_laser_odometry', 'progress': 'build'}
[21.010368] (rf2o_laser_odometry) Command: {'cmd': ['/usr/bin/cmake', '--build', '/home/arno/RoombaV2Onboard/build/rf2o_laser_odometry', '--', '-j4', '-l4'], 'cwd': '/home/arno/RoombaV2Onboard/build/rf2o_laser_odometry', 'env': OrderedDict([('LESSOPEN', '| /usr/bin/lesspipe %s'), ('USER', 'arno'), ('SSH_CLIENT', '192.168.30.158 60528 22'), ('LC_TIME', 'de_CH.UTF-8'), ('XDG_SESSION_TYPE', 'tty'), ('SHLVL', '1'), ('LD_LIBRARY_PATH', '/opt/ros/humble/opt/rviz_ogre_vendor/lib:/opt/ros/humble/lib/aarch64-linux-gnu:/opt/ros/humble/lib'), ('MOTD_SHOWN', 'pam'), ('HOME', '/home/arno'), ('OLDPWD', '/home/arno'), ('SSH_TTY', '/dev/pts/0'), ('ROS_PYTHON_VERSION', '3'), ('LC_MONETARY', 'de_CH.UTF-8'), ('DBUS_SESSION_BUS_ADDRESS', 'unix:path=/run/user/1000/bus'), ('ROS_DISTRO', 'humble'), ('LOGNAME', 'arno'), ('_', '/usr/bin/colcon'), ('ROS_VERSION', '2'), ('XDG_SESSION_CLASS', 'user'), ('TERM', 'xterm-256color'), ('XDG_SESSION_ID', '1'), ('ROS_LOCALHOST_ONLY', '0'), ('PATH', '/opt/ros/humble/bin:/usr/local/sbin:/usr/local/bin:/usr/sbin:/usr/bin:/sbin:/bin:/usr/games:/usr/local/games:/snap/bin'), ('LC_ADDRESS', 'de_CH.UTF-8'), ('XDG_RUNTIME_DIR', '/run/user/1000'), ('LANG', 'en_US.UTF-8'), ('LC_TELEPHONE', 'de_CH.UTF-8'), ('LS_COLORS', 'rs=0:di=01;34:ln=01;36:mh=00:pi=40;33:so=01;35:do=01;35:bd=40;33;01:cd=40;33;01:or=40;31;01:mi=00:su=37;41:sg=30;43:ca=30;41:tw=30;42:ow=34;42:st=37;44:ex=01;32:*.tar=01;31:*.tgz=01;31:*.arc=01;31:*.arj=01;31:*.taz=01;31:*.lha=01;31:*.lz4=01;31:*.lzh=01;31:*.lzma=01;31:*.tlz=01;31:*.txz=01;31:*.tzo=01;31:*.t7z=01;31:*.zip=01;31:*.z=01;31:*.dz=01;31:*.gz=01;31:*.lrz=01;31:*.lz=01;31:*.lzo=01;31:*.xz=01;31:*.zst=01;31:*.tzst=01;31:*.bz2=01;31:*.bz=01;31:*.tbz=01;31:*.tbz2=01;31:*.tz=01;31:*.deb=01;31:*.rpm=01;31:*.jar=01;31:*.war=01;31:*.ear=01;31:*.sar=01;31:*.rar=01;31:*.alz=01;31:*.ace=01;31:*.zoo=01;31:*.cpio=01;31:*.7z=01;31:*.rz=01;31:*.cab=01;31:*.wim=01;31:*.swm=01;31:*.dwm=01;31:*.esd=01;31:*.jpg=01;35:*.jpeg=01;35:*.mjpg=01;35:*.mjpeg=01;35:*.gif=01;35:*.bmp=01;35:*.pbm=01;35:*.pgm=01;35:*.ppm=01;35:*.tga=01;35:*.xbm=01;35:*.xpm=01;35:*.tif=01;35:*.tiff=01;35:*.png=01;35:*.svg=01;35:*.svgz=01;35:*.mng=01;35:*.pcx=01;35:*.mov=01;35:*.mpg=01;35:*.mpeg=01;35:*.m2v=01;35:*.mkv=01;35:*.webm=01;35:*.webp=01;35:*.ogm=01;35:*.mp4=01;35:*.m4v=01;35:*.mp4v=01;35:*.vob=01;35:*.qt=01;35:*.nuv=01;35:*.wmv=01;35:*.asf=01;35:*.rm=01;35:*.rmvb=01;35:*.flc=01;35:*.avi=01;35:*.fli=01;35:*.flv=01;35:*.gl=01;35:*.dl=01;35:*.xcf=01;35:*.xwd=01;35:*.yuv=01;35:*.cgm=01;35:*.emf=01;35:*.ogv=01;35:*.ogx=01;35:*.aac=00;36:*.au=00;36:*.flac=00;36:*.m4a=00;36:*.mid=00;36:*.midi=00;36:*.mka=00;36:*.mp3=00;36:*.mpc=00;36:*.ogg=00;36:*.ra=00;36:*.wav=00;36:*.oga=00;36:*.opus=00;36:*.spx=00;36:*.xspf=00;36:'), ('AMENT_PREFIX_PATH', '/opt/ros/humble'), ('SHELL', '/bin/bash'), ('LC_NAME', 'de_CH.UTF-8'), ('LESSCLOSE', '/usr/bin/lesspipe %s %s'), ('LC_MEASUREMENT', 'de_CH.UTF-8'), ('LC_IDENTIFICATION', 'de_CH.UTF-8'), ('PWD', '/home/arno/RoombaV2Onboard/build/rf2o_laser_odometry'), ('LC_ALL', 'en_US.UTF-8'), ('SSH_CONNECTION', '192.168.30.158 60528 192.168.30.79 22'), ('XDG_DATA_DIRS', '/usr/local/share:/usr/share:/var/lib/snapd/desktop'), ('PYTHONPATH', '/opt/ros/humble/lib/python3.10/site-packages:/opt/ros/humble/local/lib/python3.10/dist-packages'), ('LC_NUMERIC', 'de_CH.UTF-8'), ('LC_PAPER', 'de_CH.UTF-8'), ('COLCON', '1'), ('CMAKE_PREFIX_PATH', '/opt/ros/humble')]), 'shell': False}
[21.089759] (-) TimerEvent: {}
[21.190495] (-) TimerEvent: {}
[21.214529] (rf2o_laser_odometry) StdoutLine: {'line': b'[ 20%] \x1b[32mBuilding CXX object CMakeFiles/rf2o_laser_odometry_node.dir/src/CLaserOdometry2DNode.cpp.o\x1b[0m\n'}
[21.217306] (rf2o_laser_odometry) StdoutLine: {'line': b'[ 60%] \x1b[32mBuilding CXX object CMakeFiles/rf2o_laser_odometry.dir/src/CLaserOdometry2D.cpp.o\x1b[0m\n'}
[21.218264] (rf2o_laser_odometry) StdoutLine: {'line': b'[ 60%] \x1b[32mBuilding CXX object CMakeFiles/rf2o_laser_odometry_node.dir/src/CLaserOdometry2D.cpp.o\x1b[0m\n'}
[21.290676] (-) TimerEvent: {}
[21.391408] (-) TimerEvent: {}
[21.492217] (-) TimerEvent: {}
[21.593507] (-) TimerEvent: {}
[21.694233] (-) TimerEvent: {}
[21.794981] (-) TimerEvent: {}
[21.853445] (sllidar_ros2) StdoutLine: {'line': b'-- Configuring done\n'}
[21.895192] (-) TimerEvent: {}
[21.995908] (-) TimerEvent: {}
[22.026431] (sllidar_ros2) StdoutLine: {'line': b'-- Generating done\n'}
[22.033263] (sllidar_ros2) StdoutLine: {'line': b'-- Build files have been written to: /home/arno/RoombaV2Onboard/build/sllidar_ros2\n'}
[22.069485] (sllidar_ros2) CommandEnded: {'returncode': 0}
[22.071235] (sllidar_ros2) JobProgress: {'identifier': 'sllidar_ros2', 'progress': 'build'}
[22.072183] (sllidar_ros2) Command: {'cmd': ['/usr/bin/cmake', '--build', '/home/arno/RoombaV2Onboard/build/sllidar_ros2', '--', '-j4', '-l4'], 'cwd': '/home/arno/RoombaV2Onboard/build/sllidar_ros2', 'env': OrderedDict([('LESSOPEN', '| /usr/bin/lesspipe %s'), ('USER', 'arno'), ('SSH_CLIENT', '192.168.30.158 60528 22'), ('LC_TIME', 'de_CH.UTF-8'), ('XDG_SESSION_TYPE', 'tty'), ('SHLVL', '1'), ('LD_LIBRARY_PATH', '/opt/ros/humble/opt/rviz_ogre_vendor/lib:/opt/ros/humble/lib/aarch64-linux-gnu:/opt/ros/humble/lib'), ('MOTD_SHOWN', 'pam'), ('HOME', '/home/arno'), ('OLDPWD', '/home/arno'), ('SSH_TTY', '/dev/pts/0'), ('ROS_PYTHON_VERSION', '3'), ('LC_MONETARY', 'de_CH.UTF-8'), ('DBUS_SESSION_BUS_ADDRESS', 'unix:path=/run/user/1000/bus'), ('ROS_DISTRO', 'humble'), ('LOGNAME', 'arno'), ('_', '/usr/bin/colcon'), ('ROS_VERSION', '2'), ('XDG_SESSION_CLASS', 'user'), ('TERM', 'xterm-256color'), ('XDG_SESSION_ID', '1'), ('ROS_LOCALHOST_ONLY', '0'), ('PATH', '/opt/ros/humble/bin:/usr/local/sbin:/usr/local/bin:/usr/sbin:/usr/bin:/sbin:/bin:/usr/games:/usr/local/games:/snap/bin'), ('LC_ADDRESS', 'de_CH.UTF-8'), ('XDG_RUNTIME_DIR', '/run/user/1000'), ('LANG', 'en_US.UTF-8'), ('LC_TELEPHONE', 'de_CH.UTF-8'), ('LS_COLORS', 'rs=0:di=01;34:ln=01;36:mh=00:pi=40;33:so=01;35:do=01;35:bd=40;33;01:cd=40;33;01:or=40;31;01:mi=00:su=37;41:sg=30;43:ca=30;41:tw=30;42:ow=34;42:st=37;44:ex=01;32:*.tar=01;31:*.tgz=01;31:*.arc=01;31:*.arj=01;31:*.taz=01;31:*.lha=01;31:*.lz4=01;31:*.lzh=01;31:*.lzma=01;31:*.tlz=01;31:*.txz=01;31:*.tzo=01;31:*.t7z=01;31:*.zip=01;31:*.z=01;31:*.dz=01;31:*.gz=01;31:*.lrz=01;31:*.lz=01;31:*.lzo=01;31:*.xz=01;31:*.zst=01;31:*.tzst=01;31:*.bz2=01;31:*.bz=01;31:*.tbz=01;31:*.tbz2=01;31:*.tz=01;31:*.deb=01;31:*.rpm=01;31:*.jar=01;31:*.war=01;31:*.ear=01;31:*.sar=01;31:*.rar=01;31:*.alz=01;31:*.ace=01;31:*.zoo=01;31:*.cpio=01;31:*.7z=01;31:*.rz=01;31:*.cab=01;31:*.wim=01;31:*.swm=01;31:*.dwm=01;31:*.esd=01;31:*.jpg=01;35:*.jpeg=01;35:*.mjpg=01;35:*.mjpeg=01;35:*.gif=01;35:*.bmp=01;35:*.pbm=01;35:*.pgm=01;35:*.ppm=01;35:*.tga=01;35:*.xbm=01;35:*.xpm=01;35:*.tif=01;35:*.tiff=01;35:*.png=01;35:*.svg=01;35:*.svgz=01;35:*.mng=01;35:*.pcx=01;35:*.mov=01;35:*.mpg=01;35:*.mpeg=01;35:*.m2v=01;35:*.mkv=01;35:*.webm=01;35:*.webp=01;35:*.ogm=01;35:*.mp4=01;35:*.m4v=01;35:*.mp4v=01;35:*.vob=01;35:*.qt=01;35:*.nuv=01;35:*.wmv=01;35:*.asf=01;35:*.rm=01;35:*.rmvb=01;35:*.flc=01;35:*.avi=01;35:*.fli=01;35:*.flv=01;35:*.gl=01;35:*.dl=01;35:*.xcf=01;35:*.xwd=01;35:*.yuv=01;35:*.cgm=01;35:*.emf=01;35:*.ogv=01;35:*.ogx=01;35:*.aac=00;36:*.au=00;36:*.flac=00;36:*.m4a=00;36:*.mid=00;36:*.midi=00;36:*.mka=00;36:*.mp3=00;36:*.mpc=00;36:*.ogg=00;36:*.ra=00;36:*.wav=00;36:*.oga=00;36:*.opus=00;36:*.spx=00;36:*.xspf=00;36:'), ('AMENT_PREFIX_PATH', '/opt/ros/humble'), ('SHELL', '/bin/bash'), ('LC_NAME', 'de_CH.UTF-8'), ('LESSCLOSE', '/usr/bin/lesspipe %s %s'), ('LC_MEASUREMENT', 'de_CH.UTF-8'), ('LC_IDENTIFICATION', 'de_CH.UTF-8'), ('PWD', '/home/arno/RoombaV2Onboard/build/sllidar_ros2'), ('LC_ALL', 'en_US.UTF-8'), ('SSH_CONNECTION', '192.168.30.158 60528 192.168.30.79 22'), ('XDG_DATA_DIRS', '/usr/local/share:/usr/share:/var/lib/snapd/desktop'), ('PYTHONPATH', '/opt/ros/humble/lib/python3.10/site-packages:/opt/ros/humble/local/lib/python3.10/dist-packages'), ('LC_NUMERIC', 'de_CH.UTF-8'), ('LC_PAPER', 'de_CH.UTF-8'), ('COLCON', '1'), ('CMAKE_PREFIX_PATH', '/opt/ros/humble')]), 'shell': False}
[22.096145] (-) TimerEvent: {}
[22.196985] (-) TimerEvent: {}
[22.275513] (sllidar_ros2) StdoutLine: {'line': b'[ 10%] \x1b[32mBuilding CXX object CMakeFiles/sllidar_client.dir/src/sllidar_client.cpp.o\x1b[0m\n'}
[22.277520] (sllidar_ros2) StdoutLine: {'line': b'[ 10%] \x1b[32mBuilding CXX object CMakeFiles/sllidar_node.dir/src/sllidar_node.cpp.o\x1b[0m\n'}
[22.282471] (sllidar_ros2) StdoutLine: {'line': b'[ 15%] \x1b[32mBuilding CXX object CMakeFiles/sllidar_node.dir/sdk/src/arch/linux/net_serial.cpp.o\x1b[0m\n'}
[22.287606] (sllidar_ros2) StdoutLine: {'line': b'[ 20%] \x1b[32mBuilding CXX object CMakeFiles/sllidar_node.dir/sdk/src/arch/linux/net_socket.cpp.o\x1b[0m\n'}
[22.297224] (-) TimerEvent: {}
[22.398495] (-) TimerEvent: {}
[22.499400] (-) TimerEvent: {}
[22.601611] (-) TimerEvent: {}
[22.703260] (-) TimerEvent: {}
[22.804124] (-) TimerEvent: {}
[22.906399] (-) TimerEvent: {}
[23.007614] (-) TimerEvent: {}
[23.108739] (-) TimerEvent: {}
[23.209710] (-) TimerEvent: {}
[23.310967] (-) TimerEvent: {}
[23.411956] (-) TimerEvent: {}
[23.513214] (-) TimerEvent: {}
[23.614641] (-) TimerEvent: {}
[23.716075] (-) TimerEvent: {}
[23.817584] (-) TimerEvent: {}
[23.919068] (-) TimerEvent: {}
[24.020174] (-) TimerEvent: {}
[24.120969] (-) TimerEvent: {}
[24.222620] (-) TimerEvent: {}
[24.323416] (-) TimerEvent: {}
[24.426107] (-) TimerEvent: {}
[24.527464] (-) TimerEvent: {}
[24.628927] (-) TimerEvent: {}
[24.730117] (-) TimerEvent: {}
[24.830996] (-) TimerEvent: {}
[24.931709] (-) TimerEvent: {}
[25.033670] (-) TimerEvent: {}
[25.134718] (-) TimerEvent: {}
[25.235669] (-) TimerEvent: {}
[25.336471] (-) TimerEvent: {}
[25.439160] (-) TimerEvent: {}
[25.540272] (-) TimerEvent: {}
[25.640943] (-) TimerEvent: {}
[25.742463] (-) TimerEvent: {}
[25.843700] (-) TimerEvent: {}
[25.944853] (-) TimerEvent: {}
[26.045884] (-) TimerEvent: {}
[26.147359] (-) TimerEvent: {}
[26.248475] (-) TimerEvent: {}
[26.349263] (-) TimerEvent: {}
[26.450454] (-) TimerEvent: {}
[26.551311] (-) TimerEvent: {}
[26.652134] (-) TimerEvent: {}
[26.753177] (-) TimerEvent: {}
[26.854323] (-) TimerEvent: {}
[26.955047] (-) TimerEvent: {}
[27.068508] (-) TimerEvent: {}
[27.169386] (-) TimerEvent: {}
[27.270245] (-) TimerEvent: {}
[27.371382] (-) TimerEvent: {}
[27.472140] (-) TimerEvent: {}
[27.572861] (-) TimerEvent: {}
[27.673768] (-) TimerEvent: {}
[27.775311] (-) TimerEvent: {}
[27.877245] (-) TimerEvent: {}
[27.978907] (-) TimerEvent: {}
[28.079750] (-) TimerEvent: {}
[28.180538] (-) TimerEvent: {}
[28.281598] (-) TimerEvent: {}
[28.382726] (-) TimerEvent: {}
[28.483839] (-) TimerEvent: {}
[28.585045] (-) TimerEvent: {}
[28.686810] (-) TimerEvent: {}
[28.789194] (-) TimerEvent: {}
[28.876876] (sllidar_ros2) StderrLine: {'line': b'In file included from \x1b[01m\x1b[K/home/arno/RoombaV2Onboard/src/sllidar_ros2/./sdk/include/rplidar_protocol.h:36\x1b[m\x1b[K,\n'}
[28.877967] (sllidar_ros2) StderrLine: {'line': b'                 from \x1b[01m\x1b[K/home/arno/RoombaV2Onboard/src/sllidar_ros2/./sdk/include/rplidar.h:39\x1b[m\x1b[K,\n'}
[28.878851] (sllidar_ros2) StderrLine: {'line': b'                 from \x1b[01m\x1b[K/home/arno/RoombaV2Onboard/src/sllidar_ros2/./sdk/src/sdkcommon.h:49\x1b[m\x1b[K,\n'}
[28.879444] (sllidar_ros2) StderrLine: {'line': b'                 from \x1b[01m\x1b[K/home/arno/RoombaV2Onboard/src/sllidar_ros2/sdk/src/arch/linux/net_socket.cpp:10\x1b[m\x1b[K:\n'}
[28.880152] (sllidar_ros2) StderrLine: {'line': b'\x1b[01m\x1b[K/home/arno/RoombaV2Onboard/src/sllidar_ros2/./sdk/include/sl_lidar_protocol.h:66:16:\x1b[m\x1b[K \x1b[01;35m\x1b[Kwarning: \x1b[m\x1b[KISO C++ forbids zero-size array \xe2\x80\x98\x1b[01m\x1b[Kdata\x1b[m\x1b[K\xe2\x80\x99 [\x1b[01;35m\x1b[K\x1b]8;;https://gcc.gnu.org/onlinedocs/gcc/Warning-Options.html#index-Wpedantic\x07-Wpedantic\x1b]8;;\x07\x1b[m\x1b[K]\n'}
[28.880949] (sllidar_ros2) StderrLine: {'line': b'   66 |     sl_u8 data[\x1b[01;35m\x1b[K0\x1b[m\x1b[K];\n'}
[28.881827] (sllidar_ros2) StderrLine: {'line': b'      |                \x1b[01;35m\x1b[K^\x1b[m\x1b[K\n'}
[28.883160] (sllidar_ros2) StderrLine: {'line': b'In file included from \x1b[01m\x1b[K/home/arno/RoombaV2Onboard/src/sllidar_ros2/./sdk/include/rplidar_cmd.h:36\x1b[m\x1b[K,\n'}
[28.883800] (sllidar_ros2) StderrLine: {'line': b'                 from \x1b[01m\x1b[K/home/arno/RoombaV2Onboard/src/sllidar_ros2/./sdk/include/rplidar.h:40\x1b[m\x1b[K,\n'}
[28.884429] (sllidar_ros2) StderrLine: {'line': b'                 from \x1b[01m\x1b[K/home/arno/RoombaV2Onboard/src/sllidar_ros2/./sdk/src/sdkcommon.h:49\x1b[m\x1b[K,\n'}
[28.885067] (sllidar_ros2) StderrLine: {'line': b'                 from \x1b[01m\x1b[K/home/arno/RoombaV2Onboard/src/sllidar_ros2/sdk/src/arch/linux/net_socket.cpp:10\x1b[m\x1b[K:\n'}
[28.885668] (sllidar_ros2) StderrLine: {'line': b'\x1b[01m\x1b[K/home/arno/RoombaV2Onboard/src/sllidar_ros2/./sdk/include/sl_lidar_cmd.h:324:20:\x1b[m\x1b[K \x1b[01;35m\x1b[Kwarning: \x1b[m\x1b[KISO C++ forbids zero-size array \xe2\x80\x98\x1b[01m\x1b[Kpayload\x1b[m\x1b[K\xe2\x80\x99 [\x1b[01;35m\x1b[K\x1b]8;;https://gcc.gnu.org/onlinedocs/gcc/Warning-Options.html#index-Wpedantic\x07-Wpedantic\x1b]8;;\x07\x1b[m\x1b[K]\n'}
[28.886338] (sllidar_ros2) StderrLine: {'line': b'  324 |     sl_u8  payload[\x1b[01;35m\x1b[K0\x1b[m\x1b[K];\n'}
[28.886852] (sllidar_ros2) StderrLine: {'line': b'      |                    \x1b[01;35m\x1b[K^\x1b[m\x1b[K\n'}
[28.889448] (-) TimerEvent: {}
[28.990759] (-) TimerEvent: {}
[29.091880] (-) TimerEvent: {}
[29.174523] (sllidar_ros2) StderrLine: {'line': b'In file included from \x1b[01m\x1b[K/home/arno/RoombaV2Onboard/src/sllidar_ros2/./sdk/src/arch/linux/arch_linux.h:42\x1b[m\x1b[K,\n'}
[29.175321] (sllidar_ros2) StderrLine: {'line': b'                 from \x1b[01m\x1b[K/home/arno/RoombaV2Onboard/src/sllidar_ros2/./sdk/src/sdkcommon.h:41\x1b[m\x1b[K,\n'}
[29.175892] (sllidar_ros2) StderrLine: {'line': b'                 from \x1b[01m\x1b[K/home/arno/RoombaV2Onboard/src/sllidar_ros2/sdk/src/arch/linux/net_socket.cpp:10\x1b[m\x1b[K:\n'}
[29.176399] (sllidar_ros2) StderrLine: {'line': b'\x1b[01m\x1b[K/home/arno/RoombaV2Onboard/src/sllidar_ros2/sdk/src/arch/linux/net_socket.cpp:\x1b[m\x1b[K In member function \xe2\x80\x98\x1b[01m\x1b[Kvirtual u_result rp::arch::net::DGramSocketImpl::sendTo(const rp::net::SocketAddress*, const void*, size_t)\x1b[m\x1b[K\xe2\x80\x99:\n'}
[29.176981] (sllidar_ros2) StderrLine: {'line': b'\x1b[01m\x1b[K/home/arno/RoombaV2Onboard/src/sllidar_ros2/sdk/src/arch/linux/net_socket.cpp:733:24:\x1b[m\x1b[K \x1b[01;35m\x1b[Kwarning: \x1b[m\x1b[Kcomparison of integer expressions of different signedness: \xe2\x80\x98\x1b[01m\x1b[Kint\x1b[m\x1b[K\xe2\x80\x99 and \xe2\x80\x98\x1b[01m\x1b[Ksize_t\x1b[m\x1b[K\xe2\x80\x99 {aka \xe2\x80\x98\x1b[01m\x1b[Klong unsigned int\x1b[m\x1b[K\xe2\x80\x99} [\x1b[01;35m\x1b[K\x1b]8;;https://gcc.gnu.org/onlinedocs/gcc/Warning-Options.html#index-Wsign-compare\x07-Wsign-compare\x1b]8;;\x07\x1b[m\x1b[K]\n'}
[29.177591] (sllidar_ros2) StderrLine: {'line': b'  733 |             assert(\x1b[01;35m\x1b[Kans == len\x1b[m\x1b[K);\n'}
[29.178247] (sllidar_ros2) StderrLine: {'line': b'      |                    \x1b[01;35m\x1b[K~~~~^~~~~~\x1b[m\x1b[K\n'}
[29.192076] (-) TimerEvent: {}
[29.293422] (-) TimerEvent: {}
[29.376580] (sllidar_ros2) StderrLine: {'line': b'\x1b[01m\x1b[K/home/arno/RoombaV2Onboard/src/sllidar_ros2/sdk/src/arch/linux/net_serial.cpp:\x1b[m\x1b[K In member function \xe2\x80\x98\x1b[01m\x1b[Kbool rp::arch::net::raw_serial::open(const char*, uint32_t, uint32_t)\x1b[m\x1b[K\xe2\x80\x99:\n'}
[29.377297] (sllidar_ros2) StderrLine: {'line': b'\x1b[01m\x1b[K/home/arno/RoombaV2Onboard/src/sllidar_ros2/sdk/src/arch/linux/net_serial.cpp:97:74:\x1b[m\x1b[K \x1b[01;35m\x1b[Kwarning: \x1b[m\x1b[Kunused parameter \xe2\x80\x98\x1b[01m\x1b[Kflags\x1b[m\x1b[K\xe2\x80\x99 [\x1b[01;35m\x1b[K\x1b]8;;https://gcc.gnu.org/onlinedocs/gcc/Warning-Options.html#index-Wunused-parameter\x07-Wunused-parameter\x1b]8;;\x07\x1b[m\x1b[K]\n'}
[29.377945] (sllidar_ros2) StderrLine: {'line': b'   97 | bool raw_serial::open(const char * portname, uint32_t baudrate, \x1b[01;35m\x1b[Kuint32_t flags\x1b[m\x1b[K)\n'}
[29.378496] (sllidar_ros2) StderrLine: {'line': b'      |                                                                 \x1b[01;35m\x1b[K~~~~~~~~~^~~~~\x1b[m\x1b[K\n'}
[29.379310] (sllidar_ros2) StderrLine: {'line': b'\x1b[01m\x1b[K/home/arno/RoombaV2Onboard/src/sllidar_ros2/sdk/src/arch/linux/net_serial.cpp:\x1b[m\x1b[K In member function \xe2\x80\x98\x1b[01m\x1b[Kvirtual void rp::arch::net::raw_serial::flush(_u32)\x1b[m\x1b[K\xe2\x80\x99:\n'}
[29.380291] (sllidar_ros2) StderrLine: {'line': b'\x1b[01m\x1b[K/home/arno/RoombaV2Onboard/src/sllidar_ros2/sdk/src/arch/linux/net_serial.cpp:281:30:\x1b[m\x1b[K \x1b[01;35m\x1b[Kwarning: \x1b[m\x1b[Kunused parameter \xe2\x80\x98\x1b[01m\x1b[Kflags\x1b[m\x1b[K\xe2\x80\x99 [\x1b[01;35m\x1b[K\x1b]8;;https://gcc.gnu.org/onlinedocs/gcc/Warning-Options.html#index-Wunused-parameter\x07-Wunused-parameter\x1b]8;;\x07\x1b[m\x1b[K]\n'}
[29.380843] (sllidar_ros2) StderrLine: {'line': b'  281 | void raw_serial::flush( \x1b[01;35m\x1b[K_u32 flags\x1b[m\x1b[K)\n'}
[29.381351] (sllidar_ros2) StderrLine: {'line': b'      |                         \x1b[01;35m\x1b[K~~~~~^~~~~\x1b[m\x1b[K\n'}
[29.381957] (sllidar_ros2) StderrLine: {'line': b'\x1b[01m\x1b[K/home/arno/RoombaV2Onboard/src/sllidar_ros2/sdk/src/arch/linux/net_serial.cpp:\x1b[m\x1b[K In member function \xe2\x80\x98\x1b[01m\x1b[Kvirtual int rp::arch::net::raw_serial::waitforsent(_u32, size_t*)\x1b[m\x1b[K\xe2\x80\x99:\n'}
[29.382607] (sllidar_ros2) StderrLine: {'line': b'\x1b[01m\x1b[K/home/arno/RoombaV2Onboard/src/sllidar_ros2/sdk/src/arch/linux/net_serial.cpp:286:34:\x1b[m\x1b[K \x1b[01;35m\x1b[Kwarning: \x1b[m\x1b[Kunused parameter \xe2\x80\x98\x1b[01m\x1b[Ktimeout\x1b[m\x1b[K\xe2\x80\x99 [\x1b[01;35m\x1b[K\x1b]8;;https://gcc.gnu.org/onlinedocs/gcc/Warning-Options.html#index-Wunused-parameter\x07-Wunused-parameter\x1b]8;;\x07\x1b[m\x1b[K]\n'}
[29.383215] (sllidar_ros2) StderrLine: {'line': b'  286 | int raw_serial::waitforsent(\x1b[01;35m\x1b[K_u32 timeout\x1b[m\x1b[K, size_t * returned_size)\n'}
[29.383757] (sllidar_ros2) StderrLine: {'line': b'      |                             \x1b[01;35m\x1b[K~~~~~^~~~~~~\x1b[m\x1b[K\n'}
[29.384261] (sllidar_ros2) StderrLine: {'line': b'\x1b[01m\x1b[K/home/arno/RoombaV2Onboard/src/sllidar_ros2/sdk/src/arch/linux/net_serial.cpp:\x1b[m\x1b[K In member function \xe2\x80\x98\x1b[01m\x1b[Kvirtual int rp::arch::net::raw_serial::waitforrecv(_u32, size_t*)\x1b[m\x1b[K\xe2\x80\x99:\n'}
[29.384850] (sllidar_ros2) StderrLine: {'line': b'\x1b[01m\x1b[K/home/arno/RoombaV2Onboard/src/sllidar_ros2/sdk/src/arch/linux/net_serial.cpp:292:34:\x1b[m\x1b[K \x1b[01;35m\x1b[Kwarning: \x1b[m\x1b[Kunused parameter \xe2\x80\x98\x1b[01m\x1b[Ktimeout\x1b[m\x1b[K\xe2\x80\x99 [\x1b[01;35m\x1b[K\x1b]8;;https://gcc.gnu.org/onlinedocs/gcc/Warning-Options.html#index-Wunused-parameter\x07-Wunused-parameter\x1b]8;;\x07\x1b[m\x1b[K]\n'}
[29.385409] (sllidar_ros2) StderrLine: {'line': b'  292 | int raw_serial::waitforrecv(\x1b[01;35m\x1b[K_u32 timeout\x1b[m\x1b[K, size_t * returned_size)\n'}
[29.386092] (sllidar_ros2) StderrLine: {'line': b'      |                             \x1b[01;35m\x1b[K~~~~~^~~~~~~\x1b[m\x1b[K\n'}
[29.386871] (sllidar_ros2) StderrLine: {'line': b'\x1b[01m\x1b[K/home/arno/RoombaV2Onboard/src/sllidar_ros2/sdk/src/arch/linux/net_serial.cpp:\x1b[m\x1b[K In member function \xe2\x80\x98\x1b[01m\x1b[Kvirtual void rp::arch::net::raw_serial::cancelOperation()\x1b[m\x1b[K\xe2\x80\x99:\n'}
[29.387451] (sllidar_ros2) StderrLine: {'line': b'\x1b[01m\x1b[K/home/arno/RoombaV2Onboard/src/sllidar_ros2/sdk/src/arch/linux/net_serial.cpp:427:5:\x1b[m\x1b[K \x1b[01;35m\x1b[Kwarning: \x1b[m\x1b[Kvalue computed is not used [\x1b[01;35m\x1b[K\x1b]8;;https://gcc.gnu.org/onlinedocs/gcc/Warning-Options.html#index-Wunused-value\x07-Wunused-value\x1b]8;;\x07\x1b[m\x1b[K]\n'}
[29.388137] (sllidar_ros2) StderrLine: {'line': b'  427 |     \x1b[01;35m\x1b[K(int)::write(_selfpipe[1], "x", 1)\x1b[m\x1b[K;\n'}
[29.388627] (sllidar_ros2) StderrLine: {'line': b'      |     \x1b[01;35m\x1b[K^~~~~~~~~~~~~~~~~~~~~~~~~~~~~~~~~~\x1b[m\x1b[K\n'}
[29.393717] (-) TimerEvent: {}
[29.494593] (-) TimerEvent: {}
[29.595480] (-) TimerEvent: {}
[29.696542] (-) TimerEvent: {}
[29.797308] (-) TimerEvent: {}
[29.898991] (-) TimerEvent: {}
[30.001168] (-) TimerEvent: {}
[30.018541] (sllidar_ros2) StdoutLine: {'line': b'[ 25%] \x1b[32mBuilding CXX object CMakeFiles/sllidar_node.dir/sdk/src/arch/linux/timer.cpp.o\x1b[0m\n'}
[30.101345] (-) TimerEvent: {}
[30.179590] (sllidar_ros2) StdoutLine: {'line': b'[ 30%] \x1b[32mBuilding CXX object CMakeFiles/sllidar_node.dir/sdk/src/dataunpacker/dataunpacker.cpp.o\x1b[0m\n'}
[30.201586] (-) TimerEvent: {}
[30.303327] (-) TimerEvent: {}
[30.404740] (-) TimerEvent: {}
[30.505492] (-) TimerEvent: {}
[30.607646] (-) TimerEvent: {}
[30.708727] (-) TimerEvent: {}
[30.809515] (-) TimerEvent: {}
[30.910937] (-) TimerEvent: {}
[31.012735] (-) TimerEvent: {}
[31.114871] (-) TimerEvent: {}
[31.216588] (-) TimerEvent: {}
[31.318799] (-) TimerEvent: {}
[31.420564] (-) TimerEvent: {}
[31.522838] (-) TimerEvent: {}
[31.625576] (-) TimerEvent: {}
[31.728300] (-) TimerEvent: {}
[31.830696] (-) TimerEvent: {}
[31.933672] (-) TimerEvent: {}
[32.035782] (-) TimerEvent: {}
[32.138399] (-) TimerEvent: {}
[32.240500] (-) TimerEvent: {}
[32.342743] (-) TimerEvent: {}
[32.444939] (-) TimerEvent: {}
[32.547026] (-) TimerEvent: {}
[32.649206] (-) TimerEvent: {}
[32.751227] (-) TimerEvent: {}
[32.853086] (-) TimerEvent: {}
[32.954982] (-) TimerEvent: {}
[32.979589] (sllidar_ros2) StdoutLine: {'line': b'[ 35%] \x1b[32mBuilding CXX object CMakeFiles/sllidar_node.dir/sdk/src/dataunpacker/unpacker/handler_capsules.cpp.o\x1b[0m\n'}
[33.055281] (-) TimerEvent: {}
[33.156998] (-) TimerEvent: {}
[33.258786] (-) TimerEvent: {}
[33.359723] (-) TimerEvent: {}
[33.461216] (-) TimerEvent: {}
[33.565063] (-) TimerEvent: {}
[33.663026] (sllidar_ros2) StderrLine: {'line': b'In file included from \x1b[01m\x1b[K/home/arno/RoombaV2Onboard/src/sllidar_ros2/./sdk/include/rplidar_protocol.h:36\x1b[m\x1b[K,\n'}
[33.663720] (sllidar_ros2) StderrLine: {'line': b'                 from \x1b[01m\x1b[K/home/arno/RoombaV2Onboard/src/sllidar_ros2/./sdk/include/rplidar.h:39\x1b[m\x1b[K,\n'}
[33.664442] (sllidar_ros2) StderrLine: {'line': b'                 from \x1b[01m\x1b[K/home/arno/RoombaV2Onboard/src/sllidar_ros2/./sdk/src/sdkcommon.h:49\x1b[m\x1b[K,\n'}
[33.665981] (-) TimerEvent: {}
[33.667180] (sllidar_ros2) StderrLine: {'line': b'                 from \x1b[01m\x1b[K/home/arno/RoombaV2Onboard/src/sllidar_ros2/sdk/src/dataunpacker/dataunnpacker_commondef.h:41\x1b[m\x1b[K,\n'}
[33.667814] (sllidar_ros2) StderrLine: {'line': b'                 from \x1b[01m\x1b[K/home/arno/RoombaV2Onboard/src/sllidar_ros2/sdk/src/dataunpacker/dataunpacker.cpp:39\x1b[m\x1b[K:\n'}
[33.668498] (sllidar_ros2) StderrLine: {'line': b'\x1b[01m\x1b[K/home/arno/RoombaV2Onboard/src/sllidar_ros2/./sdk/include/sl_lidar_protocol.h:66:16:\x1b[m\x1b[K \x1b[01;35m\x1b[Kwarning: \x1b[m\x1b[KISO C++ forbids zero-size array \xe2\x80\x98\x1b[01m\x1b[Kdata\x1b[m\x1b[K\xe2\x80\x99 [\x1b[01;35m\x1b[K\x1b]8;;https://gcc.gnu.org/onlinedocs/gcc/Warning-Options.html#index-Wpedantic\x07-Wpedantic\x1b]8;;\x07\x1b[m\x1b[K]\n'}
[33.669323] (sllidar_ros2) StderrLine: {'line': b'   66 |     sl_u8 data[\x1b[01;35m\x1b[K0\x1b[m\x1b[K];\n'}
[33.670054] (sllidar_ros2) StderrLine: {'line': b'      |                \x1b[01;35m\x1b[K^\x1b[m\x1b[K\n'}
[33.670580] (sllidar_ros2) StderrLine: {'line': b'In file included from \x1b[01m\x1b[K/home/arno/RoombaV2Onboard/src/sllidar_ros2/./sdk/include/rplidar_cmd.h:36\x1b[m\x1b[K,\n'}
[33.671087] (sllidar_ros2) StderrLine: {'line': b'                 from \x1b[01m\x1b[K/home/arno/RoombaV2Onboard/src/sllidar_ros2/./sdk/include/rplidar.h:40\x1b[m\x1b[K,\n'}
[33.671605] (sllidar_ros2) StderrLine: {'line': b'                 from \x1b[01m\x1b[K/home/arno/RoombaV2Onboard/src/sllidar_ros2/./sdk/src/sdkcommon.h:49\x1b[m\x1b[K,\n'}
[33.672151] (sllidar_ros2) StderrLine: {'line': b'                 from \x1b[01m\x1b[K/home/arno/RoombaV2Onboard/src/sllidar_ros2/sdk/src/dataunpacker/dataunnpacker_commondef.h:41\x1b[m\x1b[K,\n'}
[33.676556] (sllidar_ros2) StderrLine: {'line': b'                 from \x1b[01m\x1b[K/home/arno/RoombaV2Onboard/src/sllidar_ros2/sdk/src/dataunpacker/dataunpacker.cpp:39\x1b[m\x1b[K:\n'}
[33.677496] (sllidar_ros2) StderrLine: {'line': b'\x1b[01m\x1b[K/home/arno/RoombaV2Onboard/src/sllidar_ros2/./sdk/include/sl_lidar_cmd.h:324:20:\x1b[m\x1b[K \x1b[01;35m\x1b[Kwarning: \x1b[m\x1b[KISO C++ forbids zero-size array \xe2\x80\x98\x1b[01m\x1b[Kpayload\x1b[m\x1b[K\xe2\x80\x99 [\x1b[01;35m\x1b[K\x1b]8;;https://gcc.gnu.org/onlinedocs/gcc/Warning-Options.html#index-Wpedantic\x07-Wpedantic\x1b]8;;\x07\x1b[m\x1b[K]\n'}
[33.678623] (sllidar_ros2) StderrLine: {'line': b'  324 |     sl_u8  payload[\x1b[01;35m\x1b[K0\x1b[m\x1b[K];\n'}
[33.679662] (sllidar_ros2) StderrLine: {'line': b'      |                    \x1b[01;35m\x1b[K^\x1b[m\x1b[K\n'}
[33.766226] (-) TimerEvent: {}
[33.868281] (-) TimerEvent: {}
[33.970641] (-) TimerEvent: {}
[34.073708] (-) TimerEvent: {}
[34.174942] (-) TimerEvent: {}
[34.275877] (-) TimerEvent: {}
[34.377710] (-) TimerEvent: {}
[34.479452] (-) TimerEvent: {}
[34.581397] (-) TimerEvent: {}
[34.683597] (-) TimerEvent: {}
[34.727901] (sllidar_ros2) StderrLine: {'line': b'In file included from \x1b[01m\x1b[K/home/arno/RoombaV2Onboard/src/sllidar_ros2/sdk/src/dataunpacker/dataunpacker.cpp:40\x1b[m\x1b[K:\n'}
[34.728816] (sllidar_ros2) StderrLine: {'line': b'\x1b[01m\x1b[K/home/arno/RoombaV2Onboard/src/sllidar_ros2/sdk/src/dataunpacker/dataunpacker.h:\x1b[m\x1b[K In member function \xe2\x80\x98\x1b[01m\x1b[Kvirtual void sl::internal::LIDARSampleDataListener::onCustomSampleDataDecoded(_u8, _u32, const void*, size_t)\x1b[m\x1b[K\xe2\x80\x99:\n'}
[34.729492] (sllidar_ros2) StderrLine: {'line': b'\x1b[01m\x1b[K/home/arno/RoombaV2Onboard/src/sllidar_ros2/sdk/src/dataunpacker/dataunpacker.h:54:52:\x1b[m\x1b[K \x1b[01;35m\x1b[Kwarning: \x1b[m\x1b[Kunused parameter \xe2\x80\x98\x1b[01m\x1b[KansType\x1b[m\x1b[K\xe2\x80\x99 [\x1b[01;35m\x1b[K\x1b]8;;https://gcc.gnu.org/onlinedocs/gcc/Warning-Options.html#index-Wunused-parameter\x07-Wunused-parameter\x1b]8;;\x07\x1b[m\x1b[K]\n'}
[34.730276] (sllidar_ros2) StderrLine: {'line': b'   54 |         virtual void onCustomSampleDataDecoded(\x1b[01;35m\x1b[K_u8 ansType\x1b[m\x1b[K, _u32 customCode, const void* data, size_t size) {}\n'}
[34.730912] (sllidar_ros2) StderrLine: {'line': b'      |                                                \x1b[01;35m\x1b[K~~~~^~~~~~~\x1b[m\x1b[K\n'}
[34.732447] (sllidar_ros2) StderrLine: {'line': b'\x1b[01m\x1b[K/home/arno/RoombaV2Onboard/src/sllidar_ros2/sdk/src/dataunpacker/dataunpacker.h:54:66:\x1b[m\x1b[K \x1b[01;35m\x1b[Kwarning: \x1b[m\x1b[Kunused parameter \xe2\x80\x98\x1b[01m\x1b[KcustomCode\x1b[m\x1b[K\xe2\x80\x99 [\x1b[01;35m\x1b[K\x1b]8;;https://gcc.gnu.org/onlinedocs/gcc/Warning-Options.html#index-Wunused-parameter\x07-Wunused-parameter\x1b]8;;\x07\x1b[m\x1b[K]\n'}
[34.733430] (sllidar_ros2) StderrLine: {'line': b'   54 |         virtual void onCustomSampleDataDecoded(_u8 ansType, \x1b[01;35m\x1b[K_u32 customCode\x1b[m\x1b[K, const void* data, size_t size) {}\n'}
[34.734449] (sllidar_ros2) StderrLine: {'line': b'      |                                                             \x1b[01;35m\x1b[K~~~~~^~~~~~~~~~\x1b[m\x1b[K\n'}
[34.735559] (sllidar_ros2) StderrLine: {'line': b'\x1b[01m\x1b[K/home/arno/RoombaV2Onboard/src/sllidar_ros2/sdk/src/dataunpacker/dataunpacker.h:54:90:\x1b[m\x1b[K \x1b[01;35m\x1b[Kwarning: \x1b[m\x1b[Kunused parameter \xe2\x80\x98\x1b[01m\x1b[Kdata\x1b[m\x1b[K\xe2\x80\x99 [\x1b[01;35m\x1b[K\x1b]8;;https://gcc.gnu.org/onlinedocs/gcc/Warning-Options.html#index-Wunused-parameter\x07-Wunused-parameter\x1b]8;;\x07\x1b[m\x1b[K]\n'}
[34.736593] (sllidar_ros2) StderrLine: {'line': b'   54 |         virtual void onCustomSampleDataDecoded(_u8 ansType, _u32 customCode, \x1b[01;35m\x1b[Kconst void* data\x1b[m\x1b[K, size_t size) {}\n'}
[34.737390] (sllidar_ros2) StderrLine: {'line': b'      |                                                                              \x1b[01;35m\x1b[K~~~~~~~~~~~~^~~~\x1b[m\x1b[K\n'}
[34.738296] (sllidar_ros2) StderrLine: {'line': b'\x1b[01m\x1b[K/home/arno/RoombaV2Onboard/src/sllidar_ros2/sdk/src/dataunpacker/dataunpacker.h:54:103:\x1b[m\x1b[K \x1b[01;35m\x1b[Kwarning: \x1b[m\x1b[Kunused parameter \xe2\x80\x98\x1b[01m\x1b[Ksize\x1b[m\x1b[K\xe2\x80\x99 [\x1b[01;35m\x1b[K\x1b]8;;https://gcc.gnu.org/onlinedocs/gcc/Warning-Options.html#index-Wunused-parameter\x07-Wunused-parameter\x1b]8;;\x07\x1b[m\x1b[K]\n'}
[34.739245] (sllidar_ros2) StderrLine: {'line': b'   54 |         virtual void onCustomSampleDataDecoded(_u8 ansType, _u32 customCode, const void* data, \x1b[01;35m\x1b[Ksize_t size\x1b[m\x1b[K) {}\n'}
[34.740297] (sllidar_ros2) StderrLine: {'line': b'      |                                                                                                \x1b[01;35m\x1b[K~~~~~~~^~~~\x1b[m\x1b[K\n'}
[34.741382] (sllidar_ros2) StderrLine: {'line': b'\x1b[01m\x1b[K/home/arno/RoombaV2Onboard/src/sllidar_ros2/sdk/src/dataunpacker/dataunpacker.h:\x1b[m\x1b[K In member function \xe2\x80\x98\x1b[01m\x1b[Kvirtual void sl::internal::LIDARSampleDataListener::onDecodingError(int, _u8, const void*, size_t)\x1b[m\x1b[K\xe2\x80\x99:\n'}
[34.758457] (sllidar_ros2) StderrLine: {'line': b'\x1b[01m\x1b[K/home/arno/RoombaV2Onboard/src/sllidar_ros2/sdk/src/dataunpacker/dataunpacker.h:56:42:\x1b[m\x1b[K \x1b[01;35m\x1b[Kwarning: \x1b[m\x1b[Kunused parameter \xe2\x80\x98\x1b[01m\x1b[KerrMsg\x1b[m\x1b[K\xe2\x80\x99 [\x1b[01;35m\x1b[K\x1b]8;;https://gcc.gnu.org/onlinedocs/gcc/Warning-Options.html#index-Wunused-parameter\x07-Wunused-parameter\x1b]8;;\x07\x1b[m\x1b[K]\n'}
[34.759268] (sllidar_ros2) StderrLine: {'line': b'   56 |         virtual void onDecodingError(\x1b[01;35m\x1b[Kint errMsg\x1b[m\x1b[K, _u8 ansType, const void* payload, size_t size) {}\n'}
[34.759948] (sllidar_ros2) StderrLine: {'line': b'      |                                      \x1b[01;35m\x1b[K~~~~^~~~~~\x1b[m\x1b[K\n'}
[34.760862] (sllidar_ros2) StderrLine: {'line': b'\x1b[01m\x1b[K/home/arno/RoombaV2Onboard/src/sllidar_ros2/sdk/src/dataunpacker/dataunpacker.h:56:54:\x1b[m\x1b[K \x1b[01;35m\x1b[Kwarning: \x1b[m\x1b[Kunused parameter \xe2\x80\x98\x1b[01m\x1b[KansType\x1b[m\x1b[K\xe2\x80\x99 [\x1b[01;35m\x1b[K\x1b]8;;https://gcc.gnu.org/onlinedocs/gcc/Warning-Options.html#index-Wunused-parameter\x07-Wunused-parameter\x1b]8;;\x07\x1b[m\x1b[K]\n'}
[34.770220] (sllidar_ros2) StderrLine: {'line': b'   56 |         virtual void onDecodingError(int errMsg, \x1b[01;35m\x1b[K_u8 ansType\x1b[m\x1b[K, const void* payload, size_t size) {}\n'}
[34.771295] (sllidar_ros2) StderrLine: {'line': b'      |                                                  \x1b[01;35m\x1b[K~~~~^~~~~~~\x1b[m\x1b[K\n'}
[34.772241] (sllidar_ros2) StderrLine: {'line': b'\x1b[01m\x1b[K/home/arno/RoombaV2Onboard/src/sllidar_ros2/sdk/src/dataunpacker/dataunpacker.h:56:75:\x1b[m\x1b[K \x1b[01;35m\x1b[Kwarning: \x1b[m\x1b[Kunused parameter \xe2\x80\x98\x1b[01m\x1b[Kpayload\x1b[m\x1b[K\xe2\x80\x99 [\x1b[01;35m\x1b[K\x1b]8;;https://gcc.gnu.org/onlinedocs/gcc/Warning-Options.html#index-Wunused-parameter\x07-Wunused-parameter\x1b]8;;\x07\x1b[m\x1b[K]\n'}
[34.773078] (sllidar_ros2) StderrLine: {'line': b'   56 |         virtual void onDecodingError(int errMsg, _u8 ansType, \x1b[01;35m\x1b[Kconst void* payload\x1b[m\x1b[K, size_t size) {}\n'}
[34.774222] (sllidar_ros2) StderrLine: {'line': b'      |                                                               \x1b[01;35m\x1b[K~~~~~~~~~~~~^~~~~~~\x1b[m\x1b[K\n'}
[34.775080] (sllidar_ros2) StderrLine: {'line': b'\x1b[01m\x1b[K/home/arno/RoombaV2Onboard/src/sllidar_ros2/sdk/src/dataunpacker/dataunpacker.h:56:91:\x1b[m\x1b[K \x1b[01;35m\x1b[Kwarning: \x1b[m\x1b[Kunused parameter \xe2\x80\x98\x1b[01m\x1b[Ksize\x1b[m\x1b[K\xe2\x80\x99 [\x1b[01;35m\x1b[K\x1b]8;;https://gcc.gnu.org/onlinedocs/gcc/Warning-Options.html#index-Wunused-parameter\x07-Wunused-parameter\x1b]8;;\x07\x1b[m\x1b[K]\n'}
[34.776033] (sllidar_ros2) StderrLine: {'line': b'   56 |         virtual void onDecodingError(int errMsg, _u8 ansType, const void* payload, \x1b[01;35m\x1b[Ksize_t size\x1b[m\x1b[K) {}\n'}
[34.776876] (sllidar_ros2) StderrLine: {'line': b'      |                                                                                    \x1b[01;35m\x1b[K~~~~~~~^~~~\x1b[m\x1b[K\n'}
[34.793897] (-) TimerEvent: {}
[34.895783] (-) TimerEvent: {}
[34.997522] (-) TimerEvent: {}
[35.099195] (-) TimerEvent: {}
[35.200891] (-) TimerEvent: {}
[35.303043] (-) TimerEvent: {}
[35.404738] (-) TimerEvent: {}
[35.506898] (-) TimerEvent: {}
[35.609074] (-) TimerEvent: {}
[35.710897] (-) TimerEvent: {}
[35.812750] (-) TimerEvent: {}
[35.914743] (-) TimerEvent: {}
[36.016514] (-) TimerEvent: {}
[36.118492] (-) TimerEvent: {}
[36.211686] (sllidar_ros2) StdoutLine: {'line': b'[ 40%] \x1b[32mBuilding CXX object CMakeFiles/sllidar_node.dir/sdk/src/dataunpacker/unpacker/handler_hqnode.cpp.o\x1b[0m\n'}
[36.218863] (-) TimerEvent: {}
[36.320854] (-) TimerEvent: {}
[36.422827] (-) TimerEvent: {}
[36.524732] (-) TimerEvent: {}
[36.626942] (-) TimerEvent: {}
[36.728930] (-) TimerEvent: {}
[36.830668] (-) TimerEvent: {}
[36.932557] (-) TimerEvent: {}
[37.034774] (-) TimerEvent: {}
[37.136804] (-) TimerEvent: {}
[37.238798] (-) TimerEvent: {}
[37.340510] (-) TimerEvent: {}
[37.442586] (-) TimerEvent: {}
[37.544682] (-) TimerEvent: {}
[37.646781] (-) TimerEvent: {}
[37.748588] (-) TimerEvent: {}
[37.850376] (-) TimerEvent: {}
[37.870915] (sllidar_ros2) StderrLine: {'line': b'In file included from \x1b[01m\x1b[K/home/arno/RoombaV2Onboard/src/sllidar_ros2/./sdk/include/rplidar_protocol.h:36\x1b[m\x1b[K,\n'}
[37.882204] (sllidar_ros2) StderrLine: {'line': b'                 from \x1b[01m\x1b[K/home/arno/RoombaV2Onboard/src/sllidar_ros2/./sdk/include/rplidar.h:39\x1b[m\x1b[K,\n'}
[37.883846] (sllidar_ros2) StderrLine: {'line': b'                 from \x1b[01m\x1b[K/home/arno/RoombaV2Onboard/src/sllidar_ros2/./sdk/src/sdkcommon.h:49\x1b[m\x1b[K,\n'}
[37.884912] (sllidar_ros2) StderrLine: {'line': b'                 from \x1b[01m\x1b[K/home/arno/RoombaV2Onboard/src/sllidar_ros2/sdk/src/dataunpacker/unpacker/../dataunnpacker_commondef.h:41\x1b[m\x1b[K,\n'}
[37.885589] (sllidar_ros2) StderrLine: {'line': b'                 from \x1b[01m\x1b[K/home/arno/RoombaV2Onboard/src/sllidar_ros2/sdk/src/dataunpacker/unpacker/handler_capsules.cpp:39\x1b[m\x1b[K:\n'}
[37.887238] (sllidar_ros2) StderrLine: {'line': b'\x1b[01m\x1b[K/home/arno/RoombaV2Onboard/src/sllidar_ros2/./sdk/include/sl_lidar_protocol.h:66:16:\x1b[m\x1b[K \x1b[01;35m\x1b[Kwarning: \x1b[m\x1b[KISO C++ forbids zero-size array \xe2\x80\x98\x1b[01m\x1b[Kdata\x1b[m\x1b[K\xe2\x80\x99 [\x1b[01;35m\x1b[K\x1b]8;;https://gcc.gnu.org/onlinedocs/gcc/Warning-Options.html#index-Wpedantic\x07-Wpedantic\x1b]8;;\x07\x1b[m\x1b[K]\n'}
[37.888321] (sllidar_ros2) StderrLine: {'line': b'   66 |     sl_u8 data[\x1b[01;35m\x1b[K0\x1b[m\x1b[K];\n'}
[37.889199] (sllidar_ros2) StderrLine: {'line': b'      |                \x1b[01;35m\x1b[K^\x1b[m\x1b[K\n'}
[37.890170] (sllidar_ros2) StderrLine: {'line': b'In file included from \x1b[01m\x1b[K/home/arno/RoombaV2Onboard/src/sllidar_ros2/./sdk/include/rplidar_cmd.h:36\x1b[m\x1b[K,\n'}
[37.891140] (sllidar_ros2) StderrLine: {'line': b'                 from \x1b[01m\x1b[K/home/arno/RoombaV2Onboard/src/sllidar_ros2/./sdk/include/rplidar.h:40\x1b[m\x1b[K,\n'}
[37.892043] (sllidar_ros2) StderrLine: {'line': b'                 from \x1b[01m\x1b[K/home/arno/RoombaV2Onboard/src/sllidar_ros2/./sdk/src/sdkcommon.h:49\x1b[m\x1b[K,\n'}
[37.892867] (sllidar_ros2) StderrLine: {'line': b'                 from \x1b[01m\x1b[K/home/arno/RoombaV2Onboard/src/sllidar_ros2/sdk/src/dataunpacker/unpacker/../dataunnpacker_commondef.h:41\x1b[m\x1b[K,\n'}
[37.910037] (sllidar_ros2) StderrLine: {'line': b'                 from \x1b[01m\x1b[K/home/arno/RoombaV2Onboard/src/sllidar_ros2/sdk/src/dataunpacker/unpacker/handler_capsules.cpp:39\x1b[m\x1b[K:\n'}
[37.911625] (sllidar_ros2) StderrLine: {'line': b'\x1b[01m\x1b[K/home/arno/RoombaV2Onboard/src/sllidar_ros2/./sdk/include/sl_lidar_cmd.h:324:20:\x1b[m\x1b[K \x1b[01;35m\x1b[Kwarning: \x1b[m\x1b[KISO C++ forbids zero-size array \xe2\x80\x98\x1b[01m\x1b[Kpayload\x1b[m\x1b[K\xe2\x80\x99 [\x1b[01;35m\x1b[K\x1b]8;;https://gcc.gnu.org/onlinedocs/gcc/Warning-Options.html#index-Wpedantic\x07-Wpedantic\x1b]8;;\x07\x1b[m\x1b[K]\n'}
[37.912891] (sllidar_ros2) StderrLine: {'line': b'  324 |     sl_u8  payload[\x1b[01;35m\x1b[K0\x1b[m\x1b[K];\n'}
[37.914140] (sllidar_ros2) StderrLine: {'line': b'      |                    \x1b[01;35m\x1b[K^\x1b[m\x1b[K\n'}
[37.950675] (-) TimerEvent: {}
[38.051700] (-) TimerEvent: {}
[38.153078] (-) TimerEvent: {}
[38.254436] (-) TimerEvent: {}
[38.355943] (-) TimerEvent: {}
[38.457084] (-) TimerEvent: {}
[38.558448] (-) TimerEvent: {}
[38.659478] (-) TimerEvent: {}
[38.760764] (-) TimerEvent: {}
[38.862239] (-) TimerEvent: {}
[38.963497] (-) TimerEvent: {}
[39.064784] (-) TimerEvent: {}
[39.165906] (-) TimerEvent: {}
[39.267168] (-) TimerEvent: {}
[39.368618] (-) TimerEvent: {}
[39.469949] (-) TimerEvent: {}
[39.571091] (-) TimerEvent: {}
[39.672333] (-) TimerEvent: {}
[39.773556] (-) TimerEvent: {}
[39.874960] (-) TimerEvent: {}
[39.976137] (-) TimerEvent: {}
[40.050235] (sllidar_ros2) StderrLine: {'line': b'In file included from \x1b[01m\x1b[K/home/arno/RoombaV2Onboard/src/sllidar_ros2/sdk/src/dataunpacker/unpacker/handler_capsules.cpp:40\x1b[m\x1b[K:\n'}
[40.052220] (sllidar_ros2) StderrLine: {'line': b'\x1b[01m\x1b[K/home/arno/RoombaV2Onboard/src/sllidar_ros2/sdk/src/dataunpacker/unpacker/../dataunpacker.h:\x1b[m\x1b[K In member function \xe2\x80\x98\x1b[01m\x1b[Kvirtual void sl::internal::LIDARSampleDataListener::onCustomSampleDataDecoded(_u8, _u32, const void*, size_t)\x1b[m\x1b[K\xe2\x80\x99:\n'}
[40.054283] (sllidar_ros2) StderrLine: {'line': b'\x1b[01m\x1b[K/home/arno/RoombaV2Onboard/src/sllidar_ros2/sdk/src/dataunpacker/unpacker/../dataunpacker.h:54:52:\x1b[m\x1b[K \x1b[01;35m\x1b[Kwarning: \x1b[m\x1b[Kunused parameter \xe2\x80\x98\x1b[01m\x1b[KansType\x1b[m\x1b[K\xe2\x80\x99 [\x1b[01;35m\x1b[K\x1b]8;;https://gcc.gnu.org/onlinedocs/gcc/Warning-Options.html#index-Wunused-parameter\x07-Wunused-parameter\x1b]8;;\x07\x1b[m\x1b[K]\n'}
[40.056447] (sllidar_ros2) StderrLine: {'line': b'   54 |         virtual void onCustomSampleDataDecoded(\x1b[01;35m\x1b[K_u8 ansType\x1b[m\x1b[K, _u32 customCode, const void* data, size_t size) {}\n'}
[40.057582] (sllidar_ros2) StderrLine: {'line': b'      |                                                \x1b[01;35m\x1b[K~~~~^~~~~~~\x1b[m\x1b[K\n'}
[40.058749] (sllidar_ros2) StderrLine: {'line': b'\x1b[01m\x1b[K/home/arno/RoombaV2Onboard/src/sllidar_ros2/sdk/src/dataunpacker/unpacker/../dataunpacker.h:54:66:\x1b[m\x1b[K \x1b[01;35m\x1b[Kwarning: \x1b[m\x1b[Kunused parameter \xe2\x80\x98\x1b[01m\x1b[KcustomCode\x1b[m\x1b[K\xe2\x80\x99 [\x1b[01;35m\x1b[K\x1b]8;;https://gcc.gnu.org/onlinedocs/gcc/Warning-Options.html#index-Wunused-parameter\x07-Wunused-parameter\x1b]8;;\x07\x1b[m\x1b[K]\n'}
[40.059600] (sllidar_ros2) StderrLine: {'line': b'   54 |         virtual void onCustomSampleDataDecoded(_u8 ansType, \x1b[01;35m\x1b[K_u32 customCode\x1b[m\x1b[K, const void* data, size_t size) {}\n'}
[40.060536] (sllidar_ros2) StderrLine: {'line': b'      |                                                             \x1b[01;35m\x1b[K~~~~~^~~~~~~~~~\x1b[m\x1b[K\n'}
[40.061520] (sllidar_ros2) StderrLine: {'line': b'\x1b[01m\x1b[K/home/arno/RoombaV2Onboard/src/sllidar_ros2/sdk/src/dataunpacker/unpacker/../dataunpacker.h:54:90:\x1b[m\x1b[K \x1b[01;35m\x1b[Kwarning: \x1b[m\x1b[Kunused parameter \xe2\x80\x98\x1b[01m\x1b[Kdata\x1b[m\x1b[K\xe2\x80\x99 [\x1b[01;35m\x1b[K\x1b]8;;https://gcc.gnu.org/onlinedocs/gcc/Warning-Options.html#index-Wunused-parameter\x07-Wunused-parameter\x1b]8;;\x07\x1b[m\x1b[K]\n'}
[40.074974] (sllidar_ros2) StderrLine: {'line': b'   54 |         virtual void onCustomSampleDataDecoded(_u8 ansType, _u32 customCode, \x1b[01;35m\x1b[Kconst void* data\x1b[m\x1b[K, size_t size) {}\n'}
[40.075901] (sllidar_ros2) StderrLine: {'line': b'      |                                                                              \x1b[01;35m\x1b[K~~~~~~~~~~~~^~~~\x1b[m\x1b[K\n'}
[40.076799] (-) TimerEvent: {}
[40.086012] (sllidar_ros2) StderrLine: {'line': b'\x1b[01m\x1b[K/home/arno/RoombaV2Onboard/src/sllidar_ros2/sdk/src/dataunpacker/unpacker/../dataunpacker.h:54:103:\x1b[m\x1b[K \x1b[01;35m\x1b[Kwarning: \x1b[m\x1b[Kunused parameter \xe2\x80\x98\x1b[01m\x1b[Ksize\x1b[m\x1b[K\xe2\x80\x99 [\x1b[01;35m\x1b[K\x1b]8;;https://gcc.gnu.org/onlinedocs/gcc/Warning-Options.html#index-Wunused-parameter\x07-Wunused-parameter\x1b]8;;\x07\x1b[m\x1b[K]\n'}
[40.087002] (sllidar_ros2) StderrLine: {'line': b'   54 |         virtual void onCustomSampleDataDecoded(_u8 ansType, _u32 customCode, const void* data, \x1b[01;35m\x1b[Ksize_t size\x1b[m\x1b[K) {}\n'}
[40.087843] (sllidar_ros2) StderrLine: {'line': b'      |                                                                                                \x1b[01;35m\x1b[K~~~~~~~^~~~\x1b[m\x1b[K\n'}
[40.088691] (sllidar_ros2) StderrLine: {'line': b'\x1b[01m\x1b[K/home/arno/RoombaV2Onboard/src/sllidar_ros2/sdk/src/dataunpacker/unpacker/../dataunpacker.h:\x1b[m\x1b[K In member function \xe2\x80\x98\x1b[01m\x1b[Kvirtual void sl::internal::LIDARSampleDataListener::onDecodingError(int, _u8, const void*, size_t)\x1b[m\x1b[K\xe2\x80\x99:\n'}
[40.089568] (sllidar_ros2) StderrLine: {'line': b'\x1b[01m\x1b[K/home/arno/RoombaV2Onboard/src/sllidar_ros2/sdk/src/dataunpacker/unpacker/../dataunpacker.h:56:42:\x1b[m\x1b[K \x1b[01;35m\x1b[Kwarning: \x1b[m\x1b[Kunused parameter \xe2\x80\x98\x1b[01m\x1b[KerrMsg\x1b[m\x1b[K\xe2\x80\x99 [\x1b[01;35m\x1b[K\x1b]8;;https://gcc.gnu.org/onlinedocs/gcc/Warning-Options.html#index-Wunused-parameter\x07-Wunused-parameter\x1b]8;;\x07\x1b[m\x1b[K]\n'}
[40.090719] (sllidar_ros2) StderrLine: {'line': b'   56 |         virtual void onDecodingError(\x1b[01;35m\x1b[Kint errMsg\x1b[m\x1b[K, _u8 ansType, const void* payload, size_t size) {}\n'}
[40.091520] (sllidar_ros2) StderrLine: {'line': b'      |                                      \x1b[01;35m\x1b[K~~~~^~~~~~\x1b[m\x1b[K\n'}
[40.092654] (sllidar_ros2) StderrLine: {'line': b'\x1b[01m\x1b[K/home/arno/RoombaV2Onboard/src/sllidar_ros2/sdk/src/dataunpacker/unpacker/../dataunpacker.h:56:54:\x1b[m\x1b[K \x1b[01;35m\x1b[Kwarning: \x1b[m\x1b[Kunused parameter \xe2\x80\x98\x1b[01m\x1b[KansType\x1b[m\x1b[K\xe2\x80\x99 [\x1b[01;35m\x1b[K\x1b]8;;https://gcc.gnu.org/onlinedocs/gcc/Warning-Options.html#index-Wunused-parameter\x07-Wunused-parameter\x1b]8;;\x07\x1b[m\x1b[K]\n'}
[40.098207] (sllidar_ros2) StderrLine: {'line': b'   56 |         virtual void onDecodingError(int errMsg, \x1b[01;35m\x1b[K_u8 ansType\x1b[m\x1b[K, const void* payload, size_t size) {}\n'}
[40.099189] (sllidar_ros2) StderrLine: {'line': b'      |                                                  \x1b[01;35m\x1b[K~~~~^~~~~~~\x1b[m\x1b[K\n'}
[40.100060] (sllidar_ros2) StderrLine: {'line': b'\x1b[01m\x1b[K/home/arno/RoombaV2Onboard/src/sllidar_ros2/sdk/src/dataunpacker/unpacker/../dataunpacker.h:56:75:\x1b[m\x1b[K \x1b[01;35m\x1b[Kwarning: \x1b[m\x1b[Kunused parameter \xe2\x80\x98\x1b[01m\x1b[Kpayload\x1b[m\x1b[K\xe2\x80\x99 [\x1b[01;35m\x1b[K\x1b]8;;https://gcc.gnu.org/onlinedocs/gcc/Warning-Options.html#index-Wunused-parameter\x07-Wunused-parameter\x1b]8;;\x07\x1b[m\x1b[K]\n'}
[40.100717] (sllidar_ros2) StderrLine: {'line': b'   56 |         virtual void onDecodingError(int errMsg, _u8 ansType, \x1b[01;35m\x1b[Kconst void* payload\x1b[m\x1b[K, size_t size) {}\n'}
[40.101552] (sllidar_ros2) StderrLine: {'line': b'      |                                                               \x1b[01;35m\x1b[K~~~~~~~~~~~~^~~~~~~\x1b[m\x1b[K\n'}
[40.102377] (sllidar_ros2) StderrLine: {'line': b'\x1b[01m\x1b[K/home/arno/RoombaV2Onboard/src/sllidar_ros2/sdk/src/dataunpacker/unpacker/../dataunpacker.h:56:91:\x1b[m\x1b[K \x1b[01;35m\x1b[Kwarning: \x1b[m\x1b[Kunused parameter \xe2\x80\x98\x1b[01m\x1b[Ksize\x1b[m\x1b[K\xe2\x80\x99 [\x1b[01;35m\x1b[K\x1b]8;;https://gcc.gnu.org/onlinedocs/gcc/Warning-Options.html#index-Wunused-parameter\x07-Wunused-parameter\x1b]8;;\x07\x1b[m\x1b[K]\n'}
[40.103182] (sllidar_ros2) StderrLine: {'line': b'   56 |         virtual void onDecodingError(int errMsg, _u8 ansType, const void* payload, \x1b[01;35m\x1b[Ksize_t size\x1b[m\x1b[K) {}\n'}
[40.103925] (sllidar_ros2) StderrLine: {'line': b'      |                                                                                    \x1b[01;35m\x1b[K~~~~~~~^~~~\x1b[m\x1b[K\n'}
[40.166710] (sllidar_ros2) StderrLine: {'line': b'\x1b[01m\x1b[K/home/arno/RoombaV2Onboard/src/sllidar_ros2/sdk/src/dataunpacker/unpacker/handler_capsules.cpp:\x1b[m\x1b[K In member function \xe2\x80\x98\x1b[01m\x1b[Kvoid sl::internal::unpacker::UnpackerHandler_DenseCapsuleNode::_onScanNodeDenseCapsuleData(rplidar_response_dense_capsule_measurement_nodes_t&, sl::internal::LIDARSampleDataUnpackerInner*)\x1b[m\x1b[K\xe2\x80\x99:\n'}
[40.177194] (-) TimerEvent: {}
[40.178595] (sllidar_ros2) StderrLine: {'line': b'\x1b[01m\x1b[K/home/arno/RoombaV2Onboard/src/sllidar_ros2/sdk/src/dataunpacker/unpacker/handler_capsules.cpp:763:30:\x1b[m\x1b[K \x1b[01;35m\x1b[Kwarning: \x1b[m\x1b[Ktype qualifiers ignored on cast result type [\x1b[01;35m\x1b[K\x1b]8;;https://gcc.gnu.org/onlinedocs/gcc/Warning-Options.html#index-Wignored-qualifiers\x07-Wignored-qualifiers\x1b]8;;\x07\x1b[m\x1b[K]\n'}
[40.179637] (sllidar_ros2) StderrLine: {'line': b'  763 |             const int dist = \x1b[01;35m\x1b[Kstatic_cast<const int>(_cached_previous_dense_capsuledata.cabins[pos].distance)\x1b[m\x1b[K;\n'}
[40.181116] (sllidar_ros2) StderrLine: {'line': b'      |                              \x1b[01;35m\x1b[K^~~~~~~~~~~~~~~~~~~~~~~~~~~~~~~~~~~~~~~~~~~~~~~~~~~~~~~~~~~~~~~~~~~~~~~~~~~~~~~\x1b[m\x1b[K\n'}
[40.277441] (-) TimerEvent: {}
[40.378635] (-) TimerEvent: {}
[40.480010] (-) TimerEvent: {}
[40.581192] (-) TimerEvent: {}
[40.682425] (-) TimerEvent: {}
[40.783647] (-) TimerEvent: {}
[40.885006] (-) TimerEvent: {}
[40.986245] (-) TimerEvent: {}
[41.087490] (-) TimerEvent: {}
[41.188830] (-) TimerEvent: {}
[41.289886] (-) TimerEvent: {}
[41.391106] (-) TimerEvent: {}
[41.492185] (-) TimerEvent: {}
[41.539483] (sllidar_ros2) StderrLine: {'line': b'In file included from \x1b[01m\x1b[K/home/arno/RoombaV2Onboard/src/sllidar_ros2/./sdk/include/rplidar_protocol.h:36\x1b[m\x1b[K,\n'}
[41.540921] (sllidar_ros2) StderrLine: {'line': b'                 from \x1b[01m\x1b[K/home/arno/RoombaV2Onboard/src/sllidar_ros2/./sdk/include/rplidar.h:39\x1b[m\x1b[K,\n'}
[41.541729] (sllidar_ros2) StderrLine: {'line': b'                 from \x1b[01m\x1b[K/home/arno/RoombaV2Onboard/src/sllidar_ros2/./sdk/src/sdkcommon.h:49\x1b[m\x1b[K,\n'}
[41.542492] (sllidar_ros2) StderrLine: {'line': b'                 from \x1b[01m\x1b[K/home/arno/RoombaV2Onboard/src/sllidar_ros2/sdk/src/dataunpacker/unpacker/../dataunnpacker_commondef.h:41\x1b[m\x1b[K,\n'}
[41.543645] (sllidar_ros2) StderrLine: {'line': b'                 from \x1b[01m\x1b[K/home/arno/RoombaV2Onboard/src/sllidar_ros2/sdk/src/dataunpacker/unpacker/handler_hqnode.cpp:39\x1b[m\x1b[K:\n'}
[41.544737] (sllidar_ros2) StderrLine: {'line': b'\x1b[01m\x1b[K/home/arno/RoombaV2Onboard/src/sllidar_ros2/./sdk/include/sl_lidar_protocol.h:66:16:\x1b[m\x1b[K \x1b[01;35m\x1b[Kwarning: \x1b[m\x1b[KISO C++ forbids zero-size array \xe2\x80\x98\x1b[01m\x1b[Kdata\x1b[m\x1b[K\xe2\x80\x99 [\x1b[01;35m\x1b[K\x1b]8;;https://gcc.gnu.org/onlinedocs/gcc/Warning-Options.html#index-Wpedantic\x07-Wpedantic\x1b]8;;\x07\x1b[m\x1b[K]\n'}
[41.545482] (sllidar_ros2) StderrLine: {'line': b'   66 |     sl_u8 data[\x1b[01;35m\x1b[K0\x1b[m\x1b[K];\n'}
[41.546313] (sllidar_ros2) StderrLine: {'line': b'      |                \x1b[01;35m\x1b[K^\x1b[m\x1b[K\n'}
[41.547121] (sllidar_ros2) StderrLine: {'line': b'In file included from \x1b[01m\x1b[K/home/arno/RoombaV2Onboard/src/sllidar_ros2/./sdk/include/rplidar_cmd.h:36\x1b[m\x1b[K,\n'}
[41.548179] (sllidar_ros2) StderrLine: {'line': b'                 from \x1b[01m\x1b[K/home/arno/RoombaV2Onboard/src/sllidar_ros2/./sdk/include/rplidar.h:40\x1b[m\x1b[K,\n'}
[41.548978] (sllidar_ros2) StderrLine: {'line': b'                 from \x1b[01m\x1b[K/home/arno/RoombaV2Onboard/src/sllidar_ros2/./sdk/src/sdkcommon.h:49\x1b[m\x1b[K,\n'}
[41.549902] (sllidar_ros2) StderrLine: {'line': b'                 from \x1b[01m\x1b[K/home/arno/RoombaV2Onboard/src/sllidar_ros2/sdk/src/dataunpacker/unpacker/../dataunnpacker_commondef.h:41\x1b[m\x1b[K,\n'}
[41.551102] (sllidar_ros2) StderrLine: {'line': b'                 from \x1b[01m\x1b[K/home/arno/RoombaV2Onboard/src/sllidar_ros2/sdk/src/dataunpacker/unpacker/handler_hqnode.cpp:39\x1b[m\x1b[K:\n'}
[41.552189] (sllidar_ros2) StderrLine: {'line': b'\x1b[01m\x1b[K/home/arno/RoombaV2Onboard/src/sllidar_ros2/./sdk/include/sl_lidar_cmd.h:324:20:\x1b[m\x1b[K \x1b[01;35m\x1b[Kwarning: \x1b[m\x1b[KISO C++ forbids zero-size array \xe2\x80\x98\x1b[01m\x1b[Kpayload\x1b[m\x1b[K\xe2\x80\x99 [\x1b[01;35m\x1b[K\x1b]8;;https://gcc.gnu.org/onlinedocs/gcc/Warning-Options.html#index-Wpedantic\x07-Wpedantic\x1b]8;;\x07\x1b[m\x1b[K]\n'}
[41.553276] (sllidar_ros2) StderrLine: {'line': b'  324 |     sl_u8  payload[\x1b[01;35m\x1b[K0\x1b[m\x1b[K];\n'}
[41.562583] (sllidar_ros2) StderrLine: {'line': b'      |                    \x1b[01;35m\x1b[K^\x1b[m\x1b[K\n'}
[41.592511] (-) TimerEvent: {}
[41.693712] (-) TimerEvent: {}
[41.794715] (-) TimerEvent: {}
[41.895872] (-) TimerEvent: {}
[41.992330] (sllidar_ros2) StdoutLine: {'line': b'[ 45%] \x1b[32mBuilding CXX object CMakeFiles/sllidar_node.dir/sdk/src/dataunpacker/unpacker/handler_normalnode.cpp.o\x1b[0m\n'}
[41.996182] (-) TimerEvent: {}
[42.098160] (-) TimerEvent: {}
[42.199256] (-) TimerEvent: {}
[42.304365] (-) TimerEvent: {}
[42.405541] (-) TimerEvent: {}
[42.507090] (-) TimerEvent: {}
[42.608783] (-) TimerEvent: {}
[42.710445] (-) TimerEvent: {}
[42.812071] (-) TimerEvent: {}
[42.913751] (-) TimerEvent: {}
[43.015390] (-) TimerEvent: {}
[43.117130] (-) TimerEvent: {}
[43.219091] (-) TimerEvent: {}
[43.321119] (-) TimerEvent: {}
[43.422714] (-) TimerEvent: {}
[43.524244] (-) TimerEvent: {}
[43.618401] (sllidar_ros2) StderrLine: {'line': b'In file included from \x1b[01m\x1b[K/home/arno/RoombaV2Onboard/src/sllidar_ros2/sdk/src/dataunpacker/unpacker/handler_hqnode.cpp:40\x1b[m\x1b[K:\n'}
[43.619927] (sllidar_ros2) StderrLine: {'line': b'\x1b[01m\x1b[K/home/arno/RoombaV2Onboard/src/sllidar_ros2/sdk/src/dataunpacker/unpacker/../dataunpacker.h:\x1b[m\x1b[K In member function \xe2\x80\x98\x1b[01m\x1b[Kvirtual void sl::internal::LIDARSampleDataListener::onCustomSampleDataDecoded(_u8, _u32, const void*, size_t)\x1b[m\x1b[K\xe2\x80\x99:\n'}
[43.621488] (sllidar_ros2) StderrLine: {'line': b'\x1b[01m\x1b[K/home/arno/RoombaV2Onboard/src/sllidar_ros2/sdk/src/dataunpacker/unpacker/../dataunpacker.h:54:52:\x1b[m\x1b[K \x1b[01;35m\x1b[Kwarning: \x1b[m\x1b[Kunused parameter \xe2\x80\x98\x1b[01m\x1b[KansType\x1b[m\x1b[K\xe2\x80\x99 [\x1b[01;35m\x1b[K\x1b]8;;https://gcc.gnu.org/onlinedocs/gcc/Warning-Options.html#index-Wunused-parameter\x07-Wunused-parameter\x1b]8;;\x07\x1b[m\x1b[K]\n'}
[43.622983] (sllidar_ros2) StderrLine: {'line': b'   54 |         virtual void onCustomSampleDataDecoded(\x1b[01;35m\x1b[K_u8 ansType\x1b[m\x1b[K, _u32 customCode, const void* data, size_t size) {}\n'}
[43.623862] (sllidar_ros2) StderrLine: {'line': b'      |                                                \x1b[01;35m\x1b[K~~~~^~~~~~~\x1b[m\x1b[K\n'}
[43.624511] (-) TimerEvent: {}
[43.625317] (sllidar_ros2) StderrLine: {'line': b'\x1b[01m\x1b[K/home/arno/RoombaV2Onboard/src/sllidar_ros2/sdk/src/dataunpacker/unpacker/../dataunpacker.h:54:66:\x1b[m\x1b[K \x1b[01;35m\x1b[Kwarning: \x1b[m\x1b[Kunused parameter \xe2\x80\x98\x1b[01m\x1b[KcustomCode\x1b[m\x1b[K\xe2\x80\x99 [\x1b[01;35m\x1b[K\x1b]8;;https://gcc.gnu.org/onlinedocs/gcc/Warning-Options.html#index-Wunused-parameter\x07-Wunused-parameter\x1b]8;;\x07\x1b[m\x1b[K]\n'}
[43.626193] (sllidar_ros2) StderrLine: {'line': b'   54 |         virtual void onCustomSampleDataDecoded(_u8 ansType, \x1b[01;35m\x1b[K_u32 customCode\x1b[m\x1b[K, const void* data, size_t size) {}\n'}
[43.626878] (sllidar_ros2) StderrLine: {'line': b'      |                                                             \x1b[01;35m\x1b[K~~~~~^~~~~~~~~~\x1b[m\x1b[K\n'}
[43.627594] (sllidar_ros2) StderrLine: {'line': b'\x1b[01m\x1b[K/home/arno/RoombaV2Onboard/src/sllidar_ros2/sdk/src/dataunpacker/unpacker/../dataunpacker.h:54:90:\x1b[m\x1b[K \x1b[01;35m\x1b[Kwarning: \x1b[m\x1b[Kunused parameter \xe2\x80\x98\x1b[01m\x1b[Kdata\x1b[m\x1b[K\xe2\x80\x99 [\x1b[01;35m\x1b[K\x1b]8;;https://gcc.gnu.org/onlinedocs/gcc/Warning-Options.html#index-Wunused-parameter\x07-Wunused-parameter\x1b]8;;\x07\x1b[m\x1b[K]\n'}
[43.628292] (sllidar_ros2) StderrLine: {'line': b'   54 |         virtual void onCustomSampleDataDecoded(_u8 ansType, _u32 customCode, \x1b[01;35m\x1b[Kconst void* data\x1b[m\x1b[K, size_t size) {}\n'}
[43.629049] (sllidar_ros2) StderrLine: {'line': b'      |                                                                              \x1b[01;35m\x1b[K~~~~~~~~~~~~^~~~\x1b[m\x1b[K\n'}
[43.629747] (sllidar_ros2) StderrLine: {'line': b'\x1b[01m\x1b[K/home/arno/RoombaV2Onboard/src/sllidar_ros2/sdk/src/dataunpacker/unpacker/../dataunpacker.h:54:103:\x1b[m\x1b[K \x1b[01;35m\x1b[Kwarning: \x1b[m\x1b[Kunused parameter \xe2\x80\x98\x1b[01m\x1b[Ksize\x1b[m\x1b[K\xe2\x80\x99 [\x1b[01;35m\x1b[K\x1b]8;;https://gcc.gnu.org/onlinedocs/gcc/Warning-Options.html#index-Wunused-parameter\x07-Wunused-parameter\x1b]8;;\x07\x1b[m\x1b[K]\n'}
[43.630482] (sllidar_ros2) StderrLine: {'line': b'   54 |         virtual void onCustomSampleDataDecoded(_u8 ansType, _u32 customCode, const void* data, \x1b[01;35m\x1b[Ksize_t size\x1b[m\x1b[K) {}\n'}
[43.631194] (sllidar_ros2) StderrLine: {'line': b'      |                                                                                                \x1b[01;35m\x1b[K~~~~~~~^~~~\x1b[m\x1b[K\n'}
[43.631913] (sllidar_ros2) StderrLine: {'line': b'\x1b[01m\x1b[K/home/arno/RoombaV2Onboard/src/sllidar_ros2/sdk/src/dataunpacker/unpacker/../dataunpacker.h:\x1b[m\x1b[K In member function \xe2\x80\x98\x1b[01m\x1b[Kvirtual void sl::internal::LIDARSampleDataListener::onDecodingError(int, _u8, const void*, size_t)\x1b[m\x1b[K\xe2\x80\x99:\n'}
[43.632629] (sllidar_ros2) StderrLine: {'line': b'\x1b[01m\x1b[K/home/arno/RoombaV2Onboard/src/sllidar_ros2/sdk/src/dataunpacker/unpacker/../dataunpacker.h:56:42:\x1b[m\x1b[K \x1b[01;35m\x1b[Kwarning: \x1b[m\x1b[Kunused parameter \xe2\x80\x98\x1b[01m\x1b[KerrMsg\x1b[m\x1b[K\xe2\x80\x99 [\x1b[01;35m\x1b[K\x1b]8;;https://gcc.gnu.org/onlinedocs/gcc/Warning-Options.html#index-Wunused-parameter\x07-Wunused-parameter\x1b]8;;\x07\x1b[m\x1b[K]\n'}
[43.633410] (sllidar_ros2) StderrLine: {'line': b'   56 |         virtual void onDecodingError(\x1b[01;35m\x1b[Kint errMsg\x1b[m\x1b[K, _u8 ansType, const void* payload, size_t size) {}\n'}
[43.650449] (sllidar_ros2) StderrLine: {'line': b'      |                                      \x1b[01;35m\x1b[K~~~~^~~~~~\x1b[m\x1b[K\n'}
[43.651300] (sllidar_ros2) StderrLine: {'line': b'\x1b[01m\x1b[K/home/arno/RoombaV2Onboard/src/sllidar_ros2/sdk/src/dataunpacker/unpacker/../dataunpacker.h:56:54:\x1b[m\x1b[K \x1b[01;35m\x1b[Kwarning: \x1b[m\x1b[Kunused parameter \xe2\x80\x98\x1b[01m\x1b[KansType\x1b[m\x1b[K\xe2\x80\x99 [\x1b[01;35m\x1b[K\x1b]8;;https://gcc.gnu.org/onlinedocs/gcc/Warning-Options.html#index-Wunused-parameter\x07-Wunused-parameter\x1b]8;;\x07\x1b[m\x1b[K]\n'}
[43.652066] (sllidar_ros2) StderrLine: {'line': b'   56 |         virtual void onDecodingError(int errMsg, \x1b[01;35m\x1b[K_u8 ansType\x1b[m\x1b[K, const void* payload, size_t size) {}\n'}
[43.652766] (sllidar_ros2) StderrLine: {'line': b'      |                                                  \x1b[01;35m\x1b[K~~~~^~~~~~~\x1b[m\x1b[K\n'}
[43.653441] (sllidar_ros2) StderrLine: {'line': b'\x1b[01m\x1b[K/home/arno/RoombaV2Onboard/src/sllidar_ros2/sdk/src/dataunpacker/unpacker/../dataunpacker.h:56:75:\x1b[m\x1b[K \x1b[01;35m\x1b[Kwarning: \x1b[m\x1b[Kunused parameter \xe2\x80\x98\x1b[01m\x1b[Kpayload\x1b[m\x1b[K\xe2\x80\x99 [\x1b[01;35m\x1b[K\x1b]8;;https://gcc.gnu.org/onlinedocs/gcc/Warning-Options.html#index-Wunused-parameter\x07-Wunused-parameter\x1b]8;;\x07\x1b[m\x1b[K]\n'}
[43.654411] (sllidar_ros2) StderrLine: {'line': b'   56 |         virtual void onDecodingError(int errMsg, _u8 ansType, \x1b[01;35m\x1b[Kconst void* payload\x1b[m\x1b[K, size_t size) {}\n'}
[43.655095] (sllidar_ros2) StderrLine: {'line': b'      |                                                               \x1b[01;35m\x1b[K~~~~~~~~~~~~^~~~~~~\x1b[m\x1b[K\n'}
[43.655851] (sllidar_ros2) StderrLine: {'line': b'\x1b[01m\x1b[K/home/arno/RoombaV2Onboard/src/sllidar_ros2/sdk/src/dataunpacker/unpacker/../dataunpacker.h:56:91:\x1b[m\x1b[K \x1b[01;35m\x1b[Kwarning: \x1b[m\x1b[Kunused parameter \xe2\x80\x98\x1b[01m\x1b[Ksize\x1b[m\x1b[K\xe2\x80\x99 [\x1b[01;35m\x1b[K\x1b]8;;https://gcc.gnu.org/onlinedocs/gcc/Warning-Options.html#index-Wunused-parameter\x07-Wunused-parameter\x1b]8;;\x07\x1b[m\x1b[K]\n'}
[43.656552] (sllidar_ros2) StderrLine: {'line': b'   56 |         virtual void onDecodingError(int errMsg, _u8 ansType, const void* payload, \x1b[01;35m\x1b[Ksize_t size\x1b[m\x1b[K) {}\n'}
[43.657197] (sllidar_ros2) StderrLine: {'line': b'      |                                                                                    \x1b[01;35m\x1b[K~~~~~~~^~~~\x1b[m\x1b[K\n'}
[43.724787] (-) TimerEvent: {}
[43.826409] (-) TimerEvent: {}
[43.928221] (-) TimerEvent: {}
[44.029942] (-) TimerEvent: {}
[44.131574] (-) TimerEvent: {}
[44.232519] (-) TimerEvent: {}
[44.333701] (-) TimerEvent: {}
[44.434815] (-) TimerEvent: {}
[44.536044] (-) TimerEvent: {}
[44.637280] (-) TimerEvent: {}
[44.738458] (-) TimerEvent: {}
[44.839553] (-) TimerEvent: {}
[44.940634] (-) TimerEvent: {}
[45.033754] (sllidar_ros2) StdoutLine: {'line': b'[ 50%] \x1b[32mBuilding CXX object CMakeFiles/sllidar_node.dir/sdk/src/hal/thread.cpp.o\x1b[0m\n'}
[45.040895] (-) TimerEvent: {}
[45.141867] (-) TimerEvent: {}
[45.243019] (-) TimerEvent: {}
[45.344138] (-) TimerEvent: {}
[45.445214] (-) TimerEvent: {}
[45.546391] (-) TimerEvent: {}
[45.647697] (-) TimerEvent: {}
[45.749252] (-) TimerEvent: {}
[45.850337] (-) TimerEvent: {}
[45.951455] (-) TimerEvent: {}
[46.052572] (-) TimerEvent: {}
[46.153619] (-) TimerEvent: {}
[46.254721] (-) TimerEvent: {}
[46.355746] (-) TimerEvent: {}
[46.456972] (-) TimerEvent: {}
[46.558283] (-) TimerEvent: {}
[46.659328] (-) TimerEvent: {}
[46.761106] (-) TimerEvent: {}
[46.862286] (-) TimerEvent: {}
[46.963345] (-) TimerEvent: {}
[47.064519] (-) TimerEvent: {}
[47.165855] (-) TimerEvent: {}
[47.268035] (-) TimerEvent: {}
[47.368685] (sllidar_ros2) StderrLine: {'line': b'In file included from \x1b[01m\x1b[K/home/arno/RoombaV2Onboard/src/sllidar_ros2/./sdk/include/rplidar_protocol.h:36\x1b[m\x1b[K,\n'}
[47.369619] (-) TimerEvent: {}
[47.371260] (sllidar_ros2) StderrLine: {'line': b'                 from \x1b[01m\x1b[K/home/arno/RoombaV2Onboard/src/sllidar_ros2/./sdk/include/rplidar.h:39\x1b[m\x1b[K,\n'}
[47.372197] (sllidar_ros2) StderrLine: {'line': b'                 from \x1b[01m\x1b[K/home/arno/RoombaV2Onboard/src/sllidar_ros2/./sdk/src/sdkcommon.h:49\x1b[m\x1b[K,\n'}
[47.373093] (sllidar_ros2) StderrLine: {'line': b'                 from \x1b[01m\x1b[K/home/arno/RoombaV2Onboard/src/sllidar_ros2/sdk/src/dataunpacker/unpacker/../dataunnpacker_commondef.h:41\x1b[m\x1b[K,\n'}
[47.374222] (sllidar_ros2) StderrLine: {'line': b'                 from \x1b[01m\x1b[K/home/arno/RoombaV2Onboard/src/sllidar_ros2/sdk/src/dataunpacker/unpacker/handler_normalnode.cpp:39\x1b[m\x1b[K:\n'}
[47.375136] (sllidar_ros2) StderrLine: {'line': b'\x1b[01m\x1b[K/home/arno/RoombaV2Onboard/src/sllidar_ros2/./sdk/include/sl_lidar_protocol.h:66:16:\x1b[m\x1b[K \x1b[01;35m\x1b[Kwarning: \x1b[m\x1b[KISO C++ forbids zero-size array \xe2\x80\x98\x1b[01m\x1b[Kdata\x1b[m\x1b[K\xe2\x80\x99 [\x1b[01;35m\x1b[K\x1b]8;;https://gcc.gnu.org/onlinedocs/gcc/Warning-Options.html#index-Wpedantic\x07-Wpedantic\x1b]8;;\x07\x1b[m\x1b[K]\n'}
[47.376048] (sllidar_ros2) StderrLine: {'line': b'   66 |     sl_u8 data[\x1b[01;35m\x1b[K0\x1b[m\x1b[K];\n'}
[47.376804] (sllidar_ros2) StderrLine: {'line': b'      |                \x1b[01;35m\x1b[K^\x1b[m\x1b[K\n'}
[47.379214] (sllidar_ros2) StderrLine: {'line': b'In file included from \x1b[01m\x1b[K/home/arno/RoombaV2Onboard/src/sllidar_ros2/./sdk/include/rplidar_cmd.h:36\x1b[m\x1b[K,\n'}
[47.389875] (sllidar_ros2) StderrLine: {'line': b'                 from \x1b[01m\x1b[K/home/arno/RoombaV2Onboard/src/sllidar_ros2/./sdk/include/rplidar.h:40\x1b[m\x1b[K,\n'}
[47.390769] (sllidar_ros2) StderrLine: {'line': b'                 from \x1b[01m\x1b[K/home/arno/RoombaV2Onboard/src/sllidar_ros2/./sdk/src/sdkcommon.h:49\x1b[m\x1b[K,\n'}
[47.391570] (sllidar_ros2) StderrLine: {'line': b'                 from \x1b[01m\x1b[K/home/arno/RoombaV2Onboard/src/sllidar_ros2/sdk/src/dataunpacker/unpacker/../dataunnpacker_commondef.h:41\x1b[m\x1b[K,\n'}
[47.392325] (sllidar_ros2) StderrLine: {'line': b'                 from \x1b[01m\x1b[K/home/arno/RoombaV2Onboard/src/sllidar_ros2/sdk/src/dataunpacker/unpacker/handler_normalnode.cpp:39\x1b[m\x1b[K:\n'}
[47.393037] (sllidar_ros2) StderrLine: {'line': b'\x1b[01m\x1b[K/home/arno/RoombaV2Onboard/src/sllidar_ros2/./sdk/include/sl_lidar_cmd.h:324:20:\x1b[m\x1b[K \x1b[01;35m\x1b[Kwarning: \x1b[m\x1b[KISO C++ forbids zero-size array \xe2\x80\x98\x1b[01m\x1b[Kpayload\x1b[m\x1b[K\xe2\x80\x99 [\x1b[01;35m\x1b[K\x1b]8;;https://gcc.gnu.org/onlinedocs/gcc/Warning-Options.html#index-Wpedantic\x07-Wpedantic\x1b]8;;\x07\x1b[m\x1b[K]\n'}
[47.393873] (sllidar_ros2) StderrLine: {'line': b'  324 |     sl_u8  payload[\x1b[01;35m\x1b[K0\x1b[m\x1b[K];\n'}
[47.394714] (sllidar_ros2) StderrLine: {'line': b'      |                    \x1b[01;35m\x1b[K^\x1b[m\x1b[K\n'}
[47.469863] (-) TimerEvent: {}
[47.571187] (-) TimerEvent: {}
[47.672664] (-) TimerEvent: {}
[47.773751] (-) TimerEvent: {}
[47.874768] (-) TimerEvent: {}
[47.975785] (-) TimerEvent: {}
[48.076963] (-) TimerEvent: {}
[48.179003] (-) TimerEvent: {}
[48.280574] (-) TimerEvent: {}
[48.382510] (-) TimerEvent: {}
[48.484243] (-) TimerEvent: {}
[48.586852] (-) TimerEvent: {}
[48.687875] (-) TimerEvent: {}
[48.789043] (-) TimerEvent: {}
[48.890191] (-) TimerEvent: {}
[48.991226] (-) TimerEvent: {}
[49.092431] (-) TimerEvent: {}
[49.194097] (-) TimerEvent: {}
[49.201403] (sllidar_ros2) StderrLine: {'line': b'In file included from \x1b[01m\x1b[K/home/arno/RoombaV2Onboard/src/sllidar_ros2/sdk/src/dataunpacker/unpacker/handler_normalnode.cpp:40\x1b[m\x1b[K:\n'}
[49.202449] (sllidar_ros2) StderrLine: {'line': b'\x1b[01m\x1b[K/home/arno/RoombaV2Onboard/src/sllidar_ros2/sdk/src/dataunpacker/unpacker/../dataunpacker.h:\x1b[m\x1b[K In member function \xe2\x80\x98\x1b[01m\x1b[Kvirtual void sl::internal::LIDARSampleDataListener::onCustomSampleDataDecoded(_u8, _u32, const void*, size_t)\x1b[m\x1b[K\xe2\x80\x99:\n'}
[49.203291] (sllidar_ros2) StderrLine: {'line': b'\x1b[01m\x1b[K/home/arno/RoombaV2Onboard/src/sllidar_ros2/sdk/src/dataunpacker/unpacker/../dataunpacker.h:54:52:\x1b[m\x1b[K \x1b[01;35m\x1b[Kwarning: \x1b[m\x1b[Kunused parameter \xe2\x80\x98\x1b[01m\x1b[KansType\x1b[m\x1b[K\xe2\x80\x99 [\x1b[01;35m\x1b[K\x1b]8;;https://gcc.gnu.org/onlinedocs/gcc/Warning-Options.html#index-Wunused-parameter\x07-Wunused-parameter\x1b]8;;\x07\x1b[m\x1b[K]\n'}
[49.204058] (sllidar_ros2) StderrLine: {'line': b'   54 |         virtual void onCustomSampleDataDecoded(\x1b[01;35m\x1b[K_u8 ansType\x1b[m\x1b[K, _u32 customCode, const void* data, size_t size) {}\n'}
[49.204776] (sllidar_ros2) StderrLine: {'line': b'      |                                                \x1b[01;35m\x1b[K~~~~^~~~~~~\x1b[m\x1b[K\n'}
[49.206235] (sllidar_ros2) StderrLine: {'line': b'\x1b[01m\x1b[K/home/arno/RoombaV2Onboard/src/sllidar_ros2/sdk/src/dataunpacker/unpacker/../dataunpacker.h:54:66:\x1b[m\x1b[K \x1b[01;35m\x1b[Kwarning: \x1b[m\x1b[Kunused parameter \xe2\x80\x98\x1b[01m\x1b[KcustomCode\x1b[m\x1b[K\xe2\x80\x99 [\x1b[01;35m\x1b[K\x1b]8;;https://gcc.gnu.org/onlinedocs/gcc/Warning-Options.html#index-Wunused-parameter\x07-Wunused-parameter\x1b]8;;\x07\x1b[m\x1b[K]\n'}
[49.207145] (sllidar_ros2) StderrLine: {'line': b'   54 |         virtual void onCustomSampleDataDecoded(_u8 ansType, \x1b[01;35m\x1b[K_u32 customCode\x1b[m\x1b[K, const void* data, size_t size) {}\n'}
[49.207872] (sllidar_ros2) StderrLine: {'line': b'      |                                                             \x1b[01;35m\x1b[K~~~~~^~~~~~~~~~\x1b[m\x1b[K\n'}
[49.208617] (sllidar_ros2) StderrLine: {'line': b'\x1b[01m\x1b[K/home/arno/RoombaV2Onboard/src/sllidar_ros2/sdk/src/dataunpacker/unpacker/../dataunpacker.h:54:90:\x1b[m\x1b[K \x1b[01;35m\x1b[Kwarning: \x1b[m\x1b[Kunused parameter \xe2\x80\x98\x1b[01m\x1b[Kdata\x1b[m\x1b[K\xe2\x80\x99 [\x1b[01;35m\x1b[K\x1b]8;;https://gcc.gnu.org/onlinedocs/gcc/Warning-Options.html#index-Wunused-parameter\x07-Wunused-parameter\x1b]8;;\x07\x1b[m\x1b[K]\n'}
[49.209396] (sllidar_ros2) StderrLine: {'line': b'   54 |         virtual void onCustomSampleDataDecoded(_u8 ansType, _u32 customCode, \x1b[01;35m\x1b[Kconst void* data\x1b[m\x1b[K, size_t size) {}\n'}
[49.210193] (sllidar_ros2) StderrLine: {'line': b'      |                                                                              \x1b[01;35m\x1b[K~~~~~~~~~~~~^~~~\x1b[m\x1b[K\n'}
[49.210882] (sllidar_ros2) StderrLine: {'line': b'\x1b[01m\x1b[K/home/arno/RoombaV2Onboard/src/sllidar_ros2/sdk/src/dataunpacker/unpacker/../dataunpacker.h:54:103:\x1b[m\x1b[K \x1b[01;35m\x1b[Kwarning: \x1b[m\x1b[Kunused parameter \xe2\x80\x98\x1b[01m\x1b[Ksize\x1b[m\x1b[K\xe2\x80\x99 [\x1b[01;35m\x1b[K\x1b]8;;https://gcc.gnu.org/onlinedocs/gcc/Warning-Options.html#index-Wunused-parameter\x07-Wunused-parameter\x1b]8;;\x07\x1b[m\x1b[K]\n'}
[49.211639] (sllidar_ros2) StderrLine: {'line': b'   54 |         virtual void onCustomSampleDataDecoded(_u8 ansType, _u32 customCode, const void* data, \x1b[01;35m\x1b[Ksize_t size\x1b[m\x1b[K) {}\n'}
[49.212379] (sllidar_ros2) StderrLine: {'line': b'      |                                                                                                \x1b[01;35m\x1b[K~~~~~~~^~~~\x1b[m\x1b[K\n'}
[49.213137] (sllidar_ros2) StderrLine: {'line': b'\x1b[01m\x1b[K/home/arno/RoombaV2Onboard/src/sllidar_ros2/sdk/src/dataunpacker/unpacker/../dataunpacker.h:\x1b[m\x1b[K In member function \xe2\x80\x98\x1b[01m\x1b[Kvirtual void sl::internal::LIDARSampleDataListener::onDecodingError(int, _u8, const void*, size_t)\x1b[m\x1b[K\xe2\x80\x99:\n'}
[49.218317] (sllidar_ros2) StderrLine: {'line': b'\x1b[01m\x1b[K/home/arno/RoombaV2Onboard/src/sllidar_ros2/sdk/src/dataunpacker/unpacker/../dataunpacker.h:56:42:\x1b[m\x1b[K \x1b[01;35m\x1b[Kwarning: \x1b[m\x1b[Kunused parameter \xe2\x80\x98\x1b[01m\x1b[KerrMsg\x1b[m\x1b[K\xe2\x80\x99 [\x1b[01;35m\x1b[K\x1b]8;;https://gcc.gnu.org/onlinedocs/gcc/Warning-Options.html#index-Wunused-parameter\x07-Wunused-parameter\x1b]8;;\x07\x1b[m\x1b[K]\n'}
[49.219557] (sllidar_ros2) StderrLine: {'line': b'   56 |         virtual void onDecodingError(\x1b[01;35m\x1b[Kint errMsg\x1b[m\x1b[K, _u8 ansType, const void* payload, size_t size) {}\n'}
[49.220431] (sllidar_ros2) StderrLine: {'line': b'      |                                      \x1b[01;35m\x1b[K~~~~^~~~~~\x1b[m\x1b[K\n'}
[49.221298] (sllidar_ros2) StderrLine: {'line': b'\x1b[01m\x1b[K/home/arno/RoombaV2Onboard/src/sllidar_ros2/sdk/src/dataunpacker/unpacker/../dataunpacker.h:56:54:\x1b[m\x1b[K \x1b[01;35m\x1b[Kwarning: \x1b[m\x1b[Kunused parameter \xe2\x80\x98\x1b[01m\x1b[KansType\x1b[m\x1b[K\xe2\x80\x99 [\x1b[01;35m\x1b[K\x1b]8;;https://gcc.gnu.org/onlinedocs/gcc/Warning-Options.html#index-Wunused-parameter\x07-Wunused-parameter\x1b]8;;\x07\x1b[m\x1b[K]\n'}
[49.222302] (sllidar_ros2) StderrLine: {'line': b'   56 |         virtual void onDecodingError(int errMsg, \x1b[01;35m\x1b[K_u8 ansType\x1b[m\x1b[K, const void* payload, size_t size) {}\n'}
[49.223142] (sllidar_ros2) StderrLine: {'line': b'      |                                                  \x1b[01;35m\x1b[K~~~~^~~~~~~\x1b[m\x1b[K\n'}
[49.224023] (sllidar_ros2) StderrLine: {'line': b'\x1b[01m\x1b[K/home/arno/RoombaV2Onboard/src/sllidar_ros2/sdk/src/dataunpacker/unpacker/../dataunpacker.h:56:75:\x1b[m\x1b[K \x1b[01;35m\x1b[Kwarning: \x1b[m\x1b[Kunused parameter \xe2\x80\x98\x1b[01m\x1b[Kpayload\x1b[m\x1b[K\xe2\x80\x99 [\x1b[01;35m\x1b[K\x1b]8;;https://gcc.gnu.org/onlinedocs/gcc/Warning-Options.html#index-Wunused-parameter\x07-Wunused-parameter\x1b]8;;\x07\x1b[m\x1b[K]\n'}
[49.225079] (sllidar_ros2) StderrLine: {'line': b'   56 |         virtual void onDecodingError(int errMsg, _u8 ansType, \x1b[01;35m\x1b[Kconst void* payload\x1b[m\x1b[K, size_t size) {}\n'}
[49.225948] (sllidar_ros2) StderrLine: {'line': b'      |                                                               \x1b[01;35m\x1b[K~~~~~~~~~~~~^~~~~~~\x1b[m\x1b[K\n'}
[49.226816] (sllidar_ros2) StderrLine: {'line': b'\x1b[01m\x1b[K/home/arno/RoombaV2Onboard/src/sllidar_ros2/sdk/src/dataunpacker/unpacker/../dataunpacker.h:56:91:\x1b[m\x1b[K \x1b[01;35m\x1b[Kwarning: \x1b[m\x1b[Kunused parameter \xe2\x80\x98\x1b[01m\x1b[Ksize\x1b[m\x1b[K\xe2\x80\x99 [\x1b[01;35m\x1b[K\x1b]8;;https://gcc.gnu.org/onlinedocs/gcc/Warning-Options.html#index-Wunused-parameter\x07-Wunused-parameter\x1b]8;;\x07\x1b[m\x1b[K]\n'}
[49.227488] (sllidar_ros2) StderrLine: {'line': b'   56 |         virtual void onDecodingError(int errMsg, _u8 ansType, const void* payload, \x1b[01;35m\x1b[Ksize_t size\x1b[m\x1b[K) {}\n'}
[49.228168] (sllidar_ros2) StderrLine: {'line': b'      |                                                                                    \x1b[01;35m\x1b[K~~~~~~~^~~~\x1b[m\x1b[K\n'}
[49.294342] (-) TimerEvent: {}
[49.396036] (-) TimerEvent: {}
[49.497926] (-) TimerEvent: {}
[49.600090] (-) TimerEvent: {}
[49.701869] (-) TimerEvent: {}
[49.804011] (-) TimerEvent: {}
[49.906044] (-) TimerEvent: {}
[50.008114] (-) TimerEvent: {}
[50.069467] (sllidar_ros2) StdoutLine: {'line': b'[ 55%] \x1b[32mBuilding CXX object CMakeFiles/sllidar_node.dir/sdk/src/rplidar_driver.cpp.o\x1b[0m\n'}
[50.108370] (-) TimerEvent: {}
[50.180219] (sllidar_ros2) StderrLine: {'line': b'In file included from \x1b[01m\x1b[K/home/arno/RoombaV2Onboard/src/sllidar_ros2/./sdk/include/rplidar_protocol.h:36\x1b[m\x1b[K,\n'}
[50.181040] (sllidar_ros2) StderrLine: {'line': b'                 from \x1b[01m\x1b[K/home/arno/RoombaV2Onboard/src/sllidar_ros2/./sdk/include/rplidar.h:39\x1b[m\x1b[K,\n'}
[50.181876] (sllidar_ros2) StderrLine: {'line': b'                 from \x1b[01m\x1b[K/home/arno/RoombaV2Onboard/src/sllidar_ros2/./sdk/src/sdkcommon.h:49\x1b[m\x1b[K,\n'}
[50.182884] (sllidar_ros2) StderrLine: {'line': b'                 from \x1b[01m\x1b[K/home/arno/RoombaV2Onboard/src/sllidar_ros2/sdk/src/hal/thread.cpp:35\x1b[m\x1b[K:\n'}
[50.183661] (sllidar_ros2) StderrLine: {'line': b'\x1b[01m\x1b[K/home/arno/RoombaV2Onboard/src/sllidar_ros2/./sdk/include/sl_lidar_protocol.h:66:16:\x1b[m\x1b[K \x1b[01;35m\x1b[Kwarning: \x1b[m\x1b[KISO C++ forbids zero-size array \xe2\x80\x98\x1b[01m\x1b[Kdata\x1b[m\x1b[K\xe2\x80\x99 [\x1b[01;35m\x1b[K\x1b]8;;https://gcc.gnu.org/onlinedocs/gcc/Warning-Options.html#index-Wpedantic\x07-Wpedantic\x1b]8;;\x07\x1b[m\x1b[K]\n'}
[50.184532] (sllidar_ros2) StderrLine: {'line': b'   66 |     sl_u8 data[\x1b[01;35m\x1b[K0\x1b[m\x1b[K];\n'}
[50.185494] (sllidar_ros2) StderrLine: {'line': b'      |                \x1b[01;35m\x1b[K^\x1b[m\x1b[K\n'}
[50.186899] (sllidar_ros2) StderrLine: {'line': b'In file included from \x1b[01m\x1b[K/home/arno/RoombaV2Onboard/src/sllidar_ros2/./sdk/include/rplidar_cmd.h:36\x1b[m\x1b[K,\n'}
[50.187625] (sllidar_ros2) StderrLine: {'line': b'                 from \x1b[01m\x1b[K/home/arno/RoombaV2Onboard/src/sllidar_ros2/./sdk/include/rplidar.h:40\x1b[m\x1b[K,\n'}
[50.188286] (sllidar_ros2) StderrLine: {'line': b'                 from \x1b[01m\x1b[K/home/arno/RoombaV2Onboard/src/sllidar_ros2/./sdk/src/sdkcommon.h:49\x1b[m\x1b[K,\n'}
[50.188938] (sllidar_ros2) StderrLine: {'line': b'                 from \x1b[01m\x1b[K/home/arno/RoombaV2Onboard/src/sllidar_ros2/sdk/src/hal/thread.cpp:35\x1b[m\x1b[K:\n'}
[50.189584] (sllidar_ros2) StderrLine: {'line': b'\x1b[01m\x1b[K/home/arno/RoombaV2Onboard/src/sllidar_ros2/./sdk/include/sl_lidar_cmd.h:324:20:\x1b[m\x1b[K \x1b[01;35m\x1b[Kwarning: \x1b[m\x1b[KISO C++ forbids zero-size array \xe2\x80\x98\x1b[01m\x1b[Kpayload\x1b[m\x1b[K\xe2\x80\x99 [\x1b[01;35m\x1b[K\x1b]8;;https://gcc.gnu.org/onlinedocs/gcc/Warning-Options.html#index-Wpedantic\x07-Wpedantic\x1b]8;;\x07\x1b[m\x1b[K]\n'}
[50.190353] (sllidar_ros2) StderrLine: {'line': b'  324 |     sl_u8  payload[\x1b[01;35m\x1b[K0\x1b[m\x1b[K];\n'}
[50.191173] (sllidar_ros2) StderrLine: {'line': b'      |                    \x1b[01;35m\x1b[K^\x1b[m\x1b[K\n'}
[50.208662] (-) TimerEvent: {}
[50.310465] (-) TimerEvent: {}
[50.412011] (-) TimerEvent: {}
[50.457880] (sllidar_ros2) StderrLine: {'line': b'In file included from \x1b[01m\x1b[K/home/arno/RoombaV2Onboard/src/sllidar_ros2/sdk/src/hal/thread.cpp:43\x1b[m\x1b[K:\n'}
[50.458716] (sllidar_ros2) StderrLine: {'line': b'\x1b[01m\x1b[K/home/arno/RoombaV2Onboard/src/sllidar_ros2/./sdk/src/arch/linux/thread.hpp:\x1b[m\x1b[K In static member function \xe2\x80\x98\x1b[01m\x1b[Kstatic rp::hal::Thread rp::hal::Thread::create(thread_proc_t, void*)\x1b[m\x1b[K\xe2\x80\x99:\n'}
[50.459483] (sllidar_ros2) StderrLine: {'line': b'\x1b[01m\x1b[K/home/arno/RoombaV2Onboard/src/sllidar_ros2/./sdk/src/arch/linux/thread.hpp:52:57:\x1b[m\x1b[K \x1b[01;35m\x1b[Kwarning: \x1b[m\x1b[Kcast between incompatible function types from \xe2\x80\x98\x1b[01m\x1b[Kthread_proc_t\x1b[m\x1b[K\xe2\x80\x99 {aka \xe2\x80\x98\x1b[01m\x1b[Klong unsigned int (*)(void*)\x1b[m\x1b[K\xe2\x80\x99} to \xe2\x80\x98\x1b[01m\x1b[Kvoid* (*)(void*)\x1b[m\x1b[K\xe2\x80\x99 [\x1b[01;35m\x1b[K\x1b]8;;https://gcc.gnu.org/onlinedocs/gcc/Warning-Options.html#index-Wcast-function-type\x07-Wcast-function-type\x1b]8;;\x07\x1b[m\x1b[K]\n'}
[50.460280] (sllidar_ros2) StderrLine: {'line': b'   52 |     pthread_create((pthread_t *)&newborn._handle, NULL, \x1b[01;35m\x1b[K(void * (*)(void *))proc\x1b[m\x1b[K, data);\n'}
[50.460996] (sllidar_ros2) StderrLine: {'line': b'      |                                                         \x1b[01;35m\x1b[K^~~~~~~~~~~~~~~~~~~~~~~~\x1b[m\x1b[K\n'}
[50.462522] (sllidar_ros2) StderrLine: {'line': b'\x1b[01m\x1b[K/home/arno/RoombaV2Onboard/src/sllidar_ros2/./sdk/src/arch/linux/thread.hpp:\x1b[m\x1b[K In member function \xe2\x80\x98\x1b[01m\x1b[Ku_result rp::hal::Thread::join(long unsigned int)\x1b[m\x1b[K\xe2\x80\x99:\n'}
[50.463371] (sllidar_ros2) StderrLine: {'line': b'\x1b[01m\x1b[K/home/arno/RoombaV2Onboard/src/sllidar_ros2/./sdk/src/arch/linux/thread.hpp:176:37:\x1b[m\x1b[K \x1b[01;35m\x1b[Kwarning: \x1b[m\x1b[Kunused parameter \xe2\x80\x98\x1b[01m\x1b[Ktimeout\x1b[m\x1b[K\xe2\x80\x99 [\x1b[01;35m\x1b[K\x1b]8;;https://gcc.gnu.org/onlinedocs/gcc/Warning-Options.html#index-Wunused-parameter\x07-Wunused-parameter\x1b]8;;\x07\x1b[m\x1b[K]\n'}
[50.464183] (sllidar_ros2) StderrLine: {'line': b'  176 | u_result Thread::join(\x1b[01;35m\x1b[Kunsigned long timeout\x1b[m\x1b[K)\n'}
[50.464912] (sllidar_ros2) StderrLine: {'line': b'      |                       \x1b[01;35m\x1b[K~~~~~~~~~~~~~~^~~~~~~\x1b[m\x1b[K\n'}
[50.512249] (-) TimerEvent: {}
[50.613922] (-) TimerEvent: {}
[50.715628] (-) TimerEvent: {}
[50.817292] (-) TimerEvent: {}
[50.919485] (-) TimerEvent: {}
[51.008049] (sllidar_ros2) StdoutLine: {'line': b'[ 60%] \x1b[32mBuilding CXX object CMakeFiles/sllidar_node.dir/sdk/src/sl_async_transceiver.cpp.o\x1b[0m\n'}
[51.019743] (-) TimerEvent: {}
[51.122917] (-) TimerEvent: {}
[51.224739] (-) TimerEvent: {}
[51.326337] (-) TimerEvent: {}
[51.428116] (-) TimerEvent: {}
[51.529366] (-) TimerEvent: {}
[51.630402] (-) TimerEvent: {}
[51.731228] (-) TimerEvent: {}
[51.832164] (-) TimerEvent: {}
[51.933137] (-) TimerEvent: {}
[52.034649] (-) TimerEvent: {}
[52.136105] (-) TimerEvent: {}
[52.237545] (-) TimerEvent: {}
[52.339192] (-) TimerEvent: {}
[52.440932] (-) TimerEvent: {}
[52.542589] (-) TimerEvent: {}
[52.644242] (-) TimerEvent: {}
[52.745728] (-) TimerEvent: {}
[52.847673] (-) TimerEvent: {}
[52.949690] (-) TimerEvent: {}
[53.051806] (-) TimerEvent: {}
[53.152833] (-) TimerEvent: {}
[53.253923] (-) TimerEvent: {}
[53.355116] (-) TimerEvent: {}
[53.456270] (-) TimerEvent: {}
[53.475094] (sllidar_ros2) StderrLine: {'line': b'In file included from \x1b[01m\x1b[K/home/arno/RoombaV2Onboard/src/sllidar_ros2/./sdk/include/rplidar_protocol.h:36\x1b[m\x1b[K,\n'}
[53.475970] (sllidar_ros2) StderrLine: {'line': b'                 from \x1b[01m\x1b[K/home/arno/RoombaV2Onboard/src/sllidar_ros2/./sdk/include/rplidar.h:39\x1b[m\x1b[K,\n'}
[53.476715] (sllidar_ros2) StderrLine: {'line': b'                 from \x1b[01m\x1b[K/home/arno/RoombaV2Onboard/src/sllidar_ros2/sdk/src/sdkcommon.h:49\x1b[m\x1b[K,\n'}
[53.478040] (sllidar_ros2) StderrLine: {'line': b'                 from \x1b[01m\x1b[K/home/arno/RoombaV2Onboard/src/sllidar_ros2/sdk/src/rplidar_driver.cpp:33\x1b[m\x1b[K:\n'}
[53.478897] (sllidar_ros2) StderrLine: {'line': b'\x1b[01m\x1b[K/home/arno/RoombaV2Onboard/src/sllidar_ros2/./sdk/include/sl_lidar_protocol.h:66:16:\x1b[m\x1b[K \x1b[01;35m\x1b[Kwarning: \x1b[m\x1b[KISO C++ forbids zero-size array \xe2\x80\x98\x1b[01m\x1b[Kdata\x1b[m\x1b[K\xe2\x80\x99 [\x1b[01;35m\x1b[K\x1b]8;;https://gcc.gnu.org/onlinedocs/gcc/Warning-Options.html#index-Wpedantic\x07-Wpedantic\x1b]8;;\x07\x1b[m\x1b[K]\n'}
[53.479669] (sllidar_ros2) StderrLine: {'line': b'   66 |     sl_u8 data[\x1b[01;35m\x1b[K0\x1b[m\x1b[K];\n'}
[53.480567] (sllidar_ros2) StderrLine: {'line': b'      |                \x1b[01;35m\x1b[K^\x1b[m\x1b[K\n'}
[53.481351] (sllidar_ros2) StderrLine: {'line': b'In file included from \x1b[01m\x1b[K/home/arno/RoombaV2Onboard/src/sllidar_ros2/./sdk/include/rplidar_cmd.h:36\x1b[m\x1b[K,\n'}
[53.482275] (sllidar_ros2) StderrLine: {'line': b'                 from \x1b[01m\x1b[K/home/arno/RoombaV2Onboard/src/sllidar_ros2/./sdk/include/rplidar.h:40\x1b[m\x1b[K,\n'}
[53.482968] (sllidar_ros2) StderrLine: {'line': b'                 from \x1b[01m\x1b[K/home/arno/RoombaV2Onboard/src/sllidar_ros2/sdk/src/sdkcommon.h:49\x1b[m\x1b[K,\n'}
[53.483643] (sllidar_ros2) StderrLine: {'line': b'                 from \x1b[01m\x1b[K/home/arno/RoombaV2Onboard/src/sllidar_ros2/sdk/src/rplidar_driver.cpp:33\x1b[m\x1b[K:\n'}
[53.484331] (sllidar_ros2) StderrLine: {'line': b'\x1b[01m\x1b[K/home/arno/RoombaV2Onboard/src/sllidar_ros2/./sdk/include/sl_lidar_cmd.h:324:20:\x1b[m\x1b[K \x1b[01;35m\x1b[Kwarning: \x1b[m\x1b[KISO C++ forbids zero-size array \xe2\x80\x98\x1b[01m\x1b[Kpayload\x1b[m\x1b[K\xe2\x80\x99 [\x1b[01;35m\x1b[K\x1b]8;;https://gcc.gnu.org/onlinedocs/gcc/Warning-Options.html#index-Wpedantic\x07-Wpedantic\x1b]8;;\x07\x1b[m\x1b[K]\n'}
[53.485050] (sllidar_ros2) StderrLine: {'line': b'  324 |     sl_u8  payload[\x1b[01;35m\x1b[K0\x1b[m\x1b[K];\n'}
[53.494007] (sllidar_ros2) StderrLine: {'line': b'      |                    \x1b[01;35m\x1b[K^\x1b[m\x1b[K\n'}
[53.556521] (-) TimerEvent: {}
[53.657577] (-) TimerEvent: {}
[53.758676] (-) TimerEvent: {}
[53.783227] (sllidar_ros2) StderrLine: {'line': b'In file included from \x1b[01m\x1b[K/home/arno/RoombaV2Onboard/src/sllidar_ros2/./sdk/include/sl_lidar_cmd.h:41\x1b[m\x1b[K,\n'}
[53.790194] (sllidar_ros2) StderrLine: {'line': b'                 from \x1b[01m\x1b[K/home/arno/RoombaV2Onboard/src/sllidar_ros2/./sdk/include/sl_lidar_driver.h:54\x1b[m\x1b[K,\n'}
[53.791419] (sllidar_ros2) StderrLine: {'line': b'                 from \x1b[01m\x1b[K/home/arno/RoombaV2Onboard/src/sllidar_ros2/./sdk/include/sl_lidar.h:36\x1b[m\x1b[K,\n'}
[53.792140] (sllidar_ros2) StderrLine: {'line': b'                 from \x1b[01m\x1b[K/home/arno/RoombaV2Onboard/src/sllidar_ros2/src/sllidar_node.cpp:38\x1b[m\x1b[K:\n'}
[53.792864] (sllidar_ros2) StderrLine: {'line': b'\x1b[01m\x1b[K/home/arno/RoombaV2Onboard/src/sllidar_ros2/./sdk/include/sl_lidar_protocol.h:66:16:\x1b[m\x1b[K \x1b[01;35m\x1b[Kwarning: \x1b[m\x1b[KISO C++ forbids zero-size array \xe2\x80\x98\x1b[01m\x1b[Kdata\x1b[m\x1b[K\xe2\x80\x99 [\x1b[01;35m\x1b[K\x1b]8;;https://gcc.gnu.org/onlinedocs/gcc/Warning-Options.html#index-Wpedantic\x07-Wpedantic\x1b]8;;\x07\x1b[m\x1b[K]\n'}
[53.794185] (sllidar_ros2) StderrLine: {'line': b'   66 |     sl_u8 data[\x1b[01;35m\x1b[K0\x1b[m\x1b[K];\n'}
[53.794906] (sllidar_ros2) StderrLine: {'line': b'      |                \x1b[01;35m\x1b[K^\x1b[m\x1b[K\n'}
[53.795586] (sllidar_ros2) StderrLine: {'line': b'In file included from \x1b[01m\x1b[K/home/arno/RoombaV2Onboard/src/sllidar_ros2/./sdk/include/sl_lidar_driver.h:54\x1b[m\x1b[K,\n'}
[53.796269] (sllidar_ros2) StderrLine: {'line': b'                 from \x1b[01m\x1b[K/home/arno/RoombaV2Onboard/src/sllidar_ros2/./sdk/include/sl_lidar.h:36\x1b[m\x1b[K,\n'}
[53.796962] (sllidar_ros2) StderrLine: {'line': b'                 from \x1b[01m\x1b[K/home/arno/RoombaV2Onboard/src/sllidar_ros2/src/sllidar_node.cpp:38\x1b[m\x1b[K:\n'}
[53.797719] (sllidar_ros2) StderrLine: {'line': b'\x1b[01m\x1b[K/home/arno/RoombaV2Onboard/src/sllidar_ros2/./sdk/include/sl_lidar_cmd.h:324:20:\x1b[m\x1b[K \x1b[01;35m\x1b[Kwarning: \x1b[m\x1b[KISO C++ forbids zero-size array \xe2\x80\x98\x1b[01m\x1b[Kpayload\x1b[m\x1b[K\xe2\x80\x99 [\x1b[01;35m\x1b[K\x1b]8;;https://gcc.gnu.org/onlinedocs/gcc/Warning-Options.html#index-Wpedantic\x07-Wpedantic\x1b]8;;\x07\x1b[m\x1b[K]\n'}
[53.798479] (sllidar_ros2) StderrLine: {'line': b'  324 |     sl_u8  payload[\x1b[01;35m\x1b[K0\x1b[m\x1b[K];\n'}
[53.799240] (sllidar_ros2) StderrLine: {'line': b'      |                    \x1b[01;35m\x1b[K^\x1b[m\x1b[K\n'}
[53.858925] (-) TimerEvent: {}
[53.959930] (-) TimerEvent: {}
[54.060897] (-) TimerEvent: {}
[54.161869] (-) TimerEvent: {}
[54.262862] (-) TimerEvent: {}
[54.268416] (sllidar_ros2) StderrLine: {'line': b'\x1b[01m\x1b[K/home/arno/RoombaV2Onboard/src/sllidar_ros2/sdk/src/rplidar_driver.cpp:\x1b[m\x1b[K In member function \xe2\x80\x98\x1b[01m\x1b[Ku_result rp::standalone::rplidar::RPlidarDriver::connect(const char*, _u32, _u32)\x1b[m\x1b[K\xe2\x80\x99:\n'}
[54.269543] (sllidar_ros2) StderrLine: {'line': b'\x1b[01m\x1b[K/home/arno/RoombaV2Onboard/src/sllidar_ros2/sdk/src/rplidar_driver.cpp:67:77:\x1b[m\x1b[K \x1b[01;35m\x1b[Kwarning: \x1b[m\x1b[Kunused parameter \xe2\x80\x98\x1b[01m\x1b[Kflag\x1b[m\x1b[K\xe2\x80\x99 [\x1b[01;35m\x1b[K\x1b]8;;https://gcc.gnu.org/onlinedocs/gcc/Warning-Options.html#index-Wunused-parameter\x07-Wunused-parameter\x1b]8;;\x07\x1b[m\x1b[K]\n'}
[54.270349] (sllidar_ros2) StderrLine: {'line': b'   67 |     u_result RPlidarDriver::connect(const char *path, _u32 portOrBaud, \x1b[01;35m\x1b[K_u32 flag\x1b[m\x1b[K)\n'}
[54.270989] (sllidar_ros2) StderrLine: {'line': b'      |                                                                        \x1b[01;35m\x1b[K~~~~~^~~~\x1b[m\x1b[K\n'}
[54.271624] (sllidar_ros2) StderrLine: {'line': b'\x1b[01m\x1b[K/home/arno/RoombaV2Onboard/src/sllidar_ros2/sdk/src/rplidar_driver.cpp:\x1b[m\x1b[K In member function \xe2\x80\x98\x1b[01m\x1b[Ku_result rp::standalone::rplidar::RPlidarDriver::reset(_u32)\x1b[m\x1b[K\xe2\x80\x99:\n'}
[54.272432] (sllidar_ros2) StderrLine: {'line': b'\x1b[01m\x1b[K/home/arno/RoombaV2Onboard/src/sllidar_ros2/sdk/src/rplidar_driver.cpp:101:40:\x1b[m\x1b[K \x1b[01;35m\x1b[Kwarning: \x1b[m\x1b[Kunused parameter \xe2\x80\x98\x1b[01m\x1b[Ktimeout\x1b[m\x1b[K\xe2\x80\x99 [\x1b[01;35m\x1b[K\x1b]8;;https://gcc.gnu.org/onlinedocs/gcc/Warning-Options.html#index-Wunused-parameter\x07-Wunused-parameter\x1b]8;;\x07\x1b[m\x1b[K]\n'}
[54.273427] (sllidar_ros2) StderrLine: {'line': b'  101 |     u_result RPlidarDriver::reset(\x1b[01;35m\x1b[K_u32 timeout\x1b[m\x1b[K)\n'}
[54.274600] (sllidar_ros2) StderrLine: {'line': b'      |                                   \x1b[01;35m\x1b[K~~~~~^~~~~~~\x1b[m\x1b[K\n'}
[54.275273] (sllidar_ros2) StderrLine: {'line': b'\x1b[01m\x1b[K/home/arno/RoombaV2Onboard/src/sllidar_ros2/sdk/src/rplidar_driver.cpp:\x1b[m\x1b[K In member function \xe2\x80\x98\x1b[01m\x1b[Ku_result rp::standalone::rplidar::RPlidarDriver::getScanDataWithInterval(rplidar_response_measurement_node_t*, size_t&)\x1b[m\x1b[K\xe2\x80\x99:\n'}
[54.275957] (sllidar_ros2) StderrLine: {'line': b'\x1b[01m\x1b[K/home/arno/RoombaV2Onboard/src/sllidar_ros2/sdk/src/rplidar_driver.cpp:180:91:\x1b[m\x1b[K \x1b[01;35m\x1b[Kwarning: \x1b[m\x1b[Kunused parameter \xe2\x80\x98\x1b[01m\x1b[Knodebuffer\x1b[m\x1b[K\xe2\x80\x99 [\x1b[01;35m\x1b[K\x1b]8;;https://gcc.gnu.org/onlinedocs/gcc/Warning-Options.html#index-Wunused-parameter\x07-Wunused-parameter\x1b]8;;\x07\x1b[m\x1b[K]\n'}
[54.276659] (sllidar_ros2) StderrLine: {'line': b'  180 |     u_result RPlidarDriver::getScanDataWithInterval(\x1b[01;35m\x1b[Krplidar_response_measurement_node_t * nodebuffer\x1b[m\x1b[K, size_t & count)\n'}
[54.277290] (sllidar_ros2) StderrLine: {'line': b'      |                                                     \x1b[01;35m\x1b[K~~~~~~~~~~~~~~~~~~~~~~~~~~~~~~~~~~~~~~^~~~~~~~~~\x1b[m\x1b[K\n'}
[54.278053] (sllidar_ros2) StderrLine: {'line': b'\x1b[01m\x1b[K/home/arno/RoombaV2Onboard/src/sllidar_ros2/sdk/src/rplidar_driver.cpp:180:112:\x1b[m\x1b[K \x1b[01;35m\x1b[Kwarning: \x1b[m\x1b[Kunused parameter \xe2\x80\x98\x1b[01m\x1b[Kcount\x1b[m\x1b[K\xe2\x80\x99 [\x1b[01;35m\x1b[K\x1b]8;;https://gcc.gnu.org/onlinedocs/gcc/Warning-Options.html#index-Wunused-parameter\x07-Wunused-parameter\x1b]8;;\x07\x1b[m\x1b[K]\n'}
[54.278774] (sllidar_ros2) StderrLine: {'line': b'  180 |     u_result RPlidarDriver::getScanDataWithInterval(rplidar_response_measurement_node_t * nodebuffer, \x1b[01;35m\x1b[Ksize_t & count\x1b[m\x1b[K)\n'}
[54.279473] (sllidar_ros2) StderrLine: {'line': b'      |                                                                                                       \x1b[01;35m\x1b[K~~~~~~~~~^~~~~\x1b[m\x1b[K\n'}
[54.363163] (-) TimerEvent: {}
[54.464133] (-) TimerEvent: {}
[54.565069] (-) TimerEvent: {}
[54.666156] (-) TimerEvent: {}
[54.767191] (-) TimerEvent: {}
[54.868263] (-) TimerEvent: {}
[54.907201] (sllidar_ros2) StdoutLine: {'line': b'[ 65%] \x1b[32mBuilding CXX object CMakeFiles/sllidar_node.dir/sdk/src/sl_crc.cpp.o\x1b[0m\n'}
[54.968557] (-) TimerEvent: {}
[55.069534] (-) TimerEvent: {}
[55.131996] (sllidar_ros2) StderrLine: {'line': b'In file included from \x1b[01m\x1b[K/home/arno/RoombaV2Onboard/src/sllidar_ros2/./sdk/include/sl_lidar_cmd.h:41\x1b[m\x1b[K,\n'}
[55.132771] (sllidar_ros2) StderrLine: {'line': b'                 from \x1b[01m\x1b[K/home/arno/RoombaV2Onboard/src/sllidar_ros2/./sdk/include/sl_crc.h:36\x1b[m\x1b[K,\n'}
[55.133458] (sllidar_ros2) StderrLine: {'line': b'                 from \x1b[01m\x1b[K/home/arno/RoombaV2Onboard/src/sllidar_ros2/sdk/src/sl_crc.cpp:33\x1b[m\x1b[K:\n'}
[55.134716] (sllidar_ros2) StderrLine: {'line': b'\x1b[01m\x1b[K/home/arno/RoombaV2Onboard/src/sllidar_ros2/./sdk/include/sl_lidar_protocol.h:66:16:\x1b[m\x1b[K \x1b[01;35m\x1b[Kwarning: \x1b[m\x1b[KISO C++ forbids zero-size array \xe2\x80\x98\x1b[01m\x1b[Kdata\x1b[m\x1b[K\xe2\x80\x99 [\x1b[01;35m\x1b[K\x1b]8;;https://gcc.gnu.org/onlinedocs/gcc/Warning-Options.html#index-Wpedantic\x07-Wpedantic\x1b]8;;\x07\x1b[m\x1b[K]\n'}
[55.135535] (sllidar_ros2) StderrLine: {'line': b'   66 |     sl_u8 data[\x1b[01;35m\x1b[K0\x1b[m\x1b[K];\n'}
[55.136218] (sllidar_ros2) StderrLine: {'line': b'      |                \x1b[01;35m\x1b[K^\x1b[m\x1b[K\n'}
[55.136891] (sllidar_ros2) StderrLine: {'line': b'In file included from \x1b[01m\x1b[K/home/arno/RoombaV2Onboard/src/sllidar_ros2/./sdk/include/sl_crc.h:36\x1b[m\x1b[K,\n'}
[55.137553] (sllidar_ros2) StderrLine: {'line': b'                 from \x1b[01m\x1b[K/home/arno/RoombaV2Onboard/src/sllidar_ros2/sdk/src/sl_crc.cpp:33\x1b[m\x1b[K:\n'}
[55.138355] (sllidar_ros2) StderrLine: {'line': b'\x1b[01m\x1b[K/home/arno/RoombaV2Onboard/src/sllidar_ros2/./sdk/include/sl_lidar_cmd.h:324:20:\x1b[m\x1b[K \x1b[01;35m\x1b[Kwarning: \x1b[m\x1b[KISO C++ forbids zero-size array \xe2\x80\x98\x1b[01m\x1b[Kpayload\x1b[m\x1b[K\xe2\x80\x99 [\x1b[01;35m\x1b[K\x1b]8;;https://gcc.gnu.org/onlinedocs/gcc/Warning-Options.html#index-Wpedantic\x07-Wpedantic\x1b]8;;\x07\x1b[m\x1b[K]\n'}
[55.139091] (sllidar_ros2) StderrLine: {'line': b'  324 |     sl_u8  payload[\x1b[01;35m\x1b[K0\x1b[m\x1b[K];\n'}
[55.139767] (sllidar_ros2) StderrLine: {'line': b'      |                    \x1b[01;35m\x1b[K^\x1b[m\x1b[K\n'}
[55.169833] (-) TimerEvent: {}
[55.270826] (-) TimerEvent: {}
[55.315153] (sllidar_ros2) StdoutLine: {'line': b'[ 70%] \x1b[32mBuilding CXX object CMakeFiles/sllidar_node.dir/sdk/src/sl_lidar_driver.cpp.o\x1b[0m\n'}
[55.371161] (-) TimerEvent: {}
[55.472390] (-) TimerEvent: {}
[55.573326] (-) TimerEvent: {}
[55.674336] (-) TimerEvent: {}
[55.775363] (-) TimerEvent: {}
[55.876427] (-) TimerEvent: {}
[55.880650] (sllidar_ros2) StderrLine: {'line': b'In file included from \x1b[01m\x1b[K/home/arno/RoombaV2Onboard/src/sllidar_ros2/./sdk/include/rplidar_protocol.h:36\x1b[m\x1b[K,\n'}
[55.881959] (sllidar_ros2) StderrLine: {'line': b'                 from \x1b[01m\x1b[K/home/arno/RoombaV2Onboard/src/sllidar_ros2/./sdk/include/rplidar.h:39\x1b[m\x1b[K,\n'}
[55.883337] (sllidar_ros2) StderrLine: {'line': b'                 from \x1b[01m\x1b[K/home/arno/RoombaV2Onboard/src/sllidar_ros2/sdk/src/sdkcommon.h:49\x1b[m\x1b[K,\n'}
[55.884361] (sllidar_ros2) StderrLine: {'line': b'                 from \x1b[01m\x1b[K/home/arno/RoombaV2Onboard/src/sllidar_ros2/sdk/src/sl_async_transceiver.cpp:35\x1b[m\x1b[K:\n'}
[55.885425] (sllidar_ros2) StderrLine: {'line': b'\x1b[01m\x1b[K/home/arno/RoombaV2Onboard/src/sllidar_ros2/./sdk/include/sl_lidar_protocol.h:66:16:\x1b[m\x1b[K \x1b[01;35m\x1b[Kwarning: \x1b[m\x1b[KISO C++ forbids zero-size array \xe2\x80\x98\x1b[01m\x1b[Kdata\x1b[m\x1b[K\xe2\x80\x99 [\x1b[01;35m\x1b[K\x1b]8;;https://gcc.gnu.org/onlinedocs/gcc/Warning-Options.html#index-Wpedantic\x07-Wpedantic\x1b]8;;\x07\x1b[m\x1b[K]\n'}
[55.886768] (sllidar_ros2) StderrLine: {'line': b'   66 |     sl_u8 data[\x1b[01;35m\x1b[K0\x1b[m\x1b[K];\n'}
[55.887973] (sllidar_ros2) StderrLine: {'line': b'      |                \x1b[01;35m\x1b[K^\x1b[m\x1b[K\n'}
[55.891424] (sllidar_ros2) StderrLine: {'line': b'In file included from \x1b[01m\x1b[K/home/arno/RoombaV2Onboard/src/sllidar_ros2/./sdk/include/rplidar_cmd.h:36\x1b[m\x1b[K,\n'}
[55.892710] (sllidar_ros2) StderrLine: {'line': b'                 from \x1b[01m\x1b[K/home/arno/RoombaV2Onboard/src/sllidar_ros2/./sdk/include/rplidar.h:40\x1b[m\x1b[K,\n'}
[55.894183] (sllidar_ros2) StderrLine: {'line': b'                 from \x1b[01m\x1b[K/home/arno/RoombaV2Onboard/src/sllidar_ros2/sdk/src/sdkcommon.h:49\x1b[m\x1b[K,\n'}
[55.895774] (sllidar_ros2) StderrLine: {'line': b'                 from \x1b[01m\x1b[K/home/arno/RoombaV2Onboard/src/sllidar_ros2/sdk/src/sl_async_transceiver.cpp:35\x1b[m\x1b[K:\n'}
[55.897435] (sllidar_ros2) StderrLine: {'line': b'\x1b[01m\x1b[K/home/arno/RoombaV2Onboard/src/sllidar_ros2/./sdk/include/sl_lidar_cmd.h:324:20:\x1b[m\x1b[K \x1b[01;35m\x1b[Kwarning: \x1b[m\x1b[KISO C++ forbids zero-size array \xe2\x80\x98\x1b[01m\x1b[Kpayload\x1b[m\x1b[K\xe2\x80\x99 [\x1b[01;35m\x1b[K\x1b]8;;https://gcc.gnu.org/onlinedocs/gcc/Warning-Options.html#index-Wpedantic\x07-Wpedantic\x1b]8;;\x07\x1b[m\x1b[K]\n'}
[55.899038] (sllidar_ros2) StderrLine: {'line': b'  324 |     sl_u8  payload[\x1b[01;35m\x1b[K0\x1b[m\x1b[K];\n'}
[55.901880] (sllidar_ros2) StderrLine: {'line': b'      |                    \x1b[01;35m\x1b[K^\x1b[m\x1b[K\n'}
[55.976731] (-) TimerEvent: {}
[56.078352] (-) TimerEvent: {}
[56.179816] (-) TimerEvent: {}
[56.281435] (-) TimerEvent: {}
[56.383055] (-) TimerEvent: {}
[56.484761] (-) TimerEvent: {}
[56.586481] (-) TimerEvent: {}
[56.688002] (-) TimerEvent: {}
[56.789713] (-) TimerEvent: {}
[56.891195] (-) TimerEvent: {}
[56.992768] (-) TimerEvent: {}
[57.094233] (-) TimerEvent: {}
[57.102462] (sllidar_ros2) StderrLine: {'line': b'In file included from \x1b[01m\x1b[K/home/arno/RoombaV2Onboard/src/sllidar_ros2/sdk/src/sl_async_transceiver.cpp:44\x1b[m\x1b[K:\n'}
[57.103802] (sllidar_ros2) StderrLine: {'line': b'\x1b[01m\x1b[K/home/arno/RoombaV2Onboard/src/sllidar_ros2/sdk/src/sl_async_transceiver.h:\x1b[m\x1b[K In member function \xe2\x80\x98\x1b[01m\x1b[Kvirtual void sl::internal::IAsyncProtocolCodec::onChannelError(u_result)\x1b[m\x1b[K\xe2\x80\x99:\n'}
[57.105164] (sllidar_ros2) StderrLine: {'line': b'\x1b[01m\x1b[K/home/arno/RoombaV2Onboard/src/sllidar_ros2/sdk/src/sl_async_transceiver.h:90:48:\x1b[m\x1b[K \x1b[01;35m\x1b[Kwarning: \x1b[m\x1b[Kunused parameter \xe2\x80\x98\x1b[01m\x1b[KerrCode\x1b[m\x1b[K\xe2\x80\x99 [\x1b[01;35m\x1b[K\x1b]8;;https://gcc.gnu.org/onlinedocs/gcc/Warning-Options.html#index-Wunused-parameter\x07-Wunused-parameter\x1b]8;;\x07\x1b[m\x1b[K]\n'}
[57.106754] (sllidar_ros2) StderrLine: {'line': b'   90 |         virtual void   onChannelError(\x1b[01;35m\x1b[Ku_result errCode\x1b[m\x1b[K) {}\n'}
[57.108339] (sllidar_ros2) StderrLine: {'line': b'      |                                       \x1b[01;35m\x1b[K~~~~~~~~~^~~~~~~\x1b[m\x1b[K\n'}
[57.194489] (-) TimerEvent: {}
[57.296144] (-) TimerEvent: {}
[57.397835] (-) TimerEvent: {}
[57.499481] (-) TimerEvent: {}
[57.605720] (-) TimerEvent: {}
[57.707546] (-) TimerEvent: {}
[57.809434] (-) TimerEvent: {}
[57.911506] (-) TimerEvent: {}
[58.013335] (-) TimerEvent: {}
[58.115167] (-) TimerEvent: {}
[58.217266] (-) TimerEvent: {}
[58.318927] (-) TimerEvent: {}
[58.420614] (-) TimerEvent: {}
[58.522410] (-) TimerEvent: {}
[58.623393] (-) TimerEvent: {}
[58.712337] (sllidar_ros2) StdoutLine: {'line': b'[ 75%] \x1b[32mBuilding CXX object CMakeFiles/sllidar_node.dir/sdk/src/sl_lidarprotocol_codec.cpp.o\x1b[0m\n'}
[58.723622] (-) TimerEvent: {}
[58.826614] (-) TimerEvent: {}
[58.928370] (-) TimerEvent: {}
[59.030587] (-) TimerEvent: {}
[59.134373] (-) TimerEvent: {}
[59.236327] (-) TimerEvent: {}
[59.338165] (-) TimerEvent: {}
[59.440153] (-) TimerEvent: {}
[59.541956] (-) TimerEvent: {}
[59.643642] (-) TimerEvent: {}
[59.745367] (-) TimerEvent: {}
[59.847436] (-) TimerEvent: {}
[59.949187] (-) TimerEvent: {}
[60.050743] (-) TimerEvent: {}
[60.152536] (-) TimerEvent: {}
[60.254487] (-) TimerEvent: {}
[60.352662] (sllidar_ros2) StderrLine: {'line': b'In file included from \x1b[01m\x1b[K/home/arno/RoombaV2Onboard/src/sllidar_ros2/./sdk/include/rplidar_protocol.h:36\x1b[m\x1b[K,\n'}
[60.353724] (sllidar_ros2) StderrLine: {'line': b'                 from \x1b[01m\x1b[K/home/arno/RoombaV2Onboard/src/sllidar_ros2/./sdk/include/rplidar.h:39\x1b[m\x1b[K,\n'}
[60.354515] (-) TimerEvent: {}
[60.356066] (sllidar_ros2) StderrLine: {'line': b'                 from \x1b[01m\x1b[K/home/arno/RoombaV2Onboard/src/sllidar_ros2/sdk/src/sdkcommon.h:49\x1b[m\x1b[K,\n'}
[60.356844] (sllidar_ros2) StderrLine: {'line': b'                 from \x1b[01m\x1b[K/home/arno/RoombaV2Onboard/src/sllidar_ros2/sdk/src/sl_lidar_driver.cpp:33\x1b[m\x1b[K:\n'}
[60.357590] (sllidar_ros2) StderrLine: {'line': b'\x1b[01m\x1b[K/home/arno/RoombaV2Onboard/src/sllidar_ros2/./sdk/include/sl_lidar_protocol.h:66:16:\x1b[m\x1b[K \x1b[01;35m\x1b[Kwarning: \x1b[m\x1b[KISO C++ forbids zero-size array \xe2\x80\x98\x1b[01m\x1b[Kdata\x1b[m\x1b[K\xe2\x80\x99 [\x1b[01;35m\x1b[K\x1b]8;;https://gcc.gnu.org/onlinedocs/gcc/Warning-Options.html#index-Wpedantic\x07-Wpedantic\x1b]8;;\x07\x1b[m\x1b[K]\n'}
[60.358465] (sllidar_ros2) StderrLine: {'line': b'   66 |     sl_u8 data[\x1b[01;35m\x1b[K0\x1b[m\x1b[K];\n'}
[60.359426] (sllidar_ros2) StderrLine: {'line': b'      |                \x1b[01;35m\x1b[K^\x1b[m\x1b[K\n'}
[60.360082] (sllidar_ros2) StderrLine: {'line': b'In file included from \x1b[01m\x1b[K/home/arno/RoombaV2Onboard/src/sllidar_ros2/./sdk/include/rplidar_cmd.h:36\x1b[m\x1b[K,\n'}
[60.361557] (sllidar_ros2) StderrLine: {'line': b'                 from \x1b[01m\x1b[K/home/arno/RoombaV2Onboard/src/sllidar_ros2/./sdk/include/rplidar.h:40\x1b[m\x1b[K,\n'}
[60.362868] (sllidar_ros2) StderrLine: {'line': b'                 from \x1b[01m\x1b[K/home/arno/RoombaV2Onboard/src/sllidar_ros2/sdk/src/sdkcommon.h:49\x1b[m\x1b[K,\n'}
[60.363564] (sllidar_ros2) StderrLine: {'line': b'                 from \x1b[01m\x1b[K/home/arno/RoombaV2Onboard/src/sllidar_ros2/sdk/src/sl_lidar_driver.cpp:33\x1b[m\x1b[K:\n'}
[60.364219] (sllidar_ros2) StderrLine: {'line': b'\x1b[01m\x1b[K/home/arno/RoombaV2Onboard/src/sllidar_ros2/./sdk/include/sl_lidar_cmd.h:324:20:\x1b[m\x1b[K \x1b[01;35m\x1b[Kwarning: \x1b[m\x1b[KISO C++ forbids zero-size array \xe2\x80\x98\x1b[01m\x1b[Kpayload\x1b[m\x1b[K\xe2\x80\x99 [\x1b[01;35m\x1b[K\x1b]8;;https://gcc.gnu.org/onlinedocs/gcc/Warning-Options.html#index-Wpedantic\x07-Wpedantic\x1b]8;;\x07\x1b[m\x1b[K]\n'}
[60.364917] (sllidar_ros2) StderrLine: {'line': b'  324 |     sl_u8  payload[\x1b[01;35m\x1b[K0\x1b[m\x1b[K];\n'}
[60.365691] (sllidar_ros2) StderrLine: {'line': b'      |                    \x1b[01;35m\x1b[K^\x1b[m\x1b[K\n'}
[60.454811] (-) TimerEvent: {}
[60.555883] (-) TimerEvent: {}
[60.657172] (-) TimerEvent: {}
[60.758428] (-) TimerEvent: {}
[60.859666] (-) TimerEvent: {}
[60.961066] (-) TimerEvent: {}
[61.062274] (-) TimerEvent: {}
[61.163338] (-) TimerEvent: {}
[61.264517] (-) TimerEvent: {}
[61.365751] (-) TimerEvent: {}
[61.467933] (-) TimerEvent: {}
[61.570181] (-) TimerEvent: {}
[61.672548] (-) TimerEvent: {}
[61.773524] (-) TimerEvent: {}
[61.874649] (-) TimerEvent: {}
[61.975948] (-) TimerEvent: {}
[62.077358] (-) TimerEvent: {}
[62.178690] (-) TimerEvent: {}
[62.281119] (-) TimerEvent: {}
[62.328505] (sllidar_ros2) StderrLine: {'line': b'In file included from \x1b[01m\x1b[K/home/arno/RoombaV2Onboard/src/sllidar_ros2/sdk/src/sl_lidar_driver.cpp:50\x1b[m\x1b[K:\n'}
[62.329346] (sllidar_ros2) StderrLine: {'line': b'\x1b[01m\x1b[K/home/arno/RoombaV2Onboard/src/sllidar_ros2/sdk/src/dataunpacker/dataunpacker.h:\x1b[m\x1b[K In member function \xe2\x80\x98\x1b[01m\x1b[Kvirtual void sl::internal::LIDARSampleDataListener::onCustomSampleDataDecoded(_u8, _u32, const void*, size_t)\x1b[m\x1b[K\xe2\x80\x99:\n'}
[62.330214] (sllidar_ros2) StderrLine: {'line': b'\x1b[01m\x1b[K/home/arno/RoombaV2Onboard/src/sllidar_ros2/sdk/src/dataunpacker/dataunpacker.h:54:52:\x1b[m\x1b[K \x1b[01;35m\x1b[Kwarning: \x1b[m\x1b[Kunused parameter \xe2\x80\x98\x1b[01m\x1b[KansType\x1b[m\x1b[K\xe2\x80\x99 [\x1b[01;35m\x1b[K\x1b]8;;https://gcc.gnu.org/onlinedocs/gcc/Warning-Options.html#index-Wunused-parameter\x07-Wunused-parameter\x1b]8;;\x07\x1b[m\x1b[K]\n'}
[62.331252] (sllidar_ros2) StderrLine: {'line': b'   54 |         virtual void onCustomSampleDataDecoded(\x1b[01;35m\x1b[K_u8 ansType\x1b[m\x1b[K, _u32 customCode, const void* data, size_t size) {}\n'}
[62.332098] (sllidar_ros2) StderrLine: {'line': b'      |                                                \x1b[01;35m\x1b[K~~~~^~~~~~~\x1b[m\x1b[K\n'}
[62.333722] (sllidar_ros2) StderrLine: {'line': b'\x1b[01m\x1b[K/home/arno/RoombaV2Onboard/src/sllidar_ros2/sdk/src/dataunpacker/dataunpacker.h:54:66:\x1b[m\x1b[K \x1b[01;35m\x1b[Kwarning: \x1b[m\x1b[Kunused parameter \xe2\x80\x98\x1b[01m\x1b[KcustomCode\x1b[m\x1b[K\xe2\x80\x99 [\x1b[01;35m\x1b[K\x1b]8;;https://gcc.gnu.org/onlinedocs/gcc/Warning-Options.html#index-Wunused-parameter\x07-Wunused-parameter\x1b]8;;\x07\x1b[m\x1b[K]\n'}
[62.334659] (sllidar_ros2) StderrLine: {'line': b'   54 |         virtual void onCustomSampleDataDecoded(_u8 ansType, \x1b[01;35m\x1b[K_u32 customCode\x1b[m\x1b[K, const void* data, size_t size) {}\n'}
[62.335578] (sllidar_ros2) StderrLine: {'line': b'      |                                                             \x1b[01;35m\x1b[K~~~~~^~~~~~~~~~\x1b[m\x1b[K\n'}
[62.336466] (sllidar_ros2) StderrLine: {'line': b'\x1b[01m\x1b[K/home/arno/RoombaV2Onboard/src/sllidar_ros2/sdk/src/dataunpacker/dataunpacker.h:54:90:\x1b[m\x1b[K \x1b[01;35m\x1b[Kwarning: \x1b[m\x1b[Kunused parameter \xe2\x80\x98\x1b[01m\x1b[Kdata\x1b[m\x1b[K\xe2\x80\x99 [\x1b[01;35m\x1b[K\x1b]8;;https://gcc.gnu.org/onlinedocs/gcc/Warning-Options.html#index-Wunused-parameter\x07-Wunused-parameter\x1b]8;;\x07\x1b[m\x1b[K]\n'}
[62.337326] (sllidar_ros2) StderrLine: {'line': b'   54 |         virtual void onCustomSampleDataDecoded(_u8 ansType, _u32 customCode, \x1b[01;35m\x1b[Kconst void* data\x1b[m\x1b[K, size_t size) {}\n'}
[62.338230] (sllidar_ros2) StderrLine: {'line': b'      |                                                                              \x1b[01;35m\x1b[K~~~~~~~~~~~~^~~~\x1b[m\x1b[K\n'}
[62.339050] (sllidar_ros2) StderrLine: {'line': b'\x1b[01m\x1b[K/home/arno/RoombaV2Onboard/src/sllidar_ros2/sdk/src/dataunpacker/dataunpacker.h:54:103:\x1b[m\x1b[K \x1b[01;35m\x1b[Kwarning: \x1b[m\x1b[Kunused parameter \xe2\x80\x98\x1b[01m\x1b[Ksize\x1b[m\x1b[K\xe2\x80\x99 [\x1b[01;35m\x1b[K\x1b]8;;https://gcc.gnu.org/onlinedocs/gcc/Warning-Options.html#index-Wunused-parameter\x07-Wunused-parameter\x1b]8;;\x07\x1b[m\x1b[K]\n'}
[62.340043] (sllidar_ros2) StderrLine: {'line': b'   54 |         virtual void onCustomSampleDataDecoded(_u8 ansType, _u32 customCode, const void* data, \x1b[01;35m\x1b[Ksize_t size\x1b[m\x1b[K) {}\n'}
[62.341189] (sllidar_ros2) StderrLine: {'line': b'      |                                                                                                \x1b[01;35m\x1b[K~~~~~~~^~~~\x1b[m\x1b[K\n'}
[62.350530] (sllidar_ros2) StderrLine: {'line': b'\x1b[01m\x1b[K/home/arno/RoombaV2Onboard/src/sllidar_ros2/sdk/src/dataunpacker/dataunpacker.h:\x1b[m\x1b[K In member function \xe2\x80\x98\x1b[01m\x1b[Kvirtual void sl::internal::LIDARSampleDataListener::onDecodingError(int, _u8, const void*, size_t)\x1b[m\x1b[K\xe2\x80\x99:\n'}
[62.351511] (sllidar_ros2) StderrLine: {'line': b'\x1b[01m\x1b[K/home/arno/RoombaV2Onboard/src/sllidar_ros2/sdk/src/dataunpacker/dataunpacker.h:56:42:\x1b[m\x1b[K \x1b[01;35m\x1b[Kwarning: \x1b[m\x1b[Kunused parameter \xe2\x80\x98\x1b[01m\x1b[KerrMsg\x1b[m\x1b[K\xe2\x80\x99 [\x1b[01;35m\x1b[K\x1b]8;;https://gcc.gnu.org/onlinedocs/gcc/Warning-Options.html#index-Wunused-parameter\x07-Wunused-parameter\x1b]8;;\x07\x1b[m\x1b[K]\n'}
[62.352511] (sllidar_ros2) StderrLine: {'line': b'   56 |         virtual void onDecodingError(\x1b[01;35m\x1b[Kint errMsg\x1b[m\x1b[K, _u8 ansType, const void* payload, size_t size) {}\n'}
[62.353416] (sllidar_ros2) StderrLine: {'line': b'      |                                      \x1b[01;35m\x1b[K~~~~^~~~~~\x1b[m\x1b[K\n'}
[62.354450] (sllidar_ros2) StderrLine: {'line': b'\x1b[01m\x1b[K/home/arno/RoombaV2Onboard/src/sllidar_ros2/sdk/src/dataunpacker/dataunpacker.h:56:54:\x1b[m\x1b[K \x1b[01;35m\x1b[Kwarning: \x1b[m\x1b[Kunused parameter \xe2\x80\x98\x1b[01m\x1b[KansType\x1b[m\x1b[K\xe2\x80\x99 [\x1b[01;35m\x1b[K\x1b]8;;https://gcc.gnu.org/onlinedocs/gcc/Warning-Options.html#index-Wunused-parameter\x07-Wunused-parameter\x1b]8;;\x07\x1b[m\x1b[K]\n'}
[62.355738] (sllidar_ros2) StderrLine: {'line': b'   56 |         virtual void onDecodingError(int errMsg, \x1b[01;35m\x1b[K_u8 ansType\x1b[m\x1b[K, const void* payload, size_t size) {}\n'}
[62.356605] (sllidar_ros2) StderrLine: {'line': b'      |                                                  \x1b[01;35m\x1b[K~~~~^~~~~~~\x1b[m\x1b[K\n'}
[62.357611] (sllidar_ros2) StderrLine: {'line': b'\x1b[01m\x1b[K/home/arno/RoombaV2Onboard/src/sllidar_ros2/sdk/src/dataunpacker/dataunpacker.h:56:75:\x1b[m\x1b[K \x1b[01;35m\x1b[Kwarning: \x1b[m\x1b[Kunused parameter \xe2\x80\x98\x1b[01m\x1b[Kpayload\x1b[m\x1b[K\xe2\x80\x99 [\x1b[01;35m\x1b[K\x1b]8;;https://gcc.gnu.org/onlinedocs/gcc/Warning-Options.html#index-Wunused-parameter\x07-Wunused-parameter\x1b]8;;\x07\x1b[m\x1b[K]\n'}
[62.374766] (sllidar_ros2) StderrLine: {'line': b'   56 |         virtual void onDecodingError(int errMsg, _u8 ansType, \x1b[01;35m\x1b[Kconst void* payload\x1b[m\x1b[K, size_t size) {}\n'}
[62.375759] (sllidar_ros2) StderrLine: {'line': b'      |                                                               \x1b[01;35m\x1b[K~~~~~~~~~~~~^~~~~~~\x1b[m\x1b[K\n'}
[62.376555] (sllidar_ros2) StderrLine: {'line': b'\x1b[01m\x1b[K/home/arno/RoombaV2Onboard/src/sllidar_ros2/sdk/src/dataunpacker/dataunpacker.h:56:91:\x1b[m\x1b[K \x1b[01;35m\x1b[Kwarning: \x1b[m\x1b[Kunused parameter \xe2\x80\x98\x1b[01m\x1b[Ksize\x1b[m\x1b[K\xe2\x80\x99 [\x1b[01;35m\x1b[K\x1b]8;;https://gcc.gnu.org/onlinedocs/gcc/Warning-Options.html#index-Wunused-parameter\x07-Wunused-parameter\x1b]8;;\x07\x1b[m\x1b[K]\n'}
[62.377246] (sllidar_ros2) StderrLine: {'line': b'   56 |         virtual void onDecodingError(int errMsg, _u8 ansType, const void* payload, \x1b[01;35m\x1b[Ksize_t size\x1b[m\x1b[K) {}\n'}
[62.378097] (sllidar_ros2) StderrLine: {'line': b'      |                                                                                    \x1b[01;35m\x1b[K~~~~~~~^~~~\x1b[m\x1b[K\n'}
[62.397899] (sllidar_ros2) StderrLine: {'line': b'In file included from \x1b[01m\x1b[K/home/arno/RoombaV2Onboard/src/sllidar_ros2/sdk/src/sl_lidar_driver.cpp:51\x1b[m\x1b[K:\n'}
[62.398718] (-) TimerEvent: {}
[62.399439] (sllidar_ros2) StderrLine: {'line': b'\x1b[01m\x1b[K/home/arno/RoombaV2Onboard/src/sllidar_ros2/sdk/src/sl_async_transceiver.h:\x1b[m\x1b[K In member function \xe2\x80\x98\x1b[01m\x1b[Kvirtual void sl::internal::IAsyncProtocolCodec::onChannelError(u_result)\x1b[m\x1b[K\xe2\x80\x99:\n'}
[62.400224] (sllidar_ros2) StderrLine: {'line': b'\x1b[01m\x1b[K/home/arno/RoombaV2Onboard/src/sllidar_ros2/sdk/src/sl_async_transceiver.h:90:48:\x1b[m\x1b[K \x1b[01;35m\x1b[Kwarning: \x1b[m\x1b[Kunused parameter \xe2\x80\x98\x1b[01m\x1b[KerrCode\x1b[m\x1b[K\xe2\x80\x99 [\x1b[01;35m\x1b[K\x1b]8;;https://gcc.gnu.org/onlinedocs/gcc/Warning-Options.html#index-Wunused-parameter\x07-Wunused-parameter\x1b]8;;\x07\x1b[m\x1b[K]\n'}
[62.401015] (sllidar_ros2) StderrLine: {'line': b'   90 |         virtual void   onChannelError(\x1b[01;35m\x1b[Ku_result errCode\x1b[m\x1b[K) {}\n'}
[62.401826] (sllidar_ros2) StderrLine: {'line': b'      |                                       \x1b[01;35m\x1b[K~~~~~~~~~^~~~~~~\x1b[m\x1b[K\n'}
[62.498973] (-) TimerEvent: {}
[62.509098] (sllidar_ros2) StderrLine: {'line': b'\x1b[01m\x1b[K/home/arno/RoombaV2Onboard/src/sllidar_ros2/sdk/src/sl_lidar_driver.cpp:\x1b[m\x1b[K In member function \xe2\x80\x98\x1b[01m\x1b[Kvirtual sl_result sl::SlamtecLidarDriver::reset(sl_u32)\x1b[m\x1b[K\xe2\x80\x99:\n'}
[62.510897] (sllidar_ros2) StderrLine: {'line': b'\x1b[01m\x1b[K/home/arno/RoombaV2Onboard/src/sllidar_ros2/sdk/src/sl_lidar_driver.cpp:511:32:\x1b[m\x1b[K \x1b[01;35m\x1b[Kwarning: \x1b[m\x1b[Kunused parameter \xe2\x80\x98\x1b[01m\x1b[KtimeoutInMs\x1b[m\x1b[K\xe2\x80\x99 [\x1b[01;35m\x1b[K\x1b]8;;https://gcc.gnu.org/onlinedocs/gcc/Warning-Options.html#index-Wunused-parameter\x07-Wunused-parameter\x1b]8;;\x07\x1b[m\x1b[K]\n'}
[62.512029] (sllidar_ros2) StderrLine: {'line': b'  511 |         sl_result reset(\x1b[01;35m\x1b[Ksl_u32 timeoutInMs = DEFAULT_TIMEOUT\x1b[m\x1b[K)\n'}
[62.513198] (sllidar_ros2) StderrLine: {'line': b'      |                         \x1b[01;35m\x1b[K~~~~~~~^~~~~~~~~~~~~~~~~~~~~~~~~~~~~\x1b[m\x1b[K\n'}
[62.534699] (sllidar_ros2) StderrLine: {'line': b'\x1b[01m\x1b[K/home/arno/RoombaV2Onboard/src/sllidar_ros2/sdk/src/sl_lidar_driver.cpp:\x1b[m\x1b[K In member function \xe2\x80\x98\x1b[01m\x1b[Kvirtual sl_result sl::SlamtecLidarDriver::startScan(bool, bool, sl_u32, sl::LidarScanMode*)\x1b[m\x1b[K\xe2\x80\x99:\n'}
[62.535695] (sllidar_ros2) StderrLine: {'line': b'\x1b[01m\x1b[K/home/arno/RoombaV2Onboard/src/sllidar_ros2/sdk/src/sl_lidar_driver.cpp:586:69:\x1b[m\x1b[K \x1b[01;35m\x1b[Kwarning: \x1b[m\x1b[Kunused parameter \xe2\x80\x98\x1b[01m\x1b[Koptions\x1b[m\x1b[K\xe2\x80\x99 [\x1b[01;35m\x1b[K\x1b]8;;https://gcc.gnu.org/onlinedocs/gcc/Warning-Options.html#index-Wunused-parameter\x07-Wunused-parameter\x1b]8;;\x07\x1b[m\x1b[K]\n'}
[62.536725] (sllidar_ros2) StderrLine: {'line': b'  586 |         sl_result startScan(bool force, bool useTypicalScan, \x1b[01;35m\x1b[Ksl_u32 options = 0\x1b[m\x1b[K, LidarScanMode* outUsedScanMode = nullptr)\n'}
[62.537584] (sllidar_ros2) StderrLine: {'line': b'      |                                                              \x1b[01;35m\x1b[K~~~~~~~^~~~~~~~~~~\x1b[m\x1b[K\n'}
[62.550388] (sllidar_ros2) StderrLine: {'line': b'\x1b[01m\x1b[K/home/arno/RoombaV2Onboard/src/sllidar_ros2/sdk/src/sl_lidar_driver.cpp:\x1b[m\x1b[K In member function \xe2\x80\x98\x1b[01m\x1b[Kvirtual sl_result sl::SlamtecLidarDriver::stop(sl_u32)\x1b[m\x1b[K\xe2\x80\x99:\n'}
[62.551405] (sllidar_ros2) StderrLine: {'line': b'\x1b[01m\x1b[K/home/arno/RoombaV2Onboard/src/sllidar_ros2/sdk/src/sl_lidar_driver.cpp:763:31:\x1b[m\x1b[K \x1b[01;35m\x1b[Kwarning: \x1b[m\x1b[Kunused parameter \xe2\x80\x98\x1b[01m\x1b[Ktimeout\x1b[m\x1b[K\xe2\x80\x99 [\x1b[01;35m\x1b[K\x1b]8;;https://gcc.gnu.org/onlinedocs/gcc/Warning-Options.html#index-Wunused-parameter\x07-Wunused-parameter\x1b]8;;\x07\x1b[m\x1b[K]\n'}
[62.552254] (sllidar_ros2) StderrLine: {'line': b'  763 |         sl_result stop(\x1b[01;35m\x1b[Ksl_u32 timeout = DEFAULT_TIMEOUT\x1b[m\x1b[K)\n'}
[62.553160] (sllidar_ros2) StderrLine: {'line': b'      |                        \x1b[01;35m\x1b[K~~~~~~~^~~~~~~~~~~~~~~~~~~~~~~~~\x1b[m\x1b[K\n'}
[62.563707] (sllidar_ros2) StderrLine: {'line': b'\x1b[01m\x1b[K/home/arno/RoombaV2Onboard/src/sllidar_ros2/sdk/src/sl_lidar_driver.cpp:\x1b[m\x1b[K In member function \xe2\x80\x98\x1b[01m\x1b[Kvirtual sl_result sl::SlamtecLidarDriver::getFrequency(const sl::LidarScanMode&, const sl_lidar_response_measurement_node_hq_t*, size_t, float&)\x1b[m\x1b[K\xe2\x80\x99:\n'}
[62.564430] (sllidar_ros2) StderrLine: {'line': b'\x1b[01m\x1b[K/home/arno/RoombaV2Onboard/src/sllidar_ros2/sdk/src/sl_lidar_driver.cpp:880:110:\x1b[m\x1b[K \x1b[01;35m\x1b[Kwarning: \x1b[m\x1b[Kunused parameter \xe2\x80\x98\x1b[01m\x1b[Knodes\x1b[m\x1b[K\xe2\x80\x99 [\x1b[01;35m\x1b[K\x1b]8;;https://gcc.gnu.org/onlinedocs/gcc/Warning-Options.html#index-Wunused-parameter\x07-Wunused-parameter\x1b]8;;\x07\x1b[m\x1b[K]\n'}
[62.565159] (sllidar_ros2) StderrLine: {'line': b'  880 |         sl_result getFrequency(const LidarScanMode& scanMode, \x1b[01;35m\x1b[Kconst sl_lidar_response_measurement_node_hq_t* nodes\x1b[m\x1b[K, size_t count, float& frequency)\n'}
[62.565855] (sllidar_ros2) StderrLine: {'line': b'      |                                                               \x1b[01;35m\x1b[K~~~~~~~~~~~~~~~~~~~~~~~~~~~~~~~~~~~~~~~~~~~~~~~^~~~~\x1b[m\x1b[K\n'}
[62.580952] (sllidar_ros2) StderrLine: {'line': b'\x1b[01m\x1b[K/home/arno/RoombaV2Onboard/src/sllidar_ros2/sdk/src/sl_lidar_driver.cpp:\x1b[m\x1b[K In member function \xe2\x80\x98\x1b[01m\x1b[Kvirtual sl_result sl::SlamtecLidarDriver::getMotorInfo(sl::LidarMotorInfo&, sl_u32)\x1b[m\x1b[K\xe2\x80\x99:\n'}
[62.582020] (sllidar_ros2) StderrLine: {'line': b'\x1b[01m\x1b[K/home/arno/RoombaV2Onboard/src/sllidar_ros2/sdk/src/sl_lidar_driver.cpp:1023:66:\x1b[m\x1b[K \x1b[01;35m\x1b[Kwarning: \x1b[m\x1b[Kunused parameter \xe2\x80\x98\x1b[01m\x1b[KtimeoutInMs\x1b[m\x1b[K\xe2\x80\x99 [\x1b[01;35m\x1b[K\x1b]8;;https://gcc.gnu.org/onlinedocs/gcc/Warning-Options.html#index-Wunused-parameter\x07-Wunused-parameter\x1b]8;;\x07\x1b[m\x1b[K]\n'}
[62.582822] (sllidar_ros2) StderrLine: {'line': b' 1023 |         sl_result getMotorInfo(LidarMotorInfo &motorInfo, \x1b[01;35m\x1b[Ksl_u32 timeoutInMs\x1b[m\x1b[K)\n'}
[62.583538] (sllidar_ros2) StderrLine: {'line': b'      |                                                           \x1b[01;35m\x1b[K~~~~~~~^~~~~~~~~~~\x1b[m\x1b[K\n'}
[62.592691] (sllidar_ros2) StderrLine: {'line': b'\x1b[01m\x1b[K/home/arno/RoombaV2Onboard/src/sllidar_ros2/sdk/src/sl_lidar_driver.cpp:\x1b[m\x1b[K In member function \xe2\x80\x98\x1b[01m\x1b[Ku_result sl::SlamtecLidarDriver::getScanModeCount(sl_u16&, sl_u32)\x1b[m\x1b[K\xe2\x80\x99:\n'}
[62.593557] (sllidar_ros2) StderrLine: {'line': b'\x1b[01m\x1b[K/home/arno/RoombaV2Onboard/src/sllidar_ros2/sdk/src/sl_lidar_driver.cpp:1199:61:\x1b[m\x1b[K \x1b[01;35m\x1b[Kwarning: \x1b[m\x1b[Kunused parameter \xe2\x80\x98\x1b[01m\x1b[KtimeoutInMs\x1b[m\x1b[K\xe2\x80\x99 [\x1b[01;35m\x1b[K\x1b]8;;https://gcc.gnu.org/onlinedocs/gcc/Warning-Options.html#index-Wunused-parameter\x07-Wunused-parameter\x1b]8;;\x07\x1b[m\x1b[K]\n'}
[62.594376] (sllidar_ros2) StderrLine: {'line': b' 1199 |         u_result getScanModeCount(sl_u16& modeCount, \x1b[01;35m\x1b[Ksl_u32 timeoutInMs = DEFAULT_TIMEOUT\x1b[m\x1b[K)\n'}
[62.595056] (sllidar_ros2) StderrLine: {'line': b'      |                                                      \x1b[01;35m\x1b[K~~~~~~~^~~~~~~~~~~~~~~~~~~~~~~~~~~~~\x1b[m\x1b[K\n'}
[62.599236] (-) TimerEvent: {}
[62.700289] (-) TimerEvent: {}
[62.802052] (-) TimerEvent: {}
[62.830349] (sllidar_ros2) StderrLine: {'line': b'/home/arno/RoombaV2Onboard/src/sllidar_ros2/sdk/src/sl_lidar_driver.cpp: In instantiation of \xe2\x80\x98\x1b[01m\x1b[Kvoid sl::RawSampleNodeHolder<T>::pushNode(_u64, const T*) [with T = sl_lidar_response_measurement_node_hq_t; _u64 = long unsigned int]\x1b[m\x1b[K\xe2\x80\x99:\n'}
[62.831182] (sllidar_ros2) StderrLine: {'line': b'\x1b[01m\x1b[K/home/arno/RoombaV2Onboard/src/sllidar_ros2/sdk/src/sl_lidar_driver.cpp:1648:42:\x1b[m\x1b[K   required from here\n'}
[62.831929] (sllidar_ros2) StderrLine: {'line': b'\x1b[01m\x1b[K/home/arno/RoombaV2Onboard/src/sllidar_ros2/sdk/src/sl_lidar_driver.cpp:202:28:\x1b[m\x1b[K \x1b[01;35m\x1b[Kwarning: \x1b[m\x1b[Kunused parameter \xe2\x80\x98\x1b[01m\x1b[Ktimestamp_uS\x1b[m\x1b[K\xe2\x80\x99 [\x1b[01;35m\x1b[K\x1b]8;;https://gcc.gnu.org/onlinedocs/gcc/Warning-Options.html#index-Wunused-parameter\x07-Wunused-parameter\x1b]8;;\x07\x1b[m\x1b[K]\n'}
[62.832706] (sllidar_ros2) StderrLine: {'line': b'  202 |         void pushNode(\x1b[01;35m\x1b[K_u64 timestamp_uS\x1b[m\x1b[K, const T* node)\n'}
[62.833434] (sllidar_ros2) StderrLine: {'line': b'      |                       \x1b[01;35m\x1b[K~~~~~^~~~~~~~~~~~\x1b[m\x1b[K\n'}
[62.902289] (-) TimerEvent: {}
[63.003292] (-) TimerEvent: {}
[63.104311] (-) TimerEvent: {}
[63.205434] (-) TimerEvent: {}
[63.306527] (-) TimerEvent: {}
[63.407658] (-) TimerEvent: {}
[63.508771] (-) TimerEvent: {}
[63.519395] (sllidar_ros2) StderrLine: {'line': b'\x1b[01m\x1b[K/home/arno/RoombaV2Onboard/src/sllidar_ros2/sdk/src/sl_lidar_driver.cpp:\x1b[m\x1b[K At global scope:\n'}
[63.521413] (sllidar_ros2) StderrLine: {'line': b'\x1b[01m\x1b[K/home/arno/RoombaV2Onboard/src/sllidar_ros2/sdk/src/sl_lidar_driver.cpp:83:17:\x1b[m\x1b[K \x1b[01;35m\x1b[Kwarning: \x1b[m\x1b[K\xe2\x80\x98\x1b[01m\x1b[Kvoid sl::convert(const sl_lidar_response_measurement_node_hq_t&, sl_lidar_response_measurement_node_t&)\x1b[m\x1b[K\xe2\x80\x99 defined but not used [\x1b[01;35m\x1b[K\x1b]8;;https://gcc.gnu.org/onlinedocs/gcc/Warning-Options.html#index-Wunused-function\x07-Wunused-function\x1b]8;;\x07\x1b[m\x1b[K]\n'}
[63.522805] (sllidar_ros2) StderrLine: {'line': b'   83 |     static void \x1b[01;35m\x1b[Kconvert\x1b[m\x1b[K(const sl_lidar_response_measurement_node_hq_t& from, sl_lidar_response_measurement_node_t& to)\n'}
[63.524010] (sllidar_ros2) StderrLine: {'line': b'      |                 \x1b[01;35m\x1b[K^~~~~~~\x1b[m\x1b[K\n'}
[63.525078] (sllidar_ros2) StderrLine: {'line': b'\x1b[01m\x1b[K/home/arno/RoombaV2Onboard/src/sllidar_ros2/sdk/src/sl_lidar_driver.cpp:75:17:\x1b[m\x1b[K \x1b[01;35m\x1b[Kwarning: \x1b[m\x1b[K\xe2\x80\x98\x1b[01m\x1b[Kvoid sl::convert(const sl_lidar_response_measurement_node_t&, sl_lidar_response_measurement_node_hq_t&)\x1b[m\x1b[K\xe2\x80\x99 defined but not used [\x1b[01;35m\x1b[K\x1b]8;;https://gcc.gnu.org/onlinedocs/gcc/Warning-Options.html#index-Wunused-function\x07-Wunused-function\x1b]8;;\x07\x1b[m\x1b[K]\n'}
[63.526652] (sllidar_ros2) StderrLine: {'line': b'   75 |     static void \x1b[01;35m\x1b[Kconvert\x1b[m\x1b[K(const sl_lidar_response_measurement_node_t& from, sl_lidar_response_measurement_node_hq_t& to)\n'}
[63.528278] (sllidar_ros2) StderrLine: {'line': b'      |                 \x1b[01;35m\x1b[K^~~~~~~\x1b[m\x1b[K\n'}
[63.537888] (sllidar_ros2) StderrLine: {'line': b'\x1b[01m\x1b[K/home/arno/RoombaV2Onboard/src/sllidar_ros2/sdk/src/sl_lidar_driver.cpp:70:17:\x1b[m\x1b[K \x1b[01;35m\x1b[Kwarning: \x1b[m\x1b[K\xe2\x80\x98\x1b[01m\x1b[Kvoid sl::printDeprecationWarn(const char*, const char*)\x1b[m\x1b[K\xe2\x80\x99 defined but not used [\x1b[01;35m\x1b[K\x1b]8;;https://gcc.gnu.org/onlinedocs/gcc/Warning-Options.html#index-Wunused-function\x07-Wunused-function\x1b]8;;\x07\x1b[m\x1b[K]\n'}
[63.539076] (sllidar_ros2) StderrLine: {'line': b'   70 |     static void \x1b[01;35m\x1b[KprintDeprecationWarn\x1b[m\x1b[K(const char* fn, const char* replacement)\n'}
[63.549928] (sllidar_ros2) StderrLine: {'line': b'      |                 \x1b[01;35m\x1b[K^~~~~~~~~~~~~~~~~~~~\x1b[m\x1b[K\n'}
[63.551173] (sllidar_ros2) StderrLine: {'line': b'In file included from \x1b[01m\x1b[K/home/arno/RoombaV2Onboard/src/sllidar_ros2/./sdk/include/rplidar_protocol.h:36\x1b[m\x1b[K,\n'}
[63.551857] (sllidar_ros2) StderrLine: {'line': b'                 from \x1b[01m\x1b[K/home/arno/RoombaV2Onboard/src/sllidar_ros2/./sdk/include/rplidar.h:39\x1b[m\x1b[K,\n'}
[63.552546] (sllidar_ros2) StderrLine: {'line': b'                 from \x1b[01m\x1b[K/home/arno/RoombaV2Onboard/src/sllidar_ros2/sdk/src/sdkcommon.h:49\x1b[m\x1b[K,\n'}
[63.562400] (sllidar_ros2) StderrLine: {'line': b'                 from \x1b[01m\x1b[K/home/arno/RoombaV2Onboard/src/sllidar_ros2/sdk/src/sl_lidarprotocol_codec.cpp:35\x1b[m\x1b[K:\n'}
[63.563631] (sllidar_ros2) StderrLine: {'line': b'\x1b[01m\x1b[K/home/arno/RoombaV2Onboard/src/sllidar_ros2/./sdk/include/sl_lidar_protocol.h:66:16:\x1b[m\x1b[K \x1b[01;35m\x1b[Kwarning: \x1b[m\x1b[KISO C++ forbids zero-size array \xe2\x80\x98\x1b[01m\x1b[Kdata\x1b[m\x1b[K\xe2\x80\x99 [\x1b[01;35m\x1b[K\x1b]8;;https://gcc.gnu.org/onlinedocs/gcc/Warning-Options.html#index-Wpedantic\x07-Wpedantic\x1b]8;;\x07\x1b[m\x1b[K]\n'}
[63.564788] (sllidar_ros2) StderrLine: {'line': b'   66 |     sl_u8 data[\x1b[01;35m\x1b[K0\x1b[m\x1b[K];\n'}
[63.566370] (sllidar_ros2) StderrLine: {'line': b'      |                \x1b[01;35m\x1b[K^\x1b[m\x1b[K\n'}
[63.567515] (sllidar_ros2) StderrLine: {'line': b'In file included from \x1b[01m\x1b[K/home/arno/RoombaV2Onboard/src/sllidar_ros2/./sdk/include/rplidar_cmd.h:36\x1b[m\x1b[K,\n'}
[63.568204] (sllidar_ros2) StderrLine: {'line': b'                 from \x1b[01m\x1b[K/home/arno/RoombaV2Onboard/src/sllidar_ros2/./sdk/include/rplidar.h:40\x1b[m\x1b[K,\n'}
[63.568875] (sllidar_ros2) StderrLine: {'line': b'                 from \x1b[01m\x1b[K/home/arno/RoombaV2Onboard/src/sllidar_ros2/sdk/src/sdkcommon.h:49\x1b[m\x1b[K,\n'}
[63.569556] (sllidar_ros2) StderrLine: {'line': b'                 from \x1b[01m\x1b[K/home/arno/RoombaV2Onboard/src/sllidar_ros2/sdk/src/sl_lidarprotocol_codec.cpp:35\x1b[m\x1b[K:\n'}
[63.578541] (sllidar_ros2) StderrLine: {'line': b'\x1b[01m\x1b[K/home/arno/RoombaV2Onboard/src/sllidar_ros2/./sdk/include/sl_lidar_cmd.h:324:20:\x1b[m\x1b[K \x1b[01;35m\x1b[Kwarning: \x1b[m\x1b[KISO C++ forbids zero-size array \xe2\x80\x98\x1b[01m\x1b[Kpayload\x1b[m\x1b[K\xe2\x80\x99 [\x1b[01;35m\x1b[K\x1b]8;;https://gcc.gnu.org/onlinedocs/gcc/Warning-Options.html#index-Wpedantic\x07-Wpedantic\x1b]8;;\x07\x1b[m\x1b[K]\n'}
[63.579253] (sllidar_ros2) StderrLine: {'line': b'  324 |     sl_u8  payload[\x1b[01;35m\x1b[K0\x1b[m\x1b[K];\n'}
[63.579935] (sllidar_ros2) StderrLine: {'line': b'      |                    \x1b[01;35m\x1b[K^\x1b[m\x1b[K\n'}
[63.609078] (-) TimerEvent: {}
[63.710126] (-) TimerEvent: {}
[63.811117] (-) TimerEvent: {}
[63.912885] (-) TimerEvent: {}
[64.014766] (-) TimerEvent: {}
[64.116678] (-) TimerEvent: {}
[64.218392] (-) TimerEvent: {}
[64.319474] (-) TimerEvent: {}
[64.421143] (-) TimerEvent: {}
[64.522409] (-) TimerEvent: {}
[64.623611] (-) TimerEvent: {}
[64.724848] (-) TimerEvent: {}
[64.825994] (-) TimerEvent: {}
[64.927075] (-) TimerEvent: {}
[65.028354] (-) TimerEvent: {}
[65.129559] (-) TimerEvent: {}
[65.230961] (-) TimerEvent: {}
[65.332409] (-) TimerEvent: {}
[65.433444] (-) TimerEvent: {}
[65.534591] (-) TimerEvent: {}
[65.635762] (-) TimerEvent: {}
[65.737118] (-) TimerEvent: {}
[65.838808] (-) TimerEvent: {}
[65.939890] (-) TimerEvent: {}
[66.040980] (-) TimerEvent: {}
[66.142075] (-) TimerEvent: {}
[66.227663] (sllidar_ros2) StderrLine: {'line': b'In file included from \x1b[01m\x1b[K/home/arno/RoombaV2Onboard/src/sllidar_ros2/sdk/src/sl_lidarprotocol_codec.cpp:49\x1b[m\x1b[K:\n'}
[66.242230] (sllidar_ros2) StderrLine: {'line': b'\x1b[01m\x1b[K/home/arno/RoombaV2Onboard/src/sllidar_ros2/sdk/src/sl_async_transceiver.h:\x1b[m\x1b[K In member function \xe2\x80\x98\x1b[01m\x1b[Kvirtual void sl::internal::IAsyncProtocolCodec::onChannelError(u_result)\x1b[m\x1b[K\xe2\x80\x99:\n'}
[66.243270] (-) TimerEvent: {}
[66.244110] (sllidar_ros2) StderrLine: {'line': b'\x1b[01m\x1b[K/home/arno/RoombaV2Onboard/src/sllidar_ros2/sdk/src/sl_async_transceiver.h:90:48:\x1b[m\x1b[K \x1b[01;35m\x1b[Kwarning: \x1b[m\x1b[Kunused parameter \xe2\x80\x98\x1b[01m\x1b[KerrCode\x1b[m\x1b[K\xe2\x80\x99 [\x1b[01;35m\x1b[K\x1b]8;;https://gcc.gnu.org/onlinedocs/gcc/Warning-Options.html#index-Wunused-parameter\x07-Wunused-parameter\x1b]8;;\x07\x1b[m\x1b[K]\n'}
[66.244910] (sllidar_ros2) StderrLine: {'line': b'   90 |         virtual void   onChannelError(\x1b[01;35m\x1b[Ku_result errCode\x1b[m\x1b[K) {}\n'}
[66.245779] (sllidar_ros2) StderrLine: {'line': b'      |                                       \x1b[01;35m\x1b[K~~~~~~~~~^~~~~~~\x1b[m\x1b[K\n'}
[66.343553] (-) TimerEvent: {}
[66.444704] (-) TimerEvent: {}
[66.545827] (-) TimerEvent: {}
[66.646942] (-) TimerEvent: {}
[66.748080] (-) TimerEvent: {}
[66.849159] (-) TimerEvent: {}
[66.950327] (-) TimerEvent: {}
[67.051429] (-) TimerEvent: {}
[67.152746] (-) TimerEvent: {}
[67.254494] (-) TimerEvent: {}
[67.355647] (-) TimerEvent: {}
[67.456789] (-) TimerEvent: {}
[67.558134] (-) TimerEvent: {}
[67.659361] (-) TimerEvent: {}
[67.760634] (-) TimerEvent: {}
[67.862492] (-) TimerEvent: {}
[67.964377] (-) TimerEvent: {}
[68.066253] (-) TimerEvent: {}
[68.168014] (-) TimerEvent: {}
[68.269793] (-) TimerEvent: {}
[68.371508] (-) TimerEvent: {}
[68.473310] (-) TimerEvent: {}
[68.575100] (-) TimerEvent: {}
[68.676817] (-) TimerEvent: {}
[68.778612] (-) TimerEvent: {}
[68.880395] (-) TimerEvent: {}
[68.981407] (-) TimerEvent: {}
[69.083172] (-) TimerEvent: {}
[69.184888] (-) TimerEvent: {}
[69.286801] (-) TimerEvent: {}
[69.388662] (-) TimerEvent: {}
[69.490462] (-) TimerEvent: {}
[69.592213] (-) TimerEvent: {}
[69.694035] (-) TimerEvent: {}
[69.795813] (-) TimerEvent: {}
[69.897697] (-) TimerEvent: {}
[69.999420] (-) TimerEvent: {}
[70.101167] (-) TimerEvent: {}
[70.202998] (-) TimerEvent: {}
[70.304806] (-) TimerEvent: {}
[70.406558] (-) TimerEvent: {}
[70.509122] (-) TimerEvent: {}
[70.610582] (-) TimerEvent: {}
[70.711521] (-) TimerEvent: {}
[70.813342] (-) TimerEvent: {}
[70.914937] (-) TimerEvent: {}
[71.016582] (-) TimerEvent: {}
[71.118283] (-) TimerEvent: {}
[71.220179] (-) TimerEvent: {}
[71.321852] (-) TimerEvent: {}
[71.423538] (-) TimerEvent: {}
[71.525294] (-) TimerEvent: {}
[71.627120] (-) TimerEvent: {}
[71.728852] (-) TimerEvent: {}
[71.830602] (-) TimerEvent: {}
[71.932279] (-) TimerEvent: {}
[72.033901] (-) TimerEvent: {}
[72.135673] (-) TimerEvent: {}
[72.237461] (-) TimerEvent: {}
[72.339351] (-) TimerEvent: {}
[72.444280] (-) TimerEvent: {}
[72.545342] (-) TimerEvent: {}
[72.646666] (-) TimerEvent: {}
[72.748413] (-) TimerEvent: {}
[72.850156] (-) TimerEvent: {}
[72.952850] (-) TimerEvent: {}
[73.054665] (-) TimerEvent: {}
[73.156287] (-) TimerEvent: {}
[73.257901] (-) TimerEvent: {}
[73.359578] (-) TimerEvent: {}
[73.461213] (-) TimerEvent: {}
[73.562863] (-) TimerEvent: {}
[73.664439] (-) TimerEvent: {}
[73.765430] (-) TimerEvent: {}
[73.866432] (-) TimerEvent: {}
[73.968407] (-) TimerEvent: {}
[74.070064] (-) TimerEvent: {}
[74.171701] (-) TimerEvent: {}
[74.273535] (-) TimerEvent: {}
[74.376380] (-) TimerEvent: {}
[74.478508] (-) TimerEvent: {}
[74.580541] (-) TimerEvent: {}
[74.633223] (sllidar_ros2) StdoutLine: {'line': b'[ 80%] \x1b[32mBuilding CXX object CMakeFiles/sllidar_node.dir/sdk/src/sl_tcp_channel.cpp.o\x1b[0m\n'}
[74.680798] (-) TimerEvent: {}
[74.782014] (-) TimerEvent: {}
[74.883251] (-) TimerEvent: {}
[74.985309] (-) TimerEvent: {}
[75.086806] (-) TimerEvent: {}
[75.188467] (-) TimerEvent: {}
[75.289458] (-) TimerEvent: {}
[75.390581] (-) TimerEvent: {}
[75.492261] (-) TimerEvent: {}
[75.594147] (-) TimerEvent: {}
[75.696124] (-) TimerEvent: {}
[75.798427] (-) TimerEvent: {}
[75.900700] (-) TimerEvent: {}
[76.002851] (-) TimerEvent: {}
[76.105232] (-) TimerEvent: {}
[76.207445] (-) TimerEvent: {}
[76.309613] (-) TimerEvent: {}
[76.411843] (-) TimerEvent: {}
[76.512902] (-) TimerEvent: {}
[76.613858] (-) TimerEvent: {}
[76.714935] (-) TimerEvent: {}
[76.816877] (-) TimerEvent: {}
[76.919177] (-) TimerEvent: {}
[77.014753] (sllidar_ros2) StderrLine: {'line': b'In file included from \x1b[01m\x1b[K/home/arno/RoombaV2Onboard/src/sllidar_ros2/./sdk/include/sl_lidar_cmd.h:41\x1b[m\x1b[K,\n'}
[77.015566] (sllidar_ros2) StderrLine: {'line': b'                 from \x1b[01m\x1b[K/home/arno/RoombaV2Onboard/src/sllidar_ros2/./sdk/include/sl_lidar_driver.h:54\x1b[m\x1b[K,\n'}
[77.016320] (sllidar_ros2) StderrLine: {'line': b'                 from \x1b[01m\x1b[K/home/arno/RoombaV2Onboard/src/sllidar_ros2/sdk/src/sl_tcp_channel.cpp:33\x1b[m\x1b[K:\n'}
[77.017287] (sllidar_ros2) StderrLine: {'line': b'\x1b[01m\x1b[K/home/arno/RoombaV2Onboard/src/sllidar_ros2/./sdk/include/sl_lidar_protocol.h:66:16:\x1b[m\x1b[K \x1b[01;35m\x1b[Kwarning: \x1b[m\x1b[KISO C++ forbids zero-size array \xe2\x80\x98\x1b[01m\x1b[Kdata\x1b[m\x1b[K\xe2\x80\x99 [\x1b[01;35m\x1b[K\x1b]8;;https://gcc.gnu.org/onlinedocs/gcc/Warning-Options.html#index-Wpedantic\x07-Wpedantic\x1b]8;;\x07\x1b[m\x1b[K]\n'}
[77.018181] (sllidar_ros2) StderrLine: {'line': b'   66 |     sl_u8 data[\x1b[01;35m\x1b[K0\x1b[m\x1b[K];\n'}
[77.018890] (sllidar_ros2) StderrLine: {'line': b'      |                \x1b[01;35m\x1b[K^\x1b[m\x1b[K\n'}
[77.019559] (-) TimerEvent: {}
[77.020695] (sllidar_ros2) StderrLine: {'line': b'In file included from \x1b[01m\x1b[K/home/arno/RoombaV2Onboard/src/sllidar_ros2/./sdk/include/sl_lidar_driver.h:54\x1b[m\x1b[K,\n'}
[77.021442] (sllidar_ros2) StderrLine: {'line': b'                 from \x1b[01m\x1b[K/home/arno/RoombaV2Onboard/src/sllidar_ros2/sdk/src/sl_tcp_channel.cpp:33\x1b[m\x1b[K:\n'}
[77.022267] (sllidar_ros2) StderrLine: {'line': b'\x1b[01m\x1b[K/home/arno/RoombaV2Onboard/src/sllidar_ros2/./sdk/include/sl_lidar_cmd.h:324:20:\x1b[m\x1b[K \x1b[01;35m\x1b[Kwarning: \x1b[m\x1b[KISO C++ forbids zero-size array \xe2\x80\x98\x1b[01m\x1b[Kpayload\x1b[m\x1b[K\xe2\x80\x99 [\x1b[01;35m\x1b[K\x1b]8;;https://gcc.gnu.org/onlinedocs/gcc/Warning-Options.html#index-Wpedantic\x07-Wpedantic\x1b]8;;\x07\x1b[m\x1b[K]\n'}
[77.022965] (sllidar_ros2) StderrLine: {'line': b'  324 |     sl_u8  payload[\x1b[01;35m\x1b[K0\x1b[m\x1b[K];\n'}
[77.023694] (sllidar_ros2) StderrLine: {'line': b'      |                    \x1b[01;35m\x1b[K^\x1b[m\x1b[K\n'}
[77.041480] (sllidar_ros2) StderrLine: {'line': b'\x1b[01m\x1b[K/home/arno/RoombaV2Onboard/src/sllidar_ros2/sdk/src/sl_tcp_channel.cpp:\x1b[m\x1b[K In member function \xe2\x80\x98\x1b[01m\x1b[Kvoid sl::TcpChannel::setStatus(_u32)\x1b[m\x1b[K\xe2\x80\x99:\n'}
[77.042538] (sllidar_ros2) StderrLine: {'line': b'\x1b[01m\x1b[K/home/arno/RoombaV2Onboard/src/sllidar_ros2/sdk/src/sl_tcp_channel.cpp:109:29:\x1b[m\x1b[K \x1b[01;35m\x1b[Kwarning: \x1b[m\x1b[Kunused parameter \xe2\x80\x98\x1b[01m\x1b[Kflag\x1b[m\x1b[K\xe2\x80\x99 [\x1b[01;35m\x1b[K\x1b]8;;https://gcc.gnu.org/onlinedocs/gcc/Warning-Options.html#index-Wunused-parameter\x07-Wunused-parameter\x1b]8;;\x07\x1b[m\x1b[K]\n'}
[77.043353] (sllidar_ros2) StderrLine: {'line': b'  109 |         void setStatus(\x1b[01;35m\x1b[K_u32 flag\x1b[m\x1b[K){}\n'}
[77.044110] (sllidar_ros2) StderrLine: {'line': b'      |                        \x1b[01;35m\x1b[K~~~~~^~~~\x1b[m\x1b[K\n'}
[77.119828] (-) TimerEvent: {}
[77.221688] (-) TimerEvent: {}
[77.323505] (-) TimerEvent: {}
[77.378122] (sllidar_ros2) StdoutLine: {'line': b'[ 85%] \x1b[32mBuilding CXX object CMakeFiles/sllidar_node.dir/sdk/src/sl_udp_channel.cpp.o\x1b[0m\n'}
[77.423790] (-) TimerEvent: {}
[77.524932] (-) TimerEvent: {}
[77.625985] (-) TimerEvent: {}
[77.728345] (-) TimerEvent: {}
[77.830275] (-) TimerEvent: {}
[77.932115] (-) TimerEvent: {}
[78.034041] (-) TimerEvent: {}
[78.135011] (-) TimerEvent: {}
[78.237225] (-) TimerEvent: {}
[78.339501] (-) TimerEvent: {}
[78.440608] (-) TimerEvent: {}
[78.541782] (-) TimerEvent: {}
[78.642806] (-) TimerEvent: {}
[78.743939] (-) TimerEvent: {}
[78.845054] (-) TimerEvent: {}
[78.946264] (-) TimerEvent: {}
[79.048461] (-) TimerEvent: {}
[79.150666] (-) TimerEvent: {}
[79.253033] (-) TimerEvent: {}
[79.355158] (-) TimerEvent: {}
[79.457331] (-) TimerEvent: {}
[79.559523] (-) TimerEvent: {}
[79.660759] (-) TimerEvent: {}
[79.761727] (-) TimerEvent: {}
[79.795072] (sllidar_ros2) StderrLine: {'line': b'In file included from \x1b[01m\x1b[K/home/arno/RoombaV2Onboard/src/sllidar_ros2/./sdk/include/sl_lidar_cmd.h:41\x1b[m\x1b[K,\n'}
[79.796399] (sllidar_ros2) StderrLine: {'line': b'                 from \x1b[01m\x1b[K/home/arno/RoombaV2Onboard/src/sllidar_ros2/./sdk/include/sl_lidar_driver.h:54\x1b[m\x1b[K,\n'}
[79.797772] (sllidar_ros2) StderrLine: {'line': b'                 from \x1b[01m\x1b[K/home/arno/RoombaV2Onboard/src/sllidar_ros2/sdk/src/sl_udp_channel.cpp:33\x1b[m\x1b[K:\n'}
[79.799126] (sllidar_ros2) StderrLine: {'line': b'\x1b[01m\x1b[K/home/arno/RoombaV2Onboard/src/sllidar_ros2/./sdk/include/sl_lidar_protocol.h:66:16:\x1b[m\x1b[K \x1b[01;35m\x1b[Kwarning: \x1b[m\x1b[KISO C++ forbids zero-size array \xe2\x80\x98\x1b[01m\x1b[Kdata\x1b[m\x1b[K\xe2\x80\x99 [\x1b[01;35m\x1b[K\x1b]8;;https://gcc.gnu.org/onlinedocs/gcc/Warning-Options.html#index-Wpedantic\x07-Wpedantic\x1b]8;;\x07\x1b[m\x1b[K]\n'}
[79.800488] (sllidar_ros2) StderrLine: {'line': b'   66 |     sl_u8 data[\x1b[01;35m\x1b[K0\x1b[m\x1b[K];\n'}
[79.801821] (sllidar_ros2) StderrLine: {'line': b'      |                \x1b[01;35m\x1b[K^\x1b[m\x1b[K\n'}
[79.805838] (sllidar_ros2) StderrLine: {'line': b'In file included from \x1b[01m\x1b[K/home/arno/RoombaV2Onboard/src/sllidar_ros2/./sdk/include/sl_lidar_driver.h:54\x1b[m\x1b[K,\n'}
[79.807299] (sllidar_ros2) StderrLine: {'line': b'                 from \x1b[01m\x1b[K/home/arno/RoombaV2Onboard/src/sllidar_ros2/sdk/src/sl_udp_channel.cpp:33\x1b[m\x1b[K:\n'}
[79.808726] (sllidar_ros2) StderrLine: {'line': b'\x1b[01m\x1b[K/home/arno/RoombaV2Onboard/src/sllidar_ros2/./sdk/include/sl_lidar_cmd.h:324:20:\x1b[m\x1b[K \x1b[01;35m\x1b[Kwarning: \x1b[m\x1b[KISO C++ forbids zero-size array \xe2\x80\x98\x1b[01m\x1b[Kpayload\x1b[m\x1b[K\xe2\x80\x99 [\x1b[01;35m\x1b[K\x1b]8;;https://gcc.gnu.org/onlinedocs/gcc/Warning-Options.html#index-Wpedantic\x07-Wpedantic\x1b]8;;\x07\x1b[m\x1b[K]\n'}
[79.810000] (sllidar_ros2) StderrLine: {'line': b'  324 |     sl_u8  payload[\x1b[01;35m\x1b[K0\x1b[m\x1b[K];\n'}
[79.811297] (sllidar_ros2) StderrLine: {'line': b'      |                    \x1b[01;35m\x1b[K^\x1b[m\x1b[K\n'}
[79.834327] (sllidar_ros2) StderrLine: {'line': b'\x1b[01m\x1b[K/home/arno/RoombaV2Onboard/src/sllidar_ros2/sdk/src/sl_udp_channel.cpp:\x1b[m\x1b[K In member function \xe2\x80\x98\x1b[01m\x1b[Kvoid sl::UdpChannel::setStatus(_u32)\x1b[m\x1b[K\xe2\x80\x99:\n'}
[79.835512] (sllidar_ros2) StderrLine: {'line': b'\x1b[01m\x1b[K/home/arno/RoombaV2Onboard/src/sllidar_ros2/sdk/src/sl_udp_channel.cpp:112:29:\x1b[m\x1b[K \x1b[01;35m\x1b[Kwarning: \x1b[m\x1b[Kunused parameter \xe2\x80\x98\x1b[01m\x1b[Kflag\x1b[m\x1b[K\xe2\x80\x99 [\x1b[01;35m\x1b[K\x1b]8;;https://gcc.gnu.org/onlinedocs/gcc/Warning-Options.html#index-Wunused-parameter\x07-Wunused-parameter\x1b]8;;\x07\x1b[m\x1b[K]\n'}
[79.836688] (sllidar_ros2) StderrLine: {'line': b'  112 |         void setStatus(\x1b[01;35m\x1b[K_u32 flag\x1b[m\x1b[K){}\n'}
[79.837848] (sllidar_ros2) StderrLine: {'line': b'      |                        \x1b[01;35m\x1b[K~~~~~^~~~\x1b[m\x1b[K\n'}
[79.861919] (-) TimerEvent: {}
[79.962995] (-) TimerEvent: {}
[80.064070] (-) TimerEvent: {}
[80.165162] (-) TimerEvent: {}
[80.262138] (sllidar_ros2) StdoutLine: {'line': b'[ 90%] \x1b[32mBuilding CXX object CMakeFiles/sllidar_node.dir/sdk/src/sl_serial_channel.cpp.o\x1b[0m\n'}
[80.265459] (-) TimerEvent: {}
[80.366566] (-) TimerEvent: {}
[80.467677] (-) TimerEvent: {}
[80.568707] (-) TimerEvent: {}
[80.670511] (-) TimerEvent: {}
[80.772108] (-) TimerEvent: {}
[80.873587] (-) TimerEvent: {}
[80.975177] (-) TimerEvent: {}
[81.076872] (-) TimerEvent: {}
[81.179182] (-) TimerEvent: {}
[81.281380] (-) TimerEvent: {}
[81.383236] (-) TimerEvent: {}
[81.485165] (-) TimerEvent: {}
[81.587036] (-) TimerEvent: {}
[81.689076] (-) TimerEvent: {}
[81.790888] (-) TimerEvent: {}
[81.892706] (-) TimerEvent: {}
[81.994751] (-) TimerEvent: {}
[82.096676] (-) TimerEvent: {}
[82.198481] (-) TimerEvent: {}
[82.300447] (-) TimerEvent: {}
[82.402524] (-) TimerEvent: {}
[82.503677] (-) TimerEvent: {}
[82.508449] (sllidar_ros2) StderrLine: {'line': b'In file included from \x1b[01m\x1b[K/home/arno/RoombaV2Onboard/src/sllidar_ros2/./sdk/include/sl_lidar_cmd.h:41\x1b[m\x1b[K,\n'}
[82.509216] (sllidar_ros2) StderrLine: {'line': b'                 from \x1b[01m\x1b[K/home/arno/RoombaV2Onboard/src/sllidar_ros2/./sdk/include/sl_lidar_driver.h:54\x1b[m\x1b[K,\n'}
[82.510074] (sllidar_ros2) StderrLine: {'line': b'                 from \x1b[01m\x1b[K/home/arno/RoombaV2Onboard/src/sllidar_ros2/sdk/src/sl_serial_channel.cpp:33\x1b[m\x1b[K:\n'}
[82.511069] (sllidar_ros2) StderrLine: {'line': b'\x1b[01m\x1b[K/home/arno/RoombaV2Onboard/src/sllidar_ros2/./sdk/include/sl_lidar_protocol.h:66:16:\x1b[m\x1b[K \x1b[01;35m\x1b[Kwarning: \x1b[m\x1b[KISO C++ forbids zero-size array \xe2\x80\x98\x1b[01m\x1b[Kdata\x1b[m\x1b[K\xe2\x80\x99 [\x1b[01;35m\x1b[K\x1b]8;;https://gcc.gnu.org/onlinedocs/gcc/Warning-Options.html#index-Wpedantic\x07-Wpedantic\x1b]8;;\x07\x1b[m\x1b[K]\n'}
[82.512061] (sllidar_ros2) StderrLine: {'line': b'   66 |     sl_u8 data[\x1b[01;35m\x1b[K0\x1b[m\x1b[K];\n'}
[82.512804] (sllidar_ros2) StderrLine: {'line': b'      |                \x1b[01;35m\x1b[K^\x1b[m\x1b[K\n'}
[82.513926] (sllidar_ros2) StderrLine: {'line': b'In file included from \x1b[01m\x1b[K/home/arno/RoombaV2Onboard/src/sllidar_ros2/./sdk/include/sl_lidar_driver.h:54\x1b[m\x1b[K,\n'}
[82.514939] (sllidar_ros2) StderrLine: {'line': b'                 from \x1b[01m\x1b[K/home/arno/RoombaV2Onboard/src/sllidar_ros2/sdk/src/sl_serial_channel.cpp:33\x1b[m\x1b[K:\n'}
[82.515761] (sllidar_ros2) StderrLine: {'line': b'\x1b[01m\x1b[K/home/arno/RoombaV2Onboard/src/sllidar_ros2/./sdk/include/sl_lidar_cmd.h:324:20:\x1b[m\x1b[K \x1b[01;35m\x1b[Kwarning: \x1b[m\x1b[KISO C++ forbids zero-size array \xe2\x80\x98\x1b[01m\x1b[Kpayload\x1b[m\x1b[K\xe2\x80\x99 [\x1b[01;35m\x1b[K\x1b]8;;https://gcc.gnu.org/onlinedocs/gcc/Warning-Options.html#index-Wpedantic\x07-Wpedantic\x1b]8;;\x07\x1b[m\x1b[K]\n'}
[82.516731] (sllidar_ros2) StderrLine: {'line': b'  324 |     sl_u8  payload[\x1b[01;35m\x1b[K0\x1b[m\x1b[K];\n'}
[82.517565] (sllidar_ros2) StderrLine: {'line': b'      |                    \x1b[01;35m\x1b[K^\x1b[m\x1b[K\n'}
[82.603940] (-) TimerEvent: {}
[82.705744] (-) TimerEvent: {}
[82.807631] (-) TimerEvent: {}
[82.909456] (-) TimerEvent: {}
[82.930179] (sllidar_ros2) StdoutLine: {'line': b'[ 95%] \x1b[32m\x1b[1mLinking CXX executable sllidar_node\x1b[0m\n'}
[83.009751] (-) TimerEvent: {}
[83.111517] (-) TimerEvent: {}
[83.213037] (-) TimerEvent: {}
[83.315087] (-) TimerEvent: {}
[83.417373] (-) TimerEvent: {}
[83.520196] (-) TimerEvent: {}
[83.622317] (-) TimerEvent: {}
[83.724484] (-) TimerEvent: {}
[83.826770] (-) TimerEvent: {}
[83.929002] (-) TimerEvent: {}
[84.031565] (-) TimerEvent: {}
[84.133797] (-) TimerEvent: {}
[84.235445] (-) TimerEvent: {}
[84.337274] (-) TimerEvent: {}
[84.439249] (-) TimerEvent: {}
[84.541462] (-) TimerEvent: {}
[84.643708] (-) TimerEvent: {}
[84.745045] (-) TimerEvent: {}
[84.846422] (-) TimerEvent: {}
[84.948340] (-) TimerEvent: {}
[85.049688] (-) TimerEvent: {}
[85.150902] (-) TimerEvent: {}
[85.252108] (-) TimerEvent: {}
[85.353737] (-) TimerEvent: {}
[85.454953] (-) TimerEvent: {}
[85.556471] (-) TimerEvent: {}
[85.658287] (-) TimerEvent: {}
[85.759417] (-) TimerEvent: {}
[85.860523] (-) TimerEvent: {}
[85.962305] (-) TimerEvent: {}
[86.069899] (-) TimerEvent: {}
[86.171777] (-) TimerEvent: {}
[86.273410] (-) TimerEvent: {}
[86.375361] (-) TimerEvent: {}
[86.477414] (-) TimerEvent: {}
[86.579444] (-) TimerEvent: {}
[86.681515] (-) TimerEvent: {}
[86.783609] (-) TimerEvent: {}
[86.885849] (-) TimerEvent: {}
[86.987773] (-) TimerEvent: {}
[87.089947] (-) TimerEvent: {}
[87.192503] (-) TimerEvent: {}
[87.294689] (-) TimerEvent: {}
[87.396746] (-) TimerEvent: {}
[87.498934] (-) TimerEvent: {}
[87.601251] (-) TimerEvent: {}
[87.703366] (-) TimerEvent: {}
[87.804413] (-) TimerEvent: {}
[87.906634] (-) TimerEvent: {}
[88.007717] (-) TimerEvent: {}
[88.109004] (-) TimerEvent: {}
[88.210125] (-) TimerEvent: {}
[88.311601] (-) TimerEvent: {}
[88.412940] (-) TimerEvent: {}
[88.515815] (-) TimerEvent: {}
[88.617943] (-) TimerEvent: {}
[88.720112] (-) TimerEvent: {}
[88.821909] (-) TimerEvent: {}
[88.924575] (-) TimerEvent: {}
[89.026627] (-) TimerEvent: {}
[89.128527] (-) TimerEvent: {}
[89.199820] (sllidar_ros2) StdoutLine: {'line': b'[ 95%] Built target sllidar_node\n'}
[89.228768] (-) TimerEvent: {}
[89.330994] (-) TimerEvent: {}
[89.432241] (-) TimerEvent: {}
[89.533419] (-) TimerEvent: {}
[89.634649] (-) TimerEvent: {}
[89.736133] (-) TimerEvent: {}
[89.837411] (-) TimerEvent: {}
[89.938577] (-) TimerEvent: {}
[90.039769] (-) TimerEvent: {}
[90.140944] (-) TimerEvent: {}
[90.242122] (-) TimerEvent: {}
[90.343503] (-) TimerEvent: {}
[90.445317] (-) TimerEvent: {}
[90.547096] (-) TimerEvent: {}
[90.648879] (-) TimerEvent: {}
[90.750702] (-) TimerEvent: {}
[90.852585] (-) TimerEvent: {}
[90.954438] (-) TimerEvent: {}
[91.056222] (-) TimerEvent: {}
[91.157941] (-) TimerEvent: {}
[91.259731] (-) TimerEvent: {}
[91.361467] (-) TimerEvent: {}
[91.463208] (-) TimerEvent: {}
[91.565003] (-) TimerEvent: {}
[91.667004] (-) TimerEvent: {}
[91.769908] (-) TimerEvent: {}
[91.872220] (-) TimerEvent: {}
[91.973838] (-) TimerEvent: {}
[92.075465] (-) TimerEvent: {}
[92.177196] (-) TimerEvent: {}
[92.278815] (-) TimerEvent: {}
[92.380261] (-) TimerEvent: {}
[92.481712] (-) TimerEvent: {}
[92.583653] (-) TimerEvent: {}
[92.685788] (-) TimerEvent: {}
[92.786803] (-) TimerEvent: {}
[92.887887] (-) TimerEvent: {}
[92.991657] (-) TimerEvent: {}
[93.092926] (-) TimerEvent: {}
[93.194052] (-) TimerEvent: {}
[93.295268] (-) TimerEvent: {}
[93.396442] (-) TimerEvent: {}
[93.497548] (-) TimerEvent: {}
[93.598767] (-) TimerEvent: {}
[93.699792] (-) TimerEvent: {}
[93.801177] (-) TimerEvent: {}
[93.903316] (-) TimerEvent: {}
[94.005371] (-) TimerEvent: {}
[94.107580] (-) TimerEvent: {}
[94.209738] (-) TimerEvent: {}
[94.311443] (-) TimerEvent: {}
[94.412918] (-) TimerEvent: {}
[94.515008] (-) TimerEvent: {}
[94.615878] (-) TimerEvent: {}
[94.717075] (-) TimerEvent: {}
[94.820566] (-) TimerEvent: {}
[94.924270] (-) TimerEvent: {}
[95.026312] (-) TimerEvent: {}
[95.128520] (-) TimerEvent: {}
[95.230805] (-) TimerEvent: {}
[95.333353] (-) TimerEvent: {}
[95.435512] (-) TimerEvent: {}
[95.537449] (-) TimerEvent: {}
[95.638599] (-) TimerEvent: {}
[95.739694] (-) TimerEvent: {}
[95.840777] (-) TimerEvent: {}
[95.941979] (-) TimerEvent: {}
[96.043666] (-) TimerEvent: {}
[96.144828] (-) TimerEvent: {}
[96.246113] (-) TimerEvent: {}
[96.348735] (-) TimerEvent: {}
[96.452206] (-) TimerEvent: {}
[96.555241] (-) TimerEvent: {}
[96.656346] (-) TimerEvent: {}
[96.757324] (-) TimerEvent: {}
[96.858369] (-) TimerEvent: {}
[96.959308] (-) TimerEvent: {}
[97.060338] (-) TimerEvent: {}
[97.161402] (-) TimerEvent: {}
[97.262663] (-) TimerEvent: {}
[97.363774] (-) TimerEvent: {}
[97.464845] (-) TimerEvent: {}
[97.565897] (-) TimerEvent: {}
[97.666970] (-) TimerEvent: {}
[97.768028] (-) TimerEvent: {}
[97.870468] (-) TimerEvent: {}
[97.972637] (-) TimerEvent: {}
[98.074732] (-) TimerEvent: {}
[98.175751] (-) TimerEvent: {}
[98.276790] (-) TimerEvent: {}
[98.293905] (sllidar_ros2) StdoutLine: {'line': b'[100%] \x1b[32m\x1b[1mLinking CXX executable sllidar_client\x1b[0m\n'}
[98.377119] (-) TimerEvent: {}
[98.478389] (-) TimerEvent: {}
[98.579667] (-) TimerEvent: {}
[98.680841] (-) TimerEvent: {}
[98.781978] (-) TimerEvent: {}
[98.883074] (-) TimerEvent: {}
[98.984284] (-) TimerEvent: {}
[99.085432] (-) TimerEvent: {}
[99.186701] (-) TimerEvent: {}
[99.287908] (-) TimerEvent: {}
[99.389140] (-) TimerEvent: {}
[99.490285] (-) TimerEvent: {}
[99.591462] (-) TimerEvent: {}
[99.692715] (-) TimerEvent: {}
[99.793920] (-) TimerEvent: {}
[99.895059] (-) TimerEvent: {}
[99.996211] (-) TimerEvent: {}
[100.097343] (-) TimerEvent: {}
[100.198451] (-) TimerEvent: {}
[100.299559] (-) TimerEvent: {}
[100.400775] (-) TimerEvent: {}
[100.501867] (-) TimerEvent: {}
[100.603040] (-) TimerEvent: {}
[100.704198] (-) TimerEvent: {}
[100.805469] (-) TimerEvent: {}
[100.869924] (sllidar_ros2) StdoutLine: {'line': b'[100%] Built target sllidar_client\n'}
[100.905863] (-) TimerEvent: {}
[100.937903] (sllidar_ros2) CommandEnded: {'returncode': 0}
[101.006125] (-) TimerEvent: {}
[101.107234] (-) TimerEvent: {}
[101.208417] (-) TimerEvent: {}
[101.310156] (-) TimerEvent: {}
[101.415790] (sllidar_ros2) JobProgress: {'identifier': 'sllidar_ros2', 'progress': 'install'}
[101.416152] (-) TimerEvent: {}
[101.461275] (sllidar_ros2) Command: {'cmd': ['/usr/bin/cmake', '--install', '/home/arno/RoombaV2Onboard/build/sllidar_ros2'], 'cwd': '/home/arno/RoombaV2Onboard/build/sllidar_ros2', 'env': OrderedDict([('LESSOPEN', '| /usr/bin/lesspipe %s'), ('USER', 'arno'), ('SSH_CLIENT', '192.168.30.158 60528 22'), ('LC_TIME', 'de_CH.UTF-8'), ('XDG_SESSION_TYPE', 'tty'), ('SHLVL', '1'), ('LD_LIBRARY_PATH', '/opt/ros/humble/opt/rviz_ogre_vendor/lib:/opt/ros/humble/lib/aarch64-linux-gnu:/opt/ros/humble/lib'), ('MOTD_SHOWN', 'pam'), ('HOME', '/home/arno'), ('OLDPWD', '/home/arno'), ('SSH_TTY', '/dev/pts/0'), ('ROS_PYTHON_VERSION', '3'), ('LC_MONETARY', 'de_CH.UTF-8'), ('DBUS_SESSION_BUS_ADDRESS', 'unix:path=/run/user/1000/bus'), ('ROS_DISTRO', 'humble'), ('LOGNAME', 'arno'), ('_', '/usr/bin/colcon'), ('ROS_VERSION', '2'), ('XDG_SESSION_CLASS', 'user'), ('TERM', 'xterm-256color'), ('XDG_SESSION_ID', '1'), ('ROS_LOCALHOST_ONLY', '0'), ('PATH', '/opt/ros/humble/bin:/usr/local/sbin:/usr/local/bin:/usr/sbin:/usr/bin:/sbin:/bin:/usr/games:/usr/local/games:/snap/bin'), ('LC_ADDRESS', 'de_CH.UTF-8'), ('XDG_RUNTIME_DIR', '/run/user/1000'), ('LANG', 'en_US.UTF-8'), ('LC_TELEPHONE', 'de_CH.UTF-8'), ('LS_COLORS', 'rs=0:di=01;34:ln=01;36:mh=00:pi=40;33:so=01;35:do=01;35:bd=40;33;01:cd=40;33;01:or=40;31;01:mi=00:su=37;41:sg=30;43:ca=30;41:tw=30;42:ow=34;42:st=37;44:ex=01;32:*.tar=01;31:*.tgz=01;31:*.arc=01;31:*.arj=01;31:*.taz=01;31:*.lha=01;31:*.lz4=01;31:*.lzh=01;31:*.lzma=01;31:*.tlz=01;31:*.txz=01;31:*.tzo=01;31:*.t7z=01;31:*.zip=01;31:*.z=01;31:*.dz=01;31:*.gz=01;31:*.lrz=01;31:*.lz=01;31:*.lzo=01;31:*.xz=01;31:*.zst=01;31:*.tzst=01;31:*.bz2=01;31:*.bz=01;31:*.tbz=01;31:*.tbz2=01;31:*.tz=01;31:*.deb=01;31:*.rpm=01;31:*.jar=01;31:*.war=01;31:*.ear=01;31:*.sar=01;31:*.rar=01;31:*.alz=01;31:*.ace=01;31:*.zoo=01;31:*.cpio=01;31:*.7z=01;31:*.rz=01;31:*.cab=01;31:*.wim=01;31:*.swm=01;31:*.dwm=01;31:*.esd=01;31:*.jpg=01;35:*.jpeg=01;35:*.mjpg=01;35:*.mjpeg=01;35:*.gif=01;35:*.bmp=01;35:*.pbm=01;35:*.pgm=01;35:*.ppm=01;35:*.tga=01;35:*.xbm=01;35:*.xpm=01;35:*.tif=01;35:*.tiff=01;35:*.png=01;35:*.svg=01;35:*.svgz=01;35:*.mng=01;35:*.pcx=01;35:*.mov=01;35:*.mpg=01;35:*.mpeg=01;35:*.m2v=01;35:*.mkv=01;35:*.webm=01;35:*.webp=01;35:*.ogm=01;35:*.mp4=01;35:*.m4v=01;35:*.mp4v=01;35:*.vob=01;35:*.qt=01;35:*.nuv=01;35:*.wmv=01;35:*.asf=01;35:*.rm=01;35:*.rmvb=01;35:*.flc=01;35:*.avi=01;35:*.fli=01;35:*.flv=01;35:*.gl=01;35:*.dl=01;35:*.xcf=01;35:*.xwd=01;35:*.yuv=01;35:*.cgm=01;35:*.emf=01;35:*.ogv=01;35:*.ogx=01;35:*.aac=00;36:*.au=00;36:*.flac=00;36:*.m4a=00;36:*.mid=00;36:*.midi=00;36:*.mka=00;36:*.mp3=00;36:*.mpc=00;36:*.ogg=00;36:*.ra=00;36:*.wav=00;36:*.oga=00;36:*.opus=00;36:*.spx=00;36:*.xspf=00;36:'), ('AMENT_PREFIX_PATH', '/opt/ros/humble'), ('SHELL', '/bin/bash'), ('LC_NAME', 'de_CH.UTF-8'), ('LESSCLOSE', '/usr/bin/lesspipe %s %s'), ('LC_MEASUREMENT', 'de_CH.UTF-8'), ('LC_IDENTIFICATION', 'de_CH.UTF-8'), ('PWD', '/home/arno/RoombaV2Onboard/build/sllidar_ros2'), ('LC_ALL', 'en_US.UTF-8'), ('SSH_CONNECTION', '192.168.30.158 60528 192.168.30.79 22'), ('XDG_DATA_DIRS', '/usr/local/share:/usr/share:/var/lib/snapd/desktop'), ('PYTHONPATH', '/opt/ros/humble/lib/python3.10/site-packages:/opt/ros/humble/local/lib/python3.10/dist-packages'), ('LC_NUMERIC', 'de_CH.UTF-8'), ('LC_PAPER', 'de_CH.UTF-8'), ('COLCON', '1'), ('CMAKE_PREFIX_PATH', '/opt/ros/humble')]), 'shell': False}
[101.514317] (sllidar_ros2) StdoutLine: {'line': b'-- Install configuration: ""\n'}
[101.516509] (sllidar_ros2) StdoutLine: {'line': b'-- Installing: /home/arno/RoombaV2Onboard/install/sllidar_ros2/share/sllidar_ros2/launch\n'}
[101.517450] (-) TimerEvent: {}
[101.521728] (sllidar_ros2) StdoutLine: {'line': b'-- Installing: /home/arno/RoombaV2Onboard/install/sllidar_ros2/share/sllidar_ros2/launch/view_sllidar_a2m7_launch.py\n'}
[101.525672] (sllidar_ros2) StdoutLine: {'line': b'-- Installing: /home/arno/RoombaV2Onboard/install/sllidar_ros2/share/sllidar_ros2/launch/sllidar_a3_launch.py\n'}
[101.529329] (sllidar_ros2) StdoutLine: {'line': b'-- Installing: /home/arno/RoombaV2Onboard/install/sllidar_ros2/share/sllidar_ros2/launch/sllidar_c1_launch.py\n'}
[101.533104] (sllidar_ros2) StdoutLine: {'line': b'-- Installing: /home/arno/RoombaV2Onboard/install/sllidar_ros2/share/sllidar_ros2/launch/view_sllidar_s1_tcp_launch.py\n'}
[101.537047] (sllidar_ros2) StdoutLine: {'line': b'-- Installing: /home/arno/RoombaV2Onboard/install/sllidar_ros2/share/sllidar_ros2/launch/view_sllidar_s2_launch.py\n'}
[101.540883] (sllidar_ros2) StdoutLine: {'line': b'-- Installing: /home/arno/RoombaV2Onboard/install/sllidar_ros2/share/sllidar_ros2/launch/view_sllidar_a3_launch.py\n'}
[101.547064] (sllidar_ros2) StdoutLine: {'line': b'-- Installing: /home/arno/RoombaV2Onboard/install/sllidar_ros2/share/sllidar_ros2/launch/view_sllidar_s2e_launch.py\n'}
[101.550690] (sllidar_ros2) StdoutLine: {'line': b'-- Installing: /home/arno/RoombaV2Onboard/install/sllidar_ros2/share/sllidar_ros2/launch/sllidar_s3_launch.py\n'}
[101.554309] (sllidar_ros2) StdoutLine: {'line': b'-- Installing: /home/arno/RoombaV2Onboard/install/sllidar_ros2/share/sllidar_ros2/launch/view_sllidar_a2m8_launch.py\n'}
[101.558143] (sllidar_ros2) StdoutLine: {'line': b'-- Installing: /home/arno/RoombaV2Onboard/install/sllidar_ros2/share/sllidar_ros2/launch/sllidar_s2_launch.py\n'}
[101.561887] (sllidar_ros2) StdoutLine: {'line': b'-- Installing: /home/arno/RoombaV2Onboard/install/sllidar_ros2/share/sllidar_ros2/launch/view_sllidar_s3_launch.py\n'}
[101.565422] (sllidar_ros2) StdoutLine: {'line': b'-- Installing: /home/arno/RoombaV2Onboard/install/sllidar_ros2/share/sllidar_ros2/launch/sllidar_s1_tcp_launch.py\n'}
[101.568977] (sllidar_ros2) StdoutLine: {'line': b'-- Installing: /home/arno/RoombaV2Onboard/install/sllidar_ros2/share/sllidar_ros2/launch/sllidar_a2m8_launch.py\n'}
[101.572597] (sllidar_ros2) StdoutLine: {'line': b'-- Installing: /home/arno/RoombaV2Onboard/install/sllidar_ros2/share/sllidar_ros2/launch/view_sllidar_a1_launch.py\n'}
[101.576484] (sllidar_ros2) StdoutLine: {'line': b'-- Installing: /home/arno/RoombaV2Onboard/install/sllidar_ros2/share/sllidar_ros2/launch/sllidar_a1_launch.py\n'}
[101.580339] (sllidar_ros2) StdoutLine: {'line': b'-- Installing: /home/arno/RoombaV2Onboard/install/sllidar_ros2/share/sllidar_ros2/launch/sllidar_s1_launch.py\n'}
[101.584031] (sllidar_ros2) StdoutLine: {'line': b'-- Installing: /home/arno/RoombaV2Onboard/install/sllidar_ros2/share/sllidar_ros2/launch/sllidar_s2e_launch.py\n'}
[101.587399] (sllidar_ros2) StdoutLine: {'line': b'-- Installing: /home/arno/RoombaV2Onboard/install/sllidar_ros2/share/sllidar_ros2/launch/sllidar_t1_launch.py\n'}
[101.590764] (sllidar_ros2) StdoutLine: {'line': b'-- Installing: /home/arno/RoombaV2Onboard/install/sllidar_ros2/share/sllidar_ros2/launch/view_sllidar_t1_launch.py\n'}
[101.594607] (sllidar_ros2) StdoutLine: {'line': b'-- Installing: /home/arno/RoombaV2Onboard/install/sllidar_ros2/share/sllidar_ros2/launch/view_sllidar_s1_launch.py\n'}
[101.598227] (sllidar_ros2) StdoutLine: {'line': b'-- Installing: /home/arno/RoombaV2Onboard/install/sllidar_ros2/share/sllidar_ros2/launch/view_sllidar_a2m12_launch.py\n'}
[101.602229] (sllidar_ros2) StdoutLine: {'line': b'-- Installing: /home/arno/RoombaV2Onboard/install/sllidar_ros2/share/sllidar_ros2/launch/sllidar_a2m7_launch.py\n'}
[101.605950] (sllidar_ros2) StdoutLine: {'line': b'-- Installing: /home/arno/RoombaV2Onboard/install/sllidar_ros2/share/sllidar_ros2/launch/view_sllidar_c1_launch.py\n'}
[101.609190] (sllidar_ros2) StdoutLine: {'line': b'-- Installing: /home/arno/RoombaV2Onboard/install/sllidar_ros2/share/sllidar_ros2/launch/sllidar_a2m12_launch .py\n'}
[101.612635] (sllidar_ros2) StdoutLine: {'line': b'-- Installing: /home/arno/RoombaV2Onboard/install/sllidar_ros2/share/sllidar_ros2/rviz\n'}
[101.615636] (sllidar_ros2) StdoutLine: {'line': b'-- Installing: /home/arno/RoombaV2Onboard/install/sllidar_ros2/share/sllidar_ros2/rviz/sllidar_ros2.rviz\n'}
[101.617793] (-) TimerEvent: {}
[101.622609] (sllidar_ros2) StdoutLine: {'line': b'-- Installing: /home/arno/RoombaV2Onboard/install/sllidar_ros2/lib/sllidar_ros2/sllidar_node\n'}
[101.642174] (sllidar_ros2) StdoutLine: {'line': b'-- Set runtime path of "/home/arno/RoombaV2Onboard/install/sllidar_ros2/lib/sllidar_ros2/sllidar_node" to ""\n'}
[101.644322] (sllidar_ros2) StdoutLine: {'line': b'-- Installing: /home/arno/RoombaV2Onboard/install/sllidar_ros2/lib/sllidar_ros2/sllidar_client\n'}
[101.675087] (sllidar_ros2) StdoutLine: {'line': b'-- Set runtime path of "/home/arno/RoombaV2Onboard/install/sllidar_ros2/lib/sllidar_ros2/sllidar_client" to ""\n'}
[101.678218] (sllidar_ros2) StdoutLine: {'line': b'-- Installing: /home/arno/RoombaV2Onboard/install/sllidar_ros2/share/ament_index/resource_index/package_run_dependencies/sllidar_ros2\n'}
[101.683185] (sllidar_ros2) StdoutLine: {'line': b'-- Installing: /home/arno/RoombaV2Onboard/install/sllidar_ros2/share/ament_index/resource_index/parent_prefix_path/sllidar_ros2\n'}
[101.687566] (sllidar_ros2) StdoutLine: {'line': b'-- Installing: /home/arno/RoombaV2Onboard/install/sllidar_ros2/share/sllidar_ros2/environment/ament_prefix_path.sh\n'}
[101.690676] (sllidar_ros2) StdoutLine: {'line': b'-- Installing: /home/arno/RoombaV2Onboard/install/sllidar_ros2/share/sllidar_ros2/environment/ament_prefix_path.dsv\n'}
[101.694576] (sllidar_ros2) StdoutLine: {'line': b'-- Installing: /home/arno/RoombaV2Onboard/install/sllidar_ros2/share/sllidar_ros2/environment/path.sh\n'}
[101.698073] (sllidar_ros2) StdoutLine: {'line': b'-- Installing: /home/arno/RoombaV2Onboard/install/sllidar_ros2/share/sllidar_ros2/environment/path.dsv\n'}
[101.702286] (sllidar_ros2) StdoutLine: {'line': b'-- Installing: /home/arno/RoombaV2Onboard/install/sllidar_ros2/share/sllidar_ros2/local_setup.bash\n'}
[101.706126] (sllidar_ros2) StdoutLine: {'line': b'-- Installing: /home/arno/RoombaV2Onboard/install/sllidar_ros2/share/sllidar_ros2/local_setup.sh\n'}
[101.709823] (sllidar_ros2) StdoutLine: {'line': b'-- Installing: /home/arno/RoombaV2Onboard/install/sllidar_ros2/share/sllidar_ros2/local_setup.zsh\n'}
[101.712308] (sllidar_ros2) StdoutLine: {'line': b'-- Installing: /home/arno/RoombaV2Onboard/install/sllidar_ros2/share/sllidar_ros2/local_setup.dsv\n'}
[101.714967] (sllidar_ros2) StdoutLine: {'line': b'-- Installing: /home/arno/RoombaV2Onboard/install/sllidar_ros2/share/sllidar_ros2/package.dsv\n'}
[101.717880] (sllidar_ros2) StdoutLine: {'line': b'-- Installing: /home/arno/RoombaV2Onboard/install/sllidar_ros2/share/ament_index/resource_index/packages/sllidar_ros2\n'}
[101.718625] (-) TimerEvent: {}
[101.720948] (sllidar_ros2) StdoutLine: {'line': b'-- Installing: /home/arno/RoombaV2Onboard/install/sllidar_ros2/share/sllidar_ros2/cmake/ament_cmake_export_dependencies-extras.cmake\n'}
[101.723769] (sllidar_ros2) StdoutLine: {'line': b'-- Installing: /home/arno/RoombaV2Onboard/install/sllidar_ros2/share/sllidar_ros2/cmake/ament_cmake_export_include_directories-extras.cmake\n'}
[101.726979] (sllidar_ros2) StdoutLine: {'line': b'-- Installing: /home/arno/RoombaV2Onboard/install/sllidar_ros2/share/sllidar_ros2/cmake/sllidar_ros2Config.cmake\n'}
[101.738989] (sllidar_ros2) StdoutLine: {'line': b'-- Installing: /home/arno/RoombaV2Onboard/install/sllidar_ros2/share/sllidar_ros2/cmake/sllidar_ros2Config-version.cmake\n'}
[101.752336] (sllidar_ros2) StdoutLine: {'line': b'-- Installing: /home/arno/RoombaV2Onboard/install/sllidar_ros2/share/sllidar_ros2/package.xml\n'}
[101.762229] (sllidar_ros2) CommandEnded: {'returncode': 0}
[101.819883] (-) TimerEvent: {}
[101.921177] (-) TimerEvent: {}
[102.022126] (-) TimerEvent: {}
[102.123565] (-) TimerEvent: {}
[102.224500] (-) TimerEvent: {}
[102.298219] (sllidar_ros2) JobEnded: {'identifier': 'sllidar_ros2', 'rc': 0}
[102.324736] (-) TimerEvent: {}
[102.426037] (-) TimerEvent: {}
[102.527750] (-) TimerEvent: {}
[102.629960] (-) TimerEvent: {}
[102.731733] (-) TimerEvent: {}
[102.833501] (-) TimerEvent: {}
[102.935583] (-) TimerEvent: {}
[103.037762] (-) TimerEvent: {}
[103.139907] (-) TimerEvent: {}
[103.241959] (-) TimerEvent: {}
[103.343993] (-) TimerEvent: {}
[103.446186] (-) TimerEvent: {}
[103.548174] (-) TimerEvent: {}
[103.650223] (-) TimerEvent: {}
[103.752288] (-) TimerEvent: {}
[103.854341] (-) TimerEvent: {}
[103.956154] (-) TimerEvent: {}
[104.058084] (-) TimerEvent: {}
[104.160282] (-) TimerEvent: {}
[104.262452] (-) TimerEvent: {}
[104.364785] (-) TimerEvent: {}
[104.466868] (-) TimerEvent: {}
[104.568754] (-) TimerEvent: {}
[104.670697] (-) TimerEvent: {}
[104.772876] (-) TimerEvent: {}
[104.874842] (-) TimerEvent: {}
[104.976965] (-) TimerEvent: {}
[105.079083] (-) TimerEvent: {}
[105.181157] (-) TimerEvent: {}
[105.283264] (-) TimerEvent: {}
[105.385325] (-) TimerEvent: {}
[105.487548] (-) TimerEvent: {}
[105.589718] (-) TimerEvent: {}
[105.691746] (-) TimerEvent: {}
[105.793436] (-) TimerEvent: {}
[105.895283] (-) TimerEvent: {}
[105.997008] (-) TimerEvent: {}
[106.099120] (-) TimerEvent: {}
[106.201117] (-) TimerEvent: {}
[106.303293] (-) TimerEvent: {}
[106.405267] (-) TimerEvent: {}
[106.507679] (-) TimerEvent: {}
[106.609834] (-) TimerEvent: {}
[106.711820] (-) TimerEvent: {}
[106.813921] (-) TimerEvent: {}
[106.915860] (-) TimerEvent: {}
[107.018052] (-) TimerEvent: {}
[107.120079] (-) TimerEvent: {}
[107.222112] (-) TimerEvent: {}
[107.324030] (-) TimerEvent: {}
[107.426036] (-) TimerEvent: {}
[107.527995] (-) TimerEvent: {}
[107.629982] (-) TimerEvent: {}
[107.732047] (-) TimerEvent: {}
[107.834330] (-) TimerEvent: {}
[107.936714] (-) TimerEvent: {}
[108.037667] (-) TimerEvent: {}
[108.138768] (-) TimerEvent: {}
[108.240742] (-) TimerEvent: {}
[108.342976] (-) TimerEvent: {}
[108.445088] (-) TimerEvent: {}
[108.547227] (-) TimerEvent: {}
[108.649280] (-) TimerEvent: {}
[108.751311] (-) TimerEvent: {}
[108.853380] (-) TimerEvent: {}
[108.955488] (-) TimerEvent: {}
[109.057534] (-) TimerEvent: {}
[109.159476] (-) TimerEvent: {}
[109.261745] (-) TimerEvent: {}
[109.363772] (-) TimerEvent: {}
[109.465965] (-) TimerEvent: {}
[109.568326] (-) TimerEvent: {}
[109.670436] (-) TimerEvent: {}
[109.772464] (-) TimerEvent: {}
[109.874728] (-) TimerEvent: {}
[109.976941] (-) TimerEvent: {}
[110.079127] (-) TimerEvent: {}
[110.181310] (-) TimerEvent: {}
[110.283615] (-) TimerEvent: {}
[110.385715] (-) TimerEvent: {}
[110.487845] (-) TimerEvent: {}
[110.589832] (-) TimerEvent: {}
[110.691787] (-) TimerEvent: {}
[110.793861] (-) TimerEvent: {}
[110.895834] (-) TimerEvent: {}
[110.998647] (-) TimerEvent: {}
[111.100579] (-) TimerEvent: {}
[111.201707] (-) TimerEvent: {}
[111.303669] (-) TimerEvent: {}
[111.405693] (-) TimerEvent: {}
[111.506647] (-) TimerEvent: {}
[111.607801] (-) TimerEvent: {}
[111.708693] (-) TimerEvent: {}
[111.809605] (-) TimerEvent: {}
[111.910467] (-) TimerEvent: {}
[112.011352] (-) TimerEvent: {}
[112.112212] (-) TimerEvent: {}
[112.212997] (-) TimerEvent: {}
[112.313844] (-) TimerEvent: {}
[112.415323] (-) TimerEvent: {}
[112.517919] (-) TimerEvent: {}
[112.619948] (-) TimerEvent: {}
[112.878133] (-) TimerEvent: {}
[112.980222] (-) TimerEvent: {}
[113.081778] (-) TimerEvent: {}
[113.183212] (-) TimerEvent: {}
[113.284756] (-) TimerEvent: {}
[113.386464] (-) TimerEvent: {}
[113.487962] (-) TimerEvent: {}
[113.589486] (-) TimerEvent: {}
[113.690965] (-) TimerEvent: {}
[113.792397] (-) TimerEvent: {}
[113.893853] (-) TimerEvent: {}
[113.995587] (-) TimerEvent: {}
[114.097608] (-) TimerEvent: {}
[114.200065] (-) TimerEvent: {}
[114.301751] (-) TimerEvent: {}
[114.403539] (-) TimerEvent: {}
[114.505067] (-) TimerEvent: {}
[114.606666] (-) TimerEvent: {}
[114.708394] (-) TimerEvent: {}
[114.809390] (-) TimerEvent: {}
[114.910368] (-) TimerEvent: {}
[115.011174] (-) TimerEvent: {}
[115.112113] (-) TimerEvent: {}
[115.213114] (-) TimerEvent: {}
[115.314121] (-) TimerEvent: {}
[115.415143] (-) TimerEvent: {}
[115.516085] (-) TimerEvent: {}
[115.617128] (-) TimerEvent: {}
[115.718282] (-) TimerEvent: {}
[115.819561] (-) TimerEvent: {}
[115.921808] (-) TimerEvent: {}
[116.023715] (-) TimerEvent: {}
[116.125229] (-) TimerEvent: {}
[116.227159] (-) TimerEvent: {}
[116.329352] (-) TimerEvent: {}
[116.431280] (-) TimerEvent: {}
[116.533325] (-) TimerEvent: {}
[116.634967] (-) TimerEvent: {}
[116.736533] (-) TimerEvent: {}
[116.838044] (-) TimerEvent: {}
[116.939670] (-) TimerEvent: {}
[117.040720] (-) TimerEvent: {}
[117.141881] (-) TimerEvent: {}
[117.242913] (-) TimerEvent: {}
[117.344961] (-) TimerEvent: {}
[117.446892] (-) TimerEvent: {}
[117.549117] (-) TimerEvent: {}
[117.651843] (-) TimerEvent: {}
[120.226087] (-) TimerEvent: {}
[120.327271] (-) TimerEvent: {}
[120.429388] (-) TimerEvent: {}
[120.531452] (-) TimerEvent: {}
[120.633472] (-) TimerEvent: {}
[120.735969] (-) TimerEvent: {}
[120.837924] (-) TimerEvent: {}
[120.939650] (-) TimerEvent: {}
[121.041437] (-) TimerEvent: {}
[121.142924] (-) TimerEvent: {}
[121.244435] (-) TimerEvent: {}
[121.346065] (-) TimerEvent: {}
[121.461603] (-) TimerEvent: {}
[121.567428] (-) TimerEvent: {}
[121.669232] (-) TimerEvent: {}
[121.772358] (-) TimerEvent: {}
[121.874847] (-) TimerEvent: {}
[121.975736] (-) TimerEvent: {}
[122.076942] (-) TimerEvent: {}
[122.178113] (-) TimerEvent: {}
[122.278838] (-) TimerEvent: {}
[122.379601] (-) TimerEvent: {}
[122.480395] (-) TimerEvent: {}
[122.582294] (-) TimerEvent: {}
[122.689910] (-) TimerEvent: {}
[122.793876] (-) TimerEvent: {}
[122.895359] (-) TimerEvent: {}
[122.996506] (-) TimerEvent: {}
[123.097433] (-) TimerEvent: {}
[123.198306] (-) TimerEvent: {}
[123.299024] (-) TimerEvent: {}
[123.399848] (-) TimerEvent: {}
[123.500730] (-) TimerEvent: {}
[123.601442] (-) TimerEvent: {}
[123.702202] (-) TimerEvent: {}
[123.803001] (-) TimerEvent: {}
[123.903776] (-) TimerEvent: {}
[124.004500] (-) TimerEvent: {}
[124.105183] (-) TimerEvent: {}
[124.205908] (-) TimerEvent: {}
[124.306741] (-) TimerEvent: {}
[124.407541] (-) TimerEvent: {}
[124.508383] (-) TimerEvent: {}
[124.609233] (-) TimerEvent: {}
[124.710998] (-) TimerEvent: {}
[124.811756] (-) TimerEvent: {}
[124.913678] (-) TimerEvent: {}
[125.015526] (-) TimerEvent: {}
[125.117877] (-) TimerEvent: {}
[125.219815] (-) TimerEvent: {}
[125.321709] (-) TimerEvent: {}
[125.423698] (-) TimerEvent: {}
[125.525496] (-) TimerEvent: {}
[125.627629] (-) TimerEvent: {}
[125.729453] (-) TimerEvent: {}
[125.831361] (-) TimerEvent: {}
[125.933279] (-) TimerEvent: {}
[126.035494] (-) TimerEvent: {}
[126.137097] (-) TimerEvent: {}
[126.238898] (-) TimerEvent: {}
[126.340252] (-) TimerEvent: {}
[126.441989] (-) TimerEvent: {}
[126.542795] (-) TimerEvent: {}
[126.643559] (-) TimerEvent: {}
[126.744363] (-) TimerEvent: {}
[126.846665] (-) TimerEvent: {}
[126.948595] (-) TimerEvent: {}
[127.050665] (-) TimerEvent: {}
[127.152521] (-) TimerEvent: {}
[127.254366] (-) TimerEvent: {}
[127.356255] (-) TimerEvent: {}
[127.458106] (-) TimerEvent: {}
[127.560421] (-) TimerEvent: {}
[127.662904] (-) TimerEvent: {}
[127.765801] (-) TimerEvent: {}
[127.867905] (-) TimerEvent: {}
[127.969837] (-) TimerEvent: {}
[128.070793] (-) TimerEvent: {}
[128.173131] (-) TimerEvent: {}
[128.276049] (-) TimerEvent: {}
[128.379406] (-) TimerEvent: {}
[128.481737] (-) TimerEvent: {}
[128.584908] (-) TimerEvent: {}
[128.687144] (-) TimerEvent: {}
[128.802250] (-) TimerEvent: {}
[128.904019] (-) TimerEvent: {}
[129.005847] (-) TimerEvent: {}
[129.107784] (-) TimerEvent: {}
[129.209893] (-) TimerEvent: {}
[129.311769] (-) TimerEvent: {}
[129.413279] (-) TimerEvent: {}
[129.515102] (-) TimerEvent: {}
[129.615950] (-) TimerEvent: {}
[129.716860] (-) TimerEvent: {}
[129.817713] (-) TimerEvent: {}
[129.918625] (-) TimerEvent: {}
[130.019552] (-) TimerEvent: {}
[130.120595] (-) TimerEvent: {}
[130.221665] (-) TimerEvent: {}
[130.322674] (-) TimerEvent: {}
[130.423724] (-) TimerEvent: {}
[130.524704] (-) TimerEvent: {}
[130.625662] (-) TimerEvent: {}
[130.726526] (-) TimerEvent: {}
[130.827362] (-) TimerEvent: {}
[130.928257] (-) TimerEvent: {}
[131.029042] (-) TimerEvent: {}
[131.129945] (-) TimerEvent: {}
[131.230822] (-) TimerEvent: {}
[131.331754] (-) TimerEvent: {}
[131.432686] (-) TimerEvent: {}
[131.533760] (-) TimerEvent: {}
[131.634919] (-) TimerEvent: {}
[131.735682] (-) TimerEvent: {}
[131.836527] (-) TimerEvent: {}
[131.937344] (-) TimerEvent: {}
[132.038337] (-) TimerEvent: {}
[132.139128] (-) TimerEvent: {}
[132.240062] (-) TimerEvent: {}
[132.340856] (-) TimerEvent: {}
[132.441678] (-) TimerEvent: {}
[132.542761] (-) TimerEvent: {}
[132.643655] (-) TimerEvent: {}
[132.744613] (-) TimerEvent: {}
[132.845600] (-) TimerEvent: {}
[132.946555] (-) TimerEvent: {}
[133.047430] (-) TimerEvent: {}
[133.148435] (-) TimerEvent: {}
[133.249408] (-) TimerEvent: {}
[133.350167] (-) TimerEvent: {}
[133.450896] (-) TimerEvent: {}
[133.551602] (-) TimerEvent: {}
[133.652313] (-) TimerEvent: {}
[133.753093] (-) TimerEvent: {}
[133.853817] (-) TimerEvent: {}
[133.954598] (-) TimerEvent: {}
[134.055422] (-) TimerEvent: {}
[134.156354] (-) TimerEvent: {}
[134.257252] (-) TimerEvent: {}
[134.358105] (-) TimerEvent: {}
[134.458908] (-) TimerEvent: {}
[134.559825] (-) TimerEvent: {}
[134.660737] (-) TimerEvent: {}
[134.761815] (-) TimerEvent: {}
[134.862642] (-) TimerEvent: {}
[134.963479] (-) TimerEvent: {}
[135.064293] (-) TimerEvent: {}
[135.165123] (-) TimerEvent: {}
[135.265921] (-) TimerEvent: {}
[135.366744] (-) TimerEvent: {}
[135.467677] (-) TimerEvent: {}
[135.568448] (-) TimerEvent: {}
[135.669210] (-) TimerEvent: {}
[135.770206] (-) TimerEvent: {}
[135.871468] (-) TimerEvent: {}
[135.972825] (-) TimerEvent: {}
[136.074512] (-) TimerEvent: {}
[136.175680] (-) TimerEvent: {}
[136.276705] (-) TimerEvent: {}
[136.377730] (-) TimerEvent: {}
[136.478700] (-) TimerEvent: {}
[136.579680] (-) TimerEvent: {}
[136.680434] (-) TimerEvent: {}
[136.781159] (-) TimerEvent: {}
[136.882007] (-) TimerEvent: {}
[136.982812] (-) TimerEvent: {}
[137.083677] (-) TimerEvent: {}
[137.184432] (-) TimerEvent: {}
[137.285244] (-) TimerEvent: {}
[137.386109] (-) TimerEvent: {}
[137.487124] (-) TimerEvent: {}
[137.588173] (-) TimerEvent: {}
[137.689173] (-) TimerEvent: {}
[137.790700] (-) TimerEvent: {}
[137.892051] (-) TimerEvent: {}
[137.992803] (-) TimerEvent: {}
[138.093737] (-) TimerEvent: {}
[138.194642] (-) TimerEvent: {}
[138.295555] (-) TimerEvent: {}
[138.396510] (-) TimerEvent: {}
[138.497398] (-) TimerEvent: {}
[138.598357] (-) TimerEvent: {}
[138.699240] (-) TimerEvent: {}
[138.800153] (-) TimerEvent: {}
[138.901078] (-) TimerEvent: {}
[139.002032] (-) TimerEvent: {}
[139.102936] (-) TimerEvent: {}
[139.203835] (-) TimerEvent: {}
[139.304739] (-) TimerEvent: {}
[139.405601] (-) TimerEvent: {}
[139.506514] (-) TimerEvent: {}
[139.607386] (-) TimerEvent: {}
[139.708295] (-) TimerEvent: {}
[139.809221] (-) TimerEvent: {}
[139.910099] (-) TimerEvent: {}
[140.010981] (-) TimerEvent: {}
[140.111915] (-) TimerEvent: {}
[140.212889] (-) TimerEvent: {}
[140.313799] (-) TimerEvent: {}
[140.414666] (-) TimerEvent: {}
[140.515603] (-) TimerEvent: {}
[140.616539] (-) TimerEvent: {}
[140.717429] (-) TimerEvent: {}
[140.818322] (-) TimerEvent: {}
[140.919175] (-) TimerEvent: {}
[141.020018] (-) TimerEvent: {}
[141.120961] (-) TimerEvent: {}
[141.221823] (-) TimerEvent: {}
[141.322727] (-) TimerEvent: {}
[141.423590] (-) TimerEvent: {}
[141.524481] (-) TimerEvent: {}
[141.625376] (-) TimerEvent: {}
[141.726283] (-) TimerEvent: {}
[141.827169] (-) TimerEvent: {}
[141.928064] (-) TimerEvent: {}
[142.028950] (-) TimerEvent: {}
[142.129856] (-) TimerEvent: {}
[142.230666] (-) TimerEvent: {}
[142.331517] (-) TimerEvent: {}
[142.432403] (-) TimerEvent: {}
[142.533185] (-) TimerEvent: {}
[142.634093] (-) TimerEvent: {}
[142.734961] (-) TimerEvent: {}
[142.835814] (-) TimerEvent: {}
[142.936687] (-) TimerEvent: {}
[143.037552] (-) TimerEvent: {}
[143.138457] (-) TimerEvent: {}
[143.239365] (-) TimerEvent: {}
[143.340227] (-) TimerEvent: {}
[143.441132] (-) TimerEvent: {}
[143.542037] (-) TimerEvent: {}
[143.642916] (-) TimerEvent: {}
[143.743788] (-) TimerEvent: {}
[143.844652] (-) TimerEvent: {}
[143.945592] (-) TimerEvent: {}
[144.046523] (-) TimerEvent: {}
[144.147422] (-) TimerEvent: {}
[144.248342] (-) TimerEvent: {}
[144.349539] (-) TimerEvent: {}
[144.450425] (-) TimerEvent: {}
[144.551497] (-) TimerEvent: {}
[144.652519] (-) TimerEvent: {}
[144.753470] (-) TimerEvent: {}
[144.854457] (-) TimerEvent: {}
[144.955402] (-) TimerEvent: {}
[145.056345] (-) TimerEvent: {}
[145.157266] (-) TimerEvent: {}
[145.258204] (-) TimerEvent: {}
[145.359113] (-) TimerEvent: {}
[145.459960] (-) TimerEvent: {}
[145.560852] (-) TimerEvent: {}
[145.661778] (-) TimerEvent: {}
[145.762640] (-) TimerEvent: {}
[145.863855] (-) TimerEvent: {}
[145.965108] (-) TimerEvent: {}
[146.066022] (-) TimerEvent: {}
[146.166852] (-) TimerEvent: {}
[146.267722] (-) TimerEvent: {}
[146.368648] (-) TimerEvent: {}
[146.469535] (-) TimerEvent: {}
[146.570443] (-) TimerEvent: {}
[146.671349] (-) TimerEvent: {}
[146.772494] (-) TimerEvent: {}
[146.873755] (-) TimerEvent: {}
[146.974808] (-) TimerEvent: {}
[147.075668] (-) TimerEvent: {}
[147.176769] (-) TimerEvent: {}
[147.277665] (-) TimerEvent: {}
[147.378519] (-) TimerEvent: {}
[147.479400] (-) TimerEvent: {}
[147.580310] (-) TimerEvent: {}
[147.681151] (-) TimerEvent: {}
[147.782062] (-) TimerEvent: {}
[147.882996] (-) TimerEvent: {}
[147.983901] (-) TimerEvent: {}
[148.084835] (-) TimerEvent: {}
[148.185745] (-) TimerEvent: {}
[148.286665] (-) TimerEvent: {}
[148.387559] (-) TimerEvent: {}
[148.488475] (-) TimerEvent: {}
[148.589574] (-) TimerEvent: {}
[148.690502] (-) TimerEvent: {}
[148.791412] (-) TimerEvent: {}
[148.892272] (-) TimerEvent: {}
[148.993115] (-) TimerEvent: {}
[149.094061] (-) TimerEvent: {}
[149.195151] (-) TimerEvent: {}
[149.297880] (-) TimerEvent: {}
[149.398828] (-) TimerEvent: {}
[149.499792] (-) TimerEvent: {}
[149.600829] (-) TimerEvent: {}
[149.701765] (-) TimerEvent: {}
[149.802670] (-) TimerEvent: {}
[149.903531] (-) TimerEvent: {}
[150.004452] (-) TimerEvent: {}
[150.105336] (-) TimerEvent: {}
[150.206171] (-) TimerEvent: {}
[150.307061] (-) TimerEvent: {}
[150.407848] (-) TimerEvent: {}
[150.508740] (-) TimerEvent: {}
[150.609677] (-) TimerEvent: {}
[150.710569] (-) TimerEvent: {}
[150.811419] (-) TimerEvent: {}
[150.912302] (-) TimerEvent: {}
[151.013223] (-) TimerEvent: {}
[151.114158] (-) TimerEvent: {}
[151.215054] (-) TimerEvent: {}
[151.315946] (-) TimerEvent: {}
[151.416805] (-) TimerEvent: {}
[151.517818] (-) TimerEvent: {}
[151.618646] (-) TimerEvent: {}
[151.719525] (-) TimerEvent: {}
[151.820457] (-) TimerEvent: {}
[151.921409] (-) TimerEvent: {}
[152.022358] (-) TimerEvent: {}
[152.123242] (-) TimerEvent: {}
[152.224167] (-) TimerEvent: {}
[152.325066] (-) TimerEvent: {}
[152.426000] (-) TimerEvent: {}
[152.526925] (-) TimerEvent: {}
[152.627662] (-) TimerEvent: {}
[152.728554] (-) TimerEvent: {}
[152.829502] (-) TimerEvent: {}
[152.930396] (-) TimerEvent: {}
[153.031212] (-) TimerEvent: {}
[153.132087] (-) TimerEvent: {}
[153.232995] (-) TimerEvent: {}
[153.333929] (-) TimerEvent: {}
[153.434841] (-) TimerEvent: {}
[153.535737] (-) TimerEvent: {}
[153.636647] (-) TimerEvent: {}
[153.737524] (-) TimerEvent: {}
[153.838437] (-) TimerEvent: {}
[153.939488] (-) TimerEvent: {}
[154.040423] (-) TimerEvent: {}
[154.141313] (-) TimerEvent: {}
[154.242244] (-) TimerEvent: {}
[154.343158] (-) TimerEvent: {}
[154.444050] (-) TimerEvent: {}
[154.544965] (-) TimerEvent: {}
[154.645886] (-) TimerEvent: {}
[154.746754] (-) TimerEvent: {}
[154.847607] (-) TimerEvent: {}
[154.948453] (-) TimerEvent: {}
[155.049340] (-) TimerEvent: {}
[155.150175] (-) TimerEvent: {}
[155.250998] (-) TimerEvent: {}
[155.351815] (-) TimerEvent: {}
[155.452651] (-) TimerEvent: {}
[155.553562] (-) TimerEvent: {}
[155.654274] (-) TimerEvent: {}
[155.754941] (-) TimerEvent: {}
[155.855633] (-) TimerEvent: {}
[155.956314] (-) TimerEvent: {}
[156.057027] (-) TimerEvent: {}
[156.157984] (-) TimerEvent: {}
[156.258939] (-) TimerEvent: {}
[156.359818] (-) TimerEvent: {}
[156.460625] (-) TimerEvent: {}
[156.561349] (-) TimerEvent: {}
[156.662141] (-) TimerEvent: {}
[156.763087] (-) TimerEvent: {}
[156.863784] (-) TimerEvent: {}
[156.965538] (-) TimerEvent: {}
[157.066280] (-) TimerEvent: {}
[157.167087] (-) TimerEvent: {}
[157.268678] (-) TimerEvent: {}
[157.370899] (-) TimerEvent: {}
[157.472974] (-) TimerEvent: {}
[157.574686] (-) TimerEvent: {}
[157.675550] (-) TimerEvent: {}
[157.776407] (-) TimerEvent: {}
[157.877201] (-) TimerEvent: {}
[157.978155] (-) TimerEvent: {}
[158.078902] (-) TimerEvent: {}
[158.179751] (-) TimerEvent: {}
[158.280516] (-) TimerEvent: {}
[158.381285] (-) TimerEvent: {}
[158.482090] (-) TimerEvent: {}
[158.582973] (-) TimerEvent: {}
[158.683707] (-) TimerEvent: {}
[158.784459] (-) TimerEvent: {}
[158.885175] (-) TimerEvent: {}
[158.985952] (-) TimerEvent: {}
[159.086671] (-) TimerEvent: {}
[159.187414] (-) TimerEvent: {}
[159.288123] (-) TimerEvent: {}
[159.388841] (-) TimerEvent: {}
[159.489580] (-) TimerEvent: {}
[159.590419] (-) TimerEvent: {}
[159.691603] (-) TimerEvent: {}
[159.793425] (-) TimerEvent: {}
[159.894451] (-) TimerEvent: {}
[159.995213] (-) TimerEvent: {}
[160.095986] (-) TimerEvent: {}
[160.196878] (-) TimerEvent: {}
[160.297815] (-) TimerEvent: {}
[160.398799] (-) TimerEvent: {}
[160.500012] (-) TimerEvent: {}
[160.600933] (-) TimerEvent: {}
[160.702299] (-) TimerEvent: {}
[160.803020] (-) TimerEvent: {}
[160.915309] (rf2o_laser_odometry) StdoutLine: {'line': b'[ 80%] \x1b[32m\x1b[1mLinking CXX static library librf2o_laser_odometry.a\x1b[0m\n'}
[160.943440] (-) TimerEvent: {}
[161.045208] (-) TimerEvent: {}
[161.146189] (-) TimerEvent: {}
[161.246986] (-) TimerEvent: {}
[161.347811] (-) TimerEvent: {}
[161.448884] (-) TimerEvent: {}
[161.550255] (-) TimerEvent: {}
[161.653276] (-) TimerEvent: {}
[161.754100] (-) TimerEvent: {}
[161.855029] (-) TimerEvent: {}
[161.956254] (-) TimerEvent: {}
[162.057360] (-) TimerEvent: {}
[162.158423] (-) TimerEvent: {}
[162.259549] (-) TimerEvent: {}
[162.353130] (rf2o_laser_odometry) StdoutLine: {'line': b'[100%] \x1b[32m\x1b[1mLinking CXX executable rf2o_laser_odometry_node\x1b[0m\n'}
[162.359852] (-) TimerEvent: {}
[162.461027] (-) TimerEvent: {}
[162.561814] (-) TimerEvent: {}
[162.663022] (-) TimerEvent: {}
[162.764045] (-) TimerEvent: {}
[162.865035] (-) TimerEvent: {}
[162.966344] (-) TimerEvent: {}
[163.385203] (-) TimerEvent: {}
[163.422681] (rf2o_laser_odometry) StdoutLine: {'line': b'[100%] Built target rf2o_laser_odometry\n'}
[163.485434] (-) TimerEvent: {}
[163.586363] (-) TimerEvent: {}
[163.687501] (-) TimerEvent: {}
[163.788546] (-) TimerEvent: {}
[163.889344] (-) TimerEvent: {}
[163.990146] (-) TimerEvent: {}
[164.090879] (-) TimerEvent: {}
[164.191738] (-) TimerEvent: {}
[164.292515] (-) TimerEvent: {}
[164.393358] (-) TimerEvent: {}
[164.494482] (-) TimerEvent: {}
[164.595391] (-) TimerEvent: {}
[164.696488] (-) TimerEvent: {}
[164.797317] (-) TimerEvent: {}
[164.898174] (-) TimerEvent: {}
[164.999077] (-) TimerEvent: {}
[165.100182] (-) TimerEvent: {}
[165.201057] (-) TimerEvent: {}
[165.301841] (-) TimerEvent: {}
[165.402648] (-) TimerEvent: {}
[165.503444] (-) TimerEvent: {}
[165.604242] (-) TimerEvent: {}
[165.705121] (-) TimerEvent: {}
[165.806195] (-) TimerEvent: {}
[165.907095] (-) TimerEvent: {}
[166.008155] (-) TimerEvent: {}
[166.108942] (-) TimerEvent: {}
[166.209801] (-) TimerEvent: {}
[166.310633] (-) TimerEvent: {}
[166.411731] (-) TimerEvent: {}
[166.512699] (-) TimerEvent: {}
[166.613343] (-) TimerEvent: {}
[166.713973] (-) TimerEvent: {}
[166.814571] (-) TimerEvent: {}
[166.915166] (-) TimerEvent: {}
[167.015771] (-) TimerEvent: {}
[167.116470] (-) TimerEvent: {}
[167.217497] (-) TimerEvent: {}
[167.318184] (-) TimerEvent: {}
[167.419042] (-) TimerEvent: {}
[167.519638] (-) TimerEvent: {}
[167.620274] (-) TimerEvent: {}
[167.721035] (-) TimerEvent: {}
[167.822333] (-) TimerEvent: {}
[167.923009] (-) TimerEvent: {}
[168.023898] (-) TimerEvent: {}
[168.125166] (-) TimerEvent: {}
[168.225763] (-) TimerEvent: {}
[168.326342] (-) TimerEvent: {}
[168.426959] (-) TimerEvent: {}
[168.527673] (-) TimerEvent: {}
[168.628364] (-) TimerEvent: {}
[168.729109] (-) TimerEvent: {}
[168.809803] (rf2o_laser_odometry) StdoutLine: {'line': b'[100%] Built target rf2o_laser_odometry_node\n'}
[168.829330] (-) TimerEvent: {}
[168.930504] (-) TimerEvent: {}
[169.031379] (-) TimerEvent: {}
[169.132410] (-) TimerEvent: {}
[169.210856] (rf2o_laser_odometry) CommandEnded: {'returncode': 0}
[169.274483] (-) TimerEvent: {}
[169.378692] (-) TimerEvent: {}
[169.507910] (rf2o_laser_odometry) JobProgress: {'identifier': 'rf2o_laser_odometry', 'progress': 'install'}
[169.513891] (-) TimerEvent: {}
[169.520779] (rf2o_laser_odometry) Command: {'cmd': ['/usr/bin/cmake', '--install', '/home/arno/RoombaV2Onboard/build/rf2o_laser_odometry'], 'cwd': '/home/arno/RoombaV2Onboard/build/rf2o_laser_odometry', 'env': OrderedDict([('LESSOPEN', '| /usr/bin/lesspipe %s'), ('USER', 'arno'), ('SSH_CLIENT', '192.168.30.158 60528 22'), ('LC_TIME', 'de_CH.UTF-8'), ('XDG_SESSION_TYPE', 'tty'), ('SHLVL', '1'), ('LD_LIBRARY_PATH', '/opt/ros/humble/opt/rviz_ogre_vendor/lib:/opt/ros/humble/lib/aarch64-linux-gnu:/opt/ros/humble/lib'), ('MOTD_SHOWN', 'pam'), ('HOME', '/home/arno'), ('OLDPWD', '/home/arno'), ('SSH_TTY', '/dev/pts/0'), ('ROS_PYTHON_VERSION', '3'), ('LC_MONETARY', 'de_CH.UTF-8'), ('DBUS_SESSION_BUS_ADDRESS', 'unix:path=/run/user/1000/bus'), ('ROS_DISTRO', 'humble'), ('LOGNAME', 'arno'), ('_', '/usr/bin/colcon'), ('ROS_VERSION', '2'), ('XDG_SESSION_CLASS', 'user'), ('TERM', 'xterm-256color'), ('XDG_SESSION_ID', '1'), ('ROS_LOCALHOST_ONLY', '0'), ('PATH', '/opt/ros/humble/bin:/usr/local/sbin:/usr/local/bin:/usr/sbin:/usr/bin:/sbin:/bin:/usr/games:/usr/local/games:/snap/bin'), ('LC_ADDRESS', 'de_CH.UTF-8'), ('XDG_RUNTIME_DIR', '/run/user/1000'), ('LANG', 'en_US.UTF-8'), ('LC_TELEPHONE', 'de_CH.UTF-8'), ('LS_COLORS', 'rs=0:di=01;34:ln=01;36:mh=00:pi=40;33:so=01;35:do=01;35:bd=40;33;01:cd=40;33;01:or=40;31;01:mi=00:su=37;41:sg=30;43:ca=30;41:tw=30;42:ow=34;42:st=37;44:ex=01;32:*.tar=01;31:*.tgz=01;31:*.arc=01;31:*.arj=01;31:*.taz=01;31:*.lha=01;31:*.lz4=01;31:*.lzh=01;31:*.lzma=01;31:*.tlz=01;31:*.txz=01;31:*.tzo=01;31:*.t7z=01;31:*.zip=01;31:*.z=01;31:*.dz=01;31:*.gz=01;31:*.lrz=01;31:*.lz=01;31:*.lzo=01;31:*.xz=01;31:*.zst=01;31:*.tzst=01;31:*.bz2=01;31:*.bz=01;31:*.tbz=01;31:*.tbz2=01;31:*.tz=01;31:*.deb=01;31:*.rpm=01;31:*.jar=01;31:*.war=01;31:*.ear=01;31:*.sar=01;31:*.rar=01;31:*.alz=01;31:*.ace=01;31:*.zoo=01;31:*.cpio=01;31:*.7z=01;31:*.rz=01;31:*.cab=01;31:*.wim=01;31:*.swm=01;31:*.dwm=01;31:*.esd=01;31:*.jpg=01;35:*.jpeg=01;35:*.mjpg=01;35:*.mjpeg=01;35:*.gif=01;35:*.bmp=01;35:*.pbm=01;35:*.pgm=01;35:*.ppm=01;35:*.tga=01;35:*.xbm=01;35:*.xpm=01;35:*.tif=01;35:*.tiff=01;35:*.png=01;35:*.svg=01;35:*.svgz=01;35:*.mng=01;35:*.pcx=01;35:*.mov=01;35:*.mpg=01;35:*.mpeg=01;35:*.m2v=01;35:*.mkv=01;35:*.webm=01;35:*.webp=01;35:*.ogm=01;35:*.mp4=01;35:*.m4v=01;35:*.mp4v=01;35:*.vob=01;35:*.qt=01;35:*.nuv=01;35:*.wmv=01;35:*.asf=01;35:*.rm=01;35:*.rmvb=01;35:*.flc=01;35:*.avi=01;35:*.fli=01;35:*.flv=01;35:*.gl=01;35:*.dl=01;35:*.xcf=01;35:*.xwd=01;35:*.yuv=01;35:*.cgm=01;35:*.emf=01;35:*.ogv=01;35:*.ogx=01;35:*.aac=00;36:*.au=00;36:*.flac=00;36:*.m4a=00;36:*.mid=00;36:*.midi=00;36:*.mka=00;36:*.mp3=00;36:*.mpc=00;36:*.ogg=00;36:*.ra=00;36:*.wav=00;36:*.oga=00;36:*.opus=00;36:*.spx=00;36:*.xspf=00;36:'), ('AMENT_PREFIX_PATH', '/opt/ros/humble'), ('SHELL', '/bin/bash'), ('LC_NAME', 'de_CH.UTF-8'), ('LESSCLOSE', '/usr/bin/lesspipe %s %s'), ('LC_MEASUREMENT', 'de_CH.UTF-8'), ('LC_IDENTIFICATION', 'de_CH.UTF-8'), ('PWD', '/home/arno/RoombaV2Onboard/build/rf2o_laser_odometry'), ('LC_ALL', 'en_US.UTF-8'), ('SSH_CONNECTION', '192.168.30.158 60528 192.168.30.79 22'), ('XDG_DATA_DIRS', '/usr/local/share:/usr/share:/var/lib/snapd/desktop'), ('PYTHONPATH', '/opt/ros/humble/lib/python3.10/site-packages:/opt/ros/humble/local/lib/python3.10/dist-packages'), ('LC_NUMERIC', 'de_CH.UTF-8'), ('LC_PAPER', 'de_CH.UTF-8'), ('COLCON', '1'), ('CMAKE_PREFIX_PATH', '/opt/ros/humble')]), 'shell': False}
[169.584625] (rf2o_laser_odometry) StdoutLine: {'line': b'-- Install configuration: ""\n'}
[169.585462] (rf2o_laser_odometry) StdoutLine: {'line': b'-- Installing: /home/arno/RoombaV2Onboard/install/rf2o_laser_odometry/lib/rf2o_laser_odometry/rf2o_laser_odometry_node\n'}
[169.614066] (-) TimerEvent: {}
[169.666797] (rf2o_laser_odometry) StdoutLine: {'line': b'-- Set runtime path of "/home/arno/RoombaV2Onboard/install/rf2o_laser_odometry/lib/rf2o_laser_odometry/rf2o_laser_odometry_node" to ""\n'}
[169.700695] (rf2o_laser_odometry) StdoutLine: {'line': b'-- Installing: /home/arno/RoombaV2Onboard/install/rf2o_laser_odometry/share/rf2o_laser_odometry/launch\n'}
[169.703164] (rf2o_laser_odometry) StdoutLine: {'line': b'-- Installing: /home/arno/RoombaV2Onboard/install/rf2o_laser_odometry/share/rf2o_laser_odometry/launch/rf2o_laser_odometry.launch.py\n'}
[169.714229] (-) TimerEvent: {}
[169.815111] (-) TimerEvent: {}
[169.828848] (rf2o_laser_odometry) StdoutLine: {'line': b'-- Installing: /home/arno/RoombaV2Onboard/install/rf2o_laser_odometry/share/ament_index/resource_index/package_run_dependencies/rf2o_laser_odometry\n'}
[169.915327] (-) TimerEvent: {}
[169.928237] (rf2o_laser_odometry) StdoutLine: {'line': b'-- Installing: /home/arno/RoombaV2Onboard/install/rf2o_laser_odometry/share/ament_index/resource_index/parent_prefix_path/rf2o_laser_odometry\n'}
[169.931654] (rf2o_laser_odometry) StdoutLine: {'line': b'-- Installing: /home/arno/RoombaV2Onboard/install/rf2o_laser_odometry/share/rf2o_laser_odometry/environment/ament_prefix_path.sh\n'}
[169.935725] (rf2o_laser_odometry) StdoutLine: {'line': b'-- Installing: /home/arno/RoombaV2Onboard/install/rf2o_laser_odometry/share/rf2o_laser_odometry/environment/ament_prefix_path.dsv\n'}
[169.939051] (rf2o_laser_odometry) StdoutLine: {'line': b'-- Installing: /home/arno/RoombaV2Onboard/install/rf2o_laser_odometry/share/rf2o_laser_odometry/environment/path.sh\n'}
[169.940675] (rf2o_laser_odometry) StdoutLine: {'line': b'-- Installing: /home/arno/RoombaV2Onboard/install/rf2o_laser_odometry/share/rf2o_laser_odometry/environment/path.dsv\n'}
[169.942401] (rf2o_laser_odometry) StdoutLine: {'line': b'-- Installing: /home/arno/RoombaV2Onboard/install/rf2o_laser_odometry/share/rf2o_laser_odometry/local_setup.bash\n'}
[169.944025] (rf2o_laser_odometry) StdoutLine: {'line': b'-- Installing: /home/arno/RoombaV2Onboard/install/rf2o_laser_odometry/share/rf2o_laser_odometry/local_setup.sh\n'}
[169.945768] (rf2o_laser_odometry) StdoutLine: {'line': b'-- Installing: /home/arno/RoombaV2Onboard/install/rf2o_laser_odometry/share/rf2o_laser_odometry/local_setup.zsh\n'}
[169.947445] (rf2o_laser_odometry) StdoutLine: {'line': b'-- Installing: /home/arno/RoombaV2Onboard/install/rf2o_laser_odometry/share/rf2o_laser_odometry/local_setup.dsv\n'}
[169.949006] (rf2o_laser_odometry) StdoutLine: {'line': b'-- Installing: /home/arno/RoombaV2Onboard/install/rf2o_laser_odometry/share/rf2o_laser_odometry/package.dsv\n'}
[169.951497] (rf2o_laser_odometry) StdoutLine: {'line': b'-- Installing: /home/arno/RoombaV2Onboard/install/rf2o_laser_odometry/share/ament_index/resource_index/packages/rf2o_laser_odometry\n'}
[169.953500] (rf2o_laser_odometry) StdoutLine: {'line': b'-- Installing: /home/arno/RoombaV2Onboard/install/rf2o_laser_odometry/share/rf2o_laser_odometry/cmake/rf2o_laser_odometryConfig.cmake\n'}
[169.955205] (rf2o_laser_odometry) StdoutLine: {'line': b'-- Installing: /home/arno/RoombaV2Onboard/install/rf2o_laser_odometry/share/rf2o_laser_odometry/cmake/rf2o_laser_odometryConfig-version.cmake\n'}
[169.956925] (rf2o_laser_odometry) StdoutLine: {'line': b'-- Installing: /home/arno/RoombaV2Onboard/install/rf2o_laser_odometry/share/rf2o_laser_odometry/package.xml\n'}
[169.963529] (rf2o_laser_odometry) CommandEnded: {'returncode': 0}
[170.015481] (-) TimerEvent: {}
[170.116200] (-) TimerEvent: {}
[170.203273] (rf2o_laser_odometry) JobEnded: {'identifier': 'rf2o_laser_odometry', 'rc': 0}
[170.243577] (-) TimerEvent: {}
[170.244684] (-) EventReactorShutdown: {}
