[0.000000] (-) TimerEvent: {}
[0.001812] (RoverReceive) JobQueued: {'identifier': 'RoverReceive', 'dependencies': OrderedDict()}
[0.002432] (roombav2) JobQueued: {'identifier': 'roombav2', 'dependencies': OrderedDict()}
[0.002527] (rover_stream) JobQueued: {'identifier': 'rover_stream', 'dependencies': OrderedDict()}
[0.002609] (sllidar_ros2) JobQueued: {'identifier': 'sllidar_ros2', 'dependencies': OrderedDict()}
[0.002688] (RoverReceive) JobStarted: {'identifier': 'RoverReceive'}
[0.035419] (roombav2) JobStarted: {'identifier': 'roombav2'}
[0.060837] (rover_stream) JobStarted: {'identifier': 'rover_stream'}
[0.086027] (sllidar_ros2) JobStarted: {'identifier': 'sllidar_ros2'}
[0.099074] (-) TimerEvent: {}
[0.199778] (-) TimerEvent: {}
[0.300462] (-) TimerEvent: {}
[0.401185] (-) TimerEvent: {}
[0.501801] (-) TimerEvent: {}
[0.602444] (-) TimerEvent: {}
[0.703105] (-) TimerEvent: {}
[0.803731] (-) TimerEvent: {}
[0.904406] (-) TimerEvent: {}
[1.005093] (-) TimerEvent: {}
[1.105827] (-) TimerEvent: {}
[1.206774] (-) TimerEvent: {}
[1.307518] (-) TimerEvent: {}
[1.408226] (-) TimerEvent: {}
[1.508967] (-) TimerEvent: {}
[1.609661] (-) TimerEvent: {}
[1.710302] (-) TimerEvent: {}
[1.810940] (-) TimerEvent: {}
[1.911569] (-) TimerEvent: {}
[2.012212] (-) TimerEvent: {}
[2.112945] (-) TimerEvent: {}
[2.213941] (-) TimerEvent: {}
[2.314647] (-) TimerEvent: {}
[2.415308] (-) TimerEvent: {}
[2.515995] (-) TimerEvent: {}
[2.617050] (-) TimerEvent: {}
[2.717703] (-) TimerEvent: {}
[2.818336] (-) TimerEvent: {}
[2.918963] (-) TimerEvent: {}
[3.019611] (-) TimerEvent: {}
[3.120404] (-) TimerEvent: {}
[3.221823] (-) TimerEvent: {}
[3.228611] (sllidar_ros2) JobProgress: {'identifier': 'sllidar_ros2', 'progress': 'cmake'}
[3.229981] (sllidar_ros2) Command: {'cmd': ['/usr/bin/cmake', '/home/arno/RoombaV2Onboard/src/sllidar_ros2', '-DAMENT_CMAKE_SYMLINK_INSTALL=1', '-DCMAKE_INSTALL_PREFIX=/home/arno/RoombaV2Onboard/install/sllidar_ros2'], 'cwd': '/home/arno/RoombaV2Onboard/build/sllidar_ros2', 'env': OrderedDict([('LESSOPEN', '| /usr/bin/lesspipe %s'), ('USER', 'arno'), ('SSH_CLIENT', '192.168.177.158 34082 22'), ('LC_TIME', 'de_CH.UTF-8'), ('XDG_SESSION_TYPE', 'tty'), ('SHLVL', '1'), ('LD_LIBRARY_PATH', '/opt/ros/humble/opt/rviz_ogre_vendor/lib:/opt/ros/humble/lib/aarch64-linux-gnu:/opt/ros/humble/lib'), ('MOTD_SHOWN', 'pam'), ('HOME', '/home/arno'), ('OLDPWD', '/home/arno/RoombaV2Onboard/src'), ('SSH_TTY', '/dev/pts/0'), ('ROS_PYTHON_VERSION', '3'), ('LC_MONETARY', 'de_CH.UTF-8'), ('DBUS_SESSION_BUS_ADDRESS', 'unix:path=/run/user/1000/bus'), ('COLCON_PREFIX_PATH', '/home/arno/RoombaV2Onboard/install'), ('ROS_DISTRO', 'humble'), ('LOGNAME', 'arno'), ('_', '/usr/bin/colcon'), ('ROS_VERSION', '2'), ('XDG_SESSION_CLASS', 'user'), ('TERM', 'xterm-256color'), ('XDG_SESSION_ID', '1'), ('ROS_LOCALHOST_ONLY', '0'), ('PATH', '/opt/ros/humble/bin:/usr/local/sbin:/usr/local/bin:/usr/sbin:/usr/bin:/sbin:/bin:/usr/games:/usr/local/games:/snap/bin'), ('LC_ADDRESS', 'de_CH.UTF-8'), ('XDG_RUNTIME_DIR', '/run/user/1000'), ('LANG', 'en_US.UTF-8'), ('LC_TELEPHONE', 'de_CH.UTF-8'), ('LS_COLORS', 'rs=0:di=01;34:ln=01;36:mh=00:pi=40;33:so=01;35:do=01;35:bd=40;33;01:cd=40;33;01:or=40;31;01:mi=00:su=37;41:sg=30;43:ca=30;41:tw=30;42:ow=34;42:st=37;44:ex=01;32:*.tar=01;31:*.tgz=01;31:*.arc=01;31:*.arj=01;31:*.taz=01;31:*.lha=01;31:*.lz4=01;31:*.lzh=01;31:*.lzma=01;31:*.tlz=01;31:*.txz=01;31:*.tzo=01;31:*.t7z=01;31:*.zip=01;31:*.z=01;31:*.dz=01;31:*.gz=01;31:*.lrz=01;31:*.lz=01;31:*.lzo=01;31:*.xz=01;31:*.zst=01;31:*.tzst=01;31:*.bz2=01;31:*.bz=01;31:*.tbz=01;31:*.tbz2=01;31:*.tz=01;31:*.deb=01;31:*.rpm=01;31:*.jar=01;31:*.war=01;31:*.ear=01;31:*.sar=01;31:*.rar=01;31:*.alz=01;31:*.ace=01;31:*.zoo=01;31:*.cpio=01;31:*.7z=01;31:*.rz=01;31:*.cab=01;31:*.wim=01;31:*.swm=01;31:*.dwm=01;31:*.esd=01;31:*.jpg=01;35:*.jpeg=01;35:*.mjpg=01;35:*.mjpeg=01;35:*.gif=01;35:*.bmp=01;35:*.pbm=01;35:*.pgm=01;35:*.ppm=01;35:*.tga=01;35:*.xbm=01;35:*.xpm=01;35:*.tif=01;35:*.tiff=01;35:*.png=01;35:*.svg=01;35:*.svgz=01;35:*.mng=01;35:*.pcx=01;35:*.mov=01;35:*.mpg=01;35:*.mpeg=01;35:*.m2v=01;35:*.mkv=01;35:*.webm=01;35:*.webp=01;35:*.ogm=01;35:*.mp4=01;35:*.m4v=01;35:*.mp4v=01;35:*.vob=01;35:*.qt=01;35:*.nuv=01;35:*.wmv=01;35:*.asf=01;35:*.rm=01;35:*.rmvb=01;35:*.flc=01;35:*.avi=01;35:*.fli=01;35:*.flv=01;35:*.gl=01;35:*.dl=01;35:*.xcf=01;35:*.xwd=01;35:*.yuv=01;35:*.cgm=01;35:*.emf=01;35:*.ogv=01;35:*.ogx=01;35:*.aac=00;36:*.au=00;36:*.flac=00;36:*.m4a=00;36:*.mid=00;36:*.midi=00;36:*.mka=00;36:*.mp3=00;36:*.mpc=00;36:*.ogg=00;36:*.ra=00;36:*.wav=00;36:*.oga=00;36:*.opus=00;36:*.spx=00;36:*.xspf=00;36:'), ('AMENT_PREFIX_PATH', '/home/arno/RoombaV2Onboard/install/sllidar_ros2:/home/arno/RoombaV2Onboard/install/rover_stream:/home/arno/RoombaV2Onboard/install/roombav2:/home/arno/RoombaV2Onboard/install/RoverReceive:/opt/ros/humble'), ('SHELL', '/bin/bash'), ('LC_NAME', 'de_CH.UTF-8'), ('LESSCLOSE', '/usr/bin/lesspipe %s %s'), ('LC_MEASUREMENT', 'de_CH.UTF-8'), ('LC_IDENTIFICATION', 'de_CH.UTF-8'), ('PWD', '/home/arno/RoombaV2Onboard/build/sllidar_ros2'), ('LC_ALL', 'en_US.UTF-8'), ('SSH_CONNECTION', '192.168.177.158 34082 192.168.177.79 22'), ('XDG_DATA_DIRS', '/usr/local/share:/usr/share:/var/lib/snapd/desktop'), ('PYTHONPATH', '/home/arno/RoombaV2Onboard/build/rover_stream:/home/arno/RoombaV2Onboard/install/rover_stream/lib/python3.10/site-packages:/home/arno/RoombaV2Onboard/build/roombav2:/home/arno/RoombaV2Onboard/install/roombav2/lib/python3.10/site-packages:/home/arno/RoombaV2Onboard/build/RoverReceive:/home/arno/RoombaV2Onboard/install/RoverReceive/lib/python3.10/site-packages:/opt/ros/humble/lib/python3.10/site-packages:/opt/ros/humble/local/lib/python3.10/dist-packages'), ('LC_NUMERIC', 'de_CH.UTF-8'), ('LC_PAPER', 'de_CH.UTF-8'), ('COLCON', '1'), ('CMAKE_PREFIX_PATH', '/home/arno/RoombaV2Onboard/install/sllidar_ros2:/home/arno/RoombaV2Onboard/install/rover_stream:/home/arno/RoombaV2Onboard/install/roombav2:/home/arno/RoombaV2Onboard/install/RoverReceive:/opt/ros/humble')]), 'shell': False}
[3.322062] (-) TimerEvent: {}
[3.423652] (-) TimerEvent: {}
[3.525579] (-) TimerEvent: {}
[3.627220] (-) TimerEvent: {}
[3.729527] (-) TimerEvent: {}
[3.831145] (-) TimerEvent: {}
[3.932838] (-) TimerEvent: {}
[3.968209] (sllidar_ros2) StdoutLine: {'line': b'-- The C compiler identification is GNU 11.4.0\n'}
[4.033030] (-) TimerEvent: {}
[4.133863] (-) TimerEvent: {}
[4.235277] (-) TimerEvent: {}
[4.295231] (sllidar_ros2) StdoutLine: {'line': b'-- The CXX compiler identification is GNU 11.4.0\n'}
[4.332047] (sllidar_ros2) StdoutLine: {'line': b'-- Detecting C compiler ABI info\n'}
[4.335462] (-) TimerEvent: {}
[4.436640] (-) TimerEvent: {}
[4.538160] (-) TimerEvent: {}
[4.639001] (-) TimerEvent: {}
[4.731674] (sllidar_ros2) StdoutLine: {'line': b'-- Detecting C compiler ABI info - done\n'}
[4.739199] (-) TimerEvent: {}
[4.765531] (sllidar_ros2) StdoutLine: {'line': b'-- Check for working C compiler: /usr/bin/cc - skipped\n'}
[4.770026] (sllidar_ros2) StdoutLine: {'line': b'-- Detecting C compile features\n'}
[4.774289] (sllidar_ros2) StdoutLine: {'line': b'-- Detecting C compile features - done\n'}
[4.793716] (sllidar_ros2) StdoutLine: {'line': b'-- Detecting CXX compiler ABI info\n'}
[4.839414] (-) TimerEvent: {}
[4.940981] (-) TimerEvent: {}
[5.042517] (-) TimerEvent: {}
[5.144066] (-) TimerEvent: {}
[5.246047] (-) TimerEvent: {}
[5.254497] (sllidar_ros2) StdoutLine: {'line': b'-- Detecting CXX compiler ABI info - done\n'}
[5.303265] (sllidar_ros2) StdoutLine: {'line': b'-- Check for working CXX compiler: /usr/bin/c++ - skipped\n'}
[5.308406] (sllidar_ros2) StdoutLine: {'line': b'-- Detecting CXX compile features\n'}
[5.314727] (sllidar_ros2) StdoutLine: {'line': b'-- Detecting CXX compile features - done\n'}
[5.346542] (-) TimerEvent: {}
[5.374454] (sllidar_ros2) StdoutLine: {'line': b'-- Found ament_cmake: 1.3.10 (/opt/ros/humble/share/ament_cmake/cmake)\n'}
[5.446960] (-) TimerEvent: {}
[5.495709] (roombav2) Command: {'cmd': ['/usr/bin/python3', '-W', 'ignore:setup.py install is deprecated', 'setup.py', 'develop', '--editable', '--build-directory', '/home/arno/RoombaV2Onboard/build/roombav2/build', '--no-deps', 'symlink_data'], 'cwd': '/home/arno/RoombaV2Onboard/build/roombav2', 'env': {'LESSOPEN': '| /usr/bin/lesspipe %s', 'USER': 'arno', 'SSH_CLIENT': '192.168.177.158 34082 22', 'LC_TIME': 'de_CH.UTF-8', 'XDG_SESSION_TYPE': 'tty', 'SHLVL': '1', 'LD_LIBRARY_PATH': '/opt/ros/humble/opt/rviz_ogre_vendor/lib:/opt/ros/humble/lib/aarch64-linux-gnu:/opt/ros/humble/lib', 'MOTD_SHOWN': 'pam', 'HOME': '/home/arno', 'OLDPWD': '/home/arno/RoombaV2Onboard/src', 'SSH_TTY': '/dev/pts/0', 'ROS_PYTHON_VERSION': '3', 'LC_MONETARY': 'de_CH.UTF-8', 'DBUS_SESSION_BUS_ADDRESS': 'unix:path=/run/user/1000/bus', 'COLCON_PREFIX_PATH': '/home/arno/RoombaV2Onboard/install', 'ROS_DISTRO': 'humble', 'LOGNAME': 'arno', '_': '/usr/bin/colcon', 'ROS_VERSION': '2', 'XDG_SESSION_CLASS': 'user', 'TERM': 'xterm-256color', 'XDG_SESSION_ID': '1', 'ROS_LOCALHOST_ONLY': '0', 'PATH': '/opt/ros/humble/bin:/usr/local/sbin:/usr/local/bin:/usr/sbin:/usr/bin:/sbin:/bin:/usr/games:/usr/local/games:/snap/bin', 'LC_ADDRESS': 'de_CH.UTF-8', 'XDG_RUNTIME_DIR': '/run/user/1000', 'LANG': 'en_US.UTF-8', 'LC_TELEPHONE': 'de_CH.UTF-8', 'LS_COLORS': 'rs=0:di=01;34:ln=01;36:mh=00:pi=40;33:so=01;35:do=01;35:bd=40;33;01:cd=40;33;01:or=40;31;01:mi=00:su=37;41:sg=30;43:ca=30;41:tw=30;42:ow=34;42:st=37;44:ex=01;32:*.tar=01;31:*.tgz=01;31:*.arc=01;31:*.arj=01;31:*.taz=01;31:*.lha=01;31:*.lz4=01;31:*.lzh=01;31:*.lzma=01;31:*.tlz=01;31:*.txz=01;31:*.tzo=01;31:*.t7z=01;31:*.zip=01;31:*.z=01;31:*.dz=01;31:*.gz=01;31:*.lrz=01;31:*.lz=01;31:*.lzo=01;31:*.xz=01;31:*.zst=01;31:*.tzst=01;31:*.bz2=01;31:*.bz=01;31:*.tbz=01;31:*.tbz2=01;31:*.tz=01;31:*.deb=01;31:*.rpm=01;31:*.jar=01;31:*.war=01;31:*.ear=01;31:*.sar=01;31:*.rar=01;31:*.alz=01;31:*.ace=01;31:*.zoo=01;31:*.cpio=01;31:*.7z=01;31:*.rz=01;31:*.cab=01;31:*.wim=01;31:*.swm=01;31:*.dwm=01;31:*.esd=01;31:*.jpg=01;35:*.jpeg=01;35:*.mjpg=01;35:*.mjpeg=01;35:*.gif=01;35:*.bmp=01;35:*.pbm=01;35:*.pgm=01;35:*.ppm=01;35:*.tga=01;35:*.xbm=01;35:*.xpm=01;35:*.tif=01;35:*.tiff=01;35:*.png=01;35:*.svg=01;35:*.svgz=01;35:*.mng=01;35:*.pcx=01;35:*.mov=01;35:*.mpg=01;35:*.mpeg=01;35:*.m2v=01;35:*.mkv=01;35:*.webm=01;35:*.webp=01;35:*.ogm=01;35:*.mp4=01;35:*.m4v=01;35:*.mp4v=01;35:*.vob=01;35:*.qt=01;35:*.nuv=01;35:*.wmv=01;35:*.asf=01;35:*.rm=01;35:*.rmvb=01;35:*.flc=01;35:*.avi=01;35:*.fli=01;35:*.flv=01;35:*.gl=01;35:*.dl=01;35:*.xcf=01;35:*.xwd=01;35:*.yuv=01;35:*.cgm=01;35:*.emf=01;35:*.ogv=01;35:*.ogx=01;35:*.aac=00;36:*.au=00;36:*.flac=00;36:*.m4a=00;36:*.mid=00;36:*.midi=00;36:*.mka=00;36:*.mp3=00;36:*.mpc=00;36:*.ogg=00;36:*.ra=00;36:*.wav=00;36:*.oga=00;36:*.opus=00;36:*.spx=00;36:*.xspf=00;36:', 'AMENT_PREFIX_PATH': '/home/arno/RoombaV2Onboard/install/sllidar_ros2:/home/arno/RoombaV2Onboard/install/rover_stream:/home/arno/RoombaV2Onboard/install/roombav2:/home/arno/RoombaV2Onboard/install/RoverReceive:/opt/ros/humble', 'SHELL': '/bin/bash', 'LC_NAME': 'de_CH.UTF-8', 'LESSCLOSE': '/usr/bin/lesspipe %s %s', 'LC_MEASUREMENT': 'de_CH.UTF-8', 'LC_IDENTIFICATION': 'de_CH.UTF-8', 'PWD': '/home/arno/RoombaV2Onboard/build/roombav2', 'LC_ALL': 'en_US.UTF-8', 'SSH_CONNECTION': '192.168.177.158 34082 192.168.177.79 22', 'XDG_DATA_DIRS': '/usr/local/share:/usr/share:/var/lib/snapd/desktop', 'PYTHONPATH': '/home/arno/RoombaV2Onboard/build/roombav2/prefix_override:/usr/lib/python3/dist-packages/colcon_core/task/python/colcon_distutils_commands:/home/arno/RoombaV2Onboard/install/roombav2/lib/python3.10/site-packages:/home/arno/RoombaV2Onboard/build/rover_stream:/home/arno/RoombaV2Onboard/install/rover_stream/lib/python3.10/site-packages:/home/arno/RoombaV2Onboard/build/roombav2:/home/arno/RoombaV2Onboard/install/roombav2/lib/python3.10/site-packages:/home/arno/RoombaV2Onboard/build/RoverReceive:/home/arno/RoombaV2Onboard/install/RoverReceive/lib/python3.10/site-packages:/opt/ros/humble/lib/python3.10/site-packages:/opt/ros/humble/local/lib/python3.10/dist-packages', 'LC_NUMERIC': 'de_CH.UTF-8', 'LC_PAPER': 'de_CH.UTF-8', 'COLCON': '1', 'CMAKE_PREFIX_PATH': '/home/arno/RoombaV2Onboard/install/sllidar_ros2'}, 'shell': False}
[5.533367] (RoverReceive) Command: {'cmd': ['/usr/bin/python3', '-W', 'ignore:setup.py install is deprecated', 'setup.py', 'develop', '--editable', '--build-directory', '/home/arno/RoombaV2Onboard/build/RoverReceive/build', '--no-deps', 'symlink_data'], 'cwd': '/home/arno/RoombaV2Onboard/build/RoverReceive', 'env': {'LESSOPEN': '| /usr/bin/lesspipe %s', 'USER': 'arno', 'SSH_CLIENT': '192.168.177.158 34082 22', 'LC_TIME': 'de_CH.UTF-8', 'XDG_SESSION_TYPE': 'tty', 'SHLVL': '1', 'LD_LIBRARY_PATH': '/opt/ros/humble/opt/rviz_ogre_vendor/lib:/opt/ros/humble/lib/aarch64-linux-gnu:/opt/ros/humble/lib', 'MOTD_SHOWN': 'pam', 'HOME': '/home/arno', 'OLDPWD': '/home/arno/RoombaV2Onboard/src', 'SSH_TTY': '/dev/pts/0', 'ROS_PYTHON_VERSION': '3', 'LC_MONETARY': 'de_CH.UTF-8', 'DBUS_SESSION_BUS_ADDRESS': 'unix:path=/run/user/1000/bus', 'COLCON_PREFIX_PATH': '/home/arno/RoombaV2Onboard/install', 'ROS_DISTRO': 'humble', 'LOGNAME': 'arno', '_': '/usr/bin/colcon', 'ROS_VERSION': '2', 'XDG_SESSION_CLASS': 'user', 'TERM': 'xterm-256color', 'XDG_SESSION_ID': '1', 'ROS_LOCALHOST_ONLY': '0', 'PATH': '/opt/ros/humble/bin:/usr/local/sbin:/usr/local/bin:/usr/sbin:/usr/bin:/sbin:/bin:/usr/games:/usr/local/games:/snap/bin', 'LC_ADDRESS': 'de_CH.UTF-8', 'XDG_RUNTIME_DIR': '/run/user/1000', 'LANG': 'en_US.UTF-8', 'LC_TELEPHONE': 'de_CH.UTF-8', 'LS_COLORS': 'rs=0:di=01;34:ln=01;36:mh=00:pi=40;33:so=01;35:do=01;35:bd=40;33;01:cd=40;33;01:or=40;31;01:mi=00:su=37;41:sg=30;43:ca=30;41:tw=30;42:ow=34;42:st=37;44:ex=01;32:*.tar=01;31:*.tgz=01;31:*.arc=01;31:*.arj=01;31:*.taz=01;31:*.lha=01;31:*.lz4=01;31:*.lzh=01;31:*.lzma=01;31:*.tlz=01;31:*.txz=01;31:*.tzo=01;31:*.t7z=01;31:*.zip=01;31:*.z=01;31:*.dz=01;31:*.gz=01;31:*.lrz=01;31:*.lz=01;31:*.lzo=01;31:*.xz=01;31:*.zst=01;31:*.tzst=01;31:*.bz2=01;31:*.bz=01;31:*.tbz=01;31:*.tbz2=01;31:*.tz=01;31:*.deb=01;31:*.rpm=01;31:*.jar=01;31:*.war=01;31:*.ear=01;31:*.sar=01;31:*.rar=01;31:*.alz=01;31:*.ace=01;31:*.zoo=01;31:*.cpio=01;31:*.7z=01;31:*.rz=01;31:*.cab=01;31:*.wim=01;31:*.swm=01;31:*.dwm=01;31:*.esd=01;31:*.jpg=01;35:*.jpeg=01;35:*.mjpg=01;35:*.mjpeg=01;35:*.gif=01;35:*.bmp=01;35:*.pbm=01;35:*.pgm=01;35:*.ppm=01;35:*.tga=01;35:*.xbm=01;35:*.xpm=01;35:*.tif=01;35:*.tiff=01;35:*.png=01;35:*.svg=01;35:*.svgz=01;35:*.mng=01;35:*.pcx=01;35:*.mov=01;35:*.mpg=01;35:*.mpeg=01;35:*.m2v=01;35:*.mkv=01;35:*.webm=01;35:*.webp=01;35:*.ogm=01;35:*.mp4=01;35:*.m4v=01;35:*.mp4v=01;35:*.vob=01;35:*.qt=01;35:*.nuv=01;35:*.wmv=01;35:*.asf=01;35:*.rm=01;35:*.rmvb=01;35:*.flc=01;35:*.avi=01;35:*.fli=01;35:*.flv=01;35:*.gl=01;35:*.dl=01;35:*.xcf=01;35:*.xwd=01;35:*.yuv=01;35:*.cgm=01;35:*.emf=01;35:*.ogv=01;35:*.ogx=01;35:*.aac=00;36:*.au=00;36:*.flac=00;36:*.m4a=00;36:*.mid=00;36:*.midi=00;36:*.mka=00;36:*.mp3=00;36:*.mpc=00;36:*.ogg=00;36:*.ra=00;36:*.wav=00;36:*.oga=00;36:*.opus=00;36:*.spx=00;36:*.xspf=00;36:', 'AMENT_PREFIX_PATH': '/home/arno/RoombaV2Onboard/install/sllidar_ros2:/home/arno/RoombaV2Onboard/install/rover_stream:/home/arno/RoombaV2Onboard/install/roombav2:/home/arno/RoombaV2Onboard/install/RoverReceive:/opt/ros/humble', 'SHELL': '/bin/bash', 'LC_NAME': 'de_CH.UTF-8', 'LESSCLOSE': '/usr/bin/lesspipe %s %s', 'LC_MEASUREMENT': 'de_CH.UTF-8', 'LC_IDENTIFICATION': 'de_CH.UTF-8', 'PWD': '/home/arno/RoombaV2Onboard/build/RoverReceive', 'LC_ALL': 'en_US.UTF-8', 'SSH_CONNECTION': '192.168.177.158 34082 192.168.177.79 22', 'XDG_DATA_DIRS': '/usr/local/share:/usr/share:/var/lib/snapd/desktop', 'PYTHONPATH': '/home/arno/RoombaV2Onboard/build/RoverReceive/prefix_override:/usr/lib/python3/dist-packages/colcon_core/task/python/colcon_distutils_commands:/home/arno/RoombaV2Onboard/install/RoverReceive/lib/python3.10/site-packages:/home/arno/RoombaV2Onboard/build/rover_stream:/home/arno/RoombaV2Onboard/install/rover_stream/lib/python3.10/site-packages:/home/arno/RoombaV2Onboard/build/roombav2:/home/arno/RoombaV2Onboard/install/roombav2/lib/python3.10/site-packages:/home/arno/RoombaV2Onboard/build/RoverReceive:/home/arno/RoombaV2Onboard/install/RoverReceive/lib/python3.10/site-packages:/opt/ros/humble/lib/python3.10/site-packages:/opt/ros/humble/local/lib/python3.10/dist-packages', 'LC_NUMERIC': 'de_CH.UTF-8', 'LC_PAPER': 'de_CH.UTF-8', 'COLCON': '1', 'CMAKE_PREFIX_PATH': '/home/arno/RoombaV2Onboard/install/sllidar_ros2'}, 'shell': False}
[5.547299] (-) TimerEvent: {}
[5.569657] (rover_stream) Command: {'cmd': ['/usr/bin/python3', '-W', 'ignore:setup.py install is deprecated', 'setup.py', 'develop', '--editable', '--build-directory', '/home/arno/RoombaV2Onboard/build/rover_stream/build', '--no-deps', 'symlink_data'], 'cwd': '/home/arno/RoombaV2Onboard/build/rover_stream', 'env': {'LESSOPEN': '| /usr/bin/lesspipe %s', 'USER': 'arno', 'SSH_CLIENT': '192.168.177.158 34082 22', 'LC_TIME': 'de_CH.UTF-8', 'XDG_SESSION_TYPE': 'tty', 'SHLVL': '1', 'LD_LIBRARY_PATH': '/opt/ros/humble/opt/rviz_ogre_vendor/lib:/opt/ros/humble/lib/aarch64-linux-gnu:/opt/ros/humble/lib', 'MOTD_SHOWN': 'pam', 'HOME': '/home/arno', 'OLDPWD': '/home/arno/RoombaV2Onboard/src', 'SSH_TTY': '/dev/pts/0', 'ROS_PYTHON_VERSION': '3', 'LC_MONETARY': 'de_CH.UTF-8', 'DBUS_SESSION_BUS_ADDRESS': 'unix:path=/run/user/1000/bus', 'COLCON_PREFIX_PATH': '/home/arno/RoombaV2Onboard/install', 'ROS_DISTRO': 'humble', 'LOGNAME': 'arno', '_': '/usr/bin/colcon', 'ROS_VERSION': '2', 'XDG_SESSION_CLASS': 'user', 'TERM': 'xterm-256color', 'XDG_SESSION_ID': '1', 'ROS_LOCALHOST_ONLY': '0', 'PATH': '/opt/ros/humble/bin:/usr/local/sbin:/usr/local/bin:/usr/sbin:/usr/bin:/sbin:/bin:/usr/games:/usr/local/games:/snap/bin', 'LC_ADDRESS': 'de_CH.UTF-8', 'XDG_RUNTIME_DIR': '/run/user/1000', 'LANG': 'en_US.UTF-8', 'LC_TELEPHONE': 'de_CH.UTF-8', 'LS_COLORS': 'rs=0:di=01;34:ln=01;36:mh=00:pi=40;33:so=01;35:do=01;35:bd=40;33;01:cd=40;33;01:or=40;31;01:mi=00:su=37;41:sg=30;43:ca=30;41:tw=30;42:ow=34;42:st=37;44:ex=01;32:*.tar=01;31:*.tgz=01;31:*.arc=01;31:*.arj=01;31:*.taz=01;31:*.lha=01;31:*.lz4=01;31:*.lzh=01;31:*.lzma=01;31:*.tlz=01;31:*.txz=01;31:*.tzo=01;31:*.t7z=01;31:*.zip=01;31:*.z=01;31:*.dz=01;31:*.gz=01;31:*.lrz=01;31:*.lz=01;31:*.lzo=01;31:*.xz=01;31:*.zst=01;31:*.tzst=01;31:*.bz2=01;31:*.bz=01;31:*.tbz=01;31:*.tbz2=01;31:*.tz=01;31:*.deb=01;31:*.rpm=01;31:*.jar=01;31:*.war=01;31:*.ear=01;31:*.sar=01;31:*.rar=01;31:*.alz=01;31:*.ace=01;31:*.zoo=01;31:*.cpio=01;31:*.7z=01;31:*.rz=01;31:*.cab=01;31:*.wim=01;31:*.swm=01;31:*.dwm=01;31:*.esd=01;31:*.jpg=01;35:*.jpeg=01;35:*.mjpg=01;35:*.mjpeg=01;35:*.gif=01;35:*.bmp=01;35:*.pbm=01;35:*.pgm=01;35:*.ppm=01;35:*.tga=01;35:*.xbm=01;35:*.xpm=01;35:*.tif=01;35:*.tiff=01;35:*.png=01;35:*.svg=01;35:*.svgz=01;35:*.mng=01;35:*.pcx=01;35:*.mov=01;35:*.mpg=01;35:*.mpeg=01;35:*.m2v=01;35:*.mkv=01;35:*.webm=01;35:*.webp=01;35:*.ogm=01;35:*.mp4=01;35:*.m4v=01;35:*.mp4v=01;35:*.vob=01;35:*.qt=01;35:*.nuv=01;35:*.wmv=01;35:*.asf=01;35:*.rm=01;35:*.rmvb=01;35:*.flc=01;35:*.avi=01;35:*.fli=01;35:*.flv=01;35:*.gl=01;35:*.dl=01;35:*.xcf=01;35:*.xwd=01;35:*.yuv=01;35:*.cgm=01;35:*.emf=01;35:*.ogv=01;35:*.ogx=01;35:*.aac=00;36:*.au=00;36:*.flac=00;36:*.m4a=00;36:*.mid=00;36:*.midi=00;36:*.mka=00;36:*.mp3=00;36:*.mpc=00;36:*.ogg=00;36:*.ra=00;36:*.wav=00;36:*.oga=00;36:*.opus=00;36:*.spx=00;36:*.xspf=00;36:', 'AMENT_PREFIX_PATH': '/home/arno/RoombaV2Onboard/install/sllidar_ros2:/home/arno/RoombaV2Onboard/install/rover_stream:/home/arno/RoombaV2Onboard/install/roombav2:/home/arno/RoombaV2Onboard/install/RoverReceive:/opt/ros/humble', 'SHELL': '/bin/bash', 'LC_NAME': 'de_CH.UTF-8', 'LESSCLOSE': '/usr/bin/lesspipe %s %s', 'LC_MEASUREMENT': 'de_CH.UTF-8', 'LC_IDENTIFICATION': 'de_CH.UTF-8', 'PWD': '/home/arno/RoombaV2Onboard/build/rover_stream', 'LC_ALL': 'en_US.UTF-8', 'SSH_CONNECTION': '192.168.177.158 34082 192.168.177.79 22', 'XDG_DATA_DIRS': '/usr/local/share:/usr/share:/var/lib/snapd/desktop', 'PYTHONPATH': '/home/arno/RoombaV2Onboard/build/rover_stream/prefix_override:/usr/lib/python3/dist-packages/colcon_core/task/python/colcon_distutils_commands:/home/arno/RoombaV2Onboard/install/rover_stream/lib/python3.10/site-packages:/home/arno/RoombaV2Onboard/build/rover_stream:/home/arno/RoombaV2Onboard/install/rover_stream/lib/python3.10/site-packages:/home/arno/RoombaV2Onboard/build/roombav2:/home/arno/RoombaV2Onboard/install/roombav2/lib/python3.10/site-packages:/home/arno/RoombaV2Onboard/build/RoverReceive:/home/arno/RoombaV2Onboard/install/RoverReceive/lib/python3.10/site-packages:/opt/ros/humble/lib/python3.10/site-packages:/opt/ros/humble/local/lib/python3.10/dist-packages', 'LC_NUMERIC': 'de_CH.UTF-8', 'LC_PAPER': 'de_CH.UTF-8', 'COLCON': '1', 'CMAKE_PREFIX_PATH': '/home/arno/RoombaV2Onboard/install/sllidar_ros2'}, 'shell': False}
[5.647636] (-) TimerEvent: {}
[5.750166] (-) TimerEvent: {}
[5.851768] (-) TimerEvent: {}
[5.953211] (-) TimerEvent: {}
[6.054708] (-) TimerEvent: {}
[6.156396] (-) TimerEvent: {}
[6.257924] (-) TimerEvent: {}
[6.359505] (-) TimerEvent: {}
[6.408033] (sllidar_ros2) StdoutLine: {'line': b'-- Found Python3: /usr/bin/python3 (found version "3.10.12") found components: Interpreter \n'}
[6.459765] (-) TimerEvent: {}
[6.560929] (-) TimerEvent: {}
[6.662385] (-) TimerEvent: {}
[6.764052] (-) TimerEvent: {}
[6.772769] (sllidar_ros2) StdoutLine: {'line': b'-- Override CMake install command with custom implementation using symlinks instead of copying resources\n'}
[6.864260] (-) TimerEvent: {}
[6.965348] (-) TimerEvent: {}
[7.066645] (-) TimerEvent: {}
[7.123672] (sllidar_ros2) StdoutLine: {'line': b'-- Found rclcpp: 16.0.10 (/opt/ros/humble/share/rclcpp/cmake)\n'}
[7.129478] (roombav2) StdoutLine: {'line': b'running develop\n'}
[7.134441] (roombav2) StderrLine: {'line': b'/usr/lib/python3/dist-packages/setuptools/command/easy_install.py:158: EasyInstallDeprecationWarning: easy_install command is deprecated. Use build and pip and other standards-based tools.\n'}
[7.135823] (roombav2) StderrLine: {'line': b'  warnings.warn(\n'}
[7.166988] (-) TimerEvent: {}
[7.187964] (RoverReceive) StdoutLine: {'line': b'running develop\n'}
[7.190183] (RoverReceive) StderrLine: {'line': b'/usr/lib/python3/dist-packages/setuptools/command/easy_install.py:158: EasyInstallDeprecationWarning: easy_install command is deprecated. Use build and pip and other standards-based tools.\n'}
[7.191395] (RoverReceive) StderrLine: {'line': b'  warnings.warn(\n'}
[7.197595] (rover_stream) StdoutLine: {'line': b'running develop\n'}
[7.200881] (rover_stream) StderrLine: {'line': b'/usr/lib/python3/dist-packages/setuptools/command/easy_install.py:158: EasyInstallDeprecationWarning: easy_install command is deprecated. Use build and pip and other standards-based tools.\n'}
[7.202158] (rover_stream) StderrLine: {'line': b'  warnings.warn(\n'}
[7.267197] (-) TimerEvent: {}
[7.372939] (-) TimerEvent: {}
[7.474564] (-) TimerEvent: {}
[7.532072] (sllidar_ros2) StdoutLine: {'line': b'-- Found rosidl_generator_c: 3.1.5 (/opt/ros/humble/share/rosidl_generator_c/cmake)\n'}
[7.574769] (-) TimerEvent: {}
[7.610855] (sllidar_ros2) StdoutLine: {'line': b'-- Found rosidl_adapter: 3.1.5 (/opt/ros/humble/share/rosidl_adapter/cmake)\n'}
[7.675034] (-) TimerEvent: {}
[7.683889] (sllidar_ros2) StdoutLine: {'line': b'-- Found rosidl_generator_cpp: 3.1.5 (/opt/ros/humble/share/rosidl_generator_cpp/cmake)\n'}
[7.775287] (-) TimerEvent: {}
[7.780404] (sllidar_ros2) StdoutLine: {'line': b'-- Using all available rosidl_typesupport_c: rosidl_typesupport_fastrtps_c;rosidl_typesupport_introspection_c\n'}
[7.875499] (-) TimerEvent: {}
[7.911530] (sllidar_ros2) StdoutLine: {'line': b'-- Using all available rosidl_typesupport_cpp: rosidl_typesupport_fastrtps_cpp;rosidl_typesupport_introspection_cpp\n'}
[7.975727] (-) TimerEvent: {}
[8.040917] (roombav2) StdoutLine: {'line': b'running egg_info\n'}
[8.041778] (roombav2) StdoutLine: {'line': b'creating roombav2.egg-info\n'}
[8.042757] (roombav2) StdoutLine: {'line': b'writing roombav2.egg-info/PKG-INFO\n'}
[8.044769] (roombav2) StdoutLine: {'line': b'writing dependency_links to roombav2.egg-info/dependency_links.txt\n'}
[8.046058] (roombav2) StdoutLine: {'line': b'writing entry points to roombav2.egg-info/entry_points.txt\n'}
[8.047167] (roombav2) StdoutLine: {'line': b'writing requirements to roombav2.egg-info/requires.txt\n'}
[8.048367] (roombav2) StdoutLine: {'line': b'writing top-level names to roombav2.egg-info/top_level.txt\n'}
[8.049831] (roombav2) StdoutLine: {'line': b"writing manifest file 'roombav2.egg-info/SOURCES.txt'\n"}
[8.059713] (roombav2) StdoutLine: {'line': b"reading manifest file 'roombav2.egg-info/SOURCES.txt'\n"}
[8.063263] (roombav2) StdoutLine: {'line': b"writing manifest file 'roombav2.egg-info/SOURCES.txt'\n"}
[8.070308] (roombav2) StdoutLine: {'line': b'running build_ext\n'}
[8.071459] (roombav2) StdoutLine: {'line': b'Creating /home/arno/RoombaV2Onboard/install/roombav2/lib/python3.10/site-packages/roombav2.egg-link (link to .)\n'}
[8.075897] (-) TimerEvent: {}
[8.076689] (roombav2) StdoutLine: {'line': b'Installing encoder_reader script to /home/arno/RoombaV2Onboard/install/roombav2/lib/roombav2\n'}
[8.077559] (roombav2) StdoutLine: {'line': b'Installing joystick_motor_controller script to /home/arno/RoombaV2Onboard/install/roombav2/lib/roombav2\n'}
[8.078369] (roombav2) StdoutLine: {'line': b'Installing nav2_motor_controller script to /home/arno/RoombaV2Onboard/install/roombav2/lib/roombav2\n'}
[8.080138] (roombav2) StdoutLine: {'line': b'\n'}
[8.080884] (roombav2) StdoutLine: {'line': b'Installed /home/arno/RoombaV2Onboard/build/roombav2\n'}
[8.081783] (roombav2) StdoutLine: {'line': b'running symlink_data\n'}
[8.082551] (roombav2) StdoutLine: {'line': b'creating /home/arno/RoombaV2Onboard/install/roombav2/share/ament_index\n'}
[8.083618] (roombav2) StdoutLine: {'line': b'creating /home/arno/RoombaV2Onboard/install/roombav2/share/ament_index/resource_index\n'}
[8.084624] (roombav2) StdoutLine: {'line': b'creating /home/arno/RoombaV2Onboard/install/roombav2/share/ament_index/resource_index/packages\n'}
[8.085708] (roombav2) StdoutLine: {'line': b'symbolically linking /home/arno/RoombaV2Onboard/build/roombav2/resource/roombav2 -> /home/arno/RoombaV2Onboard/install/roombav2/share/ament_index/resource_index/packages\n'}
[8.086794] (roombav2) StdoutLine: {'line': b'symbolically linking /home/arno/RoombaV2Onboard/build/roombav2/package.xml -> /home/arno/RoombaV2Onboard/install/roombav2/share/roombav2\n'}
[8.087685] (roombav2) StdoutLine: {'line': b'symbolically linking /home/arno/RoombaV2Onboard/build/roombav2/roombav2/encoder_reader.py -> /home/arno/RoombaV2Onboard/install/roombav2/share/roombav2\n'}
[8.088430] (roombav2) StdoutLine: {'line': b'symbolically linking /home/arno/RoombaV2Onboard/build/roombav2/roombav2/joystick_motor_controller.py -> /home/arno/RoombaV2Onboard/install/roombav2/share/roombav2\n'}
[8.095182] (roombav2) StdoutLine: {'line': b'symbolically linking /home/arno/RoombaV2Onboard/build/roombav2/roombav2/nav2_motor_controller.py -> /home/arno/RoombaV2Onboard/install/roombav2/share/roombav2\n'}
[8.095933] (roombav2) StdoutLine: {'line': b'creating /home/arno/RoombaV2Onboard/install/roombav2/share/roombav2/launch\n'}
[8.097202] (roombav2) StdoutLine: {'line': b'symbolically linking /home/arno/RoombaV2Onboard/build/roombav2/launch/nav2_bringup.launch.py -> /home/arno/RoombaV2Onboard/install/roombav2/share/roombav2/launch\n'}
[8.098337] (roombav2) StdoutLine: {'line': b'symbolically linking /home/arno/RoombaV2Onboard/build/roombav2/launch/microver.launch.py -> /home/arno/RoombaV2Onboard/install/roombav2/share/roombav2/launch\n'}
[8.099426] (roombav2) StdoutLine: {'line': b'creating /home/arno/RoombaV2Onboard/install/roombav2/share/roombav2/config\n'}
[8.100645] (roombav2) StdoutLine: {'line': b'symbolically linking /home/arno/RoombaV2Onboard/build/roombav2/config/amcl_params.yaml -> /home/arno/RoombaV2Onboard/install/roombav2/share/roombav2/config\n'}
[8.108565] (roombav2) StdoutLine: {'line': b'symbolically linking /home/arno/RoombaV2Onboard/build/roombav2/config/costmap_params.yaml -> /home/arno/RoombaV2Onboard/install/roombav2/share/roombav2/config\n'}
[8.110769] (roombav2) StdoutLine: {'line': b'symbolically linking /home/arno/RoombaV2Onboard/build/roombav2/config/planner_params.yaml -> /home/arno/RoombaV2Onboard/install/roombav2/share/roombav2/config\n'}
[8.114011] (roombav2) StdoutLine: {'line': b'symbolically linking /home/arno/RoombaV2Onboard/build/roombav2/config/slam_toolbox_params.yaml -> /home/arno/RoombaV2Onboard/install/roombav2/share/roombav2/config\n'}
[8.120945] (roombav2) StdoutLine: {'line': b'symbolically linking /home/arno/RoombaV2Onboard/build/roombav2/config/ekf.yaml -> /home/arno/RoombaV2Onboard/install/roombav2/share/roombav2/config\n'}
[8.123262] (roombav2) StdoutLine: {'line': b'creating /home/arno/RoombaV2Onboard/install/roombav2/share/roombav2/models\n'}
[8.129198] (roombav2) StdoutLine: {'line': b'symbolically linking /home/arno/RoombaV2Onboard/build/roombav2/models/microver.urdf.xacro -> /home/arno/RoombaV2Onboard/install/roombav2/share/roombav2/models\n'}
[8.131142] (roombav2) StdoutLine: {'line': b'symbolically linking /home/arno/RoombaV2Onboard/build/roombav2/models/constants.xacro -> /home/arno/RoombaV2Onboard/install/roombav2/share/roombav2/models\n'}
[8.133540] (roombav2) StdoutLine: {'line': b'symbolically linking /home/arno/RoombaV2Onboard/build/roombav2/models/inertial_macros.xacro -> /home/arno/RoombaV2Onboard/install/roombav2/share/roombav2/models\n'}
[8.163042] (RoverReceive) StdoutLine: {'line': b'running egg_info\n'}
[8.165898] (RoverReceive) StdoutLine: {'line': b'creating RoverReceive.egg-info\n'}
[8.169356] (RoverReceive) StdoutLine: {'line': b'writing RoverReceive.egg-info/PKG-INFO\n'}
[8.173127] (RoverReceive) StdoutLine: {'line': b'writing dependency_links to RoverReceive.egg-info/dependency_links.txt\n'}
[8.176157] (-) TimerEvent: {}
[8.178335] (RoverReceive) StdoutLine: {'line': b'writing entry points to RoverReceive.egg-info/entry_points.txt\n'}
[8.182274] (RoverReceive) StdoutLine: {'line': b'writing requirements to RoverReceive.egg-info/requires.txt\n'}
[8.185624] (RoverReceive) StdoutLine: {'line': b'writing top-level names to RoverReceive.egg-info/top_level.txt\n'}
[8.189490] (RoverReceive) StdoutLine: {'line': b"writing manifest file 'RoverReceive.egg-info/SOURCES.txt'\n"}
[8.201943] (RoverReceive) StdoutLine: {'line': b"reading manifest file 'RoverReceive.egg-info/SOURCES.txt'\n"}
[8.207710] (RoverReceive) StdoutLine: {'line': b"writing manifest file 'RoverReceive.egg-info/SOURCES.txt'\n"}
[8.222590] (RoverReceive) StdoutLine: {'line': b'running build_ext\n'}
[8.224213] (RoverReceive) StdoutLine: {'line': b'Creating /home/arno/RoombaV2Onboard/install/RoverReceive/lib/python3.10/site-packages/RoverReceive.egg-link (link to .)\n'}
[8.233228] (RoverReceive) StdoutLine: {'line': b'Installing receive_node script to /home/arno/RoombaV2Onboard/install/RoverReceive/lib/RoverReceive\n'}
[8.236345] (RoverReceive) StdoutLine: {'line': b'\n'}
[8.237840] (RoverReceive) StdoutLine: {'line': b'Installed /home/arno/RoombaV2Onboard/build/RoverReceive\n'}
[8.239662] (RoverReceive) StdoutLine: {'line': b'running symlink_data\n'}
[8.241095] (RoverReceive) StdoutLine: {'line': b'creating /home/arno/RoombaV2Onboard/install/RoverReceive/share/ament_index\n'}
[8.243220] (RoverReceive) StdoutLine: {'line': b'creating /home/arno/RoombaV2Onboard/install/RoverReceive/share/ament_index/resource_index\n'}
[8.245360] (RoverReceive) StdoutLine: {'line': b'creating /home/arno/RoombaV2Onboard/install/RoverReceive/share/ament_index/resource_index/packages\n'}
[8.247769] (RoverReceive) StdoutLine: {'line': b'symbolically linking /home/arno/RoombaV2Onboard/build/RoverReceive/resource/RoverReceive -> /home/arno/RoombaV2Onboard/install/RoverReceive/share/ament_index/resource_index/packages\n'}
[8.261241] (RoverReceive) StdoutLine: {'line': b'symbolically linking /home/arno/RoombaV2Onboard/build/RoverReceive/package.xml -> /home/arno/RoombaV2Onboard/install/RoverReceive/share/RoverReceive\n'}
[8.276543] (-) TimerEvent: {}
[8.289320] (roombav2) CommandEnded: {'returncode': 0}
[8.322004] (rover_stream) StdoutLine: {'line': b'running egg_info\n'}
[8.324269] (rover_stream) StdoutLine: {'line': b'creating rover_stream.egg-info\n'}
[8.326006] (rover_stream) StdoutLine: {'line': b'writing rover_stream.egg-info/PKG-INFO\n'}
[8.328252] (rover_stream) StdoutLine: {'line': b'writing dependency_links to rover_stream.egg-info/dependency_links.txt\n'}
[8.330548] (rover_stream) StdoutLine: {'line': b'writing entry points to rover_stream.egg-info/entry_points.txt\n'}
[8.332265] (rover_stream) StdoutLine: {'line': b'writing requirements to rover_stream.egg-info/requires.txt\n'}
[8.333521] (rover_stream) StdoutLine: {'line': b'writing top-level names to rover_stream.egg-info/top_level.txt\n'}
[8.334763] (rover_stream) StdoutLine: {'line': b"writing manifest file 'rover_stream.egg-info/SOURCES.txt'\n"}
[8.338572] (sllidar_ros2) StdoutLine: {'line': b'-- Found rmw_implementation_cmake: 6.1.2 (/opt/ros/humble/share/rmw_implementation_cmake/cmake)\n'}
[8.343677] (rover_stream) StdoutLine: {'line': b"reading manifest file 'rover_stream.egg-info/SOURCES.txt'\n"}
[8.348278] (rover_stream) StdoutLine: {'line': b"writing manifest file 'rover_stream.egg-info/SOURCES.txt'\n"}
[8.360590] (rover_stream) StdoutLine: {'line': b'running build_ext\n'}
[8.362465] (rover_stream) StdoutLine: {'line': b'Creating /home/arno/RoombaV2Onboard/install/rover_stream/lib/python3.10/site-packages/rover-stream.egg-link (link to .)\n'}
[8.370602] (rover_stream) StdoutLine: {'line': b'Installing webrtc_streamer script to /home/arno/RoombaV2Onboard/install/rover_stream/lib/rover_stream\n'}
[8.372847] (rover_stream) StdoutLine: {'line': b'\n'}
[8.374054] (rover_stream) StdoutLine: {'line': b'Installed /home/arno/RoombaV2Onboard/build/rover_stream\n'}
[8.375947] (rover_stream) StdoutLine: {'line': b'running symlink_data\n'}
[8.378047] (-) TimerEvent: {}
[8.379628] (rover_stream) StdoutLine: {'line': b'creating /home/arno/RoombaV2Onboard/install/rover_stream/share/ament_index\n'}
[8.381674] (rover_stream) StdoutLine: {'line': b'creating /home/arno/RoombaV2Onboard/install/rover_stream/share/ament_index/resource_index\n'}
[8.383381] (rover_stream) StdoutLine: {'line': b'creating /home/arno/RoombaV2Onboard/install/rover_stream/share/ament_index/resource_index/packages\n'}
[8.385025] (sllidar_ros2) StdoutLine: {'line': b'-- Found rmw_fastrtps_cpp: 6.2.7 (/opt/ros/humble/share/rmw_fastrtps_cpp/cmake)\n'}
[8.386785] (rover_stream) StdoutLine: {'line': b'symbolically linking /home/arno/RoombaV2Onboard/build/rover_stream/resource/rover_stream -> /home/arno/RoombaV2Onboard/install/rover_stream/share/ament_index/resource_index/packages\n'}
[8.388524] (rover_stream) StdoutLine: {'line': b'symbolically linking /home/arno/RoombaV2Onboard/build/rover_stream/package.xml -> /home/arno/RoombaV2Onboard/install/rover_stream/share/rover_stream\n'}
[8.437216] (roombav2) JobEnded: {'identifier': 'roombav2', 'rc': 0}
[8.445489] (RoverReceive) CommandEnded: {'returncode': 0}
[8.478284] (-) TimerEvent: {}
[8.509439] (RoverReceive) JobEnded: {'identifier': 'RoverReceive', 'rc': 0}
[8.536416] (rover_stream) CommandEnded: {'returncode': 0}
[8.569579] (rover_stream) JobEnded: {'identifier': 'rover_stream', 'rc': 0}
[8.578399] (-) TimerEvent: {}
[8.679247] (-) TimerEvent: {}
[8.779957] (-) TimerEvent: {}
[8.880841] (-) TimerEvent: {}
[8.980014] (sllidar_ros2) StdoutLine: {'line': b'-- Found OpenSSL: /usr/lib/aarch64-linux-gnu/libcrypto.so (found version "3.0.2")  \n'}
[8.980956] (-) TimerEvent: {}
[9.081615] (-) TimerEvent: {}
[9.174624] (sllidar_ros2) StdoutLine: {'line': b'-- Found FastRTPS: /opt/ros/humble/include  \n'}
[9.181781] (-) TimerEvent: {}
[9.282410] (-) TimerEvent: {}
[9.383071] (-) TimerEvent: {}
[9.483721] (-) TimerEvent: {}
[9.490435] (sllidar_ros2) StdoutLine: {'line': b"-- Using RMW implementation 'rmw_fastrtps_cpp' as default\n"}
[9.567568] (sllidar_ros2) StdoutLine: {'line': b'-- Looking for pthread.h\n'}
[9.583895] (-) TimerEvent: {}
[9.684534] (-) TimerEvent: {}
[9.785284] (-) TimerEvent: {}
[9.885598] (sllidar_ros2) StdoutLine: {'line': b'-- Looking for pthread.h - found\n'}
[9.886209] (-) TimerEvent: {}
[9.887875] (sllidar_ros2) StdoutLine: {'line': b'-- Performing Test CMAKE_HAVE_LIBC_PTHREAD\n'}
[9.986501] (-) TimerEvent: {}
[10.087311] (-) TimerEvent: {}
[10.188082] (-) TimerEvent: {}
[10.222124] (sllidar_ros2) StdoutLine: {'line': b'-- Performing Test CMAKE_HAVE_LIBC_PTHREAD - Success\n'}
[10.226955] (sllidar_ros2) StdoutLine: {'line': b'-- Found Threads: TRUE  \n'}
[10.288261] (-) TimerEvent: {}
[10.389001] (-) TimerEvent: {}
[10.489345] (sllidar_ros2) StdoutLine: {'line': b'-- Found sensor_msgs: 4.2.4 (/opt/ros/humble/share/sensor_msgs/cmake)\n'}
[10.490005] (-) TimerEvent: {}
[10.590655] (-) TimerEvent: {}
[10.637244] (sllidar_ros2) StdoutLine: {'line': b'-- Found std_srvs: 4.2.4 (/opt/ros/humble/share/std_srvs/cmake)\n'}
[10.690839] (-) TimerEvent: {}
[10.791415] (-) TimerEvent: {}
[10.892071] (-) TimerEvent: {}
[10.992761] (-) TimerEvent: {}
[11.001792] (sllidar_ros2) StdoutLine: {'line': b'-- Configuring done\n'}
[11.080387] (sllidar_ros2) StdoutLine: {'line': b'-- Generating done\n'}
[11.087592] (sllidar_ros2) StdoutLine: {'line': b'-- Build files have been written to: /home/arno/RoombaV2Onboard/build/sllidar_ros2\n'}
[11.092955] (-) TimerEvent: {}
[11.121438] (sllidar_ros2) CommandEnded: {'returncode': 0}
[11.123206] (sllidar_ros2) JobProgress: {'identifier': 'sllidar_ros2', 'progress': 'build'}
[11.125591] (sllidar_ros2) Command: {'cmd': ['/usr/bin/cmake', '--build', '/home/arno/RoombaV2Onboard/build/sllidar_ros2', '--', '-j4', '-l4'], 'cwd': '/home/arno/RoombaV2Onboard/build/sllidar_ros2', 'env': OrderedDict([('LESSOPEN', '| /usr/bin/lesspipe %s'), ('USER', 'arno'), ('SSH_CLIENT', '192.168.177.158 34082 22'), ('LC_TIME', 'de_CH.UTF-8'), ('XDG_SESSION_TYPE', 'tty'), ('SHLVL', '1'), ('LD_LIBRARY_PATH', '/opt/ros/humble/opt/rviz_ogre_vendor/lib:/opt/ros/humble/lib/aarch64-linux-gnu:/opt/ros/humble/lib'), ('MOTD_SHOWN', 'pam'), ('HOME', '/home/arno'), ('OLDPWD', '/home/arno/RoombaV2Onboard/src'), ('SSH_TTY', '/dev/pts/0'), ('ROS_PYTHON_VERSION', '3'), ('LC_MONETARY', 'de_CH.UTF-8'), ('DBUS_SESSION_BUS_ADDRESS', 'unix:path=/run/user/1000/bus'), ('COLCON_PREFIX_PATH', '/home/arno/RoombaV2Onboard/install'), ('ROS_DISTRO', 'humble'), ('LOGNAME', 'arno'), ('_', '/usr/bin/colcon'), ('ROS_VERSION', '2'), ('XDG_SESSION_CLASS', 'user'), ('TERM', 'xterm-256color'), ('XDG_SESSION_ID', '1'), ('ROS_LOCALHOST_ONLY', '0'), ('PATH', '/opt/ros/humble/bin:/usr/local/sbin:/usr/local/bin:/usr/sbin:/usr/bin:/sbin:/bin:/usr/games:/usr/local/games:/snap/bin'), ('LC_ADDRESS', 'de_CH.UTF-8'), ('XDG_RUNTIME_DIR', '/run/user/1000'), ('LANG', 'en_US.UTF-8'), ('LC_TELEPHONE', 'de_CH.UTF-8'), ('LS_COLORS', 'rs=0:di=01;34:ln=01;36:mh=00:pi=40;33:so=01;35:do=01;35:bd=40;33;01:cd=40;33;01:or=40;31;01:mi=00:su=37;41:sg=30;43:ca=30;41:tw=30;42:ow=34;42:st=37;44:ex=01;32:*.tar=01;31:*.tgz=01;31:*.arc=01;31:*.arj=01;31:*.taz=01;31:*.lha=01;31:*.lz4=01;31:*.lzh=01;31:*.lzma=01;31:*.tlz=01;31:*.txz=01;31:*.tzo=01;31:*.t7z=01;31:*.zip=01;31:*.z=01;31:*.dz=01;31:*.gz=01;31:*.lrz=01;31:*.lz=01;31:*.lzo=01;31:*.xz=01;31:*.zst=01;31:*.tzst=01;31:*.bz2=01;31:*.bz=01;31:*.tbz=01;31:*.tbz2=01;31:*.tz=01;31:*.deb=01;31:*.rpm=01;31:*.jar=01;31:*.war=01;31:*.ear=01;31:*.sar=01;31:*.rar=01;31:*.alz=01;31:*.ace=01;31:*.zoo=01;31:*.cpio=01;31:*.7z=01;31:*.rz=01;31:*.cab=01;31:*.wim=01;31:*.swm=01;31:*.dwm=01;31:*.esd=01;31:*.jpg=01;35:*.jpeg=01;35:*.mjpg=01;35:*.mjpeg=01;35:*.gif=01;35:*.bmp=01;35:*.pbm=01;35:*.pgm=01;35:*.ppm=01;35:*.tga=01;35:*.xbm=01;35:*.xpm=01;35:*.tif=01;35:*.tiff=01;35:*.png=01;35:*.svg=01;35:*.svgz=01;35:*.mng=01;35:*.pcx=01;35:*.mov=01;35:*.mpg=01;35:*.mpeg=01;35:*.m2v=01;35:*.mkv=01;35:*.webm=01;35:*.webp=01;35:*.ogm=01;35:*.mp4=01;35:*.m4v=01;35:*.mp4v=01;35:*.vob=01;35:*.qt=01;35:*.nuv=01;35:*.wmv=01;35:*.asf=01;35:*.rm=01;35:*.rmvb=01;35:*.flc=01;35:*.avi=01;35:*.fli=01;35:*.flv=01;35:*.gl=01;35:*.dl=01;35:*.xcf=01;35:*.xwd=01;35:*.yuv=01;35:*.cgm=01;35:*.emf=01;35:*.ogv=01;35:*.ogx=01;35:*.aac=00;36:*.au=00;36:*.flac=00;36:*.m4a=00;36:*.mid=00;36:*.midi=00;36:*.mka=00;36:*.mp3=00;36:*.mpc=00;36:*.ogg=00;36:*.ra=00;36:*.wav=00;36:*.oga=00;36:*.opus=00;36:*.spx=00;36:*.xspf=00;36:'), ('AMENT_PREFIX_PATH', '/home/arno/RoombaV2Onboard/install/sllidar_ros2:/home/arno/RoombaV2Onboard/install/rover_stream:/home/arno/RoombaV2Onboard/install/roombav2:/home/arno/RoombaV2Onboard/install/RoverReceive:/opt/ros/humble'), ('SHELL', '/bin/bash'), ('LC_NAME', 'de_CH.UTF-8'), ('LESSCLOSE', '/usr/bin/lesspipe %s %s'), ('LC_MEASUREMENT', 'de_CH.UTF-8'), ('LC_IDENTIFICATION', 'de_CH.UTF-8'), ('PWD', '/home/arno/RoombaV2Onboard/build/sllidar_ros2'), ('LC_ALL', 'en_US.UTF-8'), ('SSH_CONNECTION', '192.168.177.158 34082 192.168.177.79 22'), ('XDG_DATA_DIRS', '/usr/local/share:/usr/share:/var/lib/snapd/desktop'), ('PYTHONPATH', '/home/arno/RoombaV2Onboard/build/rover_stream:/home/arno/RoombaV2Onboard/install/rover_stream/lib/python3.10/site-packages:/home/arno/RoombaV2Onboard/build/roombav2:/home/arno/RoombaV2Onboard/install/roombav2/lib/python3.10/site-packages:/home/arno/RoombaV2Onboard/build/RoverReceive:/home/arno/RoombaV2Onboard/install/RoverReceive/lib/python3.10/site-packages:/opt/ros/humble/lib/python3.10/site-packages:/opt/ros/humble/local/lib/python3.10/dist-packages'), ('LC_NUMERIC', 'de_CH.UTF-8'), ('LC_PAPER', 'de_CH.UTF-8'), ('COLCON', '1'), ('CMAKE_PREFIX_PATH', '/home/arno/RoombaV2Onboard/install/sllidar_ros2:/home/arno/RoombaV2Onboard/install/rover_stream:/home/arno/RoombaV2Onboard/install/roombav2:/home/arno/RoombaV2Onboard/install/RoverReceive:/opt/ros/humble')]), 'shell': False}
[11.193154] (-) TimerEvent: {}
[11.293893] (-) TimerEvent: {}
[11.336028] (sllidar_ros2) StdoutLine: {'line': b'[  5%] \x1b[32mBuilding CXX object CMakeFiles/sllidar_client.dir/src/sllidar_client.cpp.o\x1b[0m\n'}
[11.338417] (sllidar_ros2) StdoutLine: {'line': b'[ 10%] \x1b[32mBuilding CXX object CMakeFiles/sllidar_node.dir/src/sllidar_node.cpp.o\x1b[0m\n'}
[11.340481] (sllidar_ros2) StdoutLine: {'line': b'[ 15%] \x1b[32mBuilding CXX object CMakeFiles/sllidar_node.dir/sdk/src/arch/linux/net_serial.cpp.o\x1b[0m\n'}
[11.347033] (sllidar_ros2) StdoutLine: {'line': b'[ 20%] \x1b[32mBuilding CXX object CMakeFiles/sllidar_node.dir/sdk/src/arch/linux/net_socket.cpp.o\x1b[0m\n'}
[11.394114] (-) TimerEvent: {}
[11.495146] (-) TimerEvent: {}
[11.596275] (-) TimerEvent: {}
[11.697475] (-) TimerEvent: {}
[11.798630] (-) TimerEvent: {}
[11.899820] (-) TimerEvent: {}
[12.000742] (-) TimerEvent: {}
[12.101578] (-) TimerEvent: {}
[12.202767] (-) TimerEvent: {}
[12.303934] (-) TimerEvent: {}
[12.405181] (-) TimerEvent: {}
[12.506582] (-) TimerEvent: {}
[12.608038] (-) TimerEvent: {}
[12.708860] (-) TimerEvent: {}
[12.809633] (-) TimerEvent: {}
[12.910887] (-) TimerEvent: {}
[13.012328] (-) TimerEvent: {}
[13.113797] (-) TimerEvent: {}
[13.215584] (-) TimerEvent: {}
[13.317442] (-) TimerEvent: {}
[13.419243] (-) TimerEvent: {}
[13.521367] (-) TimerEvent: {}
[13.623338] (-) TimerEvent: {}
[13.683720] (sllidar_ros2) StderrLine: {'line': b'In file included from \x1b[01m\x1b[K/home/arno/RoombaV2Onboard/src/sllidar_ros2/./sdk/include/rplidar_protocol.h:36\x1b[m\x1b[K,\n'}
[13.697322] (sllidar_ros2) StderrLine: {'line': b'                 from \x1b[01m\x1b[K/home/arno/RoombaV2Onboard/src/sllidar_ros2/./sdk/include/rplidar.h:39\x1b[m\x1b[K,\n'}
[13.699163] (sllidar_ros2) StderrLine: {'line': b'                 from \x1b[01m\x1b[K/home/arno/RoombaV2Onboard/src/sllidar_ros2/./sdk/src/sdkcommon.h:49\x1b[m\x1b[K,\n'}
[13.701304] (sllidar_ros2) StderrLine: {'line': b'                 from \x1b[01m\x1b[K/home/arno/RoombaV2Onboard/src/sllidar_ros2/sdk/src/arch/linux/net_socket.cpp:10\x1b[m\x1b[K:\n'}
[13.704059] (sllidar_ros2) StderrLine: {'line': b'\x1b[01m\x1b[K/home/arno/RoombaV2Onboard/src/sllidar_ros2/./sdk/include/sl_lidar_protocol.h:66:16:\x1b[m\x1b[K \x1b[01;35m\x1b[Kwarning: \x1b[m\x1b[KISO C++ forbids zero-size array \xe2\x80\x98\x1b[01m\x1b[Kdata\x1b[m\x1b[K\xe2\x80\x99 [\x1b[01;35m\x1b[K\x1b]8;;https://gcc.gnu.org/onlinedocs/gcc/Warning-Options.html#index-Wpedantic\x07-Wpedantic\x1b]8;;\x07\x1b[m\x1b[K]\n'}
[13.706519] (sllidar_ros2) StderrLine: {'line': b'   66 |     sl_u8 data[\x1b[01;35m\x1b[K0\x1b[m\x1b[K];\n'}
[13.708594] (sllidar_ros2) StderrLine: {'line': b'      |                \x1b[01;35m\x1b[K^\x1b[m\x1b[K\n'}
[13.713286] (sllidar_ros2) StderrLine: {'line': b'In file included from \x1b[01m\x1b[K/home/arno/RoombaV2Onboard/src/sllidar_ros2/./sdk/include/rplidar_cmd.h:36\x1b[m\x1b[K,\n'}
[13.715218] (sllidar_ros2) StderrLine: {'line': b'                 from \x1b[01m\x1b[K/home/arno/RoombaV2Onboard/src/sllidar_ros2/./sdk/include/rplidar.h:40\x1b[m\x1b[K,\n'}
[13.717294] (sllidar_ros2) StderrLine: {'line': b'                 from \x1b[01m\x1b[K/home/arno/RoombaV2Onboard/src/sllidar_ros2/./sdk/src/sdkcommon.h:49\x1b[m\x1b[K,\n'}
[13.719370] (sllidar_ros2) StderrLine: {'line': b'                 from \x1b[01m\x1b[K/home/arno/RoombaV2Onboard/src/sllidar_ros2/sdk/src/arch/linux/net_socket.cpp:10\x1b[m\x1b[K:\n'}
[13.729004] (-) TimerEvent: {}
[13.729770] (sllidar_ros2) StderrLine: {'line': b'\x1b[01m\x1b[K/home/arno/RoombaV2Onboard/src/sllidar_ros2/./sdk/include/sl_lidar_cmd.h:324:20:\x1b[m\x1b[K \x1b[01;35m\x1b[Kwarning: \x1b[m\x1b[KISO C++ forbids zero-size array \xe2\x80\x98\x1b[01m\x1b[Kpayload\x1b[m\x1b[K\xe2\x80\x99 [\x1b[01;35m\x1b[K\x1b]8;;https://gcc.gnu.org/onlinedocs/gcc/Warning-Options.html#index-Wpedantic\x07-Wpedantic\x1b]8;;\x07\x1b[m\x1b[K]\n'}
[13.730869] (sllidar_ros2) StderrLine: {'line': b'  324 |     sl_u8  payload[\x1b[01;35m\x1b[K0\x1b[m\x1b[K];\n'}
[13.732053] (sllidar_ros2) StderrLine: {'line': b'      |                    \x1b[01;35m\x1b[K^\x1b[m\x1b[K\n'}
[13.829261] (-) TimerEvent: {}
[13.930246] (-) TimerEvent: {}
[14.031211] (-) TimerEvent: {}
[14.077296] (sllidar_ros2) StderrLine: {'line': b'In file included from \x1b[01m\x1b[K/home/arno/RoombaV2Onboard/src/sllidar_ros2/./sdk/src/arch/linux/arch_linux.h:42\x1b[m\x1b[K,\n'}
[14.078609] (sllidar_ros2) StderrLine: {'line': b'                 from \x1b[01m\x1b[K/home/arno/RoombaV2Onboard/src/sllidar_ros2/./sdk/src/sdkcommon.h:41\x1b[m\x1b[K,\n'}
[14.079500] (sllidar_ros2) StderrLine: {'line': b'                 from \x1b[01m\x1b[K/home/arno/RoombaV2Onboard/src/sllidar_ros2/sdk/src/arch/linux/net_socket.cpp:10\x1b[m\x1b[K:\n'}
[14.080318] (sllidar_ros2) StderrLine: {'line': b'\x1b[01m\x1b[K/home/arno/RoombaV2Onboard/src/sllidar_ros2/sdk/src/arch/linux/net_socket.cpp:\x1b[m\x1b[K In member function \xe2\x80\x98\x1b[01m\x1b[Kvirtual u_result rp::arch::net::DGramSocketImpl::sendTo(const rp::net::SocketAddress*, const void*, size_t)\x1b[m\x1b[K\xe2\x80\x99:\n'}
[14.081206] (sllidar_ros2) StderrLine: {'line': b'\x1b[01m\x1b[K/home/arno/RoombaV2Onboard/src/sllidar_ros2/sdk/src/arch/linux/net_socket.cpp:733:24:\x1b[m\x1b[K \x1b[01;35m\x1b[Kwarning: \x1b[m\x1b[Kcomparison of integer expressions of different signedness: \xe2\x80\x98\x1b[01m\x1b[Kint\x1b[m\x1b[K\xe2\x80\x99 and \xe2\x80\x98\x1b[01m\x1b[Ksize_t\x1b[m\x1b[K\xe2\x80\x99 {aka \xe2\x80\x98\x1b[01m\x1b[Klong unsigned int\x1b[m\x1b[K\xe2\x80\x99} [\x1b[01;35m\x1b[K\x1b]8;;https://gcc.gnu.org/onlinedocs/gcc/Warning-Options.html#index-Wsign-compare\x07-Wsign-compare\x1b]8;;\x07\x1b[m\x1b[K]\n'}
[14.082066] (sllidar_ros2) StderrLine: {'line': b'  733 |             assert(\x1b[01;35m\x1b[Kans == len\x1b[m\x1b[K);\n'}
[14.082934] (sllidar_ros2) StderrLine: {'line': b'      |                    \x1b[01;35m\x1b[K~~~~^~~~~~\x1b[m\x1b[K\n'}
[14.131462] (-) TimerEvent: {}
[14.232510] (-) TimerEvent: {}
[14.333662] (-) TimerEvent: {}
[14.391257] (sllidar_ros2) StderrLine: {'line': b'\x1b[01m\x1b[K/home/arno/RoombaV2Onboard/src/sllidar_ros2/sdk/src/arch/linux/net_serial.cpp:\x1b[m\x1b[K In member function \xe2\x80\x98\x1b[01m\x1b[Kbool rp::arch::net::raw_serial::open(const char*, uint32_t, uint32_t)\x1b[m\x1b[K\xe2\x80\x99:\n'}
[14.392402] (sllidar_ros2) StderrLine: {'line': b'\x1b[01m\x1b[K/home/arno/RoombaV2Onboard/src/sllidar_ros2/sdk/src/arch/linux/net_serial.cpp:97:74:\x1b[m\x1b[K \x1b[01;35m\x1b[Kwarning: \x1b[m\x1b[Kunused parameter \xe2\x80\x98\x1b[01m\x1b[Kflags\x1b[m\x1b[K\xe2\x80\x99 [\x1b[01;35m\x1b[K\x1b]8;;https://gcc.gnu.org/onlinedocs/gcc/Warning-Options.html#index-Wunused-parameter\x07-Wunused-parameter\x1b]8;;\x07\x1b[m\x1b[K]\n'}
[14.393437] (sllidar_ros2) StderrLine: {'line': b'   97 | bool raw_serial::open(const char * portname, uint32_t baudrate, \x1b[01;35m\x1b[Kuint32_t flags\x1b[m\x1b[K)\n'}
[14.394216] (sllidar_ros2) StderrLine: {'line': b'      |                                                                 \x1b[01;35m\x1b[K~~~~~~~~~^~~~~\x1b[m\x1b[K\n'}
[14.396098] (sllidar_ros2) StderrLine: {'line': b'\x1b[01m\x1b[K/home/arno/RoombaV2Onboard/src/sllidar_ros2/sdk/src/arch/linux/net_serial.cpp:\x1b[m\x1b[K In member function \xe2\x80\x98\x1b[01m\x1b[Kvirtual void rp::arch::net::raw_serial::flush(_u32)\x1b[m\x1b[K\xe2\x80\x99:\n'}
[14.397068] (sllidar_ros2) StderrLine: {'line': b'\x1b[01m\x1b[K/home/arno/RoombaV2Onboard/src/sllidar_ros2/sdk/src/arch/linux/net_serial.cpp:281:30:\x1b[m\x1b[K \x1b[01;35m\x1b[Kwarning: \x1b[m\x1b[Kunused parameter \xe2\x80\x98\x1b[01m\x1b[Kflags\x1b[m\x1b[K\xe2\x80\x99 [\x1b[01;35m\x1b[K\x1b]8;;https://gcc.gnu.org/onlinedocs/gcc/Warning-Options.html#index-Wunused-parameter\x07-Wunused-parameter\x1b]8;;\x07\x1b[m\x1b[K]\n'}
[14.398023] (sllidar_ros2) StderrLine: {'line': b'  281 | void raw_serial::flush( \x1b[01;35m\x1b[K_u32 flags\x1b[m\x1b[K)\n'}
[14.398845] (sllidar_ros2) StderrLine: {'line': b'      |                         \x1b[01;35m\x1b[K~~~~~^~~~~\x1b[m\x1b[K\n'}
[14.399609] (sllidar_ros2) StderrLine: {'line': b'\x1b[01m\x1b[K/home/arno/RoombaV2Onboard/src/sllidar_ros2/sdk/src/arch/linux/net_serial.cpp:\x1b[m\x1b[K In member function \xe2\x80\x98\x1b[01m\x1b[Kvirtual int rp::arch::net::raw_serial::waitforsent(_u32, size_t*)\x1b[m\x1b[K\xe2\x80\x99:\n'}
[14.400620] (sllidar_ros2) StderrLine: {'line': b'\x1b[01m\x1b[K/home/arno/RoombaV2Onboard/src/sllidar_ros2/sdk/src/arch/linux/net_serial.cpp:286:34:\x1b[m\x1b[K \x1b[01;35m\x1b[Kwarning: \x1b[m\x1b[Kunused parameter \xe2\x80\x98\x1b[01m\x1b[Ktimeout\x1b[m\x1b[K\xe2\x80\x99 [\x1b[01;35m\x1b[K\x1b]8;;https://gcc.gnu.org/onlinedocs/gcc/Warning-Options.html#index-Wunused-parameter\x07-Wunused-parameter\x1b]8;;\x07\x1b[m\x1b[K]\n'}
[14.401545] (sllidar_ros2) StderrLine: {'line': b'  286 | int raw_serial::waitforsent(\x1b[01;35m\x1b[K_u32 timeout\x1b[m\x1b[K, size_t * returned_size)\n'}
[14.402336] (sllidar_ros2) StderrLine: {'line': b'      |                             \x1b[01;35m\x1b[K~~~~~^~~~~~~\x1b[m\x1b[K\n'}
[14.403080] (sllidar_ros2) StderrLine: {'line': b'\x1b[01m\x1b[K/home/arno/RoombaV2Onboard/src/sllidar_ros2/sdk/src/arch/linux/net_serial.cpp:\x1b[m\x1b[K In member function \xe2\x80\x98\x1b[01m\x1b[Kvirtual int rp::arch::net::raw_serial::waitforrecv(_u32, size_t*)\x1b[m\x1b[K\xe2\x80\x99:\n'}
[14.403908] (sllidar_ros2) StderrLine: {'line': b'\x1b[01m\x1b[K/home/arno/RoombaV2Onboard/src/sllidar_ros2/sdk/src/arch/linux/net_serial.cpp:292:34:\x1b[m\x1b[K \x1b[01;35m\x1b[Kwarning: \x1b[m\x1b[Kunused parameter \xe2\x80\x98\x1b[01m\x1b[Ktimeout\x1b[m\x1b[K\xe2\x80\x99 [\x1b[01;35m\x1b[K\x1b]8;;https://gcc.gnu.org/onlinedocs/gcc/Warning-Options.html#index-Wunused-parameter\x07-Wunused-parameter\x1b]8;;\x07\x1b[m\x1b[K]\n'}
[14.417479] (sllidar_ros2) StderrLine: {'line': b'  292 | int raw_serial::waitforrecv(\x1b[01;35m\x1b[K_u32 timeout\x1b[m\x1b[K, size_t * returned_size)\n'}
[14.418353] (sllidar_ros2) StderrLine: {'line': b'      |                             \x1b[01;35m\x1b[K~~~~~^~~~~~~\x1b[m\x1b[K\n'}
[14.419171] (sllidar_ros2) StderrLine: {'line': b'\x1b[01m\x1b[K/home/arno/RoombaV2Onboard/src/sllidar_ros2/sdk/src/arch/linux/net_serial.cpp:\x1b[m\x1b[K In member function \xe2\x80\x98\x1b[01m\x1b[Kvirtual void rp::arch::net::raw_serial::cancelOperation()\x1b[m\x1b[K\xe2\x80\x99:\n'}
[14.420000] (sllidar_ros2) StderrLine: {'line': b'\x1b[01m\x1b[K/home/arno/RoombaV2Onboard/src/sllidar_ros2/sdk/src/arch/linux/net_serial.cpp:427:5:\x1b[m\x1b[K \x1b[01;35m\x1b[Kwarning: \x1b[m\x1b[Kvalue computed is not used [\x1b[01;35m\x1b[K\x1b]8;;https://gcc.gnu.org/onlinedocs/gcc/Warning-Options.html#index-Wunused-value\x07-Wunused-value\x1b]8;;\x07\x1b[m\x1b[K]\n'}
[14.421018] (sllidar_ros2) StderrLine: {'line': b'  427 |     \x1b[01;35m\x1b[K(int)::write(_selfpipe[1], "x", 1)\x1b[m\x1b[K;\n'}
[14.421979] (sllidar_ros2) StderrLine: {'line': b'      |     \x1b[01;35m\x1b[K^~~~~~~~~~~~~~~~~~~~~~~~~~~~~~~~~~\x1b[m\x1b[K\n'}
[14.433917] (-) TimerEvent: {}
[14.534903] (-) TimerEvent: {}
[14.636037] (-) TimerEvent: {}
[14.737078] (-) TimerEvent: {}
[14.838113] (-) TimerEvent: {}
[14.939413] (-) TimerEvent: {}
[15.008174] (sllidar_ros2) StdoutLine: {'line': b'[ 25%] \x1b[32mBuilding CXX object CMakeFiles/sllidar_node.dir/sdk/src/arch/linux/timer.cpp.o\x1b[0m\n'}
[15.039668] (-) TimerEvent: {}
[15.074181] (sllidar_ros2) StdoutLine: {'line': b'[ 30%] \x1b[32mBuilding CXX object CMakeFiles/sllidar_node.dir/sdk/src/dataunpacker/dataunpacker.cpp.o\x1b[0m\n'}
[15.139889] (-) TimerEvent: {}
[15.240954] (-) TimerEvent: {}
[15.342011] (-) TimerEvent: {}
[15.443853] (-) TimerEvent: {}
[15.545163] (-) TimerEvent: {}
[15.646536] (-) TimerEvent: {}
[15.747947] (-) TimerEvent: {}
[15.849239] (-) TimerEvent: {}
[15.950615] (-) TimerEvent: {}
[16.052238] (-) TimerEvent: {}
[16.154530] (-) TimerEvent: {}
[16.255678] (-) TimerEvent: {}
[16.356816] (-) TimerEvent: {}
[16.457995] (-) TimerEvent: {}
[16.559321] (-) TimerEvent: {}
[16.660660] (-) TimerEvent: {}
[16.762114] (-) TimerEvent: {}
[16.863389] (-) TimerEvent: {}
[16.964612] (-) TimerEvent: {}
[17.065919] (-) TimerEvent: {}
[17.167147] (-) TimerEvent: {}
[17.268489] (-) TimerEvent: {}
[17.370371] (-) TimerEvent: {}
[17.472116] (-) TimerEvent: {}
[17.573922] (-) TimerEvent: {}
[17.675279] (-) TimerEvent: {}
[17.776425] (-) TimerEvent: {}
[17.832862] (sllidar_ros2) StdoutLine: {'line': b'[ 35%] \x1b[32mBuilding CXX object CMakeFiles/sllidar_node.dir/sdk/src/dataunpacker/unpacker/handler_capsules.cpp.o\x1b[0m\n'}
[17.849586] (sllidar_ros2) StderrLine: {'line': b'In file included from \x1b[01m\x1b[K/home/arno/RoombaV2Onboard/src/sllidar_ros2/./sdk/include/rplidar_protocol.h:36\x1b[m\x1b[K,\n'}
[17.850383] (sllidar_ros2) StderrLine: {'line': b'                 from \x1b[01m\x1b[K/home/arno/RoombaV2Onboard/src/sllidar_ros2/./sdk/include/rplidar.h:39\x1b[m\x1b[K,\n'}
[17.851097] (sllidar_ros2) StderrLine: {'line': b'                 from \x1b[01m\x1b[K/home/arno/RoombaV2Onboard/src/sllidar_ros2/./sdk/src/sdkcommon.h:49\x1b[m\x1b[K,\n'}
[17.852410] (sllidar_ros2) StderrLine: {'line': b'                 from \x1b[01m\x1b[K/home/arno/RoombaV2Onboard/src/sllidar_ros2/sdk/src/dataunpacker/dataunnpacker_commondef.h:41\x1b[m\x1b[K,\n'}
[17.853228] (sllidar_ros2) StderrLine: {'line': b'                 from \x1b[01m\x1b[K/home/arno/RoombaV2Onboard/src/sllidar_ros2/sdk/src/dataunpacker/dataunpacker.cpp:39\x1b[m\x1b[K:\n'}
[17.853972] (sllidar_ros2) StderrLine: {'line': b'\x1b[01m\x1b[K/home/arno/RoombaV2Onboard/src/sllidar_ros2/./sdk/include/sl_lidar_protocol.h:66:16:\x1b[m\x1b[K \x1b[01;35m\x1b[Kwarning: \x1b[m\x1b[KISO C++ forbids zero-size array \xe2\x80\x98\x1b[01m\x1b[Kdata\x1b[m\x1b[K\xe2\x80\x99 [\x1b[01;35m\x1b[K\x1b]8;;https://gcc.gnu.org/onlinedocs/gcc/Warning-Options.html#index-Wpedantic\x07-Wpedantic\x1b]8;;\x07\x1b[m\x1b[K]\n'}
[17.854764] (sllidar_ros2) StderrLine: {'line': b'   66 |     sl_u8 data[\x1b[01;35m\x1b[K0\x1b[m\x1b[K];\n'}
[17.855682] (sllidar_ros2) StderrLine: {'line': b'      |                \x1b[01;35m\x1b[K^\x1b[m\x1b[K\n'}
[17.856547] (sllidar_ros2) StderrLine: {'line': b'In file included from \x1b[01m\x1b[K/home/arno/RoombaV2Onboard/src/sllidar_ros2/./sdk/include/rplidar_cmd.h:36\x1b[m\x1b[K,\n'}
[17.857437] (sllidar_ros2) StderrLine: {'line': b'                 from \x1b[01m\x1b[K/home/arno/RoombaV2Onboard/src/sllidar_ros2/./sdk/include/rplidar.h:40\x1b[m\x1b[K,\n'}
[17.858175] (sllidar_ros2) StderrLine: {'line': b'                 from \x1b[01m\x1b[K/home/arno/RoombaV2Onboard/src/sllidar_ros2/./sdk/src/sdkcommon.h:49\x1b[m\x1b[K,\n'}
[17.858980] (sllidar_ros2) StderrLine: {'line': b'                 from \x1b[01m\x1b[K/home/arno/RoombaV2Onboard/src/sllidar_ros2/sdk/src/dataunpacker/dataunnpacker_commondef.h:41\x1b[m\x1b[K,\n'}
[17.859790] (sllidar_ros2) StderrLine: {'line': b'                 from \x1b[01m\x1b[K/home/arno/RoombaV2Onboard/src/sllidar_ros2/sdk/src/dataunpacker/dataunpacker.cpp:39\x1b[m\x1b[K:\n'}
[17.860585] (sllidar_ros2) StderrLine: {'line': b'\x1b[01m\x1b[K/home/arno/RoombaV2Onboard/src/sllidar_ros2/./sdk/include/sl_lidar_cmd.h:324:20:\x1b[m\x1b[K \x1b[01;35m\x1b[Kwarning: \x1b[m\x1b[KISO C++ forbids zero-size array \xe2\x80\x98\x1b[01m\x1b[Kpayload\x1b[m\x1b[K\xe2\x80\x99 [\x1b[01;35m\x1b[K\x1b]8;;https://gcc.gnu.org/onlinedocs/gcc/Warning-Options.html#index-Wpedantic\x07-Wpedantic\x1b]8;;\x07\x1b[m\x1b[K]\n'}
[17.870648] (sllidar_ros2) StderrLine: {'line': b'  324 |     sl_u8  payload[\x1b[01;35m\x1b[K0\x1b[m\x1b[K];\n'}
[17.871868] (sllidar_ros2) StderrLine: {'line': b'      |                    \x1b[01;35m\x1b[K^\x1b[m\x1b[K\n'}
[17.876712] (-) TimerEvent: {}
[17.977675] (-) TimerEvent: {}
[18.078796] (-) TimerEvent: {}
[18.179801] (-) TimerEvent: {}
[18.280818] (-) TimerEvent: {}
[18.381942] (-) TimerEvent: {}
[18.483005] (-) TimerEvent: {}
[18.583993] (-) TimerEvent: {}
[18.684918] (-) TimerEvent: {}
[18.785907] (-) TimerEvent: {}
[18.811631] (sllidar_ros2) StderrLine: {'line': b'In file included from \x1b[01m\x1b[K/home/arno/RoombaV2Onboard/src/sllidar_ros2/sdk/src/dataunpacker/dataunpacker.cpp:40\x1b[m\x1b[K:\n'}
[18.813676] (sllidar_ros2) StderrLine: {'line': b'\x1b[01m\x1b[K/home/arno/RoombaV2Onboard/src/sllidar_ros2/sdk/src/dataunpacker/dataunpacker.h:\x1b[m\x1b[K In member function \xe2\x80\x98\x1b[01m\x1b[Kvirtual void sl::internal::LIDARSampleDataListener::onCustomSampleDataDecoded(_u8, _u32, const void*, size_t)\x1b[m\x1b[K\xe2\x80\x99:\n'}
[18.814550] (sllidar_ros2) StderrLine: {'line': b'\x1b[01m\x1b[K/home/arno/RoombaV2Onboard/src/sllidar_ros2/sdk/src/dataunpacker/dataunpacker.h:54:52:\x1b[m\x1b[K \x1b[01;35m\x1b[Kwarning: \x1b[m\x1b[Kunused parameter \xe2\x80\x98\x1b[01m\x1b[KansType\x1b[m\x1b[K\xe2\x80\x99 [\x1b[01;35m\x1b[K\x1b]8;;https://gcc.gnu.org/onlinedocs/gcc/Warning-Options.html#index-Wunused-parameter\x07-Wunused-parameter\x1b]8;;\x07\x1b[m\x1b[K]\n'}
[18.815220] (sllidar_ros2) StderrLine: {'line': b'   54 |         virtual void onCustomSampleDataDecoded(\x1b[01;35m\x1b[K_u8 ansType\x1b[m\x1b[K, _u32 customCode, const void* data, size_t size) {}\n'}
[18.815863] (sllidar_ros2) StderrLine: {'line': b'      |                                                \x1b[01;35m\x1b[K~~~~^~~~~~~\x1b[m\x1b[K\n'}
[18.816493] (sllidar_ros2) StderrLine: {'line': b'\x1b[01m\x1b[K/home/arno/RoombaV2Onboard/src/sllidar_ros2/sdk/src/dataunpacker/dataunpacker.h:54:66:\x1b[m\x1b[K \x1b[01;35m\x1b[Kwarning: \x1b[m\x1b[Kunused parameter \xe2\x80\x98\x1b[01m\x1b[KcustomCode\x1b[m\x1b[K\xe2\x80\x99 [\x1b[01;35m\x1b[K\x1b]8;;https://gcc.gnu.org/onlinedocs/gcc/Warning-Options.html#index-Wunused-parameter\x07-Wunused-parameter\x1b]8;;\x07\x1b[m\x1b[K]\n'}
[18.817295] (sllidar_ros2) StderrLine: {'line': b'   54 |         virtual void onCustomSampleDataDecoded(_u8 ansType, \x1b[01;35m\x1b[K_u32 customCode\x1b[m\x1b[K, const void* data, size_t size) {}\n'}
[18.817952] (sllidar_ros2) StderrLine: {'line': b'      |                                                             \x1b[01;35m\x1b[K~~~~~^~~~~~~~~~\x1b[m\x1b[K\n'}
[18.818573] (sllidar_ros2) StderrLine: {'line': b'\x1b[01m\x1b[K/home/arno/RoombaV2Onboard/src/sllidar_ros2/sdk/src/dataunpacker/dataunpacker.h:54:90:\x1b[m\x1b[K \x1b[01;35m\x1b[Kwarning: \x1b[m\x1b[Kunused parameter \xe2\x80\x98\x1b[01m\x1b[Kdata\x1b[m\x1b[K\xe2\x80\x99 [\x1b[01;35m\x1b[K\x1b]8;;https://gcc.gnu.org/onlinedocs/gcc/Warning-Options.html#index-Wunused-parameter\x07-Wunused-parameter\x1b]8;;\x07\x1b[m\x1b[K]\n'}
[18.819267] (sllidar_ros2) StderrLine: {'line': b'   54 |         virtual void onCustomSampleDataDecoded(_u8 ansType, _u32 customCode, \x1b[01;35m\x1b[Kconst void* data\x1b[m\x1b[K, size_t size) {}\n'}
[18.819896] (sllidar_ros2) StderrLine: {'line': b'      |                                                                              \x1b[01;35m\x1b[K~~~~~~~~~~~~^~~~\x1b[m\x1b[K\n'}
[18.820637] (sllidar_ros2) StderrLine: {'line': b'\x1b[01m\x1b[K/home/arno/RoombaV2Onboard/src/sllidar_ros2/sdk/src/dataunpacker/dataunpacker.h:54:103:\x1b[m\x1b[K \x1b[01;35m\x1b[Kwarning: \x1b[m\x1b[Kunused parameter \xe2\x80\x98\x1b[01m\x1b[Ksize\x1b[m\x1b[K\xe2\x80\x99 [\x1b[01;35m\x1b[K\x1b]8;;https://gcc.gnu.org/onlinedocs/gcc/Warning-Options.html#index-Wunused-parameter\x07-Wunused-parameter\x1b]8;;\x07\x1b[m\x1b[K]\n'}
[18.821355] (sllidar_ros2) StderrLine: {'line': b'   54 |         virtual void onCustomSampleDataDecoded(_u8 ansType, _u32 customCode, const void* data, \x1b[01;35m\x1b[Ksize_t size\x1b[m\x1b[K) {}\n'}
[18.822046] (sllidar_ros2) StderrLine: {'line': b'      |                                                                                                \x1b[01;35m\x1b[K~~~~~~~^~~~\x1b[m\x1b[K\n'}
[18.822621] (sllidar_ros2) StderrLine: {'line': b'\x1b[01m\x1b[K/home/arno/RoombaV2Onboard/src/sllidar_ros2/sdk/src/dataunpacker/dataunpacker.h:\x1b[m\x1b[K In member function \xe2\x80\x98\x1b[01m\x1b[Kvirtual void sl::internal::LIDARSampleDataListener::onDecodingError(int, _u8, const void*, size_t)\x1b[m\x1b[K\xe2\x80\x99:\n'}
[18.823218] (sllidar_ros2) StderrLine: {'line': b'\x1b[01m\x1b[K/home/arno/RoombaV2Onboard/src/sllidar_ros2/sdk/src/dataunpacker/dataunpacker.h:56:42:\x1b[m\x1b[K \x1b[01;35m\x1b[Kwarning: \x1b[m\x1b[Kunused parameter \xe2\x80\x98\x1b[01m\x1b[KerrMsg\x1b[m\x1b[K\xe2\x80\x99 [\x1b[01;35m\x1b[K\x1b]8;;https://gcc.gnu.org/onlinedocs/gcc/Warning-Options.html#index-Wunused-parameter\x07-Wunused-parameter\x1b]8;;\x07\x1b[m\x1b[K]\n'}
[18.823922] (sllidar_ros2) StderrLine: {'line': b'   56 |         virtual void onDecodingError(\x1b[01;35m\x1b[Kint errMsg\x1b[m\x1b[K, _u8 ansType, const void* payload, size_t size) {}\n'}
[18.824549] (sllidar_ros2) StderrLine: {'line': b'      |                                      \x1b[01;35m\x1b[K~~~~^~~~~~\x1b[m\x1b[K\n'}
[18.837982] (sllidar_ros2) StderrLine: {'line': b'\x1b[01m\x1b[K/home/arno/RoombaV2Onboard/src/sllidar_ros2/sdk/src/dataunpacker/dataunpacker.h:56:54:\x1b[m\x1b[K \x1b[01;35m\x1b[Kwarning: \x1b[m\x1b[Kunused parameter \xe2\x80\x98\x1b[01m\x1b[KansType\x1b[m\x1b[K\xe2\x80\x99 [\x1b[01;35m\x1b[K\x1b]8;;https://gcc.gnu.org/onlinedocs/gcc/Warning-Options.html#index-Wunused-parameter\x07-Wunused-parameter\x1b]8;;\x07\x1b[m\x1b[K]\n'}
[18.839494] (sllidar_ros2) StderrLine: {'line': b'   56 |         virtual void onDecodingError(int errMsg, \x1b[01;35m\x1b[K_u8 ansType\x1b[m\x1b[K, const void* payload, size_t size) {}\n'}
[18.840704] (sllidar_ros2) StderrLine: {'line': b'      |                                                  \x1b[01;35m\x1b[K~~~~^~~~~~~\x1b[m\x1b[K\n'}
[18.841821] (sllidar_ros2) StderrLine: {'line': b'\x1b[01m\x1b[K/home/arno/RoombaV2Onboard/src/sllidar_ros2/sdk/src/dataunpacker/dataunpacker.h:56:75:\x1b[m\x1b[K \x1b[01;35m\x1b[Kwarning: \x1b[m\x1b[Kunused parameter \xe2\x80\x98\x1b[01m\x1b[Kpayload\x1b[m\x1b[K\xe2\x80\x99 [\x1b[01;35m\x1b[K\x1b]8;;https://gcc.gnu.org/onlinedocs/gcc/Warning-Options.html#index-Wunused-parameter\x07-Wunused-parameter\x1b]8;;\x07\x1b[m\x1b[K]\n'}
[18.842922] (sllidar_ros2) StderrLine: {'line': b'   56 |         virtual void onDecodingError(int errMsg, _u8 ansType, \x1b[01;35m\x1b[Kconst void* payload\x1b[m\x1b[K, size_t size) {}\n'}
[18.844035] (sllidar_ros2) StderrLine: {'line': b'      |                                                               \x1b[01;35m\x1b[K~~~~~~~~~~~~^~~~~~~\x1b[m\x1b[K\n'}
[18.845366] (sllidar_ros2) StderrLine: {'line': b'\x1b[01m\x1b[K/home/arno/RoombaV2Onboard/src/sllidar_ros2/sdk/src/dataunpacker/dataunpacker.h:56:91:\x1b[m\x1b[K \x1b[01;35m\x1b[Kwarning: \x1b[m\x1b[Kunused parameter \xe2\x80\x98\x1b[01m\x1b[Ksize\x1b[m\x1b[K\xe2\x80\x99 [\x1b[01;35m\x1b[K\x1b]8;;https://gcc.gnu.org/onlinedocs/gcc/Warning-Options.html#index-Wunused-parameter\x07-Wunused-parameter\x1b]8;;\x07\x1b[m\x1b[K]\n'}
[18.847177] (sllidar_ros2) StderrLine: {'line': b'   56 |         virtual void onDecodingError(int errMsg, _u8 ansType, const void* payload, \x1b[01;35m\x1b[Ksize_t size\x1b[m\x1b[K) {}\n'}
[18.848800] (sllidar_ros2) StderrLine: {'line': b'      |                                                                                    \x1b[01;35m\x1b[K~~~~~~~^~~~\x1b[m\x1b[K\n'}
[18.886176] (-) TimerEvent: {}
[18.995290] (-) TimerEvent: {}
[19.099236] (-) TimerEvent: {}
[19.200215] (-) TimerEvent: {}
[19.301236] (-) TimerEvent: {}
[19.402212] (-) TimerEvent: {}
[19.503212] (-) TimerEvent: {}
[19.604298] (-) TimerEvent: {}
[19.705536] (-) TimerEvent: {}
[19.806505] (-) TimerEvent: {}
[19.907743] (-) TimerEvent: {}
[20.008937] (-) TimerEvent: {}
[20.089175] (sllidar_ros2) StdoutLine: {'line': b'[ 40%] \x1b[32mBuilding CXX object CMakeFiles/sllidar_node.dir/sdk/src/dataunpacker/unpacker/handler_hqnode.cpp.o\x1b[0m\n'}
[20.109151] (-) TimerEvent: {}
[20.210595] (-) TimerEvent: {}
[20.312409] (-) TimerEvent: {}
[20.414606] (-) TimerEvent: {}
[20.466886] (sllidar_ros2) StderrLine: {'line': b'In file included from \x1b[01m\x1b[K/home/arno/RoombaV2Onboard/src/sllidar_ros2/./sdk/include/rplidar_protocol.h:36\x1b[m\x1b[K,\n'}
[20.468622] (sllidar_ros2) StderrLine: {'line': b'                 from \x1b[01m\x1b[K/home/arno/RoombaV2Onboard/src/sllidar_ros2/./sdk/include/rplidar.h:39\x1b[m\x1b[K,\n'}
[20.470646] (sllidar_ros2) StderrLine: {'line': b'                 from \x1b[01m\x1b[K/home/arno/RoombaV2Onboard/src/sllidar_ros2/./sdk/src/sdkcommon.h:49\x1b[m\x1b[K,\n'}
[20.472251] (sllidar_ros2) StderrLine: {'line': b'                 from \x1b[01m\x1b[K/home/arno/RoombaV2Onboard/src/sllidar_ros2/sdk/src/dataunpacker/unpacker/../dataunnpacker_commondef.h:41\x1b[m\x1b[K,\n'}
[20.473867] (sllidar_ros2) StderrLine: {'line': b'                 from \x1b[01m\x1b[K/home/arno/RoombaV2Onboard/src/sllidar_ros2/sdk/src/dataunpacker/unpacker/handler_capsules.cpp:39\x1b[m\x1b[K:\n'}
[20.475230] (sllidar_ros2) StderrLine: {'line': b'\x1b[01m\x1b[K/home/arno/RoombaV2Onboard/src/sllidar_ros2/./sdk/include/sl_lidar_protocol.h:66:16:\x1b[m\x1b[K \x1b[01;35m\x1b[Kwarning: \x1b[m\x1b[KISO C++ forbids zero-size array \xe2\x80\x98\x1b[01m\x1b[Kdata\x1b[m\x1b[K\xe2\x80\x99 [\x1b[01;35m\x1b[K\x1b]8;;https://gcc.gnu.org/onlinedocs/gcc/Warning-Options.html#index-Wpedantic\x07-Wpedantic\x1b]8;;\x07\x1b[m\x1b[K]\n'}
[20.476714] (sllidar_ros2) StderrLine: {'line': b'   66 |     sl_u8 data[\x1b[01;35m\x1b[K0\x1b[m\x1b[K];\n'}
[20.478037] (sllidar_ros2) StderrLine: {'line': b'      |                \x1b[01;35m\x1b[K^\x1b[m\x1b[K\n'}
[20.479338] (sllidar_ros2) StderrLine: {'line': b'In file included from \x1b[01m\x1b[K/home/arno/RoombaV2Onboard/src/sllidar_ros2/./sdk/include/rplidar_cmd.h:36\x1b[m\x1b[K,\n'}
[20.492991] (sllidar_ros2) StderrLine: {'line': b'                 from \x1b[01m\x1b[K/home/arno/RoombaV2Onboard/src/sllidar_ros2/./sdk/include/rplidar.h:40\x1b[m\x1b[K,\n'}
[20.494367] (sllidar_ros2) StderrLine: {'line': b'                 from \x1b[01m\x1b[K/home/arno/RoombaV2Onboard/src/sllidar_ros2/./sdk/src/sdkcommon.h:49\x1b[m\x1b[K,\n'}
[20.496000] (sllidar_ros2) StderrLine: {'line': b'                 from \x1b[01m\x1b[K/home/arno/RoombaV2Onboard/src/sllidar_ros2/sdk/src/dataunpacker/unpacker/../dataunnpacker_commondef.h:41\x1b[m\x1b[K,\n'}
[20.498043] (sllidar_ros2) StderrLine: {'line': b'                 from \x1b[01m\x1b[K/home/arno/RoombaV2Onboard/src/sllidar_ros2/sdk/src/dataunpacker/unpacker/handler_capsules.cpp:39\x1b[m\x1b[K:\n'}
[20.499922] (sllidar_ros2) StderrLine: {'line': b'\x1b[01m\x1b[K/home/arno/RoombaV2Onboard/src/sllidar_ros2/./sdk/include/sl_lidar_cmd.h:324:20:\x1b[m\x1b[K \x1b[01;35m\x1b[Kwarning: \x1b[m\x1b[KISO C++ forbids zero-size array \xe2\x80\x98\x1b[01m\x1b[Kpayload\x1b[m\x1b[K\xe2\x80\x99 [\x1b[01;35m\x1b[K\x1b]8;;https://gcc.gnu.org/onlinedocs/gcc/Warning-Options.html#index-Wpedantic\x07-Wpedantic\x1b]8;;\x07\x1b[m\x1b[K]\n'}
[20.501844] (sllidar_ros2) StderrLine: {'line': b'  324 |     sl_u8  payload[\x1b[01;35m\x1b[K0\x1b[m\x1b[K];\n'}
[20.503374] (sllidar_ros2) StderrLine: {'line': b'      |                    \x1b[01;35m\x1b[K^\x1b[m\x1b[K\n'}
[20.514846] (-) TimerEvent: {}
[20.616164] (-) TimerEvent: {}
[20.718052] (-) TimerEvent: {}
[20.819795] (-) TimerEvent: {}
[20.922050] (-) TimerEvent: {}
[21.023932] (-) TimerEvent: {}
[21.125611] (-) TimerEvent: {}
[21.227336] (-) TimerEvent: {}
[21.329121] (-) TimerEvent: {}
[21.430896] (-) TimerEvent: {}
[21.435178] (sllidar_ros2) StderrLine: {'line': b'In file included from \x1b[01m\x1b[K/home/arno/RoombaV2Onboard/src/sllidar_ros2/sdk/src/dataunpacker/unpacker/handler_capsules.cpp:40\x1b[m\x1b[K:\n'}
[21.437655] (sllidar_ros2) StderrLine: {'line': b'\x1b[01m\x1b[K/home/arno/RoombaV2Onboard/src/sllidar_ros2/sdk/src/dataunpacker/unpacker/../dataunpacker.h:\x1b[m\x1b[K In member function \xe2\x80\x98\x1b[01m\x1b[Kvirtual void sl::internal::LIDARSampleDataListener::onCustomSampleDataDecoded(_u8, _u32, const void*, size_t)\x1b[m\x1b[K\xe2\x80\x99:\n'}
[21.439192] (sllidar_ros2) StderrLine: {'line': b'\x1b[01m\x1b[K/home/arno/RoombaV2Onboard/src/sllidar_ros2/sdk/src/dataunpacker/unpacker/../dataunpacker.h:54:52:\x1b[m\x1b[K \x1b[01;35m\x1b[Kwarning: \x1b[m\x1b[Kunused parameter \xe2\x80\x98\x1b[01m\x1b[KansType\x1b[m\x1b[K\xe2\x80\x99 [\x1b[01;35m\x1b[K\x1b]8;;https://gcc.gnu.org/onlinedocs/gcc/Warning-Options.html#index-Wunused-parameter\x07-Wunused-parameter\x1b]8;;\x07\x1b[m\x1b[K]\n'}
[21.440532] (sllidar_ros2) StderrLine: {'line': b'   54 |         virtual void onCustomSampleDataDecoded(\x1b[01;35m\x1b[K_u8 ansType\x1b[m\x1b[K, _u32 customCode, const void* data, size_t size) {}\n'}
[21.441891] (sllidar_ros2) StderrLine: {'line': b'      |                                                \x1b[01;35m\x1b[K~~~~^~~~~~~\x1b[m\x1b[K\n'}
[21.443182] (sllidar_ros2) StderrLine: {'line': b'\x1b[01m\x1b[K/home/arno/RoombaV2Onboard/src/sllidar_ros2/sdk/src/dataunpacker/unpacker/../dataunpacker.h:54:66:\x1b[m\x1b[K \x1b[01;35m\x1b[Kwarning: \x1b[m\x1b[Kunused parameter \xe2\x80\x98\x1b[01m\x1b[KcustomCode\x1b[m\x1b[K\xe2\x80\x99 [\x1b[01;35m\x1b[K\x1b]8;;https://gcc.gnu.org/onlinedocs/gcc/Warning-Options.html#index-Wunused-parameter\x07-Wunused-parameter\x1b]8;;\x07\x1b[m\x1b[K]\n'}
[21.444530] (sllidar_ros2) StderrLine: {'line': b'   54 |         virtual void onCustomSampleDataDecoded(_u8 ansType, \x1b[01;35m\x1b[K_u32 customCode\x1b[m\x1b[K, const void* data, size_t size) {}\n'}
[21.445891] (sllidar_ros2) StderrLine: {'line': b'      |                                                             \x1b[01;35m\x1b[K~~~~~^~~~~~~~~~\x1b[m\x1b[K\n'}
[21.447255] (sllidar_ros2) StderrLine: {'line': b'\x1b[01m\x1b[K/home/arno/RoombaV2Onboard/src/sllidar_ros2/sdk/src/dataunpacker/unpacker/../dataunpacker.h:54:90:\x1b[m\x1b[K \x1b[01;35m\x1b[Kwarning: \x1b[m\x1b[Kunused parameter \xe2\x80\x98\x1b[01m\x1b[Kdata\x1b[m\x1b[K\xe2\x80\x99 [\x1b[01;35m\x1b[K\x1b]8;;https://gcc.gnu.org/onlinedocs/gcc/Warning-Options.html#index-Wunused-parameter\x07-Wunused-parameter\x1b]8;;\x07\x1b[m\x1b[K]\n'}
[21.448734] (sllidar_ros2) StderrLine: {'line': b'   54 |         virtual void onCustomSampleDataDecoded(_u8 ansType, _u32 customCode, \x1b[01;35m\x1b[Kconst void* data\x1b[m\x1b[K, size_t size) {}\n'}
[21.450323] (sllidar_ros2) StderrLine: {'line': b'      |                                                                              \x1b[01;35m\x1b[K~~~~~~~~~~~~^~~~\x1b[m\x1b[K\n'}
[21.451609] (sllidar_ros2) StderrLine: {'line': b'\x1b[01m\x1b[K/home/arno/RoombaV2Onboard/src/sllidar_ros2/sdk/src/dataunpacker/unpacker/../dataunpacker.h:54:103:\x1b[m\x1b[K \x1b[01;35m\x1b[Kwarning: \x1b[m\x1b[Kunused parameter \xe2\x80\x98\x1b[01m\x1b[Ksize\x1b[m\x1b[K\xe2\x80\x99 [\x1b[01;35m\x1b[K\x1b]8;;https://gcc.gnu.org/onlinedocs/gcc/Warning-Options.html#index-Wunused-parameter\x07-Wunused-parameter\x1b]8;;\x07\x1b[m\x1b[K]\n'}
[21.453695] (sllidar_ros2) StderrLine: {'line': b'   54 |         virtual void onCustomSampleDataDecoded(_u8 ansType, _u32 customCode, const void* data, \x1b[01;35m\x1b[Ksize_t size\x1b[m\x1b[K) {}\n'}
[21.455042] (sllidar_ros2) StderrLine: {'line': b'      |                                                                                                \x1b[01;35m\x1b[K~~~~~~~^~~~\x1b[m\x1b[K\n'}
[21.456355] (sllidar_ros2) StderrLine: {'line': b'\x1b[01m\x1b[K/home/arno/RoombaV2Onboard/src/sllidar_ros2/sdk/src/dataunpacker/unpacker/../dataunpacker.h:\x1b[m\x1b[K In member function \xe2\x80\x98\x1b[01m\x1b[Kvirtual void sl::internal::LIDARSampleDataListener::onDecodingError(int, _u8, const void*, size_t)\x1b[m\x1b[K\xe2\x80\x99:\n'}
[21.457791] (sllidar_ros2) StderrLine: {'line': b'\x1b[01m\x1b[K/home/arno/RoombaV2Onboard/src/sllidar_ros2/sdk/src/dataunpacker/unpacker/../dataunpacker.h:56:42:\x1b[m\x1b[K \x1b[01;35m\x1b[Kwarning: \x1b[m\x1b[Kunused parameter \xe2\x80\x98\x1b[01m\x1b[KerrMsg\x1b[m\x1b[K\xe2\x80\x99 [\x1b[01;35m\x1b[K\x1b]8;;https://gcc.gnu.org/onlinedocs/gcc/Warning-Options.html#index-Wunused-parameter\x07-Wunused-parameter\x1b]8;;\x07\x1b[m\x1b[K]\n'}
[21.459225] (sllidar_ros2) StderrLine: {'line': b'   56 |         virtual void onDecodingError(\x1b[01;35m\x1b[Kint errMsg\x1b[m\x1b[K, _u8 ansType, const void* payload, size_t size) {}\n'}
[21.460896] (sllidar_ros2) StderrLine: {'line': b'      |                                      \x1b[01;35m\x1b[K~~~~^~~~~~\x1b[m\x1b[K\n'}
[21.462183] (sllidar_ros2) StderrLine: {'line': b'\x1b[01m\x1b[K/home/arno/RoombaV2Onboard/src/sllidar_ros2/sdk/src/dataunpacker/unpacker/../dataunpacker.h:56:54:\x1b[m\x1b[K \x1b[01;35m\x1b[Kwarning: \x1b[m\x1b[Kunused parameter \xe2\x80\x98\x1b[01m\x1b[KansType\x1b[m\x1b[K\xe2\x80\x99 [\x1b[01;35m\x1b[K\x1b]8;;https://gcc.gnu.org/onlinedocs/gcc/Warning-Options.html#index-Wunused-parameter\x07-Wunused-parameter\x1b]8;;\x07\x1b[m\x1b[K]\n'}
[21.463478] (sllidar_ros2) StderrLine: {'line': b'   56 |         virtual void onDecodingError(int errMsg, \x1b[01;35m\x1b[K_u8 ansType\x1b[m\x1b[K, const void* payload, size_t size) {}\n'}
[21.464783] (sllidar_ros2) StderrLine: {'line': b'      |                                                  \x1b[01;35m\x1b[K~~~~^~~~~~~\x1b[m\x1b[K\n'}
[21.466049] (sllidar_ros2) StderrLine: {'line': b'\x1b[01m\x1b[K/home/arno/RoombaV2Onboard/src/sllidar_ros2/sdk/src/dataunpacker/unpacker/../dataunpacker.h:56:75:\x1b[m\x1b[K \x1b[01;35m\x1b[Kwarning: \x1b[m\x1b[Kunused parameter \xe2\x80\x98\x1b[01m\x1b[Kpayload\x1b[m\x1b[K\xe2\x80\x99 [\x1b[01;35m\x1b[K\x1b]8;;https://gcc.gnu.org/onlinedocs/gcc/Warning-Options.html#index-Wunused-parameter\x07-Wunused-parameter\x1b]8;;\x07\x1b[m\x1b[K]\n'}
[21.468443] (sllidar_ros2) StderrLine: {'line': b'   56 |         virtual void onDecodingError(int errMsg, _u8 ansType, \x1b[01;35m\x1b[Kconst void* payload\x1b[m\x1b[K, size_t size) {}\n'}
[21.469783] (sllidar_ros2) StderrLine: {'line': b'      |                                                               \x1b[01;35m\x1b[K~~~~~~~~~~~~^~~~~~~\x1b[m\x1b[K\n'}
[21.471291] (sllidar_ros2) StderrLine: {'line': b'\x1b[01m\x1b[K/home/arno/RoombaV2Onboard/src/sllidar_ros2/sdk/src/dataunpacker/unpacker/../dataunpacker.h:56:91:\x1b[m\x1b[K \x1b[01;35m\x1b[Kwarning: \x1b[m\x1b[Kunused parameter \xe2\x80\x98\x1b[01m\x1b[Ksize\x1b[m\x1b[K\xe2\x80\x99 [\x1b[01;35m\x1b[K\x1b]8;;https://gcc.gnu.org/onlinedocs/gcc/Warning-Options.html#index-Wunused-parameter\x07-Wunused-parameter\x1b]8;;\x07\x1b[m\x1b[K]\n'}
[21.472699] (sllidar_ros2) StderrLine: {'line': b'   56 |         virtual void onDecodingError(int errMsg, _u8 ansType, const void* payload, \x1b[01;35m\x1b[Ksize_t size\x1b[m\x1b[K) {}\n'}
[21.474020] (sllidar_ros2) StderrLine: {'line': b'      |                                                                                    \x1b[01;35m\x1b[K~~~~~~~^~~~\x1b[m\x1b[K\n'}
[21.499807] (sllidar_ros2) StderrLine: {'line': b'\x1b[01m\x1b[K/home/arno/RoombaV2Onboard/src/sllidar_ros2/sdk/src/dataunpacker/unpacker/handler_capsules.cpp:\x1b[m\x1b[K In member function \xe2\x80\x98\x1b[01m\x1b[Kvoid sl::internal::unpacker::UnpackerHandler_DenseCapsuleNode::_onScanNodeDenseCapsuleData(rplidar_response_dense_capsule_measurement_nodes_t&, sl::internal::LIDARSampleDataUnpackerInner*)\x1b[m\x1b[K\xe2\x80\x99:\n'}
[21.500942] (sllidar_ros2) StderrLine: {'line': b'\x1b[01m\x1b[K/home/arno/RoombaV2Onboard/src/sllidar_ros2/sdk/src/dataunpacker/unpacker/handler_capsules.cpp:763:30:\x1b[m\x1b[K \x1b[01;35m\x1b[Kwarning: \x1b[m\x1b[Ktype qualifiers ignored on cast result type [\x1b[01;35m\x1b[K\x1b]8;;https://gcc.gnu.org/onlinedocs/gcc/Warning-Options.html#index-Wignored-qualifiers\x07-Wignored-qualifiers\x1b]8;;\x07\x1b[m\x1b[K]\n'}
[21.502225] (sllidar_ros2) StderrLine: {'line': b'  763 |             const int dist = \x1b[01;35m\x1b[Kstatic_cast<const int>(_cached_previous_dense_capsuledata.cabins[pos].distance)\x1b[m\x1b[K;\n'}
[21.503763] (sllidar_ros2) StderrLine: {'line': b'      |                              \x1b[01;35m\x1b[K^~~~~~~~~~~~~~~~~~~~~~~~~~~~~~~~~~~~~~~~~~~~~~~~~~~~~~~~~~~~~~~~~~~~~~~~~~~~~~~\x1b[m\x1b[K\n'}
[21.531147] (-) TimerEvent: {}
[21.632502] (-) TimerEvent: {}
[21.734175] (-) TimerEvent: {}
[21.835717] (-) TimerEvent: {}
[21.937435] (-) TimerEvent: {}
[22.039488] (-) TimerEvent: {}
[22.141135] (-) TimerEvent: {}
[22.243068] (-) TimerEvent: {}
[22.344766] (-) TimerEvent: {}
[22.384052] (sllidar_ros2) StdoutLine: {'line': b'[ 45%] \x1b[32mBuilding CXX object CMakeFiles/sllidar_node.dir/sdk/src/dataunpacker/unpacker/handler_normalnode.cpp.o\x1b[0m\n'}
[22.445112] (-) TimerEvent: {}
[22.546595] (-) TimerEvent: {}
[22.648743] (-) TimerEvent: {}
[22.750555] (-) TimerEvent: {}
[22.833669] (sllidar_ros2) StderrLine: {'line': b'In file included from \x1b[01m\x1b[K/home/arno/RoombaV2Onboard/src/sllidar_ros2/./sdk/include/rplidar_protocol.h:36\x1b[m\x1b[K,\n'}
[22.835324] (sllidar_ros2) StderrLine: {'line': b'                 from \x1b[01m\x1b[K/home/arno/RoombaV2Onboard/src/sllidar_ros2/./sdk/include/rplidar.h:39\x1b[m\x1b[K,\n'}
[22.836368] (sllidar_ros2) StderrLine: {'line': b'                 from \x1b[01m\x1b[K/home/arno/RoombaV2Onboard/src/sllidar_ros2/./sdk/src/sdkcommon.h:49\x1b[m\x1b[K,\n'}
[22.837363] (sllidar_ros2) StderrLine: {'line': b'                 from \x1b[01m\x1b[K/home/arno/RoombaV2Onboard/src/sllidar_ros2/sdk/src/dataunpacker/unpacker/../dataunnpacker_commondef.h:41\x1b[m\x1b[K,\n'}
[22.838324] (sllidar_ros2) StderrLine: {'line': b'                 from \x1b[01m\x1b[K/home/arno/RoombaV2Onboard/src/sllidar_ros2/sdk/src/dataunpacker/unpacker/handler_hqnode.cpp:39\x1b[m\x1b[K:\n'}
[22.839311] (sllidar_ros2) StderrLine: {'line': b'\x1b[01m\x1b[K/home/arno/RoombaV2Onboard/src/sllidar_ros2/./sdk/include/sl_lidar_protocol.h:66:16:\x1b[m\x1b[K \x1b[01;35m\x1b[Kwarning: \x1b[m\x1b[KISO C++ forbids zero-size array \xe2\x80\x98\x1b[01m\x1b[Kdata\x1b[m\x1b[K\xe2\x80\x99 [\x1b[01;35m\x1b[K\x1b]8;;https://gcc.gnu.org/onlinedocs/gcc/Warning-Options.html#index-Wpedantic\x07-Wpedantic\x1b]8;;\x07\x1b[m\x1b[K]\n'}
[22.840372] (sllidar_ros2) StderrLine: {'line': b'   66 |     sl_u8 data[\x1b[01;35m\x1b[K0\x1b[m\x1b[K];\n'}
[22.842394] (sllidar_ros2) StderrLine: {'line': b'      |                \x1b[01;35m\x1b[K^\x1b[m\x1b[K\n'}
[22.843437] (sllidar_ros2) StderrLine: {'line': b'In file included from \x1b[01m\x1b[K/home/arno/RoombaV2Onboard/src/sllidar_ros2/./sdk/include/rplidar_cmd.h:36\x1b[m\x1b[K,\n'}
[22.844419] (sllidar_ros2) StderrLine: {'line': b'                 from \x1b[01m\x1b[K/home/arno/RoombaV2Onboard/src/sllidar_ros2/./sdk/include/rplidar.h:40\x1b[m\x1b[K,\n'}
[22.854016] (-) TimerEvent: {}
[22.854903] (sllidar_ros2) StderrLine: {'line': b'                 from \x1b[01m\x1b[K/home/arno/RoombaV2Onboard/src/sllidar_ros2/./sdk/src/sdkcommon.h:49\x1b[m\x1b[K,\n'}
[22.856304] (sllidar_ros2) StderrLine: {'line': b'                 from \x1b[01m\x1b[K/home/arno/RoombaV2Onboard/src/sllidar_ros2/sdk/src/dataunpacker/unpacker/../dataunnpacker_commondef.h:41\x1b[m\x1b[K,\n'}
[22.857318] (sllidar_ros2) StderrLine: {'line': b'                 from \x1b[01m\x1b[K/home/arno/RoombaV2Onboard/src/sllidar_ros2/sdk/src/dataunpacker/unpacker/handler_hqnode.cpp:39\x1b[m\x1b[K:\n'}
[22.858339] (sllidar_ros2) StderrLine: {'line': b'\x1b[01m\x1b[K/home/arno/RoombaV2Onboard/src/sllidar_ros2/./sdk/include/sl_lidar_cmd.h:324:20:\x1b[m\x1b[K \x1b[01;35m\x1b[Kwarning: \x1b[m\x1b[KISO C++ forbids zero-size array \xe2\x80\x98\x1b[01m\x1b[Kpayload\x1b[m\x1b[K\xe2\x80\x99 [\x1b[01;35m\x1b[K\x1b]8;;https://gcc.gnu.org/onlinedocs/gcc/Warning-Options.html#index-Wpedantic\x07-Wpedantic\x1b]8;;\x07\x1b[m\x1b[K]\n'}
[22.859476] (sllidar_ros2) StderrLine: {'line': b'  324 |     sl_u8  payload[\x1b[01;35m\x1b[K0\x1b[m\x1b[K];\n'}
[22.867068] (sllidar_ros2) StderrLine: {'line': b'      |                    \x1b[01;35m\x1b[K^\x1b[m\x1b[K\n'}
[22.954229] (-) TimerEvent: {}
[23.055126] (-) TimerEvent: {}
[23.156028] (-) TimerEvent: {}
[23.257018] (-) TimerEvent: {}
[23.359002] (-) TimerEvent: {}
[23.461444] (-) TimerEvent: {}
[23.562478] (-) TimerEvent: {}
[23.663575] (-) TimerEvent: {}
[23.764632] (-) TimerEvent: {}
[23.865631] (-) TimerEvent: {}
[23.966635] (-) TimerEvent: {}
[24.067807] (-) TimerEvent: {}
[24.104950] (sllidar_ros2) StderrLine: {'line': b'In file included from \x1b[01m\x1b[K/home/arno/RoombaV2Onboard/src/sllidar_ros2/sdk/src/dataunpacker/unpacker/handler_hqnode.cpp:40\x1b[m\x1b[K:\n'}
[24.107865] (sllidar_ros2) StderrLine: {'line': b'\x1b[01m\x1b[K/home/arno/RoombaV2Onboard/src/sllidar_ros2/sdk/src/dataunpacker/unpacker/../dataunpacker.h:\x1b[m\x1b[K In member function \xe2\x80\x98\x1b[01m\x1b[Kvirtual void sl::internal::LIDARSampleDataListener::onCustomSampleDataDecoded(_u8, _u32, const void*, size_t)\x1b[m\x1b[K\xe2\x80\x99:\n'}
[24.109358] (sllidar_ros2) StderrLine: {'line': b'\x1b[01m\x1b[K/home/arno/RoombaV2Onboard/src/sllidar_ros2/sdk/src/dataunpacker/unpacker/../dataunpacker.h:54:52:\x1b[m\x1b[K \x1b[01;35m\x1b[Kwarning: \x1b[m\x1b[Kunused parameter \xe2\x80\x98\x1b[01m\x1b[KansType\x1b[m\x1b[K\xe2\x80\x99 [\x1b[01;35m\x1b[K\x1b]8;;https://gcc.gnu.org/onlinedocs/gcc/Warning-Options.html#index-Wunused-parameter\x07-Wunused-parameter\x1b]8;;\x07\x1b[m\x1b[K]\n'}
[24.110836] (sllidar_ros2) StderrLine: {'line': b'   54 |         virtual void onCustomSampleDataDecoded(\x1b[01;35m\x1b[K_u8 ansType\x1b[m\x1b[K, _u32 customCode, const void* data, size_t size) {}\n'}
[24.112196] (sllidar_ros2) StderrLine: {'line': b'      |                                                \x1b[01;35m\x1b[K~~~~^~~~~~~\x1b[m\x1b[K\n'}
[24.113584] (sllidar_ros2) StderrLine: {'line': b'\x1b[01m\x1b[K/home/arno/RoombaV2Onboard/src/sllidar_ros2/sdk/src/dataunpacker/unpacker/../dataunpacker.h:54:66:\x1b[m\x1b[K \x1b[01;35m\x1b[Kwarning: \x1b[m\x1b[Kunused parameter \xe2\x80\x98\x1b[01m\x1b[KcustomCode\x1b[m\x1b[K\xe2\x80\x99 [\x1b[01;35m\x1b[K\x1b]8;;https://gcc.gnu.org/onlinedocs/gcc/Warning-Options.html#index-Wunused-parameter\x07-Wunused-parameter\x1b]8;;\x07\x1b[m\x1b[K]\n'}
[24.114970] (sllidar_ros2) StderrLine: {'line': b'   54 |         virtual void onCustomSampleDataDecoded(_u8 ansType, \x1b[01;35m\x1b[K_u32 customCode\x1b[m\x1b[K, const void* data, size_t size) {}\n'}
[24.117682] (sllidar_ros2) StderrLine: {'line': b'      |                                                             \x1b[01;35m\x1b[K~~~~~^~~~~~~~~~\x1b[m\x1b[K\n'}
[24.133002] (sllidar_ros2) StderrLine: {'line': b'\x1b[01m\x1b[K/home/arno/RoombaV2Onboard/src/sllidar_ros2/sdk/src/dataunpacker/unpacker/../dataunpacker.h:54:90:\x1b[m\x1b[K \x1b[01;35m\x1b[Kwarning: \x1b[m\x1b[Kunused parameter \xe2\x80\x98\x1b[01m\x1b[Kdata\x1b[m\x1b[K\xe2\x80\x99 [\x1b[01;35m\x1b[K\x1b]8;;https://gcc.gnu.org/onlinedocs/gcc/Warning-Options.html#index-Wunused-parameter\x07-Wunused-parameter\x1b]8;;\x07\x1b[m\x1b[K]\n'}
[24.134119] (sllidar_ros2) StderrLine: {'line': b'   54 |         virtual void onCustomSampleDataDecoded(_u8 ansType, _u32 customCode, \x1b[01;35m\x1b[Kconst void* data\x1b[m\x1b[K, size_t size) {}\n'}
[24.135312] (sllidar_ros2) StderrLine: {'line': b'      |                                                                              \x1b[01;35m\x1b[K~~~~~~~~~~~~^~~~\x1b[m\x1b[K\n'}
[24.136585] (sllidar_ros2) StderrLine: {'line': b'\x1b[01m\x1b[K/home/arno/RoombaV2Onboard/src/sllidar_ros2/sdk/src/dataunpacker/unpacker/../dataunpacker.h:54:103:\x1b[m\x1b[K \x1b[01;35m\x1b[Kwarning: \x1b[m\x1b[Kunused parameter \xe2\x80\x98\x1b[01m\x1b[Ksize\x1b[m\x1b[K\xe2\x80\x99 [\x1b[01;35m\x1b[K\x1b]8;;https://gcc.gnu.org/onlinedocs/gcc/Warning-Options.html#index-Wunused-parameter\x07-Wunused-parameter\x1b]8;;\x07\x1b[m\x1b[K]\n'}
[24.137746] (sllidar_ros2) StderrLine: {'line': b'   54 |         virtual void onCustomSampleDataDecoded(_u8 ansType, _u32 customCode, const void* data, \x1b[01;35m\x1b[Ksize_t size\x1b[m\x1b[K) {}\n'}
[24.138800] (sllidar_ros2) StderrLine: {'line': b'      |                                                                                                \x1b[01;35m\x1b[K~~~~~~~^~~~\x1b[m\x1b[K\n'}
[24.139946] (sllidar_ros2) StderrLine: {'line': b'\x1b[01m\x1b[K/home/arno/RoombaV2Onboard/src/sllidar_ros2/sdk/src/dataunpacker/unpacker/../dataunpacker.h:\x1b[m\x1b[K In member function \xe2\x80\x98\x1b[01m\x1b[Kvirtual void sl::internal::LIDARSampleDataListener::onDecodingError(int, _u8, const void*, size_t)\x1b[m\x1b[K\xe2\x80\x99:\n'}
[24.141010] (sllidar_ros2) StderrLine: {'line': b'\x1b[01m\x1b[K/home/arno/RoombaV2Onboard/src/sllidar_ros2/sdk/src/dataunpacker/unpacker/../dataunpacker.h:56:42:\x1b[m\x1b[K \x1b[01;35m\x1b[Kwarning: \x1b[m\x1b[Kunused parameter \xe2\x80\x98\x1b[01m\x1b[KerrMsg\x1b[m\x1b[K\xe2\x80\x99 [\x1b[01;35m\x1b[K\x1b]8;;https://gcc.gnu.org/onlinedocs/gcc/Warning-Options.html#index-Wunused-parameter\x07-Wunused-parameter\x1b]8;;\x07\x1b[m\x1b[K]\n'}
[24.142492] (sllidar_ros2) StderrLine: {'line': b'   56 |         virtual void onDecodingError(\x1b[01;35m\x1b[Kint errMsg\x1b[m\x1b[K, _u8 ansType, const void* payload, size_t size) {}\n'}
[24.153051] (sllidar_ros2) StderrLine: {'line': b'      |                                      \x1b[01;35m\x1b[K~~~~^~~~~~\x1b[m\x1b[K\n'}
[24.154247] (sllidar_ros2) StderrLine: {'line': b'\x1b[01m\x1b[K/home/arno/RoombaV2Onboard/src/sllidar_ros2/sdk/src/dataunpacker/unpacker/../dataunpacker.h:56:54:\x1b[m\x1b[K \x1b[01;35m\x1b[Kwarning: \x1b[m\x1b[Kunused parameter \xe2\x80\x98\x1b[01m\x1b[KansType\x1b[m\x1b[K\xe2\x80\x99 [\x1b[01;35m\x1b[K\x1b]8;;https://gcc.gnu.org/onlinedocs/gcc/Warning-Options.html#index-Wunused-parameter\x07-Wunused-parameter\x1b]8;;\x07\x1b[m\x1b[K]\n'}
[24.155374] (sllidar_ros2) StderrLine: {'line': b'   56 |         virtual void onDecodingError(int errMsg, \x1b[01;35m\x1b[K_u8 ansType\x1b[m\x1b[K, const void* payload, size_t size) {}\n'}
[24.156548] (sllidar_ros2) StderrLine: {'line': b'      |                                                  \x1b[01;35m\x1b[K~~~~^~~~~~~\x1b[m\x1b[K\n'}
[24.157625] (sllidar_ros2) StderrLine: {'line': b'\x1b[01m\x1b[K/home/arno/RoombaV2Onboard/src/sllidar_ros2/sdk/src/dataunpacker/unpacker/../dataunpacker.h:56:75:\x1b[m\x1b[K \x1b[01;35m\x1b[Kwarning: \x1b[m\x1b[Kunused parameter \xe2\x80\x98\x1b[01m\x1b[Kpayload\x1b[m\x1b[K\xe2\x80\x99 [\x1b[01;35m\x1b[K\x1b]8;;https://gcc.gnu.org/onlinedocs/gcc/Warning-Options.html#index-Wunused-parameter\x07-Wunused-parameter\x1b]8;;\x07\x1b[m\x1b[K]\n'}
[24.158829] (sllidar_ros2) StderrLine: {'line': b'   56 |         virtual void onDecodingError(int errMsg, _u8 ansType, \x1b[01;35m\x1b[Kconst void* payload\x1b[m\x1b[K, size_t size) {}\n'}
[24.159844] (sllidar_ros2) StderrLine: {'line': b'      |                                                               \x1b[01;35m\x1b[K~~~~~~~~~~~~^~~~~~~\x1b[m\x1b[K\n'}
[24.161013] (sllidar_ros2) StderrLine: {'line': b'\x1b[01m\x1b[K/home/arno/RoombaV2Onboard/src/sllidar_ros2/sdk/src/dataunpacker/unpacker/../dataunpacker.h:56:91:\x1b[m\x1b[K \x1b[01;35m\x1b[Kwarning: \x1b[m\x1b[Kunused parameter \xe2\x80\x98\x1b[01m\x1b[Ksize\x1b[m\x1b[K\xe2\x80\x99 [\x1b[01;35m\x1b[K\x1b]8;;https://gcc.gnu.org/onlinedocs/gcc/Warning-Options.html#index-Wunused-parameter\x07-Wunused-parameter\x1b]8;;\x07\x1b[m\x1b[K]\n'}
[24.162187] (sllidar_ros2) StderrLine: {'line': b'   56 |         virtual void onDecodingError(int errMsg, _u8 ansType, const void* payload, \x1b[01;35m\x1b[Ksize_t size\x1b[m\x1b[K) {}\n'}
[24.169025] (-) TimerEvent: {}
[24.169941] (sllidar_ros2) StderrLine: {'line': b'      |                                                                                    \x1b[01;35m\x1b[K~~~~~~~^~~~\x1b[m\x1b[K\n'}
[24.269284] (-) TimerEvent: {}
[24.370279] (-) TimerEvent: {}
[24.471342] (-) TimerEvent: {}
[24.572431] (-) TimerEvent: {}
[24.673461] (-) TimerEvent: {}
[24.775157] (-) TimerEvent: {}
[24.849498] (sllidar_ros2) StdoutLine: {'line': b'[ 50%] \x1b[32mBuilding CXX object CMakeFiles/sllidar_node.dir/sdk/src/hal/thread.cpp.o\x1b[0m\n'}
[24.875402] (-) TimerEvent: {}
[24.976774] (-) TimerEvent: {}
[25.078767] (-) TimerEvent: {}
[25.180494] (-) TimerEvent: {}
[25.186991] (sllidar_ros2) StderrLine: {'line': b'In file included from \x1b[01m\x1b[K/home/arno/RoombaV2Onboard/src/sllidar_ros2/./sdk/include/rplidar_protocol.h:36\x1b[m\x1b[K,\n'}
[25.188532] (sllidar_ros2) StderrLine: {'line': b'                 from \x1b[01m\x1b[K/home/arno/RoombaV2Onboard/src/sllidar_ros2/./sdk/include/rplidar.h:39\x1b[m\x1b[K,\n'}
[25.189408] (sllidar_ros2) StderrLine: {'line': b'                 from \x1b[01m\x1b[K/home/arno/RoombaV2Onboard/src/sllidar_ros2/./sdk/src/sdkcommon.h:49\x1b[m\x1b[K,\n'}
[25.190188] (sllidar_ros2) StderrLine: {'line': b'                 from \x1b[01m\x1b[K/home/arno/RoombaV2Onboard/src/sllidar_ros2/sdk/src/dataunpacker/unpacker/../dataunnpacker_commondef.h:41\x1b[m\x1b[K,\n'}
[25.191126] (sllidar_ros2) StderrLine: {'line': b'                 from \x1b[01m\x1b[K/home/arno/RoombaV2Onboard/src/sllidar_ros2/sdk/src/dataunpacker/unpacker/handler_normalnode.cpp:39\x1b[m\x1b[K:\n'}
[25.192594] (sllidar_ros2) StderrLine: {'line': b'\x1b[01m\x1b[K/home/arno/RoombaV2Onboard/src/sllidar_ros2/./sdk/include/sl_lidar_protocol.h:66:16:\x1b[m\x1b[K \x1b[01;35m\x1b[Kwarning: \x1b[m\x1b[KISO C++ forbids zero-size array \xe2\x80\x98\x1b[01m\x1b[Kdata\x1b[m\x1b[K\xe2\x80\x99 [\x1b[01;35m\x1b[K\x1b]8;;https://gcc.gnu.org/onlinedocs/gcc/Warning-Options.html#index-Wpedantic\x07-Wpedantic\x1b]8;;\x07\x1b[m\x1b[K]\n'}
[25.194473] (sllidar_ros2) StderrLine: {'line': b'   66 |     sl_u8 data[\x1b[01;35m\x1b[K0\x1b[m\x1b[K];\n'}
[25.195750] (sllidar_ros2) StderrLine: {'line': b'      |                \x1b[01;35m\x1b[K^\x1b[m\x1b[K\n'}
[25.197077] (sllidar_ros2) StderrLine: {'line': b'In file included from \x1b[01m\x1b[K/home/arno/RoombaV2Onboard/src/sllidar_ros2/./sdk/include/rplidar_cmd.h:36\x1b[m\x1b[K,\n'}
[25.198642] (sllidar_ros2) StderrLine: {'line': b'                 from \x1b[01m\x1b[K/home/arno/RoombaV2Onboard/src/sllidar_ros2/./sdk/include/rplidar.h:40\x1b[m\x1b[K,\n'}
[25.208984] (sllidar_ros2) StderrLine: {'line': b'                 from \x1b[01m\x1b[K/home/arno/RoombaV2Onboard/src/sllidar_ros2/./sdk/src/sdkcommon.h:49\x1b[m\x1b[K,\n'}
[25.210295] (sllidar_ros2) StderrLine: {'line': b'                 from \x1b[01m\x1b[K/home/arno/RoombaV2Onboard/src/sllidar_ros2/sdk/src/dataunpacker/unpacker/../dataunnpacker_commondef.h:41\x1b[m\x1b[K,\n'}
[25.211598] (sllidar_ros2) StderrLine: {'line': b'                 from \x1b[01m\x1b[K/home/arno/RoombaV2Onboard/src/sllidar_ros2/sdk/src/dataunpacker/unpacker/handler_normalnode.cpp:39\x1b[m\x1b[K:\n'}
[25.212905] (sllidar_ros2) StderrLine: {'line': b'\x1b[01m\x1b[K/home/arno/RoombaV2Onboard/src/sllidar_ros2/./sdk/include/sl_lidar_cmd.h:324:20:\x1b[m\x1b[K \x1b[01;35m\x1b[Kwarning: \x1b[m\x1b[KISO C++ forbids zero-size array \xe2\x80\x98\x1b[01m\x1b[Kpayload\x1b[m\x1b[K\xe2\x80\x99 [\x1b[01;35m\x1b[K\x1b]8;;https://gcc.gnu.org/onlinedocs/gcc/Warning-Options.html#index-Wpedantic\x07-Wpedantic\x1b]8;;\x07\x1b[m\x1b[K]\n'}
[25.214201] (sllidar_ros2) StderrLine: {'line': b'  324 |     sl_u8  payload[\x1b[01;35m\x1b[K0\x1b[m\x1b[K];\n'}
[25.215428] (sllidar_ros2) StderrLine: {'line': b'      |                    \x1b[01;35m\x1b[K^\x1b[m\x1b[K\n'}
[25.280829] (-) TimerEvent: {}
[25.382132] (-) TimerEvent: {}
[25.425185] (sllidar_ros2) StderrLine: {'line': b'In file included from \x1b[01m\x1b[K/home/arno/RoombaV2Onboard/src/sllidar_ros2/./sdk/include/sl_lidar_cmd.h:41\x1b[m\x1b[K,\n'}
[25.426003] (sllidar_ros2) StderrLine: {'line': b'                 from \x1b[01m\x1b[K/home/arno/RoombaV2Onboard/src/sllidar_ros2/./sdk/include/sl_lidar_driver.h:54\x1b[m\x1b[K,\n'}
[25.426724] (sllidar_ros2) StderrLine: {'line': b'                 from \x1b[01m\x1b[K/home/arno/RoombaV2Onboard/src/sllidar_ros2/./sdk/include/sl_lidar.h:36\x1b[m\x1b[K,\n'}
[25.427467] (sllidar_ros2) StderrLine: {'line': b'                 from \x1b[01m\x1b[K/home/arno/RoombaV2Onboard/src/sllidar_ros2/src/sllidar_node.cpp:38\x1b[m\x1b[K:\n'}
[25.428236] (sllidar_ros2) StderrLine: {'line': b'\x1b[01m\x1b[K/home/arno/RoombaV2Onboard/src/sllidar_ros2/./sdk/include/sl_lidar_protocol.h:66:16:\x1b[m\x1b[K \x1b[01;35m\x1b[Kwarning: \x1b[m\x1b[KISO C++ forbids zero-size array \xe2\x80\x98\x1b[01m\x1b[Kdata\x1b[m\x1b[K\xe2\x80\x99 [\x1b[01;35m\x1b[K\x1b]8;;https://gcc.gnu.org/onlinedocs/gcc/Warning-Options.html#index-Wpedantic\x07-Wpedantic\x1b]8;;\x07\x1b[m\x1b[K]\n'}
[25.429365] (sllidar_ros2) StderrLine: {'line': b'   66 |     sl_u8 data[\x1b[01;35m\x1b[K0\x1b[m\x1b[K];\n'}
[25.430445] (sllidar_ros2) StderrLine: {'line': b'      |                \x1b[01;35m\x1b[K^\x1b[m\x1b[K\n'}
[25.431150] (sllidar_ros2) StderrLine: {'line': b'In file included from \x1b[01m\x1b[K/home/arno/RoombaV2Onboard/src/sllidar_ros2/./sdk/include/sl_lidar_driver.h:54\x1b[m\x1b[K,\n'}
[25.431830] (sllidar_ros2) StderrLine: {'line': b'                 from \x1b[01m\x1b[K/home/arno/RoombaV2Onboard/src/sllidar_ros2/./sdk/include/sl_lidar.h:36\x1b[m\x1b[K,\n'}
[25.432481] (sllidar_ros2) StderrLine: {'line': b'                 from \x1b[01m\x1b[K/home/arno/RoombaV2Onboard/src/sllidar_ros2/src/sllidar_node.cpp:38\x1b[m\x1b[K:\n'}
[25.433222] (sllidar_ros2) StderrLine: {'line': b'\x1b[01m\x1b[K/home/arno/RoombaV2Onboard/src/sllidar_ros2/./sdk/include/sl_lidar_cmd.h:324:20:\x1b[m\x1b[K \x1b[01;35m\x1b[Kwarning: \x1b[m\x1b[KISO C++ forbids zero-size array \xe2\x80\x98\x1b[01m\x1b[Kpayload\x1b[m\x1b[K\xe2\x80\x99 [\x1b[01;35m\x1b[K\x1b]8;;https://gcc.gnu.org/onlinedocs/gcc/Warning-Options.html#index-Wpedantic\x07-Wpedantic\x1b]8;;\x07\x1b[m\x1b[K]\n'}
[25.433994] (sllidar_ros2) StderrLine: {'line': b'  324 |     sl_u8  payload[\x1b[01;35m\x1b[K0\x1b[m\x1b[K];\n'}
[25.434768] (sllidar_ros2) StderrLine: {'line': b'      |                    \x1b[01;35m\x1b[K^\x1b[m\x1b[K\n'}
[25.482379] (-) TimerEvent: {}
[25.583243] (-) TimerEvent: {}
[25.684150] (-) TimerEvent: {}
[25.785216] (-) TimerEvent: {}
[25.886244] (-) TimerEvent: {}
[25.987839] (-) TimerEvent: {}
[26.089813] (-) TimerEvent: {}
[26.191842] (-) TimerEvent: {}
[26.204171] (sllidar_ros2) StderrLine: {'line': b'In file included from \x1b[01m\x1b[K/home/arno/RoombaV2Onboard/src/sllidar_ros2/sdk/src/dataunpacker/unpacker/handler_normalnode.cpp:40\x1b[m\x1b[K:\n'}
[26.206537] (sllidar_ros2) StderrLine: {'line': b'\x1b[01m\x1b[K/home/arno/RoombaV2Onboard/src/sllidar_ros2/sdk/src/dataunpacker/unpacker/../dataunpacker.h:\x1b[m\x1b[K In member function \xe2\x80\x98\x1b[01m\x1b[Kvirtual void sl::internal::LIDARSampleDataListener::onCustomSampleDataDecoded(_u8, _u32, const void*, size_t)\x1b[m\x1b[K\xe2\x80\x99:\n'}
[26.207955] (sllidar_ros2) StderrLine: {'line': b'\x1b[01m\x1b[K/home/arno/RoombaV2Onboard/src/sllidar_ros2/sdk/src/dataunpacker/unpacker/../dataunpacker.h:54:52:\x1b[m\x1b[K \x1b[01;35m\x1b[Kwarning: \x1b[m\x1b[Kunused parameter \xe2\x80\x98\x1b[01m\x1b[KansType\x1b[m\x1b[K\xe2\x80\x99 [\x1b[01;35m\x1b[K\x1b]8;;https://gcc.gnu.org/onlinedocs/gcc/Warning-Options.html#index-Wunused-parameter\x07-Wunused-parameter\x1b]8;;\x07\x1b[m\x1b[K]\n'}
[26.209385] (sllidar_ros2) StderrLine: {'line': b'   54 |         virtual void onCustomSampleDataDecoded(\x1b[01;35m\x1b[K_u8 ansType\x1b[m\x1b[K, _u32 customCode, const void* data, size_t size) {}\n'}
[26.210777] (sllidar_ros2) StderrLine: {'line': b'      |                                                \x1b[01;35m\x1b[K~~~~^~~~~~~\x1b[m\x1b[K\n'}
[26.212379] (sllidar_ros2) StderrLine: {'line': b'\x1b[01m\x1b[K/home/arno/RoombaV2Onboard/src/sllidar_ros2/sdk/src/dataunpacker/unpacker/../dataunpacker.h:54:66:\x1b[m\x1b[K \x1b[01;35m\x1b[Kwarning: \x1b[m\x1b[Kunused parameter \xe2\x80\x98\x1b[01m\x1b[KcustomCode\x1b[m\x1b[K\xe2\x80\x99 [\x1b[01;35m\x1b[K\x1b]8;;https://gcc.gnu.org/onlinedocs/gcc/Warning-Options.html#index-Wunused-parameter\x07-Wunused-parameter\x1b]8;;\x07\x1b[m\x1b[K]\n'}
[26.213945] (sllidar_ros2) StderrLine: {'line': b'   54 |         virtual void onCustomSampleDataDecoded(_u8 ansType, \x1b[01;35m\x1b[K_u32 customCode\x1b[m\x1b[K, const void* data, size_t size) {}\n'}
[26.215296] (sllidar_ros2) StderrLine: {'line': b'      |                                                             \x1b[01;35m\x1b[K~~~~~^~~~~~~~~~\x1b[m\x1b[K\n'}
[26.216611] (sllidar_ros2) StderrLine: {'line': b'\x1b[01m\x1b[K/home/arno/RoombaV2Onboard/src/sllidar_ros2/sdk/src/dataunpacker/unpacker/../dataunpacker.h:54:90:\x1b[m\x1b[K \x1b[01;35m\x1b[Kwarning: \x1b[m\x1b[Kunused parameter \xe2\x80\x98\x1b[01m\x1b[Kdata\x1b[m\x1b[K\xe2\x80\x99 [\x1b[01;35m\x1b[K\x1b]8;;https://gcc.gnu.org/onlinedocs/gcc/Warning-Options.html#index-Wunused-parameter\x07-Wunused-parameter\x1b]8;;\x07\x1b[m\x1b[K]\n'}
[26.221302] (sllidar_ros2) StderrLine: {'line': b'   54 |         virtual void onCustomSampleDataDecoded(_u8 ansType, _u32 customCode, \x1b[01;35m\x1b[Kconst void* data\x1b[m\x1b[K, size_t size) {}\n'}
[26.222808] (sllidar_ros2) StderrLine: {'line': b'      |                                                                              \x1b[01;35m\x1b[K~~~~~~~~~~~~^~~~\x1b[m\x1b[K\n'}
[26.225033] (sllidar_ros2) StderrLine: {'line': b'\x1b[01m\x1b[K/home/arno/RoombaV2Onboard/src/sllidar_ros2/sdk/src/dataunpacker/unpacker/../dataunpacker.h:54:103:\x1b[m\x1b[K \x1b[01;35m\x1b[Kwarning: \x1b[m\x1b[Kunused parameter \xe2\x80\x98\x1b[01m\x1b[Ksize\x1b[m\x1b[K\xe2\x80\x99 [\x1b[01;35m\x1b[K\x1b]8;;https://gcc.gnu.org/onlinedocs/gcc/Warning-Options.html#index-Wunused-parameter\x07-Wunused-parameter\x1b]8;;\x07\x1b[m\x1b[K]\n'}
[26.232655] (sllidar_ros2) StderrLine: {'line': b'   54 |         virtual void onCustomSampleDataDecoded(_u8 ansType, _u32 customCode, const void* data, \x1b[01;35m\x1b[Ksize_t size\x1b[m\x1b[K) {}\n'}
[26.233584] (sllidar_ros2) StderrLine: {'line': b'      |                                                                                                \x1b[01;35m\x1b[K~~~~~~~^~~~\x1b[m\x1b[K\n'}
[26.234500] (sllidar_ros2) StderrLine: {'line': b'\x1b[01m\x1b[K/home/arno/RoombaV2Onboard/src/sllidar_ros2/sdk/src/dataunpacker/unpacker/../dataunpacker.h:\x1b[m\x1b[K In member function \xe2\x80\x98\x1b[01m\x1b[Kvirtual void sl::internal::LIDARSampleDataListener::onDecodingError(int, _u8, const void*, size_t)\x1b[m\x1b[K\xe2\x80\x99:\n'}
[26.235400] (sllidar_ros2) StderrLine: {'line': b'\x1b[01m\x1b[K/home/arno/RoombaV2Onboard/src/sllidar_ros2/sdk/src/dataunpacker/unpacker/../dataunpacker.h:56:42:\x1b[m\x1b[K \x1b[01;35m\x1b[Kwarning: \x1b[m\x1b[Kunused parameter \xe2\x80\x98\x1b[01m\x1b[KerrMsg\x1b[m\x1b[K\xe2\x80\x99 [\x1b[01;35m\x1b[K\x1b]8;;https://gcc.gnu.org/onlinedocs/gcc/Warning-Options.html#index-Wunused-parameter\x07-Wunused-parameter\x1b]8;;\x07\x1b[m\x1b[K]\n'}
[26.236143] (sllidar_ros2) StderrLine: {'line': b'   56 |         virtual void onDecodingError(\x1b[01;35m\x1b[Kint errMsg\x1b[m\x1b[K, _u8 ansType, const void* payload, size_t size) {}\n'}
[26.236865] (sllidar_ros2) StderrLine: {'line': b'      |                                      \x1b[01;35m\x1b[K~~~~^~~~~~\x1b[m\x1b[K\n'}
[26.237597] (sllidar_ros2) StderrLine: {'line': b'\x1b[01m\x1b[K/home/arno/RoombaV2Onboard/src/sllidar_ros2/sdk/src/dataunpacker/unpacker/../dataunpacker.h:56:54:\x1b[m\x1b[K \x1b[01;35m\x1b[Kwarning: \x1b[m\x1b[Kunused parameter \xe2\x80\x98\x1b[01m\x1b[KansType\x1b[m\x1b[K\xe2\x80\x99 [\x1b[01;35m\x1b[K\x1b]8;;https://gcc.gnu.org/onlinedocs/gcc/Warning-Options.html#index-Wunused-parameter\x07-Wunused-parameter\x1b]8;;\x07\x1b[m\x1b[K]\n'}
[26.238350] (sllidar_ros2) StderrLine: {'line': b'   56 |         virtual void onDecodingError(int errMsg, \x1b[01;35m\x1b[K_u8 ansType\x1b[m\x1b[K, const void* payload, size_t size) {}\n'}
[26.239059] (sllidar_ros2) StderrLine: {'line': b'      |                                                  \x1b[01;35m\x1b[K~~~~^~~~~~~\x1b[m\x1b[K\n'}
[26.239767] (sllidar_ros2) StderrLine: {'line': b'\x1b[01m\x1b[K/home/arno/RoombaV2Onboard/src/sllidar_ros2/sdk/src/dataunpacker/unpacker/../dataunpacker.h:56:75:\x1b[m\x1b[K \x1b[01;35m\x1b[Kwarning: \x1b[m\x1b[Kunused parameter \xe2\x80\x98\x1b[01m\x1b[Kpayload\x1b[m\x1b[K\xe2\x80\x99 [\x1b[01;35m\x1b[K\x1b]8;;https://gcc.gnu.org/onlinedocs/gcc/Warning-Options.html#index-Wunused-parameter\x07-Wunused-parameter\x1b]8;;\x07\x1b[m\x1b[K]\n'}
[26.240477] (sllidar_ros2) StderrLine: {'line': b'   56 |         virtual void onDecodingError(int errMsg, _u8 ansType, \x1b[01;35m\x1b[Kconst void* payload\x1b[m\x1b[K, size_t size) {}\n'}
[26.241277] (sllidar_ros2) StderrLine: {'line': b'      |                                                               \x1b[01;35m\x1b[K~~~~~~~~~~~~^~~~~~~\x1b[m\x1b[K\n'}
[26.242012] (sllidar_ros2) StderrLine: {'line': b'\x1b[01m\x1b[K/home/arno/RoombaV2Onboard/src/sllidar_ros2/sdk/src/dataunpacker/unpacker/../dataunpacker.h:56:91:\x1b[m\x1b[K \x1b[01;35m\x1b[Kwarning: \x1b[m\x1b[Kunused parameter \xe2\x80\x98\x1b[01m\x1b[Ksize\x1b[m\x1b[K\xe2\x80\x99 [\x1b[01;35m\x1b[K\x1b]8;;https://gcc.gnu.org/onlinedocs/gcc/Warning-Options.html#index-Wunused-parameter\x07-Wunused-parameter\x1b]8;;\x07\x1b[m\x1b[K]\n'}
[26.242748] (sllidar_ros2) StderrLine: {'line': b'   56 |         virtual void onDecodingError(int errMsg, _u8 ansType, const void* payload, \x1b[01;35m\x1b[Ksize_t size\x1b[m\x1b[K) {}\n'}
[26.243452] (sllidar_ros2) StderrLine: {'line': b'      |                                                                                    \x1b[01;35m\x1b[K~~~~~~~^~~~\x1b[m\x1b[K\n'}
[26.292139] (-) TimerEvent: {}
[26.393521] (-) TimerEvent: {}
[26.494528] (-) TimerEvent: {}
[26.595553] (-) TimerEvent: {}
[26.696776] (-) TimerEvent: {}
[26.797961] (-) TimerEvent: {}
[26.856560] (sllidar_ros2) StdoutLine: {'line': b'[ 55%] \x1b[32mBuilding CXX object CMakeFiles/sllidar_node.dir/sdk/src/rplidar_driver.cpp.o\x1b[0m\n'}
[26.898247] (-) TimerEvent: {}
[26.999200] (-) TimerEvent: {}
[27.100112] (-) TimerEvent: {}
[27.200969] (-) TimerEvent: {}
[27.301868] (-) TimerEvent: {}
[27.315288] (sllidar_ros2) StderrLine: {'line': b'In file included from \x1b[01m\x1b[K/home/arno/RoombaV2Onboard/src/sllidar_ros2/./sdk/include/rplidar_protocol.h:36\x1b[m\x1b[K,\n'}
[27.317307] (sllidar_ros2) StderrLine: {'line': b'                 from \x1b[01m\x1b[K/home/arno/RoombaV2Onboard/src/sllidar_ros2/./sdk/include/rplidar.h:39\x1b[m\x1b[K,\n'}
[27.318527] (sllidar_ros2) StderrLine: {'line': b'                 from \x1b[01m\x1b[K/home/arno/RoombaV2Onboard/src/sllidar_ros2/./sdk/src/sdkcommon.h:49\x1b[m\x1b[K,\n'}
[27.319697] (sllidar_ros2) StderrLine: {'line': b'                 from \x1b[01m\x1b[K/home/arno/RoombaV2Onboard/src/sllidar_ros2/sdk/src/hal/thread.cpp:35\x1b[m\x1b[K:\n'}
[27.320853] (sllidar_ros2) StderrLine: {'line': b'\x1b[01m\x1b[K/home/arno/RoombaV2Onboard/src/sllidar_ros2/./sdk/include/sl_lidar_protocol.h:66:16:\x1b[m\x1b[K \x1b[01;35m\x1b[Kwarning: \x1b[m\x1b[KISO C++ forbids zero-size array \xe2\x80\x98\x1b[01m\x1b[Kdata\x1b[m\x1b[K\xe2\x80\x99 [\x1b[01;35m\x1b[K\x1b]8;;https://gcc.gnu.org/onlinedocs/gcc/Warning-Options.html#index-Wpedantic\x07-Wpedantic\x1b]8;;\x07\x1b[m\x1b[K]\n'}
[27.322240] (sllidar_ros2) StderrLine: {'line': b'   66 |     sl_u8 data[\x1b[01;35m\x1b[K0\x1b[m\x1b[K];\n'}
[27.323464] (sllidar_ros2) StderrLine: {'line': b'      |                \x1b[01;35m\x1b[K^\x1b[m\x1b[K\n'}
[27.327204] (sllidar_ros2) StderrLine: {'line': b'In file included from \x1b[01m\x1b[K/home/arno/RoombaV2Onboard/src/sllidar_ros2/./sdk/include/rplidar_cmd.h:36\x1b[m\x1b[K,\n'}
[27.328702] (sllidar_ros2) StderrLine: {'line': b'                 from \x1b[01m\x1b[K/home/arno/RoombaV2Onboard/src/sllidar_ros2/./sdk/include/rplidar.h:40\x1b[m\x1b[K,\n'}
[27.330138] (sllidar_ros2) StderrLine: {'line': b'                 from \x1b[01m\x1b[K/home/arno/RoombaV2Onboard/src/sllidar_ros2/./sdk/src/sdkcommon.h:49\x1b[m\x1b[K,\n'}
[27.331599] (sllidar_ros2) StderrLine: {'line': b'                 from \x1b[01m\x1b[K/home/arno/RoombaV2Onboard/src/sllidar_ros2/sdk/src/hal/thread.cpp:35\x1b[m\x1b[K:\n'}
[27.333145] (sllidar_ros2) StderrLine: {'line': b'\x1b[01m\x1b[K/home/arno/RoombaV2Onboard/src/sllidar_ros2/./sdk/include/sl_lidar_cmd.h:324:20:\x1b[m\x1b[K \x1b[01;35m\x1b[Kwarning: \x1b[m\x1b[KISO C++ forbids zero-size array \xe2\x80\x98\x1b[01m\x1b[Kpayload\x1b[m\x1b[K\xe2\x80\x99 [\x1b[01;35m\x1b[K\x1b]8;;https://gcc.gnu.org/onlinedocs/gcc/Warning-Options.html#index-Wpedantic\x07-Wpedantic\x1b]8;;\x07\x1b[m\x1b[K]\n'}
[27.334673] (sllidar_ros2) StderrLine: {'line': b'  324 |     sl_u8  payload[\x1b[01;35m\x1b[K0\x1b[m\x1b[K];\n'}
[27.348967] (sllidar_ros2) StderrLine: {'line': b'      |                    \x1b[01;35m\x1b[K^\x1b[m\x1b[K\n'}
[27.402116] (-) TimerEvent: {}
[27.503351] (-) TimerEvent: {}
[27.586893] (sllidar_ros2) StderrLine: {'line': b'In file included from \x1b[01m\x1b[K/home/arno/RoombaV2Onboard/src/sllidar_ros2/sdk/src/hal/thread.cpp:43\x1b[m\x1b[K:\n'}
[27.588379] (sllidar_ros2) StderrLine: {'line': b'\x1b[01m\x1b[K/home/arno/RoombaV2Onboard/src/sllidar_ros2/./sdk/src/arch/linux/thread.hpp:\x1b[m\x1b[K In static member function \xe2\x80\x98\x1b[01m\x1b[Kstatic rp::hal::Thread rp::hal::Thread::create(thread_proc_t, void*)\x1b[m\x1b[K\xe2\x80\x99:\n'}
[27.589682] (sllidar_ros2) StderrLine: {'line': b'\x1b[01m\x1b[K/home/arno/RoombaV2Onboard/src/sllidar_ros2/./sdk/src/arch/linux/thread.hpp:52:57:\x1b[m\x1b[K \x1b[01;35m\x1b[Kwarning: \x1b[m\x1b[Kcast between incompatible function types from \xe2\x80\x98\x1b[01m\x1b[Kthread_proc_t\x1b[m\x1b[K\xe2\x80\x99 {aka \xe2\x80\x98\x1b[01m\x1b[Klong unsigned int (*)(void*)\x1b[m\x1b[K\xe2\x80\x99} to \xe2\x80\x98\x1b[01m\x1b[Kvoid* (*)(void*)\x1b[m\x1b[K\xe2\x80\x99 [\x1b[01;35m\x1b[K\x1b]8;;https://gcc.gnu.org/onlinedocs/gcc/Warning-Options.html#index-Wcast-function-type\x07-Wcast-function-type\x1b]8;;\x07\x1b[m\x1b[K]\n'}
[27.590812] (sllidar_ros2) StderrLine: {'line': b'   52 |     pthread_create((pthread_t *)&newborn._handle, NULL, \x1b[01;35m\x1b[K(void * (*)(void *))proc\x1b[m\x1b[K, data);\n'}
[27.591945] (sllidar_ros2) StderrLine: {'line': b'      |                                                         \x1b[01;35m\x1b[K^~~~~~~~~~~~~~~~~~~~~~~~\x1b[m\x1b[K\n'}
[27.597368] (sllidar_ros2) StderrLine: {'line': b'\x1b[01m\x1b[K/home/arno/RoombaV2Onboard/src/sllidar_ros2/./sdk/src/arch/linux/thread.hpp:\x1b[m\x1b[K In member function \xe2\x80\x98\x1b[01m\x1b[Ku_result rp::hal::Thread::join(long unsigned int)\x1b[m\x1b[K\xe2\x80\x99:\n'}
[27.598955] (sllidar_ros2) StderrLine: {'line': b'\x1b[01m\x1b[K/home/arno/RoombaV2Onboard/src/sllidar_ros2/./sdk/src/arch/linux/thread.hpp:176:37:\x1b[m\x1b[K \x1b[01;35m\x1b[Kwarning: \x1b[m\x1b[Kunused parameter \xe2\x80\x98\x1b[01m\x1b[Ktimeout\x1b[m\x1b[K\xe2\x80\x99 [\x1b[01;35m\x1b[K\x1b]8;;https://gcc.gnu.org/onlinedocs/gcc/Warning-Options.html#index-Wunused-parameter\x07-Wunused-parameter\x1b]8;;\x07\x1b[m\x1b[K]\n'}
[27.600480] (sllidar_ros2) StderrLine: {'line': b'  176 | u_result Thread::join(\x1b[01;35m\x1b[Kunsigned long timeout\x1b[m\x1b[K)\n'}
[27.602057] (sllidar_ros2) StderrLine: {'line': b'      |                       \x1b[01;35m\x1b[K~~~~~~~~~~~~~~^~~~~~~\x1b[m\x1b[K\n'}
[27.603521] (-) TimerEvent: {}
[27.704610] (-) TimerEvent: {}
[27.806119] (-) TimerEvent: {}
[27.907714] (-) TimerEvent: {}
[28.009577] (-) TimerEvent: {}
[28.071793] (sllidar_ros2) StdoutLine: {'line': b'[ 60%] \x1b[32mBuilding CXX object CMakeFiles/sllidar_node.dir/sdk/src/sl_async_transceiver.cpp.o\x1b[0m\n'}
[28.109845] (-) TimerEvent: {}
[28.211447] (-) TimerEvent: {}
[28.313778] (-) TimerEvent: {}
[28.414853] (-) TimerEvent: {}
[28.516015] (-) TimerEvent: {}
[28.616974] (-) TimerEvent: {}
[28.718081] (-) TimerEvent: {}
[28.819043] (-) TimerEvent: {}
[28.920032] (-) TimerEvent: {}
[29.022121] (-) TimerEvent: {}
[29.124417] (-) TimerEvent: {}
[29.224584] (sllidar_ros2) StderrLine: {'line': b'In file included from \x1b[01m\x1b[K/home/arno/RoombaV2Onboard/src/sllidar_ros2/./sdk/include/rplidar_protocol.h:36\x1b[m\x1b[K,\n'}
[29.226117] (-) TimerEvent: {}
[29.226735] (sllidar_ros2) StderrLine: {'line': b'                 from \x1b[01m\x1b[K/home/arno/RoombaV2Onboard/src/sllidar_ros2/./sdk/include/rplidar.h:39\x1b[m\x1b[K,\n'}
[29.227486] (sllidar_ros2) StderrLine: {'line': b'                 from \x1b[01m\x1b[K/home/arno/RoombaV2Onboard/src/sllidar_ros2/sdk/src/sdkcommon.h:49\x1b[m\x1b[K,\n'}
[29.228266] (sllidar_ros2) StderrLine: {'line': b'                 from \x1b[01m\x1b[K/home/arno/RoombaV2Onboard/src/sllidar_ros2/sdk/src/rplidar_driver.cpp:33\x1b[m\x1b[K:\n'}
[29.228964] (sllidar_ros2) StderrLine: {'line': b'\x1b[01m\x1b[K/home/arno/RoombaV2Onboard/src/sllidar_ros2/./sdk/include/sl_lidar_protocol.h:66:16:\x1b[m\x1b[K \x1b[01;35m\x1b[Kwarning: \x1b[m\x1b[KISO C++ forbids zero-size array \xe2\x80\x98\x1b[01m\x1b[Kdata\x1b[m\x1b[K\xe2\x80\x99 [\x1b[01;35m\x1b[K\x1b]8;;https://gcc.gnu.org/onlinedocs/gcc/Warning-Options.html#index-Wpedantic\x07-Wpedantic\x1b]8;;\x07\x1b[m\x1b[K]\n'}
[29.229730] (sllidar_ros2) StderrLine: {'line': b'   66 |     sl_u8 data[\x1b[01;35m\x1b[K0\x1b[m\x1b[K];\n'}
[29.230526] (sllidar_ros2) StderrLine: {'line': b'      |                \x1b[01;35m\x1b[K^\x1b[m\x1b[K\n'}
[29.240895] (sllidar_ros2) StderrLine: {'line': b'In file included from \x1b[01m\x1b[K/home/arno/RoombaV2Onboard/src/sllidar_ros2/./sdk/include/rplidar_cmd.h:36\x1b[m\x1b[K,\n'}
[29.242242] (sllidar_ros2) StderrLine: {'line': b'                 from \x1b[01m\x1b[K/home/arno/RoombaV2Onboard/src/sllidar_ros2/./sdk/include/rplidar.h:40\x1b[m\x1b[K,\n'}
[29.243329] (sllidar_ros2) StderrLine: {'line': b'                 from \x1b[01m\x1b[K/home/arno/RoombaV2Onboard/src/sllidar_ros2/sdk/src/sdkcommon.h:49\x1b[m\x1b[K,\n'}
[29.244408] (sllidar_ros2) StderrLine: {'line': b'                 from \x1b[01m\x1b[K/home/arno/RoombaV2Onboard/src/sllidar_ros2/sdk/src/rplidar_driver.cpp:33\x1b[m\x1b[K:\n'}
[29.245377] (sllidar_ros2) StderrLine: {'line': b'\x1b[01m\x1b[K/home/arno/RoombaV2Onboard/src/sllidar_ros2/./sdk/include/sl_lidar_cmd.h:324:20:\x1b[m\x1b[K \x1b[01;35m\x1b[Kwarning: \x1b[m\x1b[KISO C++ forbids zero-size array \xe2\x80\x98\x1b[01m\x1b[Kpayload\x1b[m\x1b[K\xe2\x80\x99 [\x1b[01;35m\x1b[K\x1b]8;;https://gcc.gnu.org/onlinedocs/gcc/Warning-Options.html#index-Wpedantic\x07-Wpedantic\x1b]8;;\x07\x1b[m\x1b[K]\n'}
[29.246344] (sllidar_ros2) StderrLine: {'line': b'  324 |     sl_u8  payload[\x1b[01;35m\x1b[K0\x1b[m\x1b[K];\n'}
[29.247369] (sllidar_ros2) StderrLine: {'line': b'      |                    \x1b[01;35m\x1b[K^\x1b[m\x1b[K\n'}
[29.326410] (-) TimerEvent: {}
[29.427439] (-) TimerEvent: {}
[29.529730] (-) TimerEvent: {}
[29.631664] (-) TimerEvent: {}
[29.733624] (-) TimerEvent: {}
[29.835427] (-) TimerEvent: {}
[29.937052] (-) TimerEvent: {}
[30.039171] (-) TimerEvent: {}
[30.057286] (sllidar_ros2) StderrLine: {'line': b'\x1b[01m\x1b[K/home/arno/RoombaV2Onboard/src/sllidar_ros2/sdk/src/rplidar_driver.cpp:\x1b[m\x1b[K In member function \xe2\x80\x98\x1b[01m\x1b[Ku_result rp::standalone::rplidar::RPlidarDriver::connect(const char*, _u32, _u32)\x1b[m\x1b[K\xe2\x80\x99:\n'}
[30.058706] (sllidar_ros2) StderrLine: {'line': b'\x1b[01m\x1b[K/home/arno/RoombaV2Onboard/src/sllidar_ros2/sdk/src/rplidar_driver.cpp:67:77:\x1b[m\x1b[K \x1b[01;35m\x1b[Kwarning: \x1b[m\x1b[Kunused parameter \xe2\x80\x98\x1b[01m\x1b[Kflag\x1b[m\x1b[K\xe2\x80\x99 [\x1b[01;35m\x1b[K\x1b]8;;https://gcc.gnu.org/onlinedocs/gcc/Warning-Options.html#index-Wunused-parameter\x07-Wunused-parameter\x1b]8;;\x07\x1b[m\x1b[K]\n'}
[30.059670] (sllidar_ros2) StderrLine: {'line': b'   67 |     u_result RPlidarDriver::connect(const char *path, _u32 portOrBaud, \x1b[01;35m\x1b[K_u32 flag\x1b[m\x1b[K)\n'}
[30.061032] (sllidar_ros2) StderrLine: {'line': b'      |                                                                        \x1b[01;35m\x1b[K~~~~~^~~~\x1b[m\x1b[K\n'}
[30.062006] (sllidar_ros2) StderrLine: {'line': b'\x1b[01m\x1b[K/home/arno/RoombaV2Onboard/src/sllidar_ros2/sdk/src/rplidar_driver.cpp:\x1b[m\x1b[K In member function \xe2\x80\x98\x1b[01m\x1b[Ku_result rp::standalone::rplidar::RPlidarDriver::reset(_u32)\x1b[m\x1b[K\xe2\x80\x99:\n'}
[30.062856] (sllidar_ros2) StderrLine: {'line': b'\x1b[01m\x1b[K/home/arno/RoombaV2Onboard/src/sllidar_ros2/sdk/src/rplidar_driver.cpp:101:40:\x1b[m\x1b[K \x1b[01;35m\x1b[Kwarning: \x1b[m\x1b[Kunused parameter \xe2\x80\x98\x1b[01m\x1b[Ktimeout\x1b[m\x1b[K\xe2\x80\x99 [\x1b[01;35m\x1b[K\x1b]8;;https://gcc.gnu.org/onlinedocs/gcc/Warning-Options.html#index-Wunused-parameter\x07-Wunused-parameter\x1b]8;;\x07\x1b[m\x1b[K]\n'}
[30.063708] (sllidar_ros2) StderrLine: {'line': b'  101 |     u_result RPlidarDriver::reset(\x1b[01;35m\x1b[K_u32 timeout\x1b[m\x1b[K)\n'}
[30.064642] (sllidar_ros2) StderrLine: {'line': b'      |                                   \x1b[01;35m\x1b[K~~~~~^~~~~~~\x1b[m\x1b[K\n'}
[30.068419] (sllidar_ros2) StderrLine: {'line': b'\x1b[01m\x1b[K/home/arno/RoombaV2Onboard/src/sllidar_ros2/sdk/src/rplidar_driver.cpp:\x1b[m\x1b[K In member function \xe2\x80\x98\x1b[01m\x1b[Ku_result rp::standalone::rplidar::RPlidarDriver::getScanDataWithInterval(rplidar_response_measurement_node_t*, size_t&)\x1b[m\x1b[K\xe2\x80\x99:\n'}
[30.077062] (sllidar_ros2) StderrLine: {'line': b'\x1b[01m\x1b[K/home/arno/RoombaV2Onboard/src/sllidar_ros2/sdk/src/rplidar_driver.cpp:180:91:\x1b[m\x1b[K \x1b[01;35m\x1b[Kwarning: \x1b[m\x1b[Kunused parameter \xe2\x80\x98\x1b[01m\x1b[Knodebuffer\x1b[m\x1b[K\xe2\x80\x99 [\x1b[01;35m\x1b[K\x1b]8;;https://gcc.gnu.org/onlinedocs/gcc/Warning-Options.html#index-Wunused-parameter\x07-Wunused-parameter\x1b]8;;\x07\x1b[m\x1b[K]\n'}
[30.077948] (sllidar_ros2) StderrLine: {'line': b'  180 |     u_result RPlidarDriver::getScanDataWithInterval(\x1b[01;35m\x1b[Krplidar_response_measurement_node_t * nodebuffer\x1b[m\x1b[K, size_t & count)\n'}
[30.078735] (sllidar_ros2) StderrLine: {'line': b'      |                                                     \x1b[01;35m\x1b[K~~~~~~~~~~~~~~~~~~~~~~~~~~~~~~~~~~~~~~^~~~~~~~~~\x1b[m\x1b[K\n'}
[30.079561] (sllidar_ros2) StderrLine: {'line': b'\x1b[01m\x1b[K/home/arno/RoombaV2Onboard/src/sllidar_ros2/sdk/src/rplidar_driver.cpp:180:112:\x1b[m\x1b[K \x1b[01;35m\x1b[Kwarning: \x1b[m\x1b[Kunused parameter \xe2\x80\x98\x1b[01m\x1b[Kcount\x1b[m\x1b[K\xe2\x80\x99 [\x1b[01;35m\x1b[K\x1b]8;;https://gcc.gnu.org/onlinedocs/gcc/Warning-Options.html#index-Wunused-parameter\x07-Wunused-parameter\x1b]8;;\x07\x1b[m\x1b[K]\n'}
[30.080403] (sllidar_ros2) StderrLine: {'line': b'  180 |     u_result RPlidarDriver::getScanDataWithInterval(rplidar_response_measurement_node_t * nodebuffer, \x1b[01;35m\x1b[Ksize_t & count\x1b[m\x1b[K)\n'}
[30.081302] (sllidar_ros2) StderrLine: {'line': b'      |                                                                                                       \x1b[01;35m\x1b[K~~~~~~~~~^~~~~\x1b[m\x1b[K\n'}
[30.139424] (-) TimerEvent: {}
[30.240381] (-) TimerEvent: {}
[30.341462] (-) TimerEvent: {}
[30.442452] (-) TimerEvent: {}
[30.543504] (-) TimerEvent: {}
[30.644473] (-) TimerEvent: {}
[30.663509] (sllidar_ros2) StdoutLine: {'line': b'[ 65%] \x1b[32mBuilding CXX object CMakeFiles/sllidar_node.dir/sdk/src/sl_crc.cpp.o\x1b[0m\n'}
[30.676142] (sllidar_ros2) StderrLine: {'line': b'In file included from \x1b[01m\x1b[K/home/arno/RoombaV2Onboard/src/sllidar_ros2/./sdk/include/rplidar_protocol.h:36\x1b[m\x1b[K,\n'}
[30.677609] (sllidar_ros2) StderrLine: {'line': b'                 from \x1b[01m\x1b[K/home/arno/RoombaV2Onboard/src/sllidar_ros2/./sdk/include/rplidar.h:39\x1b[m\x1b[K,\n'}
[30.678855] (sllidar_ros2) StderrLine: {'line': b'                 from \x1b[01m\x1b[K/home/arno/RoombaV2Onboard/src/sllidar_ros2/sdk/src/sdkcommon.h:49\x1b[m\x1b[K,\n'}
[30.680532] (sllidar_ros2) StderrLine: {'line': b'                 from \x1b[01m\x1b[K/home/arno/RoombaV2Onboard/src/sllidar_ros2/sdk/src/sl_async_transceiver.cpp:35\x1b[m\x1b[K:\n'}
[30.681876] (sllidar_ros2) StderrLine: {'line': b'\x1b[01m\x1b[K/home/arno/RoombaV2Onboard/src/sllidar_ros2/./sdk/include/sl_lidar_protocol.h:66:16:\x1b[m\x1b[K \x1b[01;35m\x1b[Kwarning: \x1b[m\x1b[KISO C++ forbids zero-size array \xe2\x80\x98\x1b[01m\x1b[Kdata\x1b[m\x1b[K\xe2\x80\x99 [\x1b[01;35m\x1b[K\x1b]8;;https://gcc.gnu.org/onlinedocs/gcc/Warning-Options.html#index-Wpedantic\x07-Wpedantic\x1b]8;;\x07\x1b[m\x1b[K]\n'}
[30.683639] (sllidar_ros2) StderrLine: {'line': b'   66 |     sl_u8 data[\x1b[01;35m\x1b[K0\x1b[m\x1b[K];\n'}
[30.685185] (sllidar_ros2) StderrLine: {'line': b'      |                \x1b[01;35m\x1b[K^\x1b[m\x1b[K\n'}
[30.686483] (sllidar_ros2) StderrLine: {'line': b'In file included from \x1b[01m\x1b[K/home/arno/RoombaV2Onboard/src/sllidar_ros2/./sdk/include/rplidar_cmd.h:36\x1b[m\x1b[K,\n'}
[30.687790] (sllidar_ros2) StderrLine: {'line': b'                 from \x1b[01m\x1b[K/home/arno/RoombaV2Onboard/src/sllidar_ros2/./sdk/include/rplidar.h:40\x1b[m\x1b[K,\n'}
[30.692491] (sllidar_ros2) StderrLine: {'line': b'                 from \x1b[01m\x1b[K/home/arno/RoombaV2Onboard/src/sllidar_ros2/sdk/src/sdkcommon.h:49\x1b[m\x1b[K,\n'}
[30.694160] (sllidar_ros2) StderrLine: {'line': b'                 from \x1b[01m\x1b[K/home/arno/RoombaV2Onboard/src/sllidar_ros2/sdk/src/sl_async_transceiver.cpp:35\x1b[m\x1b[K:\n'}
[30.695485] (sllidar_ros2) StderrLine: {'line': b'\x1b[01m\x1b[K/home/arno/RoombaV2Onboard/src/sllidar_ros2/./sdk/include/sl_lidar_cmd.h:324:20:\x1b[m\x1b[K \x1b[01;35m\x1b[Kwarning: \x1b[m\x1b[KISO C++ forbids zero-size array \xe2\x80\x98\x1b[01m\x1b[Kpayload\x1b[m\x1b[K\xe2\x80\x99 [\x1b[01;35m\x1b[K\x1b]8;;https://gcc.gnu.org/onlinedocs/gcc/Warning-Options.html#index-Wpedantic\x07-Wpedantic\x1b]8;;\x07\x1b[m\x1b[K]\n'}
[30.697035] (sllidar_ros2) StderrLine: {'line': b'  324 |     sl_u8  payload[\x1b[01;35m\x1b[K0\x1b[m\x1b[K];\n'}
[30.698493] (sllidar_ros2) StderrLine: {'line': b'      |                    \x1b[01;35m\x1b[K^\x1b[m\x1b[K\n'}
[30.744751] (-) TimerEvent: {}
[30.822016] (sllidar_ros2) StderrLine: {'line': b'In file included from \x1b[01m\x1b[K/home/arno/RoombaV2Onboard/src/sllidar_ros2/./sdk/include/sl_lidar_cmd.h:41\x1b[m\x1b[K,\n'}
[30.824394] (sllidar_ros2) StderrLine: {'line': b'                 from \x1b[01m\x1b[K/home/arno/RoombaV2Onboard/src/sllidar_ros2/./sdk/include/sl_crc.h:36\x1b[m\x1b[K,\n'}
[30.826364] (sllidar_ros2) StderrLine: {'line': b'                 from \x1b[01m\x1b[K/home/arno/RoombaV2Onboard/src/sllidar_ros2/sdk/src/sl_crc.cpp:33\x1b[m\x1b[K:\n'}
[30.828445] (sllidar_ros2) StderrLine: {'line': b'\x1b[01m\x1b[K/home/arno/RoombaV2Onboard/src/sllidar_ros2/./sdk/include/sl_lidar_protocol.h:66:16:\x1b[m\x1b[K \x1b[01;35m\x1b[Kwarning: \x1b[m\x1b[KISO C++ forbids zero-size array \xe2\x80\x98\x1b[01m\x1b[Kdata\x1b[m\x1b[K\xe2\x80\x99 [\x1b[01;35m\x1b[K\x1b]8;;https://gcc.gnu.org/onlinedocs/gcc/Warning-Options.html#index-Wpedantic\x07-Wpedantic\x1b]8;;\x07\x1b[m\x1b[K]\n'}
[30.830899] (sllidar_ros2) StderrLine: {'line': b'   66 |     sl_u8 data[\x1b[01;35m\x1b[K0\x1b[m\x1b[K];\n'}
[30.833086] (sllidar_ros2) StderrLine: {'line': b'      |                \x1b[01;35m\x1b[K^\x1b[m\x1b[K\n'}
[30.837549] (sllidar_ros2) StderrLine: {'line': b'In file included from \x1b[01m\x1b[K/home/arno/RoombaV2Onboard/src/sllidar_ros2/./sdk/include/sl_crc.h:36\x1b[m\x1b[K,\n'}
[30.839393] (sllidar_ros2) StderrLine: {'line': b'                 from \x1b[01m\x1b[K/home/arno/RoombaV2Onboard/src/sllidar_ros2/sdk/src/sl_crc.cpp:33\x1b[m\x1b[K:\n'}
[30.841234] (sllidar_ros2) StderrLine: {'line': b'\x1b[01m\x1b[K/home/arno/RoombaV2Onboard/src/sllidar_ros2/./sdk/include/sl_lidar_cmd.h:324:20:\x1b[m\x1b[K \x1b[01;35m\x1b[Kwarning: \x1b[m\x1b[KISO C++ forbids zero-size array \xe2\x80\x98\x1b[01m\x1b[Kpayload\x1b[m\x1b[K\xe2\x80\x99 [\x1b[01;35m\x1b[K\x1b]8;;https://gcc.gnu.org/onlinedocs/gcc/Warning-Options.html#index-Wpedantic\x07-Wpedantic\x1b]8;;\x07\x1b[m\x1b[K]\n'}
[30.843426] (sllidar_ros2) StderrLine: {'line': b'  324 |     sl_u8  payload[\x1b[01;35m\x1b[K0\x1b[m\x1b[K];\n'}
[30.857135] (-) TimerEvent: {}
[30.858420] (sllidar_ros2) StderrLine: {'line': b'      |                    \x1b[01;35m\x1b[K^\x1b[m\x1b[K\n'}
[30.946712] (sllidar_ros2) StdoutLine: {'line': b'[ 70%] \x1b[32mBuilding CXX object CMakeFiles/sllidar_node.dir/sdk/src/sl_lidar_driver.cpp.o\x1b[0m\n'}
[30.957376] (-) TimerEvent: {}
[31.058620] (-) TimerEvent: {}
[31.160087] (-) TimerEvent: {}
[31.261562] (-) TimerEvent: {}
[31.300958] (sllidar_ros2) StderrLine: {'line': b'In file included from \x1b[01m\x1b[K/home/arno/RoombaV2Onboard/src/sllidar_ros2/sdk/src/sl_async_transceiver.cpp:44\x1b[m\x1b[K:\n'}
[31.302913] (sllidar_ros2) StderrLine: {'line': b'\x1b[01m\x1b[K/home/arno/RoombaV2Onboard/src/sllidar_ros2/sdk/src/sl_async_transceiver.h:\x1b[m\x1b[K In member function \xe2\x80\x98\x1b[01m\x1b[Kvirtual void sl::internal::IAsyncProtocolCodec::onChannelError(u_result)\x1b[m\x1b[K\xe2\x80\x99:\n'}
[31.304817] (sllidar_ros2) StderrLine: {'line': b'\x1b[01m\x1b[K/home/arno/RoombaV2Onboard/src/sllidar_ros2/sdk/src/sl_async_transceiver.h:90:48:\x1b[m\x1b[K \x1b[01;35m\x1b[Kwarning: \x1b[m\x1b[Kunused parameter \xe2\x80\x98\x1b[01m\x1b[KerrCode\x1b[m\x1b[K\xe2\x80\x99 [\x1b[01;35m\x1b[K\x1b]8;;https://gcc.gnu.org/onlinedocs/gcc/Warning-Options.html#index-Wunused-parameter\x07-Wunused-parameter\x1b]8;;\x07\x1b[m\x1b[K]\n'}
[31.306522] (sllidar_ros2) StderrLine: {'line': b'   90 |         virtual void   onChannelError(\x1b[01;35m\x1b[Ku_result errCode\x1b[m\x1b[K) {}\n'}
[31.308228] (sllidar_ros2) StderrLine: {'line': b'      |                                       \x1b[01;35m\x1b[K~~~~~~~~~^~~~~~~\x1b[m\x1b[K\n'}
[31.361807] (-) TimerEvent: {}
[31.463083] (-) TimerEvent: {}
[31.564944] (-) TimerEvent: {}
[31.666539] (-) TimerEvent: {}
[31.768605] (-) TimerEvent: {}
[31.870057] (-) TimerEvent: {}
[31.971667] (-) TimerEvent: {}
[32.073219] (-) TimerEvent: {}
[32.165793] (sllidar_ros2) StdoutLine: {'line': b'[ 75%] \x1b[32mBuilding CXX object CMakeFiles/sllidar_node.dir/sdk/src/sl_lidarprotocol_codec.cpp.o\x1b[0m\n'}
[32.173488] (-) TimerEvent: {}
[32.274954] (-) TimerEvent: {}
[32.377153] (-) TimerEvent: {}
[32.478956] (-) TimerEvent: {}
[32.581044] (-) TimerEvent: {}
[32.682598] (-) TimerEvent: {}
[32.783782] (-) TimerEvent: {}
[32.885017] (-) TimerEvent: {}
[32.986060] (-) TimerEvent: {}
[33.087196] (-) TimerEvent: {}
[33.188382] (-) TimerEvent: {}
[33.289781] (-) TimerEvent: {}
[33.391063] (-) TimerEvent: {}
[33.492199] (-) TimerEvent: {}
[33.593396] (-) TimerEvent: {}
[33.663726] (sllidar_ros2) StderrLine: {'line': b'In file included from \x1b[01m\x1b[K/home/arno/RoombaV2Onboard/src/sllidar_ros2/./sdk/include/rplidar_protocol.h:36\x1b[m\x1b[K,\n'}
[33.665364] (sllidar_ros2) StderrLine: {'line': b'                 from \x1b[01m\x1b[K/home/arno/RoombaV2Onboard/src/sllidar_ros2/./sdk/include/rplidar.h:39\x1b[m\x1b[K,\n'}
[33.666771] (sllidar_ros2) StderrLine: {'line': b'                 from \x1b[01m\x1b[K/home/arno/RoombaV2Onboard/src/sllidar_ros2/sdk/src/sdkcommon.h:49\x1b[m\x1b[K,\n'}
[33.668405] (sllidar_ros2) StderrLine: {'line': b'                 from \x1b[01m\x1b[K/home/arno/RoombaV2Onboard/src/sllidar_ros2/sdk/src/sl_lidar_driver.cpp:33\x1b[m\x1b[K:\n'}
[33.669953] (sllidar_ros2) StderrLine: {'line': b'\x1b[01m\x1b[K/home/arno/RoombaV2Onboard/src/sllidar_ros2/./sdk/include/sl_lidar_protocol.h:66:16:\x1b[m\x1b[K \x1b[01;35m\x1b[Kwarning: \x1b[m\x1b[KISO C++ forbids zero-size array \xe2\x80\x98\x1b[01m\x1b[Kdata\x1b[m\x1b[K\xe2\x80\x99 [\x1b[01;35m\x1b[K\x1b]8;;https://gcc.gnu.org/onlinedocs/gcc/Warning-Options.html#index-Wpedantic\x07-Wpedantic\x1b]8;;\x07\x1b[m\x1b[K]\n'}
[33.671424] (sllidar_ros2) StderrLine: {'line': b'   66 |     sl_u8 data[\x1b[01;35m\x1b[K0\x1b[m\x1b[K];\n'}
[33.672873] (sllidar_ros2) StderrLine: {'line': b'      |                \x1b[01;35m\x1b[K^\x1b[m\x1b[K\n'}
[33.676711] (sllidar_ros2) StderrLine: {'line': b'In file included from \x1b[01m\x1b[K/home/arno/RoombaV2Onboard/src/sllidar_ros2/./sdk/include/rplidar_cmd.h:36\x1b[m\x1b[K,\n'}
[33.678153] (sllidar_ros2) StderrLine: {'line': b'                 from \x1b[01m\x1b[K/home/arno/RoombaV2Onboard/src/sllidar_ros2/./sdk/include/rplidar.h:40\x1b[m\x1b[K,\n'}
[33.679548] (sllidar_ros2) StderrLine: {'line': b'                 from \x1b[01m\x1b[K/home/arno/RoombaV2Onboard/src/sllidar_ros2/sdk/src/sdkcommon.h:49\x1b[m\x1b[K,\n'}
[33.680886] (sllidar_ros2) StderrLine: {'line': b'                 from \x1b[01m\x1b[K/home/arno/RoombaV2Onboard/src/sllidar_ros2/sdk/src/sl_lidar_driver.cpp:33\x1b[m\x1b[K:\n'}
[33.689054] (sllidar_ros2) StderrLine: {'line': b'\x1b[01m\x1b[K/home/arno/RoombaV2Onboard/src/sllidar_ros2/./sdk/include/sl_lidar_cmd.h:324:20:\x1b[m\x1b[K \x1b[01;35m\x1b[Kwarning: \x1b[m\x1b[KISO C++ forbids zero-size array \xe2\x80\x98\x1b[01m\x1b[Kpayload\x1b[m\x1b[K\xe2\x80\x99 [\x1b[01;35m\x1b[K\x1b]8;;https://gcc.gnu.org/onlinedocs/gcc/Warning-Options.html#index-Wpedantic\x07-Wpedantic\x1b]8;;\x07\x1b[m\x1b[K]\n'}
[33.690119] (sllidar_ros2) StderrLine: {'line': b'  324 |     sl_u8  payload[\x1b[01;35m\x1b[K0\x1b[m\x1b[K];\n'}
[33.691145] (sllidar_ros2) StderrLine: {'line': b'      |                    \x1b[01;35m\x1b[K^\x1b[m\x1b[K\n'}
[33.693659] (-) TimerEvent: {}
[33.794699] (-) TimerEvent: {}
[33.896908] (-) TimerEvent: {}
[33.998198] (-) TimerEvent: {}
[34.099729] (-) TimerEvent: {}
[34.201202] (-) TimerEvent: {}
[34.302415] (-) TimerEvent: {}
[34.403598] (-) TimerEvent: {}
[34.504820] (-) TimerEvent: {}
[34.606518] (-) TimerEvent: {}
[34.708413] (-) TimerEvent: {}
[34.810553] (-) TimerEvent: {}
[34.912909] (-) TimerEvent: {}
[35.014772] (-) TimerEvent: {}
[35.114779] (sllidar_ros2) StderrLine: {'line': b'In file included from \x1b[01m\x1b[K/home/arno/RoombaV2Onboard/src/sllidar_ros2/./sdk/include/rplidar_protocol.h:36\x1b[m\x1b[K,\n'}
[35.116519] (-) TimerEvent: {}
[35.118193] (sllidar_ros2) StderrLine: {'line': b'                 from \x1b[01m\x1b[K/home/arno/RoombaV2Onboard/src/sllidar_ros2/./sdk/include/rplidar.h:39\x1b[m\x1b[K,\n'}
[35.120280] (sllidar_ros2) StderrLine: {'line': b'                 from \x1b[01m\x1b[K/home/arno/RoombaV2Onboard/src/sllidar_ros2/sdk/src/sdkcommon.h:49\x1b[m\x1b[K,\n'}
[35.122129] (sllidar_ros2) StderrLine: {'line': b'                 from \x1b[01m\x1b[K/home/arno/RoombaV2Onboard/src/sllidar_ros2/sdk/src/sl_lidarprotocol_codec.cpp:35\x1b[m\x1b[K:\n'}
[35.123994] (sllidar_ros2) StderrLine: {'line': b'\x1b[01m\x1b[K/home/arno/RoombaV2Onboard/src/sllidar_ros2/./sdk/include/sl_lidar_protocol.h:66:16:\x1b[m\x1b[K \x1b[01;35m\x1b[Kwarning: \x1b[m\x1b[KISO C++ forbids zero-size array \xe2\x80\x98\x1b[01m\x1b[Kdata\x1b[m\x1b[K\xe2\x80\x99 [\x1b[01;35m\x1b[K\x1b]8;;https://gcc.gnu.org/onlinedocs/gcc/Warning-Options.html#index-Wpedantic\x07-Wpedantic\x1b]8;;\x07\x1b[m\x1b[K]\n'}
[35.126018] (sllidar_ros2) StderrLine: {'line': b'   66 |     sl_u8 data[\x1b[01;35m\x1b[K0\x1b[m\x1b[K];\n'}
[35.127983] (sllidar_ros2) StderrLine: {'line': b'      |                \x1b[01;35m\x1b[K^\x1b[m\x1b[K\n'}
[35.131670] (sllidar_ros2) StderrLine: {'line': b'In file included from \x1b[01m\x1b[K/home/arno/RoombaV2Onboard/src/sllidar_ros2/./sdk/include/rplidar_cmd.h:36\x1b[m\x1b[K,\n'}
[35.133064] (sllidar_ros2) StderrLine: {'line': b'                 from \x1b[01m\x1b[K/home/arno/RoombaV2Onboard/src/sllidar_ros2/./sdk/include/rplidar.h:40\x1b[m\x1b[K,\n'}
[35.145014] (sllidar_ros2) StderrLine: {'line': b'                 from \x1b[01m\x1b[K/home/arno/RoombaV2Onboard/src/sllidar_ros2/sdk/src/sdkcommon.h:49\x1b[m\x1b[K,\n'}
[35.146491] (sllidar_ros2) StderrLine: {'line': b'                 from \x1b[01m\x1b[K/home/arno/RoombaV2Onboard/src/sllidar_ros2/sdk/src/sl_lidarprotocol_codec.cpp:35\x1b[m\x1b[K:\n'}
[35.148242] (sllidar_ros2) StderrLine: {'line': b'\x1b[01m\x1b[K/home/arno/RoombaV2Onboard/src/sllidar_ros2/./sdk/include/sl_lidar_cmd.h:324:20:\x1b[m\x1b[K \x1b[01;35m\x1b[Kwarning: \x1b[m\x1b[KISO C++ forbids zero-size array \xe2\x80\x98\x1b[01m\x1b[Kpayload\x1b[m\x1b[K\xe2\x80\x99 [\x1b[01;35m\x1b[K\x1b]8;;https://gcc.gnu.org/onlinedocs/gcc/Warning-Options.html#index-Wpedantic\x07-Wpedantic\x1b]8;;\x07\x1b[m\x1b[K]\n'}
[35.149640] (sllidar_ros2) StderrLine: {'line': b'  324 |     sl_u8  payload[\x1b[01;35m\x1b[K0\x1b[m\x1b[K];\n'}
[35.150973] (sllidar_ros2) StderrLine: {'line': b'      |                    \x1b[01;35m\x1b[K^\x1b[m\x1b[K\n'}
[35.192869] (sllidar_ros2) StderrLine: {'line': b'In file included from \x1b[01m\x1b[K/home/arno/RoombaV2Onboard/src/sllidar_ros2/sdk/src/sl_lidar_driver.cpp:50\x1b[m\x1b[K:\n'}
[35.194610] (sllidar_ros2) StderrLine: {'line': b'\x1b[01m\x1b[K/home/arno/RoombaV2Onboard/src/sllidar_ros2/sdk/src/dataunpacker/dataunpacker.h:\x1b[m\x1b[K In member function \xe2\x80\x98\x1b[01m\x1b[Kvirtual void sl::internal::LIDARSampleDataListener::onCustomSampleDataDecoded(_u8, _u32, const void*, size_t)\x1b[m\x1b[K\xe2\x80\x99:\n'}
[35.196450] (sllidar_ros2) StderrLine: {'line': b'\x1b[01m\x1b[K/home/arno/RoombaV2Onboard/src/sllidar_ros2/sdk/src/dataunpacker/dataunpacker.h:54:52:\x1b[m\x1b[K \x1b[01;35m\x1b[Kwarning: \x1b[m\x1b[Kunused parameter \xe2\x80\x98\x1b[01m\x1b[KansType\x1b[m\x1b[K\xe2\x80\x99 [\x1b[01;35m\x1b[K\x1b]8;;https://gcc.gnu.org/onlinedocs/gcc/Warning-Options.html#index-Wunused-parameter\x07-Wunused-parameter\x1b]8;;\x07\x1b[m\x1b[K]\n'}
[35.198664] (sllidar_ros2) StderrLine: {'line': b'   54 |         virtual void onCustomSampleDataDecoded(\x1b[01;35m\x1b[K_u8 ansType\x1b[m\x1b[K, _u32 customCode, const void* data, size_t size) {}\n'}
[35.200364] (sllidar_ros2) StderrLine: {'line': b'      |                                                \x1b[01;35m\x1b[K~~~~^~~~~~~\x1b[m\x1b[K\n'}
[35.202431] (sllidar_ros2) StderrLine: {'line': b'\x1b[01m\x1b[K/home/arno/RoombaV2Onboard/src/sllidar_ros2/sdk/src/dataunpacker/dataunpacker.h:54:66:\x1b[m\x1b[K \x1b[01;35m\x1b[Kwarning: \x1b[m\x1b[Kunused parameter \xe2\x80\x98\x1b[01m\x1b[KcustomCode\x1b[m\x1b[K\xe2\x80\x99 [\x1b[01;35m\x1b[K\x1b]8;;https://gcc.gnu.org/onlinedocs/gcc/Warning-Options.html#index-Wunused-parameter\x07-Wunused-parameter\x1b]8;;\x07\x1b[m\x1b[K]\n'}
[35.204598] (sllidar_ros2) StderrLine: {'line': b'   54 |         virtual void onCustomSampleDataDecoded(_u8 ansType, \x1b[01;35m\x1b[K_u32 customCode\x1b[m\x1b[K, const void* data, size_t size) {}\n'}
[35.206312] (sllidar_ros2) StderrLine: {'line': b'      |                                                             \x1b[01;35m\x1b[K~~~~~^~~~~~~~~~\x1b[m\x1b[K\n'}
[35.208257] (sllidar_ros2) StderrLine: {'line': b'\x1b[01m\x1b[K/home/arno/RoombaV2Onboard/src/sllidar_ros2/sdk/src/dataunpacker/dataunpacker.h:54:90:\x1b[m\x1b[K \x1b[01;35m\x1b[Kwarning: \x1b[m\x1b[Kunused parameter \xe2\x80\x98\x1b[01m\x1b[Kdata\x1b[m\x1b[K\xe2\x80\x99 [\x1b[01;35m\x1b[K\x1b]8;;https://gcc.gnu.org/onlinedocs/gcc/Warning-Options.html#index-Wunused-parameter\x07-Wunused-parameter\x1b]8;;\x07\x1b[m\x1b[K]\n'}
[35.211277] (sllidar_ros2) StderrLine: {'line': b'   54 |         virtual void onCustomSampleDataDecoded(_u8 ansType, _u32 customCode, \x1b[01;35m\x1b[Kconst void* data\x1b[m\x1b[K, size_t size) {}\n'}
[35.224972] (-) TimerEvent: {}
[35.226063] (sllidar_ros2) StderrLine: {'line': b'      |                                                                              \x1b[01;35m\x1b[K~~~~~~~~~~~~^~~~\x1b[m\x1b[K\n'}
[35.227752] (sllidar_ros2) StderrLine: {'line': b'\x1b[01m\x1b[K/home/arno/RoombaV2Onboard/src/sllidar_ros2/sdk/src/dataunpacker/dataunpacker.h:54:103:\x1b[m\x1b[K \x1b[01;35m\x1b[Kwarning: \x1b[m\x1b[Kunused parameter \xe2\x80\x98\x1b[01m\x1b[Ksize\x1b[m\x1b[K\xe2\x80\x99 [\x1b[01;35m\x1b[K\x1b]8;;https://gcc.gnu.org/onlinedocs/gcc/Warning-Options.html#index-Wunused-parameter\x07-Wunused-parameter\x1b]8;;\x07\x1b[m\x1b[K]\n'}
[35.229220] (sllidar_ros2) StderrLine: {'line': b'   54 |         virtual void onCustomSampleDataDecoded(_u8 ansType, _u32 customCode, const void* data, \x1b[01;35m\x1b[Ksize_t size\x1b[m\x1b[K) {}\n'}
[35.230764] (sllidar_ros2) StderrLine: {'line': b'      |                                                                                                \x1b[01;35m\x1b[K~~~~~~~^~~~\x1b[m\x1b[K\n'}
[35.232397] (sllidar_ros2) StderrLine: {'line': b'\x1b[01m\x1b[K/home/arno/RoombaV2Onboard/src/sllidar_ros2/sdk/src/dataunpacker/dataunpacker.h:\x1b[m\x1b[K In member function \xe2\x80\x98\x1b[01m\x1b[Kvirtual void sl::internal::LIDARSampleDataListener::onDecodingError(int, _u8, const void*, size_t)\x1b[m\x1b[K\xe2\x80\x99:\n'}
[35.233888] (sllidar_ros2) StderrLine: {'line': b'\x1b[01m\x1b[K/home/arno/RoombaV2Onboard/src/sllidar_ros2/sdk/src/dataunpacker/dataunpacker.h:56:42:\x1b[m\x1b[K \x1b[01;35m\x1b[Kwarning: \x1b[m\x1b[Kunused parameter \xe2\x80\x98\x1b[01m\x1b[KerrMsg\x1b[m\x1b[K\xe2\x80\x99 [\x1b[01;35m\x1b[K\x1b]8;;https://gcc.gnu.org/onlinedocs/gcc/Warning-Options.html#index-Wunused-parameter\x07-Wunused-parameter\x1b]8;;\x07\x1b[m\x1b[K]\n'}
[35.235568] (sllidar_ros2) StderrLine: {'line': b'   56 |         virtual void onDecodingError(\x1b[01;35m\x1b[Kint errMsg\x1b[m\x1b[K, _u8 ansType, const void* payload, size_t size) {}\n'}
[35.236801] (sllidar_ros2) StderrLine: {'line': b'      |                                      \x1b[01;35m\x1b[K~~~~^~~~~~\x1b[m\x1b[K\n'}
[35.238214] (sllidar_ros2) StderrLine: {'line': b'\x1b[01m\x1b[K/home/arno/RoombaV2Onboard/src/sllidar_ros2/sdk/src/dataunpacker/dataunpacker.h:56:54:\x1b[m\x1b[K \x1b[01;35m\x1b[Kwarning: \x1b[m\x1b[Kunused parameter \xe2\x80\x98\x1b[01m\x1b[KansType\x1b[m\x1b[K\xe2\x80\x99 [\x1b[01;35m\x1b[K\x1b]8;;https://gcc.gnu.org/onlinedocs/gcc/Warning-Options.html#index-Wunused-parameter\x07-Wunused-parameter\x1b]8;;\x07\x1b[m\x1b[K]\n'}
[35.245029] (sllidar_ros2) StderrLine: {'line': b'   56 |         virtual void onDecodingError(int errMsg, \x1b[01;35m\x1b[K_u8 ansType\x1b[m\x1b[K, const void* payload, size_t size) {}\n'}
[35.245882] (sllidar_ros2) StderrLine: {'line': b'      |                                                  \x1b[01;35m\x1b[K~~~~^~~~~~~\x1b[m\x1b[K\n'}
[35.246584] (sllidar_ros2) StderrLine: {'line': b'\x1b[01m\x1b[K/home/arno/RoombaV2Onboard/src/sllidar_ros2/sdk/src/dataunpacker/dataunpacker.h:56:75:\x1b[m\x1b[K \x1b[01;35m\x1b[Kwarning: \x1b[m\x1b[Kunused parameter \xe2\x80\x98\x1b[01m\x1b[Kpayload\x1b[m\x1b[K\xe2\x80\x99 [\x1b[01;35m\x1b[K\x1b]8;;https://gcc.gnu.org/onlinedocs/gcc/Warning-Options.html#index-Wunused-parameter\x07-Wunused-parameter\x1b]8;;\x07\x1b[m\x1b[K]\n'}
[35.247322] (sllidar_ros2) StderrLine: {'line': b'   56 |         virtual void onDecodingError(int errMsg, _u8 ansType, \x1b[01;35m\x1b[Kconst void* payload\x1b[m\x1b[K, size_t size) {}\n'}
[35.248094] (sllidar_ros2) StderrLine: {'line': b'      |                                                               \x1b[01;35m\x1b[K~~~~~~~~~~~~^~~~~~~\x1b[m\x1b[K\n'}
[35.248798] (sllidar_ros2) StderrLine: {'line': b'\x1b[01m\x1b[K/home/arno/RoombaV2Onboard/src/sllidar_ros2/sdk/src/dataunpacker/dataunpacker.h:56:91:\x1b[m\x1b[K \x1b[01;35m\x1b[Kwarning: \x1b[m\x1b[Kunused parameter \xe2\x80\x98\x1b[01m\x1b[Ksize\x1b[m\x1b[K\xe2\x80\x99 [\x1b[01;35m\x1b[K\x1b]8;;https://gcc.gnu.org/onlinedocs/gcc/Warning-Options.html#index-Wunused-parameter\x07-Wunused-parameter\x1b]8;;\x07\x1b[m\x1b[K]\n'}
[35.249470] (sllidar_ros2) StderrLine: {'line': b'   56 |         virtual void onDecodingError(int errMsg, _u8 ansType, const void* payload, \x1b[01;35m\x1b[Ksize_t size\x1b[m\x1b[K) {}\n'}
[35.250252] (sllidar_ros2) StderrLine: {'line': b'      |                                                                                    \x1b[01;35m\x1b[K~~~~~~~^~~~\x1b[m\x1b[K\n'}
[35.282695] (sllidar_ros2) StderrLine: {'line': b'In file included from \x1b[01m\x1b[K/home/arno/RoombaV2Onboard/src/sllidar_ros2/sdk/src/sl_lidar_driver.cpp:51\x1b[m\x1b[K:\n'}
[35.284135] (sllidar_ros2) StderrLine: {'line': b'\x1b[01m\x1b[K/home/arno/RoombaV2Onboard/src/sllidar_ros2/sdk/src/sl_async_transceiver.h:\x1b[m\x1b[K In member function \xe2\x80\x98\x1b[01m\x1b[Kvirtual void sl::internal::IAsyncProtocolCodec::onChannelError(u_result)\x1b[m\x1b[K\xe2\x80\x99:\n'}
[35.285065] (sllidar_ros2) StderrLine: {'line': b'\x1b[01m\x1b[K/home/arno/RoombaV2Onboard/src/sllidar_ros2/sdk/src/sl_async_transceiver.h:90:48:\x1b[m\x1b[K \x1b[01;35m\x1b[Kwarning: \x1b[m\x1b[Kunused parameter \xe2\x80\x98\x1b[01m\x1b[KerrCode\x1b[m\x1b[K\xe2\x80\x99 [\x1b[01;35m\x1b[K\x1b]8;;https://gcc.gnu.org/onlinedocs/gcc/Warning-Options.html#index-Wunused-parameter\x07-Wunused-parameter\x1b]8;;\x07\x1b[m\x1b[K]\n'}
[35.285992] (sllidar_ros2) StderrLine: {'line': b'   90 |         virtual void   onChannelError(\x1b[01;35m\x1b[Ku_result errCode\x1b[m\x1b[K) {}\n'}
[35.286853] (sllidar_ros2) StderrLine: {'line': b'      |                                       \x1b[01;35m\x1b[K~~~~~~~~~^~~~~~~\x1b[m\x1b[K\n'}
[35.325223] (-) TimerEvent: {}
[35.407319] (sllidar_ros2) StderrLine: {'line': b'\x1b[01m\x1b[K/home/arno/RoombaV2Onboard/src/sllidar_ros2/sdk/src/sl_lidar_driver.cpp:\x1b[m\x1b[K In member function \xe2\x80\x98\x1b[01m\x1b[Kvirtual sl_result sl::SlamtecLidarDriver::reset(sl_u32)\x1b[m\x1b[K\xe2\x80\x99:\n'}
[35.408945] (sllidar_ros2) StderrLine: {'line': b'\x1b[01m\x1b[K/home/arno/RoombaV2Onboard/src/sllidar_ros2/sdk/src/sl_lidar_driver.cpp:511:32:\x1b[m\x1b[K \x1b[01;35m\x1b[Kwarning: \x1b[m\x1b[Kunused parameter \xe2\x80\x98\x1b[01m\x1b[KtimeoutInMs\x1b[m\x1b[K\xe2\x80\x99 [\x1b[01;35m\x1b[K\x1b]8;;https://gcc.gnu.org/onlinedocs/gcc/Warning-Options.html#index-Wunused-parameter\x07-Wunused-parameter\x1b]8;;\x07\x1b[m\x1b[K]\n'}
[35.409957] (sllidar_ros2) StderrLine: {'line': b'  511 |         sl_result reset(\x1b[01;35m\x1b[Ksl_u32 timeoutInMs = DEFAULT_TIMEOUT\x1b[m\x1b[K)\n'}
[35.410830] (sllidar_ros2) StderrLine: {'line': b'      |                         \x1b[01;35m\x1b[K~~~~~~~^~~~~~~~~~~~~~~~~~~~~~~~~~~~~\x1b[m\x1b[K\n'}
[35.425468] (-) TimerEvent: {}
[35.428948] (sllidar_ros2) StderrLine: {'line': b'\x1b[01m\x1b[K/home/arno/RoombaV2Onboard/src/sllidar_ros2/sdk/src/sl_lidar_driver.cpp:\x1b[m\x1b[K In member function \xe2\x80\x98\x1b[01m\x1b[Kvirtual sl_result sl::SlamtecLidarDriver::startScan(bool, bool, sl_u32, sl::LidarScanMode*)\x1b[m\x1b[K\xe2\x80\x99:\n'}
[35.430430] (sllidar_ros2) StderrLine: {'line': b'\x1b[01m\x1b[K/home/arno/RoombaV2Onboard/src/sllidar_ros2/sdk/src/sl_lidar_driver.cpp:586:69:\x1b[m\x1b[K \x1b[01;35m\x1b[Kwarning: \x1b[m\x1b[Kunused parameter \xe2\x80\x98\x1b[01m\x1b[Koptions\x1b[m\x1b[K\xe2\x80\x99 [\x1b[01;35m\x1b[K\x1b]8;;https://gcc.gnu.org/onlinedocs/gcc/Warning-Options.html#index-Wunused-parameter\x07-Wunused-parameter\x1b]8;;\x07\x1b[m\x1b[K]\n'}
[35.431371] (sllidar_ros2) StderrLine: {'line': b'  586 |         sl_result startScan(bool force, bool useTypicalScan, \x1b[01;35m\x1b[Ksl_u32 options = 0\x1b[m\x1b[K, LidarScanMode* outUsedScanMode = nullptr)\n'}
[35.432220] (sllidar_ros2) StderrLine: {'line': b'      |                                                              \x1b[01;35m\x1b[K~~~~~~~^~~~~~~~~~~\x1b[m\x1b[K\n'}
[35.443132] (sllidar_ros2) StderrLine: {'line': b'\x1b[01m\x1b[K/home/arno/RoombaV2Onboard/src/sllidar_ros2/sdk/src/sl_lidar_driver.cpp:\x1b[m\x1b[K In member function \xe2\x80\x98\x1b[01m\x1b[Kvirtual sl_result sl::SlamtecLidarDriver::stop(sl_u32)\x1b[m\x1b[K\xe2\x80\x99:\n'}
[35.444482] (sllidar_ros2) StderrLine: {'line': b'\x1b[01m\x1b[K/home/arno/RoombaV2Onboard/src/sllidar_ros2/sdk/src/sl_lidar_driver.cpp:763:31:\x1b[m\x1b[K \x1b[01;35m\x1b[Kwarning: \x1b[m\x1b[Kunused parameter \xe2\x80\x98\x1b[01m\x1b[Ktimeout\x1b[m\x1b[K\xe2\x80\x99 [\x1b[01;35m\x1b[K\x1b]8;;https://gcc.gnu.org/onlinedocs/gcc/Warning-Options.html#index-Wunused-parameter\x07-Wunused-parameter\x1b]8;;\x07\x1b[m\x1b[K]\n'}
[35.445448] (sllidar_ros2) StderrLine: {'line': b'  763 |         sl_result stop(\x1b[01;35m\x1b[Ksl_u32 timeout = DEFAULT_TIMEOUT\x1b[m\x1b[K)\n'}
[35.446371] (sllidar_ros2) StderrLine: {'line': b'      |                        \x1b[01;35m\x1b[K~~~~~~~^~~~~~~~~~~~~~~~~~~~~~~~~\x1b[m\x1b[K\n'}
[35.455220] (sllidar_ros2) StderrLine: {'line': b'\x1b[01m\x1b[K/home/arno/RoombaV2Onboard/src/sllidar_ros2/sdk/src/sl_lidar_driver.cpp:\x1b[m\x1b[K In member function \xe2\x80\x98\x1b[01m\x1b[Kvirtual sl_result sl::SlamtecLidarDriver::getFrequency(const sl::LidarScanMode&, const sl_lidar_response_measurement_node_hq_t*, size_t, float&)\x1b[m\x1b[K\xe2\x80\x99:\n'}
[35.456728] (sllidar_ros2) StderrLine: {'line': b'\x1b[01m\x1b[K/home/arno/RoombaV2Onboard/src/sllidar_ros2/sdk/src/sl_lidar_driver.cpp:880:110:\x1b[m\x1b[K \x1b[01;35m\x1b[Kwarning: \x1b[m\x1b[Kunused parameter \xe2\x80\x98\x1b[01m\x1b[Knodes\x1b[m\x1b[K\xe2\x80\x99 [\x1b[01;35m\x1b[K\x1b]8;;https://gcc.gnu.org/onlinedocs/gcc/Warning-Options.html#index-Wunused-parameter\x07-Wunused-parameter\x1b]8;;\x07\x1b[m\x1b[K]\n'}
[35.457547] (sllidar_ros2) StderrLine: {'line': b'  880 |         sl_result getFrequency(const LidarScanMode& scanMode, \x1b[01;35m\x1b[Kconst sl_lidar_response_measurement_node_hq_t* nodes\x1b[m\x1b[K, size_t count, float& frequency)\n'}
[35.458327] (sllidar_ros2) StderrLine: {'line': b'      |                                                               \x1b[01;35m\x1b[K~~~~~~~~~~~~~~~~~~~~~~~~~~~~~~~~~~~~~~~~~~~~~~~^~~~~\x1b[m\x1b[K\n'}
[35.470924] (sllidar_ros2) StderrLine: {'line': b'\x1b[01m\x1b[K/home/arno/RoombaV2Onboard/src/sllidar_ros2/sdk/src/sl_lidar_driver.cpp:\x1b[m\x1b[K In member function \xe2\x80\x98\x1b[01m\x1b[Kvirtual sl_result sl::SlamtecLidarDriver::getMotorInfo(sl::LidarMotorInfo&, sl_u32)\x1b[m\x1b[K\xe2\x80\x99:\n'}
[35.472086] (sllidar_ros2) StderrLine: {'line': b'\x1b[01m\x1b[K/home/arno/RoombaV2Onboard/src/sllidar_ros2/sdk/src/sl_lidar_driver.cpp:1023:66:\x1b[m\x1b[K \x1b[01;35m\x1b[Kwarning: \x1b[m\x1b[Kunused parameter \xe2\x80\x98\x1b[01m\x1b[KtimeoutInMs\x1b[m\x1b[K\xe2\x80\x99 [\x1b[01;35m\x1b[K\x1b]8;;https://gcc.gnu.org/onlinedocs/gcc/Warning-Options.html#index-Wunused-parameter\x07-Wunused-parameter\x1b]8;;\x07\x1b[m\x1b[K]\n'}
[35.472848] (sllidar_ros2) StderrLine: {'line': b' 1023 |         sl_result getMotorInfo(LidarMotorInfo &motorInfo, \x1b[01;35m\x1b[Ksl_u32 timeoutInMs\x1b[m\x1b[K)\n'}
[35.473708] (sllidar_ros2) StderrLine: {'line': b'      |                                                           \x1b[01;35m\x1b[K~~~~~~~^~~~~~~~~~~\x1b[m\x1b[K\n'}
[35.480593] (sllidar_ros2) StderrLine: {'line': b'\x1b[01m\x1b[K/home/arno/RoombaV2Onboard/src/sllidar_ros2/sdk/src/sl_lidar_driver.cpp:\x1b[m\x1b[K In member function \xe2\x80\x98\x1b[01m\x1b[Ku_result sl::SlamtecLidarDriver::getScanModeCount(sl_u16&, sl_u32)\x1b[m\x1b[K\xe2\x80\x99:\n'}
[35.481848] (sllidar_ros2) StderrLine: {'line': b'\x1b[01m\x1b[K/home/arno/RoombaV2Onboard/src/sllidar_ros2/sdk/src/sl_lidar_driver.cpp:1199:61:\x1b[m\x1b[K \x1b[01;35m\x1b[Kwarning: \x1b[m\x1b[Kunused parameter \xe2\x80\x98\x1b[01m\x1b[KtimeoutInMs\x1b[m\x1b[K\xe2\x80\x99 [\x1b[01;35m\x1b[K\x1b]8;;https://gcc.gnu.org/onlinedocs/gcc/Warning-Options.html#index-Wunused-parameter\x07-Wunused-parameter\x1b]8;;\x07\x1b[m\x1b[K]\n'}
[35.482755] (sllidar_ros2) StderrLine: {'line': b' 1199 |         u_result getScanModeCount(sl_u16& modeCount, \x1b[01;35m\x1b[Ksl_u32 timeoutInMs = DEFAULT_TIMEOUT\x1b[m\x1b[K)\n'}
[35.483631] (sllidar_ros2) StderrLine: {'line': b'      |                                                      \x1b[01;35m\x1b[K~~~~~~~^~~~~~~~~~~~~~~~~~~~~~~~~~~~~\x1b[m\x1b[K\n'}
[35.525735] (-) TimerEvent: {}
[35.626696] (-) TimerEvent: {}
[35.727765] (-) TimerEvent: {}
[35.734020] (sllidar_ros2) StderrLine: {'line': b'/home/arno/RoombaV2Onboard/src/sllidar_ros2/sdk/src/sl_lidar_driver.cpp: In instantiation of \xe2\x80\x98\x1b[01m\x1b[Kvoid sl::RawSampleNodeHolder<T>::pushNode(_u64, const T*) [with T = sl_lidar_response_measurement_node_hq_t; _u64 = long unsigned int]\x1b[m\x1b[K\xe2\x80\x99:\n'}
[35.736425] (sllidar_ros2) StderrLine: {'line': b'\x1b[01m\x1b[K/home/arno/RoombaV2Onboard/src/sllidar_ros2/sdk/src/sl_lidar_driver.cpp:1648:42:\x1b[m\x1b[K   required from here\n'}
[35.738543] (sllidar_ros2) StderrLine: {'line': b'\x1b[01m\x1b[K/home/arno/RoombaV2Onboard/src/sllidar_ros2/sdk/src/sl_lidar_driver.cpp:202:28:\x1b[m\x1b[K \x1b[01;35m\x1b[Kwarning: \x1b[m\x1b[Kunused parameter \xe2\x80\x98\x1b[01m\x1b[Ktimestamp_uS\x1b[m\x1b[K\xe2\x80\x99 [\x1b[01;35m\x1b[K\x1b]8;;https://gcc.gnu.org/onlinedocs/gcc/Warning-Options.html#index-Wunused-parameter\x07-Wunused-parameter\x1b]8;;\x07\x1b[m\x1b[K]\n'}
[35.740285] (sllidar_ros2) StderrLine: {'line': b'  202 |         void pushNode(\x1b[01;35m\x1b[K_u64 timestamp_uS\x1b[m\x1b[K, const T* node)\n'}
[35.741666] (sllidar_ros2) StderrLine: {'line': b'      |                       \x1b[01;35m\x1b[K~~~~~^~~~~~~~~~~~\x1b[m\x1b[K\n'}
[35.827999] (-) TimerEvent: {}
[35.929319] (-) TimerEvent: {}
[36.031060] (-) TimerEvent: {}
[36.132847] (-) TimerEvent: {}
[36.234613] (-) TimerEvent: {}
[36.336475] (-) TimerEvent: {}
[36.355114] (sllidar_ros2) StderrLine: {'line': b'In file included from \x1b[01m\x1b[K/home/arno/RoombaV2Onboard/src/sllidar_ros2/sdk/src/sl_lidarprotocol_codec.cpp:49\x1b[m\x1b[K:\n'}
[36.356049] (sllidar_ros2) StderrLine: {'line': b'\x1b[01m\x1b[K/home/arno/RoombaV2Onboard/src/sllidar_ros2/sdk/src/sl_async_transceiver.h:\x1b[m\x1b[K In member function \xe2\x80\x98\x1b[01m\x1b[Kvirtual void sl::internal::IAsyncProtocolCodec::onChannelError(u_result)\x1b[m\x1b[K\xe2\x80\x99:\n'}
[36.356838] (sllidar_ros2) StderrLine: {'line': b'\x1b[01m\x1b[K/home/arno/RoombaV2Onboard/src/sllidar_ros2/sdk/src/sl_async_transceiver.h:90:48:\x1b[m\x1b[K \x1b[01;35m\x1b[Kwarning: \x1b[m\x1b[Kunused parameter \xe2\x80\x98\x1b[01m\x1b[KerrCode\x1b[m\x1b[K\xe2\x80\x99 [\x1b[01;35m\x1b[K\x1b]8;;https://gcc.gnu.org/onlinedocs/gcc/Warning-Options.html#index-Wunused-parameter\x07-Wunused-parameter\x1b]8;;\x07\x1b[m\x1b[K]\n'}
[36.357749] (sllidar_ros2) StderrLine: {'line': b'   90 |         virtual void   onChannelError(\x1b[01;35m\x1b[Ku_result errCode\x1b[m\x1b[K) {}\n'}
[36.358451] (sllidar_ros2) StderrLine: {'line': b'      |                                       \x1b[01;35m\x1b[K~~~~~~~~~^~~~~~~\x1b[m\x1b[K\n'}
[36.405685] (sllidar_ros2) StderrLine: {'line': b'\x1b[01m\x1b[K/home/arno/RoombaV2Onboard/src/sllidar_ros2/sdk/src/sl_lidar_driver.cpp:\x1b[m\x1b[K At global scope:\n'}
[36.407809] (sllidar_ros2) StderrLine: {'line': b'\x1b[01m\x1b[K/home/arno/RoombaV2Onboard/src/sllidar_ros2/sdk/src/sl_lidar_driver.cpp:83:17:\x1b[m\x1b[K \x1b[01;35m\x1b[Kwarning: \x1b[m\x1b[K\xe2\x80\x98\x1b[01m\x1b[Kvoid sl::convert(const sl_lidar_response_measurement_node_hq_t&, sl_lidar_response_measurement_node_t&)\x1b[m\x1b[K\xe2\x80\x99 defined but not used [\x1b[01;35m\x1b[K\x1b]8;;https://gcc.gnu.org/onlinedocs/gcc/Warning-Options.html#index-Wunused-function\x07-Wunused-function\x1b]8;;\x07\x1b[m\x1b[K]\n'}
[36.409049] (sllidar_ros2) StderrLine: {'line': b'   83 |     static void \x1b[01;35m\x1b[Kconvert\x1b[m\x1b[K(const sl_lidar_response_measurement_node_hq_t& from, sl_lidar_response_measurement_node_t& to)\n'}
[36.409854] (sllidar_ros2) StderrLine: {'line': b'      |                 \x1b[01;35m\x1b[K^~~~~~~\x1b[m\x1b[K\n'}
[36.410615] (sllidar_ros2) StderrLine: {'line': b'\x1b[01m\x1b[K/home/arno/RoombaV2Onboard/src/sllidar_ros2/sdk/src/sl_lidar_driver.cpp:75:17:\x1b[m\x1b[K \x1b[01;35m\x1b[Kwarning: \x1b[m\x1b[K\xe2\x80\x98\x1b[01m\x1b[Kvoid sl::convert(const sl_lidar_response_measurement_node_t&, sl_lidar_response_measurement_node_hq_t&)\x1b[m\x1b[K\xe2\x80\x99 defined but not used [\x1b[01;35m\x1b[K\x1b]8;;https://gcc.gnu.org/onlinedocs/gcc/Warning-Options.html#index-Wunused-function\x07-Wunused-function\x1b]8;;\x07\x1b[m\x1b[K]\n'}
[36.411451] (sllidar_ros2) StderrLine: {'line': b'   75 |     static void \x1b[01;35m\x1b[Kconvert\x1b[m\x1b[K(const sl_lidar_response_measurement_node_t& from, sl_lidar_response_measurement_node_hq_t& to)\n'}
[36.412245] (sllidar_ros2) StderrLine: {'line': b'      |                 \x1b[01;35m\x1b[K^~~~~~~\x1b[m\x1b[K\n'}
[36.413059] (sllidar_ros2) StderrLine: {'line': b'\x1b[01m\x1b[K/home/arno/RoombaV2Onboard/src/sllidar_ros2/sdk/src/sl_lidar_driver.cpp:70:17:\x1b[m\x1b[K \x1b[01;35m\x1b[Kwarning: \x1b[m\x1b[K\xe2\x80\x98\x1b[01m\x1b[Kvoid sl::printDeprecationWarn(const char*, const char*)\x1b[m\x1b[K\xe2\x80\x99 defined but not used [\x1b[01;35m\x1b[K\x1b]8;;https://gcc.gnu.org/onlinedocs/gcc/Warning-Options.html#index-Wunused-function\x07-Wunused-function\x1b]8;;\x07\x1b[m\x1b[K]\n'}
[36.414104] (sllidar_ros2) StderrLine: {'line': b'   70 |     static void \x1b[01;35m\x1b[KprintDeprecationWarn\x1b[m\x1b[K(const char* fn, const char* replacement)\n'}
[36.425272] (sllidar_ros2) StderrLine: {'line': b'      |                 \x1b[01;35m\x1b[K^~~~~~~~~~~~~~~~~~~~\x1b[m\x1b[K\n'}
[36.436791] (-) TimerEvent: {}
[36.538148] (-) TimerEvent: {}
[36.639909] (-) TimerEvent: {}
[36.741638] (-) TimerEvent: {}
[36.843311] (-) TimerEvent: {}
[36.945038] (-) TimerEvent: {}
[36.967847] (sllidar_ros2) StdoutLine: {'line': b'[ 80%] \x1b[32mBuilding CXX object CMakeFiles/sllidar_node.dir/sdk/src/sl_serial_channel.cpp.o\x1b[0m\n'}
[37.045260] (-) TimerEvent: {}
[37.146471] (-) TimerEvent: {}
[37.247842] (-) TimerEvent: {}
[37.349242] (-) TimerEvent: {}
[37.450144] (-) TimerEvent: {}
[37.551133] (-) TimerEvent: {}
[37.652189] (-) TimerEvent: {}
[37.753329] (-) TimerEvent: {}
[37.854398] (-) TimerEvent: {}
[37.955543] (-) TimerEvent: {}
[38.056602] (-) TimerEvent: {}
[38.158201] (-) TimerEvent: {}
[38.259981] (-) TimerEvent: {}
[38.317997] (sllidar_ros2) StdoutLine: {'line': b'[ 85%] \x1b[32mBuilding CXX object CMakeFiles/sllidar_node.dir/sdk/src/sl_tcp_channel.cpp.o\x1b[0m\n'}
[38.360257] (-) TimerEvent: {}
[38.461206] (-) TimerEvent: {}
[38.562378] (-) TimerEvent: {}
[38.663617] (-) TimerEvent: {}
[38.691986] (sllidar_ros2) StderrLine: {'line': b'In file included from \x1b[01m\x1b[K/home/arno/RoombaV2Onboard/src/sllidar_ros2/./sdk/include/sl_lidar_cmd.h:41\x1b[m\x1b[K,\n'}
[38.692801] (sllidar_ros2) StderrLine: {'line': b'                 from \x1b[01m\x1b[K/home/arno/RoombaV2Onboard/src/sllidar_ros2/./sdk/include/sl_lidar_driver.h:54\x1b[m\x1b[K,\n'}
[38.693564] (sllidar_ros2) StderrLine: {'line': b'                 from \x1b[01m\x1b[K/home/arno/RoombaV2Onboard/src/sllidar_ros2/sdk/src/sl_serial_channel.cpp:33\x1b[m\x1b[K:\n'}
[38.694257] (sllidar_ros2) StderrLine: {'line': b'\x1b[01m\x1b[K/home/arno/RoombaV2Onboard/src/sllidar_ros2/./sdk/include/sl_lidar_protocol.h:66:16:\x1b[m\x1b[K \x1b[01;35m\x1b[Kwarning: \x1b[m\x1b[KISO C++ forbids zero-size array \xe2\x80\x98\x1b[01m\x1b[Kdata\x1b[m\x1b[K\xe2\x80\x99 [\x1b[01;35m\x1b[K\x1b]8;;https://gcc.gnu.org/onlinedocs/gcc/Warning-Options.html#index-Wpedantic\x07-Wpedantic\x1b]8;;\x07\x1b[m\x1b[K]\n'}
[38.695265] (sllidar_ros2) StderrLine: {'line': b'   66 |     sl_u8 data[\x1b[01;35m\x1b[K0\x1b[m\x1b[K];\n'}
[38.695944] (sllidar_ros2) StderrLine: {'line': b'      |                \x1b[01;35m\x1b[K^\x1b[m\x1b[K\n'}
[38.696587] (sllidar_ros2) StderrLine: {'line': b'In file included from \x1b[01m\x1b[K/home/arno/RoombaV2Onboard/src/sllidar_ros2/./sdk/include/sl_lidar_driver.h:54\x1b[m\x1b[K,\n'}
[38.697312] (sllidar_ros2) StderrLine: {'line': b'                 from \x1b[01m\x1b[K/home/arno/RoombaV2Onboard/src/sllidar_ros2/sdk/src/sl_serial_channel.cpp:33\x1b[m\x1b[K:\n'}
[38.697972] (sllidar_ros2) StderrLine: {'line': b'\x1b[01m\x1b[K/home/arno/RoombaV2Onboard/src/sllidar_ros2/./sdk/include/sl_lidar_cmd.h:324:20:\x1b[m\x1b[K \x1b[01;35m\x1b[Kwarning: \x1b[m\x1b[KISO C++ forbids zero-size array \xe2\x80\x98\x1b[01m\x1b[Kpayload\x1b[m\x1b[K\xe2\x80\x99 [\x1b[01;35m\x1b[K\x1b]8;;https://gcc.gnu.org/onlinedocs/gcc/Warning-Options.html#index-Wpedantic\x07-Wpedantic\x1b]8;;\x07\x1b[m\x1b[K]\n'}
[38.698653] (sllidar_ros2) StderrLine: {'line': b'  324 |     sl_u8  payload[\x1b[01;35m\x1b[K0\x1b[m\x1b[K];\n'}
[38.699387] (sllidar_ros2) StderrLine: {'line': b'      |                    \x1b[01;35m\x1b[K^\x1b[m\x1b[K\n'}
[38.763865] (-) TimerEvent: {}
[38.864834] (-) TimerEvent: {}
[38.965731] (-) TimerEvent: {}
[39.010798] (sllidar_ros2) StdoutLine: {'line': b'[ 90%] \x1b[32mBuilding CXX object CMakeFiles/sllidar_node.dir/sdk/src/sl_udp_channel.cpp.o\x1b[0m\n'}
[39.065983] (-) TimerEvent: {}
[39.166989] (-) TimerEvent: {}
[39.267969] (-) TimerEvent: {}
[39.369298] (-) TimerEvent: {}
[39.470866] (-) TimerEvent: {}
[39.572502] (-) TimerEvent: {}
[39.674227] (-) TimerEvent: {}
[39.776212] (-) TimerEvent: {}
[39.878243] (-) TimerEvent: {}
[39.980471] (-) TimerEvent: {}
[40.082147] (-) TimerEvent: {}
[40.183878] (-) TimerEvent: {}
[40.205333] (sllidar_ros2) StderrLine: {'line': b'In file included from \x1b[01m\x1b[K/home/arno/RoombaV2Onboard/src/sllidar_ros2/./sdk/include/sl_lidar_cmd.h:41\x1b[m\x1b[K,\n'}
[40.207406] (sllidar_ros2) StderrLine: {'line': b'                 from \x1b[01m\x1b[K/home/arno/RoombaV2Onboard/src/sllidar_ros2/./sdk/include/sl_lidar_driver.h:54\x1b[m\x1b[K,\n'}
[40.209208] (sllidar_ros2) StderrLine: {'line': b'                 from \x1b[01m\x1b[K/home/arno/RoombaV2Onboard/src/sllidar_ros2/sdk/src/sl_tcp_channel.cpp:33\x1b[m\x1b[K:\n'}
[40.210977] (sllidar_ros2) StderrLine: {'line': b'\x1b[01m\x1b[K/home/arno/RoombaV2Onboard/src/sllidar_ros2/./sdk/include/sl_lidar_protocol.h:66:16:\x1b[m\x1b[K \x1b[01;35m\x1b[Kwarning: \x1b[m\x1b[KISO C++ forbids zero-size array \xe2\x80\x98\x1b[01m\x1b[Kdata\x1b[m\x1b[K\xe2\x80\x99 [\x1b[01;35m\x1b[K\x1b]8;;https://gcc.gnu.org/onlinedocs/gcc/Warning-Options.html#index-Wpedantic\x07-Wpedantic\x1b]8;;\x07\x1b[m\x1b[K]\n'}
[40.213128] (sllidar_ros2) StderrLine: {'line': b'   66 |     sl_u8 data[\x1b[01;35m\x1b[K0\x1b[m\x1b[K];\n'}
[40.214797] (sllidar_ros2) StderrLine: {'line': b'      |                \x1b[01;35m\x1b[K^\x1b[m\x1b[K\n'}
[40.218689] (sllidar_ros2) StderrLine: {'line': b'In file included from \x1b[01m\x1b[K/home/arno/RoombaV2Onboard/src/sllidar_ros2/./sdk/include/sl_lidar_driver.h:54\x1b[m\x1b[K,\n'}
[40.220317] (sllidar_ros2) StderrLine: {'line': b'                 from \x1b[01m\x1b[K/home/arno/RoombaV2Onboard/src/sllidar_ros2/sdk/src/sl_tcp_channel.cpp:33\x1b[m\x1b[K:\n'}
[40.222151] (sllidar_ros2) StderrLine: {'line': b'\x1b[01m\x1b[K/home/arno/RoombaV2Onboard/src/sllidar_ros2/./sdk/include/sl_lidar_cmd.h:324:20:\x1b[m\x1b[K \x1b[01;35m\x1b[Kwarning: \x1b[m\x1b[KISO C++ forbids zero-size array \xe2\x80\x98\x1b[01m\x1b[Kpayload\x1b[m\x1b[K\xe2\x80\x99 [\x1b[01;35m\x1b[K\x1b]8;;https://gcc.gnu.org/onlinedocs/gcc/Warning-Options.html#index-Wpedantic\x07-Wpedantic\x1b]8;;\x07\x1b[m\x1b[K]\n'}
[40.224107] (sllidar_ros2) StderrLine: {'line': b'  324 |     sl_u8  payload[\x1b[01;35m\x1b[K0\x1b[m\x1b[K];\n'}
[40.225855] (sllidar_ros2) StderrLine: {'line': b'      |                    \x1b[01;35m\x1b[K^\x1b[m\x1b[K\n'}
[40.250268] (sllidar_ros2) StderrLine: {'line': b'\x1b[01m\x1b[K/home/arno/RoombaV2Onboard/src/sllidar_ros2/sdk/src/sl_tcp_channel.cpp:\x1b[m\x1b[K In member function \xe2\x80\x98\x1b[01m\x1b[Kvoid sl::TcpChannel::setStatus(_u32)\x1b[m\x1b[K\xe2\x80\x99:\n'}
[40.252021] (sllidar_ros2) StderrLine: {'line': b'\x1b[01m\x1b[K/home/arno/RoombaV2Onboard/src/sllidar_ros2/sdk/src/sl_tcp_channel.cpp:109:29:\x1b[m\x1b[K \x1b[01;35m\x1b[Kwarning: \x1b[m\x1b[Kunused parameter \xe2\x80\x98\x1b[01m\x1b[Kflag\x1b[m\x1b[K\xe2\x80\x99 [\x1b[01;35m\x1b[K\x1b]8;;https://gcc.gnu.org/onlinedocs/gcc/Warning-Options.html#index-Wunused-parameter\x07-Wunused-parameter\x1b]8;;\x07\x1b[m\x1b[K]\n'}
[40.253954] (sllidar_ros2) StderrLine: {'line': b'  109 |         void setStatus(\x1b[01;35m\x1b[K_u32 flag\x1b[m\x1b[K){}\n'}
[40.255683] (sllidar_ros2) StderrLine: {'line': b'      |                        \x1b[01;35m\x1b[K~~~~~^~~~\x1b[m\x1b[K\n'}
[40.284153] (-) TimerEvent: {}
[40.385446] (-) TimerEvent: {}
[40.486372] (-) TimerEvent: {}
[40.587455] (-) TimerEvent: {}
[40.688563] (-) TimerEvent: {}
[40.790249] (-) TimerEvent: {}
[40.860755] (sllidar_ros2) StderrLine: {'line': b'In file included from \x1b[01m\x1b[K/home/arno/RoombaV2Onboard/src/sllidar_ros2/./sdk/include/sl_lidar_cmd.h:41\x1b[m\x1b[K,\n'}
[40.862068] (sllidar_ros2) StderrLine: {'line': b'                 from \x1b[01m\x1b[K/home/arno/RoombaV2Onboard/src/sllidar_ros2/./sdk/include/sl_lidar_driver.h:54\x1b[m\x1b[K,\n'}
[40.863286] (sllidar_ros2) StderrLine: {'line': b'                 from \x1b[01m\x1b[K/home/arno/RoombaV2Onboard/src/sllidar_ros2/sdk/src/sl_udp_channel.cpp:33\x1b[m\x1b[K:\n'}
[40.864616] (sllidar_ros2) StderrLine: {'line': b'\x1b[01m\x1b[K/home/arno/RoombaV2Onboard/src/sllidar_ros2/./sdk/include/sl_lidar_protocol.h:66:16:\x1b[m\x1b[K \x1b[01;35m\x1b[Kwarning: \x1b[m\x1b[KISO C++ forbids zero-size array \xe2\x80\x98\x1b[01m\x1b[Kdata\x1b[m\x1b[K\xe2\x80\x99 [\x1b[01;35m\x1b[K\x1b]8;;https://gcc.gnu.org/onlinedocs/gcc/Warning-Options.html#index-Wpedantic\x07-Wpedantic\x1b]8;;\x07\x1b[m\x1b[K]\n'}
[40.866116] (sllidar_ros2) StderrLine: {'line': b'   66 |     sl_u8 data[\x1b[01;35m\x1b[K0\x1b[m\x1b[K];\n'}
[40.867758] (sllidar_ros2) StderrLine: {'line': b'      |                \x1b[01;35m\x1b[K^\x1b[m\x1b[K\n'}
[40.873646] (sllidar_ros2) StderrLine: {'line': b'In file included from \x1b[01m\x1b[K/home/arno/RoombaV2Onboard/src/sllidar_ros2/./sdk/include/sl_lidar_driver.h:54\x1b[m\x1b[K,\n'}
[40.875528] (sllidar_ros2) StderrLine: {'line': b'                 from \x1b[01m\x1b[K/home/arno/RoombaV2Onboard/src/sllidar_ros2/sdk/src/sl_udp_channel.cpp:33\x1b[m\x1b[K:\n'}
[40.877406] (sllidar_ros2) StderrLine: {'line': b'\x1b[01m\x1b[K/home/arno/RoombaV2Onboard/src/sllidar_ros2/./sdk/include/sl_lidar_cmd.h:324:20:\x1b[m\x1b[K \x1b[01;35m\x1b[Kwarning: \x1b[m\x1b[KISO C++ forbids zero-size array \xe2\x80\x98\x1b[01m\x1b[Kpayload\x1b[m\x1b[K\xe2\x80\x99 [\x1b[01;35m\x1b[K\x1b]8;;https://gcc.gnu.org/onlinedocs/gcc/Warning-Options.html#index-Wpedantic\x07-Wpedantic\x1b]8;;\x07\x1b[m\x1b[K]\n'}
[40.879312] (sllidar_ros2) StderrLine: {'line': b'  324 |     sl_u8  payload[\x1b[01;35m\x1b[K0\x1b[m\x1b[K];\n'}
[40.880980] (sllidar_ros2) StderrLine: {'line': b'      |                    \x1b[01;35m\x1b[K^\x1b[m\x1b[K\n'}
[40.890541] (-) TimerEvent: {}
[40.909623] (sllidar_ros2) StderrLine: {'line': b'\x1b[01m\x1b[K/home/arno/RoombaV2Onboard/src/sllidar_ros2/sdk/src/sl_udp_channel.cpp:\x1b[m\x1b[K In member function \xe2\x80\x98\x1b[01m\x1b[Kvoid sl::UdpChannel::setStatus(_u32)\x1b[m\x1b[K\xe2\x80\x99:\n'}
[40.912993] (sllidar_ros2) StderrLine: {'line': b'\x1b[01m\x1b[K/home/arno/RoombaV2Onboard/src/sllidar_ros2/sdk/src/sl_udp_channel.cpp:112:29:\x1b[m\x1b[K \x1b[01;35m\x1b[Kwarning: \x1b[m\x1b[Kunused parameter \xe2\x80\x98\x1b[01m\x1b[Kflag\x1b[m\x1b[K\xe2\x80\x99 [\x1b[01;35m\x1b[K\x1b]8;;https://gcc.gnu.org/onlinedocs/gcc/Warning-Options.html#index-Wunused-parameter\x07-Wunused-parameter\x1b]8;;\x07\x1b[m\x1b[K]\n'}
[40.915493] (sllidar_ros2) StderrLine: {'line': b'  112 |         void setStatus(\x1b[01;35m\x1b[K_u32 flag\x1b[m\x1b[K){}\n'}
[40.917977] (sllidar_ros2) StderrLine: {'line': b'      |                        \x1b[01;35m\x1b[K~~~~~^~~~\x1b[m\x1b[K\n'}
[40.990743] (-) TimerEvent: {}
[41.092034] (-) TimerEvent: {}
[41.175456] (sllidar_ros2) StdoutLine: {'line': b'[ 95%] \x1b[32m\x1b[1mLinking CXX executable sllidar_node\x1b[0m\n'}
[41.192237] (-) TimerEvent: {}
[41.293422] (-) TimerEvent: {}
[41.394254] (-) TimerEvent: {}
[41.495211] (-) TimerEvent: {}
[41.596189] (-) TimerEvent: {}
[41.697383] (-) TimerEvent: {}
[41.798099] (-) TimerEvent: {}
[41.898931] (-) TimerEvent: {}
[41.999782] (-) TimerEvent: {}
[42.100605] (-) TimerEvent: {}
[42.201336] (-) TimerEvent: {}
[42.302087] (-) TimerEvent: {}
[42.402918] (-) TimerEvent: {}
[42.503842] (-) TimerEvent: {}
[42.589489] (sllidar_ros2) StdoutLine: {'line': b'[ 95%] Built target sllidar_node\n'}
[42.604036] (-) TimerEvent: {}
[42.704773] (-) TimerEvent: {}
[42.805473] (-) TimerEvent: {}
[42.906142] (-) TimerEvent: {}
[43.006794] (-) TimerEvent: {}
[43.107479] (-) TimerEvent: {}
[43.208191] (-) TimerEvent: {}
[43.308859] (-) TimerEvent: {}
[43.409520] (-) TimerEvent: {}
[43.510198] (-) TimerEvent: {}
[43.610900] (-) TimerEvent: {}
[43.711653] (-) TimerEvent: {}
[43.812367] (-) TimerEvent: {}
[43.913113] (-) TimerEvent: {}
[44.013794] (-) TimerEvent: {}
[44.114460] (-) TimerEvent: {}
[44.215166] (-) TimerEvent: {}
[44.315793] (-) TimerEvent: {}
[44.416481] (-) TimerEvent: {}
[44.517231] (-) TimerEvent: {}
[44.617916] (-) TimerEvent: {}
[44.718635] (-) TimerEvent: {}
[44.819323] (-) TimerEvent: {}
[44.919970] (-) TimerEvent: {}
[45.020649] (-) TimerEvent: {}
[45.121377] (-) TimerEvent: {}
[45.222074] (-) TimerEvent: {}
[45.322720] (-) TimerEvent: {}
[45.423355] (-) TimerEvent: {}
[45.524050] (-) TimerEvent: {}
[45.624724] (-) TimerEvent: {}
[45.725420] (-) TimerEvent: {}
[45.826103] (-) TimerEvent: {}
[45.926783] (-) TimerEvent: {}
[46.027474] (-) TimerEvent: {}
[46.128167] (-) TimerEvent: {}
[46.228843] (-) TimerEvent: {}
[46.329515] (-) TimerEvent: {}
[46.430201] (-) TimerEvent: {}
[46.530886] (-) TimerEvent: {}
[46.631598] (-) TimerEvent: {}
[46.732313] (-) TimerEvent: {}
[46.833073] (-) TimerEvent: {}
[46.933755] (-) TimerEvent: {}
[47.034411] (-) TimerEvent: {}
[47.135108] (-) TimerEvent: {}
[47.235835] (-) TimerEvent: {}
[47.336517] (-) TimerEvent: {}
[47.437272] (-) TimerEvent: {}
[47.537951] (-) TimerEvent: {}
[47.638658] (-) TimerEvent: {}
[47.739341] (-) TimerEvent: {}
[47.840035] (-) TimerEvent: {}
[47.940757] (-) TimerEvent: {}
[48.041408] (-) TimerEvent: {}
[48.142094] (-) TimerEvent: {}
[48.242777] (-) TimerEvent: {}
[48.343455] (-) TimerEvent: {}
[48.444124] (-) TimerEvent: {}
[48.544841] (-) TimerEvent: {}
[48.645506] (-) TimerEvent: {}
[48.746190] (-) TimerEvent: {}
[48.846882] (-) TimerEvent: {}
[48.947570] (-) TimerEvent: {}
[49.048241] (-) TimerEvent: {}
[49.148893] (-) TimerEvent: {}
[49.249556] (-) TimerEvent: {}
[49.350282] (-) TimerEvent: {}
[49.450991] (-) TimerEvent: {}
[49.551656] (-) TimerEvent: {}
[49.652365] (-) TimerEvent: {}
[49.753179] (-) TimerEvent: {}
[49.853843] (-) TimerEvent: {}
[49.954580] (-) TimerEvent: {}
[50.055752] (-) TimerEvent: {}
[50.156858] (-) TimerEvent: {}
[50.257626] (-) TimerEvent: {}
[50.358431] (-) TimerEvent: {}
[50.459098] (-) TimerEvent: {}
[50.559749] (-) TimerEvent: {}
[50.660415] (-) TimerEvent: {}
[50.761197] (-) TimerEvent: {}
[50.861896] (-) TimerEvent: {}
[50.962575] (-) TimerEvent: {}
[51.063269] (-) TimerEvent: {}
[51.163928] (-) TimerEvent: {}
[51.264598] (-) TimerEvent: {}
[51.365302] (-) TimerEvent: {}
[51.465980] (-) TimerEvent: {}
[51.566681] (-) TimerEvent: {}
[51.667392] (-) TimerEvent: {}
[51.768107] (-) TimerEvent: {}
[51.868833] (-) TimerEvent: {}
[51.969557] (-) TimerEvent: {}
[52.070369] (-) TimerEvent: {}
[52.171076] (-) TimerEvent: {}
[52.271834] (-) TimerEvent: {}
[52.372606] (-) TimerEvent: {}
[52.473407] (-) TimerEvent: {}
[52.574108] (-) TimerEvent: {}
[52.578842] (sllidar_ros2) StdoutLine: {'line': b'[100%] \x1b[32m\x1b[1mLinking CXX executable sllidar_client\x1b[0m\n'}
[52.674353] (-) TimerEvent: {}
[52.775192] (-) TimerEvent: {}
[52.876075] (-) TimerEvent: {}
[52.976899] (-) TimerEvent: {}
[53.077854] (-) TimerEvent: {}
[53.178773] (-) TimerEvent: {}
[53.279908] (-) TimerEvent: {}
[53.380941] (-) TimerEvent: {}
[53.481754] (-) TimerEvent: {}
[53.582666] (-) TimerEvent: {}
[53.683331] (-) TimerEvent: {}
[53.783962] (-) TimerEvent: {}
[53.884793] (-) TimerEvent: {}
[53.985622] (-) TimerEvent: {}
[54.086296] (-) TimerEvent: {}
[54.187049] (-) TimerEvent: {}
[54.287712] (-) TimerEvent: {}
[54.376079] (sllidar_ros2) StdoutLine: {'line': b'[100%] Built target sllidar_client\n'}
[54.387915] (-) TimerEvent: {}
[54.418492] (sllidar_ros2) CommandEnded: {'returncode': 0}
[54.488080] (-) TimerEvent: {}
[54.588935] (-) TimerEvent: {}
[54.689569] (-) TimerEvent: {}
[54.790270] (-) TimerEvent: {}
[54.834270] (sllidar_ros2) JobProgress: {'identifier': 'sllidar_ros2', 'progress': 'install'}
[54.869429] (sllidar_ros2) Command: {'cmd': ['/usr/bin/cmake', '--install', '/home/arno/RoombaV2Onboard/build/sllidar_ros2'], 'cwd': '/home/arno/RoombaV2Onboard/build/sllidar_ros2', 'env': OrderedDict([('LESSOPEN', '| /usr/bin/lesspipe %s'), ('USER', 'arno'), ('SSH_CLIENT', '192.168.177.158 34082 22'), ('LC_TIME', 'de_CH.UTF-8'), ('XDG_SESSION_TYPE', 'tty'), ('SHLVL', '1'), ('LD_LIBRARY_PATH', '/opt/ros/humble/opt/rviz_ogre_vendor/lib:/opt/ros/humble/lib/aarch64-linux-gnu:/opt/ros/humble/lib'), ('MOTD_SHOWN', 'pam'), ('HOME', '/home/arno'), ('OLDPWD', '/home/arno/RoombaV2Onboard/src'), ('SSH_TTY', '/dev/pts/0'), ('ROS_PYTHON_VERSION', '3'), ('LC_MONETARY', 'de_CH.UTF-8'), ('DBUS_SESSION_BUS_ADDRESS', 'unix:path=/run/user/1000/bus'), ('COLCON_PREFIX_PATH', '/home/arno/RoombaV2Onboard/install'), ('ROS_DISTRO', 'humble'), ('LOGNAME', 'arno'), ('_', '/usr/bin/colcon'), ('ROS_VERSION', '2'), ('XDG_SESSION_CLASS', 'user'), ('TERM', 'xterm-256color'), ('XDG_SESSION_ID', '1'), ('ROS_LOCALHOST_ONLY', '0'), ('PATH', '/opt/ros/humble/bin:/usr/local/sbin:/usr/local/bin:/usr/sbin:/usr/bin:/sbin:/bin:/usr/games:/usr/local/games:/snap/bin'), ('LC_ADDRESS', 'de_CH.UTF-8'), ('XDG_RUNTIME_DIR', '/run/user/1000'), ('LANG', 'en_US.UTF-8'), ('LC_TELEPHONE', 'de_CH.UTF-8'), ('LS_COLORS', 'rs=0:di=01;34:ln=01;36:mh=00:pi=40;33:so=01;35:do=01;35:bd=40;33;01:cd=40;33;01:or=40;31;01:mi=00:su=37;41:sg=30;43:ca=30;41:tw=30;42:ow=34;42:st=37;44:ex=01;32:*.tar=01;31:*.tgz=01;31:*.arc=01;31:*.arj=01;31:*.taz=01;31:*.lha=01;31:*.lz4=01;31:*.lzh=01;31:*.lzma=01;31:*.tlz=01;31:*.txz=01;31:*.tzo=01;31:*.t7z=01;31:*.zip=01;31:*.z=01;31:*.dz=01;31:*.gz=01;31:*.lrz=01;31:*.lz=01;31:*.lzo=01;31:*.xz=01;31:*.zst=01;31:*.tzst=01;31:*.bz2=01;31:*.bz=01;31:*.tbz=01;31:*.tbz2=01;31:*.tz=01;31:*.deb=01;31:*.rpm=01;31:*.jar=01;31:*.war=01;31:*.ear=01;31:*.sar=01;31:*.rar=01;31:*.alz=01;31:*.ace=01;31:*.zoo=01;31:*.cpio=01;31:*.7z=01;31:*.rz=01;31:*.cab=01;31:*.wim=01;31:*.swm=01;31:*.dwm=01;31:*.esd=01;31:*.jpg=01;35:*.jpeg=01;35:*.mjpg=01;35:*.mjpeg=01;35:*.gif=01;35:*.bmp=01;35:*.pbm=01;35:*.pgm=01;35:*.ppm=01;35:*.tga=01;35:*.xbm=01;35:*.xpm=01;35:*.tif=01;35:*.tiff=01;35:*.png=01;35:*.svg=01;35:*.svgz=01;35:*.mng=01;35:*.pcx=01;35:*.mov=01;35:*.mpg=01;35:*.mpeg=01;35:*.m2v=01;35:*.mkv=01;35:*.webm=01;35:*.webp=01;35:*.ogm=01;35:*.mp4=01;35:*.m4v=01;35:*.mp4v=01;35:*.vob=01;35:*.qt=01;35:*.nuv=01;35:*.wmv=01;35:*.asf=01;35:*.rm=01;35:*.rmvb=01;35:*.flc=01;35:*.avi=01;35:*.fli=01;35:*.flv=01;35:*.gl=01;35:*.dl=01;35:*.xcf=01;35:*.xwd=01;35:*.yuv=01;35:*.cgm=01;35:*.emf=01;35:*.ogv=01;35:*.ogx=01;35:*.aac=00;36:*.au=00;36:*.flac=00;36:*.m4a=00;36:*.mid=00;36:*.midi=00;36:*.mka=00;36:*.mp3=00;36:*.mpc=00;36:*.ogg=00;36:*.ra=00;36:*.wav=00;36:*.oga=00;36:*.opus=00;36:*.spx=00;36:*.xspf=00;36:'), ('AMENT_PREFIX_PATH', '/home/arno/RoombaV2Onboard/install/sllidar_ros2:/home/arno/RoombaV2Onboard/install/rover_stream:/home/arno/RoombaV2Onboard/install/roombav2:/home/arno/RoombaV2Onboard/install/RoverReceive:/opt/ros/humble'), ('SHELL', '/bin/bash'), ('LC_NAME', 'de_CH.UTF-8'), ('LESSCLOSE', '/usr/bin/lesspipe %s %s'), ('LC_MEASUREMENT', 'de_CH.UTF-8'), ('LC_IDENTIFICATION', 'de_CH.UTF-8'), ('PWD', '/home/arno/RoombaV2Onboard/build/sllidar_ros2'), ('LC_ALL', 'en_US.UTF-8'), ('SSH_CONNECTION', '192.168.177.158 34082 192.168.177.79 22'), ('XDG_DATA_DIRS', '/usr/local/share:/usr/share:/var/lib/snapd/desktop'), ('PYTHONPATH', '/home/arno/RoombaV2Onboard/build/rover_stream:/home/arno/RoombaV2Onboard/install/rover_stream/lib/python3.10/site-packages:/home/arno/RoombaV2Onboard/build/roombav2:/home/arno/RoombaV2Onboard/install/roombav2/lib/python3.10/site-packages:/home/arno/RoombaV2Onboard/build/RoverReceive:/home/arno/RoombaV2Onboard/install/RoverReceive/lib/python3.10/site-packages:/opt/ros/humble/lib/python3.10/site-packages:/opt/ros/humble/local/lib/python3.10/dist-packages'), ('LC_NUMERIC', 'de_CH.UTF-8'), ('LC_PAPER', 'de_CH.UTF-8'), ('COLCON', '1'), ('CMAKE_PREFIX_PATH', '/home/arno/RoombaV2Onboard/install/sllidar_ros2:/home/arno/RoombaV2Onboard/install/rover_stream:/home/arno/RoombaV2Onboard/install/roombav2:/home/arno/RoombaV2Onboard/install/RoverReceive:/opt/ros/humble')]), 'shell': False}
[54.890489] (-) TimerEvent: {}
[54.902279] (sllidar_ros2) StdoutLine: {'line': b'-- Install configuration: ""\n'}
[54.903940] (sllidar_ros2) StdoutLine: {'line': b'-- Execute custom install script\n'}
[54.907460] (sllidar_ros2) StdoutLine: {'line': b'-- Symlinking: /home/arno/RoombaV2Onboard/install/sllidar_ros2/share/sllidar_ros2/launch/sllidar_a1_launch.py\n'}
[54.937933] (sllidar_ros2) StdoutLine: {'line': b'-- Symlinking: /home/arno/RoombaV2Onboard/install/sllidar_ros2/share/sllidar_ros2/launch/sllidar_a2m12_launch .py\n'}
[54.967256] (sllidar_ros2) StdoutLine: {'line': b'-- Symlinking: /home/arno/RoombaV2Onboard/install/sllidar_ros2/share/sllidar_ros2/launch/sllidar_a2m7_launch.py\n'}
[54.990706] (-) TimerEvent: {}
[55.000740] (sllidar_ros2) StdoutLine: {'line': b'-- Symlinking: /home/arno/RoombaV2Onboard/install/sllidar_ros2/share/sllidar_ros2/launch/sllidar_a2m8_launch.py\n'}
[55.031889] (sllidar_ros2) StdoutLine: {'line': b'-- Symlinking: /home/arno/RoombaV2Onboard/install/sllidar_ros2/share/sllidar_ros2/launch/sllidar_a3_launch.py\n'}
[55.061720] (sllidar_ros2) StdoutLine: {'line': b'-- Symlinking: /home/arno/RoombaV2Onboard/install/sllidar_ros2/share/sllidar_ros2/launch/sllidar_c1_launch.py\n'}
[55.090945] (-) TimerEvent: {}
[55.091642] (sllidar_ros2) StdoutLine: {'line': b'-- Symlinking: /home/arno/RoombaV2Onboard/install/sllidar_ros2/share/sllidar_ros2/launch/sllidar_s1_launch.py\n'}
[55.121168] (sllidar_ros2) StdoutLine: {'line': b'-- Symlinking: /home/arno/RoombaV2Onboard/install/sllidar_ros2/share/sllidar_ros2/launch/sllidar_s1_tcp_launch.py\n'}
[55.151336] (sllidar_ros2) StdoutLine: {'line': b'-- Symlinking: /home/arno/RoombaV2Onboard/install/sllidar_ros2/share/sllidar_ros2/launch/sllidar_s2_launch.py\n'}
[55.181275] (sllidar_ros2) StdoutLine: {'line': b'-- Symlinking: /home/arno/RoombaV2Onboard/install/sllidar_ros2/share/sllidar_ros2/launch/sllidar_s2e_launch.py\n'}
[55.191125] (-) TimerEvent: {}
[55.211800] (sllidar_ros2) StdoutLine: {'line': b'-- Symlinking: /home/arno/RoombaV2Onboard/install/sllidar_ros2/share/sllidar_ros2/launch/sllidar_s3_launch.py\n'}
[55.242446] (sllidar_ros2) StdoutLine: {'line': b'-- Symlinking: /home/arno/RoombaV2Onboard/install/sllidar_ros2/share/sllidar_ros2/launch/sllidar_t1_launch.py\n'}
[55.273029] (sllidar_ros2) StdoutLine: {'line': b'-- Symlinking: /home/arno/RoombaV2Onboard/install/sllidar_ros2/share/sllidar_ros2/launch/view_sllidar_a1_launch.py\n'}
[55.291367] (-) TimerEvent: {}
[55.302971] (sllidar_ros2) StdoutLine: {'line': b'-- Symlinking: /home/arno/RoombaV2Onboard/install/sllidar_ros2/share/sllidar_ros2/launch/view_sllidar_a2m12_launch.py\n'}
[55.333195] (sllidar_ros2) StdoutLine: {'line': b'-- Symlinking: /home/arno/RoombaV2Onboard/install/sllidar_ros2/share/sllidar_ros2/launch/view_sllidar_a2m7_launch.py\n'}
[55.363201] (sllidar_ros2) StdoutLine: {'line': b'-- Symlinking: /home/arno/RoombaV2Onboard/install/sllidar_ros2/share/sllidar_ros2/launch/view_sllidar_a2m8_launch.py\n'}
[55.391563] (-) TimerEvent: {}
[55.393599] (sllidar_ros2) StdoutLine: {'line': b'-- Symlinking: /home/arno/RoombaV2Onboard/install/sllidar_ros2/share/sllidar_ros2/launch/view_sllidar_a3_launch.py\n'}
[55.424852] (sllidar_ros2) StdoutLine: {'line': b'-- Symlinking: /home/arno/RoombaV2Onboard/install/sllidar_ros2/share/sllidar_ros2/launch/view_sllidar_c1_launch.py\n'}
[55.454887] (sllidar_ros2) StdoutLine: {'line': b'-- Symlinking: /home/arno/RoombaV2Onboard/install/sllidar_ros2/share/sllidar_ros2/launch/view_sllidar_s1_launch.py\n'}
[55.484985] (sllidar_ros2) StdoutLine: {'line': b'-- Symlinking: /home/arno/RoombaV2Onboard/install/sllidar_ros2/share/sllidar_ros2/launch/view_sllidar_s1_tcp_launch.py\n'}
[55.491809] (-) TimerEvent: {}
[55.517115] (sllidar_ros2) StdoutLine: {'line': b'-- Symlinking: /home/arno/RoombaV2Onboard/install/sllidar_ros2/share/sllidar_ros2/launch/view_sllidar_s2_launch.py\n'}
[55.546552] (sllidar_ros2) StdoutLine: {'line': b'-- Symlinking: /home/arno/RoombaV2Onboard/install/sllidar_ros2/share/sllidar_ros2/launch/view_sllidar_s2e_launch.py\n'}
[55.576979] (sllidar_ros2) StdoutLine: {'line': b'-- Symlinking: /home/arno/RoombaV2Onboard/install/sllidar_ros2/share/sllidar_ros2/launch/view_sllidar_s3_launch.py\n'}
[55.592001] (-) TimerEvent: {}
[55.607617] (sllidar_ros2) StdoutLine: {'line': b'-- Symlinking: /home/arno/RoombaV2Onboard/install/sllidar_ros2/share/sllidar_ros2/launch/view_sllidar_t1_launch.py\n'}
[55.640789] (sllidar_ros2) StdoutLine: {'line': b'-- Symlinking: /home/arno/RoombaV2Onboard/install/sllidar_ros2/share/sllidar_ros2/rviz/sllidar_ros2.rviz\n'}
[55.674080] (sllidar_ros2) StdoutLine: {'line': b'-- Symlinking: /home/arno/RoombaV2Onboard/install/sllidar_ros2/lib/sllidar_ros2/sllidar_node\n'}
[55.692254] (-) TimerEvent: {}
[55.704712] (sllidar_ros2) StdoutLine: {'line': b'-- Symlinking: /home/arno/RoombaV2Onboard/install/sllidar_ros2/lib/sllidar_ros2/sllidar_client\n'}
[55.735327] (sllidar_ros2) StdoutLine: {'line': b'-- Symlinking: /home/arno/RoombaV2Onboard/install/sllidar_ros2/share/ament_index/resource_index/package_run_dependencies/sllidar_ros2\n'}
[55.765856] (sllidar_ros2) StdoutLine: {'line': b'-- Symlinking: /home/arno/RoombaV2Onboard/install/sllidar_ros2/share/ament_index/resource_index/parent_prefix_path/sllidar_ros2\n'}
[55.792449] (-) TimerEvent: {}
[55.797182] (sllidar_ros2) StdoutLine: {'line': b'-- Symlinking: /home/arno/RoombaV2Onboard/install/sllidar_ros2/share/sllidar_ros2/environment/ament_prefix_path.sh\n'}
[55.828948] (sllidar_ros2) StdoutLine: {'line': b'-- Symlinking: /home/arno/RoombaV2Onboard/install/sllidar_ros2/share/sllidar_ros2/environment/ament_prefix_path.dsv\n'}
[55.859225] (sllidar_ros2) StdoutLine: {'line': b'-- Symlinking: /home/arno/RoombaV2Onboard/install/sllidar_ros2/share/sllidar_ros2/environment/path.sh\n'}
[55.892242] (sllidar_ros2) StdoutLine: {'line': b'-- Symlinking: /home/arno/RoombaV2Onboard/install/sllidar_ros2/share/sllidar_ros2/environment/path.dsv\n'}
[55.892899] (-) TimerEvent: {}
[55.923522] (sllidar_ros2) StdoutLine: {'line': b'-- Symlinking: /home/arno/RoombaV2Onboard/install/sllidar_ros2/share/sllidar_ros2/local_setup.bash\n'}
[55.953245] (sllidar_ros2) StdoutLine: {'line': b'-- Symlinking: /home/arno/RoombaV2Onboard/install/sllidar_ros2/share/sllidar_ros2/local_setup.sh\n'}
[55.985928] (sllidar_ros2) StdoutLine: {'line': b'-- Symlinking: /home/arno/RoombaV2Onboard/install/sllidar_ros2/share/sllidar_ros2/local_setup.zsh\n'}
[55.993083] (-) TimerEvent: {}
[56.016349] (sllidar_ros2) StdoutLine: {'line': b'-- Symlinking: /home/arno/RoombaV2Onboard/install/sllidar_ros2/share/sllidar_ros2/local_setup.dsv\n'}
[56.046492] (sllidar_ros2) StdoutLine: {'line': b'-- Symlinking: /home/arno/RoombaV2Onboard/install/sllidar_ros2/share/sllidar_ros2/package.dsv\n'}
[56.077957] (sllidar_ros2) StdoutLine: {'line': b'-- Symlinking: /home/arno/RoombaV2Onboard/install/sllidar_ros2/share/ament_index/resource_index/packages/sllidar_ros2\n'}
[56.093269] (-) TimerEvent: {}
[56.109895] (sllidar_ros2) StdoutLine: {'line': b'-- Symlinking: /home/arno/RoombaV2Onboard/install/sllidar_ros2/share/sllidar_ros2/cmake/ament_cmake_export_dependencies-extras.cmake\n'}
[56.140267] (sllidar_ros2) StdoutLine: {'line': b'-- Symlinking: /home/arno/RoombaV2Onboard/install/sllidar_ros2/share/sllidar_ros2/cmake/ament_cmake_export_include_directories-extras.cmake\n'}
[56.171165] (sllidar_ros2) StdoutLine: {'line': b'-- Symlinking: /home/arno/RoombaV2Onboard/install/sllidar_ros2/share/sllidar_ros2/cmake/sllidar_ros2Config.cmake\n'}
[56.193436] (-) TimerEvent: {}
[56.201811] (sllidar_ros2) StdoutLine: {'line': b'-- Symlinking: /home/arno/RoombaV2Onboard/install/sllidar_ros2/share/sllidar_ros2/cmake/sllidar_ros2Config-version.cmake\n'}
[56.232052] (sllidar_ros2) StdoutLine: {'line': b'-- Symlinking: /home/arno/RoombaV2Onboard/install/sllidar_ros2/share/sllidar_ros2/package.xml\n'}
[56.267074] (sllidar_ros2) CommandEnded: {'returncode': 0}
[56.293577] (-) TimerEvent: {}
[56.394204] (-) TimerEvent: {}
[56.494918] (-) TimerEvent: {}
[56.595660] (-) TimerEvent: {}
[56.696479] (-) TimerEvent: {}
[56.741086] (sllidar_ros2) JobEnded: {'identifier': 'sllidar_ros2', 'rc': 0}
[56.747119] (-) EventReactorShutdown: {}
