[0.000000] (-) TimerEvent: {}
[0.002580] (RoverReceive) JobQueued: {'identifier': 'RoverReceive', 'dependencies': OrderedDict()}
[0.003054] (rf2o_laser_odometry) JobQueued: {'identifier': 'rf2o_laser_odometry', 'dependencies': OrderedDict()}
[0.003650] (roombav2) JobQueued: {'identifier': 'roombav2', 'dependencies': OrderedDict()}
[0.004002] (rover_stream) JobQueued: {'identifier': 'rover_stream', 'dependencies': OrderedDict()}
[0.004199] (sllidar_ros2) JobQueued: {'identifier': 'sllidar_ros2', 'dependencies': OrderedDict()}
[0.004380] (RoverReceive) JobStarted: {'identifier': 'RoverReceive'}
[0.075059] (rf2o_laser_odometry) JobStarted: {'identifier': 'rf2o_laser_odometry'}
[0.095669] (-) TimerEvent: {}
[0.114536] (roombav2) JobStarted: {'identifier': 'roombav2'}
[0.164790] (rover_stream) JobStarted: {'identifier': 'rover_stream'}
[0.195892] (-) TimerEvent: {}
[0.297007] (-) TimerEvent: {}
[0.398205] (-) TimerEvent: {}
[0.499470] (-) TimerEvent: {}
[0.600660] (-) TimerEvent: {}
[0.701898] (-) TimerEvent: {}
[0.803381] (-) TimerEvent: {}
[0.904663] (-) TimerEvent: {}
[1.005820] (-) TimerEvent: {}
[1.107088] (-) TimerEvent: {}
[1.208267] (-) TimerEvent: {}
[1.309554] (-) TimerEvent: {}
[1.410757] (-) TimerEvent: {}
[1.511950] (-) TimerEvent: {}
[1.613076] (-) TimerEvent: {}
[1.714221] (-) TimerEvent: {}
[1.815434] (-) TimerEvent: {}
[1.916572] (-) TimerEvent: {}
[2.017772] (-) TimerEvent: {}
[2.119066] (-) TimerEvent: {}
[2.220269] (-) TimerEvent: {}
[2.321535] (-) TimerEvent: {}
[2.422897] (-) TimerEvent: {}
[2.524400] (-) TimerEvent: {}
[2.625885] (-) TimerEvent: {}
[2.652899] (rf2o_laser_odometry) JobProgress: {'identifier': 'rf2o_laser_odometry', 'progress': 'cmake'}
[2.654991] (rf2o_laser_odometry) Command: {'cmd': ['/usr/bin/cmake', '/home/arno/RoombaV2Onboard/src/rf2o_laser_odometry', '-DCMAKE_INSTALL_PREFIX=/home/arno/RoombaV2Onboard/install/rf2o_laser_odometry'], 'cwd': '/home/arno/RoombaV2Onboard/build/rf2o_laser_odometry', 'env': OrderedDict([('LESSOPEN', '| /usr/bin/lesspipe %s'), ('USER', 'arno'), ('SSH_CLIENT', '192.168.177.158 53836 22'), ('LC_TIME', 'de_CH.UTF-8'), ('XDG_SESSION_TYPE', 'tty'), ('SHLVL', '1'), ('LD_LIBRARY_PATH', '/opt/ros/humble/opt/rviz_ogre_vendor/lib:/opt/ros/humble/lib/aarch64-linux-gnu:/opt/ros/humble/lib'), ('MOTD_SHOWN', 'pam'), ('HOME', '/home/arno'), ('OLDPWD', '/home/arno/RoombaV2Onboard/src/rf2o_laser_odometry'), ('SSH_TTY', '/dev/pts/0'), ('ROS_PYTHON_VERSION', '3'), ('LC_MONETARY', 'de_CH.UTF-8'), ('DBUS_SESSION_BUS_ADDRESS', 'unix:path=/run/user/1000/bus'), ('COLCON_PREFIX_PATH', '/home/arno/RoombaV2Onboard/install'), ('ROS_DISTRO', 'humble'), ('LOGNAME', 'arno'), ('_', '/usr/bin/colcon'), ('ROS_VERSION', '2'), ('XDG_SESSION_CLASS', 'user'), ('TERM', 'xterm-256color'), ('XDG_SESSION_ID', '1'), ('ROS_LOCALHOST_ONLY', '0'), ('PATH', '/home/arno/.local/bin:/opt/ros/humble/bin:/usr/local/sbin:/usr/local/bin:/usr/sbin:/usr/bin:/sbin:/bin:/usr/games:/usr/local/games:/snap/bin'), ('LC_ADDRESS', 'de_CH.UTF-8'), ('XDG_RUNTIME_DIR', '/run/user/1000'), ('LANG', 'en_US.UTF-8'), ('LC_TELEPHONE', 'de_CH.UTF-8'), ('LS_COLORS', 'rs=0:di=01;34:ln=01;36:mh=00:pi=40;33:so=01;35:do=01;35:bd=40;33;01:cd=40;33;01:or=40;31;01:mi=00:su=37;41:sg=30;43:ca=30;41:tw=30;42:ow=34;42:st=37;44:ex=01;32:*.tar=01;31:*.tgz=01;31:*.arc=01;31:*.arj=01;31:*.taz=01;31:*.lha=01;31:*.lz4=01;31:*.lzh=01;31:*.lzma=01;31:*.tlz=01;31:*.txz=01;31:*.tzo=01;31:*.t7z=01;31:*.zip=01;31:*.z=01;31:*.dz=01;31:*.gz=01;31:*.lrz=01;31:*.lz=01;31:*.lzo=01;31:*.xz=01;31:*.zst=01;31:*.tzst=01;31:*.bz2=01;31:*.bz=01;31:*.tbz=01;31:*.tbz2=01;31:*.tz=01;31:*.deb=01;31:*.rpm=01;31:*.jar=01;31:*.war=01;31:*.ear=01;31:*.sar=01;31:*.rar=01;31:*.alz=01;31:*.ace=01;31:*.zoo=01;31:*.cpio=01;31:*.7z=01;31:*.rz=01;31:*.cab=01;31:*.wim=01;31:*.swm=01;31:*.dwm=01;31:*.esd=01;31:*.jpg=01;35:*.jpeg=01;35:*.mjpg=01;35:*.mjpeg=01;35:*.gif=01;35:*.bmp=01;35:*.pbm=01;35:*.pgm=01;35:*.ppm=01;35:*.tga=01;35:*.xbm=01;35:*.xpm=01;35:*.tif=01;35:*.tiff=01;35:*.png=01;35:*.svg=01;35:*.svgz=01;35:*.mng=01;35:*.pcx=01;35:*.mov=01;35:*.mpg=01;35:*.mpeg=01;35:*.m2v=01;35:*.mkv=01;35:*.webm=01;35:*.webp=01;35:*.ogm=01;35:*.mp4=01;35:*.m4v=01;35:*.mp4v=01;35:*.vob=01;35:*.qt=01;35:*.nuv=01;35:*.wmv=01;35:*.asf=01;35:*.rm=01;35:*.rmvb=01;35:*.flc=01;35:*.avi=01;35:*.fli=01;35:*.flv=01;35:*.gl=01;35:*.dl=01;35:*.xcf=01;35:*.xwd=01;35:*.yuv=01;35:*.cgm=01;35:*.emf=01;35:*.ogv=01;35:*.ogx=01;35:*.aac=00;36:*.au=00;36:*.flac=00;36:*.m4a=00;36:*.mid=00;36:*.midi=00;36:*.mka=00;36:*.mp3=00;36:*.mpc=00;36:*.ogg=00;36:*.ra=00;36:*.wav=00;36:*.oga=00;36:*.opus=00;36:*.spx=00;36:*.xspf=00;36:'), ('AMENT_PREFIX_PATH', '/home/arno/RoombaV2Onboard/install/sllidar_ros2:/home/arno/RoombaV2Onboard/install/rover_stream:/home/arno/RoombaV2Onboard/install/roombav2:/home/arno/RoombaV2Onboard/install/RoverReceive:/opt/ros/humble'), ('SHELL', '/bin/bash'), ('LC_NAME', 'de_CH.UTF-8'), ('LESSCLOSE', '/usr/bin/lesspipe %s %s'), ('LC_MEASUREMENT', 'de_CH.UTF-8'), ('LC_IDENTIFICATION', 'de_CH.UTF-8'), ('PWD', '/home/arno/RoombaV2Onboard/build/rf2o_laser_odometry'), ('LC_ALL', 'en_US.UTF-8'), ('SSH_CONNECTION', '192.168.177.158 53836 192.168.177.115 22'), ('XDG_DATA_DIRS', '/usr/local/share:/usr/share:/var/lib/snapd/desktop'), ('PYTHONPATH', '/home/arno/RoombaV2Onboard/install/rover_stream/lib/python3.10/site-packages:/home/arno/RoombaV2Onboard/install/roombav2/lib/python3.10/site-packages:/home/arno/RoombaV2Onboard/install/RoverReceive/lib/python3.10/site-packages:/opt/ros/humble/lib/python3.10/site-packages:/opt/ros/humble/local/lib/python3.10/dist-packages'), ('LC_NUMERIC', 'de_CH.UTF-8'), ('LC_PAPER', 'de_CH.UTF-8'), ('COLCON', '1'), ('CMAKE_PREFIX_PATH', '/home/arno/RoombaV2Onboard/install/sllidar_ros2:/home/arno/RoombaV2Onboard/install/rover_stream:/home/arno/RoombaV2Onboard/install/roombav2:/home/arno/RoombaV2Onboard/install/RoverReceive:/opt/ros/humble')]), 'shell': False}
[2.726180] (-) TimerEvent: {}
[2.827458] (-) TimerEvent: {}
[2.928811] (-) TimerEvent: {}
[3.030105] (-) TimerEvent: {}
[3.131576] (-) TimerEvent: {}
[3.233023] (-) TimerEvent: {}
[3.334269] (-) TimerEvent: {}
[3.435812] (-) TimerEvent: {}
[3.537072] (-) TimerEvent: {}
[3.638283] (-) TimerEvent: {}
[3.739603] (-) TimerEvent: {}
[3.840924] (-) TimerEvent: {}
[3.942145] (-) TimerEvent: {}
[4.043600] (-) TimerEvent: {}
[4.145069] (-) TimerEvent: {}
[4.246376] (-) TimerEvent: {}
[4.347664] (-) TimerEvent: {}
[4.448899] (-) TimerEvent: {}
[4.550227] (-) TimerEvent: {}
[4.652602] (-) TimerEvent: {}
[4.753889] (-) TimerEvent: {}
[4.855519] (-) TimerEvent: {}
[4.957030] (-) TimerEvent: {}
[5.058365] (-) TimerEvent: {}
[5.159839] (-) TimerEvent: {}
[5.261580] (-) TimerEvent: {}
[5.340572] (rf2o_laser_odometry) StdoutLine: {'line': b'-- The C compiler identification is GNU 11.4.0\n'}
[5.362021] (-) TimerEvent: {}
[5.463698] (-) TimerEvent: {}
[5.565077] (-) TimerEvent: {}
[5.667048] (-) TimerEvent: {}
[5.768296] (-) TimerEvent: {}
[5.869768] (-) TimerEvent: {}
[5.971108] (-) TimerEvent: {}
[6.072459] (-) TimerEvent: {}
[6.173878] (-) TimerEvent: {}
[6.275227] (-) TimerEvent: {}
[6.348335] (rf2o_laser_odometry) StdoutLine: {'line': b'-- The CXX compiler identification is GNU 11.4.0\n'}
[6.375466] (-) TimerEvent: {}
[6.439567] (rf2o_laser_odometry) StdoutLine: {'line': b'-- Detecting C compiler ABI info\n'}
[6.475708] (-) TimerEvent: {}
[6.576994] (-) TimerEvent: {}
[6.678639] (-) TimerEvent: {}
[6.779969] (-) TimerEvent: {}
[6.881507] (-) TimerEvent: {}
[6.982907] (-) TimerEvent: {}
[7.084398] (-) TimerEvent: {}
[7.148281] (rf2o_laser_odometry) StdoutLine: {'line': b'-- Detecting C compiler ABI info - done\n'}
[7.184645] (-) TimerEvent: {}
[7.209496] (rf2o_laser_odometry) StdoutLine: {'line': b'-- Check for working C compiler: /usr/bin/cc - skipped\n'}
[7.213817] (rf2o_laser_odometry) StdoutLine: {'line': b'-- Detecting C compile features\n'}
[7.218854] (rf2o_laser_odometry) StdoutLine: {'line': b'-- Detecting C compile features - done\n'}
[7.248346] (rf2o_laser_odometry) StdoutLine: {'line': b'-- Detecting CXX compiler ABI info\n'}
[7.284905] (-) TimerEvent: {}
[7.386531] (-) TimerEvent: {}
[7.490851] (-) TimerEvent: {}
[7.599562] (-) TimerEvent: {}
[7.701004] (-) TimerEvent: {}
[7.802410] (-) TimerEvent: {}
[7.903953] (-) TimerEvent: {}
[8.004872] (rf2o_laser_odometry) StdoutLine: {'line': b'-- Detecting CXX compiler ABI info - done\n'}
[8.005988] (-) TimerEvent: {}
[8.068822] (rf2o_laser_odometry) StdoutLine: {'line': b'-- Check for working CXX compiler: /usr/bin/c++ - skipped\n'}
[8.071299] (rf2o_laser_odometry) StdoutLine: {'line': b'-- Detecting CXX compile features\n'}
[8.074986] (rf2o_laser_odometry) StdoutLine: {'line': b'-- Detecting CXX compile features - done\n'}
[8.106428] (-) TimerEvent: {}
[8.159188] (rf2o_laser_odometry) StdoutLine: {'line': b'-- Found ament_cmake: 1.3.10 (/opt/ros/humble/share/ament_cmake/cmake)\n'}
[8.208589] (-) TimerEvent: {}
[8.311317] (-) TimerEvent: {}
[8.412995] (-) TimerEvent: {}
[8.514979] (-) TimerEvent: {}
[8.618023] (-) TimerEvent: {}
[8.720715] (-) TimerEvent: {}
[8.824208] (-) TimerEvent: {}
[8.926882] (-) TimerEvent: {}
[9.030049] (-) TimerEvent: {}
[9.133716] (-) TimerEvent: {}
[9.236594] (-) TimerEvent: {}
[9.338426] (-) TimerEvent: {}
[9.440293] (-) TimerEvent: {}
[9.543677] (-) TimerEvent: {}
[9.646596] (-) TimerEvent: {}
[9.749578] (-) TimerEvent: {}
[9.852769] (-) TimerEvent: {}
[9.954653] (-) TimerEvent: {}
[10.056445] (-) TimerEvent: {}
[10.159075] (-) TimerEvent: {}
[10.261701] (-) TimerEvent: {}
[10.365253] (-) TimerEvent: {}
[10.468395] (-) TimerEvent: {}
[10.570007] (-) TimerEvent: {}
[10.671750] (-) TimerEvent: {}
[10.692009] (rf2o_laser_odometry) StdoutLine: {'line': b'-- Found Python3: /usr/bin/python3 (found version "3.10.12") found components: Interpreter \n'}
[10.772099] (-) TimerEvent: {}
[10.873790] (-) TimerEvent: {}
[10.975667] (-) TimerEvent: {}
[11.077486] (-) TimerEvent: {}
[11.179295] (-) TimerEvent: {}
[11.281284] (-) TimerEvent: {}
[11.384774] (-) TimerEvent: {}
[11.488087] (-) TimerEvent: {}
[11.591367] (-) TimerEvent: {}
[11.694574] (-) TimerEvent: {}
[11.796148] (-) TimerEvent: {}
[11.897771] (-) TimerEvent: {}
[11.999221] (-) TimerEvent: {}
[12.100799] (-) TimerEvent: {}
[12.204386] (-) TimerEvent: {}
[12.307697] (-) TimerEvent: {}
[12.410957] (-) TimerEvent: {}
[12.513986] (-) TimerEvent: {}
[12.534787] (rf2o_laser_odometry) StdoutLine: {'line': b'-- Found rclcpp: 16.0.10 (/opt/ros/humble/share/rclcpp/cmake)\n'}
[12.614261] (-) TimerEvent: {}
[12.716029] (-) TimerEvent: {}
[12.817964] (-) TimerEvent: {}
[12.919640] (-) TimerEvent: {}
[13.022375] (-) TimerEvent: {}
[13.126011] (-) TimerEvent: {}
[13.229045] (-) TimerEvent: {}
[13.333325] (-) TimerEvent: {}
[13.435519] (-) TimerEvent: {}
[13.537686] (-) TimerEvent: {}
[13.642737] (-) TimerEvent: {}
[13.654577] (RoverReceive) Command: {'cmd': ['/usr/bin/python3', '-W', 'ignore:setup.py install is deprecated', 'setup.py', 'egg_info', '--egg-base', '../../build/RoverReceive', 'build', '--build-base', '/home/arno/RoombaV2Onboard/build/RoverReceive/build', 'install', '--record', '/home/arno/RoombaV2Onboard/build/RoverReceive/install.log', '--single-version-externally-managed', 'install_data'], 'cwd': '/home/arno/RoombaV2Onboard/src/RoverReceive', 'env': {'LESSOPEN': '| /usr/bin/lesspipe %s', 'USER': 'arno', 'SSH_CLIENT': '192.168.177.158 53836 22', 'LC_TIME': 'de_CH.UTF-8', 'XDG_SESSION_TYPE': 'tty', 'SHLVL': '1', 'LD_LIBRARY_PATH': '/opt/ros/humble/opt/rviz_ogre_vendor/lib:/opt/ros/humble/lib/aarch64-linux-gnu:/opt/ros/humble/lib', 'MOTD_SHOWN': 'pam', 'HOME': '/home/arno', 'OLDPWD': '/home/arno/RoombaV2Onboard/src/rf2o_laser_odometry', 'SSH_TTY': '/dev/pts/0', 'ROS_PYTHON_VERSION': '3', 'LC_MONETARY': 'de_CH.UTF-8', 'DBUS_SESSION_BUS_ADDRESS': 'unix:path=/run/user/1000/bus', 'COLCON_PREFIX_PATH': '/home/arno/RoombaV2Onboard/install', 'ROS_DISTRO': 'humble', 'LOGNAME': 'arno', '_': '/usr/bin/colcon', 'ROS_VERSION': '2', 'XDG_SESSION_CLASS': 'user', 'TERM': 'xterm-256color', 'XDG_SESSION_ID': '1', 'ROS_LOCALHOST_ONLY': '0', 'PATH': '/home/arno/.local/bin:/opt/ros/humble/bin:/usr/local/sbin:/usr/local/bin:/usr/sbin:/usr/bin:/sbin:/bin:/usr/games:/usr/local/games:/snap/bin', 'LC_ADDRESS': 'de_CH.UTF-8', 'XDG_RUNTIME_DIR': '/run/user/1000', 'LANG': 'en_US.UTF-8', 'LC_TELEPHONE': 'de_CH.UTF-8', 'LS_COLORS': 'rs=0:di=01;34:ln=01;36:mh=00:pi=40;33:so=01;35:do=01;35:bd=40;33;01:cd=40;33;01:or=40;31;01:mi=00:su=37;41:sg=30;43:ca=30;41:tw=30;42:ow=34;42:st=37;44:ex=01;32:*.tar=01;31:*.tgz=01;31:*.arc=01;31:*.arj=01;31:*.taz=01;31:*.lha=01;31:*.lz4=01;31:*.lzh=01;31:*.lzma=01;31:*.tlz=01;31:*.txz=01;31:*.tzo=01;31:*.t7z=01;31:*.zip=01;31:*.z=01;31:*.dz=01;31:*.gz=01;31:*.lrz=01;31:*.lz=01;31:*.lzo=01;31:*.xz=01;31:*.zst=01;31:*.tzst=01;31:*.bz2=01;31:*.bz=01;31:*.tbz=01;31:*.tbz2=01;31:*.tz=01;31:*.deb=01;31:*.rpm=01;31:*.jar=01;31:*.war=01;31:*.ear=01;31:*.sar=01;31:*.rar=01;31:*.alz=01;31:*.ace=01;31:*.zoo=01;31:*.cpio=01;31:*.7z=01;31:*.rz=01;31:*.cab=01;31:*.wim=01;31:*.swm=01;31:*.dwm=01;31:*.esd=01;31:*.jpg=01;35:*.jpeg=01;35:*.mjpg=01;35:*.mjpeg=01;35:*.gif=01;35:*.bmp=01;35:*.pbm=01;35:*.pgm=01;35:*.ppm=01;35:*.tga=01;35:*.xbm=01;35:*.xpm=01;35:*.tif=01;35:*.tiff=01;35:*.png=01;35:*.svg=01;35:*.svgz=01;35:*.mng=01;35:*.pcx=01;35:*.mov=01;35:*.mpg=01;35:*.mpeg=01;35:*.m2v=01;35:*.mkv=01;35:*.webm=01;35:*.webp=01;35:*.ogm=01;35:*.mp4=01;35:*.m4v=01;35:*.mp4v=01;35:*.vob=01;35:*.qt=01;35:*.nuv=01;35:*.wmv=01;35:*.asf=01;35:*.rm=01;35:*.rmvb=01;35:*.flc=01;35:*.avi=01;35:*.fli=01;35:*.flv=01;35:*.gl=01;35:*.dl=01;35:*.xcf=01;35:*.xwd=01;35:*.yuv=01;35:*.cgm=01;35:*.emf=01;35:*.ogv=01;35:*.ogx=01;35:*.aac=00;36:*.au=00;36:*.flac=00;36:*.m4a=00;36:*.mid=00;36:*.midi=00;36:*.mka=00;36:*.mp3=00;36:*.mpc=00;36:*.ogg=00;36:*.ra=00;36:*.wav=00;36:*.oga=00;36:*.opus=00;36:*.spx=00;36:*.xspf=00;36:', 'AMENT_PREFIX_PATH': '/home/arno/RoombaV2Onboard/install/sllidar_ros2:/home/arno/RoombaV2Onboard/install/rover_stream:/home/arno/RoombaV2Onboard/install/roombav2:/home/arno/RoombaV2Onboard/install/RoverReceive:/opt/ros/humble', 'SHELL': '/bin/bash', 'LC_NAME': 'de_CH.UTF-8', 'LESSCLOSE': '/usr/bin/lesspipe %s %s', 'LC_MEASUREMENT': 'de_CH.UTF-8', 'LC_IDENTIFICATION': 'de_CH.UTF-8', 'PWD': '/home/arno/RoombaV2Onboard/build/RoverReceive', 'LC_ALL': 'en_US.UTF-8', 'SSH_CONNECTION': '192.168.177.158 53836 192.168.177.115 22', 'XDG_DATA_DIRS': '/usr/local/share:/usr/share:/var/lib/snapd/desktop', 'PYTHONPATH': '/home/arno/RoombaV2Onboard/build/RoverReceive/prefix_override:/usr/lib/python3/dist-packages/colcon_core/task/python/colcon_distutils_commands:/home/arno/RoombaV2Onboard/install/RoverReceive/lib/python3.10/site-packages:/home/arno/RoombaV2Onboard/install/rover_stream/lib/python3.10/site-packages:/home/arno/RoombaV2Onboard/install/roombav2/lib/python3.10/site-packages:/home/arno/RoombaV2Onboard/install/RoverReceive/lib/python3.10/site-packages:/opt/ros/humble/lib/python3.10/site-packages:/opt/ros/humble/local/lib/python3.10/dist-packages', 'LC_NUMERIC': 'de_CH.UTF-8', 'LC_PAPER': 'de_CH.UTF-8', 'COLCON': '1', 'CMAKE_PREFIX_PATH': '/home/arno/RoombaV2Onboard/install/sllidar_ros2'}, 'shell': False}
[13.686021] (roombav2) Command: {'cmd': ['/usr/bin/python3', '-W', 'ignore:setup.py install is deprecated', 'setup.py', 'egg_info', '--egg-base', '../../build/roombav2', 'build', '--build-base', '/home/arno/RoombaV2Onboard/build/roombav2/build', 'install', '--record', '/home/arno/RoombaV2Onboard/build/roombav2/install.log', '--single-version-externally-managed', 'install_data'], 'cwd': '/home/arno/RoombaV2Onboard/src/roombav2', 'env': {'LESSOPEN': '| /usr/bin/lesspipe %s', 'USER': 'arno', 'SSH_CLIENT': '192.168.177.158 53836 22', 'LC_TIME': 'de_CH.UTF-8', 'XDG_SESSION_TYPE': 'tty', 'SHLVL': '1', 'LD_LIBRARY_PATH': '/opt/ros/humble/opt/rviz_ogre_vendor/lib:/opt/ros/humble/lib/aarch64-linux-gnu:/opt/ros/humble/lib', 'MOTD_SHOWN': 'pam', 'HOME': '/home/arno', 'OLDPWD': '/home/arno/RoombaV2Onboard/src/rf2o_laser_odometry', 'SSH_TTY': '/dev/pts/0', 'ROS_PYTHON_VERSION': '3', 'LC_MONETARY': 'de_CH.UTF-8', 'DBUS_SESSION_BUS_ADDRESS': 'unix:path=/run/user/1000/bus', 'COLCON_PREFIX_PATH': '/home/arno/RoombaV2Onboard/install', 'ROS_DISTRO': 'humble', 'LOGNAME': 'arno', '_': '/usr/bin/colcon', 'ROS_VERSION': '2', 'XDG_SESSION_CLASS': 'user', 'TERM': 'xterm-256color', 'XDG_SESSION_ID': '1', 'ROS_LOCALHOST_ONLY': '0', 'PATH': '/home/arno/.local/bin:/opt/ros/humble/bin:/usr/local/sbin:/usr/local/bin:/usr/sbin:/usr/bin:/sbin:/bin:/usr/games:/usr/local/games:/snap/bin', 'LC_ADDRESS': 'de_CH.UTF-8', 'XDG_RUNTIME_DIR': '/run/user/1000', 'LANG': 'en_US.UTF-8', 'LC_TELEPHONE': 'de_CH.UTF-8', 'LS_COLORS': 'rs=0:di=01;34:ln=01;36:mh=00:pi=40;33:so=01;35:do=01;35:bd=40;33;01:cd=40;33;01:or=40;31;01:mi=00:su=37;41:sg=30;43:ca=30;41:tw=30;42:ow=34;42:st=37;44:ex=01;32:*.tar=01;31:*.tgz=01;31:*.arc=01;31:*.arj=01;31:*.taz=01;31:*.lha=01;31:*.lz4=01;31:*.lzh=01;31:*.lzma=01;31:*.tlz=01;31:*.txz=01;31:*.tzo=01;31:*.t7z=01;31:*.zip=01;31:*.z=01;31:*.dz=01;31:*.gz=01;31:*.lrz=01;31:*.lz=01;31:*.lzo=01;31:*.xz=01;31:*.zst=01;31:*.tzst=01;31:*.bz2=01;31:*.bz=01;31:*.tbz=01;31:*.tbz2=01;31:*.tz=01;31:*.deb=01;31:*.rpm=01;31:*.jar=01;31:*.war=01;31:*.ear=01;31:*.sar=01;31:*.rar=01;31:*.alz=01;31:*.ace=01;31:*.zoo=01;31:*.cpio=01;31:*.7z=01;31:*.rz=01;31:*.cab=01;31:*.wim=01;31:*.swm=01;31:*.dwm=01;31:*.esd=01;31:*.jpg=01;35:*.jpeg=01;35:*.mjpg=01;35:*.mjpeg=01;35:*.gif=01;35:*.bmp=01;35:*.pbm=01;35:*.pgm=01;35:*.ppm=01;35:*.tga=01;35:*.xbm=01;35:*.xpm=01;35:*.tif=01;35:*.tiff=01;35:*.png=01;35:*.svg=01;35:*.svgz=01;35:*.mng=01;35:*.pcx=01;35:*.mov=01;35:*.mpg=01;35:*.mpeg=01;35:*.m2v=01;35:*.mkv=01;35:*.webm=01;35:*.webp=01;35:*.ogm=01;35:*.mp4=01;35:*.m4v=01;35:*.mp4v=01;35:*.vob=01;35:*.qt=01;35:*.nuv=01;35:*.wmv=01;35:*.asf=01;35:*.rm=01;35:*.rmvb=01;35:*.flc=01;35:*.avi=01;35:*.fli=01;35:*.flv=01;35:*.gl=01;35:*.dl=01;35:*.xcf=01;35:*.xwd=01;35:*.yuv=01;35:*.cgm=01;35:*.emf=01;35:*.ogv=01;35:*.ogx=01;35:*.aac=00;36:*.au=00;36:*.flac=00;36:*.m4a=00;36:*.mid=00;36:*.midi=00;36:*.mka=00;36:*.mp3=00;36:*.mpc=00;36:*.ogg=00;36:*.ra=00;36:*.wav=00;36:*.oga=00;36:*.opus=00;36:*.spx=00;36:*.xspf=00;36:', 'AMENT_PREFIX_PATH': '/home/arno/RoombaV2Onboard/install/sllidar_ros2:/home/arno/RoombaV2Onboard/install/rover_stream:/home/arno/RoombaV2Onboard/install/roombav2:/home/arno/RoombaV2Onboard/install/RoverReceive:/opt/ros/humble', 'SHELL': '/bin/bash', 'LC_NAME': 'de_CH.UTF-8', 'LESSCLOSE': '/usr/bin/lesspipe %s %s', 'LC_MEASUREMENT': 'de_CH.UTF-8', 'LC_IDENTIFICATION': 'de_CH.UTF-8', 'PWD': '/home/arno/RoombaV2Onboard/build/roombav2', 'LC_ALL': 'en_US.UTF-8', 'SSH_CONNECTION': '192.168.177.158 53836 192.168.177.115 22', 'XDG_DATA_DIRS': '/usr/local/share:/usr/share:/var/lib/snapd/desktop', 'PYTHONPATH': '/home/arno/RoombaV2Onboard/build/roombav2/prefix_override:/usr/lib/python3/dist-packages/colcon_core/task/python/colcon_distutils_commands:/home/arno/RoombaV2Onboard/install/roombav2/lib/python3.10/site-packages:/home/arno/RoombaV2Onboard/install/rover_stream/lib/python3.10/site-packages:/home/arno/RoombaV2Onboard/install/roombav2/lib/python3.10/site-packages:/home/arno/RoombaV2Onboard/install/RoverReceive/lib/python3.10/site-packages:/opt/ros/humble/lib/python3.10/site-packages:/opt/ros/humble/local/lib/python3.10/dist-packages', 'LC_NUMERIC': 'de_CH.UTF-8', 'LC_PAPER': 'de_CH.UTF-8', 'COLCON': '1', 'CMAKE_PREFIX_PATH': '/home/arno/RoombaV2Onboard/install/sllidar_ros2'}, 'shell': False}
[13.717932] (rf2o_laser_odometry) StdoutLine: {'line': b'-- Found rosidl_generator_c: 3.1.5 (/opt/ros/humble/share/rosidl_generator_c/cmake)\n'}
[13.728714] (rover_stream) Command: {'cmd': ['/usr/bin/python3', '-W', 'ignore:setup.py install is deprecated', 'setup.py', 'egg_info', '--egg-base', '../../build/rover_stream', 'build', '--build-base', '/home/arno/RoombaV2Onboard/build/rover_stream/build', 'install', '--record', '/home/arno/RoombaV2Onboard/build/rover_stream/install.log', '--single-version-externally-managed', 'install_data'], 'cwd': '/home/arno/RoombaV2Onboard/src/rover_stream', 'env': {'LESSOPEN': '| /usr/bin/lesspipe %s', 'USER': 'arno', 'SSH_CLIENT': '192.168.177.158 53836 22', 'LC_TIME': 'de_CH.UTF-8', 'XDG_SESSION_TYPE': 'tty', 'SHLVL': '1', 'LD_LIBRARY_PATH': '/opt/ros/humble/opt/rviz_ogre_vendor/lib:/opt/ros/humble/lib/aarch64-linux-gnu:/opt/ros/humble/lib', 'MOTD_SHOWN': 'pam', 'HOME': '/home/arno', 'OLDPWD': '/home/arno/RoombaV2Onboard/src/rf2o_laser_odometry', 'SSH_TTY': '/dev/pts/0', 'ROS_PYTHON_VERSION': '3', 'LC_MONETARY': 'de_CH.UTF-8', 'DBUS_SESSION_BUS_ADDRESS': 'unix:path=/run/user/1000/bus', 'COLCON_PREFIX_PATH': '/home/arno/RoombaV2Onboard/install', 'ROS_DISTRO': 'humble', 'LOGNAME': 'arno', '_': '/usr/bin/colcon', 'ROS_VERSION': '2', 'XDG_SESSION_CLASS': 'user', 'TERM': 'xterm-256color', 'XDG_SESSION_ID': '1', 'ROS_LOCALHOST_ONLY': '0', 'PATH': '/home/arno/.local/bin:/opt/ros/humble/bin:/usr/local/sbin:/usr/local/bin:/usr/sbin:/usr/bin:/sbin:/bin:/usr/games:/usr/local/games:/snap/bin', 'LC_ADDRESS': 'de_CH.UTF-8', 'XDG_RUNTIME_DIR': '/run/user/1000', 'LANG': 'en_US.UTF-8', 'LC_TELEPHONE': 'de_CH.UTF-8', 'LS_COLORS': 'rs=0:di=01;34:ln=01;36:mh=00:pi=40;33:so=01;35:do=01;35:bd=40;33;01:cd=40;33;01:or=40;31;01:mi=00:su=37;41:sg=30;43:ca=30;41:tw=30;42:ow=34;42:st=37;44:ex=01;32:*.tar=01;31:*.tgz=01;31:*.arc=01;31:*.arj=01;31:*.taz=01;31:*.lha=01;31:*.lz4=01;31:*.lzh=01;31:*.lzma=01;31:*.tlz=01;31:*.txz=01;31:*.tzo=01;31:*.t7z=01;31:*.zip=01;31:*.z=01;31:*.dz=01;31:*.gz=01;31:*.lrz=01;31:*.lz=01;31:*.lzo=01;31:*.xz=01;31:*.zst=01;31:*.tzst=01;31:*.bz2=01;31:*.bz=01;31:*.tbz=01;31:*.tbz2=01;31:*.tz=01;31:*.deb=01;31:*.rpm=01;31:*.jar=01;31:*.war=01;31:*.ear=01;31:*.sar=01;31:*.rar=01;31:*.alz=01;31:*.ace=01;31:*.zoo=01;31:*.cpio=01;31:*.7z=01;31:*.rz=01;31:*.cab=01;31:*.wim=01;31:*.swm=01;31:*.dwm=01;31:*.esd=01;31:*.jpg=01;35:*.jpeg=01;35:*.mjpg=01;35:*.mjpeg=01;35:*.gif=01;35:*.bmp=01;35:*.pbm=01;35:*.pgm=01;35:*.ppm=01;35:*.tga=01;35:*.xbm=01;35:*.xpm=01;35:*.tif=01;35:*.tiff=01;35:*.png=01;35:*.svg=01;35:*.svgz=01;35:*.mng=01;35:*.pcx=01;35:*.mov=01;35:*.mpg=01;35:*.mpeg=01;35:*.m2v=01;35:*.mkv=01;35:*.webm=01;35:*.webp=01;35:*.ogm=01;35:*.mp4=01;35:*.m4v=01;35:*.mp4v=01;35:*.vob=01;35:*.qt=01;35:*.nuv=01;35:*.wmv=01;35:*.asf=01;35:*.rm=01;35:*.rmvb=01;35:*.flc=01;35:*.avi=01;35:*.fli=01;35:*.flv=01;35:*.gl=01;35:*.dl=01;35:*.xcf=01;35:*.xwd=01;35:*.yuv=01;35:*.cgm=01;35:*.emf=01;35:*.ogv=01;35:*.ogx=01;35:*.aac=00;36:*.au=00;36:*.flac=00;36:*.m4a=00;36:*.mid=00;36:*.midi=00;36:*.mka=00;36:*.mp3=00;36:*.mpc=00;36:*.ogg=00;36:*.ra=00;36:*.wav=00;36:*.oga=00;36:*.opus=00;36:*.spx=00;36:*.xspf=00;36:', 'AMENT_PREFIX_PATH': '/home/arno/RoombaV2Onboard/install/sllidar_ros2:/home/arno/RoombaV2Onboard/install/rover_stream:/home/arno/RoombaV2Onboard/install/roombav2:/home/arno/RoombaV2Onboard/install/RoverReceive:/opt/ros/humble', 'SHELL': '/bin/bash', 'LC_NAME': 'de_CH.UTF-8', 'LESSCLOSE': '/usr/bin/lesspipe %s %s', 'LC_MEASUREMENT': 'de_CH.UTF-8', 'LC_IDENTIFICATION': 'de_CH.UTF-8', 'PWD': '/home/arno/RoombaV2Onboard/build/rover_stream', 'LC_ALL': 'en_US.UTF-8', 'SSH_CONNECTION': '192.168.177.158 53836 192.168.177.115 22', 'XDG_DATA_DIRS': '/usr/local/share:/usr/share:/var/lib/snapd/desktop', 'PYTHONPATH': '/home/arno/RoombaV2Onboard/build/rover_stream/prefix_override:/usr/lib/python3/dist-packages/colcon_core/task/python/colcon_distutils_commands:/home/arno/RoombaV2Onboard/install/rover_stream/lib/python3.10/site-packages:/home/arno/RoombaV2Onboard/install/rover_stream/lib/python3.10/site-packages:/home/arno/RoombaV2Onboard/install/roombav2/lib/python3.10/site-packages:/home/arno/RoombaV2Onboard/install/RoverReceive/lib/python3.10/site-packages:/opt/ros/humble/lib/python3.10/site-packages:/opt/ros/humble/local/lib/python3.10/dist-packages', 'LC_NUMERIC': 'de_CH.UTF-8', 'LC_PAPER': 'de_CH.UTF-8', 'COLCON': '1', 'CMAKE_PREFIX_PATH': '/home/arno/RoombaV2Onboard/install/sllidar_ros2'}, 'shell': False}
[13.747142] (-) TimerEvent: {}
[13.850580] (-) TimerEvent: {}
[13.860824] (rf2o_laser_odometry) StdoutLine: {'line': b'-- Found rosidl_adapter: 3.1.5 (/opt/ros/humble/share/rosidl_adapter/cmake)\n'}
[13.950888] (-) TimerEvent: {}
[14.041047] (rf2o_laser_odometry) StdoutLine: {'line': b'-- Found rosidl_generator_cpp: 3.1.5 (/opt/ros/humble/share/rosidl_generator_cpp/cmake)\n'}
[14.051165] (-) TimerEvent: {}
[14.153056] (-) TimerEvent: {}
[14.255428] (-) TimerEvent: {}
[14.321867] (rf2o_laser_odometry) StdoutLine: {'line': b'-- Using all available rosidl_typesupport_c: rosidl_typesupport_fastrtps_c;rosidl_typesupport_introspection_c\n'}
[14.355737] (-) TimerEvent: {}
[14.459083] (-) TimerEvent: {}
[14.563003] (-) TimerEvent: {}
[14.664829] (rf2o_laser_odometry) StdoutLine: {'line': b'-- Using all available rosidl_typesupport_cpp: rosidl_typesupport_fastrtps_cpp;rosidl_typesupport_introspection_cpp\n'}
[14.666289] (-) TimerEvent: {}
[14.769480] (-) TimerEvent: {}
[14.872250] (-) TimerEvent: {}
[14.975327] (-) TimerEvent: {}
[15.078161] (-) TimerEvent: {}
[15.181060] (-) TimerEvent: {}
[15.283812] (-) TimerEvent: {}
[15.386969] (-) TimerEvent: {}
[15.490156] (-) TimerEvent: {}
[15.593396] (-) TimerEvent: {}
[15.635523] (rf2o_laser_odometry) StdoutLine: {'line': b'-- Found rmw_implementation_cmake: 6.1.2 (/opt/ros/humble/share/rmw_implementation_cmake/cmake)\n'}
[15.693672] (-) TimerEvent: {}
[15.710313] (rf2o_laser_odometry) StdoutLine: {'line': b'-- Found rmw_fastrtps_cpp: 6.2.7 (/opt/ros/humble/share/rmw_fastrtps_cpp/cmake)\n'}
[15.793980] (-) TimerEvent: {}
[15.897711] (-) TimerEvent: {}
[16.001371] (-) TimerEvent: {}
[16.104692] (-) TimerEvent: {}
[16.207750] (-) TimerEvent: {}
[16.311309] (-) TimerEvent: {}
[16.414806] (-) TimerEvent: {}
[16.517858] (-) TimerEvent: {}
[16.620975] (-) TimerEvent: {}
[16.723986] (-) TimerEvent: {}
[16.826980] (-) TimerEvent: {}
[16.914371] (roombav2) StdoutLine: {'line': b'running egg_info\n'}
[16.921594] (roombav2) StdoutLine: {'line': b'writing ../../build/roombav2/roombav2.egg-info/PKG-INFO\n'}
[16.925732] (roombav2) StdoutLine: {'line': b'writing dependency_links to ../../build/roombav2/roombav2.egg-info/dependency_links.txt\n'}
[16.927586] (-) TimerEvent: {}
[16.930615] (rover_stream) StdoutLine: {'line': b'running egg_info\n'}
[16.932373] (RoverReceive) StdoutLine: {'line': b'running egg_info\n'}
[16.934651] (rover_stream) StdoutLine: {'line': b'writing ../../build/rover_stream/rover_stream.egg-info/PKG-INFO\n'}
[16.936238] (RoverReceive) StdoutLine: {'line': b'writing ../../build/RoverReceive/RoverReceive.egg-info/PKG-INFO\n'}
[16.938917] (roombav2) StdoutLine: {'line': b'writing entry points to ../../build/roombav2/roombav2.egg-info/entry_points.txt\n'}
[16.940883] (RoverReceive) StdoutLine: {'line': b'writing dependency_links to ../../build/RoverReceive/RoverReceive.egg-info/dependency_links.txt\n'}
[16.944784] (RoverReceive) StdoutLine: {'line': b'writing entry points to ../../build/RoverReceive/RoverReceive.egg-info/entry_points.txt\n'}
[16.948113] (rover_stream) StdoutLine: {'line': b'writing dependency_links to ../../build/rover_stream/rover_stream.egg-info/dependency_links.txt\n'}
[16.951191] (roombav2) StdoutLine: {'line': b'writing requirements to ../../build/roombav2/roombav2.egg-info/requires.txt\n'}
[16.953115] (RoverReceive) StdoutLine: {'line': b'writing requirements to ../../build/RoverReceive/RoverReceive.egg-info/requires.txt\n'}
[16.954538] (RoverReceive) StdoutLine: {'line': b'writing top-level names to ../../build/RoverReceive/RoverReceive.egg-info/top_level.txt\n'}
[16.955840] (rover_stream) StdoutLine: {'line': b'writing entry points to ../../build/rover_stream/rover_stream.egg-info/entry_points.txt\n'}
[16.957245] (rover_stream) StdoutLine: {'line': b'writing requirements to ../../build/rover_stream/rover_stream.egg-info/requires.txt\n'}
[16.958428] (roombav2) StdoutLine: {'line': b'writing top-level names to ../../build/roombav2/roombav2.egg-info/top_level.txt\n'}
[16.961180] (rover_stream) StdoutLine: {'line': b'writing top-level names to ../../build/rover_stream/rover_stream.egg-info/top_level.txt\n'}
[16.973830] (RoverReceive) StdoutLine: {'line': b"reading manifest file '../../build/RoverReceive/RoverReceive.egg-info/SOURCES.txt'\n"}
[16.975529] (roombav2) StdoutLine: {'line': b"reading manifest file '../../build/roombav2/roombav2.egg-info/SOURCES.txt'\n"}
[16.979489] (RoverReceive) StdoutLine: {'line': b"adding license file 'LICENSE'\n"}
[16.986317] (RoverReceive) StdoutLine: {'line': b"writing manifest file '../../build/RoverReceive/RoverReceive.egg-info/SOURCES.txt'\n"}
[16.988222] (roombav2) StdoutLine: {'line': b"writing manifest file '../../build/roombav2/roombav2.egg-info/SOURCES.txt'\n"}
[16.990710] (roombav2) StdoutLine: {'line': b'running build\n'}
[16.992109] (roombav2) StdoutLine: {'line': b'running build_py\n'}
[16.993322] (RoverReceive) StdoutLine: {'line': b'running build\n'}
[16.994843] (RoverReceive) StdoutLine: {'line': b'running build_py\n'}
[16.996902] (rover_stream) StdoutLine: {'line': b"reading manifest file '../../build/rover_stream/rover_stream.egg-info/SOURCES.txt'\n"}
[16.999112] (roombav2) StdoutLine: {'line': b'running install\n'}
[17.002997] (RoverReceive) StdoutLine: {'line': b'running install\n'}
[17.008215] (roombav2) StdoutLine: {'line': b'running install_lib\n'}
[17.009550] (RoverReceive) StdoutLine: {'line': b'running install_lib\n'}
[17.016826] (rover_stream) StdoutLine: {'line': b"writing manifest file '../../build/rover_stream/rover_stream.egg-info/SOURCES.txt'\n"}
[17.020241] (rover_stream) StdoutLine: {'line': b'running build\n'}
[17.023050] (roombav2) StdoutLine: {'line': b'running install_data\n'}
[17.024142] (rover_stream) StdoutLine: {'line': b'running build_py\n'}
[17.027879] (-) TimerEvent: {}
[17.031835] (RoverReceive) StdoutLine: {'line': b'running install_data\n'}
[17.034838] (RoverReceive) StdoutLine: {'line': b'running install_egg_info\n'}
[17.039040] (rover_stream) StdoutLine: {'line': b'running install\n'}
[17.042633] (rover_stream) StdoutLine: {'line': b'running install_lib\n'}
[17.046158] (roombav2) StdoutLine: {'line': b'running install_egg_info\n'}
[17.055771] (RoverReceive) StdoutLine: {'line': b"removing '/home/arno/RoombaV2Onboard/install/RoverReceive/lib/python3.10/site-packages/RoverReceive-0.0.0-py3.10.egg-info' (and everything under it)\n"}
[17.059415] (rover_stream) StdoutLine: {'line': b'running install_data\n'}
[17.061634] (RoverReceive) StdoutLine: {'line': b'Copying ../../build/RoverReceive/RoverReceive.egg-info to /home/arno/RoombaV2Onboard/install/RoverReceive/lib/python3.10/site-packages/RoverReceive-0.0.0-py3.10.egg-info\n'}
[17.068428] (rover_stream) StdoutLine: {'line': b'running install_egg_info\n'}
[17.070760] (roombav2) StdoutLine: {'line': b"removing '/home/arno/RoombaV2Onboard/install/roombav2/lib/python3.10/site-packages/roombav2-0.0.0-py3.10.egg-info' (and everything under it)\n"}
[17.074774] (roombav2) StdoutLine: {'line': b'Copying ../../build/roombav2/roombav2.egg-info to /home/arno/RoombaV2Onboard/install/roombav2/lib/python3.10/site-packages/roombav2-0.0.0-py3.10.egg-info\n'}
[17.077547] (RoverReceive) StdoutLine: {'line': b'running install_scripts\n'}
[17.090040] (roombav2) StdoutLine: {'line': b'running install_scripts\n'}
[17.099754] (rover_stream) StdoutLine: {'line': b"removing '/home/arno/RoombaV2Onboard/install/rover_stream/lib/python3.10/site-packages/rover_stream-0.0.0-py3.10.egg-info' (and everything under it)\n"}
[17.106704] (rover_stream) StdoutLine: {'line': b'Copying ../../build/rover_stream/rover_stream.egg-info to /home/arno/RoombaV2Onboard/install/rover_stream/lib/python3.10/site-packages/rover_stream-0.0.0-py3.10.egg-info\n'}
[17.126588] (rover_stream) StdoutLine: {'line': b'running install_scripts\n'}
[17.127950] (-) TimerEvent: {}
[17.203259] (rf2o_laser_odometry) StdoutLine: {'line': b'-- Found OpenSSL: /usr/lib/aarch64-linux-gnu/libcrypto.so (found version "3.0.2")  \n'}
[17.228335] (-) TimerEvent: {}
[17.303853] (RoverReceive) StdoutLine: {'line': b'Installing receive_node script to /home/arno/RoombaV2Onboard/install/RoverReceive/lib/RoverReceive\n'}
[17.309824] (RoverReceive) StdoutLine: {'line': b"writing list of installed files to '/home/arno/RoombaV2Onboard/build/RoverReceive/install.log'\n"}
[17.311540] (roombav2) StdoutLine: {'line': b'Installing encoder_reader script to /home/arno/RoombaV2Onboard/install/roombav2/lib/roombav2\n'}
[17.314944] (roombav2) StdoutLine: {'line': b'Installing joystick_motor_controller script to /home/arno/RoombaV2Onboard/install/roombav2/lib/roombav2\n'}
[17.317960] (roombav2) StdoutLine: {'line': b'Installing nav2_motor_controller script to /home/arno/RoombaV2Onboard/install/roombav2/lib/roombav2\n'}
[17.322782] (roombav2) StdoutLine: {'line': b"writing list of installed files to '/home/arno/RoombaV2Onboard/build/roombav2/install.log'\n"}
[17.328757] (-) TimerEvent: {}
[17.377987] (rover_stream) StdoutLine: {'line': b'Installing webrtc_streamer script to /home/arno/RoombaV2Onboard/install/rover_stream/lib/rover_stream\n'}
[17.385776] (rover_stream) StdoutLine: {'line': b"writing list of installed files to '/home/arno/RoombaV2Onboard/build/rover_stream/install.log'\n"}
[17.429262] (-) TimerEvent: {}
[17.531135] (-) TimerEvent: {}
[17.633211] (-) TimerEvent: {}
[17.675106] (rf2o_laser_odometry) StdoutLine: {'line': b'-- Found FastRTPS: /opt/ros/humble/include  \n'}
[17.705547] (RoverReceive) CommandEnded: {'returncode': 0}
[17.733663] (-) TimerEvent: {}
[17.835809] (-) TimerEvent: {}
[17.849967] (RoverReceive) JobEnded: {'identifier': 'RoverReceive', 'rc': 0}
[17.860583] (sllidar_ros2) JobStarted: {'identifier': 'sllidar_ros2'}
[17.905274] (rover_stream) CommandEnded: {'returncode': 0}
[17.936091] (-) TimerEvent: {}
[17.970225] (rover_stream) JobEnded: {'identifier': 'rover_stream', 'rc': 0}
[17.974030] (roombav2) CommandEnded: {'returncode': 0}
[18.036399] (-) TimerEvent: {}
[18.040273] (roombav2) JobEnded: {'identifier': 'roombav2', 'rc': 0}
[18.050578] (sllidar_ros2) JobProgress: {'identifier': 'sllidar_ros2', 'progress': 'cmake'}
[18.060246] (sllidar_ros2) JobProgress: {'identifier': 'sllidar_ros2', 'progress': 'build'}
[18.065522] (sllidar_ros2) Command: {'cmd': ['/usr/bin/cmake', '--build', '/home/arno/RoombaV2Onboard/build/sllidar_ros2', '--', '-j4', '-l4'], 'cwd': '/home/arno/RoombaV2Onboard/build/sllidar_ros2', 'env': OrderedDict([('LESSOPEN', '| /usr/bin/lesspipe %s'), ('USER', 'arno'), ('SSH_CLIENT', '192.168.177.158 53836 22'), ('LC_TIME', 'de_CH.UTF-8'), ('XDG_SESSION_TYPE', 'tty'), ('SHLVL', '1'), ('LD_LIBRARY_PATH', '/opt/ros/humble/opt/rviz_ogre_vendor/lib:/opt/ros/humble/lib/aarch64-linux-gnu:/opt/ros/humble/lib'), ('MOTD_SHOWN', 'pam'), ('HOME', '/home/arno'), ('OLDPWD', '/home/arno/RoombaV2Onboard/src/rf2o_laser_odometry'), ('SSH_TTY', '/dev/pts/0'), ('ROS_PYTHON_VERSION', '3'), ('LC_MONETARY', 'de_CH.UTF-8'), ('DBUS_SESSION_BUS_ADDRESS', 'unix:path=/run/user/1000/bus'), ('COLCON_PREFIX_PATH', '/home/arno/RoombaV2Onboard/install'), ('ROS_DISTRO', 'humble'), ('LOGNAME', 'arno'), ('_', '/usr/bin/colcon'), ('ROS_VERSION', '2'), ('XDG_SESSION_CLASS', 'user'), ('TERM', 'xterm-256color'), ('XDG_SESSION_ID', '1'), ('ROS_LOCALHOST_ONLY', '0'), ('PATH', '/home/arno/.local/bin:/opt/ros/humble/bin:/usr/local/sbin:/usr/local/bin:/usr/sbin:/usr/bin:/sbin:/bin:/usr/games:/usr/local/games:/snap/bin'), ('LC_ADDRESS', 'de_CH.UTF-8'), ('XDG_RUNTIME_DIR', '/run/user/1000'), ('LANG', 'en_US.UTF-8'), ('LC_TELEPHONE', 'de_CH.UTF-8'), ('LS_COLORS', 'rs=0:di=01;34:ln=01;36:mh=00:pi=40;33:so=01;35:do=01;35:bd=40;33;01:cd=40;33;01:or=40;31;01:mi=00:su=37;41:sg=30;43:ca=30;41:tw=30;42:ow=34;42:st=37;44:ex=01;32:*.tar=01;31:*.tgz=01;31:*.arc=01;31:*.arj=01;31:*.taz=01;31:*.lha=01;31:*.lz4=01;31:*.lzh=01;31:*.lzma=01;31:*.tlz=01;31:*.txz=01;31:*.tzo=01;31:*.t7z=01;31:*.zip=01;31:*.z=01;31:*.dz=01;31:*.gz=01;31:*.lrz=01;31:*.lz=01;31:*.lzo=01;31:*.xz=01;31:*.zst=01;31:*.tzst=01;31:*.bz2=01;31:*.bz=01;31:*.tbz=01;31:*.tbz2=01;31:*.tz=01;31:*.deb=01;31:*.rpm=01;31:*.jar=01;31:*.war=01;31:*.ear=01;31:*.sar=01;31:*.rar=01;31:*.alz=01;31:*.ace=01;31:*.zoo=01;31:*.cpio=01;31:*.7z=01;31:*.rz=01;31:*.cab=01;31:*.wim=01;31:*.swm=01;31:*.dwm=01;31:*.esd=01;31:*.jpg=01;35:*.jpeg=01;35:*.mjpg=01;35:*.mjpeg=01;35:*.gif=01;35:*.bmp=01;35:*.pbm=01;35:*.pgm=01;35:*.ppm=01;35:*.tga=01;35:*.xbm=01;35:*.xpm=01;35:*.tif=01;35:*.tiff=01;35:*.png=01;35:*.svg=01;35:*.svgz=01;35:*.mng=01;35:*.pcx=01;35:*.mov=01;35:*.mpg=01;35:*.mpeg=01;35:*.m2v=01;35:*.mkv=01;35:*.webm=01;35:*.webp=01;35:*.ogm=01;35:*.mp4=01;35:*.m4v=01;35:*.mp4v=01;35:*.vob=01;35:*.qt=01;35:*.nuv=01;35:*.wmv=01;35:*.asf=01;35:*.rm=01;35:*.rmvb=01;35:*.flc=01;35:*.avi=01;35:*.fli=01;35:*.flv=01;35:*.gl=01;35:*.dl=01;35:*.xcf=01;35:*.xwd=01;35:*.yuv=01;35:*.cgm=01;35:*.emf=01;35:*.ogv=01;35:*.ogx=01;35:*.aac=00;36:*.au=00;36:*.flac=00;36:*.m4a=00;36:*.mid=00;36:*.midi=00;36:*.mka=00;36:*.mp3=00;36:*.mpc=00;36:*.ogg=00;36:*.ra=00;36:*.wav=00;36:*.oga=00;36:*.opus=00;36:*.spx=00;36:*.xspf=00;36:'), ('AMENT_PREFIX_PATH', '/home/arno/RoombaV2Onboard/install/sllidar_ros2:/home/arno/RoombaV2Onboard/install/rover_stream:/home/arno/RoombaV2Onboard/install/roombav2:/home/arno/RoombaV2Onboard/install/RoverReceive:/opt/ros/humble'), ('SHELL', '/bin/bash'), ('LC_NAME', 'de_CH.UTF-8'), ('LESSCLOSE', '/usr/bin/lesspipe %s %s'), ('LC_MEASUREMENT', 'de_CH.UTF-8'), ('LC_IDENTIFICATION', 'de_CH.UTF-8'), ('PWD', '/home/arno/RoombaV2Onboard/build/sllidar_ros2'), ('LC_ALL', 'en_US.UTF-8'), ('SSH_CONNECTION', '192.168.177.158 53836 192.168.177.115 22'), ('XDG_DATA_DIRS', '/usr/local/share:/usr/share:/var/lib/snapd/desktop'), ('PYTHONPATH', '/home/arno/RoombaV2Onboard/install/rover_stream/lib/python3.10/site-packages:/home/arno/RoombaV2Onboard/install/roombav2/lib/python3.10/site-packages:/home/arno/RoombaV2Onboard/install/RoverReceive/lib/python3.10/site-packages:/opt/ros/humble/lib/python3.10/site-packages:/opt/ros/humble/local/lib/python3.10/dist-packages'), ('LC_NUMERIC', 'de_CH.UTF-8'), ('LC_PAPER', 'de_CH.UTF-8'), ('COLCON', '1'), ('CMAKE_PREFIX_PATH', '/home/arno/RoombaV2Onboard/install/sllidar_ros2:/home/arno/RoombaV2Onboard/install/rover_stream:/home/arno/RoombaV2Onboard/install/roombav2:/home/arno/RoombaV2Onboard/install/RoverReceive:/opt/ros/humble')]), 'shell': False}
[18.136682] (-) TimerEvent: {}
[18.237816] (-) TimerEvent: {}
[18.319760] (rf2o_laser_odometry) StdoutLine: {'line': b"-- Using RMW implementation 'rmw_fastrtps_cpp' as default\n"}
[18.338212] (-) TimerEvent: {}
[18.439612] (-) TimerEvent: {}
[18.502829] (rf2o_laser_odometry) StdoutLine: {'line': b'-- Looking for pthread.h\n'}
[18.539883] (-) TimerEvent: {}
[18.641613] (-) TimerEvent: {}
[18.743250] (-) TimerEvent: {}
[18.844913] (-) TimerEvent: {}
[18.946614] (-) TimerEvent: {}
[19.048532] (-) TimerEvent: {}
[19.149947] (-) TimerEvent: {}
[19.251922] (-) TimerEvent: {}
[19.353746] (-) TimerEvent: {}
[19.455618] (-) TimerEvent: {}
[19.557479] (-) TimerEvent: {}
[19.659294] (-) TimerEvent: {}
[19.760919] (-) TimerEvent: {}
[19.863179] (-) TimerEvent: {}
[19.964794] (-) TimerEvent: {}
[20.066337] (-) TimerEvent: {}
[20.168029] (-) TimerEvent: {}
[20.269772] (-) TimerEvent: {}
[20.371471] (-) TimerEvent: {}
[20.473317] (-) TimerEvent: {}
[20.575146] (-) TimerEvent: {}
[20.676754] (-) TimerEvent: {}
[20.778344] (-) TimerEvent: {}
[20.927841] (-) TimerEvent: {}
[21.029319] (-) TimerEvent: {}
[21.077588] (sllidar_ros2) StdoutLine: {'line': b'[ 10%] Built target sllidar_client\n'}
[21.121575] (rf2o_laser_odometry) StdoutLine: {'line': b'-- Looking for pthread.h - found\n'}
[21.125648] (rf2o_laser_odometry) StdoutLine: {'line': b'-- Performing Test CMAKE_HAVE_LIBC_PTHREAD\n'}
[21.129516] (-) TimerEvent: {}
[21.230791] (-) TimerEvent: {}
[21.332063] (-) TimerEvent: {}
[21.350709] (sllidar_ros2) StdoutLine: {'line': b'[100%] Built target sllidar_node\n'}
[21.425716] (sllidar_ros2) CommandEnded: {'returncode': 0}
[21.435438] (-) TimerEvent: {}
[21.540629] (-) TimerEvent: {}
[21.642402] (-) TimerEvent: {}
[21.743657] (-) TimerEvent: {}
[21.845089] (-) TimerEvent: {}
[21.946427] (-) TimerEvent: {}
[22.047837] (-) TimerEvent: {}
[22.102199] (sllidar_ros2) JobProgress: {'identifier': 'sllidar_ros2', 'progress': 'install'}
[22.148196] (-) TimerEvent: {}
[22.160996] (sllidar_ros2) Command: {'cmd': ['/usr/bin/cmake', '--install', '/home/arno/RoombaV2Onboard/build/sllidar_ros2'], 'cwd': '/home/arno/RoombaV2Onboard/build/sllidar_ros2', 'env': OrderedDict([('LESSOPEN', '| /usr/bin/lesspipe %s'), ('USER', 'arno'), ('SSH_CLIENT', '192.168.177.158 53836 22'), ('LC_TIME', 'de_CH.UTF-8'), ('XDG_SESSION_TYPE', 'tty'), ('SHLVL', '1'), ('LD_LIBRARY_PATH', '/opt/ros/humble/opt/rviz_ogre_vendor/lib:/opt/ros/humble/lib/aarch64-linux-gnu:/opt/ros/humble/lib'), ('MOTD_SHOWN', 'pam'), ('HOME', '/home/arno'), ('OLDPWD', '/home/arno/RoombaV2Onboard/src/rf2o_laser_odometry'), ('SSH_TTY', '/dev/pts/0'), ('ROS_PYTHON_VERSION', '3'), ('LC_MONETARY', 'de_CH.UTF-8'), ('DBUS_SESSION_BUS_ADDRESS', 'unix:path=/run/user/1000/bus'), ('COLCON_PREFIX_PATH', '/home/arno/RoombaV2Onboard/install'), ('ROS_DISTRO', 'humble'), ('LOGNAME', 'arno'), ('_', '/usr/bin/colcon'), ('ROS_VERSION', '2'), ('XDG_SESSION_CLASS', 'user'), ('TERM', 'xterm-256color'), ('XDG_SESSION_ID', '1'), ('ROS_LOCALHOST_ONLY', '0'), ('PATH', '/home/arno/.local/bin:/opt/ros/humble/bin:/usr/local/sbin:/usr/local/bin:/usr/sbin:/usr/bin:/sbin:/bin:/usr/games:/usr/local/games:/snap/bin'), ('LC_ADDRESS', 'de_CH.UTF-8'), ('XDG_RUNTIME_DIR', '/run/user/1000'), ('LANG', 'en_US.UTF-8'), ('LC_TELEPHONE', 'de_CH.UTF-8'), ('LS_COLORS', 'rs=0:di=01;34:ln=01;36:mh=00:pi=40;33:so=01;35:do=01;35:bd=40;33;01:cd=40;33;01:or=40;31;01:mi=00:su=37;41:sg=30;43:ca=30;41:tw=30;42:ow=34;42:st=37;44:ex=01;32:*.tar=01;31:*.tgz=01;31:*.arc=01;31:*.arj=01;31:*.taz=01;31:*.lha=01;31:*.lz4=01;31:*.lzh=01;31:*.lzma=01;31:*.tlz=01;31:*.txz=01;31:*.tzo=01;31:*.t7z=01;31:*.zip=01;31:*.z=01;31:*.dz=01;31:*.gz=01;31:*.lrz=01;31:*.lz=01;31:*.lzo=01;31:*.xz=01;31:*.zst=01;31:*.tzst=01;31:*.bz2=01;31:*.bz=01;31:*.tbz=01;31:*.tbz2=01;31:*.tz=01;31:*.deb=01;31:*.rpm=01;31:*.jar=01;31:*.war=01;31:*.ear=01;31:*.sar=01;31:*.rar=01;31:*.alz=01;31:*.ace=01;31:*.zoo=01;31:*.cpio=01;31:*.7z=01;31:*.rz=01;31:*.cab=01;31:*.wim=01;31:*.swm=01;31:*.dwm=01;31:*.esd=01;31:*.jpg=01;35:*.jpeg=01;35:*.mjpg=01;35:*.mjpeg=01;35:*.gif=01;35:*.bmp=01;35:*.pbm=01;35:*.pgm=01;35:*.ppm=01;35:*.tga=01;35:*.xbm=01;35:*.xpm=01;35:*.tif=01;35:*.tiff=01;35:*.png=01;35:*.svg=01;35:*.svgz=01;35:*.mng=01;35:*.pcx=01;35:*.mov=01;35:*.mpg=01;35:*.mpeg=01;35:*.m2v=01;35:*.mkv=01;35:*.webm=01;35:*.webp=01;35:*.ogm=01;35:*.mp4=01;35:*.m4v=01;35:*.mp4v=01;35:*.vob=01;35:*.qt=01;35:*.nuv=01;35:*.wmv=01;35:*.asf=01;35:*.rm=01;35:*.rmvb=01;35:*.flc=01;35:*.avi=01;35:*.fli=01;35:*.flv=01;35:*.gl=01;35:*.dl=01;35:*.xcf=01;35:*.xwd=01;35:*.yuv=01;35:*.cgm=01;35:*.emf=01;35:*.ogv=01;35:*.ogx=01;35:*.aac=00;36:*.au=00;36:*.flac=00;36:*.m4a=00;36:*.mid=00;36:*.midi=00;36:*.mka=00;36:*.mp3=00;36:*.mpc=00;36:*.ogg=00;36:*.ra=00;36:*.wav=00;36:*.oga=00;36:*.opus=00;36:*.spx=00;36:*.xspf=00;36:'), ('AMENT_PREFIX_PATH', '/home/arno/RoombaV2Onboard/install/sllidar_ros2:/home/arno/RoombaV2Onboard/install/rover_stream:/home/arno/RoombaV2Onboard/install/roombav2:/home/arno/RoombaV2Onboard/install/RoverReceive:/opt/ros/humble'), ('SHELL', '/bin/bash'), ('LC_NAME', 'de_CH.UTF-8'), ('LESSCLOSE', '/usr/bin/lesspipe %s %s'), ('LC_MEASUREMENT', 'de_CH.UTF-8'), ('LC_IDENTIFICATION', 'de_CH.UTF-8'), ('PWD', '/home/arno/RoombaV2Onboard/build/sllidar_ros2'), ('LC_ALL', 'en_US.UTF-8'), ('SSH_CONNECTION', '192.168.177.158 53836 192.168.177.115 22'), ('XDG_DATA_DIRS', '/usr/local/share:/usr/share:/var/lib/snapd/desktop'), ('PYTHONPATH', '/home/arno/RoombaV2Onboard/install/rover_stream/lib/python3.10/site-packages:/home/arno/RoombaV2Onboard/install/roombav2/lib/python3.10/site-packages:/home/arno/RoombaV2Onboard/install/RoverReceive/lib/python3.10/site-packages:/opt/ros/humble/lib/python3.10/site-packages:/opt/ros/humble/local/lib/python3.10/dist-packages'), ('LC_NUMERIC', 'de_CH.UTF-8'), ('LC_PAPER', 'de_CH.UTF-8'), ('COLCON', '1'), ('CMAKE_PREFIX_PATH', '/home/arno/RoombaV2Onboard/install/sllidar_ros2:/home/arno/RoombaV2Onboard/install/rover_stream:/home/arno/RoombaV2Onboard/install/roombav2:/home/arno/RoombaV2Onboard/install/RoverReceive:/opt/ros/humble')]), 'shell': False}
[22.248567] (-) TimerEvent: {}
[22.295960] (sllidar_ros2) StdoutLine: {'line': b'-- Install configuration: ""\n'}
[22.348842] (-) TimerEvent: {}
[22.363079] (rf2o_laser_odometry) StdoutLine: {'line': b'-- Performing Test CMAKE_HAVE_LIBC_PTHREAD - Success\n'}
[22.370736] (rf2o_laser_odometry) StdoutLine: {'line': b'-- Found Threads: TRUE  \n'}
[22.375599] (sllidar_ros2) StdoutLine: {'line': b'-- Up-to-date: /home/arno/RoombaV2Onboard/install/sllidar_ros2/share/sllidar_ros2/launch\n'}
[22.377136] (sllidar_ros2) StdoutLine: {'line': b'-- Up-to-date: /home/arno/RoombaV2Onboard/install/sllidar_ros2/share/sllidar_ros2/launch/view_sllidar_a2m7_launch.py\n'}
[22.378777] (sllidar_ros2) StdoutLine: {'line': b'-- Up-to-date: /home/arno/RoombaV2Onboard/install/sllidar_ros2/share/sllidar_ros2/launch/sllidar_a3_launch.py\n'}
[22.380499] (sllidar_ros2) StdoutLine: {'line': b'-- Up-to-date: /home/arno/RoombaV2Onboard/install/sllidar_ros2/share/sllidar_ros2/launch/sllidar_c1_launch.py\n'}
[22.381898] (sllidar_ros2) StdoutLine: {'line': b'-- Up-to-date: /home/arno/RoombaV2Onboard/install/sllidar_ros2/share/sllidar_ros2/launch/view_sllidar_s1_tcp_launch.py\n'}
[22.383528] (sllidar_ros2) StdoutLine: {'line': b'-- Up-to-date: /home/arno/RoombaV2Onboard/install/sllidar_ros2/share/sllidar_ros2/launch/view_sllidar_s2_launch.py\n'}
[22.385154] (sllidar_ros2) StdoutLine: {'line': b'-- Up-to-date: /home/arno/RoombaV2Onboard/install/sllidar_ros2/share/sllidar_ros2/launch/view_sllidar_a3_launch.py\n'}
[22.387258] (sllidar_ros2) StdoutLine: {'line': b'-- Up-to-date: /home/arno/RoombaV2Onboard/install/sllidar_ros2/share/sllidar_ros2/launch/view_sllidar_s2e_launch.py\n'}
[22.388732] (sllidar_ros2) StdoutLine: {'line': b'-- Up-to-date: /home/arno/RoombaV2Onboard/install/sllidar_ros2/share/sllidar_ros2/launch/sllidar_s3_launch.py\n'}
[22.389992] (sllidar_ros2) StdoutLine: {'line': b'-- Up-to-date: /home/arno/RoombaV2Onboard/install/sllidar_ros2/share/sllidar_ros2/launch/view_sllidar_a2m8_launch.py\n'}
[22.390958] (sllidar_ros2) StdoutLine: {'line': b'-- Up-to-date: /home/arno/RoombaV2Onboard/install/sllidar_ros2/share/sllidar_ros2/launch/sllidar_s2_launch.py\n'}
[22.391926] (sllidar_ros2) StdoutLine: {'line': b'-- Up-to-date: /home/arno/RoombaV2Onboard/install/sllidar_ros2/share/sllidar_ros2/launch/view_sllidar_s3_launch.py\n'}
[22.392949] (sllidar_ros2) StdoutLine: {'line': b'-- Up-to-date: /home/arno/RoombaV2Onboard/install/sllidar_ros2/share/sllidar_ros2/launch/sllidar_s1_tcp_launch.py\n'}
[22.393597] (sllidar_ros2) StdoutLine: {'line': b'-- Up-to-date: /home/arno/RoombaV2Onboard/install/sllidar_ros2/share/sllidar_ros2/launch/sllidar_a2m8_launch.py\n'}
[22.394167] (sllidar_ros2) StdoutLine: {'line': b'-- Up-to-date: /home/arno/RoombaV2Onboard/install/sllidar_ros2/share/sllidar_ros2/launch/view_sllidar_a1_launch.py\n'}
[22.394852] (sllidar_ros2) StdoutLine: {'line': b'-- Up-to-date: /home/arno/RoombaV2Onboard/install/sllidar_ros2/share/sllidar_ros2/launch/sllidar_a1_launch.py\n'}
[22.395470] (sllidar_ros2) StdoutLine: {'line': b'-- Up-to-date: /home/arno/RoombaV2Onboard/install/sllidar_ros2/share/sllidar_ros2/launch/sllidar_s1_launch.py\n'}
[22.396026] (sllidar_ros2) StdoutLine: {'line': b'-- Up-to-date: /home/arno/RoombaV2Onboard/install/sllidar_ros2/share/sllidar_ros2/launch/sllidar_s2e_launch.py\n'}
[22.396575] (sllidar_ros2) StdoutLine: {'line': b'-- Up-to-date: /home/arno/RoombaV2Onboard/install/sllidar_ros2/share/sllidar_ros2/launch/sllidar_t1_launch.py\n'}
[22.397133] (sllidar_ros2) StdoutLine: {'line': b'-- Up-to-date: /home/arno/RoombaV2Onboard/install/sllidar_ros2/share/sllidar_ros2/launch/view_sllidar_t1_launch.py\n'}
[22.397679] (sllidar_ros2) StdoutLine: {'line': b'-- Up-to-date: /home/arno/RoombaV2Onboard/install/sllidar_ros2/share/sllidar_ros2/launch/view_sllidar_s1_launch.py\n'}
[22.398225] (sllidar_ros2) StdoutLine: {'line': b'-- Up-to-date: /home/arno/RoombaV2Onboard/install/sllidar_ros2/share/sllidar_ros2/launch/view_sllidar_a2m12_launch.py\n'}
[22.399182] (sllidar_ros2) StdoutLine: {'line': b'-- Up-to-date: /home/arno/RoombaV2Onboard/install/sllidar_ros2/share/sllidar_ros2/launch/sllidar_a2m7_launch.py\n'}
[22.399879] (sllidar_ros2) StdoutLine: {'line': b'-- Installing: /home/arno/RoombaV2Onboard/install/sllidar_ros2/share/sllidar_ros2/launch/view_sllidar_c1_launch.py\n'}
[22.400524] (sllidar_ros2) StdoutLine: {'line': b'-- Up-to-date: /home/arno/RoombaV2Onboard/install/sllidar_ros2/share/sllidar_ros2/launch/sllidar_a2m12_launch .py\n'}
[22.401081] (sllidar_ros2) StdoutLine: {'line': b'-- Up-to-date: /home/arno/RoombaV2Onboard/install/sllidar_ros2/share/sllidar_ros2/rviz\n'}
[22.449191] (-) TimerEvent: {}
[22.466020] (sllidar_ros2) StdoutLine: {'line': b'-- Up-to-date: /home/arno/RoombaV2Onboard/install/sllidar_ros2/share/sllidar_ros2/rviz/sllidar_ros2.rviz\n'}
[22.549517] (-) TimerEvent: {}
[22.556244] (sllidar_ros2) StdoutLine: {'line': b'-- Up-to-date: /home/arno/RoombaV2Onboard/install/sllidar_ros2/lib/sllidar_ros2/sllidar_node\n'}
[22.649808] (-) TimerEvent: {}
[22.728018] (sllidar_ros2) StdoutLine: {'line': b'-- Up-to-date: /home/arno/RoombaV2Onboard/install/sllidar_ros2/lib/sllidar_ros2/sllidar_client\n'}
[22.750150] (-) TimerEvent: {}
[22.807901] (sllidar_ros2) StdoutLine: {'line': b'-- Up-to-date: /home/arno/RoombaV2Onboard/install/sllidar_ros2/share/ament_index/resource_index/package_run_dependencies/sllidar_ros2\n'}
[22.850392] (-) TimerEvent: {}
[22.890720] (sllidar_ros2) StdoutLine: {'line': b'-- Up-to-date: /home/arno/RoombaV2Onboard/install/sllidar_ros2/share/ament_index/resource_index/parent_prefix_path/sllidar_ros2\n'}
[22.950768] (-) TimerEvent: {}
[22.981594] (sllidar_ros2) StdoutLine: {'line': b'-- Up-to-date: /home/arno/RoombaV2Onboard/install/sllidar_ros2/share/sllidar_ros2/environment/ament_prefix_path.sh\n'}
[22.983889] (sllidar_ros2) StdoutLine: {'line': b'-- Up-to-date: /home/arno/RoombaV2Onboard/install/sllidar_ros2/share/sllidar_ros2/environment/ament_prefix_path.dsv\n'}
[22.985790] (sllidar_ros2) StdoutLine: {'line': b'-- Up-to-date: /home/arno/RoombaV2Onboard/install/sllidar_ros2/share/sllidar_ros2/environment/path.sh\n'}
[22.987758] (sllidar_ros2) StdoutLine: {'line': b'-- Up-to-date: /home/arno/RoombaV2Onboard/install/sllidar_ros2/share/sllidar_ros2/environment/path.dsv\n'}
[22.989793] (sllidar_ros2) StdoutLine: {'line': b'-- Up-to-date: /home/arno/RoombaV2Onboard/install/sllidar_ros2/share/sllidar_ros2/local_setup.bash\n'}
[22.991590] (sllidar_ros2) StdoutLine: {'line': b'-- Up-to-date: /home/arno/RoombaV2Onboard/install/sllidar_ros2/share/sllidar_ros2/local_setup.sh\n'}
[22.992847] (sllidar_ros2) StdoutLine: {'line': b'-- Up-to-date: /home/arno/RoombaV2Onboard/install/sllidar_ros2/share/sllidar_ros2/local_setup.zsh\n'}
[22.993932] (sllidar_ros2) StdoutLine: {'line': b'-- Up-to-date: /home/arno/RoombaV2Onboard/install/sllidar_ros2/share/sllidar_ros2/local_setup.dsv\n'}
[22.994895] (sllidar_ros2) StdoutLine: {'line': b'-- Installing: /home/arno/RoombaV2Onboard/install/sllidar_ros2/share/sllidar_ros2/package.dsv\n'}
[23.050979] (-) TimerEvent: {}
[23.142917] (sllidar_ros2) StdoutLine: {'line': b'-- Up-to-date: /home/arno/RoombaV2Onboard/install/sllidar_ros2/share/ament_index/resource_index/packages/sllidar_ros2\n'}
[23.151319] (-) TimerEvent: {}
[23.230211] (sllidar_ros2) StdoutLine: {'line': b'-- Up-to-date: /home/arno/RoombaV2Onboard/install/sllidar_ros2/share/sllidar_ros2/cmake/ament_cmake_export_dependencies-extras.cmake\n'}
[23.232499] (sllidar_ros2) StdoutLine: {'line': b'-- Up-to-date: /home/arno/RoombaV2Onboard/install/sllidar_ros2/share/sllidar_ros2/cmake/ament_cmake_export_include_directories-extras.cmake\n'}
[23.234636] (sllidar_ros2) StdoutLine: {'line': b'-- Up-to-date: /home/arno/RoombaV2Onboard/install/sllidar_ros2/share/sllidar_ros2/cmake/sllidar_ros2Config.cmake\n'}
[23.236265] (sllidar_ros2) StdoutLine: {'line': b'-- Up-to-date: /home/arno/RoombaV2Onboard/install/sllidar_ros2/share/sllidar_ros2/cmake/sllidar_ros2Config-version.cmake\n'}
[23.237421] (sllidar_ros2) StdoutLine: {'line': b'-- Up-to-date: /home/arno/RoombaV2Onboard/install/sllidar_ros2/share/sllidar_ros2/package.xml\n'}
[23.248872] (sllidar_ros2) CommandEnded: {'returncode': 0}
[23.254643] (-) TimerEvent: {}
[23.357004] (-) TimerEvent: {}
[23.462364] (-) TimerEvent: {}
[23.564048] (-) TimerEvent: {}
[23.665293] (-) TimerEvent: {}
[23.766608] (-) TimerEvent: {}
[23.867975] (-) TimerEvent: {}
[23.969101] (-) TimerEvent: {}
[24.072198] (-) TimerEvent: {}
[24.089652] (sllidar_ros2) JobEnded: {'identifier': 'sllidar_ros2', 'rc': 0}
[24.172456] (-) TimerEvent: {}
[24.273515] (-) TimerEvent: {}
[24.374707] (-) TimerEvent: {}
[24.475852] (-) TimerEvent: {}
[24.577073] (-) TimerEvent: {}
[24.578283] (rf2o_laser_odometry) StdoutLine: {'line': b'-- Found geometry_msgs: 4.2.4 (/opt/ros/humble/share/geometry_msgs/cmake)\n'}
[24.677360] (-) TimerEvent: {}
[24.767785] (rf2o_laser_odometry) StdoutLine: {'line': b'-- Found tf2_geometry_msgs: 0.25.7 (/opt/ros/humble/share/tf2_geometry_msgs/cmake)\n'}
[24.777642] (-) TimerEvent: {}
[24.878990] (-) TimerEvent: {}
[24.980047] (-) TimerEvent: {}
[25.076168] (rf2o_laser_odometry) StdoutLine: {'line': b'-- Found eigen3_cmake_module: 0.1.1 (/opt/ros/humble/share/eigen3_cmake_module/cmake)\n'}
[25.080287] (-) TimerEvent: {}
[25.089017] (rf2o_laser_odometry) StdoutLine: {'line': b'-- Found Eigen3: TRUE (found version "3.4.0") \n'}
[25.090564] (rf2o_laser_odometry) StdoutLine: {'line': b'-- Ensuring Eigen3 include directory is part of orocos-kdl CMake target\n'}
[25.180538] (-) TimerEvent: {}
[25.281595] (-) TimerEvent: {}
[25.382723] (-) TimerEvent: {}
[25.483869] (-) TimerEvent: {}
[25.585114] (-) TimerEvent: {}
[25.686362] (-) TimerEvent: {}
[25.787659] (-) TimerEvent: {}
[25.899964] (-) TimerEvent: {}
[26.001050] (-) TimerEvent: {}
[26.102156] (-) TimerEvent: {}
[26.203463] (-) TimerEvent: {}
[26.304662] (-) TimerEvent: {}
[26.405882] (-) TimerEvent: {}
[26.507101] (-) TimerEvent: {}
[26.608277] (-) TimerEvent: {}
[26.709640] (-) TimerEvent: {}
[26.740809] (rf2o_laser_odometry) StdoutLine: {'line': b'-- Found sensor_msgs: 4.2.4 (/opt/ros/humble/share/sensor_msgs/cmake)\n'}
[26.809939] (-) TimerEvent: {}
[26.911145] (-) TimerEvent: {}
[26.971504] (rf2o_laser_odometry) StdoutLine: {'line': b'-- Found nav_msgs: 4.2.4 (/opt/ros/humble/share/nav_msgs/cmake)\n'}
[27.011386] (-) TimerEvent: {}
[27.112576] (-) TimerEvent: {}
[27.213800] (-) TimerEvent: {}
[27.308575] (rf2o_laser_odometry) StdoutLine: {'line': b'-- Found Boost: /usr/lib/aarch64-linux-gnu/cmake/Boost-1.74.0/BoostConfig.cmake (found version "1.74.0")  \n'}
[27.313989] (-) TimerEvent: {}
[27.415181] (-) TimerEvent: {}
[27.516590] (-) TimerEvent: {}
[27.617871] (-) TimerEvent: {}
[27.719419] (-) TimerEvent: {}
[27.820536] (-) TimerEvent: {}
[27.921712] (-) TimerEvent: {}
[28.023094] (-) TimerEvent: {}
[28.055305] (rf2o_laser_odometry) StdoutLine: {'line': b'-- Configuring done\n'}
[28.123353] (-) TimerEvent: {}
[28.224500] (-) TimerEvent: {}
[28.244463] (rf2o_laser_odometry) StdoutLine: {'line': b'-- Generating done\n'}
[28.260833] (rf2o_laser_odometry) StdoutLine: {'line': b'-- Build files have been written to: /home/arno/RoombaV2Onboard/build/rf2o_laser_odometry\n'}
[28.324839] (-) TimerEvent: {}
[28.345836] (rf2o_laser_odometry) CommandEnded: {'returncode': 0}
[28.350165] (rf2o_laser_odometry) JobProgress: {'identifier': 'rf2o_laser_odometry', 'progress': 'build'}
[28.352875] (rf2o_laser_odometry) Command: {'cmd': ['/usr/bin/cmake', '--build', '/home/arno/RoombaV2Onboard/build/rf2o_laser_odometry', '--', '-j4', '-l4'], 'cwd': '/home/arno/RoombaV2Onboard/build/rf2o_laser_odometry', 'env': OrderedDict([('LESSOPEN', '| /usr/bin/lesspipe %s'), ('USER', 'arno'), ('SSH_CLIENT', '192.168.177.158 53836 22'), ('LC_TIME', 'de_CH.UTF-8'), ('XDG_SESSION_TYPE', 'tty'), ('SHLVL', '1'), ('LD_LIBRARY_PATH', '/opt/ros/humble/opt/rviz_ogre_vendor/lib:/opt/ros/humble/lib/aarch64-linux-gnu:/opt/ros/humble/lib'), ('MOTD_SHOWN', 'pam'), ('HOME', '/home/arno'), ('OLDPWD', '/home/arno/RoombaV2Onboard/src/rf2o_laser_odometry'), ('SSH_TTY', '/dev/pts/0'), ('ROS_PYTHON_VERSION', '3'), ('LC_MONETARY', 'de_CH.UTF-8'), ('DBUS_SESSION_BUS_ADDRESS', 'unix:path=/run/user/1000/bus'), ('COLCON_PREFIX_PATH', '/home/arno/RoombaV2Onboard/install'), ('ROS_DISTRO', 'humble'), ('LOGNAME', 'arno'), ('_', '/usr/bin/colcon'), ('ROS_VERSION', '2'), ('XDG_SESSION_CLASS', 'user'), ('TERM', 'xterm-256color'), ('XDG_SESSION_ID', '1'), ('ROS_LOCALHOST_ONLY', '0'), ('PATH', '/home/arno/.local/bin:/opt/ros/humble/bin:/usr/local/sbin:/usr/local/bin:/usr/sbin:/usr/bin:/sbin:/bin:/usr/games:/usr/local/games:/snap/bin'), ('LC_ADDRESS', 'de_CH.UTF-8'), ('XDG_RUNTIME_DIR', '/run/user/1000'), ('LANG', 'en_US.UTF-8'), ('LC_TELEPHONE', 'de_CH.UTF-8'), ('LS_COLORS', 'rs=0:di=01;34:ln=01;36:mh=00:pi=40;33:so=01;35:do=01;35:bd=40;33;01:cd=40;33;01:or=40;31;01:mi=00:su=37;41:sg=30;43:ca=30;41:tw=30;42:ow=34;42:st=37;44:ex=01;32:*.tar=01;31:*.tgz=01;31:*.arc=01;31:*.arj=01;31:*.taz=01;31:*.lha=01;31:*.lz4=01;31:*.lzh=01;31:*.lzma=01;31:*.tlz=01;31:*.txz=01;31:*.tzo=01;31:*.t7z=01;31:*.zip=01;31:*.z=01;31:*.dz=01;31:*.gz=01;31:*.lrz=01;31:*.lz=01;31:*.lzo=01;31:*.xz=01;31:*.zst=01;31:*.tzst=01;31:*.bz2=01;31:*.bz=01;31:*.tbz=01;31:*.tbz2=01;31:*.tz=01;31:*.deb=01;31:*.rpm=01;31:*.jar=01;31:*.war=01;31:*.ear=01;31:*.sar=01;31:*.rar=01;31:*.alz=01;31:*.ace=01;31:*.zoo=01;31:*.cpio=01;31:*.7z=01;31:*.rz=01;31:*.cab=01;31:*.wim=01;31:*.swm=01;31:*.dwm=01;31:*.esd=01;31:*.jpg=01;35:*.jpeg=01;35:*.mjpg=01;35:*.mjpeg=01;35:*.gif=01;35:*.bmp=01;35:*.pbm=01;35:*.pgm=01;35:*.ppm=01;35:*.tga=01;35:*.xbm=01;35:*.xpm=01;35:*.tif=01;35:*.tiff=01;35:*.png=01;35:*.svg=01;35:*.svgz=01;35:*.mng=01;35:*.pcx=01;35:*.mov=01;35:*.mpg=01;35:*.mpeg=01;35:*.m2v=01;35:*.mkv=01;35:*.webm=01;35:*.webp=01;35:*.ogm=01;35:*.mp4=01;35:*.m4v=01;35:*.mp4v=01;35:*.vob=01;35:*.qt=01;35:*.nuv=01;35:*.wmv=01;35:*.asf=01;35:*.rm=01;35:*.rmvb=01;35:*.flc=01;35:*.avi=01;35:*.fli=01;35:*.flv=01;35:*.gl=01;35:*.dl=01;35:*.xcf=01;35:*.xwd=01;35:*.yuv=01;35:*.cgm=01;35:*.emf=01;35:*.ogv=01;35:*.ogx=01;35:*.aac=00;36:*.au=00;36:*.flac=00;36:*.m4a=00;36:*.mid=00;36:*.midi=00;36:*.mka=00;36:*.mp3=00;36:*.mpc=00;36:*.ogg=00;36:*.ra=00;36:*.wav=00;36:*.oga=00;36:*.opus=00;36:*.spx=00;36:*.xspf=00;36:'), ('AMENT_PREFIX_PATH', '/home/arno/RoombaV2Onboard/install/sllidar_ros2:/home/arno/RoombaV2Onboard/install/rover_stream:/home/arno/RoombaV2Onboard/install/roombav2:/home/arno/RoombaV2Onboard/install/RoverReceive:/opt/ros/humble'), ('SHELL', '/bin/bash'), ('LC_NAME', 'de_CH.UTF-8'), ('LESSCLOSE', '/usr/bin/lesspipe %s %s'), ('LC_MEASUREMENT', 'de_CH.UTF-8'), ('LC_IDENTIFICATION', 'de_CH.UTF-8'), ('PWD', '/home/arno/RoombaV2Onboard/build/rf2o_laser_odometry'), ('LC_ALL', 'en_US.UTF-8'), ('SSH_CONNECTION', '192.168.177.158 53836 192.168.177.115 22'), ('XDG_DATA_DIRS', '/usr/local/share:/usr/share:/var/lib/snapd/desktop'), ('PYTHONPATH', '/home/arno/RoombaV2Onboard/install/rover_stream/lib/python3.10/site-packages:/home/arno/RoombaV2Onboard/install/roombav2/lib/python3.10/site-packages:/home/arno/RoombaV2Onboard/install/RoverReceive/lib/python3.10/site-packages:/opt/ros/humble/lib/python3.10/site-packages:/opt/ros/humble/local/lib/python3.10/dist-packages'), ('LC_NUMERIC', 'de_CH.UTF-8'), ('LC_PAPER', 'de_CH.UTF-8'), ('COLCON', '1'), ('CMAKE_PREFIX_PATH', '/home/arno/RoombaV2Onboard/install/sllidar_ros2:/home/arno/RoombaV2Onboard/install/rover_stream:/home/arno/RoombaV2Onboard/install/roombav2:/home/arno/RoombaV2Onboard/install/RoverReceive:/opt/ros/humble')]), 'shell': False}
[28.425226] (-) TimerEvent: {}
[28.526431] (-) TimerEvent: {}
[28.627759] (-) TimerEvent: {}
[28.730233] (-) TimerEvent: {}
[28.738653] (rf2o_laser_odometry) StdoutLine: {'line': b'[ 40%] \x1b[32mBuilding CXX object CMakeFiles/rf2o_laser_odometry_node.dir/src/CLaserOdometry2DNode.cpp.o\x1b[0m\n'}
[28.740257] (rf2o_laser_odometry) StdoutLine: {'line': b'[ 40%] \x1b[32mBuilding CXX object CMakeFiles/rf2o_laser_odometry.dir/src/CLaserOdometry2D.cpp.o\x1b[0m\n'}
[28.746775] (rf2o_laser_odometry) StdoutLine: {'line': b'[ 60%] \x1b[32mBuilding CXX object CMakeFiles/rf2o_laser_odometry_node.dir/src/CLaserOdometry2D.cpp.o\x1b[0m\n'}
[28.830798] (-) TimerEvent: {}
[28.933442] (-) TimerEvent: {}
[29.035833] (-) TimerEvent: {}
[29.138183] (-) TimerEvent: {}
[29.240477] (-) TimerEvent: {}
[29.342688] (-) TimerEvent: {}
[29.443809] (-) TimerEvent: {}
[29.545789] (-) TimerEvent: {}
[29.647985] (-) TimerEvent: {}
[29.750115] (-) TimerEvent: {}
[29.852369] (-) TimerEvent: {}
[29.954689] (-) TimerEvent: {}
[30.056890] (-) TimerEvent: {}
[30.159464] (-) TimerEvent: {}
[30.261546] (-) TimerEvent: {}
[30.364080] (-) TimerEvent: {}
[30.466093] (-) TimerEvent: {}
[30.568316] (-) TimerEvent: {}
[30.670499] (-) TimerEvent: {}
[30.772954] (-) TimerEvent: {}
[30.900693] (-) TimerEvent: {}
[31.003155] (-) TimerEvent: {}
[31.104442] (-) TimerEvent: {}
[31.205688] (-) TimerEvent: {}
[31.308483] (-) TimerEvent: {}
[31.411108] (-) TimerEvent: {}
[31.513153] (-) TimerEvent: {}
[31.614763] (-) TimerEvent: {}
[31.716884] (-) TimerEvent: {}
[31.818441] (-) TimerEvent: {}
[31.919574] (-) TimerEvent: {}
[32.020956] (-) TimerEvent: {}
[32.122096] (-) TimerEvent: {}
[32.223907] (-) TimerEvent: {}
[32.325098] (-) TimerEvent: {}
[32.427491] (-) TimerEvent: {}
[32.528900] (-) TimerEvent: {}
[32.631432] (-) TimerEvent: {}
[32.733438] (-) TimerEvent: {}
[32.834608] (-) TimerEvent: {}
[32.936820] (-) TimerEvent: {}
[33.038302] (-) TimerEvent: {}
[33.140252] (-) TimerEvent: {}
[33.242587] (-) TimerEvent: {}
[33.344954] (-) TimerEvent: {}
[33.447291] (-) TimerEvent: {}
[33.548607] (-) TimerEvent: {}
[33.650003] (-) TimerEvent: {}
[33.751355] (-) TimerEvent: {}
[33.853238] (-) TimerEvent: {}
[33.955023] (-) TimerEvent: {}
[34.056494] (-) TimerEvent: {}
[34.157824] (-) TimerEvent: {}
[34.260744] (-) TimerEvent: {}
[34.362009] (-) TimerEvent: {}
[34.463215] (-) TimerEvent: {}
[34.564486] (-) TimerEvent: {}
[34.665829] (-) TimerEvent: {}
[34.768024] (-) TimerEvent: {}
[34.870717] (-) TimerEvent: {}
[34.973109] (-) TimerEvent: {}
[35.074602] (-) TimerEvent: {}
[35.176127] (-) TimerEvent: {}
[35.277778] (-) TimerEvent: {}
[35.379378] (-) TimerEvent: {}
[35.480947] (-) TimerEvent: {}
[35.582083] (-) TimerEvent: {}
[35.685040] (-) TimerEvent: {}
[35.787759] (-) TimerEvent: {}
[35.901195] (-) TimerEvent: {}
[36.002801] (-) TimerEvent: {}
[36.104788] (-) TimerEvent: {}
[36.208070] (-) TimerEvent: {}
[36.316898] (-) TimerEvent: {}
[36.418355] (-) TimerEvent: {}
[36.519740] (-) TimerEvent: {}
[36.621098] (-) TimerEvent: {}
[36.722296] (-) TimerEvent: {}
[36.823921] (-) TimerEvent: {}
[36.925584] (-) TimerEvent: {}
[37.028874] (-) TimerEvent: {}
[37.131518] (-) TimerEvent: {}
[37.232814] (-) TimerEvent: {}
[37.334749] (-) TimerEvent: {}
[37.437539] (-) TimerEvent: {}
[37.538878] (-) TimerEvent: {}
[37.640317] (-) TimerEvent: {}
[37.741867] (-) TimerEvent: {}
[37.843402] (-) TimerEvent: {}
[37.944750] (-) TimerEvent: {}
[38.046141] (-) TimerEvent: {}
[38.147622] (-) TimerEvent: {}
[38.249172] (-) TimerEvent: {}
[38.352385] (-) TimerEvent: {}
[38.454769] (-) TimerEvent: {}
[38.557072] (-) TimerEvent: {}
[38.658917] (-) TimerEvent: {}
[38.760708] (-) TimerEvent: {}
[38.862713] (-) TimerEvent: {}
[38.964307] (-) TimerEvent: {}
[39.065567] (-) TimerEvent: {}
[39.169429] (-) TimerEvent: {}
[39.273036] (-) TimerEvent: {}
[39.376278] (-) TimerEvent: {}
[39.477637] (-) TimerEvent: {}
[39.579659] (-) TimerEvent: {}
[39.682194] (-) TimerEvent: {}
[39.783568] (-) TimerEvent: {}
[39.885076] (-) TimerEvent: {}
[39.986541] (-) TimerEvent: {}
[40.088174] (-) TimerEvent: {}
[40.190064] (-) TimerEvent: {}
[40.292236] (-) TimerEvent: {}
[40.394950] (-) TimerEvent: {}
[40.498299] (-) TimerEvent: {}
[40.599945] (-) TimerEvent: {}
[40.701456] (-) TimerEvent: {}
[40.803064] (-) TimerEvent: {}
[41.557721] (-) TimerEvent: {}
[41.659405] (-) TimerEvent: {}
[41.761078] (-) TimerEvent: {}
[41.864259] (-) TimerEvent: {}
[41.965849] (-) TimerEvent: {}
[42.067822] (-) TimerEvent: {}
[42.169332] (-) TimerEvent: {}
[42.270819] (-) TimerEvent: {}
[42.373876] (-) TimerEvent: {}
[42.477994] (-) TimerEvent: {}
[42.579737] (-) TimerEvent: {}
[42.681225] (-) TimerEvent: {}
[42.783008] (-) TimerEvent: {}
[42.884699] (-) TimerEvent: {}
[42.986140] (-) TimerEvent: {}
[43.087619] (-) TimerEvent: {}
[43.190865] (-) TimerEvent: {}
[43.294353] (-) TimerEvent: {}
[43.398240] (-) TimerEvent: {}
[43.500128] (-) TimerEvent: {}
[43.601937] (-) TimerEvent: {}
[43.703952] (-) TimerEvent: {}
[43.805904] (-) TimerEvent: {}
[43.908204] (-) TimerEvent: {}
[44.010090] (-) TimerEvent: {}
[44.111718] (-) TimerEvent: {}
[44.213307] (-) TimerEvent: {}
[44.315051] (-) TimerEvent: {}
[44.416614] (-) TimerEvent: {}
[44.518303] (-) TimerEvent: {}
[44.619909] (-) TimerEvent: {}
[44.721473] (-) TimerEvent: {}
[44.823109] (-) TimerEvent: {}
[44.924660] (-) TimerEvent: {}
[45.026182] (-) TimerEvent: {}
[45.127728] (-) TimerEvent: {}
[45.229637] (-) TimerEvent: {}
[45.331565] (-) TimerEvent: {}
[45.435319] (-) TimerEvent: {}
[45.537023] (-) TimerEvent: {}
[45.639402] (-) TimerEvent: {}
[45.741157] (-) TimerEvent: {}
[45.843798] (-) TimerEvent: {}
[46.002733] (-) TimerEvent: {}
[46.104637] (-) TimerEvent: {}
[46.206301] (-) TimerEvent: {}
[46.308243] (-) TimerEvent: {}
[46.410018] (-) TimerEvent: {}
[46.511763] (-) TimerEvent: {}
[46.613490] (-) TimerEvent: {}
[46.714819] (-) TimerEvent: {}
[46.816266] (-) TimerEvent: {}
[46.917803] (-) TimerEvent: {}
[47.019745] (-) TimerEvent: {}
[47.121343] (-) TimerEvent: {}
[47.223079] (-) TimerEvent: {}
[47.324623] (-) TimerEvent: {}
[47.426174] (-) TimerEvent: {}
[47.527945] (-) TimerEvent: {}
[47.629571] (-) TimerEvent: {}
[47.731402] (-) TimerEvent: {}
[47.833038] (-) TimerEvent: {}
[47.934886] (-) TimerEvent: {}
[48.036385] (-) TimerEvent: {}
[48.138042] (-) TimerEvent: {}
[48.239897] (-) TimerEvent: {}
[48.341630] (-) TimerEvent: {}
[48.444415] (-) TimerEvent: {}
[48.548363] (-) TimerEvent: {}
[48.651735] (-) TimerEvent: {}
[48.755542] (-) TimerEvent: {}
[48.857084] (-) TimerEvent: {}
[48.960595] (-) TimerEvent: {}
[49.064346] (-) TimerEvent: {}
[49.166849] (-) TimerEvent: {}
[49.268296] (-) TimerEvent: {}
[49.369836] (-) TimerEvent: {}
[49.471462] (-) TimerEvent: {}
[49.573095] (-) TimerEvent: {}
[49.675018] (-) TimerEvent: {}
[49.776696] (-) TimerEvent: {}
[49.878375] (-) TimerEvent: {}
[49.979988] (-) TimerEvent: {}
[50.081601] (-) TimerEvent: {}
[50.183451] (-) TimerEvent: {}
[50.284686] (-) TimerEvent: {}
[50.386259] (-) TimerEvent: {}
[50.487878] (-) TimerEvent: {}
[50.589469] (-) TimerEvent: {}
[50.690989] (-) TimerEvent: {}
[50.792182] (-) TimerEvent: {}
[50.893728] (-) TimerEvent: {}
[51.767056] (-) TimerEvent: {}
[51.870736] (-) TimerEvent: {}
[51.973940] (-) TimerEvent: {}
[52.077896] (-) TimerEvent: {}
[52.181453] (-) TimerEvent: {}
[52.285198] (-) TimerEvent: {}
[52.386755] (-) TimerEvent: {}
[52.490035] (-) TimerEvent: {}
[52.593608] (-) TimerEvent: {}
[52.697337] (-) TimerEvent: {}
[52.799268] (-) TimerEvent: {}
[52.900706] (-) TimerEvent: {}
[53.002707] (-) TimerEvent: {}
[53.104900] (-) TimerEvent: {}
[53.207872] (-) TimerEvent: {}
[53.311977] (-) TimerEvent: {}
[53.413602] (-) TimerEvent: {}
[53.514952] (-) TimerEvent: {}
[53.616312] (-) TimerEvent: {}
[53.718169] (-) TimerEvent: {}
[53.820085] (-) TimerEvent: {}
[53.922027] (-) TimerEvent: {}
[54.023754] (-) TimerEvent: {}
[54.143232] (-) TimerEvent: {}
[54.298215] (-) TimerEvent: {}
[56.129562] (-) TimerEvent: {}
[56.231810] (-) TimerEvent: {}
[56.333380] (-) TimerEvent: {}
[56.435165] (-) TimerEvent: {}
[56.536975] (-) TimerEvent: {}
[56.640524] (-) TimerEvent: {}
[56.743937] (-) TimerEvent: {}
[56.846074] (-) TimerEvent: {}
[56.947680] (-) TimerEvent: {}
[57.049234] (-) TimerEvent: {}
[57.150916] (-) TimerEvent: {}
[57.252257] (-) TimerEvent: {}
[57.353788] (-) TimerEvent: {}
[57.455364] (-) TimerEvent: {}
[57.557088] (-) TimerEvent: {}
[57.658700] (-) TimerEvent: {}
[57.759976] (-) TimerEvent: {}
[57.861583] (-) TimerEvent: {}
[57.963419] (-) TimerEvent: {}
[58.065104] (-) TimerEvent: {}
[58.166697] (-) TimerEvent: {}
[58.268439] (-) TimerEvent: {}
[58.370992] (-) TimerEvent: {}
[58.474681] (-) TimerEvent: {}
[58.577945] (-) TimerEvent: {}
[58.679509] (-) TimerEvent: {}
[58.781376] (-) TimerEvent: {}
[58.883369] (-) TimerEvent: {}
[58.985763] (-) TimerEvent: {}
[59.088729] (-) TimerEvent: {}
[59.190980] (-) TimerEvent: {}
[59.293620] (-) TimerEvent: {}
[59.395687] (-) TimerEvent: {}
[59.497578] (-) TimerEvent: {}
[59.599579] (-) TimerEvent: {}
[59.701426] (-) TimerEvent: {}
[59.803068] (-) TimerEvent: {}
[59.905105] (-) TimerEvent: {}
[60.007022] (-) TimerEvent: {}
[60.108590] (-) TimerEvent: {}
[60.210179] (-) TimerEvent: {}
[60.311736] (-) TimerEvent: {}
[60.413494] (-) TimerEvent: {}
[60.515403] (-) TimerEvent: {}
[60.617073] (-) TimerEvent: {}
[60.718860] (-) TimerEvent: {}
[60.820432] (-) TimerEvent: {}
[60.921973] (-) TimerEvent: {}
[61.023828] (-) TimerEvent: {}
[61.125369] (-) TimerEvent: {}
[61.226984] (-) TimerEvent: {}
[61.328684] (-) TimerEvent: {}
[61.430790] (-) TimerEvent: {}
[61.533530] (-) TimerEvent: {}
[61.635382] (-) TimerEvent: {}
[61.737290] (-) TimerEvent: {}
[61.840261] (-) TimerEvent: {}
[61.941494] (-) TimerEvent: {}
[62.043105] (-) TimerEvent: {}
[62.145937] (-) TimerEvent: {}
[62.247451] (-) TimerEvent: {}
[62.351423] (-) TimerEvent: {}
[62.454984] (-) TimerEvent: {}
[62.556843] (-) TimerEvent: {}
[62.666861] (-) TimerEvent: {}
[62.768539] (-) TimerEvent: {}
[62.870184] (-) TimerEvent: {}
[62.971961] (-) TimerEvent: {}
[63.073425] (-) TimerEvent: {}
[63.175301] (-) TimerEvent: {}
[63.277166] (-) TimerEvent: {}
[63.378566] (-) TimerEvent: {}
[63.479885] (-) TimerEvent: {}
[63.581935] (-) TimerEvent: {}
[63.683449] (-) TimerEvent: {}
[63.787218] (-) TimerEvent: {}
[63.890049] (-) TimerEvent: {}
[63.991807] (-) TimerEvent: {}
[64.095289] (-) TimerEvent: {}
[64.198319] (-) TimerEvent: {}
[64.299732] (-) TimerEvent: {}
[64.401246] (-) TimerEvent: {}
[64.502747] (-) TimerEvent: {}
[64.604539] (-) TimerEvent: {}
[64.706361] (-) TimerEvent: {}
[64.807843] (-) TimerEvent: {}
[64.909194] (-) TimerEvent: {}
[65.010940] (-) TimerEvent: {}
[65.112446] (-) TimerEvent: {}
[65.214006] (-) TimerEvent: {}
[65.315811] (-) TimerEvent: {}
[65.417423] (-) TimerEvent: {}
[65.519040] (-) TimerEvent: {}
[65.620607] (-) TimerEvent: {}
[65.722282] (-) TimerEvent: {}
[65.823919] (-) TimerEvent: {}
[65.925631] (-) TimerEvent: {}
[66.027685] (-) TimerEvent: {}
[66.129287] (-) TimerEvent: {}
[66.230912] (-) TimerEvent: {}
[66.332849] (-) TimerEvent: {}
[66.434629] (-) TimerEvent: {}
[66.536614] (-) TimerEvent: {}
[66.640247] (-) TimerEvent: {}
[66.744170] (-) TimerEvent: {}
[66.851155] (-) TimerEvent: {}
[66.959116] (-) TimerEvent: {}
[67.063900] (-) TimerEvent: {}
[67.165755] (-) TimerEvent: {}
[67.267490] (-) TimerEvent: {}
[67.369715] (-) TimerEvent: {}
[67.471341] (-) TimerEvent: {}
[67.573342] (-) TimerEvent: {}
[67.674578] (-) TimerEvent: {}
[67.777278] (-) TimerEvent: {}
[67.878977] (-) TimerEvent: {}
[67.980534] (-) TimerEvent: {}
[68.082086] (-) TimerEvent: {}
[68.183660] (-) TimerEvent: {}
[68.285184] (-) TimerEvent: {}
[68.387192] (-) TimerEvent: {}
[68.489223] (-) TimerEvent: {}
[68.591058] (-) TimerEvent: {}
[68.692631] (-) TimerEvent: {}
[68.794167] (-) TimerEvent: {}
[68.895683] (-) TimerEvent: {}
[68.997440] (-) TimerEvent: {}
[69.099837] (-) TimerEvent: {}
[69.201847] (-) TimerEvent: {}
[69.305413] (-) TimerEvent: {}
[69.409027] (-) TimerEvent: {}
[69.511698] (-) TimerEvent: {}
[69.613631] (-) TimerEvent: {}
[69.715723] (-) TimerEvent: {}
[69.818851] (-) TimerEvent: {}
[69.921501] (-) TimerEvent: {}
[70.024954] (-) TimerEvent: {}
[70.239952] (-) TimerEvent: {}
[70.341551] (-) TimerEvent: {}
[70.443922] (-) TimerEvent: {}
[70.547527] (-) TimerEvent: {}
[70.649732] (-) TimerEvent: {}
[70.751444] (-) TimerEvent: {}
[70.853223] (-) TimerEvent: {}
[70.954773] (-) TimerEvent: {}
[71.056876] (-) TimerEvent: {}
[71.159468] (-) TimerEvent: {}
[71.261133] (-) TimerEvent: {}
[71.362750] (-) TimerEvent: {}
[71.464512] (-) TimerEvent: {}
[71.566133] (-) TimerEvent: {}
[71.667752] (-) TimerEvent: {}
[71.769308] (-) TimerEvent: {}
[71.871050] (-) TimerEvent: {}
[71.972835] (-) TimerEvent: {}
[72.074270] (-) TimerEvent: {}
[72.175942] (-) TimerEvent: {}
[72.277506] (-) TimerEvent: {}
[72.379027] (-) TimerEvent: {}
[72.480650] (-) TimerEvent: {}
[72.581999] (-) TimerEvent: {}
[72.683539] (-) TimerEvent: {}
[72.784982] (-) TimerEvent: {}
[72.886527] (-) TimerEvent: {}
[72.988227] (-) TimerEvent: {}
[73.089744] (-) TimerEvent: {}
[73.191350] (-) TimerEvent: {}
[73.292957] (-) TimerEvent: {}
[73.394675] (-) TimerEvent: {}
[73.496515] (-) TimerEvent: {}
[73.598105] (-) TimerEvent: {}
[73.699740] (-) TimerEvent: {}
[73.801312] (-) TimerEvent: {}
[73.903179] (-) TimerEvent: {}
[74.004745] (-) TimerEvent: {}
[74.106338] (-) TimerEvent: {}
[74.207735] (-) TimerEvent: {}
[74.309591] (-) TimerEvent: {}
[74.411252] (-) TimerEvent: {}
[74.512813] (-) TimerEvent: {}
[74.614646] (-) TimerEvent: {}
[74.716555] (-) TimerEvent: {}
[74.818559] (-) TimerEvent: {}
[74.920453] (-) TimerEvent: {}
[75.022739] (-) TimerEvent: {}
[75.125476] (-) TimerEvent: {}
[75.226901] (-) TimerEvent: {}
[75.328237] (-) TimerEvent: {}
[75.429776] (-) TimerEvent: {}
[75.531897] (-) TimerEvent: {}
[75.633554] (-) TimerEvent: {}
[75.735070] (-) TimerEvent: {}
[75.837047] (-) TimerEvent: {}
[75.938653] (-) TimerEvent: {}
[76.040564] (-) TimerEvent: {}
[76.143193] (-) TimerEvent: {}
[76.244681] (-) TimerEvent: {}
[76.346095] (-) TimerEvent: {}
[76.447662] (-) TimerEvent: {}
[76.549106] (-) TimerEvent: {}
[76.650888] (-) TimerEvent: {}
[76.754198] (-) TimerEvent: {}
[76.856402] (-) TimerEvent: {}
[76.958429] (-) TimerEvent: {}
[77.059927] (-) TimerEvent: {}
[77.161499] (-) TimerEvent: {}
[77.263236] (-) TimerEvent: {}
[77.364876] (-) TimerEvent: {}
[77.466406] (-) TimerEvent: {}
[77.568643] (-) TimerEvent: {}
[77.670721] (-) TimerEvent: {}
[77.772382] (-) TimerEvent: {}
[77.873974] (-) TimerEvent: {}
[77.975374] (-) TimerEvent: {}
[78.077123] (-) TimerEvent: {}
[78.178730] (-) TimerEvent: {}
[78.280169] (-) TimerEvent: {}
[78.381794] (-) TimerEvent: {}
[78.483779] (-) TimerEvent: {}
[78.585653] (-) TimerEvent: {}
[78.687186] (-) TimerEvent: {}
[78.788884] (-) TimerEvent: {}
[78.890753] (-) TimerEvent: {}
[78.992461] (-) TimerEvent: {}
[79.094020] (-) TimerEvent: {}
[79.195692] (-) TimerEvent: {}
[79.297285] (-) TimerEvent: {}
[79.398838] (-) TimerEvent: {}
[79.500457] (-) TimerEvent: {}
[79.601944] (-) TimerEvent: {}
[79.703425] (-) TimerEvent: {}
[79.805095] (-) TimerEvent: {}
[79.906644] (-) TimerEvent: {}
[80.008636] (-) TimerEvent: {}
[80.110089] (-) TimerEvent: {}
[80.211641] (-) TimerEvent: {}
[80.313132] (-) TimerEvent: {}
[80.414368] (-) TimerEvent: {}
[80.515959] (-) TimerEvent: {}
[80.618332] (-) TimerEvent: {}
[80.720030] (-) TimerEvent: {}
[80.821390] (-) TimerEvent: {}
[80.922741] (-) TimerEvent: {}
[81.024288] (-) TimerEvent: {}
[81.125800] (-) TimerEvent: {}
[81.228077] (-) TimerEvent: {}
[81.329783] (-) TimerEvent: {}
[81.431934] (-) TimerEvent: {}
[81.533562] (-) TimerEvent: {}
[81.635016] (-) TimerEvent: {}
[81.737753] (-) TimerEvent: {}
[81.839230] (-) TimerEvent: {}
[81.940711] (-) TimerEvent: {}
[82.042813] (-) TimerEvent: {}
[82.144455] (-) TimerEvent: {}
[82.246123] (-) TimerEvent: {}
[82.347666] (-) TimerEvent: {}
[82.449398] (-) TimerEvent: {}
[82.551270] (-) TimerEvent: {}
[82.653009] (-) TimerEvent: {}
[82.754495] (-) TimerEvent: {}
[82.855921] (-) TimerEvent: {}
[82.957453] (-) TimerEvent: {}
[83.059089] (-) TimerEvent: {}
[83.160645] (-) TimerEvent: {}
[83.262344] (-) TimerEvent: {}
[83.364614] (-) TimerEvent: {}
[83.466854] (-) TimerEvent: {}
[83.568374] (-) TimerEvent: {}
[83.669934] (-) TimerEvent: {}
[83.771656] (-) TimerEvent: {}
[83.873271] (-) TimerEvent: {}
[83.974528] (-) TimerEvent: {}
[84.076404] (-) TimerEvent: {}
[84.177722] (-) TimerEvent: {}
[84.279265] (-) TimerEvent: {}
[84.380657] (-) TimerEvent: {}
[84.482400] (-) TimerEvent: {}
[84.583971] (-) TimerEvent: {}
[84.685455] (-) TimerEvent: {}
[84.787117] (-) TimerEvent: {}
[84.888811] (-) TimerEvent: {}
[84.990875] (-) TimerEvent: {}
[85.092534] (-) TimerEvent: {}
[85.194116] (-) TimerEvent: {}
[85.295717] (-) TimerEvent: {}
[85.397254] (-) TimerEvent: {}
[85.498718] (-) TimerEvent: {}
[85.600226] (-) TimerEvent: {}
[85.701796] (-) TimerEvent: {}
[85.803467] (-) TimerEvent: {}
[85.906106] (-) TimerEvent: {}
[86.007440] (-) TimerEvent: {}
[86.109602] (-) TimerEvent: {}
[86.313288] (-) TimerEvent: {}
[86.597739] (-) TimerEvent: {}
[86.699316] (-) TimerEvent: {}
[86.801004] (-) TimerEvent: {}
[86.902717] (-) TimerEvent: {}
[87.004470] (-) TimerEvent: {}
[87.106181] (-) TimerEvent: {}
[87.208171] (-) TimerEvent: {}
[87.309941] (-) TimerEvent: {}
[87.411565] (-) TimerEvent: {}
[87.513273] (-) TimerEvent: {}
[87.614947] (-) TimerEvent: {}
[87.716454] (-) TimerEvent: {}
[87.818011] (-) TimerEvent: {}
[87.919757] (-) TimerEvent: {}
[88.022299] (-) TimerEvent: {}
[88.125161] (-) TimerEvent: {}
[88.226718] (-) TimerEvent: {}
[88.329175] (-) TimerEvent: {}
[88.432074] (-) TimerEvent: {}
[88.533612] (-) TimerEvent: {}
[88.635256] (-) TimerEvent: {}
[88.736913] (-) TimerEvent: {}
[88.838375] (-) TimerEvent: {}
[88.939831] (-) TimerEvent: {}
[89.041483] (-) TimerEvent: {}
[89.169707] (-) TimerEvent: {}
[90.390013] (-) TimerEvent: {}
[90.492393] (-) TimerEvent: {}
[90.593927] (-) TimerEvent: {}
[90.695447] (-) TimerEvent: {}
[90.797047] (-) TimerEvent: {}
[90.906752] (-) TimerEvent: {}
[91.008382] (-) TimerEvent: {}
[91.109912] (-) TimerEvent: {}
[91.211514] (-) TimerEvent: {}
[91.313015] (-) TimerEvent: {}
[91.414827] (-) TimerEvent: {}
[91.516426] (-) TimerEvent: {}
[91.617839] (-) TimerEvent: {}
[91.719270] (-) TimerEvent: {}
[91.821352] (-) TimerEvent: {}
[91.923312] (-) TimerEvent: {}
[92.024761] (-) TimerEvent: {}
[92.126582] (-) TimerEvent: {}
[92.230062] (-) TimerEvent: {}
[92.331844] (-) TimerEvent: {}
[92.434302] (-) TimerEvent: {}
[92.537121] (-) TimerEvent: {}
[92.638695] (-) TimerEvent: {}
[92.741278] (-) TimerEvent: {}
[92.843202] (-) TimerEvent: {}
[92.944725] (-) TimerEvent: {}
[93.046320] (-) TimerEvent: {}
[93.148061] (-) TimerEvent: {}
[93.249505] (-) TimerEvent: {}
[93.351193] (-) TimerEvent: {}
[93.453462] (-) TimerEvent: {}
[93.555073] (-) TimerEvent: {}
[93.656581] (-) TimerEvent: {}
[93.757945] (-) TimerEvent: {}
[93.859416] (-) TimerEvent: {}
[93.960830] (-) TimerEvent: {}
[94.062273] (-) TimerEvent: {}
[94.163484] (-) TimerEvent: {}
[94.264636] (-) TimerEvent: {}
[94.366041] (-) TimerEvent: {}
[94.467669] (-) TimerEvent: {}
[94.569381] (-) TimerEvent: {}
[94.670941] (-) TimerEvent: {}
[94.772471] (-) TimerEvent: {}
[94.873983] (-) TimerEvent: {}
[94.975641] (-) TimerEvent: {}
[95.077373] (-) TimerEvent: {}
[95.179016] (-) TimerEvent: {}
[95.280697] (-) TimerEvent: {}
[95.382188] (-) TimerEvent: {}
[95.483583] (-) TimerEvent: {}
[95.586152] (-) TimerEvent: {}
[95.687574] (-) TimerEvent: {}
[95.789095] (-) TimerEvent: {}
[95.891622] (-) TimerEvent: {}
[95.992941] (-) TimerEvent: {}
[96.094556] (-) TimerEvent: {}
[96.195997] (-) TimerEvent: {}
[96.297539] (-) TimerEvent: {}
[96.399051] (-) TimerEvent: {}
[96.501951] (-) TimerEvent: {}
[96.604494] (-) TimerEvent: {}
[96.706627] (-) TimerEvent: {}
[96.808533] (-) TimerEvent: {}
[96.910143] (-) TimerEvent: {}
[97.011743] (-) TimerEvent: {}
[97.113236] (-) TimerEvent: {}
[97.215102] (-) TimerEvent: {}
[97.316724] (-) TimerEvent: {}
[97.418231] (-) TimerEvent: {}
[97.519708] (-) TimerEvent: {}
[97.621103] (-) TimerEvent: {}
[97.722661] (-) TimerEvent: {}
[97.824174] (-) TimerEvent: {}
[97.925580] (-) TimerEvent: {}
[98.027219] (-) TimerEvent: {}
[98.128720] (-) TimerEvent: {}
[98.230196] (-) TimerEvent: {}
[98.332888] (-) TimerEvent: {}
[98.434414] (-) TimerEvent: {}
[98.535941] (-) TimerEvent: {}
[98.638579] (-) TimerEvent: {}
[98.739813] (-) TimerEvent: {}
[98.841521] (-) TimerEvent: {}
[98.943263] (-) TimerEvent: {}
[99.044847] (-) TimerEvent: {}
[99.148055] (-) TimerEvent: {}
[99.249572] (-) TimerEvent: {}
[99.351515] (-) TimerEvent: {}
[99.454392] (-) TimerEvent: {}
[99.557294] (-) TimerEvent: {}
[99.658630] (-) TimerEvent: {}
[99.760011] (-) TimerEvent: {}
[99.861319] (-) TimerEvent: {}
[99.962866] (-) TimerEvent: {}
[100.064388] (-) TimerEvent: {}
[100.165870] (-) TimerEvent: {}
[100.267274] (-) TimerEvent: {}
[100.368905] (-) TimerEvent: {}
[100.470544] (-) TimerEvent: {}
[100.572344] (-) TimerEvent: {}
[100.674926] (-) TimerEvent: {}
[100.777008] (-) TimerEvent: {}
[101.012079] (-) TimerEvent: {}
[101.113746] (-) TimerEvent: {}
[101.215606] (-) TimerEvent: {}
[101.316869] (-) TimerEvent: {}
[101.418276] (-) TimerEvent: {}
[101.519696] (-) TimerEvent: {}
[101.621415] (-) TimerEvent: {}
[101.722921] (-) TimerEvent: {}
[101.824761] (-) TimerEvent: {}
[101.926721] (-) TimerEvent: {}
[102.028536] (-) TimerEvent: {}
[102.132104] (-) TimerEvent: {}
[102.234859] (-) TimerEvent: {}
[102.336620] (-) TimerEvent: {}
[102.438239] (-) TimerEvent: {}
[102.539717] (-) TimerEvent: {}
[102.641038] (-) TimerEvent: {}
[102.742707] (-) TimerEvent: {}
[102.844205] (-) TimerEvent: {}
[102.945656] (-) TimerEvent: {}
[103.047133] (-) TimerEvent: {}
[103.148756] (-) TimerEvent: {}
[103.250307] (-) TimerEvent: {}
[103.352111] (-) TimerEvent: {}
[103.453880] (-) TimerEvent: {}
[103.555734] (-) TimerEvent: {}
[103.657312] (-) TimerEvent: {}
[103.758911] (-) TimerEvent: {}
[103.861574] (-) TimerEvent: {}
[103.963083] (-) TimerEvent: {}
[104.067097] (-) TimerEvent: {}
[104.169060] (-) TimerEvent: {}
[104.271217] (-) TimerEvent: {}
[104.372731] (-) TimerEvent: {}
[104.474653] (-) TimerEvent: {}
[104.576792] (-) TimerEvent: {}
[104.678674] (-) TimerEvent: {}
[104.780731] (-) TimerEvent: {}
[104.883678] (-) TimerEvent: {}
[104.985230] (-) TimerEvent: {}
[105.086890] (-) TimerEvent: {}
[105.188431] (-) TimerEvent: {}
[105.291134] (-) TimerEvent: {}
[105.393996] (-) TimerEvent: {}
[105.495503] (-) TimerEvent: {}
[105.597220] (-) TimerEvent: {}
[105.699100] (-) TimerEvent: {}
[105.800521] (-) TimerEvent: {}
[105.902083] (-) TimerEvent: {}
[106.003817] (-) TimerEvent: {}
[106.105241] (-) TimerEvent: {}
[106.206375] (-) TimerEvent: {}
[106.307951] (-) TimerEvent: {}
[106.409353] (-) TimerEvent: {}
[106.510929] (-) TimerEvent: {}
[106.613522] (-) TimerEvent: {}
[106.717066] (-) TimerEvent: {}
[106.818599] (-) TimerEvent: {}
[106.920508] (-) TimerEvent: {}
[107.022382] (-) TimerEvent: {}
[107.123849] (-) TimerEvent: {}
[107.238931] (-) TimerEvent: {}
[107.340821] (-) TimerEvent: {}
[107.442106] (-) TimerEvent: {}
[107.544070] (-) TimerEvent: {}
[107.645747] (-) TimerEvent: {}
[107.747291] (-) TimerEvent: {}
[107.848903] (-) TimerEvent: {}
[107.950653] (-) TimerEvent: {}
[108.052336] (-) TimerEvent: {}
[108.153833] (-) TimerEvent: {}
[108.255328] (-) TimerEvent: {}
[108.356651] (-) TimerEvent: {}
[108.458362] (-) TimerEvent: {}
[108.559971] (-) TimerEvent: {}
[108.661574] (-) TimerEvent: {}
[108.763733] (-) TimerEvent: {}
[108.865320] (-) TimerEvent: {}
[108.967019] (-) TimerEvent: {}
[109.068357] (-) TimerEvent: {}
[109.169938] (-) TimerEvent: {}
[109.271600] (-) TimerEvent: {}
[109.373616] (-) TimerEvent: {}
[109.475321] (-) TimerEvent: {}
[109.576944] (-) TimerEvent: {}
[109.678785] (-) TimerEvent: {}
[109.780296] (-) TimerEvent: {}
[109.881985] (-) TimerEvent: {}
[109.983695] (-) TimerEvent: {}
[110.085311] (-) TimerEvent: {}
[110.187913] (-) TimerEvent: {}
[110.289131] (-) TimerEvent: {}
[110.390573] (-) TimerEvent: {}
[110.491931] (-) TimerEvent: {}
[110.593348] (-) TimerEvent: {}
[110.694886] (-) TimerEvent: {}
[110.796667] (-) TimerEvent: {}
[110.898509] (-) TimerEvent: {}
[111.002430] (-) TimerEvent: {}
[111.104024] (-) TimerEvent: {}
[111.205771] (-) TimerEvent: {}
[111.309074] (-) TimerEvent: {}
[111.411570] (-) TimerEvent: {}
[111.512941] (-) TimerEvent: {}
[111.614658] (-) TimerEvent: {}
[111.766875] (-) TimerEvent: {}
[111.869111] (-) TimerEvent: {}
[111.971434] (-) TimerEvent: {}
[112.073203] (-) TimerEvent: {}
[112.174752] (-) TimerEvent: {}
[112.276458] (-) TimerEvent: {}
[112.378004] (-) TimerEvent: {}
[112.479931] (-) TimerEvent: {}
[112.582110] (-) TimerEvent: {}
[112.683935] (-) TimerEvent: {}
[112.785660] (-) TimerEvent: {}
[112.887572] (-) TimerEvent: {}
[112.990200] (-) TimerEvent: {}
[113.092133] (-) TimerEvent: {}
[113.193693] (-) TimerEvent: {}
[113.295295] (-) TimerEvent: {}
[113.396843] (-) TimerEvent: {}
[113.498707] (-) TimerEvent: {}
[113.600543] (-) TimerEvent: {}
[113.702332] (-) TimerEvent: {}
[113.804442] (-) TimerEvent: {}
[113.906911] (-) TimerEvent: {}
[114.008596] (-) TimerEvent: {}
[114.111372] (-) TimerEvent: {}
[114.213621] (-) TimerEvent: {}
[114.316065] (-) TimerEvent: {}
[114.417275] (-) TimerEvent: {}
[114.518840] (-) TimerEvent: {}
[114.620525] (-) TimerEvent: {}
[114.722181] (-) TimerEvent: {}
[114.824161] (-) TimerEvent: {}
[114.925730] (-) TimerEvent: {}
[115.027328] (-) TimerEvent: {}
[115.128813] (-) TimerEvent: {}
[115.230186] (-) TimerEvent: {}
[115.331813] (-) TimerEvent: {}
[115.433118] (-) TimerEvent: {}
[115.534378] (-) TimerEvent: {}
[115.637576] (-) TimerEvent: {}
[115.738876] (-) TimerEvent: {}
[115.840110] (-) TimerEvent: {}
[115.941615] (-) TimerEvent: {}
[116.045308] (-) TimerEvent: {}
[116.147908] (-) TimerEvent: {}
[116.249579] (-) TimerEvent: {}
[116.351198] (-) TimerEvent: {}
[116.452986] (-) TimerEvent: {}
[116.555116] (-) TimerEvent: {}
[116.671711] (-) TimerEvent: {}
[116.904652] (-) TimerEvent: {}
[117.363826] (-) TimerEvent: {}
[117.491390] (-) TimerEvent: {}
[117.593145] (-) TimerEvent: {}
[117.694838] (-) TimerEvent: {}
[117.796653] (-) TimerEvent: {}
[117.898175] (-) TimerEvent: {}
[117.999899] (-) TimerEvent: {}
[118.101240] (-) TimerEvent: {}
[118.202672] (-) TimerEvent: {}
[118.304754] (-) TimerEvent: {}
[118.406421] (-) TimerEvent: {}
[118.508126] (-) TimerEvent: {}
[118.610145] (-) TimerEvent: {}
[118.712091] (-) TimerEvent: {}
[118.814075] (-) TimerEvent: {}
[118.916385] (-) TimerEvent: {}
[119.017860] (-) TimerEvent: {}
[119.120540] (-) TimerEvent: {}
[119.222612] (-) TimerEvent: {}
[119.324573] (-) TimerEvent: {}
[119.426520] (-) TimerEvent: {}
[119.528266] (-) TimerEvent: {}
[119.629830] (-) TimerEvent: {}
[119.731674] (-) TimerEvent: {}
[119.833607] (-) TimerEvent: {}
[119.935543] (-) TimerEvent: {}
[120.037257] (-) TimerEvent: {}
[120.138742] (-) TimerEvent: {}
[120.240295] (-) TimerEvent: {}
[120.341804] (-) TimerEvent: {}
[120.443562] (-) TimerEvent: {}
[120.545452] (-) TimerEvent: {}
[120.648680] (-) TimerEvent: {}
[120.750705] (-) TimerEvent: {}
[120.853049] (-) TimerEvent: {}
[120.955259] (-) TimerEvent: {}
[121.056495] (-) TimerEvent: {}
[121.159335] (-) TimerEvent: {}
[121.261054] (-) TimerEvent: {}
[121.363386] (-) TimerEvent: {}
[121.465875] (-) TimerEvent: {}
[121.568159] (-) TimerEvent: {}
[121.669696] (-) TimerEvent: {}
[121.771300] (-) TimerEvent: {}
[121.873199] (-) TimerEvent: {}
[121.975115] (-) TimerEvent: {}
[122.076647] (-) TimerEvent: {}
[122.178008] (-) TimerEvent: {}
[122.279577] (-) TimerEvent: {}
[122.381042] (-) TimerEvent: {}
[122.482687] (-) TimerEvent: {}
[122.584067] (-) TimerEvent: {}
[122.685796] (-) TimerEvent: {}
[122.788328] (-) TimerEvent: {}
[122.889896] (-) TimerEvent: {}
[122.991146] (-) TimerEvent: {}
[123.092726] (-) TimerEvent: {}
[123.194359] (-) TimerEvent: {}
[123.296099] (-) TimerEvent: {}
[123.398242] (-) TimerEvent: {}
[123.500079] (-) TimerEvent: {}
[123.601682] (-) TimerEvent: {}
[123.705578] (-) TimerEvent: {}
[123.807766] (-) TimerEvent: {}
[123.909726] (-) TimerEvent: {}
[124.011670] (-) TimerEvent: {}
[124.113352] (-) TimerEvent: {}
[124.215283] (-) TimerEvent: {}
[124.317420] (-) TimerEvent: {}
[124.419102] (-) TimerEvent: {}
[124.520524] (-) TimerEvent: {}
[124.622350] (-) TimerEvent: {}
[124.724152] (-) TimerEvent: {}
[124.825825] (-) TimerEvent: {}
[124.927486] (-) TimerEvent: {}
[125.028998] (-) TimerEvent: {}
[125.131232] (-) TimerEvent: {}
[125.233190] (-) TimerEvent: {}
[125.334880] (-) TimerEvent: {}
[125.437022] (-) TimerEvent: {}
[125.538356] (-) TimerEvent: {}
[125.639905] (-) TimerEvent: {}
[125.741394] (-) TimerEvent: {}
[125.843968] (-) TimerEvent: {}
[125.945757] (-) TimerEvent: {}
[126.047402] (-) TimerEvent: {}
[126.149005] (-) TimerEvent: {}
[126.251331] (-) TimerEvent: {}
[126.352892] (-) TimerEvent: {}
[126.454478] (-) TimerEvent: {}
[126.556120] (-) TimerEvent: {}
[126.657261] (-) TimerEvent: {}
[126.758571] (-) TimerEvent: {}
[126.860253] (-) TimerEvent: {}
[126.962066] (-) TimerEvent: {}
[127.064010] (-) TimerEvent: {}
[127.165533] (-) TimerEvent: {}
[127.267094] (-) TimerEvent: {}
[127.368406] (-) TimerEvent: {}
[127.470136] (-) TimerEvent: {}
[127.572958] (-) TimerEvent: {}
[127.676624] (-) TimerEvent: {}
[127.780253] (-) TimerEvent: {}
[127.882172] (-) TimerEvent: {}
[127.983816] (-) TimerEvent: {}
[128.085344] (-) TimerEvent: {}
[128.186900] (-) TimerEvent: {}
[128.288612] (-) TimerEvent: {}
[128.390097] (-) TimerEvent: {}
[128.491783] (-) TimerEvent: {}
[128.593248] (-) TimerEvent: {}
[128.694795] (-) TimerEvent: {}
[128.796429] (-) TimerEvent: {}
[128.898108] (-) TimerEvent: {}
[128.999744] (-) TimerEvent: {}
[129.101421] (-) TimerEvent: {}
[129.203558] (-) TimerEvent: {}
[129.305699] (-) TimerEvent: {}
[129.407607] (-) TimerEvent: {}
[129.509072] (-) TimerEvent: {}
[129.610613] (-) TimerEvent: {}
[129.712151] (-) TimerEvent: {}
[129.813759] (-) TimerEvent: {}
[129.915390] (-) TimerEvent: {}
[130.017069] (-) TimerEvent: {}
[130.118538] (-) TimerEvent: {}
[130.220034] (-) TimerEvent: {}
[130.321704] (-) TimerEvent: {}
[130.423820] (-) TimerEvent: {}
[130.525649] (-) TimerEvent: {}
[130.627439] (-) TimerEvent: {}
[130.729280] (-) TimerEvent: {}
[130.831115] (-) TimerEvent: {}
[130.932679] (-) TimerEvent: {}
[131.034409] (-) TimerEvent: {}
[131.136228] (-) TimerEvent: {}
[131.237886] (-) TimerEvent: {}
[131.339667] (-) TimerEvent: {}
[131.441265] (-) TimerEvent: {}
[131.542819] (-) TimerEvent: {}
[131.644933] (-) TimerEvent: {}
[131.746889] (-) TimerEvent: {}
[131.849053] (-) TimerEvent: {}
[131.950574] (-) TimerEvent: {}
[132.052065] (-) TimerEvent: {}
[132.153471] (-) TimerEvent: {}
[132.254770] (-) TimerEvent: {}
[132.356192] (-) TimerEvent: {}
[132.457622] (-) TimerEvent: {}
[132.559195] (-) TimerEvent: {}
[132.660745] (-) TimerEvent: {}
[132.762300] (-) TimerEvent: {}
[132.863954] (-) TimerEvent: {}
[132.965772] (-) TimerEvent: {}
[133.067481] (-) TimerEvent: {}
[133.169478] (-) TimerEvent: {}
[133.271234] (-) TimerEvent: {}
[133.373247] (-) TimerEvent: {}
[133.475288] (-) TimerEvent: {}
[133.577597] (-) TimerEvent: {}
[133.679517] (-) TimerEvent: {}
[133.780865] (-) TimerEvent: {}
[133.882425] (-) TimerEvent: {}
[133.984051] (-) TimerEvent: {}
[134.085287] (-) TimerEvent: {}
[134.186733] (-) TimerEvent: {}
[134.288186] (-) TimerEvent: {}
[134.389751] (-) TimerEvent: {}
[134.491459] (-) TimerEvent: {}
[134.592982] (-) TimerEvent: {}
[134.694736] (-) TimerEvent: {}
[134.796446] (-) TimerEvent: {}
[134.898050] (-) TimerEvent: {}
[134.999451] (-) TimerEvent: {}
[135.101197] (-) TimerEvent: {}
[135.202739] (-) TimerEvent: {}
[135.304847] (-) TimerEvent: {}
[135.406435] (-) TimerEvent: {}
[135.508025] (-) TimerEvent: {}
[135.611228] (-) TimerEvent: {}
[135.713036] (-) TimerEvent: {}
[135.814682] (-) TimerEvent: {}
[135.917991] (-) TimerEvent: {}
[136.019846] (-) TimerEvent: {}
[136.121130] (-) TimerEvent: {}
[136.222623] (-) TimerEvent: {}
[136.324153] (-) TimerEvent: {}
[136.425814] (-) TimerEvent: {}
[136.527690] (-) TimerEvent: {}
[136.629385] (-) TimerEvent: {}
[136.731875] (-) TimerEvent: {}
[136.834419] (-) TimerEvent: {}
[136.935877] (-) TimerEvent: {}
[137.037415] (-) TimerEvent: {}
[137.139110] (-) TimerEvent: {}
[137.240594] (-) TimerEvent: {}
[137.342056] (-) TimerEvent: {}
[137.443643] (-) TimerEvent: {}
[137.545162] (-) TimerEvent: {}
[137.646686] (-) TimerEvent: {}
[137.748487] (-) TimerEvent: {}
[137.849921] (-) TimerEvent: {}
[137.951384] (-) TimerEvent: {}
[138.053075] (-) TimerEvent: {}
[138.154655] (-) TimerEvent: {}
[138.256234] (-) TimerEvent: {}
[138.357889] (-) TimerEvent: {}
[138.459694] (-) TimerEvent: {}
[138.561109] (-) TimerEvent: {}
[138.662776] (-) TimerEvent: {}
[138.764561] (-) TimerEvent: {}
[138.866107] (-) TimerEvent: {}
[138.967832] (-) TimerEvent: {}
[139.069521] (-) TimerEvent: {}
[139.171366] (-) TimerEvent: {}
[139.272781] (-) TimerEvent: {}
[139.374275] (-) TimerEvent: {}
[139.475922] (-) TimerEvent: {}
[139.577601] (-) TimerEvent: {}
[139.679817] (-) TimerEvent: {}
[139.781392] (-) TimerEvent: {}
[139.882989] (-) TimerEvent: {}
[139.984938] (-) TimerEvent: {}
[140.086607] (-) TimerEvent: {}
[140.188225] (-) TimerEvent: {}
[140.290155] (-) TimerEvent: {}
[140.391783] (-) TimerEvent: {}
[140.493205] (-) TimerEvent: {}
[140.594641] (-) TimerEvent: {}
[140.696172] (-) TimerEvent: {}
[140.798323] (-) TimerEvent: {}
[140.900292] (-) TimerEvent: {}
[141.002222] (-) TimerEvent: {}
[141.103521] (-) TimerEvent: {}
[141.205342] (-) TimerEvent: {}
[141.307128] (-) TimerEvent: {}
[141.408700] (-) TimerEvent: {}
[141.510283] (-) TimerEvent: {}
[141.612162] (-) TimerEvent: {}
[141.713656] (-) TimerEvent: {}
[141.815620] (-) TimerEvent: {}
[141.917394] (-) TimerEvent: {}
[142.021057] (-) TimerEvent: {}
[143.174224] (-) TimerEvent: {}
[143.275563] (-) TimerEvent: {}
[143.377021] (-) TimerEvent: {}
[143.478774] (-) TimerEvent: {}
[143.580235] (-) TimerEvent: {}
[143.681835] (-) TimerEvent: {}
[143.783726] (-) TimerEvent: {}
[143.886106] (-) TimerEvent: {}
[143.987713] (-) TimerEvent: {}
[144.089522] (-) TimerEvent: {}
[144.191377] (-) TimerEvent: {}
[144.293148] (-) TimerEvent: {}
[144.394881] (-) TimerEvent: {}
[144.496436] (-) TimerEvent: {}
[144.598079] (-) TimerEvent: {}
[144.700395] (-) TimerEvent: {}
[144.802214] (-) TimerEvent: {}
[144.903788] (-) TimerEvent: {}
[145.005397] (-) TimerEvent: {}
[145.106810] (-) TimerEvent: {}
[145.208338] (-) TimerEvent: {}
[145.309982] (-) TimerEvent: {}
[145.411792] (-) TimerEvent: {}
[145.513318] (-) TimerEvent: {}
[145.614912] (-) TimerEvent: {}
[145.716471] (-) TimerEvent: {}
[145.817983] (-) TimerEvent: {}
[145.919609] (-) TimerEvent: {}
[146.021404] (-) TimerEvent: {}
[146.123462] (-) TimerEvent: {}
[146.225745] (-) TimerEvent: {}
[146.327201] (-) TimerEvent: {}
[146.428698] (-) TimerEvent: {}
[146.530167] (-) TimerEvent: {}
[146.631625] (-) TimerEvent: {}
[146.733108] (-) TimerEvent: {}
[146.834746] (-) TimerEvent: {}
[146.936242] (-) TimerEvent: {}
[147.037807] (-) TimerEvent: {}
[147.139556] (-) TimerEvent: {}
[147.241444] (-) TimerEvent: {}
[147.343112] (-) TimerEvent: {}
[147.444729] (-) TimerEvent: {}
[147.567201] (-) TimerEvent: {}
[147.708368] (-) TimerEvent: {}
[147.858425] (-) TimerEvent: {}
[148.028236] (-) TimerEvent: {}
[148.158717] (-) TimerEvent: {}
[148.260695] (-) TimerEvent: {}
[148.363417] (-) TimerEvent: {}
[148.465346] (-) TimerEvent: {}
[148.566819] (-) TimerEvent: {}
[148.668536] (-) TimerEvent: {}
[148.771039] (-) TimerEvent: {}
[148.872556] (-) TimerEvent: {}
[148.974031] (-) TimerEvent: {}
[149.075500] (-) TimerEvent: {}
[149.177113] (-) TimerEvent: {}
[149.278836] (-) TimerEvent: {}
[149.379994] (-) TimerEvent: {}
[149.481494] (-) TimerEvent: {}
[149.583105] (-) TimerEvent: {}
[149.684800] (-) TimerEvent: {}
[149.786400] (-) TimerEvent: {}
[149.888403] (-) TimerEvent: {}
[149.989881] (-) TimerEvent: {}
[150.091649] (-) TimerEvent: {}
[150.193126] (-) TimerEvent: {}
[150.294664] (-) TimerEvent: {}
[150.396421] (-) TimerEvent: {}
[150.499006] (-) TimerEvent: {}
[150.600519] (-) TimerEvent: {}
[150.702009] (-) TimerEvent: {}
[150.803595] (-) TimerEvent: {}
[150.905350] (-) TimerEvent: {}
[151.006897] (-) TimerEvent: {}
[151.108571] (-) TimerEvent: {}
[151.210391] (-) TimerEvent: {}
[151.312206] (-) TimerEvent: {}
[151.414487] (-) TimerEvent: {}
[151.515891] (-) TimerEvent: {}
[151.617610] (-) TimerEvent: {}
[151.719181] (-) TimerEvent: {}
[151.820650] (-) TimerEvent: {}
[151.922238] (-) TimerEvent: {}
[152.023952] (-) TimerEvent: {}
[152.126603] (-) TimerEvent: {}
[152.228286] (-) TimerEvent: {}
[152.329943] (-) TimerEvent: {}
[152.431978] (-) TimerEvent: {}
[152.533702] (-) TimerEvent: {}
[152.635202] (-) TimerEvent: {}
[152.736936] (-) TimerEvent: {}
[152.838657] (-) TimerEvent: {}
[152.940092] (-) TimerEvent: {}
[153.041585] (-) TimerEvent: {}
[153.143273] (-) TimerEvent: {}
[153.244756] (-) TimerEvent: {}
[153.346343] (-) TimerEvent: {}
[153.447969] (-) TimerEvent: {}
[153.549537] (-) TimerEvent: {}
[153.651138] (-) TimerEvent: {}
[153.752747] (-) TimerEvent: {}
[153.854431] (-) TimerEvent: {}
[153.955890] (-) TimerEvent: {}
[154.057315] (-) TimerEvent: {}
[154.159112] (-) TimerEvent: {}
[154.261031] (-) TimerEvent: {}
[154.362674] (-) TimerEvent: {}
[154.463949] (-) TimerEvent: {}
[154.565528] (-) TimerEvent: {}
[154.667465] (-) TimerEvent: {}
[154.769112] (-) TimerEvent: {}
[154.870656] (-) TimerEvent: {}
[154.972192] (-) TimerEvent: {}
[155.073665] (-) TimerEvent: {}
[155.175189] (-) TimerEvent: {}
[155.276689] (-) TimerEvent: {}
[155.378304] (-) TimerEvent: {}
[155.479999] (-) TimerEvent: {}
[155.581479] (-) TimerEvent: {}
[155.683084] (-) TimerEvent: {}
[155.784556] (-) TimerEvent: {}
[155.886534] (-) TimerEvent: {}
[155.988273] (-) TimerEvent: {}
[156.089798] (-) TimerEvent: {}
[156.191865] (-) TimerEvent: {}
[156.294598] (-) TimerEvent: {}
[156.396406] (-) TimerEvent: {}
[156.497648] (-) TimerEvent: {}
[156.599752] (-) TimerEvent: {}
[156.701048] (-) TimerEvent: {}
[156.802391] (-) TimerEvent: {}
[156.904022] (-) TimerEvent: {}
[157.005770] (-) TimerEvent: {}
[157.107185] (-) TimerEvent: {}
[157.208433] (-) TimerEvent: {}
[157.309865] (-) TimerEvent: {}
[157.411684] (-) TimerEvent: {}
[157.513701] (-) TimerEvent: {}
[157.615073] (-) TimerEvent: {}
[158.031400] (-) TimerEvent: {}
[158.133077] (-) TimerEvent: {}
[158.235994] (-) TimerEvent: {}
[158.337495] (-) TimerEvent: {}
[158.439049] (-) TimerEvent: {}
[158.540318] (-) TimerEvent: {}
[158.641656] (-) TimerEvent: {}
[158.743114] (-) TimerEvent: {}
[158.844594] (-) TimerEvent: {}
[158.945855] (-) TimerEvent: {}
[159.047210] (-) TimerEvent: {}
[159.149198] (-) TimerEvent: {}
[159.250704] (-) TimerEvent: {}
[159.352212] (-) TimerEvent: {}
[159.454106] (-) TimerEvent: {}
[159.555491] (-) TimerEvent: {}
[159.656907] (-) TimerEvent: {}
[159.759386] (-) TimerEvent: {}
[159.861866] (-) TimerEvent: {}
[159.963227] (-) TimerEvent: {}
[160.064850] (-) TimerEvent: {}
[160.166301] (-) TimerEvent: {}
[160.268807] (-) TimerEvent: {}
[160.370179] (-) TimerEvent: {}
[160.471896] (-) TimerEvent: {}
[160.573766] (-) TimerEvent: {}
[160.675707] (-) TimerEvent: {}
[160.777383] (-) TimerEvent: {}
[160.878967] (-) TimerEvent: {}
[160.980623] (-) TimerEvent: {}
[161.082268] (-) TimerEvent: {}
[161.184227] (-) TimerEvent: {}
[161.286014] (-) TimerEvent: {}
[161.387757] (-) TimerEvent: {}
[161.489582] (-) TimerEvent: {}
[161.592381] (-) TimerEvent: {}
[161.693998] (-) TimerEvent: {}
[161.795722] (-) TimerEvent: {}
[161.897100] (-) TimerEvent: {}
[161.998353] (-) TimerEvent: {}
[162.100985] (-) TimerEvent: {}
[162.203309] (-) TimerEvent: {}
[162.304814] (-) TimerEvent: {}
[162.406863] (-) TimerEvent: {}
[162.509657] (-) TimerEvent: {}
[162.611465] (-) TimerEvent: {}
[162.713234] (-) TimerEvent: {}
[162.814412] (-) TimerEvent: {}
[162.916084] (-) TimerEvent: {}
[163.018328] (-) TimerEvent: {}
[163.120627] (-) TimerEvent: {}
[163.222594] (-) TimerEvent: {}
[163.323978] (-) TimerEvent: {}
[163.425519] (-) TimerEvent: {}
[163.527161] (-) TimerEvent: {}
[163.628644] (-) TimerEvent: {}
[163.730282] (-) TimerEvent: {}
[163.831818] (-) TimerEvent: {}
[163.933363] (-) TimerEvent: {}
[164.035046] (-) TimerEvent: {}
[164.136568] (-) TimerEvent: {}
[164.238133] (-) TimerEvent: {}
[164.339744] (-) TimerEvent: {}
[164.441178] (-) TimerEvent: {}
[164.542913] (-) TimerEvent: {}
[164.645332] (-) TimerEvent: {}
[164.746744] (-) TimerEvent: {}
[164.848190] (-) TimerEvent: {}
[164.949702] (-) TimerEvent: {}
[165.051245] (-) TimerEvent: {}
[165.152680] (-) TimerEvent: {}
[165.254103] (-) TimerEvent: {}
[165.355726] (-) TimerEvent: {}
[165.457188] (-) TimerEvent: {}
[165.558811] (-) TimerEvent: {}
[165.660373] (-) TimerEvent: {}
[165.761825] (-) TimerEvent: {}
[165.863306] (-) TimerEvent: {}
[165.964999] (-) TimerEvent: {}
[166.066578] (-) TimerEvent: {}
[166.168249] (-) TimerEvent: {}
[166.269715] (-) TimerEvent: {}
[166.371589] (-) TimerEvent: {}
[166.473346] (-) TimerEvent: {}
[166.575271] (-) TimerEvent: {}
[166.677017] (-) TimerEvent: {}
[166.778694] (-) TimerEvent: {}
[166.880145] (-) TimerEvent: {}
[166.981887] (-) TimerEvent: {}
[167.083490] (-) TimerEvent: {}
[167.185719] (-) TimerEvent: {}
[167.287326] (-) TimerEvent: {}
[167.389339] (-) TimerEvent: {}
[167.491519] (-) TimerEvent: {}
[167.593775] (-) TimerEvent: {}
[167.695355] (-) TimerEvent: {}
[167.796810] (-) TimerEvent: {}
[167.898279] (-) TimerEvent: {}
[168.000126] (-) TimerEvent: {}
[168.102524] (-) TimerEvent: {}
[168.204108] (-) TimerEvent: {}
[168.305635] (-) TimerEvent: {}
[168.407172] (-) TimerEvent: {}
[168.508605] (-) TimerEvent: {}
[168.610172] (-) TimerEvent: {}
[168.712016] (-) TimerEvent: {}
[168.814028] (-) TimerEvent: {}
[168.915629] (-) TimerEvent: {}
[169.017129] (-) TimerEvent: {}
[169.118863] (-) TimerEvent: {}
[169.220419] (-) TimerEvent: {}
[169.321949] (-) TimerEvent: {}
[169.424313] (-) TimerEvent: {}
[169.525876] (-) TimerEvent: {}
[169.627444] (-) TimerEvent: {}
[169.728915] (-) TimerEvent: {}
[169.830640] (-) TimerEvent: {}
[169.933064] (-) TimerEvent: {}
[170.034524] (-) TimerEvent: {}
[170.136439] (-) TimerEvent: {}
[170.238119] (-) TimerEvent: {}
[170.340655] (-) TimerEvent: {}
[170.442621] (-) TimerEvent: {}
[170.544483] (-) TimerEvent: {}
[170.646560] (-) TimerEvent: {}
[170.748185] (-) TimerEvent: {}
[170.849698] (-) TimerEvent: {}
[170.951249] (-) TimerEvent: {}
[171.052839] (-) TimerEvent: {}
[171.154331] (-) TimerEvent: {}
[171.255718] (-) TimerEvent: {}
[171.357392] (-) TimerEvent: {}
[171.459088] (-) TimerEvent: {}
[171.560678] (-) TimerEvent: {}
[171.662159] (-) TimerEvent: {}
[171.763890] (-) TimerEvent: {}
[171.865617] (-) TimerEvent: {}
[171.967267] (-) TimerEvent: {}
[172.068764] (-) TimerEvent: {}
[172.170659] (-) TimerEvent: {}
[172.273190] (-) TimerEvent: {}
[172.374839] (-) TimerEvent: {}
[172.476327] (-) TimerEvent: {}
[172.577986] (-) TimerEvent: {}
[172.680396] (-) TimerEvent: {}
[172.782755] (-) TimerEvent: {}
[172.885082] (-) TimerEvent: {}
[172.986529] (-) TimerEvent: {}
[173.087661] (-) TimerEvent: {}
[173.189176] (-) TimerEvent: {}
[173.290682] (-) TimerEvent: {}
[173.392252] (-) TimerEvent: {}
[173.494754] (-) TimerEvent: {}
[173.596692] (-) TimerEvent: {}
[173.698223] (-) TimerEvent: {}
[173.800058] (-) TimerEvent: {}
[173.902415] (-) TimerEvent: {}
[174.004471] (-) TimerEvent: {}
[174.106377] (-) TimerEvent: {}
[174.208048] (-) TimerEvent: {}
[174.309701] (-) TimerEvent: {}
[174.411388] (-) TimerEvent: {}
[174.512883] (-) TimerEvent: {}
[174.614523] (-) TimerEvent: {}
[174.716098] (-) TimerEvent: {}
[174.817453] (-) TimerEvent: {}
[174.918950] (-) TimerEvent: {}
[175.020511] (-) TimerEvent: {}
[175.122037] (-) TimerEvent: {}
[175.223657] (-) TimerEvent: {}
[175.325032] (-) TimerEvent: {}
[175.426535] (-) TimerEvent: {}
[175.528163] (-) TimerEvent: {}
[175.629752] (-) TimerEvent: {}
[175.732474] (-) TimerEvent: {}
[175.833656] (-) TimerEvent: {}
[175.935262] (-) TimerEvent: {}
[176.036812] (-) TimerEvent: {}
[176.138154] (-) TimerEvent: {}
[176.240023] (-) TimerEvent: {}
[176.342077] (-) TimerEvent: {}
[176.443855] (-) TimerEvent: {}
[176.546090] (-) TimerEvent: {}
[176.647759] (-) TimerEvent: {}
[176.749258] (-) TimerEvent: {}
[176.850559] (-) TimerEvent: {}
[176.952344] (-) TimerEvent: {}
[177.054330] (-) TimerEvent: {}
[177.157741] (-) TimerEvent: {}
[177.259754] (-) TimerEvent: {}
[177.361295] (-) TimerEvent: {}
[177.698402] (-) TimerEvent: {}
[177.800017] (-) TimerEvent: {}
[177.901691] (-) TimerEvent: {}
[178.003463] (-) TimerEvent: {}
[178.105769] (-) TimerEvent: {}
[178.233839] (-) TimerEvent: {}
[178.335454] (-) TimerEvent: {}
[178.436929] (-) TimerEvent: {}
[178.538434] (-) TimerEvent: {}
[178.639988] (-) TimerEvent: {}
[178.741604] (-) TimerEvent: {}
[178.843673] (-) TimerEvent: {}
[178.945129] (-) TimerEvent: {}
[179.047260] (-) TimerEvent: {}
[179.149672] (-) TimerEvent: {}
[179.251418] (-) TimerEvent: {}
[179.352975] (-) TimerEvent: {}
[179.454568] (-) TimerEvent: {}
[179.556084] (-) TimerEvent: {}
[179.657913] (-) TimerEvent: {}
[179.760429] (-) TimerEvent: {}
[179.862035] (-) TimerEvent: {}
[179.963687] (-) TimerEvent: {}
[180.065025] (-) TimerEvent: {}
[180.166604] (-) TimerEvent: {}
[180.268459] (-) TimerEvent: {}
[180.370209] (-) TimerEvent: {}
[180.471865] (-) TimerEvent: {}
[180.573553] (-) TimerEvent: {}
[180.675290] (-) TimerEvent: {}
[180.776827] (-) TimerEvent: {}
[180.878322] (-) TimerEvent: {}
[180.979911] (-) TimerEvent: {}
[181.081395] (-) TimerEvent: {}
[181.183058] (-) TimerEvent: {}
[181.284463] (-) TimerEvent: {}
[181.386186] (-) TimerEvent: {}
[181.487936] (-) TimerEvent: {}
[181.589504] (-) TimerEvent: {}
[181.691148] (-) TimerEvent: {}
[181.792915] (-) TimerEvent: {}
[181.894773] (-) TimerEvent: {}
[181.996749] (-) TimerEvent: {}
[182.098935] (-) TimerEvent: {}
[182.200453] (-) TimerEvent: {}
[182.302001] (-) TimerEvent: {}
[182.403470] (-) TimerEvent: {}
[182.504946] (-) TimerEvent: {}
[182.606520] (-) TimerEvent: {}
[182.708087] (-) TimerEvent: {}
[182.809603] (-) TimerEvent: {}
[182.911216] (-) TimerEvent: {}
[183.012770] (-) TimerEvent: {}
[183.114293] (-) TimerEvent: {}
[183.216248] (-) TimerEvent: {}
[183.318201] (-) TimerEvent: {}
[183.419961] (-) TimerEvent: {}
[183.521501] (-) TimerEvent: {}
[183.623060] (-) TimerEvent: {}
[183.724622] (-) TimerEvent: {}
[183.827326] (-) TimerEvent: {}
[183.928991] (-) TimerEvent: {}
[184.030525] (-) TimerEvent: {}
[184.132197] (-) TimerEvent: {}
[184.234273] (-) TimerEvent: {}
[184.336772] (-) TimerEvent: {}
[184.438315] (-) TimerEvent: {}
[184.539971] (-) TimerEvent: {}
[184.641462] (-) TimerEvent: {}
[184.742950] (-) TimerEvent: {}
[184.844410] (-) TimerEvent: {}
[184.946367] (-) TimerEvent: {}
[185.047920] (-) TimerEvent: {}
[185.149421] (-) TimerEvent: {}
[185.251022] (-) TimerEvent: {}
[185.352607] (-) TimerEvent: {}
[185.454012] (-) TimerEvent: {}
[185.555728] (-) TimerEvent: {}
[185.657135] (-) TimerEvent: {}
[185.759048] (-) TimerEvent: {}
[185.860869] (-) TimerEvent: {}
[185.962750] (-) TimerEvent: {}
[186.064407] (-) TimerEvent: {}
[186.165939] (-) TimerEvent: {}
[186.267490] (-) TimerEvent: {}
[186.369137] (-) TimerEvent: {}
[186.470916] (-) TimerEvent: {}
[186.572448] (-) TimerEvent: {}
[186.673919] (-) TimerEvent: {}
[186.775438] (-) TimerEvent: {}
[186.876921] (-) TimerEvent: {}
[186.978539] (-) TimerEvent: {}
[187.080231] (-) TimerEvent: {}
[187.182776] (-) TimerEvent: {}
[187.284592] (-) TimerEvent: {}
[187.386751] (-) TimerEvent: {}
[187.488195] (-) TimerEvent: {}
[187.589703] (-) TimerEvent: {}
[187.691315] (-) TimerEvent: {}
[187.792768] (-) TimerEvent: {}
[187.894328] (-) TimerEvent: {}
[187.996004] (-) TimerEvent: {}
[188.097518] (-) TimerEvent: {}
[188.199152] (-) TimerEvent: {}
[188.300923] (-) TimerEvent: {}
[188.402839] (-) TimerEvent: {}
[188.504664] (-) TimerEvent: {}
[188.606164] (-) TimerEvent: {}
[188.707721] (-) TimerEvent: {}
[188.809252] (-) TimerEvent: {}
[188.910883] (-) TimerEvent: {}
[189.012769] (-) TimerEvent: {}
[189.114955] (-) TimerEvent: {}
[189.216490] (-) TimerEvent: {}
[189.318144] (-) TimerEvent: {}
[189.419892] (-) TimerEvent: {}
[189.521426] (-) TimerEvent: {}
[189.622899] (-) TimerEvent: {}
[189.724378] (-) TimerEvent: {}
[189.825826] (-) TimerEvent: {}
[189.927387] (-) TimerEvent: {}
[190.029192] (-) TimerEvent: {}
[190.132148] (-) TimerEvent: {}
[190.234710] (-) TimerEvent: {}
[190.336373] (-) TimerEvent: {}
[190.438791] (-) TimerEvent: {}
[190.540234] (-) TimerEvent: {}
[190.641887] (-) TimerEvent: {}
[190.743715] (-) TimerEvent: {}
[190.846140] (-) TimerEvent: {}
[190.947880] (-) TimerEvent: {}
[191.049634] (-) TimerEvent: {}
[191.152040] (-) TimerEvent: {}
[191.253569] (-) TimerEvent: {}
[191.355157] (-) TimerEvent: {}
[191.456764] (-) TimerEvent: {}
[191.558240] (-) TimerEvent: {}
[191.659747] (-) TimerEvent: {}
[191.761302] (-) TimerEvent: {}
[191.862792] (-) TimerEvent: {}
[191.964377] (-) TimerEvent: {}
[192.065859] (-) TimerEvent: {}
[192.167264] (-) TimerEvent: {}
[192.268811] (-) TimerEvent: {}
[192.370403] (-) TimerEvent: {}
[192.472434] (-) TimerEvent: {}
[192.574724] (-) TimerEvent: {}
[192.677129] (-) TimerEvent: {}
[192.778895] (-) TimerEvent: {}
[192.881117] (-) TimerEvent: {}
[192.982624] (-) TimerEvent: {}
[193.084130] (-) TimerEvent: {}
[193.185766] (-) TimerEvent: {}
[193.287436] (-) TimerEvent: {}
[193.389356] (-) TimerEvent: {}
[193.490879] (-) TimerEvent: {}
[193.592429] (-) TimerEvent: {}
[193.693874] (-) TimerEvent: {}
[193.795510] (-) TimerEvent: {}
[193.897097] (-) TimerEvent: {}
[193.998720] (-) TimerEvent: {}
[194.100212] (-) TimerEvent: {}
[194.201873] (-) TimerEvent: {}
[194.303441] (-) TimerEvent: {}
[194.404992] (-) TimerEvent: {}
[194.507345] (-) TimerEvent: {}
[194.608835] (-) TimerEvent: {}
[194.710276] (-) TimerEvent: {}
[194.812077] (-) TimerEvent: {}
[194.914261] (-) TimerEvent: {}
[195.016100] (-) TimerEvent: {}
[195.117925] (-) TimerEvent: {}
[195.219678] (-) TimerEvent: {}
[195.321371] (-) TimerEvent: {}
[195.423182] (-) TimerEvent: {}
[195.524793] (-) TimerEvent: {}
[195.626442] (-) TimerEvent: {}
[195.728186] (-) TimerEvent: {}
[195.830047] (-) TimerEvent: {}
[195.931658] (-) TimerEvent: {}
[196.033163] (-) TimerEvent: {}
[196.135448] (-) TimerEvent: {}
[196.236860] (-) TimerEvent: {}
[196.338516] (-) TimerEvent: {}
[196.440062] (-) TimerEvent: {}
[196.541590] (-) TimerEvent: {}
[196.643233] (-) TimerEvent: {}
[196.744629] (-) TimerEvent: {}
[196.846167] (-) TimerEvent: {}
[196.947946] (-) TimerEvent: {}
[197.049476] (-) TimerEvent: {}
[197.150996] (-) TimerEvent: {}
[197.252435] (-) TimerEvent: {}
[197.354061] (-) TimerEvent: {}
[197.456818] (-) TimerEvent: {}
[197.558747] (-) TimerEvent: {}
[197.660351] (-) TimerEvent: {}
[197.762211] (-) TimerEvent: {}
[197.863889] (-) TimerEvent: {}
[197.965657] (-) TimerEvent: {}
[198.067248] (-) TimerEvent: {}
[198.168833] (-) TimerEvent: {}
[198.270305] (-) TimerEvent: {}
[198.371982] (-) TimerEvent: {}
[198.473493] (-) TimerEvent: {}
[198.575067] (-) TimerEvent: {}
[198.676657] (-) TimerEvent: {}
[198.778329] (-) TimerEvent: {}
[198.880835] (-) TimerEvent: {}
[198.982339] (-) TimerEvent: {}
[199.083968] (-) TimerEvent: {}
[199.185485] (-) TimerEvent: {}
[199.287100] (-) TimerEvent: {}
[199.388676] (-) TimerEvent: {}
[199.490492] (-) TimerEvent: {}
[199.592371] (-) TimerEvent: {}
[199.694062] (-) TimerEvent: {}
[199.795727] (-) TimerEvent: {}
[199.897415] (-) TimerEvent: {}
[200.000186] (-) TimerEvent: {}
[200.101738] (-) TimerEvent: {}
[200.203471] (-) TimerEvent: {}
[200.306070] (-) TimerEvent: {}
[200.407617] (-) TimerEvent: {}
[200.509348] (-) TimerEvent: {}
[200.611638] (-) TimerEvent: {}
[200.713108] (-) TimerEvent: {}
[200.814591] (-) TimerEvent: {}
[200.916240] (-) TimerEvent: {}
[201.017876] (-) TimerEvent: {}
[201.119404] (-) TimerEvent: {}
[201.220903] (-) TimerEvent: {}
[201.322292] (-) TimerEvent: {}
[201.423903] (-) TimerEvent: {}
[201.525630] (-) TimerEvent: {}
[201.627777] (-) TimerEvent: {}
[201.729466] (-) TimerEvent: {}
[201.832162] (-) TimerEvent: {}
[201.933426] (-) TimerEvent: {}
[202.034931] (-) TimerEvent: {}
[202.136709] (-) TimerEvent: {}
[202.238690] (-) TimerEvent: {}
[202.340540] (-) TimerEvent: {}
[202.442511] (-) TimerEvent: {}
[202.543968] (-) TimerEvent: {}
[202.645587] (-) TimerEvent: {}
[202.747091] (-) TimerEvent: {}
[202.848566] (-) TimerEvent: {}
[202.950153] (-) TimerEvent: {}
[203.051781] (-) TimerEvent: {}
[203.153330] (-) TimerEvent: {}
[203.254982] (-) TimerEvent: {}
[203.356479] (-) TimerEvent: {}
[203.459128] (-) TimerEvent: {}
[203.561182] (-) TimerEvent: {}
[203.662702] (-) TimerEvent: {}
[203.764407] (-) TimerEvent: {}
[203.866688] (-) TimerEvent: {}
[203.968799] (-) TimerEvent: {}
[204.070228] (-) TimerEvent: {}
[204.171926] (-) TimerEvent: {}
[204.273958] (-) TimerEvent: {}
[204.376382] (-) TimerEvent: {}
[204.478224] (-) TimerEvent: {}
[204.581225] (-) TimerEvent: {}
[204.683609] (-) TimerEvent: {}
[204.785208] (-) TimerEvent: {}
[204.886743] (-) TimerEvent: {}
[204.988277] (-) TimerEvent: {}
[205.089948] (-) TimerEvent: {}
[205.192126] (-) TimerEvent: {}
[205.293672] (-) TimerEvent: {}
[205.395219] (-) TimerEvent: {}
[205.496571] (-) TimerEvent: {}
[205.598192] (-) TimerEvent: {}
[205.699769] (-) TimerEvent: {}
[205.801433] (-) TimerEvent: {}
[205.903357] (-) TimerEvent: {}
[206.004799] (-) TimerEvent: {}
[206.106592] (-) TimerEvent: {}
[206.208707] (-) TimerEvent: {}
[206.310308] (-) TimerEvent: {}
[206.411870] (-) TimerEvent: {}
[206.513068] (-) TimerEvent: {}
[206.615146] (-) TimerEvent: {}
[206.717958] (-) TimerEvent: {}
[206.819604] (-) TimerEvent: {}
[206.921333] (-) TimerEvent: {}
[207.023105] (-) TimerEvent: {}
[207.124605] (-) TimerEvent: {}
[207.226104] (-) TimerEvent: {}
[207.327534] (-) TimerEvent: {}
[207.429223] (-) TimerEvent: {}
[207.530665] (-) TimerEvent: {}
[207.632083] (-) TimerEvent: {}
[207.733754] (-) TimerEvent: {}
[207.835272] (-) TimerEvent: {}
[207.936742] (-) TimerEvent: {}
[208.038249] (-) TimerEvent: {}
[208.139829] (-) TimerEvent: {}
[208.241295] (-) TimerEvent: {}
[208.355764] (-) TimerEvent: {}
[208.473285] (-) TimerEvent: {}
[208.575043] (-) TimerEvent: {}
[208.676539] (-) TimerEvent: {}
[208.777955] (-) TimerEvent: {}
[208.879683] (-) TimerEvent: {}
[208.981309] (-) TimerEvent: {}
[209.082771] (-) TimerEvent: {}
[209.184277] (-) TimerEvent: {}
[209.285771] (-) TimerEvent: {}
[209.387466] (-) TimerEvent: {}
[209.489004] (-) TimerEvent: {}
[209.590576] (-) TimerEvent: {}
[209.692034] (-) TimerEvent: {}
[209.793429] (-) TimerEvent: {}
[209.894993] (-) TimerEvent: {}
[209.996615] (-) TimerEvent: {}
[210.098834] (-) TimerEvent: {}
[210.200615] (-) TimerEvent: {}
[210.302440] (-) TimerEvent: {}
[210.404011] (-) TimerEvent: {}
[210.505660] (-) TimerEvent: {}
[210.607208] (-) TimerEvent: {}
[210.708736] (-) TimerEvent: {}
[210.810403] (-) TimerEvent: {}
[210.912705] (-) TimerEvent: {}
[211.014521] (-) TimerEvent: {}
[211.117576] (-) TimerEvent: {}
[211.219274] (-) TimerEvent: {}
[211.320711] (-) TimerEvent: {}
[211.422154] (-) TimerEvent: {}
[211.523999] (-) TimerEvent: {}
[211.626070] (-) TimerEvent: {}
[211.727705] (-) TimerEvent: {}
[211.829624] (-) TimerEvent: {}
[211.931323] (-) TimerEvent: {}
[212.033365] (-) TimerEvent: {}
[212.134856] (-) TimerEvent: {}
[212.236458] (-) TimerEvent: {}
[212.338223] (-) TimerEvent: {}
[212.440661] (-) TimerEvent: {}
[212.542141] (-) TimerEvent: {}
[212.643876] (-) TimerEvent: {}
[212.745461] (-) TimerEvent: {}
[212.847066] (-) TimerEvent: {}
[212.948348] (-) TimerEvent: {}
[213.050016] (-) TimerEvent: {}
[213.151582] (-) TimerEvent: {}
[213.253347] (-) TimerEvent: {}
[213.355105] (-) TimerEvent: {}
[213.456492] (-) TimerEvent: {}
[213.557921] (-) TimerEvent: {}
[213.659514] (-) TimerEvent: {}
[213.761204] (-) TimerEvent: {}
[213.863380] (-) TimerEvent: {}
[213.965835] (-) TimerEvent: {}
[214.067307] (-) TimerEvent: {}
[214.168794] (-) TimerEvent: {}
[214.270403] (-) TimerEvent: {}
[214.372023] (-) TimerEvent: {}
[214.474339] (-) TimerEvent: {}
[214.576018] (-) TimerEvent: {}
[214.677523] (-) TimerEvent: {}
[214.779285] (-) TimerEvent: {}
[214.880818] (-) TimerEvent: {}
[214.982247] (-) TimerEvent: {}
[215.083775] (-) TimerEvent: {}
[215.185200] (-) TimerEvent: {}
[215.286974] (-) TimerEvent: {}
[215.388691] (-) TimerEvent: {}
[215.490270] (-) TimerEvent: {}
[215.592079] (-) TimerEvent: {}
[215.693579] (-) TimerEvent: {}
[215.795143] (-) TimerEvent: {}
[215.896860] (-) TimerEvent: {}
[215.998207] (-) TimerEvent: {}
[216.099716] (-) TimerEvent: {}
[216.201457] (-) TimerEvent: {}
[216.303667] (-) TimerEvent: {}
[216.405200] (-) TimerEvent: {}
[216.507219] (-) TimerEvent: {}
[216.609461] (-) TimerEvent: {}
[216.711349] (-) TimerEvent: {}
[216.813745] (-) TimerEvent: {}
[216.915407] (-) TimerEvent: {}
[217.016817] (-) TimerEvent: {}
[217.118340] (-) TimerEvent: {}
[217.219991] (-) TimerEvent: {}
[217.321787] (-) TimerEvent: {}
[217.423337] (-) TimerEvent: {}
[217.524897] (-) TimerEvent: {}
[217.626529] (-) TimerEvent: {}
[217.728812] (-) TimerEvent: {}
[217.830814] (-) TimerEvent: {}
[217.932658] (-) TimerEvent: {}
[218.035364] (-) TimerEvent: {}
[218.136740] (-) TimerEvent: {}
[218.238351] (-) TimerEvent: {}
[218.340251] (-) TimerEvent: {}
[218.441641] (-) TimerEvent: {}
[218.543144] (-) TimerEvent: {}
[218.644571] (-) TimerEvent: {}
[218.746033] (-) TimerEvent: {}
[218.847531] (-) TimerEvent: {}
[218.948919] (-) TimerEvent: {}
[219.050353] (-) TimerEvent: {}
[219.151908] (-) TimerEvent: {}
[219.254160] (-) TimerEvent: {}
[219.356600] (-) TimerEvent: {}
[219.458733] (-) TimerEvent: {}
[219.560211] (-) TimerEvent: {}
[219.661808] (-) TimerEvent: {}
[219.763276] (-) TimerEvent: {}
[219.864912] (-) TimerEvent: {}
[219.966367] (-) TimerEvent: {}
[220.067891] (-) TimerEvent: {}
[220.169455] (-) TimerEvent: {}
[220.270935] (-) TimerEvent: {}
[220.372393] (-) TimerEvent: {}
[220.473840] (-) TimerEvent: {}
[220.575400] (-) TimerEvent: {}
[220.677537] (-) TimerEvent: {}
[220.780550] (-) TimerEvent: {}
[220.882586] (-) TimerEvent: {}
[220.984261] (-) TimerEvent: {}
[221.085731] (-) TimerEvent: {}
[221.187224] (-) TimerEvent: {}
[221.288699] (-) TimerEvent: {}
[221.390209] (-) TimerEvent: {}
[221.491716] (-) TimerEvent: {}
[221.593146] (-) TimerEvent: {}
[221.694786] (-) TimerEvent: {}
[221.797015] (-) TimerEvent: {}
[221.898261] (-) TimerEvent: {}
[222.000379] (-) TimerEvent: {}
[222.101700] (-) TimerEvent: {}
[222.203793] (-) TimerEvent: {}
[222.305412] (-) TimerEvent: {}
[222.407447] (-) TimerEvent: {}
[222.509885] (-) TimerEvent: {}
[222.611969] (-) TimerEvent: {}
[222.713440] (-) TimerEvent: {}
[222.814996] (-) TimerEvent: {}
[222.916474] (-) TimerEvent: {}
[223.022174] (-) TimerEvent: {}
[223.123680] (-) TimerEvent: {}
[223.225300] (-) TimerEvent: {}
[223.327418] (-) TimerEvent: {}
[223.429318] (-) TimerEvent: {}
[223.530517] (-) TimerEvent: {}
[223.631690] (-) TimerEvent: {}
[223.733203] (-) TimerEvent: {}
[223.834895] (-) TimerEvent: {}
[223.936578] (-) TimerEvent: {}
[224.038367] (-) TimerEvent: {}
[224.139913] (-) TimerEvent: {}
[224.241638] (-) TimerEvent: {}
[224.343070] (-) TimerEvent: {}
[224.444534] (-) TimerEvent: {}
[224.546288] (-) TimerEvent: {}
[224.647807] (-) TimerEvent: {}
[224.749347] (-) TimerEvent: {}
[224.850976] (-) TimerEvent: {}
[224.952766] (-) TimerEvent: {}
[225.054552] (-) TimerEvent: {}
[225.156096] (-) TimerEvent: {}
[225.257724] (-) TimerEvent: {}
[225.359328] (-) TimerEvent: {}
[225.460785] (-) TimerEvent: {}
[225.562273] (-) TimerEvent: {}
[225.663916] (-) TimerEvent: {}
[225.765569] (-) TimerEvent: {}
[225.867684] (-) TimerEvent: {}
[225.969261] (-) TimerEvent: {}
[226.070939] (-) TimerEvent: {}
[226.172359] (-) TimerEvent: {}
[226.273903] (-) TimerEvent: {}
[226.375694] (-) TimerEvent: {}
[226.477436] (-) TimerEvent: {}
[226.579531] (-) TimerEvent: {}
[226.680981] (-) TimerEvent: {}
[226.782212] (-) TimerEvent: {}
[226.883728] (-) TimerEvent: {}
[226.985205] (-) TimerEvent: {}
[227.086780] (-) TimerEvent: {}
[227.188178] (-) TimerEvent: {}
[227.289694] (-) TimerEvent: {}
[227.391169] (-) TimerEvent: {}
[227.492697] (-) TimerEvent: {}
[227.594172] (-) TimerEvent: {}
[227.696539] (-) TimerEvent: {}
[227.798926] (-) TimerEvent: {}
[227.901425] (-) TimerEvent: {}
[228.002974] (-) TimerEvent: {}
[228.104785] (-) TimerEvent: {}
[228.206376] (-) TimerEvent: {}
[228.307902] (-) TimerEvent: {}
[228.409557] (-) TimerEvent: {}
[228.511083] (-) TimerEvent: {}
[228.612502] (-) TimerEvent: {}
[228.714020] (-) TimerEvent: {}
[228.815672] (-) TimerEvent: {}
[228.917319] (-) TimerEvent: {}
[229.019782] (-) TimerEvent: {}
[229.121723] (-) TimerEvent: {}
[229.223711] (-) TimerEvent: {}
[229.325162] (-) TimerEvent: {}
[229.426894] (-) TimerEvent: {}
[229.528601] (-) TimerEvent: {}
[229.630301] (-) TimerEvent: {}
[229.731961] (-) TimerEvent: {}
[229.833441] (-) TimerEvent: {}
[229.935050] (-) TimerEvent: {}
[230.036763] (-) TimerEvent: {}
[230.138443] (-) TimerEvent: {}
[230.240002] (-) TimerEvent: {}
[230.341479] (-) TimerEvent: {}
[230.444273] (-) TimerEvent: {}
[230.545806] (-) TimerEvent: {}
[230.647376] (-) TimerEvent: {}
[230.748613] (-) TimerEvent: {}
[230.850178] (-) TimerEvent: {}
[230.952076] (-) TimerEvent: {}
[231.053833] (-) TimerEvent: {}
[231.155493] (-) TimerEvent: {}
[231.257240] (-) TimerEvent: {}
[231.359035] (-) TimerEvent: {}
[231.460774] (-) TimerEvent: {}
[231.562350] (-) TimerEvent: {}
[231.664736] (-) TimerEvent: {}
[231.766755] (-) TimerEvent: {}
[231.868357] (-) TimerEvent: {}
[231.971485] (-) TimerEvent: {}
[232.072970] (-) TimerEvent: {}
[232.174354] (-) TimerEvent: {}
[232.275863] (-) TimerEvent: {}
[232.377388] (-) TimerEvent: {}
[232.478919] (-) TimerEvent: {}
[232.580367] (-) TimerEvent: {}
[232.682168] (-) TimerEvent: {}
[232.783987] (-) TimerEvent: {}
[232.885542] (-) TimerEvent: {}
[232.987111] (-) TimerEvent: {}
[233.088630] (-) TimerEvent: {}
[233.191200] (-) TimerEvent: {}
[233.292684] (-) TimerEvent: {}
[233.394145] (-) TimerEvent: {}
[233.495664] (-) TimerEvent: {}
[233.597232] (-) TimerEvent: {}
[233.698652] (-) TimerEvent: {}
[233.799998] (-) TimerEvent: {}
[233.901615] (-) TimerEvent: {}
[234.003172] (-) TimerEvent: {}
[234.104678] (-) TimerEvent: {}
[234.206314] (-) TimerEvent: {}
[234.308423] (-) TimerEvent: {}
[234.410098] (-) TimerEvent: {}
[234.511755] (-) TimerEvent: {}
[234.613339] (-) TimerEvent: {}
[234.715270] (-) TimerEvent: {}
[234.817719] (-) TimerEvent: {}
[234.919153] (-) TimerEvent: {}
[235.020499] (-) TimerEvent: {}
[235.122115] (-) TimerEvent: {}
[235.223588] (-) TimerEvent: {}
[235.325018] (-) TimerEvent: {}
[235.426577] (-) TimerEvent: {}
[235.527958] (-) TimerEvent: {}
[235.629517] (-) TimerEvent: {}
[235.731317] (-) TimerEvent: {}
[235.833042] (-) TimerEvent: {}
[235.935102] (-) TimerEvent: {}
[236.037284] (-) TimerEvent: {}
[236.139134] (-) TimerEvent: {}
[236.240868] (-) TimerEvent: {}
[236.342293] (-) TimerEvent: {}
[236.443983] (-) TimerEvent: {}
[236.545631] (-) TimerEvent: {}
[236.647173] (-) TimerEvent: {}
[236.748620] (-) TimerEvent: {}
[236.850158] (-) TimerEvent: {}
[236.951676] (-) TimerEvent: {}
[237.053296] (-) TimerEvent: {}
[237.154757] (-) TimerEvent: {}
[237.256228] (-) TimerEvent: {}
[237.357891] (-) TimerEvent: {}
[237.459734] (-) TimerEvent: {}
[237.561244] (-) TimerEvent: {}
[237.662723] (-) TimerEvent: {}
[237.764270] (-) TimerEvent: {}
[237.866106] (-) TimerEvent: {}
[237.967803] (-) TimerEvent: {}
[238.070128] (-) TimerEvent: {}
[238.172403] (-) TimerEvent: {}
[238.274220] (-) TimerEvent: {}
[238.393852] (-) TimerEvent: {}
[238.505259] (-) TimerEvent: {}
[238.641793] (-) TimerEvent: {}
[238.743333] (-) TimerEvent: {}
[238.844716] (-) TimerEvent: {}
[238.946432] (-) TimerEvent: {}
[239.050184] (-) TimerEvent: {}
[239.151756] (-) TimerEvent: {}
[239.253119] (-) TimerEvent: {}
[239.355332] (-) TimerEvent: {}
[239.457722] (-) TimerEvent: {}
[239.560523] (-) TimerEvent: {}
[239.662153] (-) TimerEvent: {}
[239.763937] (-) TimerEvent: {}
[239.865414] (-) TimerEvent: {}
[239.966931] (-) TimerEvent: {}
[240.068516] (-) TimerEvent: {}
[240.170029] (-) TimerEvent: {}
[240.271574] (-) TimerEvent: {}
[240.373104] (-) TimerEvent: {}
[240.474648] (-) TimerEvent: {}
[240.576193] (-) TimerEvent: {}
[240.678253] (-) TimerEvent: {}
[240.780068] (-) TimerEvent: {}
[240.881624] (-) TimerEvent: {}
[240.984049] (-) TimerEvent: {}
[241.086545] (-) TimerEvent: {}
[241.188320] (-) TimerEvent: {}
[241.289901] (-) TimerEvent: {}
[241.391343] (-) TimerEvent: {}
[241.492919] (-) TimerEvent: {}
[241.594597] (-) TimerEvent: {}
[241.696451] (-) TimerEvent: {}
[241.797954] (-) TimerEvent: {}
[241.899472] (-) TimerEvent: {}
[242.001017] (-) TimerEvent: {}
[242.102724] (-) TimerEvent: {}
[242.204215] (-) TimerEvent: {}
[242.306834] (-) TimerEvent: {}
[242.408409] (-) TimerEvent: {}
[242.510044] (-) TimerEvent: {}
[242.611840] (-) TimerEvent: {}
[242.713885] (-) TimerEvent: {}
[242.815381] (-) TimerEvent: {}
[242.917202] (-) TimerEvent: {}
[243.019798] (-) TimerEvent: {}
[243.121691] (-) TimerEvent: {}
[243.223386] (-) TimerEvent: {}
[243.324712] (-) TimerEvent: {}
[243.426586] (-) TimerEvent: {}
[243.529647] (-) TimerEvent: {}
[243.631735] (-) TimerEvent: {}
[243.734336] (-) TimerEvent: {}
[243.836709] (-) TimerEvent: {}
[243.938289] (-) TimerEvent: {}
[244.039824] (-) TimerEvent: {}
[244.141651] (-) TimerEvent: {}
[244.244614] (-) TimerEvent: {}
[244.346312] (-) TimerEvent: {}
[244.448655] (-) TimerEvent: {}
[244.551479] (-) TimerEvent: {}
[244.654721] (-) TimerEvent: {}
[244.756354] (-) TimerEvent: {}
[244.857780] (-) TimerEvent: {}
[244.959570] (-) TimerEvent: {}
[245.061031] (-) TimerEvent: {}
[245.162618] (-) TimerEvent: {}
[245.264215] (-) TimerEvent: {}
[245.366084] (-) TimerEvent: {}
[245.467812] (-) TimerEvent: {}
[245.569348] (-) TimerEvent: {}
[245.670978] (-) TimerEvent: {}
[245.772447] (-) TimerEvent: {}
[245.873978] (-) TimerEvent: {}
[245.975686] (-) TimerEvent: {}
[246.078676] (-) TimerEvent: {}
[246.180853] (-) TimerEvent: {}
[246.282373] (-) TimerEvent: {}
[246.383857] (-) TimerEvent: {}
[246.485571] (-) TimerEvent: {}
[246.587142] (-) TimerEvent: {}
[246.688615] (-) TimerEvent: {}
[246.789985] (-) TimerEvent: {}
[246.891357] (-) TimerEvent: {}
[246.992663] (-) TimerEvent: {}
[247.094271] (-) TimerEvent: {}
[247.195908] (-) TimerEvent: {}
[247.297238] (-) TimerEvent: {}
[247.398802] (-) TimerEvent: {}
[247.500464] (-) TimerEvent: {}
[247.601963] (-) TimerEvent: {}
[247.703889] (-) TimerEvent: {}
[247.805828] (-) TimerEvent: {}
[247.907351] (-) TimerEvent: {}
[248.009267] (-) TimerEvent: {}
[248.110932] (-) TimerEvent: {}
[248.212778] (-) TimerEvent: {}
[248.314361] (-) TimerEvent: {}
[248.416382] (-) TimerEvent: {}
[248.518921] (-) TimerEvent: {}
[248.621520] (-) TimerEvent: {}
[248.723692] (-) TimerEvent: {}
[248.825242] (-) TimerEvent: {}
[248.926820] (-) TimerEvent: {}
[249.028262] (-) TimerEvent: {}
[249.129743] (-) TimerEvent: {}
[249.231310] (-) TimerEvent: {}
[249.332890] (-) TimerEvent: {}
[249.434422] (-) TimerEvent: {}
[249.535844] (-) TimerEvent: {}
[249.637203] (-) TimerEvent: {}
[249.739069] (-) TimerEvent: {}
[249.841305] (-) TimerEvent: {}
[249.942879] (-) TimerEvent: {}
[250.044911] (-) TimerEvent: {}
[250.146358] (-) TimerEvent: {}
[250.247953] (-) TimerEvent: {}
[250.349520] (-) TimerEvent: {}
[250.451055] (-) TimerEvent: {}
[250.552506] (-) TimerEvent: {}
[250.653981] (-) TimerEvent: {}
[250.755646] (-) TimerEvent: {}
[250.857279] (-) TimerEvent: {}
[250.959120] (-) TimerEvent: {}
[251.060520] (-) TimerEvent: {}
[251.161846] (-) TimerEvent: {}
[251.263372] (-) TimerEvent: {}
[251.365149] (-) TimerEvent: {}
[251.467439] (-) TimerEvent: {}
[251.569009] (-) TimerEvent: {}
[251.670382] (-) TimerEvent: {}
[251.771974] (-) TimerEvent: {}
[251.873341] (-) TimerEvent: {}
[251.974924] (-) TimerEvent: {}
[252.076487] (-) TimerEvent: {}
[252.178719] (-) TimerEvent: {}
[252.281293] (-) TimerEvent: {}
[252.383527] (-) TimerEvent: {}
[252.485818] (-) TimerEvent: {}
[252.587067] (-) TimerEvent: {}
[252.689209] (-) TimerEvent: {}
[252.791806] (-) TimerEvent: {}
[252.894620] (-) TimerEvent: {}
[252.996214] (-) TimerEvent: {}
[253.097940] (-) TimerEvent: {}
[253.200200] (-) TimerEvent: {}
[253.301358] (-) TimerEvent: {}
[253.402735] (-) TimerEvent: {}
[253.504103] (-) TimerEvent: {}
[253.605821] (-) TimerEvent: {}
[253.708007] (-) TimerEvent: {}
[253.809430] (-) TimerEvent: {}
[253.911153] (-) TimerEvent: {}
[254.013222] (-) TimerEvent: {}
[254.114875] (-) TimerEvent: {}
[254.216261] (-) TimerEvent: {}
[254.317869] (-) TimerEvent: {}
[254.419533] (-) TimerEvent: {}
[254.520928] (-) TimerEvent: {}
[254.622690] (-) TimerEvent: {}
[254.724547] (-) TimerEvent: {}
[254.826937] (-) TimerEvent: {}
[254.928417] (-) TimerEvent: {}
[255.030129] (-) TimerEvent: {}
[255.131610] (-) TimerEvent: {}
[255.233925] (-) TimerEvent: {}
[255.335612] (-) TimerEvent: {}
[255.437271] (-) TimerEvent: {}
[255.538763] (-) TimerEvent: {}
[255.640412] (-) TimerEvent: {}
[255.742160] (-) TimerEvent: {}
[255.844247] (-) TimerEvent: {}
[255.945824] (-) TimerEvent: {}
[256.047373] (-) TimerEvent: {}
[256.148779] (-) TimerEvent: {}
[256.250154] (-) TimerEvent: {}
[256.351617] (-) TimerEvent: {}
[256.453392] (-) TimerEvent: {}
[256.554985] (-) TimerEvent: {}
[256.656366] (-) TimerEvent: {}
[256.758217] (-) TimerEvent: {}
[256.859732] (-) TimerEvent: {}
[256.961206] (-) TimerEvent: {}
[257.062771] (-) TimerEvent: {}
[257.164447] (-) TimerEvent: {}
[257.266755] (-) TimerEvent: {}
[257.369207] (-) TimerEvent: {}
[257.470705] (-) TimerEvent: {}
[257.572355] (-) TimerEvent: {}
[257.674044] (-) TimerEvent: {}
[257.775740] (-) TimerEvent: {}
[257.876995] (-) TimerEvent: {}
[257.978793] (-) TimerEvent: {}
[258.080389] (-) TimerEvent: {}
[258.182649] (-) TimerEvent: {}
[258.284422] (-) TimerEvent: {}
[258.386615] (-) TimerEvent: {}
[258.488149] (-) TimerEvent: {}
[258.589665] (-) TimerEvent: {}
[258.691522] (-) TimerEvent: {}
[258.795292] (-) TimerEvent: {}
[258.898014] (-) TimerEvent: {}
[258.999814] (-) TimerEvent: {}
[259.101598] (-) TimerEvent: {}
[259.203077] (-) TimerEvent: {}
[259.304639] (-) TimerEvent: {}
[259.406333] (-) TimerEvent: {}
[259.507818] (-) TimerEvent: {}
[259.609219] (-) TimerEvent: {}
[259.710773] (-) TimerEvent: {}
[259.812411] (-) TimerEvent: {}
[259.913859] (-) TimerEvent: {}
[260.015393] (-) TimerEvent: {}
[260.117776] (-) TimerEvent: {}
[260.219602] (-) TimerEvent: {}
[260.321098] (-) TimerEvent: {}
[260.422953] (-) TimerEvent: {}
[260.524620] (-) TimerEvent: {}
[260.626246] (-) TimerEvent: {}
[260.727901] (-) TimerEvent: {}
[260.829443] (-) TimerEvent: {}
[260.931225] (-) TimerEvent: {}
[261.032637] (-) TimerEvent: {}
[261.134392] (-) TimerEvent: {}
[261.236236] (-) TimerEvent: {}
[261.339479] (-) TimerEvent: {}
[261.441622] (-) TimerEvent: {}
[261.543869] (-) TimerEvent: {}
[261.645743] (-) TimerEvent: {}
[261.748268] (-) TimerEvent: {}
[261.850100] (-) TimerEvent: {}
[261.953050] (-) TimerEvent: {}
[262.055144] (-) TimerEvent: {}
[262.157016] (-) TimerEvent: {}
[262.258677] (-) TimerEvent: {}
[262.360226] (-) TimerEvent: {}
[262.461666] (-) TimerEvent: {}
[262.563155] (-) TimerEvent: {}
[262.664615] (-) TimerEvent: {}
[262.766199] (-) TimerEvent: {}
[262.867890] (-) TimerEvent: {}
[262.969383] (-) TimerEvent: {}
[263.070933] (-) TimerEvent: {}
[263.172620] (-) TimerEvent: {}
[263.275038] (-) TimerEvent: {}
[263.381370] (-) TimerEvent: {}
[263.483000] (-) TimerEvent: {}
[263.584827] (-) TimerEvent: {}
[263.686567] (-) TimerEvent: {}
[263.788565] (-) TimerEvent: {}
[263.891118] (-) TimerEvent: {}
[263.993024] (-) TimerEvent: {}
[264.094574] (-) TimerEvent: {}
[264.196181] (-) TimerEvent: {}
[264.297515] (-) TimerEvent: {}
[264.399043] (-) TimerEvent: {}
[264.500501] (-) TimerEvent: {}
[264.601968] (-) TimerEvent: {}
[264.703741] (-) TimerEvent: {}
[264.806017] (-) TimerEvent: {}
[264.907822] (-) TimerEvent: {}
[265.009149] (-) TimerEvent: {}
[265.110716] (-) TimerEvent: {}
[265.212655] (-) TimerEvent: {}
[265.314209] (-) TimerEvent: {}
[265.416168] (-) TimerEvent: {}
[265.518327] (-) TimerEvent: {}
[265.620019] (-) TimerEvent: {}
[265.721398] (-) TimerEvent: {}
[265.823247] (-) TimerEvent: {}
[265.925131] (-) TimerEvent: {}
[266.027402] (-) TimerEvent: {}
[266.129112] (-) TimerEvent: {}
[266.230710] (-) TimerEvent: {}
[266.332009] (-) TimerEvent: {}
[266.433350] (-) TimerEvent: {}
[266.534845] (-) TimerEvent: {}
[266.636766] (-) TimerEvent: {}
[266.738677] (-) TimerEvent: {}
[266.840170] (-) TimerEvent: {}
[266.941767] (-) TimerEvent: {}
[267.043750] (-) TimerEvent: {}
[267.146285] (-) TimerEvent: {}
[267.247808] (-) TimerEvent: {}
[267.349071] (-) TimerEvent: {}
[267.450825] (-) TimerEvent: {}
[267.552396] (-) TimerEvent: {}
[267.653876] (-) TimerEvent: {}
[267.755591] (-) TimerEvent: {}
[267.857158] (-) TimerEvent: {}
[267.959110] (-) TimerEvent: {}
[268.060604] (-) TimerEvent: {}
[268.162293] (-) TimerEvent: {}
[268.263902] (-) TimerEvent: {}
[268.365651] (-) TimerEvent: {}
[268.467499] (-) TimerEvent: {}
[268.568719] (-) TimerEvent: {}
[268.684241] (-) TimerEvent: {}
[268.823261] (-) TimerEvent: {}
[268.948695] (-) TimerEvent: {}
[269.050031] (-) TimerEvent: {}
[269.151401] (-) TimerEvent: {}
[269.254046] (-) TimerEvent: {}
[269.356181] (-) TimerEvent: {}
[269.457979] (-) TimerEvent: {}
[269.560322] (-) TimerEvent: {}
[269.661788] (-) TimerEvent: {}
[269.763432] (-) TimerEvent: {}
[269.865280] (-) TimerEvent: {}
[269.967107] (-) TimerEvent: {}
[270.068541] (-) TimerEvent: {}
[270.170208] (-) TimerEvent: {}
[270.272573] (-) TimerEvent: {}
[270.374187] (-) TimerEvent: {}
[270.476001] (-) TimerEvent: {}
[270.577837] (-) TimerEvent: {}
[270.679580] (-) TimerEvent: {}
[270.782166] (-) TimerEvent: {}
[270.883728] (-) TimerEvent: {}
[270.985481] (-) TimerEvent: {}
[271.087257] (-) TimerEvent: {}
[271.188807] (-) TimerEvent: {}
[271.290254] (-) TimerEvent: {}
[271.392043] (-) TimerEvent: {}
[271.493878] (-) TimerEvent: {}
[271.595787] (-) TimerEvent: {}
[271.697388] (-) TimerEvent: {}
[271.798837] (-) TimerEvent: {}
[271.900500] (-) TimerEvent: {}
[272.001975] (-) TimerEvent: {}
[272.103411] (-) TimerEvent: {}
[272.205190] (-) TimerEvent: {}
[272.306928] (-) TimerEvent: {}
[272.409127] (-) TimerEvent: {}
[272.510768] (-) TimerEvent: {}
[272.612972] (-) TimerEvent: {}
[272.714497] (-) TimerEvent: {}
[272.816815] (-) TimerEvent: {}
[272.918850] (-) TimerEvent: {}
[273.020445] (-) TimerEvent: {}
[273.121819] (-) TimerEvent: {}
[273.223410] (-) TimerEvent: {}
[273.325017] (-) TimerEvent: {}
[273.503293] (-) TimerEvent: {}
[273.604846] (-) TimerEvent: {}
[273.706295] (-) TimerEvent: {}
[273.808201] (-) TimerEvent: {}
[273.910191] (-) TimerEvent: {}
[274.011579] (-) TimerEvent: {}
[274.112885] (-) TimerEvent: {}
[274.214642] (-) TimerEvent: {}
[274.317572] (-) TimerEvent: {}
[274.419698] (-) TimerEvent: {}
[274.522244] (-) TimerEvent: {}
[274.623722] (-) TimerEvent: {}
[274.725527] (-) TimerEvent: {}
[274.827605] (-) TimerEvent: {}
[274.929202] (-) TimerEvent: {}
[275.030602] (-) TimerEvent: {}
[275.132225] (-) TimerEvent: {}
[275.233961] (-) TimerEvent: {}
[275.336754] (-) TimerEvent: {}
[275.438237] (-) TimerEvent: {}
[275.539564] (-) TimerEvent: {}
[275.640899] (-) TimerEvent: {}
[275.742707] (-) TimerEvent: {}
[275.844228] (-) TimerEvent: {}
[275.945555] (-) TimerEvent: {}
[276.047599] (-) TimerEvent: {}
[276.149389] (-) TimerEvent: {}
[276.250690] (-) TimerEvent: {}
[276.352311] (-) TimerEvent: {}
[276.453763] (-) TimerEvent: {}
[276.555752] (-) TimerEvent: {}
[276.657635] (-) TimerEvent: {}
[276.759573] (-) TimerEvent: {}
[276.861188] (-) TimerEvent: {}
[276.963482] (-) TimerEvent: {}
[277.065069] (-) TimerEvent: {}
[277.166433] (-) TimerEvent: {}
[277.267796] (-) TimerEvent: {}
[277.369467] (-) TimerEvent: {}
[277.471092] (-) TimerEvent: {}
[277.572767] (-) TimerEvent: {}
[277.674436] (-) TimerEvent: {}
[277.776175] (-) TimerEvent: {}
[277.877955] (-) TimerEvent: {}
[277.979737] (-) TimerEvent: {}
[278.083768] (-) TimerEvent: {}
[278.185517] (-) TimerEvent: {}
[278.287115] (-) TimerEvent: {}
[278.388558] (-) TimerEvent: {}
[278.521346] (-) TimerEvent: {}
[278.623476] (-) TimerEvent: {}
[278.725663] (-) TimerEvent: {}
[278.827248] (-) TimerEvent: {}
[278.928966] (-) TimerEvent: {}
[279.030809] (-) TimerEvent: {}
[279.132190] (-) TimerEvent: {}
[279.233383] (-) TimerEvent: {}
[279.335093] (-) TimerEvent: {}
[279.436644] (-) TimerEvent: {}
[279.538148] (-) TimerEvent: {}
[279.639476] (-) TimerEvent: {}
[279.741167] (-) TimerEvent: {}
[279.842953] (-) TimerEvent: {}
[279.944433] (-) TimerEvent: {}
[280.046090] (-) TimerEvent: {}
[280.147966] (-) TimerEvent: {}
[280.249473] (-) TimerEvent: {}
[280.351038] (-) TimerEvent: {}
[280.452483] (-) TimerEvent: {}
[280.554000] (-) TimerEvent: {}
[280.655538] (-) TimerEvent: {}
[280.756823] (-) TimerEvent: {}
[280.860184] (-) TimerEvent: {}
[280.961658] (-) TimerEvent: {}
[281.063493] (-) TimerEvent: {}
[281.165478] (-) TimerEvent: {}
[281.267266] (-) TimerEvent: {}
[281.368954] (-) TimerEvent: {}
[281.470578] (-) TimerEvent: {}
[281.572184] (-) TimerEvent: {}
[281.673849] (-) TimerEvent: {}
[281.776710] (-) TimerEvent: {}
[281.878934] (-) TimerEvent: {}
[281.980592] (-) TimerEvent: {}
[282.082227] (-) TimerEvent: {}
[282.183891] (-) TimerEvent: {}
[282.285315] (-) TimerEvent: {}
[282.387592] (-) TimerEvent: {}
[282.489259] (-) TimerEvent: {}
[282.591062] (-) TimerEvent: {}
[282.692829] (-) TimerEvent: {}
[282.796427] (-) TimerEvent: {}
[282.897994] (-) TimerEvent: {}
[282.999709] (-) TimerEvent: {}
[283.101440] (-) TimerEvent: {}
[283.203403] (-) TimerEvent: {}
[283.305426] (-) TimerEvent: {}
[283.406985] (-) TimerEvent: {}
[283.508724] (-) TimerEvent: {}
[283.610348] (-) TimerEvent: {}
[283.712029] (-) TimerEvent: {}
[283.813542] (-) TimerEvent: {}
[283.915210] (-) TimerEvent: {}
[284.018228] (-) TimerEvent: {}
[284.121407] (-) TimerEvent: {}
[284.223291] (-) TimerEvent: {}
[284.325183] (-) TimerEvent: {}
[284.426754] (-) TimerEvent: {}
[284.528589] (-) TimerEvent: {}
[284.629965] (-) TimerEvent: {}
[284.732231] (-) TimerEvent: {}
[284.833817] (-) TimerEvent: {}
[284.935555] (-) TimerEvent: {}
[285.037314] (-) TimerEvent: {}
[285.138966] (-) TimerEvent: {}
[285.241983] (-) TimerEvent: {}
[285.343729] (-) TimerEvent: {}
[285.445098] (-) TimerEvent: {}
[285.547093] (-) TimerEvent: {}
[285.648536] (-) TimerEvent: {}
[285.750421] (-) TimerEvent: {}
[285.852250] (-) TimerEvent: {}
[285.953778] (-) TimerEvent: {}
[286.056853] (-) TimerEvent: {}
[286.159257] (-) TimerEvent: {}
[286.260965] (-) TimerEvent: {}
[286.362743] (-) TimerEvent: {}
[286.464513] (-) TimerEvent: {}
[286.566155] (-) TimerEvent: {}
[286.667779] (-) TimerEvent: {}
[286.769432] (-) TimerEvent: {}
[286.871016] (-) TimerEvent: {}
[286.973027] (-) TimerEvent: {}
[287.074376] (-) TimerEvent: {}
[287.176008] (-) TimerEvent: {}
[287.277441] (-) TimerEvent: {}
[287.379659] (-) TimerEvent: {}
[287.481071] (-) TimerEvent: {}
[287.582909] (-) TimerEvent: {}
[287.686126] (-) TimerEvent: {}
[287.788325] (-) TimerEvent: {}
[287.890106] (-) TimerEvent: {}
[287.991656] (-) TimerEvent: {}
[288.093236] (-) TimerEvent: {}
[288.194736] (-) TimerEvent: {}
[288.296250] (-) TimerEvent: {}
[288.397902] (-) TimerEvent: {}
[288.499665] (-) TimerEvent: {}
[288.601274] (-) TimerEvent: {}
[288.702954] (-) TimerEvent: {}
[288.804522] (-) TimerEvent: {}
[288.906186] (-) TimerEvent: {}
[289.007899] (-) TimerEvent: {}
[289.109480] (-) TimerEvent: {}
[289.210830] (-) TimerEvent: {}
[289.312454] (-) TimerEvent: {}
[289.415054] (-) TimerEvent: {}
[289.516592] (-) TimerEvent: {}
[289.618365] (-) TimerEvent: {}
[289.720387] (-) TimerEvent: {}
[289.822172] (-) TimerEvent: {}
[289.923824] (-) TimerEvent: {}
[290.025742] (-) TimerEvent: {}
[290.127627] (-) TimerEvent: {}
[290.229128] (-) TimerEvent: {}
[290.330619] (-) TimerEvent: {}
[290.432135] (-) TimerEvent: {}
[290.533672] (-) TimerEvent: {}
[290.635128] (-) TimerEvent: {}
[290.736819] (-) TimerEvent: {}
[290.838582] (-) TimerEvent: {}
[290.940333] (-) TimerEvent: {}
[291.042687] (-) TimerEvent: {}
[291.144486] (-) TimerEvent: {}
[291.246258] (-) TimerEvent: {}
[291.347813] (-) TimerEvent: {}
[291.449566] (-) TimerEvent: {}
[291.551213] (-) TimerEvent: {}
[291.652779] (-) TimerEvent: {}
[291.755119] (-) TimerEvent: {}
[291.856743] (-) TimerEvent: {}
[291.958321] (-) TimerEvent: {}
[292.059883] (-) TimerEvent: {}
[292.161683] (-) TimerEvent: {}
[292.263044] (-) TimerEvent: {}
[292.364215] (-) TimerEvent: {}
[292.465713] (-) TimerEvent: {}
[292.567602] (-) TimerEvent: {}
[292.669114] (-) TimerEvent: {}
[292.770673] (-) TimerEvent: {}
[292.872234] (-) TimerEvent: {}
[292.974517] (-) TimerEvent: {}
[293.076278] (-) TimerEvent: {}
[293.177576] (-) TimerEvent: {}
[293.278846] (-) TimerEvent: {}
[293.380321] (-) TimerEvent: {}
[293.481844] (-) TimerEvent: {}
[293.583825] (-) TimerEvent: {}
[293.686073] (-) TimerEvent: {}
[293.788720] (-) TimerEvent: {}
[293.889980] (-) TimerEvent: {}
[293.991994] (-) TimerEvent: {}
[294.093689] (-) TimerEvent: {}
[294.195526] (-) TimerEvent: {}
[294.297023] (-) TimerEvent: {}
[294.398248] (-) TimerEvent: {}
[294.499995] (-) TimerEvent: {}
[294.601462] (-) TimerEvent: {}
[294.702918] (-) TimerEvent: {}
[294.804796] (-) TimerEvent: {}
[294.906588] (-) TimerEvent: {}
[295.008740] (-) TimerEvent: {}
[295.110442] (-) TimerEvent: {}
[295.212148] (-) TimerEvent: {}
[295.313613] (-) TimerEvent: {}
[295.415119] (-) TimerEvent: {}
[295.516800] (-) TimerEvent: {}
[295.618411] (-) TimerEvent: {}
[295.720006] (-) TimerEvent: {}
[295.821679] (-) TimerEvent: {}
[295.923395] (-) TimerEvent: {}
[296.024862] (-) TimerEvent: {}
[296.126339] (-) TimerEvent: {}
[296.228026] (-) TimerEvent: {}
[296.329537] (-) TimerEvent: {}
[296.431261] (-) TimerEvent: {}
[296.532985] (-) TimerEvent: {}
[296.634811] (-) TimerEvent: {}
[296.736908] (-) TimerEvent: {}
[296.838416] (-) TimerEvent: {}
[296.939695] (-) TimerEvent: {}
[297.040895] (-) TimerEvent: {}
[297.143074] (-) TimerEvent: {}
[297.244803] (-) TimerEvent: {}
[297.346495] (-) TimerEvent: {}
[297.462873] (-) TimerEvent: {}
[297.564708] (-) TimerEvent: {}
[297.666228] (-) TimerEvent: {}
[297.767451] (-) TimerEvent: {}
[297.869144] (-) TimerEvent: {}
[297.970956] (-) TimerEvent: {}
[298.072880] (-) TimerEvent: {}
[298.175003] (-) TimerEvent: {}
[298.276546] (-) TimerEvent: {}
[298.380795] (-) TimerEvent: {}
[298.482254] (-) TimerEvent: {}
[298.583855] (-) TimerEvent: {}
[298.685413] (-) TimerEvent: {}
[298.787284] (-) TimerEvent: {}
[298.888714] (-) TimerEvent: {}
[299.004875] (-) TimerEvent: {}
[299.145784] (-) TimerEvent: {}
[299.247975] (-) TimerEvent: {}
[299.349592] (-) TimerEvent: {}
[299.451245] (-) TimerEvent: {}
[299.553806] (-) TimerEvent: {}
[299.655769] (-) TimerEvent: {}
[299.757493] (-) TimerEvent: {}
[299.859328] (-) TimerEvent: {}
[299.960498] (-) TimerEvent: {}
[300.061766] (-) TimerEvent: {}
[300.163661] (-) TimerEvent: {}
[300.265252] (-) TimerEvent: {}
[300.366684] (-) TimerEvent: {}
[300.468042] (-) TimerEvent: {}
[300.569822] (-) TimerEvent: {}
[300.671833] (-) TimerEvent: {}
[300.773606] (-) TimerEvent: {}
[300.875303] (-) TimerEvent: {}
[300.976571] (-) TimerEvent: {}
[301.078443] (-) TimerEvent: {}
[301.180310] (-) TimerEvent: {}
[301.282118] (-) TimerEvent: {}
[301.383860] (-) TimerEvent: {}
[301.485588] (-) TimerEvent: {}
[301.586759] (-) TimerEvent: {}
[301.688090] (-) TimerEvent: {}
[301.789333] (-) TimerEvent: {}
[301.890805] (-) TimerEvent: {}
[301.992581] (-) TimerEvent: {}
[302.094416] (-) TimerEvent: {}
[302.196437] (-) TimerEvent: {}
[302.297855] (-) TimerEvent: {}
[302.400495] (-) TimerEvent: {}
[302.501741] (-) TimerEvent: {}
[302.603745] (-) TimerEvent: {}
[302.705443] (-) TimerEvent: {}
[302.807151] (-) TimerEvent: {}
[302.908761] (-) TimerEvent: {}
[303.010351] (-) TimerEvent: {}
[303.111559] (-) TimerEvent: {}
[303.212725] (-) TimerEvent: {}
[303.314227] (-) TimerEvent: {}
[303.415996] (-) TimerEvent: {}
[303.519419] (-) TimerEvent: {}
[303.620624] (-) TimerEvent: {}
[303.722157] (-) TimerEvent: {}
[303.823451] (-) TimerEvent: {}
[303.926564] (-) TimerEvent: {}
[304.028406] (-) TimerEvent: {}
[304.129726] (-) TimerEvent: {}
[304.231300] (-) TimerEvent: {}
[304.332535] (-) TimerEvent: {}
[304.433992] (-) TimerEvent: {}
[304.535180] (-) TimerEvent: {}
[304.636944] (-) TimerEvent: {}
[304.738830] (-) TimerEvent: {}
[304.840512] (-) TimerEvent: {}
[304.942007] (-) TimerEvent: {}
[305.043709] (-) TimerEvent: {}
[305.145334] (-) TimerEvent: {}
[305.247042] (-) TimerEvent: {}
[305.348857] (-) TimerEvent: {}
[305.450330] (-) TimerEvent: {}
[305.552449] (-) TimerEvent: {}
[305.653915] (-) TimerEvent: {}
[305.755483] (-) TimerEvent: {}
[305.857030] (-) TimerEvent: {}
[305.960066] (-) TimerEvent: {}
[306.062398] (-) TimerEvent: {}
[306.165608] (-) TimerEvent: {}
[306.267299] (-) TimerEvent: {}
[306.368591] (-) TimerEvent: {}
[306.470090] (-) TimerEvent: {}
[306.571781] (-) TimerEvent: {}
[306.673389] (-) TimerEvent: {}
[306.775075] (-) TimerEvent: {}
[306.876719] (-) TimerEvent: {}
[306.978164] (-) TimerEvent: {}
[307.079760] (-) TimerEvent: {}
[307.181296] (-) TimerEvent: {}
[307.282849] (-) TimerEvent: {}
[307.384334] (-) TimerEvent: {}
[307.485996] (-) TimerEvent: {}
[307.587741] (-) TimerEvent: {}
[307.689706] (-) TimerEvent: {}
[307.791565] (-) TimerEvent: {}
[307.893032] (-) TimerEvent: {}
[307.994630] (-) TimerEvent: {}
[308.096403] (-) TimerEvent: {}
[308.198022] (-) TimerEvent: {}
[308.299574] (-) TimerEvent: {}
[308.401281] (-) TimerEvent: {}
[308.503109] (-) TimerEvent: {}
[308.604616] (-) TimerEvent: {}
[308.706140] (-) TimerEvent: {}
[308.807764] (-) TimerEvent: {}
[308.909244] (-) TimerEvent: {}
[309.011306] (-) TimerEvent: {}
[309.112759] (-) TimerEvent: {}
[309.214389] (-) TimerEvent: {}
[309.316780] (-) TimerEvent: {}
[309.418570] (-) TimerEvent: {}
[309.520253] (-) TimerEvent: {}
[309.621960] (-) TimerEvent: {}
[309.723698] (-) TimerEvent: {}
[309.825349] (-) TimerEvent: {}
[309.926880] (-) TimerEvent: {}
[310.028381] (-) TimerEvent: {}
[310.130058] (-) TimerEvent: {}
[310.232094] (-) TimerEvent: {}
[310.334747] (-) TimerEvent: {}
[310.437886] (-) TimerEvent: {}
[310.539923] (-) TimerEvent: {}
[310.642766] (-) TimerEvent: {}
[310.744282] (-) TimerEvent: {}
[310.846061] (-) TimerEvent: {}
[310.948451] (-) TimerEvent: {}
[311.049847] (-) TimerEvent: {}
[311.151616] (-) TimerEvent: {}
[311.253301] (-) TimerEvent: {}
[311.355242] (-) TimerEvent: {}
[311.456721] (-) TimerEvent: {}
[311.558016] (-) TimerEvent: {}
[311.659253] (-) TimerEvent: {}
[311.760477] (-) TimerEvent: {}
[311.861964] (-) TimerEvent: {}
[311.963418] (-) TimerEvent: {}
[312.064943] (-) TimerEvent: {}
[312.166374] (-) TimerEvent: {}
[312.268091] (-) TimerEvent: {}
[312.369803] (-) TimerEvent: {}
[312.471507] (-) TimerEvent: {}
[312.572934] (-) TimerEvent: {}
[312.674525] (-) TimerEvent: {}
[312.776380] (-) TimerEvent: {}
[312.878093] (-) TimerEvent: {}
[312.979815] (-) TimerEvent: {}
[313.081441] (-) TimerEvent: {}
[313.183127] (-) TimerEvent: {}
[313.284796] (-) TimerEvent: {}
[313.386363] (-) TimerEvent: {}
[313.487731] (-) TimerEvent: {}
[313.589410] (-) TimerEvent: {}
[313.691154] (-) TimerEvent: {}
[313.792767] (-) TimerEvent: {}
[313.894201] (-) TimerEvent: {}
[313.995833] (-) TimerEvent: {}
[314.097235] (-) TimerEvent: {}
[314.198954] (-) TimerEvent: {}
[314.300616] (-) TimerEvent: {}
[314.402180] (-) TimerEvent: {}
[314.503877] (-) TimerEvent: {}
[314.605525] (-) TimerEvent: {}
[314.707204] (-) TimerEvent: {}
[314.808586] (-) TimerEvent: {}
[314.910069] (-) TimerEvent: {}
[315.012799] (-) TimerEvent: {}
[315.114694] (-) TimerEvent: {}
[315.215952] (-) TimerEvent: {}
[315.317174] (-) TimerEvent: {}
[315.418822] (-) TimerEvent: {}
[315.520432] (-) TimerEvent: {}
[315.621707] (-) TimerEvent: {}
[315.723146] (-) TimerEvent: {}
[315.824983] (-) TimerEvent: {}
[315.926666] (-) TimerEvent: {}
[316.027822] (-) TimerEvent: {}
[316.129374] (-) TimerEvent: {}
[316.231167] (-) TimerEvent: {}
[316.333059] (-) TimerEvent: {}
[316.434837] (-) TimerEvent: {}
[316.536526] (-) TimerEvent: {}
[316.638116] (-) TimerEvent: {}
[316.739714] (-) TimerEvent: {}
[316.841337] (-) TimerEvent: {}
[316.943035] (-) TimerEvent: {}
[317.044588] (-) TimerEvent: {}
[317.145862] (-) TimerEvent: {}
[317.248356] (-) TimerEvent: {}
[317.349957] (-) TimerEvent: {}
[317.451579] (-) TimerEvent: {}
[317.553249] (-) TimerEvent: {}
[317.654574] (-) TimerEvent: {}
[317.756063] (-) TimerEvent: {}
[317.857712] (-) TimerEvent: {}
[317.959098] (-) TimerEvent: {}
[318.060889] (-) TimerEvent: {}
[318.162430] (-) TimerEvent: {}
[318.264340] (-) TimerEvent: {}
[318.365732] (-) TimerEvent: {}
[318.467313] (-) TimerEvent: {}
[318.569208] (-) TimerEvent: {}
[318.670720] (-) TimerEvent: {}
[318.772318] (-) TimerEvent: {}
[318.873713] (-) TimerEvent: {}
[318.974978] (-) TimerEvent: {}
[319.076679] (-) TimerEvent: {}
[319.178239] (-) TimerEvent: {}
[319.280308] (-) TimerEvent: {}
[319.382960] (-) TimerEvent: {}
[319.484394] (-) TimerEvent: {}
[319.585671] (-) TimerEvent: {}
[319.687811] (-) TimerEvent: {}
[319.790036] (-) TimerEvent: {}
[319.892088] (-) TimerEvent: {}
[319.994324] (-) TimerEvent: {}
[320.095974] (-) TimerEvent: {}
[320.197394] (-) TimerEvent: {}
[320.299292] (-) TimerEvent: {}
[320.401354] (-) TimerEvent: {}
[320.503554] (-) TimerEvent: {}
[320.604903] (-) TimerEvent: {}
[320.706607] (-) TimerEvent: {}
[320.807994] (-) TimerEvent: {}
[320.909960] (-) TimerEvent: {}
[321.011936] (-) TimerEvent: {}
[321.113410] (-) TimerEvent: {}
[321.215250] (-) TimerEvent: {}
[321.317059] (-) TimerEvent: {}
[321.418895] (-) TimerEvent: {}
[321.520613] (-) TimerEvent: {}
[321.622540] (-) TimerEvent: {}
[321.724330] (-) TimerEvent: {}
[321.825864] (-) TimerEvent: {}
[321.927632] (-) TimerEvent: {}
[322.029876] (-) TimerEvent: {}
[322.131358] (-) TimerEvent: {}
[322.232507] (-) TimerEvent: {}
[322.334035] (-) TimerEvent: {}
[322.435687] (-) TimerEvent: {}
[322.537376] (-) TimerEvent: {}
[322.639095] (-) TimerEvent: {}
[322.740590] (-) TimerEvent: {}
[322.842266] (-) TimerEvent: {}
[322.944249] (-) TimerEvent: {}
[323.046117] (-) TimerEvent: {}
[323.148172] (-) TimerEvent: {}
[323.250221] (-) TimerEvent: {}
[323.351695] (-) TimerEvent: {}
[323.453255] (-) TimerEvent: {}
[323.555026] (-) TimerEvent: {}
[323.656441] (-) TimerEvent: {}
[323.757682] (-) TimerEvent: {}
[323.859120] (-) TimerEvent: {}
[323.960542] (-) TimerEvent: {}
[324.061988] (-) TimerEvent: {}
[324.163864] (-) TimerEvent: {}
[324.265517] (-) TimerEvent: {}
[324.367402] (-) TimerEvent: {}
[324.468857] (-) TimerEvent: {}
[324.570534] (-) TimerEvent: {}
[324.671818] (-) TimerEvent: {}
[324.773238] (-) TimerEvent: {}
[324.875190] (-) TimerEvent: {}
[324.976421] (-) TimerEvent: {}
[325.077989] (-) TimerEvent: {}
[325.179256] (-) TimerEvent: {}
[325.280766] (-) TimerEvent: {}
[325.382522] (-) TimerEvent: {}
[325.483898] (-) TimerEvent: {}
[325.585008] (-) TimerEvent: {}
[325.686190] (-) TimerEvent: {}
[325.787520] (-) TimerEvent: {}
[325.889192] (-) TimerEvent: {}
[325.990937] (-) TimerEvent: {}
[326.092705] (-) TimerEvent: {}
[326.194635] (-) TimerEvent: {}
[326.296644] (-) TimerEvent: {}
[326.398654] (-) TimerEvent: {}
[326.500501] (-) TimerEvent: {}
[326.602158] (-) TimerEvent: {}
[326.704047] (-) TimerEvent: {}
[326.805904] (-) TimerEvent: {}
[326.907692] (-) TimerEvent: {}
[327.009710] (-) TimerEvent: {}
[327.110988] (-) TimerEvent: {}
[327.212850] (-) TimerEvent: {}
[327.315675] (-) TimerEvent: {}
[327.416906] (-) TimerEvent: {}
[327.518435] (-) TimerEvent: {}
[327.620516] (-) TimerEvent: {}
[327.723499] (-) TimerEvent: {}
[327.825073] (-) TimerEvent: {}
[327.926805] (-) TimerEvent: {}
[328.028617] (-) TimerEvent: {}
[328.130429] (-) TimerEvent: {}
[328.232763] (-) TimerEvent: {}
[328.334387] (-) TimerEvent: {}
[328.435833] (-) TimerEvent: {}
[328.538683] (-) TimerEvent: {}
[328.640669] (-) TimerEvent: {}
[328.742588] (-) TimerEvent: {}
[328.844228] (-) TimerEvent: {}
[328.945796] (-) TimerEvent: {}
[329.047668] (-) TimerEvent: {}
[329.171558] (-) TimerEvent: {}
[329.719851] (-) TimerEvent: {}
[330.094818] (-) TimerEvent: {}
[330.196619] (-) TimerEvent: {}
[330.298291] (-) TimerEvent: {}
[330.399902] (-) TimerEvent: {}
[330.501465] (-) TimerEvent: {}
[330.603856] (-) TimerEvent: {}
[330.705460] (-) TimerEvent: {}
[330.807209] (-) TimerEvent: {}
[330.908589] (-) TimerEvent: {}
[331.010072] (-) TimerEvent: {}
[331.111661] (-) TimerEvent: {}
[331.212979] (-) TimerEvent: {}
[331.314952] (-) TimerEvent: {}
[331.416244] (-) TimerEvent: {}
[331.517829] (-) TimerEvent: {}
[331.619567] (-) TimerEvent: {}
[331.721401] (-) TimerEvent: {}
[331.822977] (-) TimerEvent: {}
[331.925180] (-) TimerEvent: {}
[332.026955] (-) TimerEvent: {}
[332.128599] (-) TimerEvent: {}
[332.230148] (-) TimerEvent: {}
[332.331814] (-) TimerEvent: {}
[332.433590] (-) TimerEvent: {}
[332.535171] (-) TimerEvent: {}
[332.636493] (-) TimerEvent: {}
[332.737878] (-) TimerEvent: {}
[332.839596] (-) TimerEvent: {}
[332.941039] (-) TimerEvent: {}
[333.043930] (-) TimerEvent: {}
[333.145664] (-) TimerEvent: {}
[333.247190] (-) TimerEvent: {}
[333.348995] (-) TimerEvent: {}
[333.450433] (-) TimerEvent: {}
[333.552488] (-) TimerEvent: {}
[333.654322] (-) TimerEvent: {}
[333.755901] (-) TimerEvent: {}
[333.857521] (-) TimerEvent: {}
[333.958946] (-) TimerEvent: {}
[334.060732] (-) TimerEvent: {}
[334.162596] (-) TimerEvent: {}
[334.264059] (-) TimerEvent: {}
[334.365428] (-) TimerEvent: {}
[334.467100] (-) TimerEvent: {}
[334.568551] (-) TimerEvent: {}
[334.670180] (-) TimerEvent: {}
[334.771776] (-) TimerEvent: {}
[334.873501] (-) TimerEvent: {}
[334.975341] (-) TimerEvent: {}
[335.076631] (-) TimerEvent: {}
[335.178243] (-) TimerEvent: {}
[335.280024] (-) TimerEvent: {}
[335.381775] (-) TimerEvent: {}
[335.483347] (-) TimerEvent: {}
[335.584605] (-) TimerEvent: {}
[335.686994] (-) TimerEvent: {}
[335.788575] (-) TimerEvent: {}
[335.889971] (-) TimerEvent: {}
[335.991685] (-) TimerEvent: {}
[336.093346] (-) TimerEvent: {}
[336.194993] (-) TimerEvent: {}
[336.296782] (-) TimerEvent: {}
[336.398359] (-) TimerEvent: {}
[336.499622] (-) TimerEvent: {}
[336.600957] (-) TimerEvent: {}
[336.702641] (-) TimerEvent: {}
[336.804222] (-) TimerEvent: {}
[336.906524] (-) TimerEvent: {}
[337.008223] (-) TimerEvent: {}
[337.109731] (-) TimerEvent: {}
[337.211224] (-) TimerEvent: {}
[337.312774] (-) TimerEvent: {}
[337.414424] (-) TimerEvent: {}
[337.516148] (-) TimerEvent: {}
[337.617893] (-) TimerEvent: {}
[337.719215] (-) TimerEvent: {}
[337.821163] (-) TimerEvent: {}
[337.922877] (-) TimerEvent: {}
[338.024626] (-) TimerEvent: {}
[338.126333] (-) TimerEvent: {}
[338.228258] (-) TimerEvent: {}
[338.329512] (-) TimerEvent: {}
[338.430873] (-) TimerEvent: {}
[338.532451] (-) TimerEvent: {}
[338.634074] (-) TimerEvent: {}
[338.735287] (-) TimerEvent: {}
[338.836474] (-) TimerEvent: {}
[338.937793] (-) TimerEvent: {}
[339.039395] (-) TimerEvent: {}
[339.141309] (-) TimerEvent: {}
[339.242827] (-) TimerEvent: {}
[339.344001] (-) TimerEvent: {}
[339.445865] (-) TimerEvent: {}
[339.548055] (-) TimerEvent: {}
[339.650713] (-) TimerEvent: {}
[339.752471] (-) TimerEvent: {}
[339.853762] (-) TimerEvent: {}
[339.955442] (-) TimerEvent: {}
[340.058530] (-) TimerEvent: {}
[340.160180] (-) TimerEvent: {}
[340.263222] (-) TimerEvent: {}
[340.365119] (-) TimerEvent: {}
[340.467622] (-) TimerEvent: {}
[340.569118] (-) TimerEvent: {}
[340.670640] (-) TimerEvent: {}
[340.772063] (-) TimerEvent: {}
[340.873561] (-) TimerEvent: {}
[340.975207] (-) TimerEvent: {}
[341.076881] (-) TimerEvent: {}
[341.178323] (-) TimerEvent: {}
[341.279904] (-) TimerEvent: {}
[341.381572] (-) TimerEvent: {}
[341.483262] (-) TimerEvent: {}
[341.584967] (-) TimerEvent: {}
[341.686622] (-) TimerEvent: {}
[341.787985] (-) TimerEvent: {}
[341.889670] (-) TimerEvent: {}
[341.991492] (-) TimerEvent: {}
[342.093317] (-) TimerEvent: {}
[342.195327] (-) TimerEvent: {}
[342.296880] (-) TimerEvent: {}
[342.398346] (-) TimerEvent: {}
[342.499703] (-) TimerEvent: {}
[342.601375] (-) TimerEvent: {}
[342.703278] (-) TimerEvent: {}
[342.804509] (-) TimerEvent: {}
[342.905754] (-) TimerEvent: {}
[343.007123] (-) TimerEvent: {}
[343.108791] (-) TimerEvent: {}
[343.210541] (-) TimerEvent: {}
[343.312253] (-) TimerEvent: {}
[343.414028] (-) TimerEvent: {}
[343.515682] (-) TimerEvent: {}
[343.617306] (-) TimerEvent: {}
[343.718934] (-) TimerEvent: {}
[343.820441] (-) TimerEvent: {}
[343.922006] (-) TimerEvent: {}
[344.023450] (-) TimerEvent: {}
[344.125021] (-) TimerEvent: {}
[344.226570] (-) TimerEvent: {}
[344.328041] (-) TimerEvent: {}
[344.429445] (-) TimerEvent: {}
[344.531042] (-) TimerEvent: {}
[344.632697] (-) TimerEvent: {}
[344.734367] (-) TimerEvent: {}
[344.835842] (-) TimerEvent: {}
[344.937516] (-) TimerEvent: {}
[345.039374] (-) TimerEvent: {}
[345.140775] (-) TimerEvent: {}
[345.242289] (-) TimerEvent: {}
[345.344211] (-) TimerEvent: {}
[345.446050] (-) TimerEvent: {}
[345.547812] (-) TimerEvent: {}
[345.649162] (-) TimerEvent: {}
[345.751434] (-) TimerEvent: {}
[345.853610] (-) TimerEvent: {}
[345.955426] (-) TimerEvent: {}
[346.057206] (-) TimerEvent: {}
[346.158661] (-) TimerEvent: {}
[346.260145] (-) TimerEvent: {}
[346.361558] (-) TimerEvent: {}
[346.462945] (-) TimerEvent: {}
[346.564441] (-) TimerEvent: {}
[346.666228] (-) TimerEvent: {}
[346.767577] (-) TimerEvent: {}
[346.868999] (-) TimerEvent: {}
[346.970522] (-) TimerEvent: {}
[347.072046] (-) TimerEvent: {}
[347.173625] (-) TimerEvent: {}
[347.275198] (-) TimerEvent: {}
[347.376863] (-) TimerEvent: {}
[347.479664] (-) TimerEvent: {}
[347.584289] (-) TimerEvent: {}
[347.687616] (-) TimerEvent: {}
[347.788757] (-) TimerEvent: {}
[347.890420] (-) TimerEvent: {}
[347.992184] (-) TimerEvent: {}
[348.093548] (-) TimerEvent: {}
[348.195087] (-) TimerEvent: {}
[348.296556] (-) TimerEvent: {}
[348.398310] (-) TimerEvent: {}
[348.500032] (-) TimerEvent: {}
[348.601798] (-) TimerEvent: {}
[348.703550] (-) TimerEvent: {}
[348.804908] (-) TimerEvent: {}
[348.907975] (-) TimerEvent: {}
[349.009846] (-) TimerEvent: {}
[349.112121] (-) TimerEvent: {}
[349.213455] (-) TimerEvent: {}
[349.315116] (-) TimerEvent: {}
[349.416861] (-) TimerEvent: {}
[349.518362] (-) TimerEvent: {}
[349.620200] (-) TimerEvent: {}
[349.721913] (-) TimerEvent: {}
[349.823574] (-) TimerEvent: {}
[349.925058] (-) TimerEvent: {}
[350.026839] (-) TimerEvent: {}
[350.128366] (-) TimerEvent: {}
[350.230118] (-) TimerEvent: {}
[350.332107] (-) TimerEvent: {}
[350.433630] (-) TimerEvent: {}
[350.535604] (-) TimerEvent: {}
[350.637174] (-) TimerEvent: {}
[350.738822] (-) TimerEvent: {}
[350.840322] (-) TimerEvent: {}
[350.941944] (-) TimerEvent: {}
[351.043551] (-) TimerEvent: {}
[351.146240] (-) TimerEvent: {}
[351.248803] (-) TimerEvent: {}
[351.350438] (-) TimerEvent: {}
[351.453383] (-) TimerEvent: {}
[351.557096] (-) TimerEvent: {}
[351.660233] (-) TimerEvent: {}
[351.762558] (-) TimerEvent: {}
[351.864229] (-) TimerEvent: {}
[351.966139] (-) TimerEvent: {}
[352.067919] (-) TimerEvent: {}
[352.169608] (-) TimerEvent: {}
[352.271481] (-) TimerEvent: {}
[352.372884] (-) TimerEvent: {}
[352.474946] (-) TimerEvent: {}
[352.577612] (-) TimerEvent: {}
[352.679297] (-) TimerEvent: {}
[352.780836] (-) TimerEvent: {}
[352.882442] (-) TimerEvent: {}
[352.983972] (-) TimerEvent: {}
[353.085429] (-) TimerEvent: {}
[353.187155] (-) TimerEvent: {}
[353.288779] (-) TimerEvent: {}
[353.390491] (-) TimerEvent: {}
[353.492325] (-) TimerEvent: {}
[354.133318] (-) TimerEvent: {}
[354.235615] (-) TimerEvent: {}
[354.337135] (-) TimerEvent: {}
[354.438827] (-) TimerEvent: {}
[354.540877] (-) TimerEvent: {}
[354.642753] (-) TimerEvent: {}
[354.744442] (-) TimerEvent: {}
[354.846341] (-) TimerEvent: {}
[354.948062] (-) TimerEvent: {}
[355.049382] (-) TimerEvent: {}
[355.151114] (-) TimerEvent: {}
[355.253117] (-) TimerEvent: {}
[355.354804] (-) TimerEvent: {}
[355.456433] (-) TimerEvent: {}
[355.558002] (-) TimerEvent: {}
[355.659721] (-) TimerEvent: {}
[355.761916] (-) TimerEvent: {}
[355.863672] (-) TimerEvent: {}
[355.965350] (-) TimerEvent: {}
[356.068574] (-) TimerEvent: {}
[356.170217] (-) TimerEvent: {}
[356.271861] (-) TimerEvent: {}
[356.373096] (-) TimerEvent: {}
[356.474271] (-) TimerEvent: {}
[356.575834] (-) TimerEvent: {}
[356.677441] (-) TimerEvent: {}
[356.779385] (-) TimerEvent: {}
[356.881307] (-) TimerEvent: {}
[356.983167] (-) TimerEvent: {}
[357.084872] (-) TimerEvent: {}
[357.186686] (-) TimerEvent: {}
[357.288127] (-) TimerEvent: {}
[357.389712] (-) TimerEvent: {}
[357.491350] (-) TimerEvent: {}
[357.592844] (-) TimerEvent: {}
[357.694244] (-) TimerEvent: {}
[357.795996] (-) TimerEvent: {}
[357.897709] (-) TimerEvent: {}
[357.999343] (-) TimerEvent: {}
[358.100769] (-) TimerEvent: {}
[358.202221] (-) TimerEvent: {}
[358.303892] (-) TimerEvent: {}
[358.405719] (-) TimerEvent: {}
[358.507825] (-) TimerEvent: {}
[358.613758] (-) TimerEvent: {}
[358.715398] (-) TimerEvent: {}
[358.817300] (-) TimerEvent: {}
[358.919276] (-) TimerEvent: {}
[359.022654] (-) TimerEvent: {}
[359.124984] (-) TimerEvent: {}
[359.226971] (-) TimerEvent: {}
[359.328641] (-) TimerEvent: {}
[359.430707] (-) TimerEvent: {}
[359.532452] (-) TimerEvent: {}
[359.634050] (-) TimerEvent: {}
[359.735784] (-) TimerEvent: {}
[359.837207] (-) TimerEvent: {}
[359.938738] (-) TimerEvent: {}
[360.040054] (-) TimerEvent: {}
[362.857889] (-) TimerEvent: {}
[362.959720] (-) TimerEvent: {}
[363.061129] (-) TimerEvent: {}
[363.162763] (-) TimerEvent: {}
[363.264333] (-) TimerEvent: {}
[363.365765] (-) TimerEvent: {}
[363.467825] (-) TimerEvent: {}
[363.570988] (-) TimerEvent: {}
[363.677422] (-) TimerEvent: {}
[363.779446] (-) TimerEvent: {}
[363.882565] (-) TimerEvent: {}
[363.985274] (-) TimerEvent: {}
[364.087249] (-) TimerEvent: {}
[364.189104] (-) TimerEvent: {}
[364.290335] (-) TimerEvent: {}
[364.392025] (-) TimerEvent: {}
[364.493788] (-) TimerEvent: {}
[364.595202] (-) TimerEvent: {}
[364.696823] (-) TimerEvent: {}
[364.798765] (-) TimerEvent: {}
[364.900458] (-) TimerEvent: {}
[365.002018] (-) TimerEvent: {}
[365.103607] (-) TimerEvent: {}
[365.205315] (-) TimerEvent: {}
[365.307303] (-) TimerEvent: {}
[365.408975] (-) TimerEvent: {}
[365.510592] (-) TimerEvent: {}
[365.612683] (-) TimerEvent: {}
[365.714436] (-) TimerEvent: {}
[365.816226] (-) TimerEvent: {}
[365.919816] (-) TimerEvent: {}
[366.021302] (-) TimerEvent: {}
[366.123489] (-) TimerEvent: {}
[366.225841] (-) TimerEvent: {}
[366.327683] (-) TimerEvent: {}
[366.429203] (-) TimerEvent: {}
[366.530595] (-) TimerEvent: {}
[366.631953] (-) TimerEvent: {}
[366.733474] (-) TimerEvent: {}
[366.835093] (-) TimerEvent: {}
[366.936608] (-) TimerEvent: {}
[367.038112] (-) TimerEvent: {}
[367.139544] (-) TimerEvent: {}
[367.241083] (-) TimerEvent: {}
[367.342720] (-) TimerEvent: {}
[367.444349] (-) TimerEvent: {}
[367.545867] (-) TimerEvent: {}
[367.647596] (-) TimerEvent: {}
[367.749160] (-) TimerEvent: {}
[367.850801] (-) TimerEvent: {}
[367.952492] (-) TimerEvent: {}
[368.053697] (-) TimerEvent: {}
[368.155365] (-) TimerEvent: {}
[368.257079] (-) TimerEvent: {}
[368.358661] (-) TimerEvent: {}
[368.460476] (-) TimerEvent: {}
[368.562399] (-) TimerEvent: {}
[368.664119] (-) TimerEvent: {}
[368.765987] (-) TimerEvent: {}
[368.869047] (-) TimerEvent: {}
[368.970546] (-) TimerEvent: {}
[369.071861] (-) TimerEvent: {}
[369.174167] (-) TimerEvent: {}
[369.275852] (-) TimerEvent: {}
[369.377271] (-) TimerEvent: {}
[369.478781] (-) TimerEvent: {}
[369.580367] (-) TimerEvent: {}
[369.681890] (-) TimerEvent: {}
[369.783457] (-) TimerEvent: {}
[369.884817] (-) TimerEvent: {}
[369.986402] (-) TimerEvent: {}
[370.088105] (-) TimerEvent: {}
[370.189578] (-) TimerEvent: {}
[370.290982] (-) TimerEvent: {}
[370.392666] (-) TimerEvent: {}
[370.494235] (-) TimerEvent: {}
[370.595962] (-) TimerEvent: {}
[370.697903] (-) TimerEvent: {}
[370.799680] (-) TimerEvent: {}
[370.901290] (-) TimerEvent: {}
[371.003688] (-) TimerEvent: {}
[371.105935] (-) TimerEvent: {}
[371.207493] (-) TimerEvent: {}
[371.309015] (-) TimerEvent: {}
[371.410803] (-) TimerEvent: {}
[371.512586] (-) TimerEvent: {}
[371.614379] (-) TimerEvent: {}
[371.716784] (-) TimerEvent: {}
[371.818725] (-) TimerEvent: {}
[371.920771] (-) TimerEvent: {}
[372.022441] (-) TimerEvent: {}
[372.124076] (-) TimerEvent: {}
[372.225485] (-) TimerEvent: {}
[372.326907] (-) TimerEvent: {}
[372.428752] (-) TimerEvent: {}
[372.532613] (-) TimerEvent: {}
[372.635055] (-) TimerEvent: {}
[372.737097] (-) TimerEvent: {}
[372.838412] (-) TimerEvent: {}
[372.940182] (-) TimerEvent: {}
[373.041601] (-) TimerEvent: {}
[373.143101] (-) TimerEvent: {}
[373.244825] (-) TimerEvent: {}
[373.346254] (-) TimerEvent: {}
[373.447908] (-) TimerEvent: {}
[373.549755] (-) TimerEvent: {}
[373.651362] (-) TimerEvent: {}
[373.752975] (-) TimerEvent: {}
[373.854595] (-) TimerEvent: {}
[373.956141] (-) TimerEvent: {}
[374.057862] (-) TimerEvent: {}
[374.159431] (-) TimerEvent: {}
[374.260829] (-) TimerEvent: {}
[374.362557] (-) TimerEvent: {}
[374.463967] (-) TimerEvent: {}
[374.565541] (-) TimerEvent: {}
[374.667358] (-) TimerEvent: {}
[374.768763] (-) TimerEvent: {}
[374.870243] (-) TimerEvent: {}
[374.971853] (-) TimerEvent: {}
[375.073420] (-) TimerEvent: {}
[375.174886] (-) TimerEvent: {}
[375.276759] (-) TimerEvent: {}
[375.378941] (-) TimerEvent: {}
[375.480574] (-) TimerEvent: {}
[375.582136] (-) TimerEvent: {}
[375.683491] (-) TimerEvent: {}
[375.785081] (-) TimerEvent: {}
[375.886543] (-) TimerEvent: {}
[375.988051] (-) TimerEvent: {}
[376.089729] (-) TimerEvent: {}
[376.191874] (-) TimerEvent: {}
[376.293849] (-) TimerEvent: {}
[376.395637] (-) TimerEvent: {}
[376.497252] (-) TimerEvent: {}
[376.599194] (-) TimerEvent: {}
[376.701019] (-) TimerEvent: {}
[376.802739] (-) TimerEvent: {}
[376.904243] (-) TimerEvent: {}
[377.005698] (-) TimerEvent: {}
[377.107400] (-) TimerEvent: {}
[377.208911] (-) TimerEvent: {}
[377.310531] (-) TimerEvent: {}
[377.412159] (-) TimerEvent: {}
[377.514440] (-) TimerEvent: {}
[377.616119] (-) TimerEvent: {}
[377.717614] (-) TimerEvent: {}
[377.819362] (-) TimerEvent: {}
[377.920836] (-) TimerEvent: {}
[378.022589] (-) TimerEvent: {}
[378.124175] (-) TimerEvent: {}
[378.225620] (-) TimerEvent: {}
[378.327199] (-) TimerEvent: {}
[378.428835] (-) TimerEvent: {}
[378.530696] (-) TimerEvent: {}
[378.632293] (-) TimerEvent: {}
[378.733855] (-) TimerEvent: {}
[378.835714] (-) TimerEvent: {}
[378.938294] (-) TimerEvent: {}
[379.042982] (-) TimerEvent: {}
[379.144547] (-) TimerEvent: {}
[379.246038] (-) TimerEvent: {}
[379.347504] (-) TimerEvent: {}
[379.449240] (-) TimerEvent: {}
[379.551046] (-) TimerEvent: {}
[379.652652] (-) TimerEvent: {}
[379.754171] (-) TimerEvent: {}
[379.856038] (-) TimerEvent: {}
[379.957535] (-) TimerEvent: {}
[380.059156] (-) TimerEvent: {}
[380.160696] (-) TimerEvent: {}
[380.262055] (-) TimerEvent: {}
[380.363619] (-) TimerEvent: {}
[380.465012] (-) TimerEvent: {}
[380.566564] (-) TimerEvent: {}
[380.667837] (-) TimerEvent: {}
[380.769600] (-) TimerEvent: {}
[380.871332] (-) TimerEvent: {}
[380.972872] (-) TimerEvent: {}
[381.074571] (-) TimerEvent: {}
[381.176154] (-) TimerEvent: {}
[381.277694] (-) TimerEvent: {}
[381.379305] (-) TimerEvent: {}
[381.480818] (-) TimerEvent: {}
[381.582365] (-) TimerEvent: {}
[381.684042] (-) TimerEvent: {}
[381.785615] (-) TimerEvent: {}
[381.887046] (-) TimerEvent: {}
[381.988535] (-) TimerEvent: {}
[382.089879] (-) TimerEvent: {}
[382.191548] (-) TimerEvent: {}
[382.292985] (-) TimerEvent: {}
[382.394575] (-) TimerEvent: {}
[382.496249] (-) TimerEvent: {}
[382.597877] (-) TimerEvent: {}
[382.699551] (-) TimerEvent: {}
[382.801076] (-) TimerEvent: {}
[382.902606] (-) TimerEvent: {}
[383.004297] (-) TimerEvent: {}
[383.105902] (-) TimerEvent: {}
[383.207303] (-) TimerEvent: {}
[383.308723] (-) TimerEvent: {}
[383.409997] (-) TimerEvent: {}
[383.511699] (-) TimerEvent: {}
[383.613297] (-) TimerEvent: {}
[383.714768] (-) TimerEvent: {}
[383.816393] (-) TimerEvent: {}
[383.917953] (-) TimerEvent: {}
[384.019512] (-) TimerEvent: {}
[384.121294] (-) TimerEvent: {}
[384.223424] (-) TimerEvent: {}
[384.325271] (-) TimerEvent: {}
[384.427682] (-) TimerEvent: {}
[384.529642] (-) TimerEvent: {}
[384.631123] (-) TimerEvent: {}
[384.732655] (-) TimerEvent: {}
[384.834318] (-) TimerEvent: {}
[384.936065] (-) TimerEvent: {}
[385.037621] (-) TimerEvent: {}
[385.139430] (-) TimerEvent: {}
[385.241242] (-) TimerEvent: {}
[385.342755] (-) TimerEvent: {}
[385.444209] (-) TimerEvent: {}
[385.546131] (-) TimerEvent: {}
[385.648006] (-) TimerEvent: {}
[385.749675] (-) TimerEvent: {}
[385.851333] (-) TimerEvent: {}
[385.953002] (-) TimerEvent: {}
[386.054375] (-) TimerEvent: {}
[386.155802] (-) TimerEvent: {}
[386.257688] (-) TimerEvent: {}
[386.360351] (-) TimerEvent: {}
[386.461975] (-) TimerEvent: {}
[386.564210] (-) TimerEvent: {}
[386.665676] (-) TimerEvent: {}
[386.767275] (-) TimerEvent: {}
[386.868709] (-) TimerEvent: {}
[386.970145] (-) TimerEvent: {}
[387.071580] (-) TimerEvent: {}
[387.173050] (-) TimerEvent: {}
[387.274710] (-) TimerEvent: {}
[387.376736] (-) TimerEvent: {}
[387.479207] (-) TimerEvent: {}
[387.580902] (-) TimerEvent: {}
[387.682512] (-) TimerEvent: {}
[387.783754] (-) TimerEvent: {}
[387.885058] (-) TimerEvent: {}
[387.986561] (-) TimerEvent: {}
[388.088035] (-) TimerEvent: {}
[388.190025] (-) TimerEvent: {}
[388.292313] (-) TimerEvent: {}
[388.394373] (-) TimerEvent: {}
[388.496128] (-) TimerEvent: {}
[388.597934] (-) TimerEvent: {}
[388.699708] (-) TimerEvent: {}
[388.801387] (-) TimerEvent: {}
[388.902980] (-) TimerEvent: {}
[389.004507] (-) TimerEvent: {}
[389.106274] (-) TimerEvent: {}
[389.207946] (-) TimerEvent: {}
[389.309837] (-) TimerEvent: {}
[389.411428] (-) TimerEvent: {}
[389.512866] (-) TimerEvent: {}
[389.614695] (-) TimerEvent: {}
[389.716574] (-) TimerEvent: {}
[389.818616] (-) TimerEvent: {}
[389.920020] (-) TimerEvent: {}
[390.021422] (-) TimerEvent: {}
[390.123196] (-) TimerEvent: {}
[390.224931] (-) TimerEvent: {}
[390.326533] (-) TimerEvent: {}
[390.427920] (-) TimerEvent: {}
[390.529470] (-) TimerEvent: {}
[390.632085] (-) TimerEvent: {}
[390.734877] (-) TimerEvent: {}
[390.836585] (-) TimerEvent: {}
[390.938360] (-) TimerEvent: {}
[391.040207] (-) TimerEvent: {}
[391.141754] (-) TimerEvent: {}
[391.243368] (-) TimerEvent: {}
[391.345019] (-) TimerEvent: {}
[391.446769] (-) TimerEvent: {}
[391.548413] (-) TimerEvent: {}
[391.649992] (-) TimerEvent: {}
[391.751772] (-) TimerEvent: {}
[391.853471] (-) TimerEvent: {}
[391.955219] (-) TimerEvent: {}
[392.056876] (-) TimerEvent: {}
[392.158599] (-) TimerEvent: {}
[392.260374] (-) TimerEvent: {}
[392.362201] (-) TimerEvent: {}
[392.463893] (-) TimerEvent: {}
[392.565302] (-) TimerEvent: {}
[392.666856] (-) TimerEvent: {}
[392.768551] (-) TimerEvent: {}
[392.870330] (-) TimerEvent: {}
[392.978002] (-) TimerEvent: {}
[393.093419] (-) TimerEvent: {}
[393.195416] (-) TimerEvent: {}
[393.296771] (-) TimerEvent: {}
[393.398252] (-) TimerEvent: {}
[393.500254] (-) TimerEvent: {}
[393.601694] (-) TimerEvent: {}
[393.703407] (-) TimerEvent: {}
[393.805056] (-) TimerEvent: {}
[393.906528] (-) TimerEvent: {}
[394.008288] (-) TimerEvent: {}
[394.109858] (-) TimerEvent: {}
[394.211515] (-) TimerEvent: {}
[394.313215] (-) TimerEvent: {}
[394.414868] (-) TimerEvent: {}
[394.516850] (-) TimerEvent: {}
[394.619358] (-) TimerEvent: {}
[394.721310] (-) TimerEvent: {}
[394.822987] (-) TimerEvent: {}
[394.924606] (-) TimerEvent: {}
[395.026385] (-) TimerEvent: {}
[395.127953] (-) TimerEvent: {}
[395.229364] (-) TimerEvent: {}
[395.330961] (-) TimerEvent: {}
[395.432796] (-) TimerEvent: {}
[395.535115] (-) TimerEvent: {}
[395.636780] (-) TimerEvent: {}
[395.738251] (-) TimerEvent: {}
[395.839840] (-) TimerEvent: {}
[395.941312] (-) TimerEvent: {}
[396.042754] (-) TimerEvent: {}
[396.144149] (-) TimerEvent: {}
[396.245452] (-) TimerEvent: {}
[396.347116] (-) TimerEvent: {}
[396.448751] (-) TimerEvent: {}
[396.550707] (-) TimerEvent: {}
[396.653657] (-) TimerEvent: {}
[396.755708] (-) TimerEvent: {}
[396.857607] (-) TimerEvent: {}
[396.959141] (-) TimerEvent: {}
[397.060832] (-) TimerEvent: {}
[397.162384] (-) TimerEvent: {}
[397.263925] (-) TimerEvent: {}
[397.365348] (-) TimerEvent: {}
[397.466752] (-) TimerEvent: {}
[397.568072] (-) TimerEvent: {}
[397.669938] (-) TimerEvent: {}
[397.771869] (-) TimerEvent: {}
[397.874505] (-) TimerEvent: {}
[397.976259] (-) TimerEvent: {}
[398.077644] (-) TimerEvent: {}
[398.179205] (-) TimerEvent: {}
[398.280647] (-) TimerEvent: {}
[398.382158] (-) TimerEvent: {}
[398.483713] (-) TimerEvent: {}
[398.585250] (-) TimerEvent: {}
[398.686733] (-) TimerEvent: {}
[398.788399] (-) TimerEvent: {}
[398.890025] (-) TimerEvent: {}
[398.991707] (-) TimerEvent: {}
[399.093141] (-) TimerEvent: {}
[399.194681] (-) TimerEvent: {}
[399.296293] (-) TimerEvent: {}
[399.397827] (-) TimerEvent: {}
[399.499643] (-) TimerEvent: {}
[399.601645] (-) TimerEvent: {}
[399.703225] (-) TimerEvent: {}
[399.804787] (-) TimerEvent: {}
[399.906175] (-) TimerEvent: {}
[400.007592] (-) TimerEvent: {}
[400.108933] (-) TimerEvent: {}
[400.210662] (-) TimerEvent: {}
[400.312755] (-) TimerEvent: {}
[400.414405] (-) TimerEvent: {}
[400.516060] (-) TimerEvent: {}
[400.617285] (-) TimerEvent: {}
[400.718632] (-) TimerEvent: {}
[400.819997] (-) TimerEvent: {}
[400.921484] (-) TimerEvent: {}
[401.023438] (-) TimerEvent: {}
[401.125109] (-) TimerEvent: {}
[401.226706] (-) TimerEvent: {}
[401.328403] (-) TimerEvent: {}
[401.430131] (-) TimerEvent: {}
[401.531852] (-) TimerEvent: {}
[401.633200] (-) TimerEvent: {}
[401.734997] (-) TimerEvent: {}
[401.836775] (-) TimerEvent: {}
[401.938435] (-) TimerEvent: {}
[402.040364] (-) TimerEvent: {}
[402.141996] (-) TimerEvent: {}
[402.243832] (-) TimerEvent: {}
[402.345439] (-) TimerEvent: {}
[402.446885] (-) TimerEvent: {}
[402.548161] (-) TimerEvent: {}
[402.650171] (-) TimerEvent: {}
[402.751950] (-) TimerEvent: {}
[402.854394] (-) TimerEvent: {}
[402.955952] (-) TimerEvent: {}
[403.057750] (-) TimerEvent: {}
[403.159504] (-) TimerEvent: {}
[403.261827] (-) TimerEvent: {}
[403.364330] (-) TimerEvent: {}
[403.465638] (-) TimerEvent: {}
[403.567274] (-) TimerEvent: {}
[403.668786] (-) TimerEvent: {}
[403.770563] (-) TimerEvent: {}
[403.871935] (-) TimerEvent: {}
[403.974101] (-) TimerEvent: {}
[404.075833] (-) TimerEvent: {}
[404.177090] (-) TimerEvent: {}
[404.278683] (-) TimerEvent: {}
[404.380268] (-) TimerEvent: {}
[404.482261] (-) TimerEvent: {}
[404.584380] (-) TimerEvent: {}
[404.685656] (-) TimerEvent: {}
[404.787167] (-) TimerEvent: {}
[404.888686] (-) TimerEvent: {}
[404.990057] (-) TimerEvent: {}
[405.091837] (-) TimerEvent: {}
[405.194136] (-) TimerEvent: {}
[405.296461] (-) TimerEvent: {}
[405.397940] (-) TimerEvent: {}
[405.500277] (-) TimerEvent: {}
[405.603135] (-) TimerEvent: {}
[405.704738] (-) TimerEvent: {}
[405.806184] (-) TimerEvent: {}
[405.907998] (-) TimerEvent: {}
[406.009837] (-) TimerEvent: {}
[406.111569] (-) TimerEvent: {}
[406.213248] (-) TimerEvent: {}
[406.316358] (-) TimerEvent: {}
[406.418028] (-) TimerEvent: {}
[406.519648] (-) TimerEvent: {}
[406.621160] (-) TimerEvent: {}
[406.722721] (-) TimerEvent: {}
[406.824330] (-) TimerEvent: {}
[406.926235] (-) TimerEvent: {}
[407.028262] (-) TimerEvent: {}
[407.130996] (-) TimerEvent: {}
[407.232395] (-) TimerEvent: {}
[407.333844] (-) TimerEvent: {}
[407.435391] (-) TimerEvent: {}
[407.537005] (-) TimerEvent: {}
[407.638818] (-) TimerEvent: {}
[407.740200] (-) TimerEvent: {}
[407.841644] (-) TimerEvent: {}
[407.943273] (-) TimerEvent: {}
[408.044685] (-) TimerEvent: {}
[408.146024] (-) TimerEvent: {}
[408.247611] (-) TimerEvent: {}
[408.349260] (-) TimerEvent: {}
[408.450862] (-) TimerEvent: {}
[408.552210] (-) TimerEvent: {}
[408.653858] (-) TimerEvent: {}
[408.755591] (-) TimerEvent: {}
[408.857305] (-) TimerEvent: {}
[408.959126] (-) TimerEvent: {}
[409.060600] (-) TimerEvent: {}
[409.162213] (-) TimerEvent: {}
[409.264250] (-) TimerEvent: {}
[409.366750] (-) TimerEvent: {}
[409.468699] (-) TimerEvent: {}
[409.570553] (-) TimerEvent: {}
[409.672702] (-) TimerEvent: {}
[409.774244] (-) TimerEvent: {}
[409.875871] (-) TimerEvent: {}
[409.977412] (-) TimerEvent: {}
[410.079032] (-) TimerEvent: {}
[410.180446] (-) TimerEvent: {}
[410.281943] (-) TimerEvent: {}
[410.383600] (-) TimerEvent: {}
[410.485120] (-) TimerEvent: {}
[410.586766] (-) TimerEvent: {}
[410.688295] (-) TimerEvent: {}
[410.789769] (-) TimerEvent: {}
[410.891616] (-) TimerEvent: {}
[410.993260] (-) TimerEvent: {}
[411.094819] (-) TimerEvent: {}
[411.196465] (-) TimerEvent: {}
[411.297977] (-) TimerEvent: {}
[411.399516] (-) TimerEvent: {}
[411.500997] (-) TimerEvent: {}
[411.602688] (-) TimerEvent: {}
[411.704494] (-) TimerEvent: {}
[411.806071] (-) TimerEvent: {}
[411.909550] (-) TimerEvent: {}
[412.011476] (-) TimerEvent: {}
[412.113002] (-) TimerEvent: {}
[412.214989] (-) TimerEvent: {}
[412.317468] (-) TimerEvent: {}
[412.420275] (-) TimerEvent: {}
[412.522717] (-) TimerEvent: {}
[412.624031] (-) TimerEvent: {}
[412.725607] (-) TimerEvent: {}
[412.827236] (-) TimerEvent: {}
[412.928905] (-) TimerEvent: {}
[413.030560] (-) TimerEvent: {}
[413.132223] (-) TimerEvent: {}
[413.233505] (-) TimerEvent: {}
[413.335046] (-) TimerEvent: {}
[413.436271] (-) TimerEvent: {}
[413.538381] (-) TimerEvent: {}
[413.640765] (-) TimerEvent: {}
[413.742360] (-) TimerEvent: {}
[413.843875] (-) TimerEvent: {}
[413.945344] (-) TimerEvent: {}
[414.047110] (-) TimerEvent: {}
[414.148747] (-) TimerEvent: {}
[414.250634] (-) TimerEvent: {}
[414.352276] (-) TimerEvent: {}
[414.453730] (-) TimerEvent: {}
[414.555280] (-) TimerEvent: {}
[414.656870] (-) TimerEvent: {}
[414.758872] (-) TimerEvent: {}
[414.860305] (-) TimerEvent: {}
[414.961983] (-) TimerEvent: {}
[415.064551] (-) TimerEvent: {}
[415.165886] (-) TimerEvent: {}
[415.267376] (-) TimerEvent: {}
[415.368825] (-) TimerEvent: {}
[415.470348] (-) TimerEvent: {}
[415.571918] (-) TimerEvent: {}
[415.673441] (-) TimerEvent: {}
[415.775029] (-) TimerEvent: {}
[415.876521] (-) TimerEvent: {}
[415.978014] (-) TimerEvent: {}
[416.079535] (-) TimerEvent: {}
[416.180987] (-) TimerEvent: {}
[416.282853] (-) TimerEvent: {}
[416.385402] (-) TimerEvent: {}
[416.487137] (-) TimerEvent: {}
[416.591015] (-) TimerEvent: {}
[416.693171] (-) TimerEvent: {}
[416.794651] (-) TimerEvent: {}
[416.896063] (-) TimerEvent: {}
[416.998059] (-) TimerEvent: {}
[417.100356] (-) TimerEvent: {}
[417.201651] (-) TimerEvent: {}
[417.303073] (-) TimerEvent: {}
[417.404329] (-) TimerEvent: {}
[417.506080] (-) TimerEvent: {}
[417.607732] (-) TimerEvent: {}
[417.709603] (-) TimerEvent: {}
[417.811700] (-) TimerEvent: {}
[417.913892] (-) TimerEvent: {}
[418.015439] (-) TimerEvent: {}
[418.116997] (-) TimerEvent: {}
[418.219287] (-) TimerEvent: {}
[418.321050] (-) TimerEvent: {}
[418.422671] (-) TimerEvent: {}
[418.524453] (-) TimerEvent: {}
[418.626146] (-) TimerEvent: {}
[418.727768] (-) TimerEvent: {}
[418.829500] (-) TimerEvent: {}
[418.931322] (-) TimerEvent: {}
[419.033016] (-) TimerEvent: {}
[419.134773] (-) TimerEvent: {}
[419.236381] (-) TimerEvent: {}
[419.337932] (-) TimerEvent: {}
[419.439594] (-) TimerEvent: {}
[419.542528] (-) TimerEvent: {}
[419.644188] (-) TimerEvent: {}
[419.746982] (-) TimerEvent: {}
[419.848502] (-) TimerEvent: {}
[419.949902] (-) TimerEvent: {}
[420.051288] (-) TimerEvent: {}
[420.169916] (-) TimerEvent: {}
[420.271908] (-) TimerEvent: {}
[420.373877] (-) TimerEvent: {}
[420.475384] (-) TimerEvent: {}
[420.579005] (-) TimerEvent: {}
[420.680668] (-) TimerEvent: {}
[420.782827] (-) TimerEvent: {}
[420.885556] (-) TimerEvent: {}
[420.988509] (-) TimerEvent: {}
[421.090500] (-) TimerEvent: {}
[421.192060] (-) TimerEvent: {}
[421.294891] (-) TimerEvent: {}
[421.397319] (-) TimerEvent: {}
[421.499516] (-) TimerEvent: {}
[421.601412] (-) TimerEvent: {}
[421.703177] (-) TimerEvent: {}
[421.804726] (-) TimerEvent: {}
[421.906091] (-) TimerEvent: {}
[422.007738] (-) TimerEvent: {}
[422.109626] (-) TimerEvent: {}
[422.213127] (-) TimerEvent: {}
[422.314860] (-) TimerEvent: {}
[422.837592] (-) TimerEvent: {}
[422.939423] (-) TimerEvent: {}
[423.055127] (-) TimerEvent: {}
[423.190316] (-) TimerEvent: {}
[423.291992] (-) TimerEvent: {}
[423.393586] (-) TimerEvent: {}
[423.495645] (-) TimerEvent: {}
[423.597912] (-) TimerEvent: {}
[423.700420] (-) TimerEvent: {}
[423.802429] (-) TimerEvent: {}
[423.905878] (-) TimerEvent: {}
[424.007342] (-) TimerEvent: {}
[424.109008] (-) TimerEvent: {}
[424.210377] (-) TimerEvent: {}
[424.312258] (-) TimerEvent: {}
[424.413555] (-) TimerEvent: {}
[424.515094] (-) TimerEvent: {}
[424.616488] (-) TimerEvent: {}
[424.717870] (-) TimerEvent: {}
[424.819403] (-) TimerEvent: {}
[424.920732] (-) TimerEvent: {}
[425.021974] (-) TimerEvent: {}
[425.123754] (-) TimerEvent: {}
[425.225260] (-) TimerEvent: {}
[425.326973] (-) TimerEvent: {}
[425.428612] (-) TimerEvent: {}
[425.529903] (-) TimerEvent: {}
[425.632028] (-) TimerEvent: {}
[425.733987] (-) TimerEvent: {}
[425.836136] (-) TimerEvent: {}
[425.937784] (-) TimerEvent: {}
[426.040040] (-) TimerEvent: {}
[426.142779] (-) TimerEvent: {}
[426.244386] (-) TimerEvent: {}
[426.345849] (-) TimerEvent: {}
[426.447703] (-) TimerEvent: {}
[426.549470] (-) TimerEvent: {}
[426.651045] (-) TimerEvent: {}
[426.753207] (-) TimerEvent: {}
[426.854682] (-) TimerEvent: {}
[426.956363] (-) TimerEvent: {}
[427.058126] (-) TimerEvent: {}
[427.160050] (-) TimerEvent: {}
[427.261762] (-) TimerEvent: {}
[427.363547] (-) TimerEvent: {}
[427.465392] (-) TimerEvent: {}
[427.566983] (-) TimerEvent: {}
[427.668382] (-) TimerEvent: {}
[427.769863] (-) TimerEvent: {}
[427.871253] (-) TimerEvent: {}
[427.972719] (-) TimerEvent: {}
[428.074004] (-) TimerEvent: {}
[428.175591] (-) TimerEvent: {}
[428.277230] (-) TimerEvent: {}
[428.378765] (-) TimerEvent: {}
[428.480207] (-) TimerEvent: {}
[428.581932] (-) TimerEvent: {}
[428.683533] (-) TimerEvent: {}
[428.784771] (-) TimerEvent: {}
[428.886344] (-) TimerEvent: {}
[428.988046] (-) TimerEvent: {}
[429.089502] (-) TimerEvent: {}
[429.190781] (-) TimerEvent: {}
[429.292350] (-) TimerEvent: {}
[429.393996] (-) TimerEvent: {}
[429.495755] (-) TimerEvent: {}
[429.598079] (-) TimerEvent: {}
[429.699781] (-) TimerEvent: {}
[429.802607] (-) TimerEvent: {}
[429.904614] (-) TimerEvent: {}
[430.006375] (-) TimerEvent: {}
[430.108585] (-) TimerEvent: {}
[430.210609] (-) TimerEvent: {}
[430.312531] (-) TimerEvent: {}
[430.415650] (-) TimerEvent: {}
[430.517322] (-) TimerEvent: {}
[430.618967] (-) TimerEvent: {}
[430.720448] (-) TimerEvent: {}
[430.822065] (-) TimerEvent: {}
[430.923693] (-) TimerEvent: {}
[431.025099] (-) TimerEvent: {}
[431.126695] (-) TimerEvent: {}
[431.228791] (-) TimerEvent: {}
[431.330502] (-) TimerEvent: {}
[431.432153] (-) TimerEvent: {}
[431.533715] (-) TimerEvent: {}
[431.635952] (-) TimerEvent: {}
[431.737539] (-) TimerEvent: {}
[431.839118] (-) TimerEvent: {}
[431.940637] (-) TimerEvent: {}
[432.042144] (-) TimerEvent: {}
[432.143725] (-) TimerEvent: {}
[432.245112] (-) TimerEvent: {}
[432.346662] (-) TimerEvent: {}
[432.448054] (-) TimerEvent: {}
[432.549748] (-) TimerEvent: {}
[432.651375] (-) TimerEvent: {}
[432.752734] (-) TimerEvent: {}
[432.854520] (-) TimerEvent: {}
[432.955934] (-) TimerEvent: {}
[433.057951] (-) TimerEvent: {}
[433.159657] (-) TimerEvent: {}
[433.261816] (-) TimerEvent: {}
[433.363296] (-) TimerEvent: {}
[433.464545] (-) TimerEvent: {}
[433.565902] (-) TimerEvent: {}
[433.667904] (-) TimerEvent: {}
[433.769391] (-) TimerEvent: {}
[433.870784] (-) TimerEvent: {}
[433.972247] (-) TimerEvent: {}
[434.073715] (-) TimerEvent: {}
[434.175311] (-) TimerEvent: {}
[434.277281] (-) TimerEvent: {}
[434.378894] (-) TimerEvent: {}
[434.480237] (-) TimerEvent: {}
[434.581634] (-) TimerEvent: {}
[434.683804] (-) TimerEvent: {}
[434.785515] (-) TimerEvent: {}
[434.887067] (-) TimerEvent: {}
[434.988954] (-) TimerEvent: {}
[435.090812] (-) TimerEvent: {}
[435.192252] (-) TimerEvent: {}
[435.294006] (-) TimerEvent: {}
[435.396163] (-) TimerEvent: {}
[435.498770] (-) TimerEvent: {}
[435.600124] (-) TimerEvent: {}
[435.701957] (-) TimerEvent: {}
[435.804606] (-) TimerEvent: {}
[435.907666] (-) TimerEvent: {}
[436.009337] (-) TimerEvent: {}
[436.111075] (-) TimerEvent: {}
[436.212861] (-) TimerEvent: {}
[436.314507] (-) TimerEvent: {}
[436.415966] (-) TimerEvent: {}
[436.517661] (-) TimerEvent: {}
[436.619473] (-) TimerEvent: {}
[436.721369] (-) TimerEvent: {}
[436.823780] (-) TimerEvent: {}
[436.925872] (-) TimerEvent: {}
[437.027185] (-) TimerEvent: {}
[437.128816] (-) TimerEvent: {}
[437.230435] (-) TimerEvent: {}
[437.331977] (-) TimerEvent: {}
[437.433624] (-) TimerEvent: {}
[437.535271] (-) TimerEvent: {}
[437.636849] (-) TimerEvent: {}
[437.738353] (-) TimerEvent: {}
[437.840142] (-) TimerEvent: {}
[437.942235] (-) TimerEvent: {}
[438.043508] (-) TimerEvent: {}
[438.145166] (-) TimerEvent: {}
[438.246823] (-) TimerEvent: {}
[438.348536] (-) TimerEvent: {}
[438.450092] (-) TimerEvent: {}
[438.551789] (-) TimerEvent: {}
[438.653532] (-) TimerEvent: {}
[438.755356] (-) TimerEvent: {}
[438.857077] (-) TimerEvent: {}
[438.959381] (-) TimerEvent: {}
[439.060646] (-) TimerEvent: {}
[439.162441] (-) TimerEvent: {}
[439.264064] (-) TimerEvent: {}
[439.365562] (-) TimerEvent: {}
[439.467422] (-) TimerEvent: {}
[439.568871] (-) TimerEvent: {}
[439.670506] (-) TimerEvent: {}
[439.772060] (-) TimerEvent: {}
[439.873662] (-) TimerEvent: {}
[439.975178] (-) TimerEvent: {}
[440.626549] (-) TimerEvent: {}
[440.728160] (-) TimerEvent: {}
[440.829665] (-) TimerEvent: {}
[440.931160] (-) TimerEvent: {}
[441.032654] (-) TimerEvent: {}
[441.134395] (-) TimerEvent: {}
[441.237047] (-) TimerEvent: {}
[441.339418] (-) TimerEvent: {}
[441.441003] (-) TimerEvent: {}
[441.542407] (-) TimerEvent: {}
[441.643798] (-) TimerEvent: {}
[441.745292] (-) TimerEvent: {}
[441.847065] (-) TimerEvent: {}
[441.949239] (-) TimerEvent: {}
[442.050849] (-) TimerEvent: {}
[442.153683] (-) TimerEvent: {}
[442.255714] (-) TimerEvent: {}
[442.357259] (-) TimerEvent: {}
[442.458821] (-) TimerEvent: {}
[442.560738] (-) TimerEvent: {}
[442.662429] (-) TimerEvent: {}
[442.764172] (-) TimerEvent: {}
[442.865713] (-) TimerEvent: {}
[442.967484] (-) TimerEvent: {}
[443.068913] (-) TimerEvent: {}
[443.170765] (-) TimerEvent: {}
[443.272204] (-) TimerEvent: {}
[443.373879] (-) TimerEvent: {}
[443.475660] (-) TimerEvent: {}
[443.577493] (-) TimerEvent: {}
[443.679822] (-) TimerEvent: {}
[443.781612] (-) TimerEvent: {}
[443.884415] (-) TimerEvent: {}
[443.986114] (-) TimerEvent: {}
[444.087886] (-) TimerEvent: {}
[444.190528] (-) TimerEvent: {}
[444.293052] (-) TimerEvent: {}
[444.394700] (-) TimerEvent: {}
[444.495882] (-) TimerEvent: {}
[444.597392] (-) TimerEvent: {}
[444.699512] (-) TimerEvent: {}
[444.801040] (-) TimerEvent: {}
[444.902689] (-) TimerEvent: {}
[445.004207] (-) TimerEvent: {}
[445.105866] (-) TimerEvent: {}
[445.207814] (-) TimerEvent: {}
[445.309087] (-) TimerEvent: {}
[445.410880] (-) TimerEvent: {}
[445.512408] (-) TimerEvent: {}
[445.614027] (-) TimerEvent: {}
[445.715900] (-) TimerEvent: {}
[445.817420] (-) TimerEvent: {}
[445.919025] (-) TimerEvent: {}
[446.020551] (-) TimerEvent: {}
[446.122273] (-) TimerEvent: {}
[446.223976] (-) TimerEvent: {}
[446.325687] (-) TimerEvent: {}
[446.428059] (-) TimerEvent: {}
[446.529393] (-) TimerEvent: {}
[446.631132] (-) TimerEvent: {}
[446.733402] (-) TimerEvent: {}
[446.835252] (-) TimerEvent: {}
[446.937089] (-) TimerEvent: {}
[447.038418] (-) TimerEvent: {}
[447.139988] (-) TimerEvent: {}
[447.241661] (-) TimerEvent: {}
[447.343657] (-) TimerEvent: {}
[447.445590] (-) TimerEvent: {}
[447.547200] (-) TimerEvent: {}
[447.648619] (-) TimerEvent: {}
[447.750215] (-) TimerEvent: {}
[447.851812] (-) TimerEvent: {}
[447.953547] (-) TimerEvent: {}
[448.055261] (-) TimerEvent: {}
[448.156885] (-) TimerEvent: {}
[448.258271] (-) TimerEvent: {}
[448.359707] (-) TimerEvent: {}
[448.461136] (-) TimerEvent: {}
[448.562700] (-) TimerEvent: {}
[448.664320] (-) TimerEvent: {}
[448.765760] (-) TimerEvent: {}
[448.867410] (-) TimerEvent: {}
[448.968631] (-) TimerEvent: {}
[449.070344] (-) TimerEvent: {}
[449.172502] (-) TimerEvent: {}
[449.274219] (-) TimerEvent: {}
[449.376382] (-) TimerEvent: {}
[449.478183] (-) TimerEvent: {}
[449.579728] (-) TimerEvent: {}
[449.681286] (-) TimerEvent: {}
[449.783142] (-) TimerEvent: {}
[449.884587] (-) TimerEvent: {}
[449.985993] (-) TimerEvent: {}
[450.087505] (-) TimerEvent: {}
[450.189044] (-) TimerEvent: {}
[450.290591] (-) TimerEvent: {}
[450.392608] (-) TimerEvent: {}
[450.493882] (-) TimerEvent: {}
[450.595790] (-) TimerEvent: {}
[450.697540] (-) TimerEvent: {}
[450.799902] (-) TimerEvent: {}
[450.901838] (-) TimerEvent: {}
[451.003778] (-) TimerEvent: {}
[451.105060] (-) TimerEvent: {}
[451.206721] (-) TimerEvent: {}
[451.308268] (-) TimerEvent: {}
[451.410637] (-) TimerEvent: {}
[451.512125] (-) TimerEvent: {}
[451.613755] (-) TimerEvent: {}
[451.715553] (-) TimerEvent: {}
[451.816984] (-) TimerEvent: {}
[451.918148] (-) TimerEvent: {}
[452.019755] (-) TimerEvent: {}
[452.121268] (-) TimerEvent: {}
[452.222946] (-) TimerEvent: {}
[452.324124] (-) TimerEvent: {}
[452.425627] (-) TimerEvent: {}
[452.527233] (-) TimerEvent: {}
[452.628465] (-) TimerEvent: {}
[452.729668] (-) TimerEvent: {}
[452.831146] (-) TimerEvent: {}
[452.933010] (-) TimerEvent: {}
[453.035661] (-) TimerEvent: {}
[453.137544] (-) TimerEvent: {}
[453.239408] (-) TimerEvent: {}
[453.353377] (-) TimerEvent: {}
[453.484498] (-) TimerEvent: {}
[453.601249] (-) TimerEvent: {}
[453.702927] (-) TimerEvent: {}
[453.805131] (-) TimerEvent: {}
[453.906485] (-) TimerEvent: {}
[454.007620] (-) TimerEvent: {}
[454.108753] (-) TimerEvent: {}
[454.210155] (-) TimerEvent: {}
[454.311463] (-) TimerEvent: {}
[454.413064] (-) TimerEvent: {}
[454.514643] (-) TimerEvent: {}
[454.616257] (-) TimerEvent: {}
[454.718038] (-) TimerEvent: {}
[454.819644] (-) TimerEvent: {}
[454.921268] (-) TimerEvent: {}
[455.022848] (-) TimerEvent: {}
[455.124593] (-) TimerEvent: {}
[455.226318] (-) TimerEvent: {}
[455.327959] (-) TimerEvent: {}
[455.429435] (-) TimerEvent: {}
[455.531350] (-) TimerEvent: {}
[455.632881] (-) TimerEvent: {}
[455.734265] (-) TimerEvent: {}
[455.835711] (-) TimerEvent: {}
[455.937823] (-) TimerEvent: {}
[456.038996] (-) TimerEvent: {}
[456.140490] (-) TimerEvent: {}
[456.242088] (-) TimerEvent: {}
[456.343506] (-) TimerEvent: {}
[456.445395] (-) TimerEvent: {}
[456.547151] (-) TimerEvent: {}
[456.648638] (-) TimerEvent: {}
[456.750826] (-) TimerEvent: {}
[456.852710] (-) TimerEvent: {}
[456.954932] (-) TimerEvent: {}
[457.056464] (-) TimerEvent: {}
[457.157857] (-) TimerEvent: {}
[457.259430] (-) TimerEvent: {}
[457.361278] (-) TimerEvent: {}
[457.463644] (-) TimerEvent: {}
[457.566290] (-) TimerEvent: {}
[457.667863] (-) TimerEvent: {}
[457.769423] (-) TimerEvent: {}
[457.871285] (-) TimerEvent: {}
[457.972740] (-) TimerEvent: {}
[458.074209] (-) TimerEvent: {}
[458.175755] (-) TimerEvent: {}
[458.277264] (-) TimerEvent: {}
[458.378787] (-) TimerEvent: {}
[458.480342] (-) TimerEvent: {}
[458.581875] (-) TimerEvent: {}
[458.684219] (-) TimerEvent: {}
[458.785627] (-) TimerEvent: {}
[458.887126] (-) TimerEvent: {}
[458.988647] (-) TimerEvent: {}
[459.090291] (-) TimerEvent: {}
[459.191884] (-) TimerEvent: {}
[459.293350] (-) TimerEvent: {}
[459.394955] (-) TimerEvent: {}
[459.496569] (-) TimerEvent: {}
[459.598038] (-) TimerEvent: {}
[459.700003] (-) TimerEvent: {}
[459.801519] (-) TimerEvent: {}
[459.902944] (-) TimerEvent: {}
[460.004502] (-) TimerEvent: {}
[460.106142] (-) TimerEvent: {}
[460.207734] (-) TimerEvent: {}
[460.309333] (-) TimerEvent: {}
[460.410803] (-) TimerEvent: {}
[460.512252] (-) TimerEvent: {}
[460.613752] (-) TimerEvent: {}
[460.715111] (-) TimerEvent: {}
[460.816708] (-) TimerEvent: {}
[460.918417] (-) TimerEvent: {}
[461.020068] (-) TimerEvent: {}
[461.121743] (-) TimerEvent: {}
[461.223265] (-) TimerEvent: {}
[461.324679] (-) TimerEvent: {}
[461.426269] (-) TimerEvent: {}
[461.528254] (-) TimerEvent: {}
[461.629762] (-) TimerEvent: {}
[461.731267] (-) TimerEvent: {}
[461.832953] (-) TimerEvent: {}
[461.935630] (-) TimerEvent: {}
[462.037879] (-) TimerEvent: {}
[462.140410] (-) TimerEvent: {}
[462.242732] (-) TimerEvent: {}
[462.344234] (-) TimerEvent: {}
[462.445722] (-) TimerEvent: {}
[462.547722] (-) TimerEvent: {}
[462.649517] (-) TimerEvent: {}
[462.751273] (-) TimerEvent: {}
[462.852936] (-) TimerEvent: {}
[462.954755] (-) TimerEvent: {}
[463.056502] (-) TimerEvent: {}
[463.158256] (-) TimerEvent: {}
[463.259943] (-) TimerEvent: {}
[463.361364] (-) TimerEvent: {}
[463.463453] (-) TimerEvent: {}
[463.565055] (-) TimerEvent: {}
[463.666636] (-) TimerEvent: {}
[463.768429] (-) TimerEvent: {}
[463.870514] (-) TimerEvent: {}
[463.972569] (-) TimerEvent: {}
[464.074508] (-) TimerEvent: {}
[464.175957] (-) TimerEvent: {}
[464.277380] (-) TimerEvent: {}
[464.378935] (-) TimerEvent: {}
[464.480501] (-) TimerEvent: {}
[464.581990] (-) TimerEvent: {}
[464.683622] (-) TimerEvent: {}
[464.785200] (-) TimerEvent: {}
[464.886689] (-) TimerEvent: {}
[464.988415] (-) TimerEvent: {}
[465.089875] (-) TimerEvent: {}
[465.192068] (-) TimerEvent: {}
[465.293404] (-) TimerEvent: {}
[465.394975] (-) TimerEvent: {}
[465.496853] (-) TimerEvent: {}
[465.598712] (-) TimerEvent: {}
[465.700490] (-) TimerEvent: {}
[465.802144] (-) TimerEvent: {}
[465.903624] (-) TimerEvent: {}
[466.005278] (-) TimerEvent: {}
[466.107151] (-) TimerEvent: {}
[466.208779] (-) TimerEvent: {}
[466.310248] (-) TimerEvent: {}
[466.411923] (-) TimerEvent: {}
[466.513270] (-) TimerEvent: {}
[466.615107] (-) TimerEvent: {}
[466.716767] (-) TimerEvent: {}
[466.818535] (-) TimerEvent: {}
[466.920280] (-) TimerEvent: {}
[467.021775] (-) TimerEvent: {}
[467.123730] (-) TimerEvent: {}
[467.225284] (-) TimerEvent: {}
[467.326938] (-) TimerEvent: {}
[467.429468] (-) TimerEvent: {}
[467.530877] (-) TimerEvent: {}
[467.632399] (-) TimerEvent: {}
[467.734604] (-) TimerEvent: {}
[467.836342] (-) TimerEvent: {}
[467.938520] (-) TimerEvent: {}
[468.040152] (-) TimerEvent: {}
[468.141734] (-) TimerEvent: {}
[468.243489] (-) TimerEvent: {}
[468.345811] (-) TimerEvent: {}
[468.447630] (-) TimerEvent: {}
[468.549753] (-) TimerEvent: {}
[468.652047] (-) TimerEvent: {}
[468.753657] (-) TimerEvent: {}
[468.855522] (-) TimerEvent: {}
[468.957378] (-) TimerEvent: {}
[469.059212] (-) TimerEvent: {}
[469.160676] (-) TimerEvent: {}
[469.262131] (-) TimerEvent: {}
[469.363620] (-) TimerEvent: {}
[469.465280] (-) TimerEvent: {}
[469.567688] (-) TimerEvent: {}
[469.669631] (-) TimerEvent: {}
[469.771568] (-) TimerEvent: {}
[469.873200] (-) TimerEvent: {}
[469.974950] (-) TimerEvent: {}
[470.076444] (-) TimerEvent: {}
[470.178061] (-) TimerEvent: {}
[470.280299] (-) TimerEvent: {}
[470.382434] (-) TimerEvent: {}
[470.485029] (-) TimerEvent: {}
[470.586793] (-) TimerEvent: {}
[470.688330] (-) TimerEvent: {}
[470.789733] (-) TimerEvent: {}
[470.891356] (-) TimerEvent: {}
[470.992975] (-) TimerEvent: {}
[471.094594] (-) TimerEvent: {}
[471.196380] (-) TimerEvent: {}
[471.297953] (-) TimerEvent: {}
[472.036820] (-) TimerEvent: {}
[472.138397] (-) TimerEvent: {}
[472.239900] (-) TimerEvent: {}
[472.341222] (-) TimerEvent: {}
[472.442680] (-) TimerEvent: {}
[472.544202] (-) TimerEvent: {}
[472.645767] (-) TimerEvent: {}
[472.747306] (-) TimerEvent: {}
[472.848862] (-) TimerEvent: {}
[472.950408] (-) TimerEvent: {}
[473.051879] (-) TimerEvent: {}
[473.153371] (-) TimerEvent: {}
[473.255110] (-) TimerEvent: {}
[473.356706] (-) TimerEvent: {}
[473.458362] (-) TimerEvent: {}
[473.560887] (-) TimerEvent: {}
[473.663875] (-) TimerEvent: {}
[473.766343] (-) TimerEvent: {}
[473.867973] (-) TimerEvent: {}
[473.969506] (-) TimerEvent: {}
[474.071011] (-) TimerEvent: {}
[474.172610] (-) TimerEvent: {}
[474.274002] (-) TimerEvent: {}
[474.375583] (-) TimerEvent: {}
[474.477151] (-) TimerEvent: {}
[474.578738] (-) TimerEvent: {}
[474.680507] (-) TimerEvent: {}
[474.782621] (-) TimerEvent: {}
[474.885195] (-) TimerEvent: {}
[474.987621] (-) TimerEvent: {}
[475.089158] (-) TimerEvent: {}
[475.190812] (-) TimerEvent: {}
[475.292322] (-) TimerEvent: {}
[475.393871] (-) TimerEvent: {}
[475.496408] (-) TimerEvent: {}
[475.598339] (-) TimerEvent: {}
[475.699901] (-) TimerEvent: {}
[475.801572] (-) TimerEvent: {}
[475.903087] (-) TimerEvent: {}
[476.004508] (-) TimerEvent: {}
[476.106026] (-) TimerEvent: {}
[476.207820] (-) TimerEvent: {}
[476.309382] (-) TimerEvent: {}
[476.411159] (-) TimerEvent: {}
[476.512859] (-) TimerEvent: {}
[476.614291] (-) TimerEvent: {}
[476.715823] (-) TimerEvent: {}
[476.817358] (-) TimerEvent: {}
[476.918856] (-) TimerEvent: {}
[477.020657] (-) TimerEvent: {}
[477.122520] (-) TimerEvent: {}
[477.224194] (-) TimerEvent: {}
[477.325747] (-) TimerEvent: {}
[477.573820] (-) TimerEvent: {}
[477.675218] (-) TimerEvent: {}
[477.776886] (-) TimerEvent: {}
[477.878237] (-) TimerEvent: {}
[477.979825] (-) TimerEvent: {}
[478.081591] (-) TimerEvent: {}
[478.183945] (-) TimerEvent: {}
[478.285601] (-) TimerEvent: {}
[478.387828] (-) TimerEvent: {}
[478.489267] (-) TimerEvent: {}
[478.590820] (-) TimerEvent: {}
[478.692315] (-) TimerEvent: {}
[478.793985] (-) TimerEvent: {}
[478.895509] (-) TimerEvent: {}
[478.997009] (-) TimerEvent: {}
[479.098868] (-) TimerEvent: {}
[479.200984] (-) TimerEvent: {}
[479.302815] (-) TimerEvent: {}
[479.404445] (-) TimerEvent: {}
[479.505996] (-) TimerEvent: {}
[479.607193] (-) TimerEvent: {}
[479.709510] (-) TimerEvent: {}
[479.811569] (-) TimerEvent: {}
[479.913937] (-) TimerEvent: {}
[480.015664] (-) TimerEvent: {}
[480.117199] (-) TimerEvent: {}
[480.218801] (-) TimerEvent: {}
[480.320552] (-) TimerEvent: {}
[480.421745] (-) TimerEvent: {}
[480.523505] (-) TimerEvent: {}
[480.624862] (-) TimerEvent: {}
[480.726367] (-) TimerEvent: {}
[480.827805] (-) TimerEvent: {}
[480.929323] (-) TimerEvent: {}
[481.030759] (-) TimerEvent: {}
[481.132259] (-) TimerEvent: {}
[481.233711] (-) TimerEvent: {}
[481.335338] (-) TimerEvent: {}
[481.437592] (-) TimerEvent: {}
[481.538843] (-) TimerEvent: {}
[481.640237] (-) TimerEvent: {}
[481.742069] (-) TimerEvent: {}
[481.843765] (-) TimerEvent: {}
[481.945327] (-) TimerEvent: {}
[482.046945] (-) TimerEvent: {}
[482.148193] (-) TimerEvent: {}
[482.249834] (-) TimerEvent: {}
[482.352530] (-) TimerEvent: {}
[482.455020] (-) TimerEvent: {}
[482.556705] (-) TimerEvent: {}
[482.659112] (-) TimerEvent: {}
[482.760734] (-) TimerEvent: {}
[482.862143] (-) TimerEvent: {}
[482.963678] (-) TimerEvent: {}
[483.065133] (-) TimerEvent: {}
[483.166714] (-) TimerEvent: {}
[483.268138] (-) TimerEvent: {}
[483.369611] (-) TimerEvent: {}
[483.471197] (-) TimerEvent: {}
[483.572659] (-) TimerEvent: {}
[483.678142] (-) TimerEvent: {}
[483.804013] (-) TimerEvent: {}
[483.906883] (-) TimerEvent: {}
[484.010745] (-) TimerEvent: {}
[484.113479] (-) TimerEvent: {}
[484.216132] (-) TimerEvent: {}
[484.317544] (-) TimerEvent: {}
[484.419151] (-) TimerEvent: {}
[484.521038] (-) TimerEvent: {}
[484.622806] (-) TimerEvent: {}
[484.724395] (-) TimerEvent: {}
[484.825756] (-) TimerEvent: {}
[484.927278] (-) TimerEvent: {}
[485.028781] (-) TimerEvent: {}
[485.130238] (-) TimerEvent: {}
[485.231719] (-) TimerEvent: {}
[485.333188] (-) TimerEvent: {}
[485.434766] (-) TimerEvent: {}
[485.536233] (-) TimerEvent: {}
[485.637680] (-) TimerEvent: {}
[485.739248] (-) TimerEvent: {}
[485.840709] (-) TimerEvent: {}
[485.942487] (-) TimerEvent: {}
[486.045260] (-) TimerEvent: {}
[486.148202] (-) TimerEvent: {}
[486.250571] (-) TimerEvent: {}
[486.351742] (-) TimerEvent: {}
[486.453328] (-) TimerEvent: {}
[486.554786] (-) TimerEvent: {}
[486.656268] (-) TimerEvent: {}
[486.757728] (-) TimerEvent: {}
[486.859234] (-) TimerEvent: {}
[486.960675] (-) TimerEvent: {}
[487.062096] (-) TimerEvent: {}
[487.163650] (-) TimerEvent: {}
[487.265237] (-) TimerEvent: {}
[487.561309] (-) TimerEvent: {}
[487.662939] (-) TimerEvent: {}
[487.764587] (-) TimerEvent: {}
[487.866209] (-) TimerEvent: {}
[487.967770] (-) TimerEvent: {}
[488.069272] (-) TimerEvent: {}
[488.170676] (-) TimerEvent: {}
[488.272149] (-) TimerEvent: {}
[488.373662] (-) TimerEvent: {}
[488.475422] (-) TimerEvent: {}
[488.577672] (-) TimerEvent: {}
[488.679104] (-) TimerEvent: {}
[488.780677] (-) TimerEvent: {}
[488.882150] (-) TimerEvent: {}
[488.983556] (-) TimerEvent: {}
[489.085461] (-) TimerEvent: {}
[489.187425] (-) TimerEvent: {}
[489.289216] (-) TimerEvent: {}
[489.390975] (-) TimerEvent: {}
[489.492395] (-) TimerEvent: {}
[489.593927] (-) TimerEvent: {}
[489.695665] (-) TimerEvent: {}
[489.797177] (-) TimerEvent: {}
[489.898750] (-) TimerEvent: {}
[490.000221] (-) TimerEvent: {}
[490.101695] (-) TimerEvent: {}
[490.203145] (-) TimerEvent: {}
[490.304538] (-) TimerEvent: {}
[490.405981] (-) TimerEvent: {}
[490.507402] (-) TimerEvent: {}
[490.608912] (-) TimerEvent: {}
[490.710381] (-) TimerEvent: {}
[490.811867] (-) TimerEvent: {}
[490.913293] (-) TimerEvent: {}
[491.014897] (-) TimerEvent: {}
[491.116450] (-) TimerEvent: {}
[491.217971] (-) TimerEvent: {}
[491.319546] (-) TimerEvent: {}
[491.421333] (-) TimerEvent: {}
[491.523183] (-) TimerEvent: {}
[491.625501] (-) TimerEvent: {}
[491.728163] (-) TimerEvent: {}
[491.829827] (-) TimerEvent: {}
[491.931537] (-) TimerEvent: {}
[492.033441] (-) TimerEvent: {}
[492.135343] (-) TimerEvent: {}
[492.236847] (-) TimerEvent: {}
[492.338334] (-) TimerEvent: {}
[492.439912] (-) TimerEvent: {}
[492.541648] (-) TimerEvent: {}
[492.643979] (-) TimerEvent: {}
[492.745571] (-) TimerEvent: {}
[492.847260] (-) TimerEvent: {}
[492.948817] (-) TimerEvent: {}
[493.050444] (-) TimerEvent: {}
[493.152029] (-) TimerEvent: {}
[493.253778] (-) TimerEvent: {}
[493.355584] (-) TimerEvent: {}
[493.457018] (-) TimerEvent: {}
[493.558510] (-) TimerEvent: {}
[493.660022] (-) TimerEvent: {}
[493.761570] (-) TimerEvent: {}
[493.863494] (-) TimerEvent: {}
[493.965627] (-) TimerEvent: {}
[494.067281] (-) TimerEvent: {}
[494.168674] (-) TimerEvent: {}
[494.270027] (-) TimerEvent: {}
[494.371735] (-) TimerEvent: {}
[494.473059] (-) TimerEvent: {}
[494.574323] (-) TimerEvent: {}
[494.675994] (-) TimerEvent: {}
[494.777307] (-) TimerEvent: {}
[494.878846] (-) TimerEvent: {}
[494.980448] (-) TimerEvent: {}
[495.082281] (-) TimerEvent: {}
[495.184068] (-) TimerEvent: {}
[495.285799] (-) TimerEvent: {}
[495.387382] (-) TimerEvent: {}
[495.489003] (-) TimerEvent: {}
[495.590760] (-) TimerEvent: {}
[495.692372] (-) TimerEvent: {}
[495.794057] (-) TimerEvent: {}
[495.895918] (-) TimerEvent: {}
[495.998536] (-) TimerEvent: {}
[496.100176] (-) TimerEvent: {}
[496.201684] (-) TimerEvent: {}
[496.303118] (-) TimerEvent: {}
[496.404272] (-) TimerEvent: {}
[496.505769] (-) TimerEvent: {}
[496.607694] (-) TimerEvent: {}
[496.709342] (-) TimerEvent: {}
[496.811872] (-) TimerEvent: {}
[496.913286] (-) TimerEvent: {}
[497.014872] (-) TimerEvent: {}
[497.116449] (-) TimerEvent: {}
[497.218627] (-) TimerEvent: {}
[497.321281] (-) TimerEvent: {}
[497.423084] (-) TimerEvent: {}
[497.524401] (-) TimerEvent: {}
[497.625830] (-) TimerEvent: {}
[497.727611] (-) TimerEvent: {}
[497.829340] (-) TimerEvent: {}
[497.931061] (-) TimerEvent: {}
[498.032624] (-) TimerEvent: {}
[498.134249] (-) TimerEvent: {}
[498.236034] (-) TimerEvent: {}
[498.337457] (-) TimerEvent: {}
[498.438694] (-) TimerEvent: {}
[498.540292] (-) TimerEvent: {}
[498.641617] (-) TimerEvent: {}
[498.743181] (-) TimerEvent: {}
[498.845090] (-) TimerEvent: {}
[498.946324] (-) TimerEvent: {}
[499.048200] (-) TimerEvent: {}
[499.149901] (-) TimerEvent: {}
[499.251523] (-) TimerEvent: {}
[499.353130] (-) TimerEvent: {}
[499.454338] (-) TimerEvent: {}
[499.555899] (-) TimerEvent: {}
[499.657404] (-) TimerEvent: {}
[499.759043] (-) TimerEvent: {}
[499.860536] (-) TimerEvent: {}
[499.962269] (-) TimerEvent: {}
[500.065081] (-) TimerEvent: {}
[500.166615] (-) TimerEvent: {}
[500.268117] (-) TimerEvent: {}
[500.369742] (-) TimerEvent: {}
[500.471938] (-) TimerEvent: {}
[500.574076] (-) TimerEvent: {}
[500.675694] (-) TimerEvent: {}
[500.777291] (-) TimerEvent: {}
[500.879089] (-) TimerEvent: {}
[500.980561] (-) TimerEvent: {}
[501.081977] (-) TimerEvent: {}
[501.183564] (-) TimerEvent: {}
[501.285080] (-) TimerEvent: {}
[501.386716] (-) TimerEvent: {}
[501.488222] (-) TimerEvent: {}
[501.589800] (-) TimerEvent: {}
[501.691186] (-) TimerEvent: {}
[501.792965] (-) TimerEvent: {}
[501.895550] (-) TimerEvent: {}
[501.997255] (-) TimerEvent: {}
[502.098825] (-) TimerEvent: {}
[502.200573] (-) TimerEvent: {}
[502.301942] (-) TimerEvent: {}
[502.404120] (-) TimerEvent: {}
[502.507270] (-) TimerEvent: {}
[502.608953] (-) TimerEvent: {}
[502.710690] (-) TimerEvent: {}
[502.812378] (-) TimerEvent: {}
[502.914490] (-) TimerEvent: {}
[503.016340] (-) TimerEvent: {}
[503.118240] (-) TimerEvent: {}
[503.220063] (-) TimerEvent: {}
[503.321533] (-) TimerEvent: {}
[503.423104] (-) TimerEvent: {}
[503.524716] (-) TimerEvent: {}
[503.626156] (-) TimerEvent: {}
[503.727845] (-) TimerEvent: {}
[503.829361] (-) TimerEvent: {}
[503.930928] (-) TimerEvent: {}
[504.032364] (-) TimerEvent: {}
[504.134069] (-) TimerEvent: {}
[504.235860] (-) TimerEvent: {}
[504.338732] (-) TimerEvent: {}
[504.440426] (-) TimerEvent: {}
[504.541778] (-) TimerEvent: {}
[504.643991] (-) TimerEvent: {}
[504.745618] (-) TimerEvent: {}
[504.847251] (-) TimerEvent: {}
[504.949005] (-) TimerEvent: {}
[505.050593] (-) TimerEvent: {}
[505.152034] (-) TimerEvent: {}
[505.253517] (-) TimerEvent: {}
[505.355098] (-) TimerEvent: {}
[505.456880] (-) TimerEvent: {}
[505.558614] (-) TimerEvent: {}
[505.660016] (-) TimerEvent: {}
[505.761350] (-) TimerEvent: {}
[505.863343] (-) TimerEvent: {}
[506.201901] (-) TimerEvent: {}
[506.303600] (-) TimerEvent: {}
[506.405099] (-) TimerEvent: {}
[506.506768] (-) TimerEvent: {}
[506.608457] (-) TimerEvent: {}
[506.710020] (-) TimerEvent: {}
[506.811690] (-) TimerEvent: {}
[506.913078] (-) TimerEvent: {}
[507.014596] (-) TimerEvent: {}
[507.115941] (-) TimerEvent: {}
[507.217640] (-) TimerEvent: {}
[507.319244] (-) TimerEvent: {}
[507.420410] (-) TimerEvent: {}
[507.522117] (-) TimerEvent: {}
[507.623969] (-) TimerEvent: {}
[507.725490] (-) TimerEvent: {}
[507.827167] (-) TimerEvent: {}
[507.928561] (-) TimerEvent: {}
[508.030068] (-) TimerEvent: {}
[508.131627] (-) TimerEvent: {}
[508.233085] (-) TimerEvent: {}
[508.334587] (-) TimerEvent: {}
[508.435897] (-) TimerEvent: {}
[508.537337] (-) TimerEvent: {}
[508.638905] (-) TimerEvent: {}
[508.740361] (-) TimerEvent: {}
[508.841867] (-) TimerEvent: {}
[508.943747] (-) TimerEvent: {}
[509.046228] (-) TimerEvent: {}
[509.148353] (-) TimerEvent: {}
[509.249796] (-) TimerEvent: {}
[509.351243] (-) TimerEvent: {}
[509.453028] (-) TimerEvent: {}
[509.554734] (-) TimerEvent: {}
[509.656395] (-) TimerEvent: {}
[509.757855] (-) TimerEvent: {}
[509.859493] (-) TimerEvent: {}
[509.960990] (-) TimerEvent: {}
[510.062620] (-) TimerEvent: {}
[510.164852] (-) TimerEvent: {}
[510.266745] (-) TimerEvent: {}
[510.368193] (-) TimerEvent: {}
[510.469769] (-) TimerEvent: {}
[510.572149] (-) TimerEvent: {}
[510.673830] (-) TimerEvent: {}
[510.776578] (-) TimerEvent: {}
[510.878954] (-) TimerEvent: {}
[510.980612] (-) TimerEvent: {}
[511.082161] (-) TimerEvent: {}
[511.184688] (-) TimerEvent: {}
[511.287067] (-) TimerEvent: {}
[511.389567] (-) TimerEvent: {}
[511.491293] (-) TimerEvent: {}
[511.592971] (-) TimerEvent: {}
[511.694689] (-) TimerEvent: {}
[511.796195] (-) TimerEvent: {}
[511.897969] (-) TimerEvent: {}
[511.999415] (-) TimerEvent: {}
[512.101021] (-) TimerEvent: {}
[512.202519] (-) TimerEvent: {}
[512.304000] (-) TimerEvent: {}
[512.405434] (-) TimerEvent: {}
[512.506973] (-) TimerEvent: {}
[512.608751] (-) TimerEvent: {}
[512.710759] (-) TimerEvent: {}
[512.812265] (-) TimerEvent: {}
[512.914704] (-) TimerEvent: {}
[513.016328] (-) TimerEvent: {}
[513.118016] (-) TimerEvent: {}
[513.219518] (-) TimerEvent: {}
[513.321105] (-) TimerEvent: {}
[513.423100] (-) TimerEvent: {}
[513.524453] (-) TimerEvent: {}
[513.626020] (-) TimerEvent: {}
[513.727954] (-) TimerEvent: {}
[513.831973] (-) TimerEvent: {}
[514.588521] (-) TimerEvent: {}
[514.705636] (-) TimerEvent: {}
[514.807207] (-) TimerEvent: {}
[514.908801] (-) TimerEvent: {}
[515.010264] (-) TimerEvent: {}
[515.111916] (-) TimerEvent: {}
[515.213674] (-) TimerEvent: {}
[515.316069] (-) TimerEvent: {}
[515.417537] (-) TimerEvent: {}
[515.519038] (-) TimerEvent: {}
[515.620371] (-) TimerEvent: {}
[515.721867] (-) TimerEvent: {}
[515.823138] (-) TimerEvent: {}
[515.924806] (-) TimerEvent: {}
[516.026239] (-) TimerEvent: {}
[516.128284] (-) TimerEvent: {}
[516.230093] (-) TimerEvent: {}
[516.331793] (-) TimerEvent: {}
[516.433220] (-) TimerEvent: {}
[516.534867] (-) TimerEvent: {}
[516.636747] (-) TimerEvent: {}
[516.739472] (-) TimerEvent: {}
[516.840839] (-) TimerEvent: {}
[516.943864] (-) TimerEvent: {}
[517.047346] (-) TimerEvent: {}
[517.149097] (-) TimerEvent: {}
[517.250573] (-) TimerEvent: {}
[517.352093] (-) TimerEvent: {}
[517.453639] (-) TimerEvent: {}
[517.555257] (-) TimerEvent: {}
[517.656578] (-) TimerEvent: {}
[517.758155] (-) TimerEvent: {}
[517.860325] (-) TimerEvent: {}
[517.962802] (-) TimerEvent: {}
[518.064527] (-) TimerEvent: {}
[518.166708] (-) TimerEvent: {}
[518.268612] (-) TimerEvent: {}
[518.370104] (-) TimerEvent: {}
[518.471615] (-) TimerEvent: {}
[518.573248] (-) TimerEvent: {}
[518.675093] (-) TimerEvent: {}
[518.777303] (-) TimerEvent: {}
[518.878932] (-) TimerEvent: {}
[518.980377] (-) TimerEvent: {}
[519.081808] (-) TimerEvent: {}
[519.183454] (-) TimerEvent: {}
[519.284563] (-) TimerEvent: {}
[519.386620] (-) TimerEvent: {}
[519.487941] (-) TimerEvent: {}
[519.589465] (-) TimerEvent: {}
[519.691156] (-) TimerEvent: {}
[519.792944] (-) TimerEvent: {}
[519.894681] (-) TimerEvent: {}
[519.996262] (-) TimerEvent: {}
[520.097771] (-) TimerEvent: {}
[520.199330] (-) TimerEvent: {}
[520.300748] (-) TimerEvent: {}
[520.402088] (-) TimerEvent: {}
[520.503858] (-) TimerEvent: {}
[520.606132] (-) TimerEvent: {}
[520.707870] (-) TimerEvent: {}
[520.809309] (-) TimerEvent: {}
[520.910865] (-) TimerEvent: {}
[521.012415] (-) TimerEvent: {}
[521.113777] (-) TimerEvent: {}
[521.215082] (-) TimerEvent: {}
[521.316758] (-) TimerEvent: {}
[521.418506] (-) TimerEvent: {}
[521.520148] (-) TimerEvent: {}
[521.622380] (-) TimerEvent: {}
[521.723901] (-) TimerEvent: {}
[521.825404] (-) TimerEvent: {}
[521.927078] (-) TimerEvent: {}
[522.031509] (-) TimerEvent: {}
[522.133049] (-) TimerEvent: {}
[522.234551] (-) TimerEvent: {}
[522.336121] (-) TimerEvent: {}
[522.437422] (-) TimerEvent: {}
[522.538976] (-) TimerEvent: {}
[522.640546] (-) TimerEvent: {}
[522.743320] (-) TimerEvent: {}
[522.845465] (-) TimerEvent: {}
[522.946878] (-) TimerEvent: {}
[523.048426] (-) TimerEvent: {}
[523.150075] (-) TimerEvent: {}
[523.251630] (-) TimerEvent: {}
[523.353535] (-) TimerEvent: {}
[523.455130] (-) TimerEvent: {}
[523.556680] (-) TimerEvent: {}
[523.658711] (-) TimerEvent: {}
[523.760234] (-) TimerEvent: {}
[523.861809] (-) TimerEvent: {}
[523.963424] (-) TimerEvent: {}
[524.064794] (-) TimerEvent: {}
[524.166413] (-) TimerEvent: {}
[524.268180] (-) TimerEvent: {}
[524.369921] (-) TimerEvent: {}
[524.471751] (-) TimerEvent: {}
[524.573191] (-) TimerEvent: {}
[524.674793] (-) TimerEvent: {}
[524.776293] (-) TimerEvent: {}
[524.877751] (-) TimerEvent: {}
[524.979345] (-) TimerEvent: {}
[525.081138] (-) TimerEvent: {}
[525.182440] (-) TimerEvent: {}
[525.283831] (-) TimerEvent: {}
[525.385490] (-) TimerEvent: {}
[525.487091] (-) TimerEvent: {}
[525.588681] (-) TimerEvent: {}
[525.690095] (-) TimerEvent: {}
[525.791559] (-) TimerEvent: {}
[525.893365] (-) TimerEvent: {}
[525.995397] (-) TimerEvent: {}
[526.097339] (-) TimerEvent: {}
[526.199768] (-) TimerEvent: {}
[526.301418] (-) TimerEvent: {}
[526.403276] (-) TimerEvent: {}
[526.504826] (-) TimerEvent: {}
[526.606726] (-) TimerEvent: {}
[526.708207] (-) TimerEvent: {}
[526.809898] (-) TimerEvent: {}
[526.911538] (-) TimerEvent: {}
[527.012845] (-) TimerEvent: {}
[527.135537] (-) TimerEvent: {}
[527.237923] (-) TimerEvent: {}
[527.339948] (-) TimerEvent: {}
[527.441431] (-) TimerEvent: {}
[527.543031] (-) TimerEvent: {}
[527.644157] (-) TimerEvent: {}
[527.745667] (-) TimerEvent: {}
[527.848431] (-) TimerEvent: {}
[527.950159] (-) TimerEvent: {}
[528.051888] (-) TimerEvent: {}
[528.153609] (-) TimerEvent: {}
[528.255141] (-) TimerEvent: {}
[528.356720] (-) TimerEvent: {}
[528.458351] (-) TimerEvent: {}
[528.560380] (-) TimerEvent: {}
[528.661925] (-) TimerEvent: {}
[528.763536] (-) TimerEvent: {}
[528.865303] (-) TimerEvent: {}
[528.966931] (-) TimerEvent: {}
[529.068318] (-) TimerEvent: {}
[529.169858] (-) TimerEvent: {}
[529.271495] (-) TimerEvent: {}
[529.373109] (-) TimerEvent: {}
[529.474802] (-) TimerEvent: {}
[529.576960] (-) TimerEvent: {}
[529.678682] (-) TimerEvent: {}
[529.780084] (-) TimerEvent: {}
[529.881616] (-) TimerEvent: {}
[529.983202] (-) TimerEvent: {}
[530.084602] (-) TimerEvent: {}
[530.186116] (-) TimerEvent: {}
[530.288186] (-) TimerEvent: {}
[530.389946] (-) TimerEvent: {}
[530.491608] (-) TimerEvent: {}
[530.593406] (-) TimerEvent: {}
[530.695058] (-) TimerEvent: {}
[530.796443] (-) TimerEvent: {}
[530.898235] (-) TimerEvent: {}
[531.000030] (-) TimerEvent: {}
[531.101626] (-) TimerEvent: {}
[531.203490] (-) TimerEvent: {}
[531.305327] (-) TimerEvent: {}
[531.406983] (-) TimerEvent: {}
[531.508601] (-) TimerEvent: {}
[531.610100] (-) TimerEvent: {}
[531.711699] (-) TimerEvent: {}
[531.813161] (-) TimerEvent: {}
[531.914719] (-) TimerEvent: {}
[532.016557] (-) TimerEvent: {}
[532.118725] (-) TimerEvent: {}
[532.221482] (-) TimerEvent: {}
[532.323009] (-) TimerEvent: {}
[532.424511] (-) TimerEvent: {}
[532.525991] (-) TimerEvent: {}
[532.627769] (-) TimerEvent: {}
[532.729623] (-) TimerEvent: {}
[532.831252] (-) TimerEvent: {}
[532.932896] (-) TimerEvent: {}
[533.034425] (-) TimerEvent: {}
[533.135966] (-) TimerEvent: {}
[533.237320] (-) TimerEvent: {}
[533.339166] (-) TimerEvent: {}
[533.440579] (-) TimerEvent: {}
[533.542177] (-) TimerEvent: {}
[533.644158] (-) TimerEvent: {}
[533.746048] (-) TimerEvent: {}
[533.847609] (-) TimerEvent: {}
[533.948995] (-) TimerEvent: {}
[534.050671] (-) TimerEvent: {}
[534.153530] (-) TimerEvent: {}
[534.255570] (-) TimerEvent: {}
[534.357428] (-) TimerEvent: {}
[534.459071] (-) TimerEvent: {}
[534.560530] (-) TimerEvent: {}
[534.662081] (-) TimerEvent: {}
[534.763657] (-) TimerEvent: {}
[534.865097] (-) TimerEvent: {}
[534.966913] (-) TimerEvent: {}
[535.068474] (-) TimerEvent: {}
[535.170063] (-) TimerEvent: {}
[535.271615] (-) TimerEvent: {}
[535.373334] (-) TimerEvent: {}
[535.476295] (-) TimerEvent: {}
[535.578333] (-) TimerEvent: {}
[535.680677] (-) TimerEvent: {}
[535.782142] (-) TimerEvent: {}
[535.883745] (-) TimerEvent: {}
[535.985143] (-) TimerEvent: {}
[536.086735] (-) TimerEvent: {}
[536.188371] (-) TimerEvent: {}
[536.289678] (-) TimerEvent: {}
[536.391265] (-) TimerEvent: {}
[536.492842] (-) TimerEvent: {}
[536.594121] (-) TimerEvent: {}
[536.695679] (-) TimerEvent: {}
[536.797365] (-) TimerEvent: {}
[536.899579] (-) TimerEvent: {}
[537.000823] (-) TimerEvent: {}
[537.102531] (-) TimerEvent: {}
[537.204316] (-) TimerEvent: {}
[537.306336] (-) TimerEvent: {}
[537.494378] (-) TimerEvent: {}
[537.595857] (-) TimerEvent: {}
[537.697055] (-) TimerEvent: {}
[537.798589] (-) TimerEvent: {}
[537.900494] (-) TimerEvent: {}
[538.004054] (-) TimerEvent: {}
[538.105910] (-) TimerEvent: {}
[538.207596] (-) TimerEvent: {}
[538.309132] (-) TimerEvent: {}
[538.410924] (-) TimerEvent: {}
[538.512345] (-) TimerEvent: {}
[538.613698] (-) TimerEvent: {}
[538.715632] (-) TimerEvent: {}
[538.817318] (-) TimerEvent: {}
[538.919286] (-) TimerEvent: {}
[539.021040] (-) TimerEvent: {}
[539.122788] (-) TimerEvent: {}
[539.224279] (-) TimerEvent: {}
[539.325699] (-) TimerEvent: {}
[539.427237] (-) TimerEvent: {}
[539.528602] (-) TimerEvent: {}
[539.630575] (-) TimerEvent: {}
[539.732247] (-) TimerEvent: {}
[539.834711] (-) TimerEvent: {}
[539.937193] (-) TimerEvent: {}
[540.038721] (-) TimerEvent: {}
[540.140328] (-) TimerEvent: {}
[540.241975] (-) TimerEvent: {}
[540.343547] (-) TimerEvent: {}
[540.445060] (-) TimerEvent: {}
[540.547034] (-) TimerEvent: {}
[540.648638] (-) TimerEvent: {}
[540.750059] (-) TimerEvent: {}
[540.851737] (-) TimerEvent: {}
[540.953215] (-) TimerEvent: {}
[541.054873] (-) TimerEvent: {}
[541.156346] (-) TimerEvent: {}
[541.258042] (-) TimerEvent: {}
[541.360539] (-) TimerEvent: {}
[541.461950] (-) TimerEvent: {}
[541.564134] (-) TimerEvent: {}
[541.665980] (-) TimerEvent: {}
[541.767687] (-) TimerEvent: {}
[541.869238] (-) TimerEvent: {}
[541.970759] (-) TimerEvent: {}
[542.072364] (-) TimerEvent: {}
[542.173921] (-) TimerEvent: {}
[542.275796] (-) TimerEvent: {}
[542.377323] (-) TimerEvent: {}
[542.478574] (-) TimerEvent: {}
[542.580486] (-) TimerEvent: {}
[542.682871] (-) TimerEvent: {}
[542.784358] (-) TimerEvent: {}
[542.885735] (-) TimerEvent: {}
[542.987549] (-) TimerEvent: {}
[543.089408] (-) TimerEvent: {}
[543.191028] (-) TimerEvent: {}
[543.292810] (-) TimerEvent: {}
[543.395100] (-) TimerEvent: {}
[543.496694] (-) TimerEvent: {}
[543.598119] (-) TimerEvent: {}
[543.699696] (-) TimerEvent: {}
[543.801761] (-) TimerEvent: {}
[543.903435] (-) TimerEvent: {}
[544.004817] (-) TimerEvent: {}
[544.106579] (-) TimerEvent: {}
[544.208138] (-) TimerEvent: {}
[544.309337] (-) TimerEvent: {}
[544.410959] (-) TimerEvent: {}
[544.512690] (-) TimerEvent: {}
[544.614032] (-) TimerEvent: {}
[544.728360] (-) TimerEvent: {}
[544.864501] (-) TimerEvent: {}
[544.983562] (-) TimerEvent: {}
[545.085065] (-) TimerEvent: {}
[545.186569] (-) TimerEvent: {}
[545.287853] (-) TimerEvent: {}
[545.389449] (-) TimerEvent: {}
[545.491025] (-) TimerEvent: {}
[545.592787] (-) TimerEvent: {}
[545.694385] (-) TimerEvent: {}
[545.795856] (-) TimerEvent: {}
[545.897499] (-) TimerEvent: {}
[545.999465] (-) TimerEvent: {}
[546.101434] (-) TimerEvent: {}
[546.202893] (-) TimerEvent: {}
[546.304503] (-) TimerEvent: {}
[546.405914] (-) TimerEvent: {}
[546.507390] (-) TimerEvent: {}
[546.608887] (-) TimerEvent: {}
[546.710731] (-) TimerEvent: {}
[546.813065] (-) TimerEvent: {}
[546.914612] (-) TimerEvent: {}
[547.016268] (-) TimerEvent: {}
[547.117797] (-) TimerEvent: {}
[547.219378] (-) TimerEvent: {}
[547.321084] (-) TimerEvent: {}
[547.422722] (-) TimerEvent: {}
[547.524128] (-) TimerEvent: {}
[547.625612] (-) TimerEvent: {}
[547.727208] (-) TimerEvent: {}
[547.828614] (-) TimerEvent: {}
[547.930084] (-) TimerEvent: {}
[548.031744] (-) TimerEvent: {}
[548.133242] (-) TimerEvent: {}
[548.235029] (-) TimerEvent: {}
[548.336860] (-) TimerEvent: {}
[548.438362] (-) TimerEvent: {}
[548.540115] (-) TimerEvent: {}
[548.643603] (-) TimerEvent: {}
[548.744963] (-) TimerEvent: {}
[548.846633] (-) TimerEvent: {}
[548.948292] (-) TimerEvent: {}
[549.049913] (-) TimerEvent: {}
[549.151682] (-) TimerEvent: {}
[549.253429] (-) TimerEvent: {}
[549.354969] (-) TimerEvent: {}
[549.456501] (-) TimerEvent: {}
[549.558021] (-) TimerEvent: {}
[549.659800] (-) TimerEvent: {}
[549.761795] (-) TimerEvent: {}
[549.864022] (-) TimerEvent: {}
[549.965494] (-) TimerEvent: {}
[550.067067] (-) TimerEvent: {}
[550.168487] (-) TimerEvent: {}
[550.269923] (-) TimerEvent: {}
[550.371439] (-) TimerEvent: {}
[550.472945] (-) TimerEvent: {}
[550.575399] (-) TimerEvent: {}
[550.676696] (-) TimerEvent: {}
[550.778283] (-) TimerEvent: {}
[550.879927] (-) TimerEvent: {}
[550.982185] (-) TimerEvent: {}
[551.083811] (-) TimerEvent: {}
[551.185375] (-) TimerEvent: {}
[551.287160] (-) TimerEvent: {}
[551.389650] (-) TimerEvent: {}
[551.491664] (-) TimerEvent: {}
[551.593577] (-) TimerEvent: {}
[551.696559] (-) TimerEvent: {}
[551.799575] (-) TimerEvent: {}
[551.901011] (-) TimerEvent: {}
[552.002681] (-) TimerEvent: {}
[552.104314] (-) TimerEvent: {}
[552.205797] (-) TimerEvent: {}
[552.307323] (-) TimerEvent: {}
[552.409049] (-) TimerEvent: {}
[552.510788] (-) TimerEvent: {}
[552.612374] (-) TimerEvent: {}
[552.714689] (-) TimerEvent: {}
[552.816101] (-) TimerEvent: {}
[552.917664] (-) TimerEvent: {}
[553.019278] (-) TimerEvent: {}
[553.120770] (-) TimerEvent: {}
[553.222318] (-) TimerEvent: {}
[553.324236] (-) TimerEvent: {}
[553.425582] (-) TimerEvent: {}
[553.527611] (-) TimerEvent: {}
[553.630028] (-) TimerEvent: {}
[553.731649] (-) TimerEvent: {}
[553.833103] (-) TimerEvent: {}
[553.934669] (-) TimerEvent: {}
[554.036446] (-) TimerEvent: {}
[554.138044] (-) TimerEvent: {}
[554.239582] (-) TimerEvent: {}
[554.340959] (-) TimerEvent: {}
[554.442784] (-) TimerEvent: {}
[554.544461] (-) TimerEvent: {}
[554.646067] (-) TimerEvent: {}
[554.747524] (-) TimerEvent: {}
[554.849090] (-) TimerEvent: {}
[554.950661] (-) TimerEvent: {}
[555.052249] (-) TimerEvent: {}
[555.153684] (-) TimerEvent: {}
[555.255210] (-) TimerEvent: {}
[555.356783] (-) TimerEvent: {}
[555.458384] (-) TimerEvent: {}
[555.559920] (-) TimerEvent: {}
[555.661452] (-) TimerEvent: {}
[555.763066] (-) TimerEvent: {}
[555.864634] (-) TimerEvent: {}
[555.966203] (-) TimerEvent: {}
[556.067973] (-) TimerEvent: {}
[556.169489] (-) TimerEvent: {}
[556.270821] (-) TimerEvent: {}
[556.372293] (-) TimerEvent: {}
[556.473808] (-) TimerEvent: {}
[556.575420] (-) TimerEvent: {}
[556.676948] (-) TimerEvent: {}
[556.778427] (-) TimerEvent: {}
[556.880012] (-) TimerEvent: {}
[556.981464] (-) TimerEvent: {}
[557.083158] (-) TimerEvent: {}
[557.184471] (-) TimerEvent: {}
[557.286260] (-) TimerEvent: {}
[557.388569] (-) TimerEvent: {}
[557.490018] (-) TimerEvent: {}
[557.591806] (-) TimerEvent: {}
[557.693517] (-) TimerEvent: {}
[557.795084] (-) TimerEvent: {}
[557.896603] (-) TimerEvent: {}
[557.998186] (-) TimerEvent: {}
[558.099815] (-) TimerEvent: {}
[558.201321] (-) TimerEvent: {}
[558.302801] (-) TimerEvent: {}
[558.404416] (-) TimerEvent: {}
[558.506986] (-) TimerEvent: {}
[558.609265] (-) TimerEvent: {}
[558.711127] (-) TimerEvent: {}
[558.812902] (-) TimerEvent: {}
[558.914592] (-) TimerEvent: {}
[559.016078] (-) TimerEvent: {}
[559.117541] (-) TimerEvent: {}
[559.219164] (-) TimerEvent: {}
[559.320567] (-) TimerEvent: {}
[559.421910] (-) TimerEvent: {}
[559.523857] (-) TimerEvent: {}
[559.625567] (-) TimerEvent: {}
[559.727074] (-) TimerEvent: {}
[559.828560] (-) TimerEvent: {}
[559.930137] (-) TimerEvent: {}
[560.031823] (-) TimerEvent: {}
[560.133320] (-) TimerEvent: {}
[560.235093] (-) TimerEvent: {}
[560.336736] (-) TimerEvent: {}
[560.438256] (-) TimerEvent: {}
[560.539831] (-) TimerEvent: {}
[560.641338] (-) TimerEvent: {}
[560.743002] (-) TimerEvent: {}
[560.844491] (-) TimerEvent: {}
[560.945978] (-) TimerEvent: {}
[561.047543] (-) TimerEvent: {}
[561.149021] (-) TimerEvent: {}
[561.250560] (-) TimerEvent: {}
[561.352032] (-) TimerEvent: {}
[561.453578] (-) TimerEvent: {}
[561.555171] (-) TimerEvent: {}
[561.656711] (-) TimerEvent: {}
[561.758183] (-) TimerEvent: {}
[561.859739] (-) TimerEvent: {}
[561.961228] (-) TimerEvent: {}
[562.062756] (-) TimerEvent: {}
[562.164172] (-) TimerEvent: {}
[562.265682] (-) TimerEvent: {}
[562.367185] (-) TimerEvent: {}
[562.468724] (-) TimerEvent: {}
[562.570394] (-) TimerEvent: {}
[562.672034] (-) TimerEvent: {}
[562.773486] (-) TimerEvent: {}
[562.875118] (-) TimerEvent: {}
[562.976585] (-) TimerEvent: {}
[563.078010] (-) TimerEvent: {}
[563.179534] (-) TimerEvent: {}
[563.281001] (-) TimerEvent: {}
[563.382522] (-) TimerEvent: {}
[563.483991] (-) TimerEvent: {}
[563.585422] (-) TimerEvent: {}
[563.687300] (-) TimerEvent: {}
[563.789821] (-) TimerEvent: {}
[563.892302] (-) TimerEvent: {}
[563.994925] (-) TimerEvent: {}
[564.097139] (-) TimerEvent: {}
[564.199949] (-) TimerEvent: {}
[564.302040] (-) TimerEvent: {}
[564.403750] (-) TimerEvent: {}
[564.505228] (-) TimerEvent: {}
[564.606665] (-) TimerEvent: {}
[564.708199] (-) TimerEvent: {}
[564.809661] (-) TimerEvent: {}
[564.911194] (-) TimerEvent: {}
[565.012685] (-) TimerEvent: {}
[565.114152] (-) TimerEvent: {}
[565.215658] (-) TimerEvent: {}
[565.317151] (-) TimerEvent: {}
[565.418769] (-) TimerEvent: {}
[565.520204] (-) TimerEvent: {}
[565.621730] (-) TimerEvent: {}
[565.723209] (-) TimerEvent: {}
[565.824644] (-) TimerEvent: {}
[565.926203] (-) TimerEvent: {}
[566.027989] (-) TimerEvent: {}
[566.129418] (-) TimerEvent: {}
[566.231044] (-) TimerEvent: {}
[566.332605] (-) TimerEvent: {}
[566.434115] (-) TimerEvent: {}
[566.535791] (-) TimerEvent: {}
[566.637284] (-) TimerEvent: {}
[566.738739] (-) TimerEvent: {}
[566.840250] (-) TimerEvent: {}
[566.941789] (-) TimerEvent: {}
[567.043301] (-) TimerEvent: {}
[567.145075] (-) TimerEvent: {}
[567.247308] (-) TimerEvent: {}
[567.348965] (-) TimerEvent: {}
[567.450617] (-) TimerEvent: {}
[567.552237] (-) TimerEvent: {}
[567.653788] (-) TimerEvent: {}
[567.755412] (-) TimerEvent: {}
[567.857140] (-) TimerEvent: {}
[567.958737] (-) TimerEvent: {}
[568.060341] (-) TimerEvent: {}
[568.161835] (-) TimerEvent: {}
[568.263421] (-) TimerEvent: {}
[568.364856] (-) TimerEvent: {}
[568.466377] (-) TimerEvent: {}
[568.567863] (-) TimerEvent: {}
[568.669330] (-) TimerEvent: {}
[568.770917] (-) TimerEvent: {}
[568.872520] (-) TimerEvent: {}
[568.973963] (-) TimerEvent: {}
[569.076003] (-) TimerEvent: {}
[569.177496] (-) TimerEvent: {}
[569.279016] (-) TimerEvent: {}
[569.380583] (-) TimerEvent: {}
[569.481990] (-) TimerEvent: {}
[569.583565] (-) TimerEvent: {}
[569.685048] (-) TimerEvent: {}
[569.786536] (-) TimerEvent: {}
[569.888099] (-) TimerEvent: {}
[569.989592] (-) TimerEvent: {}
[570.090949] (-) TimerEvent: {}
[570.192477] (-) TimerEvent: {}
[570.294096] (-) TimerEvent: {}
[570.395686] (-) TimerEvent: {}
[570.497194] (-) TimerEvent: {}
[570.598730] (-) TimerEvent: {}
[570.700460] (-) TimerEvent: {}
[570.801960] (-) TimerEvent: {}
[570.903444] (-) TimerEvent: {}
[571.004912] (-) TimerEvent: {}
[571.106157] (-) TimerEvent: {}
[571.207719] (-) TimerEvent: {}
[571.309245] (-) TimerEvent: {}
[571.410755] (-) TimerEvent: {}
[571.512402] (-) TimerEvent: {}
[571.614735] (-) TimerEvent: {}
[571.716219] (-) TimerEvent: {}
[571.817604] (-) TimerEvent: {}
[571.919101] (-) TimerEvent: {}
[572.020586] (-) TimerEvent: {}
[572.122103] (-) TimerEvent: {}
[572.223616] (-) TimerEvent: {}
[572.325058] (-) TimerEvent: {}
[572.426680] (-) TimerEvent: {}
[572.528186] (-) TimerEvent: {}
[572.630269] (-) TimerEvent: {}
[572.732125] (-) TimerEvent: {}
[572.833918] (-) TimerEvent: {}
[572.935546] (-) TimerEvent: {}
[573.037166] (-) TimerEvent: {}
[573.139157] (-) TimerEvent: {}
[573.241649] (-) TimerEvent: {}
[573.343247] (-) TimerEvent: {}
[573.444696] (-) TimerEvent: {}
[573.546228] (-) TimerEvent: {}
[573.647843] (-) TimerEvent: {}
[573.749345] (-) TimerEvent: {}
[573.850965] (-) TimerEvent: {}
[573.952505] (-) TimerEvent: {}
[574.053890] (-) TimerEvent: {}
[574.155450] (-) TimerEvent: {}
[574.257106] (-) TimerEvent: {}
[574.358782] (-) TimerEvent: {}
[574.461188] (-) TimerEvent: {}
[574.563511] (-) TimerEvent: {}
[574.665025] (-) TimerEvent: {}
[574.766580] (-) TimerEvent: {}
[574.868220] (-) TimerEvent: {}
[574.970700] (-) TimerEvent: {}
[575.084371] (-) TimerEvent: {}
[575.195982] (-) TimerEvent: {}
[575.297534] (-) TimerEvent: {}
[575.399126] (-) TimerEvent: {}
[575.500389] (-) TimerEvent: {}
[575.601965] (-) TimerEvent: {}
[575.703563] (-) TimerEvent: {}
[575.805096] (-) TimerEvent: {}
[575.906737] (-) TimerEvent: {}
[576.008282] (-) TimerEvent: {}
[576.109649] (-) TimerEvent: {}
[576.211328] (-) TimerEvent: {}
[576.312941] (-) TimerEvent: {}
[576.414667] (-) TimerEvent: {}
[576.516503] (-) TimerEvent: {}
[576.618899] (-) TimerEvent: {}
[576.720303] (-) TimerEvent: {}
[576.822163] (-) TimerEvent: {}
[576.923736] (-) TimerEvent: {}
[577.025276] (-) TimerEvent: {}
[577.126839] (-) TimerEvent: {}
[577.228476] (-) TimerEvent: {}
[577.330013] (-) TimerEvent: {}
[577.431595] (-) TimerEvent: {}
[577.533008] (-) TimerEvent: {}
[577.634525] (-) TimerEvent: {}
[577.736130] (-) TimerEvent: {}
[577.837598] (-) TimerEvent: {}
[577.939279] (-) TimerEvent: {}
[578.040857] (-) TimerEvent: {}
[578.142226] (-) TimerEvent: {}
[578.243884] (-) TimerEvent: {}
[578.345447] (-) TimerEvent: {}
[578.447057] (-) TimerEvent: {}
[578.548472] (-) TimerEvent: {}
[578.649883] (-) TimerEvent: {}
[578.751491] (-) TimerEvent: {}
[578.852991] (-) TimerEvent: {}
[578.954533] (-) TimerEvent: {}
[579.056100] (-) TimerEvent: {}
[579.157596] (-) TimerEvent: {}
[579.259116] (-) TimerEvent: {}
[579.360760] (-) TimerEvent: {}
[579.463173] (-) TimerEvent: {}
[579.564905] (-) TimerEvent: {}
[579.666543] (-) TimerEvent: {}
[579.767985] (-) TimerEvent: {}
[579.869534] (-) TimerEvent: {}
[579.971213] (-) TimerEvent: {}
[580.072697] (-) TimerEvent: {}
[580.174185] (-) TimerEvent: {}
[580.275722] (-) TimerEvent: {}
[580.377192] (-) TimerEvent: {}
[580.478804] (-) TimerEvent: {}
[580.580529] (-) TimerEvent: {}
[580.681983] (-) TimerEvent: {}
[580.783628] (-) TimerEvent: {}
[580.885312] (-) TimerEvent: {}
[580.986754] (-) TimerEvent: {}
[581.088425] (-) TimerEvent: {}
[581.190909] (-) TimerEvent: {}
[581.293530] (-) TimerEvent: {}
[581.395105] (-) TimerEvent: {}
[581.496523] (-) TimerEvent: {}
[581.598015] (-) TimerEvent: {}
[581.699558] (-) TimerEvent: {}
[581.800966] (-) TimerEvent: {}
[581.902430] (-) TimerEvent: {}
[582.003995] (-) TimerEvent: {}
[582.106142] (-) TimerEvent: {}
[582.207691] (-) TimerEvent: {}
[582.309196] (-) TimerEvent: {}
[582.410780] (-) TimerEvent: {}
[582.512442] (-) TimerEvent: {}
[582.614065] (-) TimerEvent: {}
[582.715655] (-) TimerEvent: {}
[582.817503] (-) TimerEvent: {}
[582.919147] (-) TimerEvent: {}
[583.020697] (-) TimerEvent: {}
[583.122299] (-) TimerEvent: {}
[583.223796] (-) TimerEvent: {}
[583.325334] (-) TimerEvent: {}
[583.426896] (-) TimerEvent: {}
[583.528419] (-) TimerEvent: {}
[583.630026] (-) TimerEvent: {}
[583.731641] (-) TimerEvent: {}
[583.833228] (-) TimerEvent: {}
[583.934795] (-) TimerEvent: {}
[584.036313] (-) TimerEvent: {}
[584.137788] (-) TimerEvent: {}
[584.239345] (-) TimerEvent: {}
[584.341088] (-) TimerEvent: {}
[584.443298] (-) TimerEvent: {}
[584.544902] (-) TimerEvent: {}
[584.646595] (-) TimerEvent: {}
[584.748019] (-) TimerEvent: {}
[584.849409] (-) TimerEvent: {}
[584.950978] (-) TimerEvent: {}
[585.052623] (-) TimerEvent: {}
[585.154180] (-) TimerEvent: {}
[585.255714] (-) TimerEvent: {}
[585.357230] (-) TimerEvent: {}
[585.458696] (-) TimerEvent: {}
[585.560641] (-) TimerEvent: {}
[585.663299] (-) TimerEvent: {}
[585.764827] (-) TimerEvent: {}
[585.866504] (-) TimerEvent: {}
[585.968043] (-) TimerEvent: {}
[586.069725] (-) TimerEvent: {}
[586.171476] (-) TimerEvent: {}
[586.273074] (-) TimerEvent: {}
[586.374702] (-) TimerEvent: {}
[586.476338] (-) TimerEvent: {}
[586.578222] (-) TimerEvent: {}
[586.680312] (-) TimerEvent: {}
[586.781934] (-) TimerEvent: {}
[586.883594] (-) TimerEvent: {}
[586.985212] (-) TimerEvent: {}
[587.086777] (-) TimerEvent: {}
[587.188415] (-) TimerEvent: {}
[587.290024] (-) TimerEvent: {}
[587.391678] (-) TimerEvent: {}
[587.493320] (-) TimerEvent: {}
[587.595078] (-) TimerEvent: {}
[587.696697] (-) TimerEvent: {}
[587.798316] (-) TimerEvent: {}
[587.900234] (-) TimerEvent: {}
[588.001868] (-) TimerEvent: {}
[588.103571] (-) TimerEvent: {}
[588.205120] (-) TimerEvent: {}
[588.306802] (-) TimerEvent: {}
[588.408415] (-) TimerEvent: {}
[588.510028] (-) TimerEvent: {}
[588.611735] (-) TimerEvent: {}
[588.713383] (-) TimerEvent: {}
[588.815072] (-) TimerEvent: {}
[588.916679] (-) TimerEvent: {}
[589.018305] (-) TimerEvent: {}
[589.119982] (-) TimerEvent: {}
[589.221625] (-) TimerEvent: {}
[589.323347] (-) TimerEvent: {}
[589.424946] (-) TimerEvent: {}
[589.526646] (-) TimerEvent: {}
[589.628237] (-) TimerEvent: {}
[589.729916] (-) TimerEvent: {}
[589.831637] (-) TimerEvent: {}
[589.933254] (-) TimerEvent: {}
[590.034945] (-) TimerEvent: {}
[590.136561] (-) TimerEvent: {}
[590.238189] (-) TimerEvent: {}
[590.339896] (-) TimerEvent: {}
[590.441625] (-) TimerEvent: {}
[590.543496] (-) TimerEvent: {}
[590.645111] (-) TimerEvent: {}
[590.746626] (-) TimerEvent: {}
[590.848224] (-) TimerEvent: {}
[590.949860] (-) TimerEvent: {}
[591.051547] (-) TimerEvent: {}
[591.153122] (-) TimerEvent: {}
[591.254734] (-) TimerEvent: {}
[591.356348] (-) TimerEvent: {}
[591.457990] (-) TimerEvent: {}
[591.559662] (-) TimerEvent: {}
[591.661223] (-) TimerEvent: {}
[591.762803] (-) TimerEvent: {}
[591.864389] (-) TimerEvent: {}
[591.965892] (-) TimerEvent: {}
[592.067707] (-) TimerEvent: {}
[592.169337] (-) TimerEvent: {}
[592.270973] (-) TimerEvent: {}
[592.372589] (-) TimerEvent: {}
[592.474153] (-) TimerEvent: {}
[592.575834] (-) TimerEvent: {}
[592.677488] (-) TimerEvent: {}
[592.779262] (-) TimerEvent: {}
[592.880834] (-) TimerEvent: {}
[592.982519] (-) TimerEvent: {}
[593.084076] (-) TimerEvent: {}
[593.185703] (-) TimerEvent: {}
[593.287362] (-) TimerEvent: {}
[593.388933] (-) TimerEvent: {}
[593.490491] (-) TimerEvent: {}
[593.592040] (-) TimerEvent: {}
[593.693641] (-) TimerEvent: {}
[593.795325] (-) TimerEvent: {}
[593.896930] (-) TimerEvent: {}
[593.998572] (-) TimerEvent: {}
[594.100121] (-) TimerEvent: {}
[594.201692] (-) TimerEvent: {}
[594.303487] (-) TimerEvent: {}
[594.405227] (-) TimerEvent: {}
[594.506825] (-) TimerEvent: {}
[594.608375] (-) TimerEvent: {}
[594.709993] (-) TimerEvent: {}
[594.811682] (-) TimerEvent: {}
[594.913295] (-) TimerEvent: {}
[595.014955] (-) TimerEvent: {}
[595.116716] (-) TimerEvent: {}
[595.218280] (-) TimerEvent: {}
[595.319986] (-) TimerEvent: {}
[595.421662] (-) TimerEvent: {}
[595.523334] (-) TimerEvent: {}
[595.624958] (-) TimerEvent: {}
[595.726643] (-) TimerEvent: {}
[595.828273] (-) TimerEvent: {}
[595.929828] (-) TimerEvent: {}
[596.031558] (-) TimerEvent: {}
[596.133171] (-) TimerEvent: {}
[596.234741] (-) TimerEvent: {}
[596.336356] (-) TimerEvent: {}
[596.437938] (-) TimerEvent: {}
[596.539700] (-) TimerEvent: {}
[596.641304] (-) TimerEvent: {}
[596.742987] (-) TimerEvent: {}
[596.844584] (-) TimerEvent: {}
[596.946184] (-) TimerEvent: {}
[597.047857] (-) TimerEvent: {}
[597.149434] (-) TimerEvent: {}
[597.251117] (-) TimerEvent: {}
[597.352781] (-) TimerEvent: {}
[597.454517] (-) TimerEvent: {}
[597.556133] (-) TimerEvent: {}
[597.657862] (-) TimerEvent: {}
[597.760101] (-) TimerEvent: {}
[597.863031] (-) TimerEvent: {}
[597.964662] (-) TimerEvent: {}
[598.066204] (-) TimerEvent: {}
[598.167938] (-) TimerEvent: {}
[598.269462] (-) TimerEvent: {}
[598.370954] (-) TimerEvent: {}
[598.472457] (-) TimerEvent: {}
[598.574009] (-) TimerEvent: {}
[598.675506] (-) TimerEvent: {}
[598.776954] (-) TimerEvent: {}
[598.878611] (-) TimerEvent: {}
[598.980157] (-) TimerEvent: {}
[599.081394] (-) TimerEvent: {}
[599.182900] (-) TimerEvent: {}
[599.284306] (-) TimerEvent: {}
[599.385967] (-) TimerEvent: {}
[599.488129] (-) TimerEvent: {}
[599.589922] (-) TimerEvent: {}
[599.691671] (-) TimerEvent: {}
[599.794050] (-) TimerEvent: {}
[599.895761] (-) TimerEvent: {}
[599.997089] (-) TimerEvent: {}
[600.098793] (-) TimerEvent: {}
[600.200468] (-) TimerEvent: {}
[600.302002] (-) TimerEvent: {}
[600.403578] (-) TimerEvent: {}
[600.505112] (-) TimerEvent: {}
[600.606972] (-) TimerEvent: {}
[600.708409] (-) TimerEvent: {}
[600.809984] (-) TimerEvent: {}
[600.911691] (-) TimerEvent: {}
[601.013162] (-) TimerEvent: {}
[601.114973] (-) TimerEvent: {}
[601.217167] (-) TimerEvent: {}
[601.318795] (-) TimerEvent: {}
[601.420232] (-) TimerEvent: {}
[601.521664] (-) TimerEvent: {}
[601.623227] (-) TimerEvent: {}
[601.725102] (-) TimerEvent: {}
[601.827116] (-) TimerEvent: {}
[601.928518] (-) TimerEvent: {}
[602.030050] (-) TimerEvent: {}
[602.132381] (-) TimerEvent: {}
[602.233834] (-) TimerEvent: {}
[602.335535] (-) TimerEvent: {}
[602.437297] (-) TimerEvent: {}
[602.538831] (-) TimerEvent: {}
[602.640428] (-) TimerEvent: {}
[602.742105] (-) TimerEvent: {}
[602.843711] (-) TimerEvent: {}
[602.945354] (-) TimerEvent: {}
[603.046945] (-) TimerEvent: {}
[603.148607] (-) TimerEvent: {}
[603.250148] (-) TimerEvent: {}
[603.351702] (-) TimerEvent: {}
[603.453381] (-) TimerEvent: {}
[603.555917] (-) TimerEvent: {}
[603.658187] (-) TimerEvent: {}
[603.759864] (-) TimerEvent: {}
[603.861465] (-) TimerEvent: {}
[603.962963] (-) TimerEvent: {}
[604.064444] (-) TimerEvent: {}
[604.166031] (-) TimerEvent: {}
[604.267761] (-) TimerEvent: {}
[604.369138] (-) TimerEvent: {}
[604.470740] (-) TimerEvent: {}
[604.572273] (-) TimerEvent: {}
[604.673715] (-) TimerEvent: {}
[604.775270] (-) TimerEvent: {}
[604.876709] (-) TimerEvent: {}
[604.978138] (-) TimerEvent: {}
[605.079708] (-) TimerEvent: {}
[605.181091] (-) TimerEvent: {}
[605.282279] (-) TimerEvent: {}
[605.384113] (-) TimerEvent: {}
[605.487050] (-) TimerEvent: {}
[605.588358] (-) TimerEvent: {}
[605.690040] (-) TimerEvent: {}
[605.791363] (-) TimerEvent: {}
[605.893073] (-) TimerEvent: {}
[605.994632] (-) TimerEvent: {}
[606.096260] (-) TimerEvent: {}
[606.198136] (-) TimerEvent: {}
[606.299941] (-) TimerEvent: {}
[606.401478] (-) TimerEvent: {}
[606.503056] (-) TimerEvent: {}
[606.604568] (-) TimerEvent: {}
[606.707337] (-) TimerEvent: {}
[606.809488] (-) TimerEvent: {}
[606.910969] (-) TimerEvent: {}
[607.012478] (-) TimerEvent: {}
[607.114151] (-) TimerEvent: {}
[607.216647] (-) TimerEvent: {}
[607.318147] (-) TimerEvent: {}
[607.419588] (-) TimerEvent: {}
[607.521226] (-) TimerEvent: {}
[607.622732] (-) TimerEvent: {}
[607.724225] (-) TimerEvent: {}
[607.825817] (-) TimerEvent: {}
[607.928225] (-) TimerEvent: {}
[608.029752] (-) TimerEvent: {}
[608.131815] (-) TimerEvent: {}
[608.233543] (-) TimerEvent: {}
[608.335266] (-) TimerEvent: {}
[608.436773] (-) TimerEvent: {}
[608.538223] (-) TimerEvent: {}
[608.639855] (-) TimerEvent: {}
[608.741296] (-) TimerEvent: {}
[608.842742] (-) TimerEvent: {}
[608.944197] (-) TimerEvent: {}
[609.045629] (-) TimerEvent: {}
[609.147261] (-) TimerEvent: {}
[609.248677] (-) TimerEvent: {}
[609.350161] (-) TimerEvent: {}
[609.451781] (-) TimerEvent: {}
[609.553215] (-) TimerEvent: {}
[609.654776] (-) TimerEvent: {}
[609.756257] (-) TimerEvent: {}
[609.857837] (-) TimerEvent: {}
[609.960316] (-) TimerEvent: {}
[610.062862] (-) TimerEvent: {}
[610.164971] (-) TimerEvent: {}
[610.266384] (-) TimerEvent: {}
[610.367947] (-) TimerEvent: {}
[610.469445] (-) TimerEvent: {}
[610.571227] (-) TimerEvent: {}
[610.673688] (-) TimerEvent: {}
[610.775342] (-) TimerEvent: {}
[610.876747] (-) TimerEvent: {}
[610.978138] (-) TimerEvent: {}
[611.079642] (-) TimerEvent: {}
[611.181110] (-) TimerEvent: {}
[611.282546] (-) TimerEvent: {}
[611.384021] (-) TimerEvent: {}
[611.485644] (-) TimerEvent: {}
[611.587335] (-) TimerEvent: {}
[611.688938] (-) TimerEvent: {}
[611.790599] (-) TimerEvent: {}
[611.892077] (-) TimerEvent: {}
[611.993795] (-) TimerEvent: {}
[612.094961] (-) TimerEvent: {}
[612.196399] (-) TimerEvent: {}
[612.297809] (-) TimerEvent: {}
[612.399299] (-) TimerEvent: {}
[612.500735] (-) TimerEvent: {}
[612.602211] (-) TimerEvent: {}
[612.703793] (-) TimerEvent: {}
[612.805344] (-) TimerEvent: {}
[612.907036] (-) TimerEvent: {}
[613.009663] (-) TimerEvent: {}
[613.112134] (-) TimerEvent: {}
[613.213469] (-) TimerEvent: {}
[613.315664] (-) TimerEvent: {}
[613.724839] (-) TimerEvent: {}
[613.826299] (-) TimerEvent: {}
[613.927795] (-) TimerEvent: {}
[614.029202] (-) TimerEvent: {}
[614.130615] (-) TimerEvent: {}
[614.232102] (-) TimerEvent: {}
[614.333482] (-) TimerEvent: {}
[614.435000] (-) TimerEvent: {}
[614.536503] (-) TimerEvent: {}
[614.638006] (-) TimerEvent: {}
[614.739589] (-) TimerEvent: {}
[614.841062] (-) TimerEvent: {}
[614.942530] (-) TimerEvent: {}
[615.043957] (-) TimerEvent: {}
[615.145527] (-) TimerEvent: {}
[615.247044] (-) TimerEvent: {}
[615.348611] (-) TimerEvent: {}
[615.450028] (-) TimerEvent: {}
[615.551698] (-) TimerEvent: {}
[615.654073] (-) TimerEvent: {}
[615.756501] (-) TimerEvent: {}
[615.858004] (-) TimerEvent: {}
[615.959617] (-) TimerEvent: {}
[616.060856] (-) TimerEvent: {}
[616.611255] (-) TimerEvent: {}
[616.712915] (-) TimerEvent: {}
[616.815297] (-) TimerEvent: {}
[616.916988] (-) TimerEvent: {}
[617.019659] (-) TimerEvent: {}
[617.122052] (-) TimerEvent: {}
[617.224377] (-) TimerEvent: {}
[617.325775] (-) TimerEvent: {}
[617.427396] (-) TimerEvent: {}
[617.528878] (-) TimerEvent: {}
[617.630375] (-) TimerEvent: {}
[617.732093] (-) TimerEvent: {}
[617.834242] (-) TimerEvent: {}
[617.935720] (-) TimerEvent: {}
[618.037128] (-) TimerEvent: {}
[618.138715] (-) TimerEvent: {}
[618.240212] (-) TimerEvent: {}
[618.341969] (-) TimerEvent: {}
[618.443947] (-) TimerEvent: {}
[618.545577] (-) TimerEvent: {}
[618.647105] (-) TimerEvent: {}
[618.748725] (-) TimerEvent: {}
[618.850268] (-) TimerEvent: {}
[618.951891] (-) TimerEvent: {}
[619.053585] (-) TimerEvent: {}
[619.156221] (-) TimerEvent: {}
[619.257761] (-) TimerEvent: {}
[619.359570] (-) TimerEvent: {}
[619.460961] (-) TimerEvent: {}
[619.562353] (-) TimerEvent: {}
[619.664265] (-) TimerEvent: {}
[619.765800] (-) TimerEvent: {}
[619.867286] (-) TimerEvent: {}
[619.968699] (-) TimerEvent: {}
[620.070180] (-) TimerEvent: {}
[620.171798] (-) TimerEvent: {}
[620.273299] (-) TimerEvent: {}
[620.374939] (-) TimerEvent: {}
[620.477160] (-) TimerEvent: {}
[620.578771] (-) TimerEvent: {}
[620.680673] (-) TimerEvent: {}
[620.783266] (-) TimerEvent: {}
[620.884830] (-) TimerEvent: {}
[620.986355] (-) TimerEvent: {}
[621.087848] (-) TimerEvent: {}
[621.189345] (-) TimerEvent: {}
[621.290940] (-) TimerEvent: {}
[621.392274] (-) TimerEvent: {}
[621.494036] (-) TimerEvent: {}
[621.595309] (-) TimerEvent: {}
[621.696993] (-) TimerEvent: {}
[621.798720] (-) TimerEvent: {}
[621.900404] (-) TimerEvent: {}
[622.002048] (-) TimerEvent: {}
[622.103863] (-) TimerEvent: {}
[622.205807] (-) TimerEvent: {}
[622.307890] (-) TimerEvent: {}
[622.409981] (-) TimerEvent: {}
[622.511511] (-) TimerEvent: {}
[622.613169] (-) TimerEvent: {}
[622.714758] (-) TimerEvent: {}
[622.816135] (-) TimerEvent: {}
[622.917673] (-) TimerEvent: {}
[623.019232] (-) TimerEvent: {}
[623.120848] (-) TimerEvent: {}
[623.222904] (-) TimerEvent: {}
[623.325229] (-) TimerEvent: {}
[623.426685] (-) TimerEvent: {}
[623.528366] (-) TimerEvent: {}
[623.630020] (-) TimerEvent: {}
[623.732449] (-) TimerEvent: {}
[623.834807] (-) TimerEvent: {}
[623.936338] (-) TimerEvent: {}
[624.039591] (-) TimerEvent: {}
[624.143086] (-) TimerEvent: {}
[624.244911] (-) TimerEvent: {}
[624.346549] (-) TimerEvent: {}
[624.448301] (-) TimerEvent: {}
[624.550172] (-) TimerEvent: {}
[624.651989] (-) TimerEvent: {}
[624.753546] (-) TimerEvent: {}
[624.855073] (-) TimerEvent: {}
[624.956587] (-) TimerEvent: {}
[625.058128] (-) TimerEvent: {}
[625.159812] (-) TimerEvent: {}
[625.262198] (-) TimerEvent: {}
[625.364747] (-) TimerEvent: {}
[625.466298] (-) TimerEvent: {}
[625.568017] (-) TimerEvent: {}
[625.670944] (-) TimerEvent: {}
[625.773439] (-) TimerEvent: {}
[625.875036] (-) TimerEvent: {}
[625.977076] (-) TimerEvent: {}
[626.079006] (-) TimerEvent: {}
[626.180521] (-) TimerEvent: {}
[626.282123] (-) TimerEvent: {}
[626.383693] (-) TimerEvent: {}
[626.485148] (-) TimerEvent: {}
[626.586786] (-) TimerEvent: {}
[626.688194] (-) TimerEvent: {}
[626.789744] (-) TimerEvent: {}
[626.891180] (-) TimerEvent: {}
[626.992651] (-) TimerEvent: {}
[627.094080] (-) TimerEvent: {}
[627.195629] (-) TimerEvent: {}
[627.297616] (-) TimerEvent: {}
[627.399385] (-) TimerEvent: {}
[627.501271] (-) TimerEvent: {}
[627.603057] (-) TimerEvent: {}
[627.704591] (-) TimerEvent: {}
[627.806303] (-) TimerEvent: {}
[627.907851] (-) TimerEvent: {}
[628.009381] (-) TimerEvent: {}
[628.111033] (-) TimerEvent: {}
[628.212578] (-) TimerEvent: {}
[628.313984] (-) TimerEvent: {}
[628.415430] (-) TimerEvent: {}
[628.516913] (-) TimerEvent: {}
[628.618386] (-) TimerEvent: {}
[628.720363] (-) TimerEvent: {}
[628.821913] (-) TimerEvent: {}
[628.923432] (-) TimerEvent: {}
[629.024937] (-) TimerEvent: {}
[629.126406] (-) TimerEvent: {}
[629.227930] (-) TimerEvent: {}
[629.329624] (-) TimerEvent: {}
[629.432113] (-) TimerEvent: {}
[629.533835] (-) TimerEvent: {}
[629.636550] (-) TimerEvent: {}
[629.738846] (-) TimerEvent: {}
[629.840508] (-) TimerEvent: {}
[629.942022] (-) TimerEvent: {}
[630.043731] (-) TimerEvent: {}
[630.145362] (-) TimerEvent: {}
[630.247056] (-) TimerEvent: {}
[630.348484] (-) TimerEvent: {}
[630.450086] (-) TimerEvent: {}
[630.552272] (-) TimerEvent: {}
[630.653765] (-) TimerEvent: {}
[630.755314] (-) TimerEvent: {}
[630.857009] (-) TimerEvent: {}
[630.959521] (-) TimerEvent: {}
[631.061292] (-) TimerEvent: {}
[631.163595] (-) TimerEvent: {}
[631.265188] (-) TimerEvent: {}
[631.366740] (-) TimerEvent: {}
[631.468268] (-) TimerEvent: {}
[631.569997] (-) TimerEvent: {}
[631.672408] (-) TimerEvent: {}
[631.773892] (-) TimerEvent: {}
[631.875449] (-) TimerEvent: {}
[631.976858] (-) TimerEvent: {}
[632.078314] (-) TimerEvent: {}
[632.179885] (-) TimerEvent: {}
[632.281348] (-) TimerEvent: {}
[632.383061] (-) TimerEvent: {}
[632.484817] (-) TimerEvent: {}
[632.586587] (-) TimerEvent: {}
[632.688387] (-) TimerEvent: {}
[632.789902] (-) TimerEvent: {}
[632.891656] (-) TimerEvent: {}
[632.994162] (-) TimerEvent: {}
[633.095814] (-) TimerEvent: {}
[633.197521] (-) TimerEvent: {}
[633.299827] (-) TimerEvent: {}
[633.402358] (-) TimerEvent: {}
[633.504735] (-) TimerEvent: {}
[633.606287] (-) TimerEvent: {}
[633.757298] (-) TimerEvent: {}
[633.858920] (-) TimerEvent: {}
[633.960426] (-) TimerEvent: {}
[634.062202] (-) TimerEvent: {}
[634.163929] (-) TimerEvent: {}
[634.266435] (-) TimerEvent: {}
[634.367975] (-) TimerEvent: {}
[634.469467] (-) TimerEvent: {}
[634.571268] (-) TimerEvent: {}
[634.672933] (-) TimerEvent: {}
[634.774608] (-) TimerEvent: {}
[634.876782] (-) TimerEvent: {}
[634.978393] (-) TimerEvent: {}
[635.080141] (-) TimerEvent: {}
[635.202354] (-) TimerEvent: {}
[635.327967] (-) TimerEvent: {}
[635.430377] (-) TimerEvent: {}
[635.532947] (-) TimerEvent: {}
[635.634717] (-) TimerEvent: {}
[635.736601] (-) TimerEvent: {}
[635.838046] (-) TimerEvent: {}
[635.939553] (-) TimerEvent: {}
[636.041019] (-) TimerEvent: {}
[636.143727] (-) TimerEvent: {}
[636.245271] (-) TimerEvent: {}
[636.346755] (-) TimerEvent: {}
[636.448274] (-) TimerEvent: {}
[636.549843] (-) TimerEvent: {}
[636.651290] (-) TimerEvent: {}
[636.752732] (-) TimerEvent: {}
[636.854266] (-) TimerEvent: {}
[636.955786] (-) TimerEvent: {}
[637.057460] (-) TimerEvent: {}
[637.159008] (-) TimerEvent: {}
[637.260298] (-) TimerEvent: {}
[637.361849] (-) TimerEvent: {}
[637.463556] (-) TimerEvent: {}
[637.565285] (-) TimerEvent: {}
[637.666752] (-) TimerEvent: {}
[637.768366] (-) TimerEvent: {}
[637.869835] (-) TimerEvent: {}
[637.971452] (-) TimerEvent: {}
[638.072877] (-) TimerEvent: {}
[638.174380] (-) TimerEvent: {}
[638.276044] (-) TimerEvent: {}
[638.378085] (-) TimerEvent: {}
[638.479668] (-) TimerEvent: {}
[638.582005] (-) TimerEvent: {}
[638.684911] (-) TimerEvent: {}
[638.786413] (-) TimerEvent: {}
[638.887948] (-) TimerEvent: {}
[638.989440] (-) TimerEvent: {}
[639.090988] (-) TimerEvent: {}
[639.192367] (-) TimerEvent: {}
[639.293992] (-) TimerEvent: {}
[639.395649] (-) TimerEvent: {}
[639.497266] (-) TimerEvent: {}
[639.598896] (-) TimerEvent: {}
[639.700350] (-) TimerEvent: {}
[639.802139] (-) TimerEvent: {}
[639.904866] (-) TimerEvent: {}
[640.007028] (-) TimerEvent: {}
[640.108564] (-) TimerEvent: {}
[640.210014] (-) TimerEvent: {}
[640.311581] (-) TimerEvent: {}
[640.413460] (-) TimerEvent: {}
[640.515527] (-) TimerEvent: {}
[640.617003] (-) TimerEvent: {}
[640.718386] (-) TimerEvent: {}
[640.819844] (-) TimerEvent: {}
[640.921316] (-) TimerEvent: {}
[641.022962] (-) TimerEvent: {}
[641.124880] (-) TimerEvent: {}
[641.227396] (-) TimerEvent: {}
[641.328757] (-) TimerEvent: {}
[641.429992] (-) TimerEvent: {}
[641.531793] (-) TimerEvent: {}
[641.635210] (-) TimerEvent: {}
[641.737428] (-) TimerEvent: {}
[641.839214] (-) TimerEvent: {}
[641.941484] (-) TimerEvent: {}
[642.043108] (-) TimerEvent: {}
[642.144544] (-) TimerEvent: {}
[642.246010] (-) TimerEvent: {}
[642.347461] (-) TimerEvent: {}
[642.448874] (-) TimerEvent: {}
[642.550556] (-) TimerEvent: {}
[642.652358] (-) TimerEvent: {}
[642.754025] (-) TimerEvent: {}
[642.855707] (-) TimerEvent: {}
[642.957546] (-) TimerEvent: {}
[643.059220] (-) TimerEvent: {}
[643.160918] (-) TimerEvent: {}
[643.263552] (-) TimerEvent: {}
[643.365206] (-) TimerEvent: {}
[643.466682] (-) TimerEvent: {}
[643.569798] (-) TimerEvent: {}
[643.673087] (-) TimerEvent: {}
[643.774529] (-) TimerEvent: {}
[643.876130] (-) TimerEvent: {}
[643.977646] (-) TimerEvent: {}
[644.079266] (-) TimerEvent: {}
[644.180947] (-) TimerEvent: {}
[644.282747] (-) TimerEvent: {}
[644.384393] (-) TimerEvent: {}
[644.486185] (-) TimerEvent: {}
[644.587951] (-) TimerEvent: {}
[644.689686] (-) TimerEvent: {}
[644.791199] (-) TimerEvent: {}
[644.892675] (-) TimerEvent: {}
[644.994114] (-) TimerEvent: {}
[645.095561] (-) TimerEvent: {}
[645.197129] (-) TimerEvent: {}
[645.298804] (-) TimerEvent: {}
[645.400513] (-) TimerEvent: {}
[645.502300] (-) TimerEvent: {}
[645.604108] (-) TimerEvent: {}
[645.705614] (-) TimerEvent: {}
[645.807268] (-) TimerEvent: {}
[645.908733] (-) TimerEvent: {}
[646.010318] (-) TimerEvent: {}
[646.112188] (-) TimerEvent: {}
[646.213604] (-) TimerEvent: {}
[646.315252] (-) TimerEvent: {}
[646.416862] (-) TimerEvent: {}
[646.518749] (-) TimerEvent: {}
[646.620628] (-) TimerEvent: {}
[646.722543] (-) TimerEvent: {}
[646.823979] (-) TimerEvent: {}
[646.925627] (-) TimerEvent: {}
[647.027455] (-) TimerEvent: {}
[647.129236] (-) TimerEvent: {}
[647.231959] (-) TimerEvent: {}
[647.333419] (-) TimerEvent: {}
[647.435185] (-) TimerEvent: {}
[647.537556] (-) TimerEvent: {}
[647.639141] (-) TimerEvent: {}
[647.740644] (-) TimerEvent: {}
[647.842410] (-) TimerEvent: {}
[647.944441] (-) TimerEvent: {}
[648.046117] (-) TimerEvent: {}
[648.147648] (-) TimerEvent: {}
[648.249197] (-) TimerEvent: {}
[648.350738] (-) TimerEvent: {}
[648.452237] (-) TimerEvent: {}
[648.553729] (-) TimerEvent: {}
[648.655220] (-) TimerEvent: {}
[648.756814] (-) TimerEvent: {}
[648.858242] (-) TimerEvent: {}
[648.959809] (-) TimerEvent: {}
[649.061262] (-) TimerEvent: {}
[649.162898] (-) TimerEvent: {}
[649.265459] (-) TimerEvent: {}
[649.368074] (-) TimerEvent: {}
[649.469850] (-) TimerEvent: {}
[649.572047] (-) TimerEvent: {}
[649.673507] (-) TimerEvent: {}
[649.778091] (-) TimerEvent: {}
[649.879795] (-) TimerEvent: {}
[649.981482] (-) TimerEvent: {}
[650.083203] (-) TimerEvent: {}
[650.184841] (-) TimerEvent: {}
[650.286638] (-) TimerEvent: {}
[650.388324] (-) TimerEvent: {}
[650.489829] (-) TimerEvent: {}
[650.591560] (-) TimerEvent: {}
[650.693236] (-) TimerEvent: {}
[650.794763] (-) TimerEvent: {}
[650.896431] (-) TimerEvent: {}
[650.998954] (-) TimerEvent: {}
[651.101449] (-) TimerEvent: {}
[651.203956] (-) TimerEvent: {}
[651.305468] (-) TimerEvent: {}
[651.407244] (-) TimerEvent: {}
[651.509357] (-) TimerEvent: {}
[651.610883] (-) TimerEvent: {}
[651.712509] (-) TimerEvent: {}
[651.815121] (-) TimerEvent: {}
[651.917567] (-) TimerEvent: {}
[652.020075] (-) TimerEvent: {}
[652.121509] (-) TimerEvent: {}
[652.223013] (-) TimerEvent: {}
[652.324248] (-) TimerEvent: {}
[652.425641] (-) TimerEvent: {}
[652.527230] (-) TimerEvent: {}
[652.628804] (-) TimerEvent: {}
[652.731581] (-) TimerEvent: {}
[652.833133] (-) TimerEvent: {}
[652.934752] (-) TimerEvent: {}
[653.036195] (-) TimerEvent: {}
[653.137708] (-) TimerEvent: {}
[653.239225] (-) TimerEvent: {}
[653.340699] (-) TimerEvent: {}
[653.442209] (-) TimerEvent: {}
[653.543887] (-) TimerEvent: {}
[653.645356] (-) TimerEvent: {}
[653.747254] (-) TimerEvent: {}
[653.848676] (-) TimerEvent: {}
[653.950062] (-) TimerEvent: {}
[654.051560] (-) TimerEvent: {}
[654.153131] (-) TimerEvent: {}
[654.254691] (-) TimerEvent: {}
[654.356281] (-) TimerEvent: {}
[654.457704] (-) TimerEvent: {}
[654.559450] (-) TimerEvent: {}
[654.661128] (-) TimerEvent: {}
[654.762661] (-) TimerEvent: {}
[654.864135] (-) TimerEvent: {}
[654.966018] (-) TimerEvent: {}
[655.068289] (-) TimerEvent: {}
[655.169928] (-) TimerEvent: {}
[655.271532] (-) TimerEvent: {}
[655.372953] (-) TimerEvent: {}
[655.474429] (-) TimerEvent: {}
[655.576114] (-) TimerEvent: {}
[655.677531] (-) TimerEvent: {}
[655.779041] (-) TimerEvent: {}
[655.880483] (-) TimerEvent: {}
[655.982015] (-) TimerEvent: {}
[656.083577] (-) TimerEvent: {}
[656.185449] (-) TimerEvent: {}
[656.287421] (-) TimerEvent: {}
[656.389153] (-) TimerEvent: {}
[656.490985] (-) TimerEvent: {}
[656.592680] (-) TimerEvent: {}
[656.694301] (-) TimerEvent: {}
[656.795960] (-) TimerEvent: {}
[656.897601] (-) TimerEvent: {}
[656.999089] (-) TimerEvent: {}
[657.100617] (-) TimerEvent: {}
[657.202071] (-) TimerEvent: {}
[657.303675] (-) TimerEvent: {}
[657.405277] (-) TimerEvent: {}
[657.507458] (-) TimerEvent: {}
[657.608901] (-) TimerEvent: {}
[657.710279] (-) TimerEvent: {}
[657.811848] (-) TimerEvent: {}
[657.913486] (-) TimerEvent: {}
[658.015125] (-) TimerEvent: {}
[658.116647] (-) TimerEvent: {}
[658.218137] (-) TimerEvent: {}
[658.319615] (-) TimerEvent: {}
[658.421552] (-) TimerEvent: {}
[658.523109] (-) TimerEvent: {}
[658.624606] (-) TimerEvent: {}
[658.725996] (-) TimerEvent: {}
[658.827836] (-) TimerEvent: {}
[658.929324] (-) TimerEvent: {}
[659.030908] (-) TimerEvent: {}
[659.132658] (-) TimerEvent: {}
[659.234370] (-) TimerEvent: {}
[659.336130] (-) TimerEvent: {}
[659.437876] (-) TimerEvent: {}
[659.539412] (-) TimerEvent: {}
[659.640854] (-) TimerEvent: {}
[659.742379] (-) TimerEvent: {}
[659.844042] (-) TimerEvent: {}
[659.945526] (-) TimerEvent: {}
[660.047378] (-) TimerEvent: {}
[660.165337] (-) TimerEvent: {}
[660.268102] (-) TimerEvent: {}
[660.369568] (-) TimerEvent: {}
[660.471229] (-) TimerEvent: {}
[660.572775] (-) TimerEvent: {}
[660.674349] (-) TimerEvent: {}
[660.775893] (-) TimerEvent: {}
[660.877585] (-) TimerEvent: {}
[660.980042] (-) TimerEvent: {}
[661.081915] (-) TimerEvent: {}
[661.183412] (-) TimerEvent: {}
[661.284890] (-) TimerEvent: {}
[661.386439] (-) TimerEvent: {}
[661.487889] (-) TimerEvent: {}
[661.589412] (-) TimerEvent: {}
[661.691734] (-) TimerEvent: {}
[661.793255] (-) TimerEvent: {}
[661.895568] (-) TimerEvent: {}
[661.996990] (-) TimerEvent: {}
[662.098432] (-) TimerEvent: {}
[662.199964] (-) TimerEvent: {}
[662.301377] (-) TimerEvent: {}
[662.403020] (-) TimerEvent: {}
[662.504600] (-) TimerEvent: {}
[662.606214] (-) TimerEvent: {}
[662.708066] (-) TimerEvent: {}
[662.809448] (-) TimerEvent: {}
[662.911166] (-) TimerEvent: {}
[663.013641] (-) TimerEvent: {}
[663.115105] (-) TimerEvent: {}
[663.216555] (-) TimerEvent: {}
[663.318039] (-) TimerEvent: {}
[663.420522] (-) TimerEvent: {}
[663.521934] (-) TimerEvent: {}
[663.623760] (-) TimerEvent: {}
[663.726519] (-) TimerEvent: {}
[663.828229] (-) TimerEvent: {}
[663.929649] (-) TimerEvent: {}
[664.031114] (-) TimerEvent: {}
[664.132654] (-) TimerEvent: {}
[664.234079] (-) TimerEvent: {}
[664.335766] (-) TimerEvent: {}
[664.437999] (-) TimerEvent: {}
[664.539856] (-) TimerEvent: {}
[664.641538] (-) TimerEvent: {}
[664.742770] (-) TimerEvent: {}
[664.844312] (-) TimerEvent: {}
[664.945732] (-) TimerEvent: {}
[665.047475] (-) TimerEvent: {}
[665.148994] (-) TimerEvent: {}
[665.250741] (-) TimerEvent: {}
[665.352515] (-) TimerEvent: {}
[665.454182] (-) TimerEvent: {}
[665.556023] (-) TimerEvent: {}
[665.657660] (-) TimerEvent: {}
[665.759378] (-) TimerEvent: {}
[665.861084] (-) TimerEvent: {}
[665.962750] (-) TimerEvent: {}
[666.064321] (-) TimerEvent: {}
[666.176674] (-) TimerEvent: {}
[666.292503] (-) TimerEvent: {}
[666.393945] (-) TimerEvent: {}
[666.495512] (-) TimerEvent: {}
[666.597059] (-) TimerEvent: {}
[666.698541] (-) TimerEvent: {}
[666.800053] (-) TimerEvent: {}
[666.901475] (-) TimerEvent: {}
[667.003123] (-) TimerEvent: {}
[667.104774] (-) TimerEvent: {}
[667.206604] (-) TimerEvent: {}
[667.308246] (-) TimerEvent: {}
[667.410054] (-) TimerEvent: {}
[667.512373] (-) TimerEvent: {}
[667.613895] (-) TimerEvent: {}
[667.715489] (-) TimerEvent: {}
[667.816890] (-) TimerEvent: {}
[667.918647] (-) TimerEvent: {}
[668.020197] (-) TimerEvent: {}
[668.121707] (-) TimerEvent: {}
[668.223302] (-) TimerEvent: {}
[668.324793] (-) TimerEvent: {}
[668.426596] (-) TimerEvent: {}
[668.528530] (-) TimerEvent: {}
[668.630179] (-) TimerEvent: {}
[668.731786] (-) TimerEvent: {}
[668.833577] (-) TimerEvent: {}
[668.935072] (-) TimerEvent: {}
[669.036580] (-) TimerEvent: {}
[669.138076] (-) TimerEvent: {}
[669.239616] (-) TimerEvent: {}
[669.341082] (-) TimerEvent: {}
[669.442720] (-) TimerEvent: {}
[669.544271] (-) TimerEvent: {}
[669.645748] (-) TimerEvent: {}
[669.747611] (-) TimerEvent: {}
[669.849170] (-) TimerEvent: {}
[669.950941] (-) TimerEvent: {}
[670.052642] (-) TimerEvent: {}
[670.154033] (-) TimerEvent: {}
[670.255558] (-) TimerEvent: {}
[670.357031] (-) TimerEvent: {}
[670.458536] (-) TimerEvent: {}
[670.559994] (-) TimerEvent: {}
[670.661547] (-) TimerEvent: {}
[670.762840] (-) TimerEvent: {}
[670.864341] (-) TimerEvent: {}
[670.966175] (-) TimerEvent: {}
[671.068031] (-) TimerEvent: {}
[671.169836] (-) TimerEvent: {}
[671.271693] (-) TimerEvent: {}
[671.373140] (-) TimerEvent: {}
[671.474881] (-) TimerEvent: {}
[671.576512] (-) TimerEvent: {}
[671.678206] (-) TimerEvent: {}
[671.779919] (-) TimerEvent: {}
[671.881500] (-) TimerEvent: {}
[671.983433] (-) TimerEvent: {}
[672.085431] (-) TimerEvent: {}
[672.187356] (-) TimerEvent: {}
[672.288910] (-) TimerEvent: {}
[672.390378] (-) TimerEvent: {}
[672.491989] (-) TimerEvent: {}
[672.593534] (-) TimerEvent: {}
[672.694960] (-) TimerEvent: {}
[672.796391] (-) TimerEvent: {}
[672.897975] (-) TimerEvent: {}
[672.999620] (-) TimerEvent: {}
[673.101015] (-) TimerEvent: {}
[673.202751] (-) TimerEvent: {}
[673.304448] (-) TimerEvent: {}
[673.406156] (-) TimerEvent: {}
[673.507837] (-) TimerEvent: {}
[673.609368] (-) TimerEvent: {}
[673.710807] (-) TimerEvent: {}
[673.812394] (-) TimerEvent: {}
[673.914070] (-) TimerEvent: {}
[674.015602] (-) TimerEvent: {}
[674.117262] (-) TimerEvent: {}
[674.218961] (-) TimerEvent: {}
[674.320394] (-) TimerEvent: {}
[674.421948] (-) TimerEvent: {}
[674.523612] (-) TimerEvent: {}
[674.625071] (-) TimerEvent: {}
[674.726530] (-) TimerEvent: {}
[674.827932] (-) TimerEvent: {}
[674.929603] (-) TimerEvent: {}
[675.030944] (-) TimerEvent: {}
[675.132398] (-) TimerEvent: {}
[675.234272] (-) TimerEvent: {}
[675.336364] (-) TimerEvent: {}
[675.437954] (-) TimerEvent: {}
[675.539995] (-) TimerEvent: {}
[675.641747] (-) TimerEvent: {}
[675.743487] (-) TimerEvent: {}
[675.845133] (-) TimerEvent: {}
[675.946742] (-) TimerEvent: {}
[676.048303] (-) TimerEvent: {}
[676.150135] (-) TimerEvent: {}
[676.251855] (-) TimerEvent: {}
[676.353396] (-) TimerEvent: {}
[676.455171] (-) TimerEvent: {}
[676.556695] (-) TimerEvent: {}
[676.658156] (-) TimerEvent: {}
[676.759633] (-) TimerEvent: {}
[676.861073] (-) TimerEvent: {}
[676.962604] (-) TimerEvent: {}
[677.064267] (-) TimerEvent: {}
[677.165854] (-) TimerEvent: {}
[677.267391] (-) TimerEvent: {}
[677.368810] (-) TimerEvent: {}
[677.471238] (-) TimerEvent: {}
[677.572776] (-) TimerEvent: {}
[677.674245] (-) TimerEvent: {}
[677.775756] (-) TimerEvent: {}
[677.877234] (-) TimerEvent: {}
[677.978656] (-) TimerEvent: {}
[678.080258] (-) TimerEvent: {}
[678.181702] (-) TimerEvent: {}
[678.283192] (-) TimerEvent: {}
[678.384744] (-) TimerEvent: {}
[678.486407] (-) TimerEvent: {}
[678.587979] (-) TimerEvent: {}
[678.689532] (-) TimerEvent: {}
[678.791153] (-) TimerEvent: {}
[678.892818] (-) TimerEvent: {}
[678.994720] (-) TimerEvent: {}
[679.096102] (-) TimerEvent: {}
[679.197840] (-) TimerEvent: {}
[679.299572] (-) TimerEvent: {}
[679.401391] (-) TimerEvent: {}
[679.503013] (-) TimerEvent: {}
[679.604633] (-) TimerEvent: {}
[679.706190] (-) TimerEvent: {}
[679.807898] (-) TimerEvent: {}
[679.909405] (-) TimerEvent: {}
[680.010917] (-) TimerEvent: {}
[680.112413] (-) TimerEvent: {}
[680.213918] (-) TimerEvent: {}
[680.315490] (-) TimerEvent: {}
[680.416994] (-) TimerEvent: {}
[680.518568] (-) TimerEvent: {}
[680.620124] (-) TimerEvent: {}
[680.721543] (-) TimerEvent: {}
[680.823092] (-) TimerEvent: {}
[680.924511] (-) TimerEvent: {}
[681.026278] (-) TimerEvent: {}
[681.128034] (-) TimerEvent: {}
[681.229610] (-) TimerEvent: {}
[681.331062] (-) TimerEvent: {}
[681.432562] (-) TimerEvent: {}
[681.534114] (-) TimerEvent: {}
[681.635503] (-) TimerEvent: {}
[681.736947] (-) TimerEvent: {}
[681.838248] (-) TimerEvent: {}
[681.940019] (-) TimerEvent: {}
[682.042103] (-) TimerEvent: {}
[682.144428] (-) TimerEvent: {}
[682.246348] (-) TimerEvent: {}
[682.348041] (-) TimerEvent: {}
[682.449766] (-) TimerEvent: {}
[682.551514] (-) TimerEvent: {}
[682.653110] (-) TimerEvent: {}
[682.755062] (-) TimerEvent: {}
[682.856428] (-) TimerEvent: {}
[682.957968] (-) TimerEvent: {}
[683.059445] (-) TimerEvent: {}
[683.160916] (-) TimerEvent: {}
[683.262425] (-) TimerEvent: {}
[683.363934] (-) TimerEvent: {}
[683.465901] (-) TimerEvent: {}
[683.568026] (-) TimerEvent: {}
[683.669930] (-) TimerEvent: {}
[683.772750] (-) TimerEvent: {}
[683.874410] (-) TimerEvent: {}
[683.975962] (-) TimerEvent: {}
[684.077601] (-) TimerEvent: {}
[684.179089] (-) TimerEvent: {}
[684.280562] (-) TimerEvent: {}
[684.382089] (-) TimerEvent: {}
[684.483573] (-) TimerEvent: {}
[684.585442] (-) TimerEvent: {}
[684.687286] (-) TimerEvent: {}
[684.788766] (-) TimerEvent: {}
[684.890204] (-) TimerEvent: {}
[684.991618] (-) TimerEvent: {}
[685.093361] (-) TimerEvent: {}
[685.194811] (-) TimerEvent: {}
[685.296482] (-) TimerEvent: {}
[685.398171] (-) TimerEvent: {}
[685.499723] (-) TimerEvent: {}
[685.601115] (-) TimerEvent: {}
[685.702788] (-) TimerEvent: {}
[685.804508] (-) TimerEvent: {}
[685.906200] (-) TimerEvent: {}
[686.008031] (-) TimerEvent: {}
[686.110084] (-) TimerEvent: {}
[686.211682] (-) TimerEvent: {}
[686.313079] (-) TimerEvent: {}
[686.414826] (-) TimerEvent: {}
[686.517426] (-) TimerEvent: {}
[686.620025] (-) TimerEvent: {}
[686.721467] (-) TimerEvent: {}
[686.822870] (-) TimerEvent: {}
[686.924483] (-) TimerEvent: {}
[687.026082] (-) TimerEvent: {}
[687.127899] (-) TimerEvent: {}
[687.229194] (-) TimerEvent: {}
[687.330608] (-) TimerEvent: {}
[687.431938] (-) TimerEvent: {}
[687.533564] (-) TimerEvent: {}
[687.635158] (-) TimerEvent: {}
[687.736607] (-) TimerEvent: {}
[687.838013] (-) TimerEvent: {}
[687.940304] (-) TimerEvent: {}
[688.041747] (-) TimerEvent: {}
[688.143220] (-) TimerEvent: {}
[688.244639] (-) TimerEvent: {}
[688.346108] (-) TimerEvent: {}
[688.447930] (-) TimerEvent: {}
[688.549977] (-) TimerEvent: {}
[688.652603] (-) TimerEvent: {}
[688.754162] (-) TimerEvent: {}
[688.855696] (-) TimerEvent: {}
[688.957197] (-) TimerEvent: {}
[689.058675] (-) TimerEvent: {}
[689.160347] (-) TimerEvent: {}
[689.262179] (-) TimerEvent: {}
[689.364110] (-) TimerEvent: {}
[689.465643] (-) TimerEvent: {}
[689.567180] (-) TimerEvent: {}
[689.668630] (-) TimerEvent: {}
[689.770085] (-) TimerEvent: {}
[689.871623] (-) TimerEvent: {}
[689.973193] (-) TimerEvent: {}
[690.074782] (-) TimerEvent: {}
[690.176343] (-) TimerEvent: {}
[690.277869] (-) TimerEvent: {}
[690.379436] (-) TimerEvent: {}
[690.480861] (-) TimerEvent: {}
[690.582390] (-) TimerEvent: {}
[690.683945] (-) TimerEvent: {}
[690.785593] (-) TimerEvent: {}
[690.887556] (-) TimerEvent: {}
[690.989007] (-) TimerEvent: {}
[691.090593] (-) TimerEvent: {}
[691.192169] (-) TimerEvent: {}
[691.293566] (-) TimerEvent: {}
[691.395252] (-) TimerEvent: {}
[691.496725] (-) TimerEvent: {}
[691.598205] (-) TimerEvent: {}
[691.699808] (-) TimerEvent: {}
[691.801193] (-) TimerEvent: {}
[691.902986] (-) TimerEvent: {}
[692.004551] (-) TimerEvent: {}
[692.106254] (-) TimerEvent: {}
[692.208065] (-) TimerEvent: {}
[692.309586] (-) TimerEvent: {}
[692.411461] (-) TimerEvent: {}
[692.513030] (-) TimerEvent: {}
[692.614617] (-) TimerEvent: {}
[692.716178] (-) TimerEvent: {}
[692.817919] (-) TimerEvent: {}
[692.919824] (-) TimerEvent: {}
[693.021449] (-) TimerEvent: {}
[693.123153] (-) TimerEvent: {}
[693.224625] (-) TimerEvent: {}
[693.327064] (-) TimerEvent: {}
[693.428706] (-) TimerEvent: {}
[693.530152] (-) TimerEvent: {}
[693.631765] (-) TimerEvent: {}
[693.733186] (-) TimerEvent: {}
[693.834679] (-) TimerEvent: {}
[693.936075] (-) TimerEvent: {}
[694.037482] (-) TimerEvent: {}
[694.138991] (-) TimerEvent: {}
[694.240449] (-) TimerEvent: {}
[694.342114] (-) TimerEvent: {}
[694.443606] (-) TimerEvent: {}
[694.545428] (-) TimerEvent: {}
[694.647023] (-) TimerEvent: {}
[694.748664] (-) TimerEvent: {}
[694.851560] (-) TimerEvent: {}
[694.954083] (-) TimerEvent: {}
[695.057044] (-) TimerEvent: {}
[695.159957] (-) TimerEvent: {}
[695.261761] (-) TimerEvent: {}
[695.363663] (-) TimerEvent: {}
[695.465346] (-) TimerEvent: {}
[695.566961] (-) TimerEvent: {}
[695.668882] (-) TimerEvent: {}
[695.770351] (-) TimerEvent: {}
[695.871865] (-) TimerEvent: {}
[695.973855] (-) TimerEvent: {}
[696.075483] (-) TimerEvent: {}
[696.177294] (-) TimerEvent: {}
[696.279019] (-) TimerEvent: {}
[696.381155] (-) TimerEvent: {}
[696.482752] (-) TimerEvent: {}
[696.584153] (-) TimerEvent: {}
[696.687534] (-) TimerEvent: {}
[696.789706] (-) TimerEvent: {}
[696.891297] (-) TimerEvent: {}
[696.992966] (-) TimerEvent: {}
[697.094561] (-) TimerEvent: {}
[697.196201] (-) TimerEvent: {}
[697.297906] (-) TimerEvent: {}
[697.399575] (-) TimerEvent: {}
[697.501102] (-) TimerEvent: {}
[697.602667] (-) TimerEvent: {}
[697.703958] (-) TimerEvent: {}
[697.805599] (-) TimerEvent: {}
[697.907315] (-) TimerEvent: {}
[698.008901] (-) TimerEvent: {}
[698.110803] (-) TimerEvent: {}
[698.212369] (-) TimerEvent: {}
[698.313833] (-) TimerEvent: {}
[698.415480] (-) TimerEvent: {}
[698.517143] (-) TimerEvent: {}
[698.618675] (-) TimerEvent: {}
[698.720693] (-) TimerEvent: {}
[698.823652] (-) TimerEvent: {}
[698.925010] (-) TimerEvent: {}
[699.026509] (-) TimerEvent: {}
[699.127982] (-) TimerEvent: {}
[699.229633] (-) TimerEvent: {}
[699.331283] (-) TimerEvent: {}
[699.432808] (-) TimerEvent: {}
[699.534673] (-) TimerEvent: {}
[699.636431] (-) TimerEvent: {}
[699.738322] (-) TimerEvent: {}
[699.840150] (-) TimerEvent: {}
[699.941764] (-) TimerEvent: {}
[700.043437] (-) TimerEvent: {}
[700.145115] (-) TimerEvent: {}
[700.246654] (-) TimerEvent: {}
[700.347955] (-) TimerEvent: {}
[700.449335] (-) TimerEvent: {}
[700.551186] (-) TimerEvent: {}
[700.652733] (-) TimerEvent: {}
[700.754169] (-) TimerEvent: {}
[700.855777] (-) TimerEvent: {}
[700.957112] (-) TimerEvent: {}
[701.058606] (-) TimerEvent: {}
[701.159856] (-) TimerEvent: {}
[701.261688] (-) TimerEvent: {}
[701.362979] (-) TimerEvent: {}
[701.464483] (-) TimerEvent: {}
[701.565886] (-) TimerEvent: {}
[701.667429] (-) TimerEvent: {}
[701.769250] (-) TimerEvent: {}
[701.870874] (-) TimerEvent: {}
[701.972420] (-) TimerEvent: {}
[702.074314] (-) TimerEvent: {}
[702.176614] (-) TimerEvent: {}
[702.279189] (-) TimerEvent: {}
[702.380739] (-) TimerEvent: {}
[702.482138] (-) TimerEvent: {}
[702.583907] (-) TimerEvent: {}
[702.685615] (-) TimerEvent: {}
[702.787258] (-) TimerEvent: {}
[702.888815] (-) TimerEvent: {}
[702.990236] (-) TimerEvent: {}
[703.091749] (-) TimerEvent: {}
[703.193347] (-) TimerEvent: {}
[703.294991] (-) TimerEvent: {}
[703.396493] (-) TimerEvent: {}
[703.497976] (-) TimerEvent: {}
[703.599356] (-) TimerEvent: {}
[703.700840] (-) TimerEvent: {}
[703.802316] (-) TimerEvent: {}
[703.903933] (-) TimerEvent: {}
[704.005534] (-) TimerEvent: {}
[704.107206] (-) TimerEvent: {}
[704.208721] (-) TimerEvent: {}
[704.310325] (-) TimerEvent: {}
[704.411986] (-) TimerEvent: {}
[704.513538] (-) TimerEvent: {}
[704.615670] (-) TimerEvent: {}
[704.717144] (-) TimerEvent: {}
[704.818680] (-) TimerEvent: {}
[704.920183] (-) TimerEvent: {}
[705.021727] (-) TimerEvent: {}
[705.123227] (-) TimerEvent: {}
[705.225075] (-) TimerEvent: {}
[705.326583] (-) TimerEvent: {}
[705.428144] (-) TimerEvent: {}
[705.529663] (-) TimerEvent: {}
[705.630929] (-) TimerEvent: {}
[705.732278] (-) TimerEvent: {}
[705.833785] (-) TimerEvent: {}
[705.935398] (-) TimerEvent: {}
[706.036955] (-) TimerEvent: {}
[706.138526] (-) TimerEvent: {}
[706.240215] (-) TimerEvent: {}
[706.341703] (-) TimerEvent: {}
[706.443465] (-) TimerEvent: {}
[706.544999] (-) TimerEvent: {}
[706.646499] (-) TimerEvent: {}
[706.747941] (-) TimerEvent: {}
[706.849387] (-) TimerEvent: {}
[706.950955] (-) TimerEvent: {}
[707.052213] (-) TimerEvent: {}
[707.153673] (-) TimerEvent: {}
[707.254869] (-) TimerEvent: {}
[707.356728] (-) TimerEvent: {}
[707.458620] (-) TimerEvent: {}
[707.560022] (-) TimerEvent: {}
[707.661730] (-) TimerEvent: {}
[707.763456] (-) TimerEvent: {}
[707.864905] (-) TimerEvent: {}
[707.966683] (-) TimerEvent: {}
[708.068182] (-) TimerEvent: {}
[708.169896] (-) TimerEvent: {}
[708.271912] (-) TimerEvent: {}
[708.373547] (-) TimerEvent: {}
[708.475206] (-) TimerEvent: {}
[708.576739] (-) TimerEvent: {}
[708.678595] (-) TimerEvent: {}
[708.780675] (-) TimerEvent: {}
[708.882126] (-) TimerEvent: {}
[708.983925] (-) TimerEvent: {}
[709.085494] (-) TimerEvent: {}
[709.187262] (-) TimerEvent: {}
[709.289062] (-) TimerEvent: {}
[709.390611] (-) TimerEvent: {}
[709.492053] (-) TimerEvent: {}
[709.593546] (-) TimerEvent: {}
[709.695148] (-) TimerEvent: {}
[709.796377] (-) TimerEvent: {}
[709.898039] (-) TimerEvent: {}
[709.999752] (-) TimerEvent: {}
[710.101407] (-) TimerEvent: {}
[710.202767] (-) TimerEvent: {}
[710.304289] (-) TimerEvent: {}
[710.406026] (-) TimerEvent: {}
[710.507713] (-) TimerEvent: {}
[710.609225] (-) TimerEvent: {}
[710.710597] (-) TimerEvent: {}
[710.812208] (-) TimerEvent: {}
[710.913689] (-) TimerEvent: {}
[711.015293] (-) TimerEvent: {}
[711.116766] (-) TimerEvent: {}
[711.218270] (-) TimerEvent: {}
[711.319687] (-) TimerEvent: {}
[711.421271] (-) TimerEvent: {}
[711.522775] (-) TimerEvent: {}
[711.624280] (-) TimerEvent: {}
[711.725777] (-) TimerEvent: {}
[711.827322] (-) TimerEvent: {}
[711.928898] (-) TimerEvent: {}
[712.030421] (-) TimerEvent: {}
[712.132138] (-) TimerEvent: {}
[712.233559] (-) TimerEvent: {}
[712.335051] (-) TimerEvent: {}
[712.436499] (-) TimerEvent: {}
[712.538207] (-) TimerEvent: {}
[712.640194] (-) TimerEvent: {}
[712.741929] (-) TimerEvent: {}
[712.843593] (-) TimerEvent: {}
[712.945088] (-) TimerEvent: {}
[713.046732] (-) TimerEvent: {}
[713.148541] (-) TimerEvent: {}
[713.250166] (-) TimerEvent: {}
[713.351899] (-) TimerEvent: {}
[713.453623] (-) TimerEvent: {}
[713.555549] (-) TimerEvent: {}
[713.657122] (-) TimerEvent: {}
[713.758862] (-) TimerEvent: {}
[713.860471] (-) TimerEvent: {}
[713.962000] (-) TimerEvent: {}
[714.063777] (-) TimerEvent: {}
[714.165432] (-) TimerEvent: {}
[714.267167] (-) TimerEvent: {}
[714.369184] (-) TimerEvent: {}
[714.470856] (-) TimerEvent: {}
[714.572528] (-) TimerEvent: {}
[714.674267] (-) TimerEvent: {}
[714.776054] (-) TimerEvent: {}
[714.877697] (-) TimerEvent: {}
[714.979326] (-) TimerEvent: {}
[715.080918] (-) TimerEvent: {}
[715.182427] (-) TimerEvent: {}
[715.284105] (-) TimerEvent: {}
[715.385750] (-) TimerEvent: {}
[715.487664] (-) TimerEvent: {}
[715.589280] (-) TimerEvent: {}
[715.690946] (-) TimerEvent: {}
[715.792547] (-) TimerEvent: {}
[715.894156] (-) TimerEvent: {}
[715.995843] (-) TimerEvent: {}
[716.097482] (-) TimerEvent: {}
[716.199134] (-) TimerEvent: {}
[716.300751] (-) TimerEvent: {}
[716.402303] (-) TimerEvent: {}
[716.503942] (-) TimerEvent: {}
[716.605479] (-) TimerEvent: {}
[716.707139] (-) TimerEvent: {}
[716.808744] (-) TimerEvent: {}
[716.910411] (-) TimerEvent: {}
[717.012029] (-) TimerEvent: {}
[717.113638] (-) TimerEvent: {}
[717.215277] (-) TimerEvent: {}
[717.316919] (-) TimerEvent: {}
[725.180779] (-) TimerEvent: {}
[725.366803] (-) TimerEvent: {}
[725.468657] (-) TimerEvent: {}
[725.827400] (-) TimerEvent: {}
[725.928972] (-) TimerEvent: {}
[726.031815] (-) TimerEvent: {}
[726.133800] (-) TimerEvent: {}
[726.235262] (-) TimerEvent: {}
[726.336769] (-) TimerEvent: {}
[726.438211] (-) TimerEvent: {}
[726.539736] (-) TimerEvent: {}
[726.641262] (-) TimerEvent: {}
[726.743374] (-) TimerEvent: {}
[732.348826] (-) TimerEvent: {}
[732.450504] (-) TimerEvent: {}
[732.552032] (-) TimerEvent: {}
[732.884826] (-) TimerEvent: {}
[733.150418] (-) TimerEvent: {}
[733.251971] (-) TimerEvent: {}
[733.353538] (-) TimerEvent: {}
[733.455499] (-) TimerEvent: {}
[733.557077] (-) TimerEvent: {}
[733.842193] (-) TimerEvent: {}
[733.943947] (-) TimerEvent: {}
[734.045317] (-) TimerEvent: {}
[734.146742] (-) TimerEvent: {}
[734.248266] (-) TimerEvent: {}
[734.349777] (-) TimerEvent: {}
[734.451505] (-) TimerEvent: {}
[734.553037] (-) TimerEvent: {}
[734.654345] (-) TimerEvent: {}
[734.756028] (-) TimerEvent: {}
[734.857570] (-) TimerEvent: {}
[734.959244] (-) TimerEvent: {}
[735.060741] (-) TimerEvent: {}
[735.162395] (-) TimerEvent: {}
[735.264078] (-) TimerEvent: {}
[735.365702] (-) TimerEvent: {}
[735.467548] (-) TimerEvent: {}
[735.569119] (-) TimerEvent: {}
[735.670800] (-) TimerEvent: {}
[735.772410] (-) TimerEvent: {}
[735.874058] (-) TimerEvent: {}
[735.975807] (-) TimerEvent: {}
[736.077463] (-) TimerEvent: {}
[736.179419] (-) TimerEvent: {}
[736.281128] (-) TimerEvent: {}
[736.382664] (-) TimerEvent: {}
[736.484211] (-) TimerEvent: {}
[736.585454] (-) TimerEvent: {}
[736.686905] (-) TimerEvent: {}
[736.788280] (-) TimerEvent: {}
[736.889756] (-) TimerEvent: {}
[736.991437] (-) TimerEvent: {}
[737.093084] (-) TimerEvent: {}
[737.194643] (-) TimerEvent: {}
[737.296206] (-) TimerEvent: {}
[737.397899] (-) TimerEvent: {}
[737.499511] (-) TimerEvent: {}
[737.601078] (-) TimerEvent: {}
[737.702559] (-) TimerEvent: {}
[737.803976] (-) TimerEvent: {}
[737.905412] (-) TimerEvent: {}
[738.007075] (-) TimerEvent: {}
[738.108510] (-) TimerEvent: {}
[738.209866] (-) TimerEvent: {}
[738.311268] (-) TimerEvent: {}
[738.412729] (-) TimerEvent: {}
[738.514393] (-) TimerEvent: {}
[738.615977] (-) TimerEvent: {}
[738.717810] (-) TimerEvent: {}
[738.819919] (-) TimerEvent: {}
[738.921391] (-) TimerEvent: {}
[739.022795] (-) TimerEvent: {}
[739.124341] (-) TimerEvent: {}
[739.225798] (-) TimerEvent: {}
[739.327356] (-) TimerEvent: {}
[739.428804] (-) TimerEvent: {}
[739.530335] (-) TimerEvent: {}
[739.631834] (-) TimerEvent: {}
[739.733458] (-) TimerEvent: {}
[739.834798] (-) TimerEvent: {}
[739.936369] (-) TimerEvent: {}
[740.037964] (-) TimerEvent: {}
[740.139696] (-) TimerEvent: {}
[740.241247] (-) TimerEvent: {}
[740.342992] (-) TimerEvent: {}
[740.444955] (-) TimerEvent: {}
[740.546822] (-) TimerEvent: {}
[740.648543] (-) TimerEvent: {}
[740.750594] (-) TimerEvent: {}
[740.851736] (-) TimerEvent: {}
[740.953180] (-) TimerEvent: {}
[741.054875] (-) TimerEvent: {}
[741.156453] (-) TimerEvent: {}
[741.257952] (-) TimerEvent: {}
[741.359526] (-) TimerEvent: {}
[741.461121] (-) TimerEvent: {}
[741.562660] (-) TimerEvent: {}
[741.664138] (-) TimerEvent: {}
[741.765713] (-) TimerEvent: {}
[741.867012] (-) TimerEvent: {}
[741.968820] (-) TimerEvent: {}
[742.070616] (-) TimerEvent: {}
[742.172411] (-) TimerEvent: {}
[742.273892] (-) TimerEvent: {}
[742.375460] (-) TimerEvent: {}
[742.477311] (-) TimerEvent: {}
[742.579415] (-) TimerEvent: {}
[742.681529] (-) TimerEvent: {}
[742.783940] (-) TimerEvent: {}
[742.885949] (-) TimerEvent: {}
[742.987646] (-) TimerEvent: {}
[743.089169] (-) TimerEvent: {}
[743.190736] (-) TimerEvent: {}
[743.292256] (-) TimerEvent: {}
[743.393971] (-) TimerEvent: {}
[743.495949] (-) TimerEvent: {}
[743.597630] (-) TimerEvent: {}
[743.699411] (-) TimerEvent: {}
[743.801100] (-) TimerEvent: {}
[743.902814] (-) TimerEvent: {}
[744.004302] (-) TimerEvent: {}
[744.105784] (-) TimerEvent: {}
[744.207530] (-) TimerEvent: {}
[744.309746] (-) TimerEvent: {}
[744.411584] (-) TimerEvent: {}
[744.515246] (-) TimerEvent: {}
[744.617000] (-) TimerEvent: {}
[744.718600] (-) TimerEvent: {}
[744.820333] (-) TimerEvent: {}
[744.921899] (-) TimerEvent: {}
[745.023608] (-) TimerEvent: {}
[745.125197] (-) TimerEvent: {}
[745.227311] (-) TimerEvent: {}
[745.329580] (-) TimerEvent: {}
[745.431664] (-) TimerEvent: {}
[745.533344] (-) TimerEvent: {}
[745.634887] (-) TimerEvent: {}
[745.736376] (-) TimerEvent: {}
[745.837542] (-) TimerEvent: {}
[745.939288] (-) TimerEvent: {}
[746.040892] (-) TimerEvent: {}
[746.142772] (-) TimerEvent: {}
[746.244788] (-) TimerEvent: {}
[746.346618] (-) TimerEvent: {}
[746.448507] (-) TimerEvent: {}
[746.550631] (-) TimerEvent: {}
[746.652120] (-) TimerEvent: {}
[746.753615] (-) TimerEvent: {}
[746.855798] (-) TimerEvent: {}
[746.958270] (-) TimerEvent: {}
[747.059906] (-) TimerEvent: {}
[747.161358] (-) TimerEvent: {}
[747.263031] (-) TimerEvent: {}
[747.365165] (-) TimerEvent: {}
[747.467014] (-) TimerEvent: {}
[747.568636] (-) TimerEvent: {}
[747.670267] (-) TimerEvent: {}
[747.772102] (-) TimerEvent: {}
[747.873771] (-) TimerEvent: {}
[747.975681] (-) TimerEvent: {}
[748.077446] (-) TimerEvent: {}
[748.179150] (-) TimerEvent: {}
[748.280578] (-) TimerEvent: {}
[748.382071] (-) TimerEvent: {}
[748.483589] (-) TimerEvent: {}
[748.585003] (-) TimerEvent: {}
[748.686476] (-) TimerEvent: {}
[748.787877] (-) TimerEvent: {}
[748.889328] (-) TimerEvent: {}
[748.991166] (-) TimerEvent: {}
[749.092625] (-) TimerEvent: {}
[749.194288] (-) TimerEvent: {}
[749.296844] (-) TimerEvent: {}
[749.398270] (-) TimerEvent: {}
[749.499610] (-) TimerEvent: {}
[749.601251] (-) TimerEvent: {}
[749.702772] (-) TimerEvent: {}
[749.804308] (-) TimerEvent: {}
[749.905704] (-) TimerEvent: {}
[750.007204] (-) TimerEvent: {}
[750.108662] (-) TimerEvent: {}
[750.210116] (-) TimerEvent: {}
[750.311578] (-) TimerEvent: {}
[750.412988] (-) TimerEvent: {}
[750.514388] (-) TimerEvent: {}
[750.615904] (-) TimerEvent: {}
[750.717468] (-) TimerEvent: {}
[750.818983] (-) TimerEvent: {}
[750.920548] (-) TimerEvent: {}
[751.022335] (-) TimerEvent: {}
[751.123771] (-) TimerEvent: {}
[751.225238] (-) TimerEvent: {}
[751.326843] (-) TimerEvent: {}
[751.428388] (-) TimerEvent: {}
[751.530106] (-) TimerEvent: {}
[751.631699] (-) TimerEvent: {}
[751.733384] (-) TimerEvent: {}
[751.835174] (-) TimerEvent: {}
[751.936844] (-) TimerEvent: {}
[752.038508] (-) TimerEvent: {}
[752.140076] (-) TimerEvent: {}
[752.241818] (-) TimerEvent: {}
[752.343378] (-) TimerEvent: {}
[752.444790] (-) TimerEvent: {}
[752.546327] (-) TimerEvent: {}
[752.647995] (-) TimerEvent: {}
[752.749636] (-) TimerEvent: {}
[752.851335] (-) TimerEvent: {}
[752.952856] (-) TimerEvent: {}
[753.054559] (-) TimerEvent: {}
[753.156209] (-) TimerEvent: {}
[753.257741] (-) TimerEvent: {}
[753.359604] (-) TimerEvent: {}
[753.460989] (-) TimerEvent: {}
[753.562429] (-) TimerEvent: {}
[753.663881] (-) TimerEvent: {}
[753.765832] (-) TimerEvent: {}
[753.868464] (-) TimerEvent: {}
[753.969922] (-) TimerEvent: {}
[754.071322] (-) TimerEvent: {}
[754.172756] (-) TimerEvent: {}
[754.274221] (-) TimerEvent: {}
[754.375787] (-) TimerEvent: {}
[754.477151] (-) TimerEvent: {}
[754.578632] (-) TimerEvent: {}
[754.680072] (-) TimerEvent: {}
[754.781572] (-) TimerEvent: {}
[754.883320] (-) TimerEvent: {}
[754.984724] (-) TimerEvent: {}
[755.086026] (-) TimerEvent: {}
[755.187686] (-) TimerEvent: {}
[755.289970] (-) TimerEvent: {}
[755.391758] (-) TimerEvent: {}
[755.493298] (-) TimerEvent: {}
[755.595264] (-) TimerEvent: {}
[755.697067] (-) TimerEvent: {}
[755.798765] (-) TimerEvent: {}
[755.900554] (-) TimerEvent: {}
[756.002373] (-) TimerEvent: {}
[756.104189] (-) TimerEvent: {}
[756.205844] (-) TimerEvent: {}
[756.307407] (-) TimerEvent: {}
[756.408872] (-) TimerEvent: {}
[756.510409] (-) TimerEvent: {}
[756.612304] (-) TimerEvent: {}
[756.714073] (-) TimerEvent: {}
[756.815785] (-) TimerEvent: {}
[756.917451] (-) TimerEvent: {}
[757.019227] (-) TimerEvent: {}
[757.120919] (-) TimerEvent: {}
[757.222642] (-) TimerEvent: {}
[757.324279] (-) TimerEvent: {}
[757.425824] (-) TimerEvent: {}
[757.527516] (-) TimerEvent: {}
[757.629009] (-) TimerEvent: {}
[757.730662] (-) TimerEvent: {}
[757.832203] (-) TimerEvent: {}
[757.933897] (-) TimerEvent: {}
[758.035496] (-) TimerEvent: {}
[758.136679] (-) TimerEvent: {}
[758.238069] (-) TimerEvent: {}
[758.339587] (-) TimerEvent: {}
[758.441176] (-) TimerEvent: {}
[758.542780] (-) TimerEvent: {}
[758.644200] (-) TimerEvent: {}
[758.745509] (-) TimerEvent: {}
[758.846931] (-) TimerEvent: {}
[758.948417] (-) TimerEvent: {}
[759.049958] (-) TimerEvent: {}
[759.151579] (-) TimerEvent: {}
[759.253128] (-) TimerEvent: {}
[759.354624] (-) TimerEvent: {}
[759.456241] (-) TimerEvent: {}
[759.557728] (-) TimerEvent: {}
[759.659305] (-) TimerEvent: {}
[759.760870] (-) TimerEvent: {}
[759.862569] (-) TimerEvent: {}
[759.964088] (-) TimerEvent: {}
[760.065891] (-) TimerEvent: {}
[760.167834] (-) TimerEvent: {}
[760.269462] (-) TimerEvent: {}
[760.370946] (-) TimerEvent: {}
[760.472362] (-) TimerEvent: {}
[760.573965] (-) TimerEvent: {}
[760.675866] (-) TimerEvent: {}
[760.777451] (-) TimerEvent: {}
[760.879254] (-) TimerEvent: {}
[760.981002] (-) TimerEvent: {}
[761.082730] (-) TimerEvent: {}
[761.184374] (-) TimerEvent: {}
[761.285978] (-) TimerEvent: {}
[761.387502] (-) TimerEvent: {}
[761.489135] (-) TimerEvent: {}
[761.590567] (-) TimerEvent: {}
[761.692028] (-) TimerEvent: {}
[761.794191] (-) TimerEvent: {}
[761.896190] (-) TimerEvent: {}
[761.999165] (-) TimerEvent: {}
[762.101487] (-) TimerEvent: {}
[762.204073] (-) TimerEvent: {}
[762.305732] (-) TimerEvent: {}
[762.408259] (-) TimerEvent: {}
[762.509993] (-) TimerEvent: {}
[762.611990] (-) TimerEvent: {}
[762.713523] (-) TimerEvent: {}
[762.815361] (-) TimerEvent: {}
[762.916760] (-) TimerEvent: {}
[763.018336] (-) TimerEvent: {}
[763.120120] (-) TimerEvent: {}
[763.222423] (-) TimerEvent: {}
[763.325375] (-) TimerEvent: {}
[763.426561] (-) TimerEvent: {}
[763.528110] (-) TimerEvent: {}
[763.629454] (-) TimerEvent: {}
[763.730843] (-) TimerEvent: {}
[763.832580] (-) TimerEvent: {}
[763.934845] (-) TimerEvent: {}
[764.036263] (-) TimerEvent: {}
[764.137793] (-) TimerEvent: {}
[764.239769] (-) TimerEvent: {}
[764.341857] (-) TimerEvent: {}
[764.443381] (-) TimerEvent: {}
[764.545011] (-) TimerEvent: {}
[764.647597] (-) TimerEvent: {}
[764.749709] (-) TimerEvent: {}
[764.851389] (-) TimerEvent: {}
[764.952793] (-) TimerEvent: {}
[765.054228] (-) TimerEvent: {}
[765.155945] (-) TimerEvent: {}
[765.258247] (-) TimerEvent: {}
[765.360308] (-) TimerEvent: {}
[765.461789] (-) TimerEvent: {}
[765.563412] (-) TimerEvent: {}
[765.665066] (-) TimerEvent: {}
[765.766873] (-) TimerEvent: {}
[765.868311] (-) TimerEvent: {}
[765.969770] (-) TimerEvent: {}
[766.073716] (-) TimerEvent: {}
[766.177247] (-) TimerEvent: {}
[766.279028] (-) TimerEvent: {}
[766.380925] (-) TimerEvent: {}
[766.483091] (-) TimerEvent: {}
[766.584580] (-) TimerEvent: {}
[766.686110] (-) TimerEvent: {}
[766.787751] (-) TimerEvent: {}
[766.889342] (-) TimerEvent: {}
[766.991054] (-) TimerEvent: {}
[767.092645] (-) TimerEvent: {}
[767.194315] (-) TimerEvent: {}
[767.296080] (-) TimerEvent: {}
[767.398841] (-) TimerEvent: {}
[767.500403] (-) TimerEvent: {}
[767.601942] (-) TimerEvent: {}
[767.703650] (-) TimerEvent: {}
[767.805186] (-) TimerEvent: {}
[767.906641] (-) TimerEvent: {}
[768.008360] (-) TimerEvent: {}
[768.109840] (-) TimerEvent: {}
[768.211294] (-) TimerEvent: {}
[768.312780] (-) TimerEvent: {}
[768.414167] (-) TimerEvent: {}
[768.516081] (-) TimerEvent: {}
[768.617625] (-) TimerEvent: {}
[768.719260] (-) TimerEvent: {}
[768.820688] (-) TimerEvent: {}
[768.922381] (-) TimerEvent: {}
[769.023909] (-) TimerEvent: {}
[769.125331] (-) TimerEvent: {}
[769.227065] (-) TimerEvent: {}
[769.328737] (-) TimerEvent: {}
[769.430237] (-) TimerEvent: {}
[769.531872] (-) TimerEvent: {}
[769.633382] (-) TimerEvent: {}
[769.734914] (-) TimerEvent: {}
[769.836491] (-) TimerEvent: {}
[769.937958] (-) TimerEvent: {}
[770.039417] (-) TimerEvent: {}
[770.140908] (-) TimerEvent: {}
[770.242379] (-) TimerEvent: {}
[770.343996] (-) TimerEvent: {}
[770.445631] (-) TimerEvent: {}
[770.547241] (-) TimerEvent: {}
[770.648796] (-) TimerEvent: {}
[770.750266] (-) TimerEvent: {}
[770.851655] (-) TimerEvent: {}
[770.959027] (-) TimerEvent: {}
[771.060736] (-) TimerEvent: {}
[771.162577] (-) TimerEvent: {}
[771.264473] (-) TimerEvent: {}
[771.366598] (-) TimerEvent: {}
[771.468563] (-) TimerEvent: {}
[771.570127] (-) TimerEvent: {}
[771.671323] (-) TimerEvent: {}
[771.772834] (-) TimerEvent: {}
[771.874238] (-) TimerEvent: {}
[771.975902] (-) TimerEvent: {}
[772.077982] (-) TimerEvent: {}
[772.180106] (-) TimerEvent: {}
[772.281935] (-) TimerEvent: {}
[772.383819] (-) TimerEvent: {}
[772.485316] (-) TimerEvent: {}
[772.586760] (-) TimerEvent: {}
[772.688166] (-) TimerEvent: {}
[772.789664] (-) TimerEvent: {}
[772.891215] (-) TimerEvent: {}
[772.992832] (-) TimerEvent: {}
[773.094348] (-) TimerEvent: {}
[773.195594] (-) TimerEvent: {}
[773.297110] (-) TimerEvent: {}
[773.398433] (-) TimerEvent: {}
[773.500098] (-) TimerEvent: {}
[773.601735] (-) TimerEvent: {}
[773.703546] (-) TimerEvent: {}
[773.805184] (-) TimerEvent: {}
[773.906757] (-) TimerEvent: {}
[774.008534] (-) TimerEvent: {}
[774.110279] (-) TimerEvent: {}
[774.212092] (-) TimerEvent: {}
[774.313756] (-) TimerEvent: {}
[774.415472] (-) TimerEvent: {}
[774.517148] (-) TimerEvent: {}
[774.618779] (-) TimerEvent: {}
[774.720312] (-) TimerEvent: {}
[774.821957] (-) TimerEvent: {}
[774.923504] (-) TimerEvent: {}
[775.024996] (-) TimerEvent: {}
[775.126576] (-) TimerEvent: {}
[775.228188] (-) TimerEvent: {}
[775.329653] (-) TimerEvent: {}
[775.431257] (-) TimerEvent: {}
[775.532911] (-) TimerEvent: {}
[775.634656] (-) TimerEvent: {}
[775.736384] (-) TimerEvent: {}
[775.837926] (-) TimerEvent: {}
[775.939458] (-) TimerEvent: {}
[776.040907] (-) TimerEvent: {}
[776.142598] (-) TimerEvent: {}
[776.244233] (-) TimerEvent: {}
[777.119504] (-) TimerEvent: {}
[777.221291] (-) TimerEvent: {}
[777.324921] (-) TimerEvent: {}
[777.426757] (-) TimerEvent: {}
[777.529343] (-) TimerEvent: {}
[777.632410] (-) TimerEvent: {}
[777.733876] (-) TimerEvent: {}
[777.836648] (-) TimerEvent: {}
[777.938692] (-) TimerEvent: {}
[778.041346] (-) TimerEvent: {}
[778.144661] (-) TimerEvent: {}
[778.246902] (-) TimerEvent: {}
[778.349562] (-) TimerEvent: {}
[778.451677] (-) TimerEvent: {}
[778.553510] (-) TimerEvent: {}
[778.655341] (-) TimerEvent: {}
[778.757015] (-) TimerEvent: {}
[778.858859] (-) TimerEvent: {}
[778.960453] (-) TimerEvent: {}
[779.061625] (-) TimerEvent: {}
[779.163294] (-) TimerEvent: {}
[779.264901] (-) TimerEvent: {}
[779.366626] (-) TimerEvent: {}
[779.468211] (-) TimerEvent: {}
[779.569703] (-) TimerEvent: {}
[779.671220] (-) TimerEvent: {}
[779.772850] (-) TimerEvent: {}
[779.874844] (-) TimerEvent: {}
[779.977546] (-) TimerEvent: {}
[780.079317] (-) TimerEvent: {}
[780.181014] (-) TimerEvent: {}
[780.282668] (-) TimerEvent: {}
[780.384734] (-) TimerEvent: {}
[780.486681] (-) TimerEvent: {}
[780.588646] (-) TimerEvent: {}
[780.691105] (-) TimerEvent: {}
[780.793278] (-) TimerEvent: {}
[780.895162] (-) TimerEvent: {}
[780.996694] (-) TimerEvent: {}
[781.098441] (-) TimerEvent: {}
[781.201028] (-) TimerEvent: {}
[781.303408] (-) TimerEvent: {}
[781.405429] (-) TimerEvent: {}
[781.506980] (-) TimerEvent: {}
[781.608716] (-) TimerEvent: {}
[781.710371] (-) TimerEvent: {}
[781.811754] (-) TimerEvent: {}
[781.913377] (-) TimerEvent: {}
[782.015038] (-) TimerEvent: {}
[782.116619] (-) TimerEvent: {}
[782.218190] (-) TimerEvent: {}
[782.319658] (-) TimerEvent: {}
[782.421521] (-) TimerEvent: {}
[782.523077] (-) TimerEvent: {}
[782.624795] (-) TimerEvent: {}
[782.726316] (-) TimerEvent: {}
[782.827859] (-) TimerEvent: {}
[782.929419] (-) TimerEvent: {}
[783.031113] (-) TimerEvent: {}
[783.132694] (-) TimerEvent: {}
[783.234260] (-) TimerEvent: {}
[783.335852] (-) TimerEvent: {}
[783.437373] (-) TimerEvent: {}
[783.539151] (-) TimerEvent: {}
[783.640882] (-) TimerEvent: {}
[783.742420] (-) TimerEvent: {}
[783.844056] (-) TimerEvent: {}
[783.945530] (-) TimerEvent: {}
[784.047293] (-) TimerEvent: {}
[784.148875] (-) TimerEvent: {}
[784.250613] (-) TimerEvent: {}
[784.352295] (-) TimerEvent: {}
[784.453731] (-) TimerEvent: {}
[784.555682] (-) TimerEvent: {}
[784.657359] (-) TimerEvent: {}
[784.759088] (-) TimerEvent: {}
[784.860609] (-) TimerEvent: {}
[784.962090] (-) TimerEvent: {}
[785.063775] (-) TimerEvent: {}
[785.165235] (-) TimerEvent: {}
[785.266789] (-) TimerEvent: {}
[785.368163] (-) TimerEvent: {}
[785.469580] (-) TimerEvent: {}
[785.570913] (-) TimerEvent: {}
[785.673246] (-) TimerEvent: {}
[785.774688] (-) TimerEvent: {}
[785.876150] (-) TimerEvent: {}
[785.977534] (-) TimerEvent: {}
[786.079139] (-) TimerEvent: {}
[786.180730] (-) TimerEvent: {}
[786.282858] (-) TimerEvent: {}
[786.384395] (-) TimerEvent: {}
[786.485938] (-) TimerEvent: {}
[786.587424] (-) TimerEvent: {}
[786.688915] (-) TimerEvent: {}
[786.790436] (-) TimerEvent: {}
[786.892183] (-) TimerEvent: {}
[786.993832] (-) TimerEvent: {}
[787.096566] (-) TimerEvent: {}
[787.197732] (-) TimerEvent: {}
[787.298918] (-) TimerEvent: {}
[787.400363] (-) TimerEvent: {}
[787.502166] (-) TimerEvent: {}
[787.603881] (-) TimerEvent: {}
[787.705542] (-) TimerEvent: {}
[787.807222] (-) TimerEvent: {}
[787.908856] (-) TimerEvent: {}
[788.010526] (-) TimerEvent: {}
[788.112357] (-) TimerEvent: {}
[788.213822] (-) TimerEvent: {}
[788.315283] (-) TimerEvent: {}
[788.416737] (-) TimerEvent: {}
[788.518435] (-) TimerEvent: {}
[788.620261] (-) TimerEvent: {}
[788.721704] (-) TimerEvent: {}
[788.823435] (-) TimerEvent: {}
[788.924906] (-) TimerEvent: {}
[789.026559] (-) TimerEvent: {}
[789.128077] (-) TimerEvent: {}
[789.229539] (-) TimerEvent: {}
[789.331560] (-) TimerEvent: {}
[789.433165] (-) TimerEvent: {}
[789.535165] (-) TimerEvent: {}
[789.636801] (-) TimerEvent: {}
[789.738655] (-) TimerEvent: {}
[789.840129] (-) TimerEvent: {}
[789.941685] (-) TimerEvent: {}
[790.043152] (-) TimerEvent: {}
[790.144568] (-) TimerEvent: {}
[790.246051] (-) TimerEvent: {}
[790.347680] (-) TimerEvent: {}
[790.449213] (-) TimerEvent: {}
[790.550731] (-) TimerEvent: {}
[790.652272] (-) TimerEvent: {}
[790.753787] (-) TimerEvent: {}
[790.855631] (-) TimerEvent: {}
[790.957204] (-) TimerEvent: {}
[791.058808] (-) TimerEvent: {}
[791.160336] (-) TimerEvent: {}
[791.261955] (-) TimerEvent: {}
[791.363533] (-) TimerEvent: {}
[791.465060] (-) TimerEvent: {}
[791.566264] (-) TimerEvent: {}
[791.667791] (-) TimerEvent: {}
[791.769604] (-) TimerEvent: {}
[791.871519] (-) TimerEvent: {}
[791.973123] (-) TimerEvent: {}
[792.074680] (-) TimerEvent: {}
[792.176298] (-) TimerEvent: {}
[792.277929] (-) TimerEvent: {}
[792.379549] (-) TimerEvent: {}
[792.481259] (-) TimerEvent: {}
[792.583271] (-) TimerEvent: {}
[792.685119] (-) TimerEvent: {}
[792.786966] (-) TimerEvent: {}
[792.888610] (-) TimerEvent: {}
[792.989984] (-) TimerEvent: {}
[793.091978] (-) TimerEvent: {}
[793.193607] (-) TimerEvent: {}
[793.295290] (-) TimerEvent: {}
[793.396788] (-) TimerEvent: {}
[793.498359] (-) TimerEvent: {}
[793.599914] (-) TimerEvent: {}
[793.701425] (-) TimerEvent: {}
[793.803461] (-) TimerEvent: {}
[793.907356] (-) TimerEvent: {}
[794.009810] (-) TimerEvent: {}
[794.111509] (-) TimerEvent: {}
[794.213485] (-) TimerEvent: {}
[794.315021] (-) TimerEvent: {}
[794.416580] (-) TimerEvent: {}
[794.518796] (-) TimerEvent: {}
[794.620315] (-) TimerEvent: {}
[794.721781] (-) TimerEvent: {}
[794.823434] (-) TimerEvent: {}
[794.924880] (-) TimerEvent: {}
[795.026227] (-) TimerEvent: {}
[795.127785] (-) TimerEvent: {}
[795.229433] (-) TimerEvent: {}
[795.331227] (-) TimerEvent: {}
[795.432964] (-) TimerEvent: {}
[795.534683] (-) TimerEvent: {}
[795.636372] (-) TimerEvent: {}
[795.737909] (-) TimerEvent: {}
[795.839487] (-) TimerEvent: {}
[795.941181] (-) TimerEvent: {}
[796.042754] (-) TimerEvent: {}
[796.144441] (-) TimerEvent: {}
[796.246248] (-) TimerEvent: {}
[796.348151] (-) TimerEvent: {}
[796.449882] (-) TimerEvent: {}
[796.552178] (-) TimerEvent: {}
[796.654160] (-) TimerEvent: {}
[796.755803] (-) TimerEvent: {}
[796.857207] (-) TimerEvent: {}
[796.958644] (-) TimerEvent: {}
[797.060030] (-) TimerEvent: {}
[797.161579] (-) TimerEvent: {}
[797.262975] (-) TimerEvent: {}
[797.365107] (-) TimerEvent: {}
[797.466636] (-) TimerEvent: {}
[797.568250] (-) TimerEvent: {}
[797.670166] (-) TimerEvent: {}
[797.776646] (-) TimerEvent: {}
[797.879634] (-) TimerEvent: {}
[797.981272] (-) TimerEvent: {}
[798.083685] (-) TimerEvent: {}
[798.185129] (-) TimerEvent: {}
[798.286580] (-) TimerEvent: {}
[798.388024] (-) TimerEvent: {}
[798.489960] (-) TimerEvent: {}
[798.591548] (-) TimerEvent: {}
[798.693311] (-) TimerEvent: {}
[798.795096] (-) TimerEvent: {}
[798.896769] (-) TimerEvent: {}
[798.998797] (-) TimerEvent: {}
[799.101362] (-) TimerEvent: {}
[799.203927] (-) TimerEvent: {}
[799.308107] (-) TimerEvent: {}
[799.409906] (-) TimerEvent: {}
[799.511955] (-) TimerEvent: {}
[799.613712] (-) TimerEvent: {}
[799.716167] (-) TimerEvent: {}
[799.817476] (-) TimerEvent: {}
[799.919119] (-) TimerEvent: {}
[800.021889] (-) TimerEvent: {}
[800.125537] (-) TimerEvent: {}
[800.227381] (-) TimerEvent: {}
[800.329090] (-) TimerEvent: {}
[800.430887] (-) TimerEvent: {}
[800.532541] (-) TimerEvent: {}
[800.634210] (-) TimerEvent: {}
[800.735871] (-) TimerEvent: {}
[800.837278] (-) TimerEvent: {}
[800.938837] (-) TimerEvent: {}
[801.040233] (-) TimerEvent: {}
[801.141874] (-) TimerEvent: {}
[801.243811] (-) TimerEvent: {}
[801.345546] (-) TimerEvent: {}
[801.447304] (-) TimerEvent: {}
[801.549081] (-) TimerEvent: {}
[801.650906] (-) TimerEvent: {}
[801.752572] (-) TimerEvent: {}
[801.854221] (-) TimerEvent: {}
[801.955946] (-) TimerEvent: {}
[802.057503] (-) TimerEvent: {}
[802.159207] (-) TimerEvent: {}
[802.260726] (-) TimerEvent: {}
[802.362381] (-) TimerEvent: {}
[802.463947] (-) TimerEvent: {}
[802.565562] (-) TimerEvent: {}
[802.667131] (-) TimerEvent: {}
[803.393725] (-) TimerEvent: {}
[803.495147] (-) TimerEvent: {}
[803.596757] (-) TimerEvent: {}
[803.698292] (-) TimerEvent: {}
[803.799891] (-) TimerEvent: {}
[803.901386] (-) TimerEvent: {}
[804.003019] (-) TimerEvent: {}
[804.105155] (-) TimerEvent: {}
[804.207727] (-) TimerEvent: {}
[804.309174] (-) TimerEvent: {}
[804.410858] (-) TimerEvent: {}
[804.513368] (-) TimerEvent: {}
[804.614992] (-) TimerEvent: {}
[804.716570] (-) TimerEvent: {}
[804.818125] (-) TimerEvent: {}
[804.919658] (-) TimerEvent: {}
[805.021284] (-) TimerEvent: {}
[805.122781] (-) TimerEvent: {}
[805.224166] (-) TimerEvent: {}
[805.325595] (-) TimerEvent: {}
[805.427200] (-) TimerEvent: {}
[805.528706] (-) TimerEvent: {}
[805.630216] (-) TimerEvent: {}
[805.732001] (-) TimerEvent: {}
[805.834659] (-) TimerEvent: {}
[805.937083] (-) TimerEvent: {}
[806.038625] (-) TimerEvent: {}
[806.140158] (-) TimerEvent: {}
[806.241752] (-) TimerEvent: {}
[806.343933] (-) TimerEvent: {}
[806.445147] (-) TimerEvent: {}
[806.546772] (-) TimerEvent: {}
[806.648251] (-) TimerEvent: {}
[806.749746] (-) TimerEvent: {}
[806.851694] (-) TimerEvent: {}
[806.953330] (-) TimerEvent: {}
[807.055074] (-) TimerEvent: {}
[807.156702] (-) TimerEvent: {}
[807.258328] (-) TimerEvent: {}
[807.359900] (-) TimerEvent: {}
[807.461453] (-) TimerEvent: {}
[807.563021] (-) TimerEvent: {}
[807.664566] (-) TimerEvent: {}
[807.766098] (-) TimerEvent: {}
[807.867652] (-) TimerEvent: {}
[807.969061] (-) TimerEvent: {}
[808.070614] (-) TimerEvent: {}
[808.172101] (-) TimerEvent: {}
[808.273311] (-) TimerEvent: {}
[808.374845] (-) TimerEvent: {}
[808.476554] (-) TimerEvent: {}
[808.578135] (-) TimerEvent: {}
[808.679680] (-) TimerEvent: {}
[808.781193] (-) TimerEvent: {}
[808.882743] (-) TimerEvent: {}
[808.984230] (-) TimerEvent: {}
[809.085712] (-) TimerEvent: {}
[809.187308] (-) TimerEvent: {}
[809.288757] (-) TimerEvent: {}
[809.390378] (-) TimerEvent: {}
[809.492181] (-) TimerEvent: {}
[809.593672] (-) TimerEvent: {}
[809.695503] (-) TimerEvent: {}
[809.797230] (-) TimerEvent: {}
[809.898814] (-) TimerEvent: {}
[810.000651] (-) TimerEvent: {}
[810.102372] (-) TimerEvent: {}
[810.204258] (-) TimerEvent: {}
[810.305743] (-) TimerEvent: {}
[810.407375] (-) TimerEvent: {}
[810.508807] (-) TimerEvent: {}
[810.610431] (-) TimerEvent: {}
[810.712870] (-) TimerEvent: {}
[810.814341] (-) TimerEvent: {}
[810.915795] (-) TimerEvent: {}
[811.017226] (-) TimerEvent: {}
[811.118781] (-) TimerEvent: {}
[811.220318] (-) TimerEvent: {}
[811.321816] (-) TimerEvent: {}
[811.423402] (-) TimerEvent: {}
[811.524878] (-) TimerEvent: {}
[811.626295] (-) TimerEvent: {}
[811.727769] (-) TimerEvent: {}
[811.829159] (-) TimerEvent: {}
[811.930712] (-) TimerEvent: {}
[812.032198] (-) TimerEvent: {}
[812.133908] (-) TimerEvent: {}
[812.236627] (-) TimerEvent: {}
[812.338960] (-) TimerEvent: {}
[812.441237] (-) TimerEvent: {}
[812.542740] (-) TimerEvent: {}
[812.644288] (-) TimerEvent: {}
[812.745754] (-) TimerEvent: {}
[812.847225] (-) TimerEvent: {}
[812.948609] (-) TimerEvent: {}
[813.049860] (-) TimerEvent: {}
[813.151635] (-) TimerEvent: {}
[813.253308] (-) TimerEvent: {}
[813.355081] (-) TimerEvent: {}
[813.456804] (-) TimerEvent: {}
[813.558325] (-) TimerEvent: {}
[813.659931] (-) TimerEvent: {}
[813.761397] (-) TimerEvent: {}
[813.862829] (-) TimerEvent: {}
[813.964272] (-) TimerEvent: {}
[814.065738] (-) TimerEvent: {}
[814.167276] (-) TimerEvent: {}
[814.268750] (-) TimerEvent: {}
[814.370350] (-) TimerEvent: {}
[814.471580] (-) TimerEvent: {}
[814.573219] (-) TimerEvent: {}
[814.674802] (-) TimerEvent: {}
[814.776504] (-) TimerEvent: {}
[814.878070] (-) TimerEvent: {}
[814.979814] (-) TimerEvent: {}
[815.081430] (-) TimerEvent: {}
[815.182963] (-) TimerEvent: {}
[815.284514] (-) TimerEvent: {}
[815.386011] (-) TimerEvent: {}
[815.487526] (-) TimerEvent: {}
[815.589031] (-) TimerEvent: {}
[815.690557] (-) TimerEvent: {}
[815.792149] (-) TimerEvent: {}
[815.893759] (-) TimerEvent: {}
[815.995251] (-) TimerEvent: {}
[816.096807] (-) TimerEvent: {}
[816.198475] (-) TimerEvent: {}
[816.299708] (-) TimerEvent: {}
[816.401263] (-) TimerEvent: {}
[816.502498] (-) TimerEvent: {}
[816.604005] (-) TimerEvent: {}
[816.705438] (-) TimerEvent: {}
[816.807079] (-) TimerEvent: {}
[816.908495] (-) TimerEvent: {}
[817.009975] (-) TimerEvent: {}
[817.111514] (-) TimerEvent: {}
[817.212933] (-) TimerEvent: {}
[817.314366] (-) TimerEvent: {}
[817.416016] (-) TimerEvent: {}
[817.517752] (-) TimerEvent: {}
[817.620188] (-) TimerEvent: {}
[817.722060] (-) TimerEvent: {}
[817.824277] (-) TimerEvent: {}
[817.927006] (-) TimerEvent: {}
[818.029517] (-) TimerEvent: {}
[818.131946] (-) TimerEvent: {}
[818.233418] (-) TimerEvent: {}
[818.334933] (-) TimerEvent: {}
[818.436317] (-) TimerEvent: {}
[818.537736] (-) TimerEvent: {}
[818.639561] (-) TimerEvent: {}
[818.741110] (-) TimerEvent: {}
[818.842598] (-) TimerEvent: {}
[818.944038] (-) TimerEvent: {}
[819.045610] (-) TimerEvent: {}
[819.147130] (-) TimerEvent: {}
[819.248398] (-) TimerEvent: {}
[819.350221] (-) TimerEvent: {}
[819.452027] (-) TimerEvent: {}
[819.553664] (-) TimerEvent: {}
[819.655197] (-) TimerEvent: {}
[819.756657] (-) TimerEvent: {}
[819.858440] (-) TimerEvent: {}
[819.959973] (-) TimerEvent: {}
[820.061498] (-) TimerEvent: {}
[820.163128] (-) TimerEvent: {}
[820.264594] (-) TimerEvent: {}
[820.366225] (-) TimerEvent: {}
[820.468923] (-) TimerEvent: {}
[820.571238] (-) TimerEvent: {}
[820.672818] (-) TimerEvent: {}
[820.774367] (-) TimerEvent: {}
[820.876099] (-) TimerEvent: {}
[820.977670] (-) TimerEvent: {}
[821.079167] (-) TimerEvent: {}
[821.180839] (-) TimerEvent: {}
[821.282382] (-) TimerEvent: {}
[821.384103] (-) TimerEvent: {}
[821.485781] (-) TimerEvent: {}
[821.587516] (-) TimerEvent: {}
[821.689188] (-) TimerEvent: {}
[821.790939] (-) TimerEvent: {}
[821.892580] (-) TimerEvent: {}
[821.994226] (-) TimerEvent: {}
[822.096015] (-) TimerEvent: {}
[822.197592] (-) TimerEvent: {}
[822.299109] (-) TimerEvent: {}
[822.400867] (-) TimerEvent: {}
[822.502622] (-) TimerEvent: {}
[822.604319] (-) TimerEvent: {}
[822.706000] (-) TimerEvent: {}
[833.390309] (-) TimerEvent: {}
[833.491947] (-) TimerEvent: {}
[833.744715] (-) TimerEvent: {}
[833.847842] (-) TimerEvent: {}
[833.949262] (-) TimerEvent: {}
[834.050752] (-) TimerEvent: {}
[834.152268] (-) TimerEvent: {}
[834.253840] (-) TimerEvent: {}
[834.355411] (-) TimerEvent: {}
[834.456820] (-) TimerEvent: {}
[834.558290] (-) TimerEvent: {}
[834.659896] (-) TimerEvent: {}
[834.761426] (-) TimerEvent: {}
[834.863281] (-) TimerEvent: {}
[834.966150] (-) TimerEvent: {}
[835.068876] (-) TimerEvent: {}
[835.170507] (-) TimerEvent: {}
[835.272572] (-) TimerEvent: {}
[835.374216] (-) TimerEvent: {}
[835.475777] (-) TimerEvent: {}
[835.577453] (-) TimerEvent: {}
[835.679224] (-) TimerEvent: {}
[835.780878] (-) TimerEvent: {}
[835.882427] (-) TimerEvent: {}
[835.984115] (-) TimerEvent: {}
[836.085741] (-) TimerEvent: {}
[836.187490] (-) TimerEvent: {}
[836.289221] (-) TimerEvent: {}
[836.390956] (-) TimerEvent: {}
[836.492672] (-) TimerEvent: {}
[836.594503] (-) TimerEvent: {}
[836.696165] (-) TimerEvent: {}
[836.797821] (-) TimerEvent: {}
[836.899458] (-) TimerEvent: {}
[837.001027] (-) TimerEvent: {}
[837.102533] (-) TimerEvent: {}
[837.204127] (-) TimerEvent: {}
[837.305714] (-) TimerEvent: {}
[837.407388] (-) TimerEvent: {}
[837.508877] (-) TimerEvent: {}
[837.610523] (-) TimerEvent: {}
[837.712079] (-) TimerEvent: {}
[837.813756] (-) TimerEvent: {}
[837.915514] (-) TimerEvent: {}
[838.017140] (-) TimerEvent: {}
[838.118649] (-) TimerEvent: {}
[838.220299] (-) TimerEvent: {}
[838.321897] (-) TimerEvent: {}
[838.423529] (-) TimerEvent: {}
[838.525204] (-) TimerEvent: {}
[838.627196] (-) TimerEvent: {}
[838.728871] (-) TimerEvent: {}
[838.830633] (-) TimerEvent: {}
[838.932320] (-) TimerEvent: {}
[839.033938] (-) TimerEvent: {}
[839.135621] (-) TimerEvent: {}
[839.237119] (-) TimerEvent: {}
[839.338692] (-) TimerEvent: {}
[839.440333] (-) TimerEvent: {}
[839.541969] (-) TimerEvent: {}
[839.643664] (-) TimerEvent: {}
[839.745283] (-) TimerEvent: {}
[839.847062] (-) TimerEvent: {}
[839.948777] (-) TimerEvent: {}
[840.050414] (-) TimerEvent: {}
[840.152086] (-) TimerEvent: {}
[840.253750] (-) TimerEvent: {}
[840.355612] (-) TimerEvent: {}
[840.457435] (-) TimerEvent: {}
[840.559076] (-) TimerEvent: {}
[840.660674] (-) TimerEvent: {}
[840.762173] (-) TimerEvent: {}
[840.863882] (-) TimerEvent: {}
[840.965445] (-) TimerEvent: {}
[841.067160] (-) TimerEvent: {}
[841.168833] (-) TimerEvent: {}
[841.270606] (-) TimerEvent: {}
[841.372237] (-) TimerEvent: {}
[841.473814] (-) TimerEvent: {}
[841.575393] (-) TimerEvent: {}
[841.676986] (-) TimerEvent: {}
[841.778640] (-) TimerEvent: {}
[841.880255] (-) TimerEvent: {}
[841.981976] (-) TimerEvent: {}
[842.083754] (-) TimerEvent: {}
[842.185435] (-) TimerEvent: {}
[842.287251] (-) TimerEvent: {}
[842.388863] (-) TimerEvent: {}
[842.490651] (-) TimerEvent: {}
[842.592264] (-) TimerEvent: {}
[842.693857] (-) TimerEvent: {}
[842.795500] (-) TimerEvent: {}
[842.897156] (-) TimerEvent: {}
[842.998829] (-) TimerEvent: {}
[843.100457] (-) TimerEvent: {}
[843.202120] (-) TimerEvent: {}
[843.303796] (-) TimerEvent: {}
[843.405446] (-) TimerEvent: {}
[843.507190] (-) TimerEvent: {}
[843.608940] (-) TimerEvent: {}
[843.710644] (-) TimerEvent: {}
[843.812384] (-) TimerEvent: {}
[843.913985] (-) TimerEvent: {}
[844.015669] (-) TimerEvent: {}
[844.117145] (-) TimerEvent: {}
[844.218777] (-) TimerEvent: {}
[844.320266] (-) TimerEvent: {}
[844.421899] (-) TimerEvent: {}
[844.523713] (-) TimerEvent: {}
[844.625290] (-) TimerEvent: {}
[844.726984] (-) TimerEvent: {}
[844.828639] (-) TimerEvent: {}
[844.930363] (-) TimerEvent: {}
[845.032073] (-) TimerEvent: {}
[845.133678] (-) TimerEvent: {}
[845.235257] (-) TimerEvent: {}
[845.336886] (-) TimerEvent: {}
[845.438719] (-) TimerEvent: {}
[845.540280] (-) TimerEvent: {}
[845.641853] (-) TimerEvent: {}
[845.743437] (-) TimerEvent: {}
[845.845110] (-) TimerEvent: {}
[845.946808] (-) TimerEvent: {}
[846.048170] (-) TimerEvent: {}
[846.232188] (-) TimerEvent: {}
[846.333807] (-) TimerEvent: {}
[846.435296] (-) TimerEvent: {}
[846.536789] (-) TimerEvent: {}
[846.638293] (-) TimerEvent: {}
[846.740002] (-) TimerEvent: {}
[846.841687] (-) TimerEvent: {}
[846.943207] (-) TimerEvent: {}
[847.044678] (-) TimerEvent: {}
[847.146287] (-) TimerEvent: {}
[847.247758] (-) TimerEvent: {}
[847.349241] (-) TimerEvent: {}
[847.451004] (-) TimerEvent: {}
[847.552567] (-) TimerEvent: {}
[847.654154] (-) TimerEvent: {}
[847.755673] (-) TimerEvent: {}
[847.857403] (-) TimerEvent: {}
[847.958648] (-) TimerEvent: {}
[848.059982] (-) TimerEvent: {}
[848.161605] (-) TimerEvent: {}
[848.263285] (-) TimerEvent: {}
[848.364472] (-) TimerEvent: {}
[848.466122] (-) TimerEvent: {}
[848.567788] (-) TimerEvent: {}
[848.669452] (-) TimerEvent: {}
[848.771171] (-) TimerEvent: {}
[848.872797] (-) TimerEvent: {}
[848.974438] (-) TimerEvent: {}
[849.076139] (-) TimerEvent: {}
[849.177745] (-) TimerEvent: {}
[849.279257] (-) TimerEvent: {}
[849.380918] (-) TimerEvent: {}
[849.482687] (-) TimerEvent: {}
[849.584310] (-) TimerEvent: {}
[849.685923] (-) TimerEvent: {}
[849.787752] (-) TimerEvent: {}
[849.889536] (-) TimerEvent: {}
[849.991204] (-) TimerEvent: {}
[850.092788] (-) TimerEvent: {}
[850.194427] (-) TimerEvent: {}
[850.296122] (-) TimerEvent: {}
[850.397758] (-) TimerEvent: {}
[850.499428] (-) TimerEvent: {}
[850.601088] (-) TimerEvent: {}
[850.702930] (-) TimerEvent: {}
[850.804511] (-) TimerEvent: {}
[850.906040] (-) TimerEvent: {}
[851.007711] (-) TimerEvent: {}
[851.109202] (-) TimerEvent: {}
[851.211085] (-) TimerEvent: {}
[851.312741] (-) TimerEvent: {}
[851.414297] (-) TimerEvent: {}
[851.515798] (-) TimerEvent: {}
[851.617498] (-) TimerEvent: {}
[851.719159] (-) TimerEvent: {}
[851.820936] (-) TimerEvent: {}
[851.922555] (-) TimerEvent: {}
[852.024263] (-) TimerEvent: {}
[852.126060] (-) TimerEvent: {}
[852.227672] (-) TimerEvent: {}
[852.329179] (-) TimerEvent: {}
[852.430758] (-) TimerEvent: {}
[852.532443] (-) TimerEvent: {}
[852.634154] (-) TimerEvent: {}
[852.735840] (-) TimerEvent: {}
[852.837239] (-) TimerEvent: {}
[852.938943] (-) TimerEvent: {}
[853.040755] (-) TimerEvent: {}
[853.143190] (-) TimerEvent: {}
[853.244770] (-) TimerEvent: {}
[853.346275] (-) TimerEvent: {}
[853.447999] (-) TimerEvent: {}
[853.549460] (-) TimerEvent: {}
[853.650902] (-) TimerEvent: {}
[853.752478] (-) TimerEvent: {}
[853.854303] (-) TimerEvent: {}
[853.956597] (-) TimerEvent: {}
[854.058280] (-) TimerEvent: {}
[854.160700] (-) TimerEvent: {}
[854.262200] (-) TimerEvent: {}
[854.364008] (-) TimerEvent: {}
[854.466606] (-) TimerEvent: {}
[854.569135] (-) TimerEvent: {}
[854.670665] (-) TimerEvent: {}
[854.772123] (-) TimerEvent: {}
[854.873500] (-) TimerEvent: {}
[854.974992] (-) TimerEvent: {}
[855.076442] (-) TimerEvent: {}
[855.177860] (-) TimerEvent: {}
[855.279461] (-) TimerEvent: {}
[855.381059] (-) TimerEvent: {}
[855.482646] (-) TimerEvent: {}
[855.584111] (-) TimerEvent: {}
[855.685531] (-) TimerEvent: {}
[855.787011] (-) TimerEvent: {}
[855.888548] (-) TimerEvent: {}
[855.989940] (-) TimerEvent: {}
[856.091512] (-) TimerEvent: {}
[856.193065] (-) TimerEvent: {}
[856.294618] (-) TimerEvent: {}
[856.396114] (-) TimerEvent: {}
[856.497804] (-) TimerEvent: {}
[856.600304] (-) TimerEvent: {}
[856.701946] (-) TimerEvent: {}
[856.803424] (-) TimerEvent: {}
[856.904900] (-) TimerEvent: {}
[857.006394] (-) TimerEvent: {}
[857.107858] (-) TimerEvent: {}
[857.209414] (-) TimerEvent: {}
[857.311012] (-) TimerEvent: {}
[857.412571] (-) TimerEvent: {}
[857.515408] (-) TimerEvent: {}
[857.616899] (-) TimerEvent: {}
[857.718507] (-) TimerEvent: {}
[857.820055] (-) TimerEvent: {}
[857.921544] (-) TimerEvent: {}
[858.023160] (-) TimerEvent: {}
[858.124447] (-) TimerEvent: {}
[858.226106] (-) TimerEvent: {}
[858.327856] (-) TimerEvent: {}
[858.429416] (-) TimerEvent: {}
[858.531123] (-) TimerEvent: {}
[858.632641] (-) TimerEvent: {}
[858.734181] (-) TimerEvent: {}
[858.835601] (-) TimerEvent: {}
[858.937058] (-) TimerEvent: {}
[859.038566] (-) TimerEvent: {}
[859.140206] (-) TimerEvent: {}
[859.241757] (-) TimerEvent: {}
[859.343020] (-) TimerEvent: {}
[859.444488] (-) TimerEvent: {}
[859.546179] (-) TimerEvent: {}
[859.648831] (-) TimerEvent: {}
[859.751605] (-) TimerEvent: {}
[859.853887] (-) TimerEvent: {}
[859.955449] (-) TimerEvent: {}
[860.057004] (-) TimerEvent: {}
[860.158588] (-) TimerEvent: {}
[860.260045] (-) TimerEvent: {}
[860.361481] (-) TimerEvent: {}
[860.463236] (-) TimerEvent: {}
[860.565156] (-) TimerEvent: {}
[860.666679] (-) TimerEvent: {}
[860.768185] (-) TimerEvent: {}
[860.869735] (-) TimerEvent: {}
[860.971308] (-) TimerEvent: {}
[861.072875] (-) TimerEvent: {}
[861.174534] (-) TimerEvent: {}
[861.276027] (-) TimerEvent: {}
[861.377518] (-) TimerEvent: {}
[861.479365] (-) TimerEvent: {}
[861.580749] (-) TimerEvent: {}
[861.682200] (-) TimerEvent: {}
[861.783813] (-) TimerEvent: {}
[861.886024] (-) TimerEvent: {}
[861.988002] (-) TimerEvent: {}
[862.089690] (-) TimerEvent: {}
[862.191492] (-) TimerEvent: {}
[862.293157] (-) TimerEvent: {}
[862.394832] (-) TimerEvent: {}
[862.496602] (-) TimerEvent: {}
[862.598206] (-) TimerEvent: {}
[862.699737] (-) TimerEvent: {}
[862.801219] (-) TimerEvent: {}
[862.902702] (-) TimerEvent: {}
[863.004439] (-) TimerEvent: {}
[863.106903] (-) TimerEvent: {}
[863.209119] (-) TimerEvent: {}
[863.311757] (-) TimerEvent: {}
[863.413286] (-) TimerEvent: {}
[863.515109] (-) TimerEvent: {}
[863.616994] (-) TimerEvent: {}
[863.718593] (-) TimerEvent: {}
[863.820101] (-) TimerEvent: {}
[863.921567] (-) TimerEvent: {}
[864.023187] (-) TimerEvent: {}
[864.124763] (-) TimerEvent: {}
[864.226280] (-) TimerEvent: {}
[864.327859] (-) TimerEvent: {}
[864.429378] (-) TimerEvent: {}
[864.532096] (-) TimerEvent: {}
[864.633869] (-) TimerEvent: {}
[864.735363] (-) TimerEvent: {}
[864.836810] (-) TimerEvent: {}
[864.938302] (-) TimerEvent: {}
[865.042127] (-) TimerEvent: {}
[865.144573] (-) TimerEvent: {}
[865.246343] (-) TimerEvent: {}
[865.348063] (-) TimerEvent: {}
[865.449451] (-) TimerEvent: {}
[865.551037] (-) TimerEvent: {}
[865.652669] (-) TimerEvent: {}
[865.754182] (-) TimerEvent: {}
[865.855702] (-) TimerEvent: {}
[865.957097] (-) TimerEvent: {}
[866.058621] (-) TimerEvent: {}
[866.160045] (-) TimerEvent: {}
[866.261555] (-) TimerEvent: {}
[866.362910] (-) TimerEvent: {}
[866.464345] (-) TimerEvent: {}
[866.565975] (-) TimerEvent: {}
[866.668385] (-) TimerEvent: {}
[866.769837] (-) TimerEvent: {}
[866.871390] (-) TimerEvent: {}
[866.972953] (-) TimerEvent: {}
[867.074394] (-) TimerEvent: {}
[867.175892] (-) TimerEvent: {}
[867.277425] (-) TimerEvent: {}
[867.379045] (-) TimerEvent: {}
[867.480599] (-) TimerEvent: {}
[867.581995] (-) TimerEvent: {}
[867.683703] (-) TimerEvent: {}
[867.785192] (-) TimerEvent: {}
[867.886949] (-) TimerEvent: {}
[867.988862] (-) TimerEvent: {}
[868.090328] (-) TimerEvent: {}
[868.191879] (-) TimerEvent: {}
[868.293370] (-) TimerEvent: {}
[868.394960] (-) TimerEvent: {}
[868.496466] (-) TimerEvent: {}
[868.597976] (-) TimerEvent: {}
[868.699579] (-) TimerEvent: {}
[868.801816] (-) TimerEvent: {}
[868.903764] (-) TimerEvent: {}
[869.005518] (-) TimerEvent: {}
[869.107328] (-) TimerEvent: {}
[869.209798] (-) TimerEvent: {}
[869.311484] (-) TimerEvent: {}
[869.413734] (-) TimerEvent: {}
[869.516432] (-) TimerEvent: {}
[869.618616] (-) TimerEvent: {}
[869.720272] (-) TimerEvent: {}
[869.821776] (-) TimerEvent: {}
[869.923379] (-) TimerEvent: {}
[870.024853] (-) TimerEvent: {}
[870.126383] (-) TimerEvent: {}
[870.228055] (-) TimerEvent: {}
[870.329538] (-) TimerEvent: {}
[870.431233] (-) TimerEvent: {}
[870.532675] (-) TimerEvent: {}
[870.634242] (-) TimerEvent: {}
[870.735884] (-) TimerEvent: {}
[870.837511] (-) TimerEvent: {}
[870.939407] (-) TimerEvent: {}
[871.041845] (-) TimerEvent: {}
[871.143438] (-) TimerEvent: {}
[871.244912] (-) TimerEvent: {}
[871.346440] (-) TimerEvent: {}
[871.447912] (-) TimerEvent: {}
[871.549428] (-) TimerEvent: {}
[871.651156] (-) TimerEvent: {}
[871.752592] (-) TimerEvent: {}
[871.854231] (-) TimerEvent: {}
[871.955831] (-) TimerEvent: {}
[872.057391] (-) TimerEvent: {}
[872.158908] (-) TimerEvent: {}
[872.260431] (-) TimerEvent: {}
[872.361902] (-) TimerEvent: {}
[872.463444] (-) TimerEvent: {}
[872.564905] (-) TimerEvent: {}
[872.666326] (-) TimerEvent: {}
[872.767596] (-) TimerEvent: {}
[872.869032] (-) TimerEvent: {}
[872.970537] (-) TimerEvent: {}
[873.071995] (-) TimerEvent: {}
[873.173433] (-) TimerEvent: {}
[873.274939] (-) TimerEvent: {}
[873.376516] (-) TimerEvent: {}
[873.478294] (-) TimerEvent: {}
[873.579773] (-) TimerEvent: {}
[873.681235] (-) TimerEvent: {}
[873.782684] (-) TimerEvent: {}
[873.884208] (-) TimerEvent: {}
[873.985874] (-) TimerEvent: {}
[874.087487] (-) TimerEvent: {}
[874.188931] (-) TimerEvent: {}
[874.290956] (-) TimerEvent: {}
[874.392626] (-) TimerEvent: {}
[874.494218] (-) TimerEvent: {}
[874.595679] (-) TimerEvent: {}
[874.697119] (-) TimerEvent: {}
[874.798548] (-) TimerEvent: {}
[874.900026] (-) TimerEvent: {}
[875.001512] (-) TimerEvent: {}
[875.103198] (-) TimerEvent: {}
[875.204684] (-) TimerEvent: {}
[875.306165] (-) TimerEvent: {}
[875.407372] (-) TimerEvent: {}
[875.508791] (-) TimerEvent: {}
[875.610274] (-) TimerEvent: {}
[875.711871] (-) TimerEvent: {}
[875.813410] (-) TimerEvent: {}
[875.914992] (-) TimerEvent: {}
[876.016425] (-) TimerEvent: {}
[876.117895] (-) TimerEvent: {}
[876.219378] (-) TimerEvent: {}
[876.320852] (-) TimerEvent: {}
[876.422428] (-) TimerEvent: {}
[876.704045] (-) TimerEvent: {}
[876.995085] (-) TimerEvent: {}
[877.096803] (-) TimerEvent: {}
[877.199304] (-) TimerEvent: {}
[877.300817] (-) TimerEvent: {}
[877.402359] (-) TimerEvent: {}
[877.504075] (-) TimerEvent: {}
[877.605581] (-) TimerEvent: {}
[877.707175] (-) TimerEvent: {}
[877.808658] (-) TimerEvent: {}
[877.910181] (-) TimerEvent: {}
[878.011747] (-) TimerEvent: {}
[878.113154] (-) TimerEvent: {}
[878.214702] (-) TimerEvent: {}
[878.316168] (-) TimerEvent: {}
[878.417755] (-) TimerEvent: {}
[878.519458] (-) TimerEvent: {}
[878.620917] (-) TimerEvent: {}
[878.722367] (-) TimerEvent: {}
[878.823969] (-) TimerEvent: {}
[878.925478] (-) TimerEvent: {}
[879.027365] (-) TimerEvent: {}
[879.129104] (-) TimerEvent: {}
[879.230877] (-) TimerEvent: {}
[879.333159] (-) TimerEvent: {}
[879.434751] (-) TimerEvent: {}
[879.536230] (-) TimerEvent: {}
[879.637708] (-) TimerEvent: {}
[879.739264] (-) TimerEvent: {}
[879.840733] (-) TimerEvent: {}
[879.942261] (-) TimerEvent: {}
[880.043958] (-) TimerEvent: {}
[880.145572] (-) TimerEvent: {}
[880.247118] (-) TimerEvent: {}
[880.348517] (-) TimerEvent: {}
[880.450339] (-) TimerEvent: {}
[880.551845] (-) TimerEvent: {}
[880.653401] (-) TimerEvent: {}
[880.754797] (-) TimerEvent: {}
[880.856296] (-) TimerEvent: {}
[880.957928] (-) TimerEvent: {}
[881.059865] (-) TimerEvent: {}
[881.161356] (-) TimerEvent: {}
[881.262969] (-) TimerEvent: {}
[881.364395] (-) TimerEvent: {}
[881.465930] (-) TimerEvent: {}
[881.567536] (-) TimerEvent: {}
[881.669021] (-) TimerEvent: {}
[881.771624] (-) TimerEvent: {}
[881.873010] (-) TimerEvent: {}
[881.974303] (-) TimerEvent: {}
[882.075874] (-) TimerEvent: {}
[882.177336] (-) TimerEvent: {}
[882.278766] (-) TimerEvent: {}
[882.380569] (-) TimerEvent: {}
[882.482120] (-) TimerEvent: {}
[882.583628] (-) TimerEvent: {}
[882.685014] (-) TimerEvent: {}
[882.786605] (-) TimerEvent: {}
[882.888048] (-) TimerEvent: {}
[882.989543] (-) TimerEvent: {}
[883.091275] (-) TimerEvent: {}
[883.192756] (-) TimerEvent: {}
[883.294358] (-) TimerEvent: {}
[883.395984] (-) TimerEvent: {}
[883.497566] (-) TimerEvent: {}
[883.599354] (-) TimerEvent: {}
[883.701856] (-) TimerEvent: {}
[883.803473] (-) TimerEvent: {}
[883.904959] (-) TimerEvent: {}
[884.006443] (-) TimerEvent: {}
[884.107934] (-) TimerEvent: {}
[884.209413] (-) TimerEvent: {}
[884.310950] (-) TimerEvent: {}
[884.412537] (-) TimerEvent: {}
[884.514281] (-) TimerEvent: {}
[884.616647] (-) TimerEvent: {}
[884.718071] (-) TimerEvent: {}
[884.819481] (-) TimerEvent: {}
[884.921232] (-) TimerEvent: {}
[885.023041] (-) TimerEvent: {}
[885.124613] (-) TimerEvent: {}
[885.226140] (-) TimerEvent: {}
[885.328481] (-) TimerEvent: {}
[885.430116] (-) TimerEvent: {}
[885.532310] (-) TimerEvent: {}
[885.633878] (-) TimerEvent: {}
[885.735399] (-) TimerEvent: {}
[885.836817] (-) TimerEvent: {}
[885.938328] (-) TimerEvent: {}
[886.040539] (-) TimerEvent: {}
[886.143337] (-) TimerEvent: {}
[886.245606] (-) TimerEvent: {}
[886.347220] (-) TimerEvent: {}
[886.448634] (-) TimerEvent: {}
[886.550130] (-) TimerEvent: {}
[886.651809] (-) TimerEvent: {}
[886.753916] (-) TimerEvent: {}
[886.855466] (-) TimerEvent: {}
[886.956935] (-) TimerEvent: {}
[887.058516] (-) TimerEvent: {}
[887.160055] (-) TimerEvent: {}
[887.261515] (-) TimerEvent: {}
[887.363172] (-) TimerEvent: {}
[887.464777] (-) TimerEvent: {}
[887.566237] (-) TimerEvent: {}
[887.667550] (-) TimerEvent: {}
[887.769328] (-) TimerEvent: {}
[887.871066] (-) TimerEvent: {}
[887.972609] (-) TimerEvent: {}
[888.073926] (-) TimerEvent: {}
[888.175725] (-) TimerEvent: {}
[888.277374] (-) TimerEvent: {}
[888.379258] (-) TimerEvent: {}
[888.481181] (-) TimerEvent: {}
[888.582912] (-) TimerEvent: {}
[888.685431] (-) TimerEvent: {}
[888.786971] (-) TimerEvent: {}
[888.888377] (-) TimerEvent: {}
[888.989757] (-) TimerEvent: {}
[889.091436] (-) TimerEvent: {}
[889.193686] (-) TimerEvent: {}
[889.295156] (-) TimerEvent: {}
[889.396968] (-) TimerEvent: {}
[889.499465] (-) TimerEvent: {}
[889.600982] (-) TimerEvent: {}
[889.702623] (-) TimerEvent: {}
[889.804058] (-) TimerEvent: {}
[889.905535] (-) TimerEvent: {}
[890.006976] (-) TimerEvent: {}
[890.108409] (-) TimerEvent: {}
[890.209859] (-) TimerEvent: {}
[890.311323] (-) TimerEvent: {}
[890.412812] (-) TimerEvent: {}
[890.514354] (-) TimerEvent: {}
[890.615817] (-) TimerEvent: {}
[890.717342] (-) TimerEvent: {}
[890.818869] (-) TimerEvent: {}
[890.920398] (-) TimerEvent: {}
[891.021920] (-) TimerEvent: {}
[891.123663] (-) TimerEvent: {}
[891.225920] (-) TimerEvent: {}
[891.328473] (-) TimerEvent: {}
[891.430012] (-) TimerEvent: {}
[891.531621] (-) TimerEvent: {}
[891.633123] (-) TimerEvent: {}
[891.734614] (-) TimerEvent: {}
[891.836078] (-) TimerEvent: {}
[891.937626] (-) TimerEvent: {}
[892.039210] (-) TimerEvent: {}
[892.140686] (-) TimerEvent: {}
[892.242177] (-) TimerEvent: {}
[892.343774] (-) TimerEvent: {}
[892.445194] (-) TimerEvent: {}
[892.547276] (-) TimerEvent: {}
[892.649401] (-) TimerEvent: {}
[892.751150] (-) TimerEvent: {}
[892.852804] (-) TimerEvent: {}
[892.954937] (-) TimerEvent: {}
[893.057241] (-) TimerEvent: {}
[893.159930] (-) TimerEvent: {}
[893.261775] (-) TimerEvent: {}
[893.364186] (-) TimerEvent: {}
[893.465611] (-) TimerEvent: {}
[893.567197] (-) TimerEvent: {}
[893.668655] (-) TimerEvent: {}
[893.770189] (-) TimerEvent: {}
[893.871659] (-) TimerEvent: {}
[893.973329] (-) TimerEvent: {}
[894.074947] (-) TimerEvent: {}
[894.176605] (-) TimerEvent: {}
[894.278051] (-) TimerEvent: {}
[894.379777] (-) TimerEvent: {}
[894.482559] (-) TimerEvent: {}
[894.584102] (-) TimerEvent: {}
[894.685638] (-) TimerEvent: {}
[894.787222] (-) TimerEvent: {}
[894.888902] (-) TimerEvent: {}
[894.991215] (-) TimerEvent: {}
[895.093469] (-) TimerEvent: {}
[895.195018] (-) TimerEvent: {}
[895.296775] (-) TimerEvent: {}
[895.398205] (-) TimerEvent: {}
[895.499677] (-) TimerEvent: {}
[895.601109] (-) TimerEvent: {}
[895.702668] (-) TimerEvent: {}
[895.804139] (-) TimerEvent: {}
[895.905659] (-) TimerEvent: {}
[896.007262] (-) TimerEvent: {}
[896.108839] (-) TimerEvent: {}
[896.210573] (-) TimerEvent: {}
[896.312115] (-) TimerEvent: {}
[896.413590] (-) TimerEvent: {}
[896.515301] (-) TimerEvent: {}
[896.616724] (-) TimerEvent: {}
[896.718262] (-) TimerEvent: {}
[896.819798] (-) TimerEvent: {}
[896.921345] (-) TimerEvent: {}
[897.284821] (-) TimerEvent: {}
[897.386338] (-) TimerEvent: {}
[897.487863] (-) TimerEvent: {}
[897.589342] (-) TimerEvent: {}
[897.690928] (-) TimerEvent: {}
[897.793316] (-) TimerEvent: {}
[897.895697] (-) TimerEvent: {}
[897.997328] (-) TimerEvent: {}
[898.099718] (-) TimerEvent: {}
[898.201116] (-) TimerEvent: {}
[898.302569] (-) TimerEvent: {}
[898.404278] (-) TimerEvent: {}
[898.507051] (-) TimerEvent: {}
[898.608540] (-) TimerEvent: {}
[898.709964] (-) TimerEvent: {}
[898.811408] (-) TimerEvent: {}
[898.913150] (-) TimerEvent: {}
[899.014968] (-) TimerEvent: {}
[899.116454] (-) TimerEvent: {}
[899.217974] (-) TimerEvent: {}
[899.319655] (-) TimerEvent: {}
[899.421152] (-) TimerEvent: {}
[899.522690] (-) TimerEvent: {}
[899.624121] (-) TimerEvent: {}
[899.725639] (-) TimerEvent: {}
[899.827273] (-) TimerEvent: {}
[899.928829] (-) TimerEvent: {}
[900.030355] (-) TimerEvent: {}
[900.144070] (-) TimerEvent: {}
[900.245524] (-) TimerEvent: {}
[900.347402] (-) TimerEvent: {}
[900.449525] (-) TimerEvent: {}
[900.551127] (-) TimerEvent: {}
[900.652544] (-) TimerEvent: {}
[900.754243] (-) TimerEvent: {}
[900.856447] (-) TimerEvent: {}
[900.957919] (-) TimerEvent: {}
[901.059478] (-) TimerEvent: {}
[901.160982] (-) TimerEvent: {}
[901.262581] (-) TimerEvent: {}
[901.364015] (-) TimerEvent: {}
[901.465500] (-) TimerEvent: {}
[901.567128] (-) TimerEvent: {}
[901.668640] (-) TimerEvent: {}
[901.770193] (-) TimerEvent: {}
[901.871757] (-) TimerEvent: {}
[901.973487] (-) TimerEvent: {}
[902.075401] (-) TimerEvent: {}
[902.177865] (-) TimerEvent: {}
[902.279607] (-) TimerEvent: {}
[902.381163] (-) TimerEvent: {}
[902.482820] (-) TimerEvent: {}
[902.584356] (-) TimerEvent: {}
[902.685817] (-) TimerEvent: {}
[902.787468] (-) TimerEvent: {}
[902.889099] (-) TimerEvent: {}
[902.990562] (-) TimerEvent: {}
[903.092052] (-) TimerEvent: {}
[903.193755] (-) TimerEvent: {}
[903.295556] (-) TimerEvent: {}
[903.397117] (-) TimerEvent: {}
[903.498806] (-) TimerEvent: {}
[903.600295] (-) TimerEvent: {}
[903.701810] (-) TimerEvent: {}
[903.803322] (-) TimerEvent: {}
[903.904821] (-) TimerEvent: {}
[904.006380] (-) TimerEvent: {}
[904.107930] (-) TimerEvent: {}
[904.209519] (-) TimerEvent: {}
[904.311200] (-) TimerEvent: {}
[904.412997] (-) TimerEvent: {}
[904.515651] (-) TimerEvent: {}
[904.617272] (-) TimerEvent: {}
[904.718791] (-) TimerEvent: {}
[904.820342] (-) TimerEvent: {}
[904.921860] (-) TimerEvent: {}
[905.023306] (-) TimerEvent: {}
[905.124816] (-) TimerEvent: {}
[905.226301] (-) TimerEvent: {}
[905.327917] (-) TimerEvent: {}
[905.429451] (-) TimerEvent: {}
[905.531159] (-) TimerEvent: {}
[905.632776] (-) TimerEvent: {}
[905.734534] (-) TimerEvent: {}
[905.836237] (-) TimerEvent: {}
[905.937744] (-) TimerEvent: {}
[906.039354] (-) TimerEvent: {}
[906.141048] (-) TimerEvent: {}
[906.242562] (-) TimerEvent: {}
[906.344109] (-) TimerEvent: {}
[906.445229] (-) TimerEvent: {}
[906.546770] (-) TimerEvent: {}
[906.648207] (-) TimerEvent: {}
[906.749745] (-) TimerEvent: {}
[906.851294] (-) TimerEvent: {}
[906.965679] (-) TimerEvent: {}
[907.120024] (-) TimerEvent: {}
[907.221438] (-) TimerEvent: {}
[907.323137] (-) TimerEvent: {}
[907.424531] (-) TimerEvent: {}
[907.526090] (-) TimerEvent: {}
[907.627585] (-) TimerEvent: {}
[907.729003] (-) TimerEvent: {}
[907.830525] (-) TimerEvent: {}
[907.931979] (-) TimerEvent: {}
[908.033401] (-) TimerEvent: {}
[908.135035] (-) TimerEvent: {}
[908.236689] (-) TimerEvent: {}
[908.338127] (-) TimerEvent: {}
[908.439403] (-) TimerEvent: {}
[908.540655] (-) TimerEvent: {}
[908.641987] (-) TimerEvent: {}
[908.743577] (-) TimerEvent: {}
[908.845072] (-) TimerEvent: {}
[908.946629] (-) TimerEvent: {}
[909.048118] (-) TimerEvent: {}
[909.149546] (-) TimerEvent: {}
[909.251115] (-) TimerEvent: {}
[909.352561] (-) TimerEvent: {}
[909.454229] (-) TimerEvent: {}
[909.555961] (-) TimerEvent: {}
[909.657394] (-) TimerEvent: {}
[909.758902] (-) TimerEvent: {}
[909.860337] (-) TimerEvent: {}
[909.961833] (-) TimerEvent: {}
[910.063360] (-) TimerEvent: {}
[910.164790] (-) TimerEvent: {}
[910.266245] (-) TimerEvent: {}
[910.367935] (-) TimerEvent: {}
[910.469441] (-) TimerEvent: {}
[910.571023] (-) TimerEvent: {}
[910.672505] (-) TimerEvent: {}
[910.774091] (-) TimerEvent: {}
[910.875798] (-) TimerEvent: {}
[910.977297] (-) TimerEvent: {}
[911.079247] (-) TimerEvent: {}
[911.180740] (-) TimerEvent: {}
[911.282234] (-) TimerEvent: {}
[911.383501] (-) TimerEvent: {}
[911.485409] (-) TimerEvent: {}
[911.587120] (-) TimerEvent: {}
[911.688713] (-) TimerEvent: {}
[911.790281] (-) TimerEvent: {}
[911.892177] (-) TimerEvent: {}
[911.997718] (-) TimerEvent: {}
[912.099327] (-) TimerEvent: {}
[912.200870] (-) TimerEvent: {}
[912.302352] (-) TimerEvent: {}
[912.403910] (-) TimerEvent: {}
[912.505256] (-) TimerEvent: {}
[912.606755] (-) TimerEvent: {}
[912.708202] (-) TimerEvent: {}
[912.809700] (-) TimerEvent: {}
[912.911364] (-) TimerEvent: {}
[913.012929] (-) TimerEvent: {}
[913.115731] (-) TimerEvent: {}
[913.218364] (-) TimerEvent: {}
[913.320191] (-) TimerEvent: {}
[913.421820] (-) TimerEvent: {}
[913.523421] (-) TimerEvent: {}
[913.624869] (-) TimerEvent: {}
[913.726412] (-) TimerEvent: {}
[913.828007] (-) TimerEvent: {}
[913.929432] (-) TimerEvent: {}
[914.031084] (-) TimerEvent: {}
[914.132583] (-) TimerEvent: {}
[914.234078] (-) TimerEvent: {}
[914.335693] (-) TimerEvent: {}
[914.437144] (-) TimerEvent: {}
[914.538794] (-) TimerEvent: {}
[914.640666] (-) TimerEvent: {}
[914.742345] (-) TimerEvent: {}
[914.843824] (-) TimerEvent: {}
[914.945507] (-) TimerEvent: {}
[915.046847] (-) TimerEvent: {}
[915.148288] (-) TimerEvent: {}
[915.249808] (-) TimerEvent: {}
[915.351474] (-) TimerEvent: {}
[915.453069] (-) TimerEvent: {}
[915.554616] (-) TimerEvent: {}
[915.656385] (-) TimerEvent: {}
[915.758650] (-) TimerEvent: {}
[915.860142] (-) TimerEvent: {}
[915.961561] (-) TimerEvent: {}
[916.063127] (-) TimerEvent: {}
[916.164675] (-) TimerEvent: {}
[916.266164] (-) TimerEvent: {}
[916.367715] (-) TimerEvent: {}
[916.469162] (-) TimerEvent: {}
[916.570620] (-) TimerEvent: {}
[916.671847] (-) TimerEvent: {}
[916.773343] (-) TimerEvent: {}
[916.875195] (-) TimerEvent: {}
[916.977886] (-) TimerEvent: {}
[917.080394] (-) TimerEvent: {}
[917.181859] (-) TimerEvent: {}
[917.283543] (-) TimerEvent: {}
[917.385915] (-) TimerEvent: {}
[917.487429] (-) TimerEvent: {}
[917.589072] (-) TimerEvent: {}
[917.691437] (-) TimerEvent: {}
[917.792924] (-) TimerEvent: {}
[917.894369] (-) TimerEvent: {}
[917.996055] (-) TimerEvent: {}
[918.097541] (-) TimerEvent: {}
[918.199888] (-) TimerEvent: {}
[918.301336] (-) TimerEvent: {}
[918.402956] (-) TimerEvent: {}
[918.504508] (-) TimerEvent: {}
[918.605896] (-) TimerEvent: {}
[918.707401] (-) TimerEvent: {}
[918.808857] (-) TimerEvent: {}
[918.910327] (-) TimerEvent: {}
[919.011802] (-) TimerEvent: {}
[919.113302] (-) TimerEvent: {}
[919.214779] (-) TimerEvent: {}
[919.316186] (-) TimerEvent: {}
[919.417678] (-) TimerEvent: {}
[919.519313] (-) TimerEvent: {}
[919.620689] (-) TimerEvent: {}
[919.722205] (-) TimerEvent: {}
[919.824140] (-) TimerEvent: {}
[919.925860] (-) TimerEvent: {}
[920.027776] (-) TimerEvent: {}
[920.129335] (-) TimerEvent: {}
[920.230716] (-) TimerEvent: {}
[920.332175] (-) TimerEvent: {}
[920.433594] (-) TimerEvent: {}
[920.535181] (-) TimerEvent: {}
[920.636650] (-) TimerEvent: {}
[920.738194] (-) TimerEvent: {}
[920.839981] (-) TimerEvent: {}
[920.942520] (-) TimerEvent: {}
[921.045652] (-) TimerEvent: {}
[921.147365] (-) TimerEvent: {}
[921.248929] (-) TimerEvent: {}
[921.351347] (-) TimerEvent: {}
[921.455290] (-) TimerEvent: {}
[921.556969] (-) TimerEvent: {}
[921.658785] (-) TimerEvent: {}
[921.760881] (-) TimerEvent: {}
[921.862580] (-) TimerEvent: {}
[921.965054] (-) TimerEvent: {}
[922.067305] (-) TimerEvent: {}
[922.168838] (-) TimerEvent: {}
[922.270238] (-) TimerEvent: {}
[922.371713] (-) TimerEvent: {}
[922.473298] (-) TimerEvent: {}
[922.574705] (-) TimerEvent: {}
[922.675930] (-) TimerEvent: {}
[922.777597] (-) TimerEvent: {}
[922.879280] (-) TimerEvent: {}
[922.980779] (-) TimerEvent: {}
[923.082315] (-) TimerEvent: {}
[923.183870] (-) TimerEvent: {}
[923.285366] (-) TimerEvent: {}
[923.387042] (-) TimerEvent: {}
[923.488559] (-) TimerEvent: {}
[923.590205] (-) TimerEvent: {}
[923.692926] (-) TimerEvent: {}
[923.794560] (-) TimerEvent: {}
[923.896108] (-) TimerEvent: {}
[923.997604] (-) TimerEvent: {}
[924.099161] (-) TimerEvent: {}
[924.200642] (-) TimerEvent: {}
[924.302168] (-) TimerEvent: {}
[924.403770] (-) TimerEvent: {}
[924.505239] (-) TimerEvent: {}
[924.606835] (-) TimerEvent: {}
[924.707985] (-) TimerEvent: {}
[924.809535] (-) TimerEvent: {}
[924.911054] (-) TimerEvent: {}
[925.012503] (-) TimerEvent: {}
[925.113992] (-) TimerEvent: {}
[925.215577] (-) TimerEvent: {}
[925.317126] (-) TimerEvent: {}
[925.418578] (-) TimerEvent: {}
[925.519987] (-) TimerEvent: {}
[925.621807] (-) TimerEvent: {}
[925.723548] (-) TimerEvent: {}
[925.825406] (-) TimerEvent: {}
[925.927024] (-) TimerEvent: {}
[926.028646] (-) TimerEvent: {}
[926.130129] (-) TimerEvent: {}
[926.231709] (-) TimerEvent: {}
[926.333241] (-) TimerEvent: {}
[926.434801] (-) TimerEvent: {}
[926.536285] (-) TimerEvent: {}
[926.637766] (-) TimerEvent: {}
[926.739457] (-) TimerEvent: {}
[926.842068] (-) TimerEvent: {}
[926.944391] (-) TimerEvent: {}
[927.046757] (-) TimerEvent: {}
[927.148319] (-) TimerEvent: {}
[927.249738] (-) TimerEvent: {}
[927.351377] (-) TimerEvent: {}
[927.453574] (-) TimerEvent: {}
[927.555885] (-) TimerEvent: {}
[927.657356] (-) TimerEvent: {}
[927.758753] (-) TimerEvent: {}
[927.860196] (-) TimerEvent: {}
[927.961746] (-) TimerEvent: {}
[928.063369] (-) TimerEvent: {}
[928.164798] (-) TimerEvent: {}
[928.266182] (-) TimerEvent: {}
[928.367683] (-) TimerEvent: {}
[928.469104] (-) TimerEvent: {}
[928.570770] (-) TimerEvent: {}
[928.673576] (-) TimerEvent: {}
[928.776187] (-) TimerEvent: {}
[928.877714] (-) TimerEvent: {}
[928.979283] (-) TimerEvent: {}
[929.080765] (-) TimerEvent: {}
[929.182399] (-) TimerEvent: {}
[929.284910] (-) TimerEvent: {}
[929.387449] (-) TimerEvent: {}
[929.490295] (-) TimerEvent: {}
[929.593039] (-) TimerEvent: {}
[929.695668] (-) TimerEvent: {}
[929.797524] (-) TimerEvent: {}
[929.898981] (-) TimerEvent: {}
[930.000431] (-) TimerEvent: {}
[930.101899] (-) TimerEvent: {}
[930.203440] (-) TimerEvent: {}
[930.304978] (-) TimerEvent: {}
[930.407306] (-) TimerEvent: {}
[930.510050] (-) TimerEvent: {}
[930.611870] (-) TimerEvent: {}
[930.713314] (-) TimerEvent: {}
[930.815027] (-) TimerEvent: {}
[930.916708] (-) TimerEvent: {}
[931.018253] (-) TimerEvent: {}
[931.119948] (-) TimerEvent: {}
[931.221526] (-) TimerEvent: {}
[931.323073] (-) TimerEvent: {}
[931.424519] (-) TimerEvent: {}
[931.526117] (-) TimerEvent: {}
[931.627716] (-) TimerEvent: {}
[931.729165] (-) TimerEvent: {}
[931.830846] (-) TimerEvent: {}
[931.932281] (-) TimerEvent: {}
[932.033984] (-) TimerEvent: {}
[932.135533] (-) TimerEvent: {}
[932.236941] (-) TimerEvent: {}
[932.338442] (-) TimerEvent: {}
[932.439964] (-) TimerEvent: {}
[932.541388] (-) TimerEvent: {}
[932.643063] (-) TimerEvent: {}
[932.744687] (-) TimerEvent: {}
[932.846776] (-) TimerEvent: {}
[932.948125] (-) TimerEvent: {}
[933.049622] (-) TimerEvent: {}
[933.151166] (-) TimerEvent: {}
[933.252603] (-) TimerEvent: {}
[933.354082] (-) TimerEvent: {}
[933.455723] (-) TimerEvent: {}
[933.557124] (-) TimerEvent: {}
[933.658639] (-) TimerEvent: {}
[933.761014] (-) TimerEvent: {}
[933.863444] (-) TimerEvent: {}
[933.965147] (-) TimerEvent: {}
[934.067267] (-) TimerEvent: {}
[934.168910] (-) TimerEvent: {}
[934.270720] (-) TimerEvent: {}
[934.372097] (-) TimerEvent: {}
[934.473603] (-) TimerEvent: {}
[934.575276] (-) TimerEvent: {}
[934.676654] (-) TimerEvent: {}
[934.778188] (-) TimerEvent: {}
[934.879578] (-) TimerEvent: {}
[934.981014] (-) TimerEvent: {}
[935.082643] (-) TimerEvent: {}
[935.184192] (-) TimerEvent: {}
[935.285614] (-) TimerEvent: {}
[935.387236] (-) TimerEvent: {}
[935.489648] (-) TimerEvent: {}
[935.591126] (-) TimerEvent: {}
[935.692519] (-) TimerEvent: {}
[935.793995] (-) TimerEvent: {}
[935.895568] (-) TimerEvent: {}
[935.997002] (-) TimerEvent: {}
[936.098885] (-) TimerEvent: {}
[936.200745] (-) TimerEvent: {}
[936.303042] (-) TimerEvent: {}
[936.404565] (-) TimerEvent: {}
[936.506010] (-) TimerEvent: {}
[936.607585] (-) TimerEvent: {}
[936.709101] (-) TimerEvent: {}
[936.811824] (-) TimerEvent: {}
[936.914342] (-) TimerEvent: {}
[937.015951] (-) TimerEvent: {}
[937.130700] (-) TimerEvent: {}
[937.257241] (-) TimerEvent: {}
[937.358706] (-) TimerEvent: {}
[937.460234] (-) TimerEvent: {}
[937.561684] (-) TimerEvent: {}
[937.663330] (-) TimerEvent: {}
[937.764819] (-) TimerEvent: {}
[937.866378] (-) TimerEvent: {}
[937.967900] (-) TimerEvent: {}
[938.069595] (-) TimerEvent: {}
[938.171329] (-) TimerEvent: {}
[938.273802] (-) TimerEvent: {}
[938.375356] (-) TimerEvent: {}
[938.476967] (-) TimerEvent: {}
[938.578518] (-) TimerEvent: {}
[938.679960] (-) TimerEvent: {}
[938.781208] (-) TimerEvent: {}
[938.882903] (-) TimerEvent: {}
[938.984434] (-) TimerEvent: {}
[939.085969] (-) TimerEvent: {}
[939.187509] (-) TimerEvent: {}
[939.288991] (-) TimerEvent: {}
[939.390395] (-) TimerEvent: {}
[939.491968] (-) TimerEvent: {}
[939.593410] (-) TimerEvent: {}
[939.694927] (-) TimerEvent: {}
[939.796364] (-) TimerEvent: {}
[939.897894] (-) TimerEvent: {}
[939.999451] (-) TimerEvent: {}
[940.100929] (-) TimerEvent: {}
[940.202431] (-) TimerEvent: {}
[940.304031] (-) TimerEvent: {}
[940.405739] (-) TimerEvent: {}
[940.508198] (-) TimerEvent: {}
[940.610723] (-) TimerEvent: {}
[940.713254] (-) TimerEvent: {}
[940.815180] (-) TimerEvent: {}
[940.916665] (-) TimerEvent: {}
[941.018152] (-) TimerEvent: {}
[941.119719] (-) TimerEvent: {}
[941.221199] (-) TimerEvent: {}
[941.322638] (-) TimerEvent: {}
[941.424124] (-) TimerEvent: {}
[941.525572] (-) TimerEvent: {}
[941.627158] (-) TimerEvent: {}
[941.728684] (-) TimerEvent: {}
[941.830152] (-) TimerEvent: {}
[941.931684] (-) TimerEvent: {}
[942.033224] (-) TimerEvent: {}
[942.134732] (-) TimerEvent: {}
[942.236169] (-) TimerEvent: {}
[942.337790] (-) TimerEvent: {}
[942.439352] (-) TimerEvent: {}
[942.540784] (-) TimerEvent: {}
[942.642730] (-) TimerEvent: {}
[942.744007] (-) TimerEvent: {}
[942.845545] (-) TimerEvent: {}
[942.947194] (-) TimerEvent: {}
[943.048751] (-) TimerEvent: {}
[943.150393] (-) TimerEvent: {}
[943.251572] (-) TimerEvent: {}
[943.353418] (-) TimerEvent: {}
[943.455795] (-) TimerEvent: {}
[943.557533] (-) TimerEvent: {}
[943.660252] (-) TimerEvent: {}
[943.761681] (-) TimerEvent: {}
[943.863168] (-) TimerEvent: {}
[943.964695] (-) TimerEvent: {}
[944.066164] (-) TimerEvent: {}
[944.167765] (-) TimerEvent: {}
[944.269249] (-) TimerEvent: {}
[944.370752] (-) TimerEvent: {}
[944.472433] (-) TimerEvent: {}
[944.574099] (-) TimerEvent: {}
[944.675475] (-) TimerEvent: {}
[944.777068] (-) TimerEvent: {}
[944.878608] (-) TimerEvent: {}
[944.980162] (-) TimerEvent: {}
[945.081737] (-) TimerEvent: {}
[945.183276] (-) TimerEvent: {}
[945.284871] (-) TimerEvent: {}
[945.386615] (-) TimerEvent: {}
[945.488975] (-) TimerEvent: {}
[945.591386] (-) TimerEvent: {}
[945.692928] (-) TimerEvent: {}
[945.794367] (-) TimerEvent: {}
[945.895960] (-) TimerEvent: {}
[945.997658] (-) TimerEvent: {}
[946.101299] (-) TimerEvent: {}
[946.203735] (-) TimerEvent: {}
[946.305159] (-) TimerEvent: {}
[946.406751] (-) TimerEvent: {}
[946.508362] (-) TimerEvent: {}
[946.610058] (-) TimerEvent: {}
[946.711531] (-) TimerEvent: {}
[946.813013] (-) TimerEvent: {}
[946.914670] (-) TimerEvent: {}
[947.016300] (-) TimerEvent: {}
[947.117949] (-) TimerEvent: {}
[947.219437] (-) TimerEvent: {}
[947.321196] (-) TimerEvent: {}
[947.422974] (-) TimerEvent: {}
[947.524490] (-) TimerEvent: {}
[947.625861] (-) TimerEvent: {}
[947.727519] (-) TimerEvent: {}
[947.828950] (-) TimerEvent: {}
[947.930569] (-) TimerEvent: {}
[948.031965] (-) TimerEvent: {}
[948.133389] (-) TimerEvent: {}
[948.235191] (-) TimerEvent: {}
[948.337229] (-) TimerEvent: {}
[948.438759] (-) TimerEvent: {}
[948.540295] (-) TimerEvent: {}
[948.641765] (-) TimerEvent: {}
[948.743234] (-) TimerEvent: {}
[948.844861] (-) TimerEvent: {}
[948.946596] (-) TimerEvent: {}
[949.049155] (-) TimerEvent: {}
[949.150725] (-) TimerEvent: {}
[949.252540] (-) TimerEvent: {}
[949.355313] (-) TimerEvent: {}
[949.457931] (-) TimerEvent: {}
[949.559733] (-) TimerEvent: {}
[949.661151] (-) TimerEvent: {}
[949.762688] (-) TimerEvent: {}
[949.864144] (-) TimerEvent: {}
[949.965899] (-) TimerEvent: {}
[950.067744] (-) TimerEvent: {}
[950.169098] (-) TimerEvent: {}
[950.270713] (-) TimerEvent: {}
[950.372205] (-) TimerEvent: {}
[950.473643] (-) TimerEvent: {}
[950.575416] (-) TimerEvent: {}
[950.677904] (-) TimerEvent: {}
[950.779538] (-) TimerEvent: {}
[950.881040] (-) TimerEvent: {}
[950.982586] (-) TimerEvent: {}
[951.084064] (-) TimerEvent: {}
[951.185238] (-) TimerEvent: {}
[951.286797] (-) TimerEvent: {}
[951.388337] (-) TimerEvent: {}
[951.489841] (-) TimerEvent: {}
[951.591438] (-) TimerEvent: {}
[951.692904] (-) TimerEvent: {}
[951.794403] (-) TimerEvent: {}
[951.896192] (-) TimerEvent: {}
[951.997753] (-) TimerEvent: {}
[952.099247] (-) TimerEvent: {}
[952.201933] (-) TimerEvent: {}
[952.303319] (-) TimerEvent: {}
[952.404994] (-) TimerEvent: {}
[952.506684] (-) TimerEvent: {}
[952.608282] (-) TimerEvent: {}
[952.709835] (-) TimerEvent: {}
[952.811573] (-) TimerEvent: {}
[952.913341] (-) TimerEvent: {}
[953.015058] (-) TimerEvent: {}
[953.116630] (-) TimerEvent: {}
[953.218125] (-) TimerEvent: {}
[953.319849] (-) TimerEvent: {}
[953.421554] (-) TimerEvent: {}
[953.524388] (-) TimerEvent: {}
[953.625846] (-) TimerEvent: {}
[953.727398] (-) TimerEvent: {}
[953.828815] (-) TimerEvent: {}
[953.930397] (-) TimerEvent: {}
[954.032100] (-) TimerEvent: {}
[954.133576] (-) TimerEvent: {}
[954.235171] (-) TimerEvent: {}
[954.336623] (-) TimerEvent: {}
[954.438175] (-) TimerEvent: {}
[954.539724] (-) TimerEvent: {}
[954.641188] (-) TimerEvent: {}
[954.742750] (-) TimerEvent: {}
[954.844223] (-) TimerEvent: {}
[954.945801] (-) TimerEvent: {}
[955.047182] (-) TimerEvent: {}
[955.148584] (-) TimerEvent: {}
[955.250056] (-) TimerEvent: {}
[955.351648] (-) TimerEvent: {}
[955.453157] (-) TimerEvent: {}
[955.554685] (-) TimerEvent: {}
[955.656226] (-) TimerEvent: {}
[955.757774] (-) TimerEvent: {}
[955.859250] (-) TimerEvent: {}
[955.960668] (-) TimerEvent: {}
[956.062283] (-) TimerEvent: {}
[956.164448] (-) TimerEvent: {}
[956.266060] (-) TimerEvent: {}
[956.367718] (-) TimerEvent: {}
[956.469147] (-) TimerEvent: {}
[956.570686] (-) TimerEvent: {}
[956.672546] (-) TimerEvent: {}
[956.773952] (-) TimerEvent: {}
[956.875440] (-) TimerEvent: {}
[956.976840] (-) TimerEvent: {}
[957.078227] (-) TimerEvent: {}
[957.179742] (-) TimerEvent: {}
[957.281362] (-) TimerEvent: {}
[957.382962] (-) TimerEvent: {}
[957.484587] (-) TimerEvent: {}
[957.586149] (-) TimerEvent: {}
[957.687683] (-) TimerEvent: {}
[957.789399] (-) TimerEvent: {}
[957.891672] (-) TimerEvent: {}
[957.993304] (-) TimerEvent: {}
[958.094777] (-) TimerEvent: {}
[958.196333] (-) TimerEvent: {}
[958.297853] (-) TimerEvent: {}
[958.399353] (-) TimerEvent: {}
[958.500855] (-) TimerEvent: {}
[958.602327] (-) TimerEvent: {}
[958.703965] (-) TimerEvent: {}
[958.805626] (-) TimerEvent: {}
[958.907577] (-) TimerEvent: {}
[959.010256] (-) TimerEvent: {}
[959.111866] (-) TimerEvent: {}
[959.213381] (-) TimerEvent: {}
[959.314934] (-) TimerEvent: {}
[959.416434] (-) TimerEvent: {}
[959.517868] (-) TimerEvent: {}
[959.619455] (-) TimerEvent: {}
[959.720976] (-) TimerEvent: {}
[959.822397] (-) TimerEvent: {}
[959.923975] (-) TimerEvent: {}
[960.025442] (-) TimerEvent: {}
[960.126735] (-) TimerEvent: {}
[960.228238] (-) TimerEvent: {}
[960.329687] (-) TimerEvent: {}
[960.431363] (-) TimerEvent: {}
[960.533009] (-) TimerEvent: {}
[960.634548] (-) TimerEvent: {}
[960.735999] (-) TimerEvent: {}
[960.837565] (-) TimerEvent: {}
[960.939167] (-) TimerEvent: {}
[961.040629] (-) TimerEvent: {}
[961.142052] (-) TimerEvent: {}
[961.243633] (-) TimerEvent: {}
[961.345104] (-) TimerEvent: {}
[961.446702] (-) TimerEvent: {}
[961.548537] (-) TimerEvent: {}
[961.650309] (-) TimerEvent: {}
[961.752137] (-) TimerEvent: {}
[961.853643] (-) TimerEvent: {}
[961.955317] (-) TimerEvent: {}
[962.056948] (-) TimerEvent: {}
[962.158510] (-) TimerEvent: {}
[962.260189] (-) TimerEvent: {}
[962.362685] (-) TimerEvent: {}
[962.464204] (-) TimerEvent: {}
[962.565648] (-) TimerEvent: {}
[962.667182] (-) TimerEvent: {}
[962.768617] (-) TimerEvent: {}
[962.870113] (-) TimerEvent: {}
[962.972421] (-) TimerEvent: {}
[963.074523] (-) TimerEvent: {}
[963.176046] (-) TimerEvent: {}
[963.277535] (-) TimerEvent: {}
[963.379266] (-) TimerEvent: {}
[963.481098] (-) TimerEvent: {}
[963.583387] (-) TimerEvent: {}
[963.684882] (-) TimerEvent: {}
[963.786309] (-) TimerEvent: {}
[963.887909] (-) TimerEvent: {}
[963.989465] (-) TimerEvent: {}
[964.091024] (-) TimerEvent: {}
[964.192581] (-) TimerEvent: {}
[964.293976] (-) TimerEvent: {}
[964.395429] (-) TimerEvent: {}
[964.496998] (-) TimerEvent: {}
[964.598595] (-) TimerEvent: {}
[964.700232] (-) TimerEvent: {}
[964.801876] (-) TimerEvent: {}
[964.903593] (-) TimerEvent: {}
[965.005109] (-) TimerEvent: {}
[965.106677] (-) TimerEvent: {}
[965.208155] (-) TimerEvent: {}
[965.309925] (-) TimerEvent: {}
[965.412330] (-) TimerEvent: {}
[965.513804] (-) TimerEvent: {}
[965.615343] (-) TimerEvent: {}
[965.716837] (-) TimerEvent: {}
[965.818492] (-) TimerEvent: {}
[965.920341] (-) TimerEvent: {}
[966.021909] (-) TimerEvent: {}
[966.123764] (-) TimerEvent: {}
[966.226052] (-) TimerEvent: {}
[966.328384] (-) TimerEvent: {}
[966.429863] (-) TimerEvent: {}
[966.531321] (-) TimerEvent: {}
[966.632716] (-) TimerEvent: {}
[966.734188] (-) TimerEvent: {}
[966.835718] (-) TimerEvent: {}
[966.937136] (-) TimerEvent: {}
[967.038868] (-) TimerEvent: {}
[967.141117] (-) TimerEvent: {}
[967.250030] (-) TimerEvent: {}
[967.375721] (-) TimerEvent: {}
[967.477528] (-) TimerEvent: {}
[967.580071] (-) TimerEvent: {}
[967.682344] (-) TimerEvent: {}
[967.783921] (-) TimerEvent: {}
[967.885319] (-) TimerEvent: {}
[967.986748] (-) TimerEvent: {}
[968.088255] (-) TimerEvent: {}
[968.189742] (-) TimerEvent: {}
[968.291420] (-) TimerEvent: {}
[968.393028] (-) TimerEvent: {}
[968.494535] (-) TimerEvent: {}
[968.596079] (-) TimerEvent: {}
[968.697517] (-) TimerEvent: {}
[968.799071] (-) TimerEvent: {}
[968.900621] (-) TimerEvent: {}
[969.002134] (-) TimerEvent: {}
[969.103798] (-) TimerEvent: {}
[969.206312] (-) TimerEvent: {}
[969.308079] (-) TimerEvent: {}
[969.411494] (-) TimerEvent: {}
[969.512981] (-) TimerEvent: {}
[969.614429] (-) TimerEvent: {}
[969.715995] (-) TimerEvent: {}
[969.817505] (-) TimerEvent: {}
[969.918988] (-) TimerEvent: {}
[970.020505] (-) TimerEvent: {}
[970.121932] (-) TimerEvent: {}
[970.223467] (-) TimerEvent: {}
[970.325056] (-) TimerEvent: {}
[970.426585] (-) TimerEvent: {}
[970.528137] (-) TimerEvent: {}
[970.629673] (-) TimerEvent: {}
[970.731177] (-) TimerEvent: {}
[970.832658] (-) TimerEvent: {}
[970.934118] (-) TimerEvent: {}
[971.035551] (-) TimerEvent: {}
[971.137176] (-) TimerEvent: {}
[971.238755] (-) TimerEvent: {}
[971.340394] (-) TimerEvent: {}
[971.442021] (-) TimerEvent: {}
[971.543813] (-) TimerEvent: {}
[971.645426] (-) TimerEvent: {}
[971.747059] (-) TimerEvent: {}
[971.848653] (-) TimerEvent: {}
[971.950243] (-) TimerEvent: {}
[972.051901] (-) TimerEvent: {}
[972.153542] (-) TimerEvent: {}
[972.255257] (-) TimerEvent: {}
[972.356895] (-) TimerEvent: {}
[972.458723] (-) TimerEvent: {}
[972.560312] (-) TimerEvent: {}
[972.661900] (-) TimerEvent: {}
[972.763607] (-) TimerEvent: {}
[972.865208] (-) TimerEvent: {}
[972.967049] (-) TimerEvent: {}
[973.068772] (-) TimerEvent: {}
[973.170424] (-) TimerEvent: {}
[973.272001] (-) TimerEvent: {}
[973.373634] (-) TimerEvent: {}
[973.475288] (-) TimerEvent: {}
[973.577235] (-) TimerEvent: {}
[973.678679] (-) TimerEvent: {}
[973.780118] (-) TimerEvent: {}
[973.881590] (-) TimerEvent: {}
[973.983100] (-) TimerEvent: {}
[974.084551] (-) TimerEvent: {}
[974.186023] (-) TimerEvent: {}
[974.287558] (-) TimerEvent: {}
[974.389086] (-) TimerEvent: {}
[974.490326] (-) TimerEvent: {}
[974.592037] (-) TimerEvent: {}
[974.693658] (-) TimerEvent: {}
[974.795370] (-) TimerEvent: {}
[974.897041] (-) TimerEvent: {}
[974.998738] (-) TimerEvent: {}
[975.100538] (-) TimerEvent: {}
[975.202182] (-) TimerEvent: {}
[975.303896] (-) TimerEvent: {}
[975.405577] (-) TimerEvent: {}
[975.507252] (-) TimerEvent: {}
[975.608865] (-) TimerEvent: {}
[975.710623] (-) TimerEvent: {}
[975.812235] (-) TimerEvent: {}
[975.913961] (-) TimerEvent: {}
[976.015676] (-) TimerEvent: {}
[976.117270] (-) TimerEvent: {}
[976.218950] (-) TimerEvent: {}
[976.320617] (-) TimerEvent: {}
[976.422279] (-) TimerEvent: {}
[976.524109] (-) TimerEvent: {}
[976.625679] (-) TimerEvent: {}
[976.727222] (-) TimerEvent: {}
[976.828859] (-) TimerEvent: {}
[976.930515] (-) TimerEvent: {}
[977.032123] (-) TimerEvent: {}
[977.133714] (-) TimerEvent: {}
[977.235436] (-) TimerEvent: {}
[977.337061] (-) TimerEvent: {}
[977.438846] (-) TimerEvent: {}
[977.540689] (-) TimerEvent: {}
[977.642316] (-) TimerEvent: {}
[977.743989] (-) TimerEvent: {}
[977.845586] (-) TimerEvent: {}
[977.947289] (-) TimerEvent: {}
[978.048931] (-) TimerEvent: {}
[978.150556] (-) TimerEvent: {}
[978.252192] (-) TimerEvent: {}
[978.353760] (-) TimerEvent: {}
[978.455792] (-) TimerEvent: {}
[978.557421] (-) TimerEvent: {}
[978.659078] (-) TimerEvent: {}
[978.760644] (-) TimerEvent: {}
[978.862134] (-) TimerEvent: {}
[978.963843] (-) TimerEvent: {}
[979.065536] (-) TimerEvent: {}
[979.167172] (-) TimerEvent: {}
[979.268707] (-) TimerEvent: {}
[979.370552] (-) TimerEvent: {}
[979.472174] (-) TimerEvent: {}
[979.573839] (-) TimerEvent: {}
[979.675586] (-) TimerEvent: {}
[979.777255] (-) TimerEvent: {}
[979.878825] (-) TimerEvent: {}
[979.980392] (-) TimerEvent: {}
[980.082014] (-) TimerEvent: {}
[980.183680] (-) TimerEvent: {}
[980.285159] (-) TimerEvent: {}
[980.386797] (-) TimerEvent: {}
[980.488391] (-) TimerEvent: {}
[980.589990] (-) TimerEvent: {}
[980.691618] (-) TimerEvent: {}
[980.793207] (-) TimerEvent: {}
[980.894832] (-) TimerEvent: {}
[980.996387] (-) TimerEvent: {}
[981.097854] (-) TimerEvent: {}
[981.199518] (-) TimerEvent: {}
[981.300979] (-) TimerEvent: {}
[981.402710] (-) TimerEvent: {}
[981.504214] (-) TimerEvent: {}
[981.605893] (-) TimerEvent: {}
[981.707583] (-) TimerEvent: {}
[981.809227] (-) TimerEvent: {}
[981.910944] (-) TimerEvent: {}
[982.012566] (-) TimerEvent: {}
[982.114234] (-) TimerEvent: {}
[982.215846] (-) TimerEvent: {}
[982.317345] (-) TimerEvent: {}
[982.419001] (-) TimerEvent: {}
[982.520614] (-) TimerEvent: {}
[982.622288] (-) TimerEvent: {}
[982.724194] (-) TimerEvent: {}
[982.825868] (-) TimerEvent: {}
[982.927621] (-) TimerEvent: {}
[983.029289] (-) TimerEvent: {}
[983.130962] (-) TimerEvent: {}
[983.232607] (-) TimerEvent: {}
[983.334265] (-) TimerEvent: {}
[983.435930] (-) TimerEvent: {}
[983.537546] (-) TimerEvent: {}
[983.639245] (-) TimerEvent: {}
[983.740869] (-) TimerEvent: {}
[983.842582] (-) TimerEvent: {}
[983.944259] (-) TimerEvent: {}
[984.045908] (-) TimerEvent: {}
[984.147561] (-) TimerEvent: {}
[984.249130] (-) TimerEvent: {}
[984.350757] (-) TimerEvent: {}
[984.452349] (-) TimerEvent: {}
[984.554016] (-) TimerEvent: {}
[984.655693] (-) TimerEvent: {}
[984.757276] (-) TimerEvent: {}
[984.858982] (-) TimerEvent: {}
[984.960571] (-) TimerEvent: {}
[985.062198] (-) TimerEvent: {}
[985.163828] (-) TimerEvent: {}
[985.265442] (-) TimerEvent: {}
[985.367154] (-) TimerEvent: {}
[985.468743] (-) TimerEvent: {}
[985.570429] (-) TimerEvent: {}
[985.672183] (-) TimerEvent: {}
[985.773747] (-) TimerEvent: {}
[985.875305] (-) TimerEvent: {}
[985.976853] (-) TimerEvent: {}
[986.078350] (-) TimerEvent: {}
[986.179953] (-) TimerEvent: {}
[986.281446] (-) TimerEvent: {}
[986.383161] (-) TimerEvent: {}
[986.484887] (-) TimerEvent: {}
[986.586375] (-) TimerEvent: {}
[986.687902] (-) TimerEvent: {}
[986.789483] (-) TimerEvent: {}
[986.891033] (-) TimerEvent: {}
[986.992627] (-) TimerEvent: {}
[987.094290] (-) TimerEvent: {}
[987.195965] (-) TimerEvent: {}
[987.297407] (-) TimerEvent: {}
[987.399083] (-) TimerEvent: {}
[987.500681] (-) TimerEvent: {}
[987.602537] (-) TimerEvent: {}
[987.704152] (-) TimerEvent: {}
[987.805686] (-) TimerEvent: {}
[987.907266] (-) TimerEvent: {}
[988.008945] (-) TimerEvent: {}
[988.110582] (-) TimerEvent: {}
[988.212174] (-) TimerEvent: {}
[988.313809] (-) TimerEvent: {}
[988.415462] (-) TimerEvent: {}
[988.517052] (-) TimerEvent: {}
[988.618706] (-) TimerEvent: {}
[988.720330] (-) TimerEvent: {}
[988.821951] (-) TimerEvent: {}
[988.923569] (-) TimerEvent: {}
[989.025176] (-) TimerEvent: {}
[989.126778] (-) TimerEvent: {}
[989.228389] (-) TimerEvent: {}
[989.330118] (-) TimerEvent: {}
[989.431945] (-) TimerEvent: {}
[989.608414] (-) TimerEvent: {}
[989.709824] (-) TimerEvent: {}
[989.811343] (-) TimerEvent: {}
[989.913032] (-) TimerEvent: {}
[990.015721] (-) TimerEvent: {}
[990.117976] (-) TimerEvent: {}
[990.219524] (-) TimerEvent: {}
[990.321065] (-) TimerEvent: {}
[990.422727] (-) TimerEvent: {}
[990.524092] (-) TimerEvent: {}
[990.625746] (-) TimerEvent: {}
[990.727189] (-) TimerEvent: {}
[990.828855] (-) TimerEvent: {}
[990.930523] (-) TimerEvent: {}
[991.032187] (-) TimerEvent: {}
[991.133846] (-) TimerEvent: {}
[991.235552] (-) TimerEvent: {}
[991.337193] (-) TimerEvent: {}
[991.438944] (-) TimerEvent: {}
[991.540602] (-) TimerEvent: {}
[991.642225] (-) TimerEvent: {}
[991.743888] (-) TimerEvent: {}
[991.845493] (-) TimerEvent: {}
[991.947192] (-) TimerEvent: {}
[992.048788] (-) TimerEvent: {}
[992.150243] (-) TimerEvent: {}
[992.251931] (-) TimerEvent: {}
[992.353607] (-) TimerEvent: {}
[992.455335] (-) TimerEvent: {}
[992.556957] (-) TimerEvent: {}
[992.658640] (-) TimerEvent: {}
[992.760240] (-) TimerEvent: {}
[992.862024] (-) TimerEvent: {}
[992.963883] (-) TimerEvent: {}
[993.065547] (-) TimerEvent: {}
[993.167251] (-) TimerEvent: {}
[993.268912] (-) TimerEvent: {}
[993.370682] (-) TimerEvent: {}
[993.472377] (-) TimerEvent: {}
[993.573946] (-) TimerEvent: {}
[993.675645] (-) TimerEvent: {}
[993.777240] (-) TimerEvent: {}
[993.878939] (-) TimerEvent: {}
[993.980498] (-) TimerEvent: {}
[994.082109] (-) TimerEvent: {}
[994.183817] (-) TimerEvent: {}
[994.285333] (-) TimerEvent: {}
[994.387003] (-) TimerEvent: {}
[994.488645] (-) TimerEvent: {}
[994.590664] (-) TimerEvent: {}
[994.692260] (-) TimerEvent: {}
[994.793824] (-) TimerEvent: {}
[994.895388] (-) TimerEvent: {}
[994.997028] (-) TimerEvent: {}
[995.098642] (-) TimerEvent: {}
[995.200251] (-) TimerEvent: {}
[995.301689] (-) TimerEvent: {}
[995.403204] (-) TimerEvent: {}
[995.504936] (-) TimerEvent: {}
[995.607683] (-) TimerEvent: {}
[995.709146] (-) TimerEvent: {}
[995.810663] (-) TimerEvent: {}
[995.912155] (-) TimerEvent: {}
[996.013654] (-) TimerEvent: {}
[996.115145] (-) TimerEvent: {}
[996.216678] (-) TimerEvent: {}
[996.318149] (-) TimerEvent: {}
[996.419655] (-) TimerEvent: {}
[996.521141] (-) TimerEvent: {}
[996.622592] (-) TimerEvent: {}
[996.724114] (-) TimerEvent: {}
[996.825747] (-) TimerEvent: {}
[996.927775] (-) TimerEvent: {}
[997.030973] (-) TimerEvent: {}
[997.133333] (-) TimerEvent: {}
[997.234909] (-) TimerEvent: {}
[997.336339] (-) TimerEvent: {}
[997.438740] (-) TimerEvent: {}
[997.541358] (-) TimerEvent: {}
[997.643842] (-) TimerEvent: {}
[997.746632] (-) TimerEvent: {}
[997.848161] (-) TimerEvent: {}
[997.949572] (-) TimerEvent: {}
[998.051197] (-) TimerEvent: {}
[998.152712] (-) TimerEvent: {}
[998.254242] (-) TimerEvent: {}
[998.355880] (-) TimerEvent: {}
[998.457624] (-) TimerEvent: {}
[998.559125] (-) TimerEvent: {}
[998.660748] (-) TimerEvent: {}
[998.762398] (-) TimerEvent: {}
[998.863947] (-) TimerEvent: {}
[998.965421] (-) TimerEvent: {}
[999.066933] (-) TimerEvent: {}
[999.168470] (-) TimerEvent: {}
[999.270027] (-) TimerEvent: {}
[999.371634] (-) TimerEvent: {}
[999.473139] (-) TimerEvent: {}
[999.574682] (-) TimerEvent: {}
[999.676236] (-) TimerEvent: {}
[999.777657] (-) TimerEvent: {}
[999.879278] (-) TimerEvent: {}
[999.980812] (-) TimerEvent: {}
[1000.082227] (-) TimerEvent: {}
[1000.183785] (-) TimerEvent: {}
[1000.285202] (-) TimerEvent: {}
[1000.386647] (-) TimerEvent: {}
[1000.488168] (-) TimerEvent: {}
[1000.589717] (-) TimerEvent: {}
[1000.691273] (-) TimerEvent: {}
[1000.792729] (-) TimerEvent: {}
[1000.894205] (-) TimerEvent: {}
[1000.995810] (-) TimerEvent: {}
[1001.097320] (-) TimerEvent: {}
[1001.198795] (-) TimerEvent: {}
[1001.300196] (-) TimerEvent: {}
[1001.401774] (-) TimerEvent: {}
[1001.503232] (-) TimerEvent: {}
[1001.604685] (-) TimerEvent: {}
[1001.706143] (-) TimerEvent: {}
[1001.807642] (-) TimerEvent: {}
[1001.909183] (-) TimerEvent: {}
[1002.010695] (-) TimerEvent: {}
[1002.112163] (-) TimerEvent: {}
[1002.214240] (-) TimerEvent: {}
[1002.317846] (-) TimerEvent: {}
[1002.419395] (-) TimerEvent: {}
[1002.520908] (-) TimerEvent: {}
[1002.622349] (-) TimerEvent: {}
[1002.723928] (-) TimerEvent: {}
[1002.825401] (-) TimerEvent: {}
[1002.926898] (-) TimerEvent: {}
[1003.028363] (-) TimerEvent: {}
[1003.129853] (-) TimerEvent: {}
[1003.231577] (-) TimerEvent: {}
[1003.333267] (-) TimerEvent: {}
[1003.435753] (-) TimerEvent: {}
[1003.537211] (-) TimerEvent: {}
[1003.638760] (-) TimerEvent: {}
[1003.740277] (-) TimerEvent: {}
[1003.841719] (-) TimerEvent: {}
[1003.943262] (-) TimerEvent: {}
[1004.044846] (-) TimerEvent: {}
[1004.146407] (-) TimerEvent: {}
[1004.248046] (-) TimerEvent: {}
[1004.349617] (-) TimerEvent: {}
[1004.451236] (-) TimerEvent: {}
[1004.552860] (-) TimerEvent: {}
[1004.654793] (-) TimerEvent: {}
[1004.756529] (-) TimerEvent: {}
[1004.858163] (-) TimerEvent: {}
[1004.960077] (-) TimerEvent: {}
[1005.061873] (-) TimerEvent: {}
[1005.163681] (-) TimerEvent: {}
[1005.265259] (-) TimerEvent: {}
[1005.366758] (-) TimerEvent: {}
[1005.468510] (-) TimerEvent: {}
[1005.570954] (-) TimerEvent: {}
[1005.672686] (-) TimerEvent: {}
[1005.775317] (-) TimerEvent: {}
[1005.877789] (-) TimerEvent: {}
[1005.980353] (-) TimerEvent: {}
[1006.081997] (-) TimerEvent: {}
[1006.184395] (-) TimerEvent: {}
[1006.285869] (-) TimerEvent: {}
[1006.387547] (-) TimerEvent: {}
[1006.489034] (-) TimerEvent: {}
[1006.590573] (-) TimerEvent: {}
[1006.691958] (-) TimerEvent: {}
[1006.793358] (-) TimerEvent: {}
[1006.894786] (-) TimerEvent: {}
[1006.996515] (-) TimerEvent: {}
[1007.098985] (-) TimerEvent: {}
[1007.200683] (-) TimerEvent: {}
[1007.302198] (-) TimerEvent: {}
[1007.403819] (-) TimerEvent: {}
[1007.505292] (-) TimerEvent: {}
[1007.606763] (-) TimerEvent: {}
[1007.708257] (-) TimerEvent: {}
[1007.809663] (-) TimerEvent: {}
[1007.911167] (-) TimerEvent: {}
[1008.012552] (-) TimerEvent: {}
[1008.114100] (-) TimerEvent: {}
[1008.215682] (-) TimerEvent: {}
[1008.317288] (-) TimerEvent: {}
[1008.418762] (-) TimerEvent: {}
[1008.520411] (-) TimerEvent: {}
[1008.622676] (-) TimerEvent: {}
[1008.724132] (-) TimerEvent: {}
[1008.825554] (-) TimerEvent: {}
[1008.927097] (-) TimerEvent: {}
[1009.028592] (-) TimerEvent: {}
[1009.130118] (-) TimerEvent: {}
[1009.231930] (-) TimerEvent: {}
[1009.333560] (-) TimerEvent: {}
[1009.436116] (-) TimerEvent: {}
[1009.538528] (-) TimerEvent: {}
[1009.640822] (-) TimerEvent: {}
[1009.742434] (-) TimerEvent: {}
[1009.843968] (-) TimerEvent: {}
[1009.945242] (-) TimerEvent: {}
[1010.046942] (-) TimerEvent: {}
[1010.148386] (-) TimerEvent: {}
[1010.249950] (-) TimerEvent: {}
[1010.351552] (-) TimerEvent: {}
[1010.452959] (-) TimerEvent: {}
[1010.554404] (-) TimerEvent: {}
[1010.656017] (-) TimerEvent: {}
[1010.757564] (-) TimerEvent: {}
[1010.859101] (-) TimerEvent: {}
[1010.960582] (-) TimerEvent: {}
[1011.062105] (-) TimerEvent: {}
[1011.163607] (-) TimerEvent: {}
[1011.264995] (-) TimerEvent: {}
[1011.366596] (-) TimerEvent: {}
[1011.468375] (-) TimerEvent: {}
[1011.569905] (-) TimerEvent: {}
[1011.673994] (-) TimerEvent: {}
[1011.775581] (-) TimerEvent: {}
[1011.877292] (-) TimerEvent: {}
[1011.978777] (-) TimerEvent: {}
[1012.080408] (-) TimerEvent: {}
[1012.182072] (-) TimerEvent: {}
[1012.284000] (-) TimerEvent: {}
[1012.385513] (-) TimerEvent: {}
[1012.487176] (-) TimerEvent: {}
[1012.588903] (-) TimerEvent: {}
[1012.691662] (-) TimerEvent: {}
[1012.793096] (-) TimerEvent: {}
[1012.894715] (-) TimerEvent: {}
[1012.996162] (-) TimerEvent: {}
[1013.097811] (-) TimerEvent: {}
[1013.199598] (-) TimerEvent: {}
[1013.301768] (-) TimerEvent: {}
[1013.403592] (-) TimerEvent: {}
[1013.506060] (-) TimerEvent: {}
[1013.607436] (-) TimerEvent: {}
[1013.709016] (-) TimerEvent: {}
[1013.811192] (-) TimerEvent: {}
[1013.912741] (-) TimerEvent: {}
[1014.014276] (-) TimerEvent: {}
[1014.115731] (-) TimerEvent: {}
[1014.217302] (-) TimerEvent: {}
[1014.318778] (-) TimerEvent: {}
[1014.420245] (-) TimerEvent: {}
[1014.521654] (-) TimerEvent: {}
[1014.623172] (-) TimerEvent: {}
[1014.724712] (-) TimerEvent: {}
[1014.826509] (-) TimerEvent: {}
[1014.928164] (-) TimerEvent: {}
[1015.030083] (-) TimerEvent: {}
[1015.131605] (-) TimerEvent: {}
[1015.233036] (-) TimerEvent: {}
[1015.334578] (-) TimerEvent: {}
[1015.435961] (-) TimerEvent: {}
[1015.537487] (-) TimerEvent: {}
[1015.639361] (-) TimerEvent: {}
[1015.740910] (-) TimerEvent: {}
[1015.842502] (-) TimerEvent: {}
[1015.944138] (-) TimerEvent: {}
[1016.045641] (-) TimerEvent: {}
[1016.146882] (-) TimerEvent: {}
[1016.248715] (-) TimerEvent: {}
[1016.351056] (-) TimerEvent: {}
[1016.452790] (-) TimerEvent: {}
[1016.554647] (-) TimerEvent: {}
[1016.656330] (-) TimerEvent: {}
[1016.759549] (-) TimerEvent: {}
[1016.861225] (-) TimerEvent: {}
[1016.962792] (-) TimerEvent: {}
[1017.064505] (-) TimerEvent: {}
[1017.166258] (-) TimerEvent: {}
[1017.268197] (-) TimerEvent: {}
[1017.369828] (-) TimerEvent: {}
[1017.471514] (-) TimerEvent: {}
[1017.573068] (-) TimerEvent: {}
[1017.674720] (-) TimerEvent: {}
[1017.776092] (-) TimerEvent: {}
[1017.877554] (-) TimerEvent: {}
[1017.979399] (-) TimerEvent: {}
[1018.081840] (-) TimerEvent: {}
[1018.183518] (-) TimerEvent: {}
[1018.285609] (-) TimerEvent: {}
[1018.388174] (-) TimerEvent: {}
[1018.490529] (-) TimerEvent: {}
[1018.592204] (-) TimerEvent: {}
[1018.693685] (-) TimerEvent: {}
[1018.795208] (-) TimerEvent: {}
[1018.896713] (-) TimerEvent: {}
[1018.998051] (-) TimerEvent: {}
[1019.099789] (-) TimerEvent: {}
[1019.201276] (-) TimerEvent: {}
[1019.303811] (-) TimerEvent: {}
[1019.405332] (-) TimerEvent: {}
[1019.506873] (-) TimerEvent: {}
[1019.608547] (-) TimerEvent: {}
[1019.709963] (-) TimerEvent: {}
[1019.811667] (-) TimerEvent: {}
[1019.914064] (-) TimerEvent: {}
[1020.015473] (-) TimerEvent: {}
[1020.116888] (-) TimerEvent: {}
[1020.218359] (-) TimerEvent: {}
[1020.319905] (-) TimerEvent: {}
[1020.421373] (-) TimerEvent: {}
[1020.522770] (-) TimerEvent: {}
[1020.624198] (-) TimerEvent: {}
[1020.725696] (-) TimerEvent: {}
[1020.827328] (-) TimerEvent: {}
[1020.928954] (-) TimerEvent: {}
[1021.030589] (-) TimerEvent: {}
[1021.132837] (-) TimerEvent: {}
[1021.235370] (-) TimerEvent: {}
[1021.336760] (-) TimerEvent: {}
[1021.438424] (-) TimerEvent: {}
[1021.540022] (-) TimerEvent: {}
[1021.641400] (-) TimerEvent: {}
[1021.742911] (-) TimerEvent: {}
[1021.844500] (-) TimerEvent: {}
[1021.946364] (-) TimerEvent: {}
[1022.049002] (-) TimerEvent: {}
[1022.150586] (-) TimerEvent: {}
[1022.252156] (-) TimerEvent: {}
[1022.353685] (-) TimerEvent: {}
[1022.455279] (-) TimerEvent: {}
[1022.556705] (-) TimerEvent: {}
[1022.658394] (-) TimerEvent: {}
[1022.761139] (-) TimerEvent: {}
[1022.862744] (-) TimerEvent: {}
[1022.964348] (-) TimerEvent: {}
[1023.065823] (-) TimerEvent: {}
[1023.167348] (-) TimerEvent: {}
[1023.269194] (-) TimerEvent: {}
[1023.370763] (-) TimerEvent: {}
[1023.472290] (-) TimerEvent: {}
[1023.573797] (-) TimerEvent: {}
[1023.675321] (-) TimerEvent: {}
[1023.776757] (-) TimerEvent: {}
[1023.878285] (-) TimerEvent: {}
[1023.979819] (-) TimerEvent: {}
[1024.081339] (-) TimerEvent: {}
[1024.182777] (-) TimerEvent: {}
[1024.284368] (-) TimerEvent: {}
[1024.386051] (-) TimerEvent: {}
[1024.487832] (-) TimerEvent: {}
[1024.589405] (-) TimerEvent: {}
[1024.691188] (-) TimerEvent: {}
[1024.792713] (-) TimerEvent: {}
[1024.894125] (-) TimerEvent: {}
[1024.995658] (-) TimerEvent: {}
[1025.097108] (-) TimerEvent: {}
[1025.198935] (-) TimerEvent: {}
[1025.301310] (-) TimerEvent: {}
[1025.403809] (-) TimerEvent: {}
[1025.506105] (-) TimerEvent: {}
[1025.607771] (-) TimerEvent: {}
[1025.709360] (-) TimerEvent: {}
[1025.811328] (-) TimerEvent: {}
[1025.913170] (-) TimerEvent: {}
[1026.014563] (-) TimerEvent: {}
[1026.116116] (-) TimerEvent: {}
[1026.217615] (-) TimerEvent: {}
[1026.319077] (-) TimerEvent: {}
[1026.420587] (-) TimerEvent: {}
[1026.522138] (-) TimerEvent: {}
[1026.623638] (-) TimerEvent: {}
[1026.725117] (-) TimerEvent: {}
[1026.826644] (-) TimerEvent: {}
[1026.928728] (-) TimerEvent: {}
[1027.031035] (-) TimerEvent: {}
[1027.132573] (-) TimerEvent: {}
[1027.234279] (-) TimerEvent: {}
[1027.336062] (-) TimerEvent: {}
[1027.437814] (-) TimerEvent: {}
[1027.539424] (-) TimerEvent: {}
[1027.640878] (-) TimerEvent: {}
[1027.742401] (-) TimerEvent: {}
[1027.843920] (-) TimerEvent: {}
[1027.945558] (-) TimerEvent: {}
[1028.047106] (-) TimerEvent: {}
[1028.148569] (-) TimerEvent: {}
[1028.250075] (-) TimerEvent: {}
[1028.352326] (-) TimerEvent: {}
[1028.455327] (-) TimerEvent: {}
[1028.557824] (-) TimerEvent: {}
[1028.660655] (-) TimerEvent: {}
[1028.762059] (-) TimerEvent: {}
[1028.863593] (-) TimerEvent: {}
[1028.965089] (-) TimerEvent: {}
[1029.066621] (-) TimerEvent: {}
[1029.168356] (-) TimerEvent: {}
[1029.271010] (-) TimerEvent: {}
[1029.373272] (-) TimerEvent: {}
[1029.474772] (-) TimerEvent: {}
[1029.576256] (-) TimerEvent: {}
[1029.678205] (-) TimerEvent: {}
[1029.779909] (-) TimerEvent: {}
[1029.881687] (-) TimerEvent: {}
[1029.983525] (-) TimerEvent: {}
[1030.085151] (-) TimerEvent: {}
[1030.186627] (-) TimerEvent: {}
[1030.288952] (-) TimerEvent: {}
[1030.390683] (-) TimerEvent: {}
[1030.493114] (-) TimerEvent: {}
[1030.594761] (-) TimerEvent: {}
[1030.696284] (-) TimerEvent: {}
[1030.797724] (-) TimerEvent: {}
[1030.899241] (-) TimerEvent: {}
[1031.000788] (-) TimerEvent: {}
[1031.102599] (-) TimerEvent: {}
[1031.204045] (-) TimerEvent: {}
[1031.305487] (-) TimerEvent: {}
[1031.407048] (-) TimerEvent: {}
[1031.508573] (-) TimerEvent: {}
[1031.609878] (-) TimerEvent: {}
[1031.711415] (-) TimerEvent: {}
[1031.812871] (-) TimerEvent: {}
[1031.914339] (-) TimerEvent: {}
[1032.015814] (-) TimerEvent: {}
[1032.117355] (-) TimerEvent: {}
[1032.218965] (-) TimerEvent: {}
[1032.320614] (-) TimerEvent: {}
[1032.422247] (-) TimerEvent: {}
[1032.523865] (-) TimerEvent: {}
[1032.625480] (-) TimerEvent: {}
[1032.727011] (-) TimerEvent: {}
[1032.828373] (-) TimerEvent: {}
[1032.929929] (-) TimerEvent: {}
[1033.031718] (-) TimerEvent: {}
[1033.133209] (-) TimerEvent: {}
[1033.234741] (-) TimerEvent: {}
[1033.336273] (-) TimerEvent: {}
[1033.437828] (-) TimerEvent: {}
[1033.539410] (-) TimerEvent: {}
[1033.640962] (-) TimerEvent: {}
[1033.742656] (-) TimerEvent: {}
[1033.844214] (-) TimerEvent: {}
[1033.945944] (-) TimerEvent: {}
[1034.047892] (-) TimerEvent: {}
[1034.149614] (-) TimerEvent: {}
[1034.251257] (-) TimerEvent: {}
[1034.352786] (-) TimerEvent: {}
[1034.454354] (-) TimerEvent: {}
[1034.556348] (-) TimerEvent: {}
[1034.658684] (-) TimerEvent: {}
[1034.760222] (-) TimerEvent: {}
[1034.861807] (-) TimerEvent: {}
[1034.963394] (-) TimerEvent: {}
[1035.064891] (-) TimerEvent: {}
[1035.166216] (-) TimerEvent: {}
[1035.267824] (-) TimerEvent: {}
[1035.369436] (-) TimerEvent: {}
[1035.471296] (-) TimerEvent: {}
[1035.572872] (-) TimerEvent: {}
[1035.674381] (-) TimerEvent: {}
[1035.776020] (-) TimerEvent: {}
[1035.877602] (-) TimerEvent: {}
[1035.979201] (-) TimerEvent: {}
[1036.080831] (-) TimerEvent: {}
[1036.182233] (-) TimerEvent: {}
[1036.283726] (-) TimerEvent: {}
[1036.385228] (-) TimerEvent: {}
[1036.486791] (-) TimerEvent: {}
[1036.588334] (-) TimerEvent: {}
[1036.689798] (-) TimerEvent: {}
[1036.791525] (-) TimerEvent: {}
[1036.893181] (-) TimerEvent: {}
[1036.995691] (-) TimerEvent: {}
[1037.097360] (-) TimerEvent: {}
[1037.198855] (-) TimerEvent: {}
[1037.300248] (-) TimerEvent: {}
[1037.401704] (-) TimerEvent: {}
[1037.503215] (-) TimerEvent: {}
[1037.604794] (-) TimerEvent: {}
[1037.706364] (-) TimerEvent: {}
[1037.807872] (-) TimerEvent: {}
[1037.909427] (-) TimerEvent: {}
[1038.010969] (-) TimerEvent: {}
[1038.112473] (-) TimerEvent: {}
[1038.213904] (-) TimerEvent: {}
[1038.315535] (-) TimerEvent: {}
[1038.417059] (-) TimerEvent: {}
[1038.518974] (-) TimerEvent: {}
[1038.620456] (-) TimerEvent: {}
[1038.722004] (-) TimerEvent: {}
[1038.823217] (-) TimerEvent: {}
[1038.924781] (-) TimerEvent: {}
[1039.026348] (-) TimerEvent: {}
[1039.128669] (-) TimerEvent: {}
[1039.230004] (-) TimerEvent: {}
[1039.331769] (-) TimerEvent: {}
[1039.433515] (-) TimerEvent: {}
[1039.535249] (-) TimerEvent: {}
[1039.636925] (-) TimerEvent: {}
[1039.738516] (-) TimerEvent: {}
[1039.840061] (-) TimerEvent: {}
[1039.941614] (-) TimerEvent: {}
[1040.043205] (-) TimerEvent: {}
[1040.144736] (-) TimerEvent: {}
[1040.246175] (-) TimerEvent: {}
[1040.347704] (-) TimerEvent: {}
[1040.449226] (-) TimerEvent: {}
[1040.550795] (-) TimerEvent: {}
[1040.652334] (-) TimerEvent: {}
[1040.753842] (-) TimerEvent: {}
[1040.855312] (-) TimerEvent: {}
[1040.956792] (-) TimerEvent: {}
[1041.058381] (-) TimerEvent: {}
[1041.159876] (-) TimerEvent: {}
[1041.261332] (-) TimerEvent: {}
[1041.362842] (-) TimerEvent: {}
[1041.464407] (-) TimerEvent: {}
[1041.565943] (-) TimerEvent: {}
[1041.667519] (-) TimerEvent: {}
[1041.768947] (-) TimerEvent: {}
[1041.870366] (-) TimerEvent: {}
[1041.971875] (-) TimerEvent: {}
[1042.073338] (-) TimerEvent: {}
[1042.174875] (-) TimerEvent: {}
[1042.276462] (-) TimerEvent: {}
[1042.377998] (-) TimerEvent: {}
[1042.479525] (-) TimerEvent: {}
[1042.581050] (-) TimerEvent: {}
[1042.682569] (-) TimerEvent: {}
[1042.784035] (-) TimerEvent: {}
[1042.885545] (-) TimerEvent: {}
[1042.987333] (-) TimerEvent: {}
[1043.089910] (-) TimerEvent: {}
[1043.191687] (-) TimerEvent: {}
[1043.293180] (-) TimerEvent: {}
[1043.394800] (-) TimerEvent: {}
[1043.496437] (-) TimerEvent: {}
[1043.598865] (-) TimerEvent: {}
[1043.700531] (-) TimerEvent: {}
[1043.801999] (-) TimerEvent: {}
[1043.903601] (-) TimerEvent: {}
[1044.005099] (-) TimerEvent: {}
[1044.106628] (-) TimerEvent: {}
[1044.208059] (-) TimerEvent: {}
[1044.309628] (-) TimerEvent: {}
[1044.411379] (-) TimerEvent: {}
[1044.513898] (-) TimerEvent: {}
[1044.615647] (-) TimerEvent: {}
[1044.717427] (-) TimerEvent: {}
[1044.819173] (-) TimerEvent: {}
[1044.920718] (-) TimerEvent: {}
[1045.022355] (-) TimerEvent: {}
[1045.124824] (-) TimerEvent: {}
[1045.226314] (-) TimerEvent: {}
[1045.328017] (-) TimerEvent: {}
[1045.430586] (-) TimerEvent: {}
[1045.532343] (-) TimerEvent: {}
[1045.633840] (-) TimerEvent: {}
[1045.735524] (-) TimerEvent: {}
[1045.837085] (-) TimerEvent: {}
[1045.938696] (-) TimerEvent: {}
[1046.040902] (-) TimerEvent: {}
[1046.143896] (-) TimerEvent: {}
[1046.246574] (-) TimerEvent: {}
[1046.348145] (-) TimerEvent: {}
[1046.449678] (-) TimerEvent: {}
[1046.551287] (-) TimerEvent: {}
[1046.652756] (-) TimerEvent: {}
[1046.754175] (-) TimerEvent: {}
[1046.855763] (-) TimerEvent: {}
[1046.957281] (-) TimerEvent: {}
[1047.058865] (-) TimerEvent: {}
[1047.160575] (-) TimerEvent: {}
[1047.262192] (-) TimerEvent: {}
[1047.363848] (-) TimerEvent: {}
[1047.465479] (-) TimerEvent: {}
[1047.567187] (-) TimerEvent: {}
[1047.668956] (-) TimerEvent: {}
[1047.770813] (-) TimerEvent: {}
[1047.872475] (-) TimerEvent: {}
[1047.973978] (-) TimerEvent: {}
[1048.075737] (-) TimerEvent: {}
[1048.177473] (-) TimerEvent: {}
[1048.279286] (-) TimerEvent: {}
[1048.380702] (-) TimerEvent: {}
[1048.482117] (-) TimerEvent: {}
[1048.583942] (-) TimerEvent: {}
[1048.686218] (-) TimerEvent: {}
[1048.787902] (-) TimerEvent: {}
[1048.889723] (-) TimerEvent: {}
[1048.992097] (-) TimerEvent: {}
[1049.093567] (-) TimerEvent: {}
[1049.195139] (-) TimerEvent: {}
[1049.296712] (-) TimerEvent: {}
[1049.398315] (-) TimerEvent: {}
[1049.500002] (-) TimerEvent: {}
[1049.602632] (-) TimerEvent: {}
[1049.705082] (-) TimerEvent: {}
[1049.806585] (-) TimerEvent: {}
[1049.908145] (-) TimerEvent: {}
[1050.009632] (-) TimerEvent: {}
[1050.111137] (-) TimerEvent: {}
[1050.212679] (-) TimerEvent: {}
[1050.314027] (-) TimerEvent: {}
[1050.415612] (-) TimerEvent: {}
[1050.517168] (-) TimerEvent: {}
[1050.618790] (-) TimerEvent: {}
[1050.720251] (-) TimerEvent: {}
[1050.821511] (-) TimerEvent: {}
[1050.923103] (-) TimerEvent: {}
[1051.024559] (-) TimerEvent: {}
[1051.126103] (-) TimerEvent: {}
[1051.227649] (-) TimerEvent: {}
[1051.329095] (-) TimerEvent: {}
[1051.430656] (-) TimerEvent: {}
[1051.532132] (-) TimerEvent: {}
[1051.633667] (-) TimerEvent: {}
[1051.735286] (-) TimerEvent: {}
[1051.836785] (-) TimerEvent: {}
[1051.938292] (-) TimerEvent: {}
[1052.039548] (-) TimerEvent: {}
[1052.141232] (-) TimerEvent: {}
[1052.242818] (-) TimerEvent: {}
[1052.344414] (-) TimerEvent: {}
[1052.445918] (-) TimerEvent: {}
[1052.547435] (-) TimerEvent: {}
[1052.648934] (-) TimerEvent: {}
[1052.750428] (-) TimerEvent: {}
[1052.852184] (-) TimerEvent: {}
[1052.954841] (-) TimerEvent: {}
[1053.056633] (-) TimerEvent: {}
[1053.158096] (-) TimerEvent: {}
[1053.259666] (-) TimerEvent: {}
[1053.361353] (-) TimerEvent: {}
[1053.463251] (-) TimerEvent: {}
[1053.564912] (-) TimerEvent: {}
[1053.666438] (-) TimerEvent: {}
[1053.768164] (-) TimerEvent: {}
[1053.869579] (-) TimerEvent: {}
[1053.971142] (-) TimerEvent: {}
[1054.072647] (-) TimerEvent: {}
[1054.174282] (-) TimerEvent: {}
[1054.275942] (-) TimerEvent: {}
[1054.377402] (-) TimerEvent: {}
[1054.478921] (-) TimerEvent: {}
[1054.580512] (-) TimerEvent: {}
[1054.682181] (-) TimerEvent: {}
[1054.784065] (-) TimerEvent: {}
[1054.885922] (-) TimerEvent: {}
[1054.987672] (-) TimerEvent: {}
[1055.089332] (-) TimerEvent: {}
[1055.190929] (-) TimerEvent: {}
[1055.292476] (-) TimerEvent: {}
[1055.729957] (-) TimerEvent: {}
[1055.831519] (-) TimerEvent: {}
[1055.932882] (-) TimerEvent: {}
[1056.034313] (-) TimerEvent: {}
[1056.135945] (-) TimerEvent: {}
[1056.237429] (-) TimerEvent: {}
[1056.338910] (-) TimerEvent: {}
[1056.440284] (-) TimerEvent: {}
[1056.541744] (-) TimerEvent: {}
[1056.643316] (-) TimerEvent: {}
[1056.744734] (-) TimerEvent: {}
[1056.846244] (-) TimerEvent: {}
[1056.947806] (-) TimerEvent: {}
[1057.049276] (-) TimerEvent: {}
[1057.150714] (-) TimerEvent: {}
[1057.252147] (-) TimerEvent: {}
[1057.353669] (-) TimerEvent: {}
[1057.455185] (-) TimerEvent: {}
[1057.576931] (-) TimerEvent: {}
[1057.721313] (-) TimerEvent: {}
[1057.823306] (-) TimerEvent: {}
[1057.925667] (-) TimerEvent: {}
[1058.027289] (-) TimerEvent: {}
[1058.128896] (-) TimerEvent: {}
[1058.230269] (-) TimerEvent: {}
[1058.331647] (-) TimerEvent: {}
[1058.433180] (-) TimerEvent: {}
[1058.534796] (-) TimerEvent: {}
[1058.636371] (-) TimerEvent: {}
[1058.737869] (-) TimerEvent: {}
[1058.839488] (-) TimerEvent: {}
[1058.941108] (-) TimerEvent: {}
[1059.042693] (-) TimerEvent: {}
[1059.144178] (-) TimerEvent: {}
[1059.245758] (-) TimerEvent: {}
[1059.347769] (-) TimerEvent: {}
[1059.449823] (-) TimerEvent: {}
[1059.551345] (-) TimerEvent: {}
[1059.652831] (-) TimerEvent: {}
[1059.754303] (-) TimerEvent: {}
[1059.855861] (-) TimerEvent: {}
[1059.957342] (-) TimerEvent: {}
[1060.059106] (-) TimerEvent: {}
[1060.161132] (-) TimerEvent: {}
[1060.263750] (-) TimerEvent: {}
[1060.366372] (-) TimerEvent: {}
[1060.468630] (-) TimerEvent: {}
[1060.571194] (-) TimerEvent: {}
[1060.672771] (-) TimerEvent: {}
[1060.774377] (-) TimerEvent: {}
[1060.875918] (-) TimerEvent: {}
[1060.977515] (-) TimerEvent: {}
[1061.079090] (-) TimerEvent: {}
[1061.180552] (-) TimerEvent: {}
[1061.282309] (-) TimerEvent: {}
[1061.384594] (-) TimerEvent: {}
[1061.486300] (-) TimerEvent: {}
[1061.587811] (-) TimerEvent: {}
[1061.690238] (-) TimerEvent: {}
[1061.793366] (-) TimerEvent: {}
[1061.895868] (-) TimerEvent: {}
[1061.997307] (-) TimerEvent: {}
[1062.098939] (-) TimerEvent: {}
[1062.200622] (-) TimerEvent: {}
[1062.302231] (-) TimerEvent: {}
[1062.403831] (-) TimerEvent: {}
[1062.505326] (-) TimerEvent: {}
[1062.606788] (-) TimerEvent: {}
[1062.708356] (-) TimerEvent: {}
[1062.809776] (-) TimerEvent: {}
[1062.911283] (-) TimerEvent: {}
[1063.013083] (-) TimerEvent: {}
[1063.114728] (-) TimerEvent: {}
[1063.216245] (-) TimerEvent: {}
[1063.317483] (-) TimerEvent: {}
[1063.419203] (-) TimerEvent: {}
[1063.520746] (-) TimerEvent: {}
[1063.622348] (-) TimerEvent: {}
[1063.723914] (-) TimerEvent: {}
[1063.825398] (-) TimerEvent: {}
[1063.927040] (-) TimerEvent: {}
[1064.028624] (-) TimerEvent: {}
[1064.130289] (-) TimerEvent: {}
[1064.231806] (-) TimerEvent: {}
[1064.333282] (-) TimerEvent: {}
[1064.434787] (-) TimerEvent: {}
[1064.536348] (-) TimerEvent: {}
[1064.637823] (-) TimerEvent: {}
[1064.739521] (-) TimerEvent: {}
[1064.841237] (-) TimerEvent: {}
[1064.943912] (-) TimerEvent: {}
[1065.046281] (-) TimerEvent: {}
[1065.148673] (-) TimerEvent: {}
[1065.249940] (-) TimerEvent: {}
[1065.351954] (-) TimerEvent: {}
[1065.453563] (-) TimerEvent: {}
[1065.555290] (-) TimerEvent: {}
[1065.657963] (-) TimerEvent: {}
[1065.760332] (-) TimerEvent: {}
[1065.861836] (-) TimerEvent: {}
[1065.963388] (-) TimerEvent: {}
[1066.064872] (-) TimerEvent: {}
[1066.166368] (-) TimerEvent: {}
[1066.267887] (-) TimerEvent: {}
[1066.369349] (-) TimerEvent: {}
[1066.470788] (-) TimerEvent: {}
[1066.572393] (-) TimerEvent: {}
[1066.673722] (-) TimerEvent: {}
[1066.775376] (-) TimerEvent: {}
[1066.877006] (-) TimerEvent: {}
[1066.978849] (-) TimerEvent: {}
[1067.080425] (-) TimerEvent: {}
[1067.181905] (-) TimerEvent: {}
[1067.283440] (-) TimerEvent: {}
[1067.384943] (-) TimerEvent: {}
[1067.486326] (-) TimerEvent: {}
[1067.588188] (-) TimerEvent: {}
[1067.689719] (-) TimerEvent: {}
[1067.791468] (-) TimerEvent: {}
[1067.892874] (-) TimerEvent: {}
[1067.994573] (-) TimerEvent: {}
[1068.096191] (-) TimerEvent: {}
[1068.197645] (-) TimerEvent: {}
[1068.299287] (-) TimerEvent: {}
[1068.400906] (-) TimerEvent: {}
[1068.502728] (-) TimerEvent: {}
[1068.604526] (-) TimerEvent: {}
[1068.706084] (-) TimerEvent: {}
[1068.807643] (-) TimerEvent: {}
[1068.909459] (-) TimerEvent: {}
[1069.011733] (-) TimerEvent: {}
[1069.113438] (-) TimerEvent: {}
[1069.215106] (-) TimerEvent: {}
[1069.316697] (-) TimerEvent: {}
[1069.419531] (-) TimerEvent: {}
[1069.521726] (-) TimerEvent: {}
[1069.624485] (-) TimerEvent: {}
[1069.727069] (-) TimerEvent: {}
[1069.829271] (-) TimerEvent: {}
[1069.931075] (-) TimerEvent: {}
[1070.032561] (-) TimerEvent: {}
[1070.133953] (-) TimerEvent: {}
[1070.235693] (-) TimerEvent: {}
[1070.337112] (-) TimerEvent: {}
[1070.438848] (-) TimerEvent: {}
[1070.540425] (-) TimerEvent: {}
[1070.641741] (-) TimerEvent: {}
[1070.743363] (-) TimerEvent: {}
[1070.845020] (-) TimerEvent: {}
[1070.946513] (-) TimerEvent: {}
[1071.048029] (-) TimerEvent: {}
[1071.149730] (-) TimerEvent: {}
[1071.251416] (-) TimerEvent: {}
[1071.352829] (-) TimerEvent: {}
[1071.454551] (-) TimerEvent: {}
[1071.556872] (-) TimerEvent: {}
[1071.658339] (-) TimerEvent: {}
[1071.760035] (-) TimerEvent: {}
[1071.861474] (-) TimerEvent: {}
[1071.963181] (-) TimerEvent: {}
[1072.064628] (-) TimerEvent: {}
[1072.166288] (-) TimerEvent: {}
[1072.269065] (-) TimerEvent: {}
[1072.371310] (-) TimerEvent: {}
[1072.472777] (-) TimerEvent: {}
[1072.574241] (-) TimerEvent: {}
[1072.675709] (-) TimerEvent: {}
[1072.777478] (-) TimerEvent: {}
[1072.880191] (-) TimerEvent: {}
[1072.982594] (-) TimerEvent: {}
[1073.085474] (-) TimerEvent: {}
[1073.187799] (-) TimerEvent: {}
[1073.289241] (-) TimerEvent: {}
[1073.390753] (-) TimerEvent: {}
[1073.492244] (-) TimerEvent: {}
[1073.593473] (-) TimerEvent: {}
[1073.695145] (-) TimerEvent: {}
[1073.796706] (-) TimerEvent: {}
[1073.898266] (-) TimerEvent: {}
[1073.999798] (-) TimerEvent: {}
[1074.101287] (-) TimerEvent: {}
[1074.202875] (-) TimerEvent: {}
[1074.304554] (-) TimerEvent: {}
[1074.407089] (-) TimerEvent: {}
[1074.509359] (-) TimerEvent: {}
[1074.610869] (-) TimerEvent: {}
[1074.712566] (-) TimerEvent: {}
[1074.814340] (-) TimerEvent: {}
[1074.916243] (-) TimerEvent: {}
[1075.017699] (-) TimerEvent: {}
[1075.119332] (-) TimerEvent: {}
[1075.220907] (-) TimerEvent: {}
[1075.322341] (-) TimerEvent: {}
[1075.423783] (-) TimerEvent: {}
[1075.528399] (-) TimerEvent: {}
[1075.629950] (-) TimerEvent: {}
[1075.731501] (-) TimerEvent: {}
[1075.833050] (-) TimerEvent: {}
[1075.934683] (-) TimerEvent: {}
[1076.036203] (-) TimerEvent: {}
[1076.137717] (-) TimerEvent: {}
[1076.239567] (-) TimerEvent: {}
[1076.341154] (-) TimerEvent: {}
[1076.442790] (-) TimerEvent: {}
[1076.544286] (-) TimerEvent: {}
[1076.645788] (-) TimerEvent: {}
[1076.747427] (-) TimerEvent: {}
[1076.849135] (-) TimerEvent: {}
[1076.950992] (-) TimerEvent: {}
[1077.052974] (-) TimerEvent: {}
[1077.154790] (-) TimerEvent: {}
[1077.256200] (-) TimerEvent: {}
[1077.357705] (-) TimerEvent: {}
[1077.459292] (-) TimerEvent: {}
[1077.560987] (-) TimerEvent: {}
[1077.662689] (-) TimerEvent: {}
[1077.764362] (-) TimerEvent: {}
[1077.866034] (-) TimerEvent: {}
[1077.967545] (-) TimerEvent: {}
[1078.069211] (-) TimerEvent: {}
[1078.170893] (-) TimerEvent: {}
[1078.272386] (-) TimerEvent: {}
[1078.374032] (-) TimerEvent: {}
[1078.476823] (-) TimerEvent: {}
[1078.578308] (-) TimerEvent: {}
[1078.679811] (-) TimerEvent: {}
[1078.781201] (-) TimerEvent: {}
[1078.882719] (-) TimerEvent: {}
[1078.984196] (-) TimerEvent: {}
[1079.085688] (-) TimerEvent: {}
[1079.187242] (-) TimerEvent: {}
[1079.288935] (-) TimerEvent: {}
[1079.390419] (-) TimerEvent: {}
[1079.492091] (-) TimerEvent: {}
[1079.593609] (-) TimerEvent: {}
[1079.695475] (-) TimerEvent: {}
[1079.797900] (-) TimerEvent: {}
[1079.899488] (-) TimerEvent: {}
[1080.000933] (-) TimerEvent: {}
[1080.102860] (-) TimerEvent: {}
[1080.205682] (-) TimerEvent: {}
[1080.308107] (-) TimerEvent: {}
[1080.410864] (-) TimerEvent: {}
[1080.513526] (-) TimerEvent: {}
[1080.615120] (-) TimerEvent: {}
[1080.716486] (-) TimerEvent: {}
[1080.818145] (-) TimerEvent: {}
[1080.919638] (-) TimerEvent: {}
[1081.021250] (-) TimerEvent: {}
[1081.123045] (-) TimerEvent: {}
[1081.224626] (-) TimerEvent: {}
[1081.326160] (-) TimerEvent: {}
[1081.427773] (-) TimerEvent: {}
[1081.529421] (-) TimerEvent: {}
[1081.632008] (-) TimerEvent: {}
[1081.734386] (-) TimerEvent: {}
[1081.836045] (-) TimerEvent: {}
[1081.937531] (-) TimerEvent: {}
[1082.039133] (-) TimerEvent: {}
[1082.140783] (-) TimerEvent: {}
[1082.242214] (-) TimerEvent: {}
[1082.343734] (-) TimerEvent: {}
[1082.445179] (-) TimerEvent: {}
[1082.546855] (-) TimerEvent: {}
[1082.648090] (-) TimerEvent: {}
[1082.749672] (-) TimerEvent: {}
[1082.851360] (-) TimerEvent: {}
[1082.952920] (-) TimerEvent: {}
[1083.054632] (-) TimerEvent: {}
[1083.156097] (-) TimerEvent: {}
[1083.257610] (-) TimerEvent: {}
[1083.359172] (-) TimerEvent: {}
[1083.460723] (-) TimerEvent: {}
[1083.562119] (-) TimerEvent: {}
[1083.663717] (-) TimerEvent: {}
[1083.765204] (-) TimerEvent: {}
[1083.866956] (-) TimerEvent: {}
[1083.968562] (-) TimerEvent: {}
[1084.070024] (-) TimerEvent: {}
[1084.171586] (-) TimerEvent: {}
[1084.273150] (-) TimerEvent: {}
[1084.374630] (-) TimerEvent: {}
[1084.476091] (-) TimerEvent: {}
[1084.577516] (-) TimerEvent: {}
[1084.678963] (-) TimerEvent: {}
[1084.780426] (-) TimerEvent: {}
[1084.881851] (-) TimerEvent: {}
[1084.983212] (-) TimerEvent: {}
[1085.084888] (-) TimerEvent: {}
[1085.186557] (-) TimerEvent: {}
[1085.288027] (-) TimerEvent: {}
[1085.389501] (-) TimerEvent: {}
[1085.491116] (-) TimerEvent: {}
[1085.592567] (-) TimerEvent: {}
[1085.694081] (-) TimerEvent: {}
[1085.795796] (-) TimerEvent: {}
[1085.897238] (-) TimerEvent: {}
[1085.998690] (-) TimerEvent: {}
[1086.100096] (-) TimerEvent: {}
[1086.201598] (-) TimerEvent: {}
[1086.303032] (-) TimerEvent: {}
[1086.404742] (-) TimerEvent: {}
[1086.507174] (-) TimerEvent: {}
[1086.609047] (-) TimerEvent: {}
[1086.710858] (-) TimerEvent: {}
[1086.812620] (-) TimerEvent: {}
[1086.914156] (-) TimerEvent: {}
[1087.015731] (-) TimerEvent: {}
[1087.117278] (-) TimerEvent: {}
[1087.218766] (-) TimerEvent: {}
[1087.320427] (-) TimerEvent: {}
[1087.422792] (-) TimerEvent: {}
[1087.524268] (-) TimerEvent: {}
[1087.625782] (-) TimerEvent: {}
[1087.733094] (-) TimerEvent: {}
[1087.850980] (-) TimerEvent: {}
[1087.952556] (-) TimerEvent: {}
[1088.054009] (-) TimerEvent: {}
[1088.155562] (-) TimerEvent: {}
[1088.257904] (-) TimerEvent: {}
[1088.359515] (-) TimerEvent: {}
[1088.460920] (-) TimerEvent: {}
[1088.562497] (-) TimerEvent: {}
[1088.663961] (-) TimerEvent: {}
[1088.765479] (-) TimerEvent: {}
[1088.867141] (-) TimerEvent: {}
[1088.968700] (-) TimerEvent: {}
[1089.070205] (-) TimerEvent: {}
[1089.172002] (-) TimerEvent: {}
[1089.273992] (-) TimerEvent: {}
[1089.376296] (-) TimerEvent: {}
[1089.478390] (-) TimerEvent: {}
[1089.580001] (-) TimerEvent: {}
[1089.681516] (-) TimerEvent: {}
[1089.783076] (-) TimerEvent: {}
[1089.884579] (-) TimerEvent: {}
[1089.986080] (-) TimerEvent: {}
[1090.087778] (-) TimerEvent: {}
[1090.189493] (-) TimerEvent: {}
[1090.291546] (-) TimerEvent: {}
[1090.393433] (-) TimerEvent: {}
[1090.495248] (-) TimerEvent: {}
[1090.596956] (-) TimerEvent: {}
[1090.698681] (-) TimerEvent: {}
[1090.800229] (-) TimerEvent: {}
[1090.901825] (-) TimerEvent: {}
[1091.003437] (-) TimerEvent: {}
[1091.104903] (-) TimerEvent: {}
[1091.206532] (-) TimerEvent: {}
[1091.307982] (-) TimerEvent: {}
[1091.410312] (-) TimerEvent: {}
[1091.511987] (-) TimerEvent: {}
[1091.614311] (-) TimerEvent: {}
[1091.715782] (-) TimerEvent: {}
[1091.817226] (-) TimerEvent: {}
[1091.918853] (-) TimerEvent: {}
[1092.020429] (-) TimerEvent: {}
[1092.122153] (-) TimerEvent: {}
[1092.224395] (-) TimerEvent: {}
[1092.325939] (-) TimerEvent: {}
[1092.427514] (-) TimerEvent: {}
[1092.528897] (-) TimerEvent: {}
[1092.630336] (-) TimerEvent: {}
[1092.736936] (-) TimerEvent: {}
[1092.838364] (-) TimerEvent: {}
[1092.939934] (-) TimerEvent: {}
[1093.041541] (-) TimerEvent: {}
[1093.143100] (-) TimerEvent: {}
[1093.244601] (-) TimerEvent: {}
[1093.346047] (-) TimerEvent: {}
[1093.447518] (-) TimerEvent: {}
[1093.548870] (-) TimerEvent: {}
[1093.650639] (-) TimerEvent: {}
[1093.752886] (-) TimerEvent: {}
[1093.854408] (-) TimerEvent: {}
[1093.955970] (-) TimerEvent: {}
[1094.057472] (-) TimerEvent: {}
[1094.159255] (-) TimerEvent: {}
[1094.260663] (-) TimerEvent: {}
[1094.362539] (-) TimerEvent: {}
[1094.464081] (-) TimerEvent: {}
[1094.565819] (-) TimerEvent: {}
[1094.667698] (-) TimerEvent: {}
[1094.769097] (-) TimerEvent: {}
[1094.870722] (-) TimerEvent: {}
[1094.972377] (-) TimerEvent: {}
[1095.074185] (-) TimerEvent: {}
[1095.176078] (-) TimerEvent: {}
[1095.277557] (-) TimerEvent: {}
[1095.378992] (-) TimerEvent: {}
[1095.480469] (-) TimerEvent: {}
[1095.581952] (-) TimerEvent: {}
[1095.683502] (-) TimerEvent: {}
[1095.785259] (-) TimerEvent: {}
[1095.887714] (-) TimerEvent: {}
[1095.989174] (-) TimerEvent: {}
[1096.090823] (-) TimerEvent: {}
[1096.192241] (-) TimerEvent: {}
[1096.293674] (-) TimerEvent: {}
[1096.395282] (-) TimerEvent: {}
[1096.496831] (-) TimerEvent: {}
[1096.598397] (-) TimerEvent: {}
[1096.699936] (-) TimerEvent: {}
[1096.801343] (-) TimerEvent: {}
[1096.902745] (-) TimerEvent: {}
[1097.004166] (-) TimerEvent: {}
[1097.105640] (-) TimerEvent: {}
[1097.207212] (-) TimerEvent: {}
[1097.308753] (-) TimerEvent: {}
[1097.410223] (-) TimerEvent: {}
[1097.511821] (-) TimerEvent: {}
[1097.613318] (-) TimerEvent: {}
[1097.714893] (-) TimerEvent: {}
[1097.816401] (-) TimerEvent: {}
[1097.917806] (-) TimerEvent: {}
[1098.019372] (-) TimerEvent: {}
[1098.120808] (-) TimerEvent: {}
[1098.222303] (-) TimerEvent: {}
[1098.323912] (-) TimerEvent: {}
[1098.425423] (-) TimerEvent: {}
[1098.527026] (-) TimerEvent: {}
[1098.628486] (-) TimerEvent: {}
[1098.729960] (-) TimerEvent: {}
[1098.831489] (-) TimerEvent: {}
[1098.933058] (-) TimerEvent: {}
[1099.035390] (-) TimerEvent: {}
[1099.137709] (-) TimerEvent: {}
[1099.240492] (-) TimerEvent: {}
[1099.343005] (-) TimerEvent: {}
[1099.445263] (-) TimerEvent: {}
[1099.546731] (-) TimerEvent: {}
[1099.648157] (-) TimerEvent: {}
[1099.749797] (-) TimerEvent: {}
[1099.851881] (-) TimerEvent: {}
[1099.953367] (-) TimerEvent: {}
[1100.054873] (-) TimerEvent: {}
[1100.156334] (-) TimerEvent: {}
[1100.257754] (-) TimerEvent: {}
[1100.359223] (-) TimerEvent: {}
[1100.460770] (-) TimerEvent: {}
[1100.562355] (-) TimerEvent: {}
[1100.663943] (-) TimerEvent: {}
[1100.765552] (-) TimerEvent: {}
[1100.868275] (-) TimerEvent: {}
[1100.970402] (-) TimerEvent: {}
[1101.073108] (-) TimerEvent: {}
[1101.174806] (-) TimerEvent: {}
[1101.276400] (-) TimerEvent: {}
[1101.377917] (-) TimerEvent: {}
[1101.479650] (-) TimerEvent: {}
[1101.582171] (-) TimerEvent: {}
[1101.683928] (-) TimerEvent: {}
[1101.786981] (-) TimerEvent: {}
[1101.888613] (-) TimerEvent: {}
[1101.990781] (-) TimerEvent: {}
[1102.092451] (-) TimerEvent: {}
[1102.194136] (-) TimerEvent: {}
[1102.295864] (-) TimerEvent: {}
[1102.397505] (-) TimerEvent: {}
[1102.500218] (-) TimerEvent: {}
[1102.602306] (-) TimerEvent: {}
[1102.703964] (-) TimerEvent: {}
[1102.806440] (-) TimerEvent: {}
[1102.909223] (-) TimerEvent: {}
[1103.010864] (-) TimerEvent: {}
[1103.112532] (-) TimerEvent: {}
[1103.213933] (-) TimerEvent: {}
[1103.315527] (-) TimerEvent: {}
[1103.417000] (-) TimerEvent: {}
[1103.518624] (-) TimerEvent: {}
[1103.620084] (-) TimerEvent: {}
[1103.721702] (-) TimerEvent: {}
[1103.823329] (-) TimerEvent: {}
[1103.925088] (-) TimerEvent: {}
[1104.026972] (-) TimerEvent: {}
[1104.128591] (-) TimerEvent: {}
[1104.230130] (-) TimerEvent: {}
[1104.331964] (-) TimerEvent: {}
[1104.434189] (-) TimerEvent: {}
[1104.535678] (-) TimerEvent: {}
[1104.637393] (-) TimerEvent: {}
[1104.739547] (-) TimerEvent: {}
[1104.840987] (-) TimerEvent: {}
[1104.942609] (-) TimerEvent: {}
[1105.044190] (-) TimerEvent: {}
[1105.145681] (-) TimerEvent: {}
[1105.247235] (-) TimerEvent: {}
[1105.348658] (-) TimerEvent: {}
[1105.450311] (-) TimerEvent: {}
[1105.551910] (-) TimerEvent: {}
[1105.653580] (-) TimerEvent: {}
[1105.755132] (-) TimerEvent: {}
[1105.856663] (-) TimerEvent: {}
[1105.958043] (-) TimerEvent: {}
[1106.059584] (-) TimerEvent: {}
[1106.161137] (-) TimerEvent: {}
[1106.262768] (-) TimerEvent: {}
[1106.364319] (-) TimerEvent: {}
[1106.465894] (-) TimerEvent: {}
[1106.567448] (-) TimerEvent: {}
[1106.669066] (-) TimerEvent: {}
[1106.770718] (-) TimerEvent: {}
[1106.872605] (-) TimerEvent: {}
[1106.975181] (-) TimerEvent: {}
[1107.076944] (-) TimerEvent: {}
[1107.178604] (-) TimerEvent: {}
[1107.280019] (-) TimerEvent: {}
[1107.381564] (-) TimerEvent: {}
[1107.483104] (-) TimerEvent: {}
[1107.584595] (-) TimerEvent: {}
[1107.686095] (-) TimerEvent: {}
[1107.787756] (-) TimerEvent: {}
[1107.889295] (-) TimerEvent: {}
[1107.990907] (-) TimerEvent: {}
[1108.092287] (-) TimerEvent: {}
[1108.193779] (-) TimerEvent: {}
[1108.295323] (-) TimerEvent: {}
[1108.396785] (-) TimerEvent: {}
[1108.498233] (-) TimerEvent: {}
[1108.600203] (-) TimerEvent: {}
[1108.701716] (-) TimerEvent: {}
[1108.803278] (-) TimerEvent: {}
[1108.904812] (-) TimerEvent: {}
[1109.006483] (-) TimerEvent: {}
[1109.109153] (-) TimerEvent: {}
[1109.211909] (-) TimerEvent: {}
[1109.313434] (-) TimerEvent: {}
[1109.416006] (-) TimerEvent: {}
[1109.517900] (-) TimerEvent: {}
[1109.620179] (-) TimerEvent: {}
[1109.721866] (-) TimerEvent: {}
[1109.823664] (-) TimerEvent: {}
[1109.925267] (-) TimerEvent: {}
[1110.026914] (-) TimerEvent: {}
[1110.128873] (-) TimerEvent: {}
[1110.231092] (-) TimerEvent: {}
[1110.332634] (-) TimerEvent: {}
[1110.434118] (-) TimerEvent: {}
[1110.535741] (-) TimerEvent: {}
[1110.637166] (-) TimerEvent: {}
[1110.738659] (-) TimerEvent: {}
[1110.840205] (-) TimerEvent: {}
[1110.941619] (-) TimerEvent: {}
[1111.043348] (-) TimerEvent: {}
[1111.144793] (-) TimerEvent: {}
[1111.246283] (-) TimerEvent: {}
[1111.348047] (-) TimerEvent: {}
[1111.449459] (-) TimerEvent: {}
[1111.551144] (-) TimerEvent: {}
[1111.652610] (-) TimerEvent: {}
[1111.754009] (-) TimerEvent: {}
[1111.855573] (-) TimerEvent: {}
[1111.957161] (-) TimerEvent: {}
[1112.058639] (-) TimerEvent: {}
[1112.159965] (-) TimerEvent: {}
[1112.261691] (-) TimerEvent: {}
[1112.363202] (-) TimerEvent: {}
[1112.464612] (-) TimerEvent: {}
[1112.566102] (-) TimerEvent: {}
[1112.667581] (-) TimerEvent: {}
[1112.769061] (-) TimerEvent: {}
[1112.870588] (-) TimerEvent: {}
[1112.972212] (-) TimerEvent: {}
[1113.250429] (-) TimerEvent: {}
[1113.351973] (-) TimerEvent: {}
[1113.453399] (-) TimerEvent: {}
[1113.554932] (-) TimerEvent: {}
[1113.656514] (-) TimerEvent: {}
[1113.757912] (-) TimerEvent: {}
[1113.859466] (-) TimerEvent: {}
[1113.960974] (-) TimerEvent: {}
[1114.062342] (-) TimerEvent: {}
[1114.163853] (-) TimerEvent: {}
[1114.265394] (-) TimerEvent: {}
[1114.366975] (-) TimerEvent: {}
[1114.468470] (-) TimerEvent: {}
[1114.569928] (-) TimerEvent: {}
[1114.671711] (-) TimerEvent: {}
[1114.773301] (-) TimerEvent: {}
[1114.874781] (-) TimerEvent: {}
[1114.976327] (-) TimerEvent: {}
[1115.077936] (-) TimerEvent: {}
[1115.179655] (-) TimerEvent: {}
[1115.281216] (-) TimerEvent: {}
[1115.382894] (-) TimerEvent: {}
[1115.484274] (-) TimerEvent: {}
[1115.585768] (-) TimerEvent: {}
[1115.687238] (-) TimerEvent: {}
[1115.788718] (-) TimerEvent: {}
[1115.890230] (-) TimerEvent: {}
[1115.991924] (-) TimerEvent: {}
[1116.093512] (-) TimerEvent: {}
[1116.195269] (-) TimerEvent: {}
[1116.296590] (-) TimerEvent: {}
[1116.398194] (-) TimerEvent: {}
[1116.499604] (-) TimerEvent: {}
[1116.601322] (-) TimerEvent: {}
[1116.703558] (-) TimerEvent: {}
[1116.805231] (-) TimerEvent: {}
[1116.906699] (-) TimerEvent: {}
[1117.010785] (-) TimerEvent: {}
[1117.112452] (-) TimerEvent: {}
[1117.214058] (-) TimerEvent: {}
[1117.315914] (-) TimerEvent: {}
[1117.417437] (-) TimerEvent: {}
[1117.519525] (-) TimerEvent: {}
[1117.621050] (-) TimerEvent: {}
[1117.722515] (-) TimerEvent: {}
[1117.839088] (-) TimerEvent: {}
[1117.958780] (-) TimerEvent: {}
[1118.060185] (-) TimerEvent: {}
[1118.161749] (-) TimerEvent: {}
[1118.263337] (-) TimerEvent: {}
[1118.364894] (-) TimerEvent: {}
[1118.466316] (-) TimerEvent: {}
[1118.567945] (-) TimerEvent: {}
[1118.669594] (-) TimerEvent: {}
[1118.771216] (-) TimerEvent: {}
[1118.873058] (-) TimerEvent: {}
[1118.974717] (-) TimerEvent: {}
[1119.076270] (-) TimerEvent: {}
[1119.178027] (-) TimerEvent: {}
[1119.280764] (-) TimerEvent: {}
[1119.383214] (-) TimerEvent: {}
[1119.484682] (-) TimerEvent: {}
[1119.586221] (-) TimerEvent: {}
[1119.687798] (-) TimerEvent: {}
[1119.789561] (-) TimerEvent: {}
[1119.891995] (-) TimerEvent: {}
[1119.994701] (-) TimerEvent: {}
[1120.097312] (-) TimerEvent: {}
[1120.199581] (-) TimerEvent: {}
[1120.301101] (-) TimerEvent: {}
[1120.402752] (-) TimerEvent: {}
[1120.503968] (-) TimerEvent: {}
[1120.605588] (-) TimerEvent: {}
[1120.707078] (-) TimerEvent: {}
[1120.808530] (-) TimerEvent: {}
[1120.910181] (-) TimerEvent: {}
[1121.011649] (-) TimerEvent: {}
[1121.113253] (-) TimerEvent: {}
[1121.214714] (-) TimerEvent: {}
[1121.316255] (-) TimerEvent: {}
[1121.417764] (-) TimerEvent: {}
[1121.519693] (-) TimerEvent: {}
[1121.620892] (-) TimerEvent: {}
[1121.722649] (-) TimerEvent: {}
[1121.824319] (-) TimerEvent: {}
[1121.925879] (-) TimerEvent: {}
[1122.027235] (-) TimerEvent: {}
[1122.128929] (-) TimerEvent: {}
[1122.230681] (-) TimerEvent: {}
[1122.332423] (-) TimerEvent: {}
[1122.433946] (-) TimerEvent: {}
[1122.535765] (-) TimerEvent: {}
[1122.637379] (-) TimerEvent: {}
[1122.739078] (-) TimerEvent: {}
[1122.840643] (-) TimerEvent: {}
[1122.942104] (-) TimerEvent: {}
[1123.043617] (-) TimerEvent: {}
[1123.145159] (-) TimerEvent: {}
[1123.246678] (-) TimerEvent: {}
[1123.348198] (-) TimerEvent: {}
[1123.449674] (-) TimerEvent: {}
[1123.551327] (-) TimerEvent: {}
[1123.653319] (-) TimerEvent: {}
[1123.754997] (-) TimerEvent: {}
[1123.856817] (-) TimerEvent: {}
[1123.958357] (-) TimerEvent: {}
[1124.059840] (-) TimerEvent: {}
[1124.161272] (-) TimerEvent: {}
[1124.262756] (-) TimerEvent: {}
[1124.364380] (-) TimerEvent: {}
[1124.465985] (-) TimerEvent: {}
[1124.567587] (-) TimerEvent: {}
[1124.669074] (-) TimerEvent: {}
[1124.770583] (-) TimerEvent: {}
[1124.872214] (-) TimerEvent: {}
[1124.973714] (-) TimerEvent: {}
[1125.075158] (-) TimerEvent: {}
[1125.176656] (-) TimerEvent: {}
[1125.278721] (-) TimerEvent: {}
[1125.380997] (-) TimerEvent: {}
[1125.483455] (-) TimerEvent: {}
[1125.584851] (-) TimerEvent: {}
[1125.686440] (-) TimerEvent: {}
[1125.788151] (-) TimerEvent: {}
[1125.889690] (-) TimerEvent: {}
[1125.991309] (-) TimerEvent: {}
[1126.092516] (-) TimerEvent: {}
[1126.194039] (-) TimerEvent: {}
[1126.295619] (-) TimerEvent: {}
[1126.397230] (-) TimerEvent: {}
[1126.498897] (-) TimerEvent: {}
[1126.601403] (-) TimerEvent: {}
[1126.703097] (-) TimerEvent: {}
[1126.804612] (-) TimerEvent: {}
[1126.906050] (-) TimerEvent: {}
[1127.007617] (-) TimerEvent: {}
[1127.109925] (-) TimerEvent: {}
[1127.211844] (-) TimerEvent: {}
[1127.313502] (-) TimerEvent: {}
[1127.415388] (-) TimerEvent: {}
[1127.517254] (-) TimerEvent: {}
[1127.618968] (-) TimerEvent: {}
[1127.720429] (-) TimerEvent: {}
[1127.822084] (-) TimerEvent: {}
[1127.923702] (-) TimerEvent: {}
[1128.025402] (-) TimerEvent: {}
[1128.126906] (-) TimerEvent: {}
[1128.228404] (-) TimerEvent: {}
[1128.329760] (-) TimerEvent: {}
[1128.431318] (-) TimerEvent: {}
[1128.532811] (-) TimerEvent: {}
[1128.634354] (-) TimerEvent: {}
[1128.735875] (-) TimerEvent: {}
[1128.837450] (-) TimerEvent: {}
[1128.940015] (-) TimerEvent: {}
[1129.041616] (-) TimerEvent: {}
[1129.143207] (-) TimerEvent: {}
[1129.244834] (-) TimerEvent: {}
[1129.346356] (-) TimerEvent: {}
[1129.447931] (-) TimerEvent: {}
[1129.549460] (-) TimerEvent: {}
[1129.651048] (-) TimerEvent: {}
[1129.752464] (-) TimerEvent: {}
[1129.853906] (-) TimerEvent: {}
[1129.955408] (-) TimerEvent: {}
[1130.056859] (-) TimerEvent: {}
[1130.158395] (-) TimerEvent: {}
[1130.259923] (-) TimerEvent: {}
[1130.361375] (-) TimerEvent: {}
[1130.462985] (-) TimerEvent: {}
[1130.564427] (-) TimerEvent: {}
[1130.666023] (-) TimerEvent: {}
[1130.768414] (-) TimerEvent: {}
[1130.870641] (-) TimerEvent: {}
[1130.972177] (-) TimerEvent: {}
[1131.073939] (-) TimerEvent: {}
[1131.175655] (-) TimerEvent: {}
[1131.277324] (-) TimerEvent: {}
[1131.378934] (-) TimerEvent: {}
[1131.480213] (-) TimerEvent: {}
[1131.581925] (-) TimerEvent: {}
[1131.683812] (-) TimerEvent: {}
[1131.785274] (-) TimerEvent: {}
[1131.886718] (-) TimerEvent: {}
[1131.988293] (-) TimerEvent: {}
[1132.089878] (-) TimerEvent: {}
[1132.192206] (-) TimerEvent: {}
[1132.293677] (-) TimerEvent: {}
[1132.395382] (-) TimerEvent: {}
[1132.497514] (-) TimerEvent: {}
[1132.599084] (-) TimerEvent: {}
[1132.700544] (-) TimerEvent: {}
[1132.802848] (-) TimerEvent: {}
[1132.905997] (-) TimerEvent: {}
[1133.007522] (-) TimerEvent: {}
[1133.108924] (-) TimerEvent: {}
[1133.210382] (-) TimerEvent: {}
[1133.311986] (-) TimerEvent: {}
[1133.413468] (-) TimerEvent: {}
[1133.515071] (-) TimerEvent: {}
[1133.617325] (-) TimerEvent: {}
[1133.718844] (-) TimerEvent: {}
[1133.820401] (-) TimerEvent: {}
[1133.921989] (-) TimerEvent: {}
[1134.023574] (-) TimerEvent: {}
[1134.125271] (-) TimerEvent: {}
[1134.227627] (-) TimerEvent: {}
[1134.329435] (-) TimerEvent: {}
[1134.430953] (-) TimerEvent: {}
[1134.532371] (-) TimerEvent: {}
[1134.633797] (-) TimerEvent: {}
[1134.736231] (-) TimerEvent: {}
[1134.838356] (-) TimerEvent: {}
[1134.939954] (-) TimerEvent: {}
[1135.041459] (-) TimerEvent: {}
[1135.143037] (-) TimerEvent: {}
[1135.244436] (-) TimerEvent: {}
[1135.345964] (-) TimerEvent: {}
[1135.447462] (-) TimerEvent: {}
[1135.548651] (-) TimerEvent: {}
[1135.650181] (-) TimerEvent: {}
[1135.751879] (-) TimerEvent: {}
[1135.853591] (-) TimerEvent: {}
[1135.955719] (-) TimerEvent: {}
[1136.057318] (-) TimerEvent: {}
[1136.158861] (-) TimerEvent: {}
[1136.260821] (-) TimerEvent: {}
[1136.362360] (-) TimerEvent: {}
[1136.463877] (-) TimerEvent: {}
[1136.565298] (-) TimerEvent: {}
[1136.666758] (-) TimerEvent: {}
[1136.768574] (-) TimerEvent: {}
[1136.870201] (-) TimerEvent: {}
[1136.972025] (-) TimerEvent: {}
[1137.073539] (-) TimerEvent: {}
[1137.175082] (-) TimerEvent: {}
[1137.276562] (-) TimerEvent: {}
[1137.378041] (-) TimerEvent: {}
[1137.479902] (-) TimerEvent: {}
[1137.582529] (-) TimerEvent: {}
[1137.685231] (-) TimerEvent: {}
[1137.787203] (-) TimerEvent: {}
[1137.888838] (-) TimerEvent: {}
[1137.990352] (-) TimerEvent: {}
[1138.091999] (-) TimerEvent: {}
[1138.193662] (-) TimerEvent: {}
[1138.296182] (-) TimerEvent: {}
[1138.398547] (-) TimerEvent: {}
[1138.500037] (-) TimerEvent: {}
[1138.601522] (-) TimerEvent: {}
[1138.702981] (-) TimerEvent: {}
[1138.804710] (-) TimerEvent: {}
[1138.906561] (-) TimerEvent: {}
[1139.008530] (-) TimerEvent: {}
[1139.110903] (-) TimerEvent: {}
[1139.212338] (-) TimerEvent: {}
[1139.313885] (-) TimerEvent: {}
[1139.415529] (-) TimerEvent: {}
[1139.518178] (-) TimerEvent: {}
[1139.619897] (-) TimerEvent: {}
[1139.721435] (-) TimerEvent: {}
[1139.823097] (-) TimerEvent: {}
[1139.924490] (-) TimerEvent: {}
[1140.025913] (-) TimerEvent: {}
[1140.127837] (-) TimerEvent: {}
[1140.229648] (-) TimerEvent: {}
[1140.331124] (-) TimerEvent: {}
[1140.432678] (-) TimerEvent: {}
[1140.535068] (-) TimerEvent: {}
[1140.636508] (-) TimerEvent: {}
[1140.738118] (-) TimerEvent: {}
[1140.839713] (-) TimerEvent: {}
[1140.941080] (-) TimerEvent: {}
[1141.042777] (-) TimerEvent: {}
[1141.144339] (-) TimerEvent: {}
[1141.246135] (-) TimerEvent: {}
[1141.348093] (-) TimerEvent: {}
[1141.449562] (-) TimerEvent: {}
[1141.551335] (-) TimerEvent: {}
[1141.652929] (-) TimerEvent: {}
[1141.754594] (-) TimerEvent: {}
[1141.857186] (-) TimerEvent: {}
[1141.958742] (-) TimerEvent: {}
[1142.060394] (-) TimerEvent: {}
[1142.161957] (-) TimerEvent: {}
[1142.263586] (-) TimerEvent: {}
[1142.365055] (-) TimerEvent: {}
[1142.466381] (-) TimerEvent: {}
[1142.567895] (-) TimerEvent: {}
[1142.669393] (-) TimerEvent: {}
[1142.770903] (-) TimerEvent: {}
[1142.872410] (-) TimerEvent: {}
[1142.974027] (-) TimerEvent: {}
[1143.075662] (-) TimerEvent: {}
[1143.177175] (-) TimerEvent: {}
[1143.278964] (-) TimerEvent: {}
[1143.381414] (-) TimerEvent: {}
[1143.483064] (-) TimerEvent: {}
[1143.585501] (-) TimerEvent: {}
[1143.687142] (-) TimerEvent: {}
[1143.788601] (-) TimerEvent: {}
[1143.890010] (-) TimerEvent: {}
[1143.991468] (-) TimerEvent: {}
[1144.092838] (-) TimerEvent: {}
[1144.194509] (-) TimerEvent: {}
[1144.296066] (-) TimerEvent: {}
[1144.397708] (-) TimerEvent: {}
[1144.499424] (-) TimerEvent: {}
[1144.600836] (-) TimerEvent: {}
[1144.702329] (-) TimerEvent: {}
[1144.804171] (-) TimerEvent: {}
[1144.905723] (-) TimerEvent: {}
[1145.007200] (-) TimerEvent: {}
[1145.108748] (-) TimerEvent: {}
[1145.210263] (-) TimerEvent: {}
[1145.311787] (-) TimerEvent: {}
[1145.413349] (-) TimerEvent: {}
[1145.514651] (-) TimerEvent: {}
[1145.615945] (-) TimerEvent: {}
[1145.717136] (-) TimerEvent: {}
[1145.818702] (-) TimerEvent: {}
[1145.920419] (-) TimerEvent: {}
[1146.022028] (-) TimerEvent: {}
[1146.123719] (-) TimerEvent: {}
[1146.225258] (-) TimerEvent: {}
[1146.326905] (-) TimerEvent: {}
[1146.428305] (-) TimerEvent: {}
[1146.529781] (-) TimerEvent: {}
[1146.631512] (-) TimerEvent: {}
[1146.733809] (-) TimerEvent: {}
[1146.835311] (-) TimerEvent: {}
[1146.936817] (-) TimerEvent: {}
[1147.038432] (-) TimerEvent: {}
[1147.140772] (-) TimerEvent: {}
[1147.242187] (-) TimerEvent: {}
[1147.343687] (-) TimerEvent: {}
[1147.445151] (-) TimerEvent: {}
[1147.546757] (-) TimerEvent: {}
[1147.648230] (-) TimerEvent: {}
[1147.749771] (-) TimerEvent: {}
[1147.851311] (-) TimerEvent: {}
[1147.963341] (-) TimerEvent: {}
[1148.089144] (-) TimerEvent: {}
[1148.191287] (-) TimerEvent: {}
[1148.292887] (-) TimerEvent: {}
[1148.394619] (-) TimerEvent: {}
[1148.497202] (-) TimerEvent: {}
[1148.599558] (-) TimerEvent: {}
[1148.701799] (-) TimerEvent: {}
[1148.803213] (-) TimerEvent: {}
[1148.904666] (-) TimerEvent: {}
[1149.006097] (-) TimerEvent: {}
[1149.107472] (-) TimerEvent: {}
[1149.209106] (-) TimerEvent: {}
[1149.310526] (-) TimerEvent: {}
[1149.411931] (-) TimerEvent: {}
[1149.513516] (-) TimerEvent: {}
[1149.615129] (-) TimerEvent: {}
[1149.716631] (-) TimerEvent: {}
[1149.818021] (-) TimerEvent: {}
[1149.919454] (-) TimerEvent: {}
[1150.021167] (-) TimerEvent: {}
[1150.123822] (-) TimerEvent: {}
[1150.226047] (-) TimerEvent: {}
[1150.328315] (-) TimerEvent: {}
[1150.430340] (-) TimerEvent: {}
[1150.532996] (-) TimerEvent: {}
[1150.634509] (-) TimerEvent: {}
[1150.735975] (-) TimerEvent: {}
[1150.837456] (-) TimerEvent: {}
[1150.938932] (-) TimerEvent: {}
[1151.040444] (-) TimerEvent: {}
[1151.141963] (-) TimerEvent: {}
[1151.243558] (-) TimerEvent: {}
[1151.345018] (-) TimerEvent: {}
[1151.446551] (-) TimerEvent: {}
[1151.548322] (-) TimerEvent: {}
[1151.649961] (-) TimerEvent: {}
[1151.751826] (-) TimerEvent: {}
[1152.731526] (-) TimerEvent: {}
[1152.833097] (-) TimerEvent: {}
[1152.934641] (-) TimerEvent: {}
[1153.036032] (-) TimerEvent: {}
[1153.137734] (-) TimerEvent: {}
[1153.239426] (-) TimerEvent: {}
[1153.340718] (-) TimerEvent: {}
[1153.442174] (-) TimerEvent: {}
[1153.543671] (-) TimerEvent: {}
[1153.645289] (-) TimerEvent: {}
[1153.746827] (-) TimerEvent: {}
[1153.849012] (-) TimerEvent: {}
[1153.950586] (-) TimerEvent: {}
[1154.051908] (-) TimerEvent: {}
[1154.153622] (-) TimerEvent: {}
[1154.255279] (-) TimerEvent: {}
[1154.356684] (-) TimerEvent: {}
[1154.458100] (-) TimerEvent: {}
[1154.559660] (-) TimerEvent: {}
[1154.661070] (-) TimerEvent: {}
[1154.762717] (-) TimerEvent: {}
[1154.864154] (-) TimerEvent: {}
[1154.965715] (-) TimerEvent: {}
[1155.067139] (-) TimerEvent: {}
[1155.169410] (-) TimerEvent: {}
[1155.270945] (-) TimerEvent: {}
[1155.372381] (-) TimerEvent: {}
[1155.473729] (-) TimerEvent: {}
[1155.574935] (-) TimerEvent: {}
[1155.676523] (-) TimerEvent: {}
[1155.778010] (-) TimerEvent: {}
[1155.879710] (-) TimerEvent: {}
[1155.981395] (-) TimerEvent: {}
[1156.084153] (-) TimerEvent: {}
[1156.185667] (-) TimerEvent: {}
[1156.287332] (-) TimerEvent: {}
[1156.388867] (-) TimerEvent: {}
[1156.490325] (-) TimerEvent: {}
[1156.591839] (-) TimerEvent: {}
[1156.693934] (-) TimerEvent: {}
[1156.795731] (-) TimerEvent: {}
[1156.897843] (-) TimerEvent: {}
[1157.000137] (-) TimerEvent: {}
[1157.101949] (-) TimerEvent: {}
[1157.203662] (-) TimerEvent: {}
[1157.305286] (-) TimerEvent: {}
[1157.407009] (-) TimerEvent: {}
[1157.508544] (-) TimerEvent: {}
[1157.610140] (-) TimerEvent: {}
[1157.712338] (-) TimerEvent: {}
[1157.813862] (-) TimerEvent: {}
[1157.915333] (-) TimerEvent: {}
[1158.016932] (-) TimerEvent: {}
[1158.118590] (-) TimerEvent: {}
[1158.220465] (-) TimerEvent: {}
[1158.322171] (-) TimerEvent: {}
[1158.423686] (-) TimerEvent: {}
[1158.525130] (-) TimerEvent: {}
[1158.626675] (-) TimerEvent: {}
[1158.728185] (-) TimerEvent: {}
[1158.829849] (-) TimerEvent: {}
[1158.932266] (-) TimerEvent: {}
[1159.033702] (-) TimerEvent: {}
[1159.135328] (-) TimerEvent: {}
[1159.236894] (-) TimerEvent: {}
[1159.338426] (-) TimerEvent: {}
[1159.440070] (-) TimerEvent: {}
[1159.541430] (-) TimerEvent: {}
[1159.643240] (-) TimerEvent: {}
[1159.744809] (-) TimerEvent: {}
[1159.846314] (-) TimerEvent: {}
[1159.948072] (-) TimerEvent: {}
[1160.049738] (-) TimerEvent: {}
[1160.151278] (-) TimerEvent: {}
[1160.252812] (-) TimerEvent: {}
[1160.354305] (-) TimerEvent: {}
[1160.455917] (-) TimerEvent: {}
[1160.557520] (-) TimerEvent: {}
[1160.658954] (-) TimerEvent: {}
[1160.760394] (-) TimerEvent: {}
[1160.862551] (-) TimerEvent: {}
[1160.964228] (-) TimerEvent: {}
[1161.066261] (-) TimerEvent: {}
[1161.167954] (-) TimerEvent: {}
[1161.269423] (-) TimerEvent: {}
[1161.370700] (-) TimerEvent: {}
[1161.472233] (-) TimerEvent: {}
[1161.573713] (-) TimerEvent: {}
[1161.675315] (-) TimerEvent: {}
[1161.776842] (-) TimerEvent: {}
[1162.378524] (-) TimerEvent: {}
[1162.479997] (-) TimerEvent: {}
[1162.581407] (-) TimerEvent: {}
[1162.682900] (-) TimerEvent: {}
[1162.784427] (-) TimerEvent: {}
[1162.885924] (-) TimerEvent: {}
[1162.987631] (-) TimerEvent: {}
[1163.089123] (-) TimerEvent: {}
[1163.190674] (-) TimerEvent: {}
[1163.292119] (-) TimerEvent: {}
[1163.393521] (-) TimerEvent: {}
[1163.495124] (-) TimerEvent: {}
[1163.596624] (-) TimerEvent: {}
[1163.698642] (-) TimerEvent: {}
[1163.800626] (-) TimerEvent: {}
[1163.902149] (-) TimerEvent: {}
[1164.003702] (-) TimerEvent: {}
[1164.105231] (-) TimerEvent: {}
[1164.206677] (-) TimerEvent: {}
[1164.308160] (-) TimerEvent: {}
[1164.409717] (-) TimerEvent: {}
[1164.511203] (-) TimerEvent: {}
[1164.612838] (-) TimerEvent: {}
[1164.714354] (-) TimerEvent: {}
[1164.815910] (-) TimerEvent: {}
[1164.917377] (-) TimerEvent: {}
[1165.018927] (-) TimerEvent: {}
[1165.120387] (-) TimerEvent: {}
[1165.221875] (-) TimerEvent: {}
[1165.323692] (-) TimerEvent: {}
[1165.425803] (-) TimerEvent: {}
[1165.527724] (-) TimerEvent: {}
[1165.629422] (-) TimerEvent: {}
[1165.731143] (-) TimerEvent: {}
[1165.832817] (-) TimerEvent: {}
[1165.934331] (-) TimerEvent: {}
[1166.035974] (-) TimerEvent: {}
[1166.137396] (-) TimerEvent: {}
[1166.238858] (-) TimerEvent: {}
[1166.340419] (-) TimerEvent: {}
[1166.441971] (-) TimerEvent: {}
[1166.543537] (-) TimerEvent: {}
[1166.645014] (-) TimerEvent: {}
[1166.746634] (-) TimerEvent: {}
[1166.848154] (-) TimerEvent: {}
[1166.949730] (-) TimerEvent: {}
[1167.051344] (-) TimerEvent: {}
[1167.152947] (-) TimerEvent: {}
[1167.254868] (-) TimerEvent: {}
[1167.356321] (-) TimerEvent: {}
[1167.457776] (-) TimerEvent: {}
[1167.559222] (-) TimerEvent: {}
[1167.660581] (-) TimerEvent: {}
[1167.762927] (-) TimerEvent: {}
[1167.865069] (-) TimerEvent: {}
[1167.966706] (-) TimerEvent: {}
[1168.068332] (-) TimerEvent: {}
[1168.169851] (-) TimerEvent: {}
[1168.271627] (-) TimerEvent: {}
[1168.373282] (-) TimerEvent: {}
[1168.474906] (-) TimerEvent: {}
[1168.576525] (-) TimerEvent: {}
[1168.679342] (-) TimerEvent: {}
[1168.780822] (-) TimerEvent: {}
[1168.882369] (-) TimerEvent: {}
[1168.984309] (-) TimerEvent: {}
[1169.085780] (-) TimerEvent: {}
[1169.187490] (-) TimerEvent: {}
[1169.289261] (-) TimerEvent: {}
[1169.392358] (-) TimerEvent: {}
[1169.494890] (-) TimerEvent: {}
[1169.596693] (-) TimerEvent: {}
[1169.698930] (-) TimerEvent: {}
[1169.801505] (-) TimerEvent: {}
[1169.903136] (-) TimerEvent: {}
[1170.004409] (-) TimerEvent: {}
[1170.105988] (-) TimerEvent: {}
[1170.207663] (-) TimerEvent: {}
[1170.309082] (-) TimerEvent: {}
[1170.413276] (-) TimerEvent: {}
[1170.514779] (-) TimerEvent: {}
[1170.616309] (-) TimerEvent: {}
[1170.717857] (-) TimerEvent: {}
[1170.819287] (-) TimerEvent: {}
[1170.920867] (-) TimerEvent: {}
[1171.022383] (-) TimerEvent: {}
[1171.123787] (-) TimerEvent: {}
[1171.225139] (-) TimerEvent: {}
[1171.326889] (-) TimerEvent: {}
[1171.428944] (-) TimerEvent: {}
[1171.530385] (-) TimerEvent: {}
[1171.632391] (-) TimerEvent: {}
[1171.734562] (-) TimerEvent: {}
[1171.839026] (-) TimerEvent: {}
[1171.940475] (-) TimerEvent: {}
[1172.041862] (-) TimerEvent: {}
[1172.143446] (-) TimerEvent: {}
[1172.244843] (-) TimerEvent: {}
[1172.346333] (-) TimerEvent: {}
[1172.447826] (-) TimerEvent: {}
[1172.549282] (-) TimerEvent: {}
[1172.651066] (-) TimerEvent: {}
[1172.752755] (-) TimerEvent: {}
[1172.854788] (-) TimerEvent: {}
[1172.956328] (-) TimerEvent: {}
[1173.057929] (-) TimerEvent: {}
[1173.159511] (-) TimerEvent: {}
[1173.261193] (-) TimerEvent: {}
[1173.362879] (-) TimerEvent: {}
[1173.464498] (-) TimerEvent: {}
[1173.566021] (-) TimerEvent: {}
[1173.667581] (-) TimerEvent: {}
[1173.769145] (-) TimerEvent: {}
[1173.870676] (-) TimerEvent: {}
[1173.971917] (-) TimerEvent: {}
[1174.073570] (-) TimerEvent: {}
[1174.175075] (-) TimerEvent: {}
[1174.276799] (-) TimerEvent: {}
[1174.378221] (-) TimerEvent: {}
[1174.479819] (-) TimerEvent: {}
[1174.581857] (-) TimerEvent: {}
[1174.683541] (-) TimerEvent: {}
[1174.786026] (-) TimerEvent: {}
[1174.887715] (-) TimerEvent: {}
[1174.989489] (-) TimerEvent: {}
[1175.091123] (-) TimerEvent: {}
[1175.192687] (-) TimerEvent: {}
[1175.294223] (-) TimerEvent: {}
[1175.395753] (-) TimerEvent: {}
[1175.497046] (-) TimerEvent: {}
[1175.598785] (-) TimerEvent: {}
[1175.700287] (-) TimerEvent: {}
[1175.801715] (-) TimerEvent: {}
[1175.903217] (-) TimerEvent: {}
[1176.004703] (-) TimerEvent: {}
[1176.106076] (-) TimerEvent: {}
[1176.207450] (-) TimerEvent: {}
[1176.308949] (-) TimerEvent: {}
[1176.410912] (-) TimerEvent: {}
[1176.513391] (-) TimerEvent: {}
[1176.615369] (-) TimerEvent: {}
[1176.716880] (-) TimerEvent: {}
[1176.818820] (-) TimerEvent: {}
[1176.921074] (-) TimerEvent: {}
[1177.022867] (-) TimerEvent: {}
[1177.124308] (-) TimerEvent: {}
[1177.225823] (-) TimerEvent: {}
[1177.327691] (-) TimerEvent: {}
[1177.430394] (-) TimerEvent: {}
[1177.532886] (-) TimerEvent: {}
[1177.634327] (-) TimerEvent: {}
[1177.735993] (-) TimerEvent: {}
[1177.837539] (-) TimerEvent: {}
[1177.939320] (-) TimerEvent: {}
[1178.040875] (-) TimerEvent: {}
[1178.211439] (-) TimerEvent: {}
[1198.051175] (-) TimerEvent: {}
[1198.188845] (-) TimerEvent: {}
[1198.290325] (-) TimerEvent: {}
[1198.392039] (-) TimerEvent: {}
[1198.493601] (-) TimerEvent: {}
[1198.595248] (-) TimerEvent: {}
[1198.696754] (-) TimerEvent: {}
[1198.798545] (-) TimerEvent: {}
[1198.900253] (-) TimerEvent: {}
[1199.001954] (-) TimerEvent: {}
[1199.103516] (-) TimerEvent: {}
[1199.205186] (-) TimerEvent: {}
[1199.306665] (-) TimerEvent: {}
[1199.408094] (-) TimerEvent: {}
[1199.509522] (-) TimerEvent: {}
[1199.611209] (-) TimerEvent: {}
[1199.712790] (-) TimerEvent: {}
[1199.814377] (-) TimerEvent: {}
[1199.915775] (-) TimerEvent: {}
[1200.017244] (-) TimerEvent: {}
[1200.118877] (-) TimerEvent: {}
[1200.220421] (-) TimerEvent: {}
[1200.321957] (-) TimerEvent: {}
[1200.423559] (-) TimerEvent: {}
[1200.524960] (-) TimerEvent: {}
[1200.626308] (-) TimerEvent: {}
[1200.728046] (-) TimerEvent: {}
[1200.829536] (-) TimerEvent: {}
[1200.931112] (-) TimerEvent: {}
[1201.032595] (-) TimerEvent: {}
[1201.134213] (-) TimerEvent: {}
[1201.236086] (-) TimerEvent: {}
[1201.338761] (-) TimerEvent: {}
[1201.440981] (-) TimerEvent: {}
[1201.542377] (-) TimerEvent: {}
[1201.643892] (-) TimerEvent: {}
[1201.745378] (-) TimerEvent: {}
[1201.846899] (-) TimerEvent: {}
[1201.948299] (-) TimerEvent: {}
[1202.050077] (-) TimerEvent: {}
[1202.151673] (-) TimerEvent: {}
[1202.253038] (-) TimerEvent: {}
[1202.354135] (-) TimerEvent: {}
[1202.455860] (-) TimerEvent: {}
[1202.557553] (-) TimerEvent: {}
[1202.659353] (-) TimerEvent: {}
[1202.760970] (-) TimerEvent: {}
[1202.862600] (-) TimerEvent: {}
[1202.964150] (-) TimerEvent: {}
[1203.065999] (-) TimerEvent: {}
[1203.167792] (-) TimerEvent: {}
[1203.269277] (-) TimerEvent: {}
[1203.370858] (-) TimerEvent: {}
[1203.472481] (-) TimerEvent: {}
[1203.574960] (-) TimerEvent: {}
[1203.676393] (-) TimerEvent: {}
[1203.777845] (-) TimerEvent: {}
[1203.879419] (-) TimerEvent: {}
[1203.981110] (-) TimerEvent: {}
[1204.082663] (-) TimerEvent: {}
[1204.184156] (-) TimerEvent: {}
[1204.285658] (-) TimerEvent: {}
[1204.387220] (-) TimerEvent: {}
[1204.488653] (-) TimerEvent: {}
[1204.590204] (-) TimerEvent: {}
[1204.691621] (-) TimerEvent: {}
[1204.793463] (-) TimerEvent: {}
[1204.895302] (-) TimerEvent: {}
[1204.996867] (-) TimerEvent: {}
[1205.098296] (-) TimerEvent: {}
[1205.200007] (-) TimerEvent: {}
[1205.301460] (-) TimerEvent: {}
[1205.402746] (-) TimerEvent: {}
[1205.504166] (-) TimerEvent: {}
[1205.605718] (-) TimerEvent: {}
[1205.708218] (-) TimerEvent: {}
[1205.809900] (-) TimerEvent: {}
[1205.912348] (-) TimerEvent: {}
[1206.014175] (-) TimerEvent: {}
[1206.116662] (-) TimerEvent: {}
[1206.218626] (-) TimerEvent: {}
[1206.320025] (-) TimerEvent: {}
[1206.421487] (-) TimerEvent: {}
[1206.523111] (-) TimerEvent: {}
[1206.624614] (-) TimerEvent: {}
[1206.726042] (-) TimerEvent: {}
[1206.827541] (-) TimerEvent: {}
[1206.928808] (-) TimerEvent: {}
[1207.030400] (-) TimerEvent: {}
[1207.132035] (-) TimerEvent: {}
[1207.233591] (-) TimerEvent: {}
[1207.335169] (-) TimerEvent: {}
[1207.436765] (-) TimerEvent: {}
[1207.538188] (-) TimerEvent: {}
[1207.640016] (-) TimerEvent: {}
[1207.741791] (-) TimerEvent: {}
[1207.843344] (-) TimerEvent: {}
[1207.944828] (-) TimerEvent: {}
[1208.046368] (-) TimerEvent: {}
[1208.148215] (-) TimerEvent: {}
[1208.249747] (-) TimerEvent: {}
[1208.351283] (-) TimerEvent: {}
[1208.452579] (-) TimerEvent: {}
[1208.554123] (-) TimerEvent: {}
[1208.656433] (-) TimerEvent: {}
[1208.758149] (-) TimerEvent: {}
[1208.859915] (-) TimerEvent: {}
[1208.961374] (-) TimerEvent: {}
[1209.063207] (-) TimerEvent: {}
[1209.164769] (-) TimerEvent: {}
[1209.266338] (-) TimerEvent: {}
[1209.367847] (-) TimerEvent: {}
[1209.469353] (-) TimerEvent: {}
[1209.570854] (-) TimerEvent: {}
[1209.672480] (-) TimerEvent: {}
[1209.774010] (-) TimerEvent: {}
[1209.875672] (-) TimerEvent: {}
[1209.977141] (-) TimerEvent: {}
[1210.079078] (-) TimerEvent: {}
[1210.180511] (-) TimerEvent: {}
[1210.282058] (-) TimerEvent: {}
[1210.383450] (-) TimerEvent: {}
[1210.485126] (-) TimerEvent: {}
[1210.586789] (-) TimerEvent: {}
[1210.688605] (-) TimerEvent: {}
[1210.790248] (-) TimerEvent: {}
[1210.891933] (-) TimerEvent: {}
[1210.993340] (-) TimerEvent: {}
[1211.094677] (-) TimerEvent: {}
[1211.196257] (-) TimerEvent: {}
[1211.297703] (-) TimerEvent: {}
[1211.399335] (-) TimerEvent: {}
[1211.500859] (-) TimerEvent: {}
[1211.602487] (-) TimerEvent: {}
[1211.704118] (-) TimerEvent: {}
[1211.806615] (-) TimerEvent: {}
[1211.908963] (-) TimerEvent: {}
[1212.010763] (-) TimerEvent: {}
[1212.113242] (-) TimerEvent: {}
[1212.214796] (-) TimerEvent: {}
[1212.316365] (-) TimerEvent: {}
[1212.418041] (-) TimerEvent: {}
[1212.520597] (-) TimerEvent: {}
[1212.622030] (-) TimerEvent: {}
[1212.723695] (-) TimerEvent: {}
[1212.825288] (-) TimerEvent: {}
[1212.926890] (-) TimerEvent: {}
[1213.028360] (-) TimerEvent: {}
[1213.129839] (-) TimerEvent: {}
[1213.231293] (-) TimerEvent: {}
[1213.333119] (-) TimerEvent: {}
[1213.435346] (-) TimerEvent: {}
[1213.536799] (-) TimerEvent: {}
[1213.638314] (-) TimerEvent: {}
[1213.739958] (-) TimerEvent: {}
[1213.841373] (-) TimerEvent: {}
[1213.942985] (-) TimerEvent: {}
[1214.044461] (-) TimerEvent: {}
[1214.145878] (-) TimerEvent: {}
[1214.247520] (-) TimerEvent: {}
[1214.349280] (-) TimerEvent: {}
[1214.450780] (-) TimerEvent: {}
[1214.552227] (-) TimerEvent: {}
[1214.653742] (-) TimerEvent: {}
[1214.755280] (-) TimerEvent: {}
[1214.856811] (-) TimerEvent: {}
[1214.959138] (-) TimerEvent: {}
[1215.060850] (-) TimerEvent: {}
[1215.163590] (-) TimerEvent: {}
[1215.265936] (-) TimerEvent: {}
[1215.367453] (-) TimerEvent: {}
[1215.468888] (-) TimerEvent: {}
[1215.570290] (-) TimerEvent: {}
[1215.672194] (-) TimerEvent: {}
[1215.773937] (-) TimerEvent: {}
[1215.875575] (-) TimerEvent: {}
[1215.976750] (-) TimerEvent: {}
[1216.078566] (-) TimerEvent: {}
[1216.180304] (-) TimerEvent: {}
[1216.281770] (-) TimerEvent: {}
[1216.383339] (-) TimerEvent: {}
[1216.485392] (-) TimerEvent: {}
[1216.587090] (-) TimerEvent: {}
[1216.688595] (-) TimerEvent: {}
[1216.790371] (-) TimerEvent: {}
[1216.892811] (-) TimerEvent: {}
[1216.994272] (-) TimerEvent: {}
[1217.095840] (-) TimerEvent: {}
[1217.197392] (-) TimerEvent: {}
[1217.299162] (-) TimerEvent: {}
[1217.400876] (-) TimerEvent: {}
[1217.502739] (-) TimerEvent: {}
[1217.604412] (-) TimerEvent: {}
[1217.705817] (-) TimerEvent: {}
[1217.807652] (-) TimerEvent: {}
[1217.910102] (-) TimerEvent: {}
[1218.013087] (-) TimerEvent: {}
[1218.114579] (-) TimerEvent: {}
[1218.216082] (-) TimerEvent: {}
[1218.317806] (-) TimerEvent: {}
[1218.419345] (-) TimerEvent: {}
[1218.520879] (-) TimerEvent: {}
[1218.622307] (-) TimerEvent: {}
[1218.723846] (-) TimerEvent: {}
[1218.825274] (-) TimerEvent: {}
[1218.926914] (-) TimerEvent: {}
[1219.028488] (-) TimerEvent: {}
[1219.130004] (-) TimerEvent: {}
[1219.231608] (-) TimerEvent: {}
[1219.333099] (-) TimerEvent: {}
[1219.434624] (-) TimerEvent: {}
[1219.535958] (-) TimerEvent: {}
[1219.637476] (-) TimerEvent: {}
[1219.738949] (-) TimerEvent: {}
[1219.840585] (-) TimerEvent: {}
[1219.942434] (-) TimerEvent: {}
[1220.045460] (-) TimerEvent: {}
[1220.147197] (-) TimerEvent: {}
[1220.249065] (-) TimerEvent: {}
[1220.353217] (-) TimerEvent: {}
[1220.456689] (-) TimerEvent: {}
[1220.558144] (-) TimerEvent: {}
[1220.660241] (-) TimerEvent: {}
[1220.761798] (-) TimerEvent: {}
[1220.863897] (-) TimerEvent: {}
[1220.965272] (-) TimerEvent: {}
[1221.066532] (-) TimerEvent: {}
[1221.168044] (-) TimerEvent: {}
[1221.269497] (-) TimerEvent: {}
[1221.371137] (-) TimerEvent: {}
[1221.472664] (-) TimerEvent: {}
[1221.574048] (-) TimerEvent: {}
[1221.675589] (-) TimerEvent: {}
[1221.776980] (-) TimerEvent: {}
[1221.878513] (-) TimerEvent: {}
[1221.979952] (-) TimerEvent: {}
[1222.081433] (-) TimerEvent: {}
[1222.182974] (-) TimerEvent: {}
[1222.284510] (-) TimerEvent: {}
[1222.385989] (-) TimerEvent: {}
[1222.488319] (-) TimerEvent: {}
[1222.590599] (-) TimerEvent: {}
[1222.691761] (-) TimerEvent: {}
[1222.792988] (-) TimerEvent: {}
[1222.894178] (-) TimerEvent: {}
[1222.995786] (-) TimerEvent: {}
[1223.097310] (-) TimerEvent: {}
[1223.199086] (-) TimerEvent: {}
[1223.301455] (-) TimerEvent: {}
[1223.403303] (-) TimerEvent: {}
[1223.504868] (-) TimerEvent: {}
[1223.606366] (-) TimerEvent: {}
[1223.708055] (-) TimerEvent: {}
[1223.809602] (-) TimerEvent: {}
[1223.911266] (-) TimerEvent: {}
[1224.012729] (-) TimerEvent: {}
[1224.114153] (-) TimerEvent: {}
[1224.215531] (-) TimerEvent: {}
[1224.317034] (-) TimerEvent: {}
[1224.418689] (-) TimerEvent: {}
[1224.520447] (-) TimerEvent: {}
[1224.621948] (-) TimerEvent: {}
[1224.723410] (-) TimerEvent: {}
[1224.824793] (-) TimerEvent: {}
[1224.926287] (-) TimerEvent: {}
[1225.027818] (-) TimerEvent: {}
[1225.129260] (-) TimerEvent: {}
[1225.230655] (-) TimerEvent: {}
[1225.332103] (-) TimerEvent: {}
[1225.433702] (-) TimerEvent: {}
[1225.535310] (-) TimerEvent: {}
[1225.636992] (-) TimerEvent: {}
[1225.738344] (-) TimerEvent: {}
[1225.839786] (-) TimerEvent: {}
[1225.941518] (-) TimerEvent: {}
[1226.043212] (-) TimerEvent: {}
[1226.144633] (-) TimerEvent: {}
[1226.246339] (-) TimerEvent: {}
[1226.348874] (-) TimerEvent: {}
[1226.450497] (-) TimerEvent: {}
[1226.552017] (-) TimerEvent: {}
[1226.653497] (-) TimerEvent: {}
[1226.755068] (-) TimerEvent: {}
[1226.856559] (-) TimerEvent: {}
[1226.958107] (-) TimerEvent: {}
[1227.059862] (-) TimerEvent: {}
[1227.162230] (-) TimerEvent: {}
[1227.263677] (-) TimerEvent: {}
[1227.365174] (-) TimerEvent: {}
[1227.466955] (-) TimerEvent: {}
[1227.569451] (-) TimerEvent: {}
[1227.670891] (-) TimerEvent: {}
[1227.772382] (-) TimerEvent: {}
[1227.874086] (-) TimerEvent: {}
[1227.975577] (-) TimerEvent: {}
[1228.077279] (-) TimerEvent: {}
[1228.184106] (-) TimerEvent: {}
[1228.301077] (-) TimerEvent: {}
[1228.402828] (-) TimerEvent: {}
[1228.504736] (-) TimerEvent: {}
[1228.606380] (-) TimerEvent: {}
[1228.708716] (-) TimerEvent: {}
[1228.810258] (-) TimerEvent: {}
[1228.912008] (-) TimerEvent: {}
[1229.013843] (-) TimerEvent: {}
[1229.115839] (-) TimerEvent: {}
[1229.217735] (-) TimerEvent: {}
[1229.319824] (-) TimerEvent: {}
[1229.421612] (-) TimerEvent: {}
[1229.523507] (-) TimerEvent: {}
[1229.626182] (-) TimerEvent: {}
[1229.727729] (-) TimerEvent: {}
[1229.829141] (-) TimerEvent: {}
[1229.930644] (-) TimerEvent: {}
[1230.032202] (-) TimerEvent: {}
[1230.133760] (-) TimerEvent: {}
[1230.235251] (-) TimerEvent: {}
[1230.336947] (-) TimerEvent: {}
[1230.438573] (-) TimerEvent: {}
[1230.540660] (-) TimerEvent: {}
[1230.642186] (-) TimerEvent: {}
[1230.743696] (-) TimerEvent: {}
[1230.845262] (-) TimerEvent: {}
[1230.946919] (-) TimerEvent: {}
[1231.048524] (-) TimerEvent: {}
[1231.149995] (-) TimerEvent: {}
[1231.251603] (-) TimerEvent: {}
[1231.353094] (-) TimerEvent: {}
[1231.454712] (-) TimerEvent: {}
[1231.556349] (-) TimerEvent: {}
[1231.657912] (-) TimerEvent: {}
[1231.759428] (-) TimerEvent: {}
[1231.860923] (-) TimerEvent: {}
[1231.962609] (-) TimerEvent: {}
[1232.064109] (-) TimerEvent: {}
[1232.165741] (-) TimerEvent: {}
[1232.267033] (-) TimerEvent: {}
[1232.368601] (-) TimerEvent: {}
[1232.469972] (-) TimerEvent: {}
[1232.571348] (-) TimerEvent: {}
[1232.672779] (-) TimerEvent: {}
[1232.774311] (-) TimerEvent: {}
[1232.875837] (-) TimerEvent: {}
[1232.977350] (-) TimerEvent: {}
[1233.078645] (-) TimerEvent: {}
[1233.179963] (-) TimerEvent: {}
[1233.281436] (-) TimerEvent: {}
[1233.382981] (-) TimerEvent: {}
[1233.484697] (-) TimerEvent: {}
[1233.586154] (-) TimerEvent: {}
[1233.688227] (-) TimerEvent: {}
[1233.789787] (-) TimerEvent: {}
[1233.891413] (-) TimerEvent: {}
[1233.993009] (-) TimerEvent: {}
[1234.094718] (-) TimerEvent: {}
[1234.197466] (-) TimerEvent: {}
[1234.299016] (-) TimerEvent: {}
[1234.400490] (-) TimerEvent: {}
[1234.502027] (-) TimerEvent: {}
[1234.603486] (-) TimerEvent: {}
[1234.705038] (-) TimerEvent: {}
[1234.806611] (-) TimerEvent: {}
[1234.908150] (-) TimerEvent: {}
[1235.009603] (-) TimerEvent: {}
[1235.111187] (-) TimerEvent: {}
[1235.212599] (-) TimerEvent: {}
[1235.314086] (-) TimerEvent: {}
[1235.415637] (-) TimerEvent: {}
[1235.517138] (-) TimerEvent: {}
[1235.618685] (-) TimerEvent: {}
[1235.720243] (-) TimerEvent: {}
[1235.821724] (-) TimerEvent: {}
[1235.923414] (-) TimerEvent: {}
[1236.024847] (-) TimerEvent: {}
[1236.126641] (-) TimerEvent: {}
[1236.229090] (-) TimerEvent: {}
[1236.330847] (-) TimerEvent: {}
[1236.432638] (-) TimerEvent: {}
[1236.534190] (-) TimerEvent: {}
[1236.636083] (-) TimerEvent: {}
[1236.737486] (-) TimerEvent: {}
[1236.838820] (-) TimerEvent: {}
[1236.940914] (-) TimerEvent: {}
[1237.042429] (-) TimerEvent: {}
[1237.144071] (-) TimerEvent: {}
[1237.245701] (-) TimerEvent: {}
[1237.348619] (-) TimerEvent: {}
[1237.451620] (-) TimerEvent: {}
[1237.554287] (-) TimerEvent: {}
[1237.655994] (-) TimerEvent: {}
[1237.757462] (-) TimerEvent: {}
[1237.859044] (-) TimerEvent: {}
[1237.960907] (-) TimerEvent: {}
[1238.062822] (-) TimerEvent: {}
[1238.165424] (-) TimerEvent: {}
[1238.268726] (-) TimerEvent: {}
[1238.370351] (-) TimerEvent: {}
[1238.471935] (-) TimerEvent: {}
[1238.573588] (-) TimerEvent: {}
[1238.675273] (-) TimerEvent: {}
[1238.776790] (-) TimerEvent: {}
[1238.878351] (-) TimerEvent: {}
[1238.980028] (-) TimerEvent: {}
[1239.081447] (-) TimerEvent: {}
[1239.182960] (-) TimerEvent: {}
[1239.284754] (-) TimerEvent: {}
[1239.386258] (-) TimerEvent: {}
[1239.488005] (-) TimerEvent: {}
[1239.589486] (-) TimerEvent: {}
[1239.691098] (-) TimerEvent: {}
[1239.792551] (-) TimerEvent: {}
[1239.893990] (-) TimerEvent: {}
[1239.996179] (-) TimerEvent: {}
[1240.097644] (-) TimerEvent: {}
[1240.199121] (-) TimerEvent: {}
[1240.300602] (-) TimerEvent: {}
[1240.401997] (-) TimerEvent: {}
[1240.503475] (-) TimerEvent: {}
[1240.604902] (-) TimerEvent: {}
[1240.706389] (-) TimerEvent: {}
[1240.807707] (-) TimerEvent: {}
[1240.909451] (-) TimerEvent: {}
[1241.011138] (-) TimerEvent: {}
[1241.112733] (-) TimerEvent: {}
[1241.214280] (-) TimerEvent: {}
[1241.315865] (-) TimerEvent: {}
[1241.417195] (-) TimerEvent: {}
[1241.518555] (-) TimerEvent: {}
[1241.620023] (-) TimerEvent: {}
[1241.721492] (-) TimerEvent: {}
[1241.823152] (-) TimerEvent: {}
[1241.937783] (-) TimerEvent: {}
[1242.143120] (-) TimerEvent: {}
[1242.871219] (rf2o_laser_odometry) StderrLine: {'line': b'gmake[2]: *** [CMakeFiles/rf2o_laser_odometry.dir/build.make:76: CMakeFiles/rf2o_laser_odometry.dir/src/CLaserOdometry2D.cpp.o] Interrupt\n'}
[1243.190902] (-) TimerEvent: {}
[1243.211360] (rf2o_laser_odometry) StderrLine: {'line': b'gmake[2]: *** [CMakeFiles/rf2o_laser_odometry_node.dir/build.make:76: CMakeFiles/rf2o_laser_odometry_node.dir/src/CLaserOdometry2DNode.cpp.o] Interrupt\n'}
[1243.216777] (rf2o_laser_odometry) StderrLine: {'line': b'gmake[2]: *** [CMakeFiles/rf2o_laser_odometry_node.dir/build.make:90: CMakeFiles/rf2o_laser_odometry_node.dir/src/CLaserOdometry2D.cpp.o] Interrupt\n'}
[1243.224886] (rf2o_laser_odometry) StderrLine: {'line': b'gmake[1]: *** [CMakeFiles/Makefile2:165: CMakeFiles/rf2o_laser_odometry.dir/all] Interrupt\n'}
[1243.225811] (rf2o_laser_odometry) StderrLine: {'line': b'gmake[1]: *** [CMakeFiles/Makefile2:139: CMakeFiles/rf2o_laser_odometry_node.dir/all] Interrupt\n'}
[1243.226661] (rf2o_laser_odometry) StderrLine: {'line': b'gmake: *** [Makefile:146: all] Interrupt\n'}
[1243.296598] (-) TimerEvent: {}
[1243.402441] (-) TimerEvent: {}
[1243.504847] (-) TimerEvent: {}
[1243.613902] (-) TimerEvent: {}
[1243.720778] (-) TimerEvent: {}
[1243.791057] (rf2o_laser_odometry) CommandEnded: {'returncode': -2}
[1243.854967] (-) TimerEvent: {}
[1243.957113] (-) TimerEvent: {}
[1244.091953] (-) TimerEvent: {}
[1244.208592] (-) TimerEvent: {}
[1244.309893] (-) TimerEvent: {}
[1244.411474] (-) TimerEvent: {}
[1244.512908] (-) TimerEvent: {}
[1244.614253] (-) TimerEvent: {}
[1244.715862] (-) TimerEvent: {}
[1244.817206] (-) TimerEvent: {}
[1244.918753] (-) TimerEvent: {}
[1245.020331] (-) TimerEvent: {}
[1245.121925] (-) TimerEvent: {}
[1245.223267] (-) TimerEvent: {}
[1245.324477] (-) TimerEvent: {}
[1245.427009] (-) TimerEvent: {}
[1245.534714] (-) TimerEvent: {}
[1245.660340] (-) TimerEvent: {}
[1245.782084] (-) TimerEvent: {}
[1245.909753] (-) TimerEvent: {}
[1246.029772] (-) TimerEvent: {}
[1246.054061] (rf2o_laser_odometry) JobEnded: {'identifier': 'rf2o_laser_odometry', 'rc': 'SIGINT'}
[1246.169090] (-) TimerEvent: {}
[1246.171163] (-) EventReactorShutdown: {}
