[0.000000] (-) TimerEvent: {}
[0.001212] (RoverReceive) JobQueued: {'identifier': 'RoverReceive', 'dependencies': OrderedDict()}
[0.001441] (mode_manager) JobQueued: {'identifier': 'mode_manager', 'dependencies': OrderedDict()}
[0.001718] (rf2o_laser_odometry) JobQueued: {'identifier': 'rf2o_laser_odometry', 'dependencies': OrderedDict()}
[0.001869] (roombav2) JobQueued: {'identifier': 'roombav2', 'dependencies': OrderedDict()}
[0.001956] (sllidar_ros2) JobQueued: {'identifier': 'sllidar_ros2', 'dependencies': OrderedDict()}
[0.002037] (RoverReceive) JobStarted: {'identifier': 'RoverReceive'}
[0.046913] (mode_manager) JobStarted: {'identifier': 'mode_manager'}
[0.069572] (rf2o_laser_odometry) JobStarted: {'identifier': 'rf2o_laser_odometry'}
[0.086075] (roombav2) JobStarted: {'identifier': 'roombav2'}
[0.097772] (-) TimerEvent: {}
[0.198444] (-) TimerEvent: {}
[0.299151] (-) TimerEvent: {}
[0.399833] (-) TimerEvent: {}
[0.500460] (-) TimerEvent: {}
[0.601051] (-) TimerEvent: {}
[0.701660] (-) TimerEvent: {}
[0.802263] (-) TimerEvent: {}
[0.902897] (-) TimerEvent: {}
[1.003546] (-) TimerEvent: {}
[1.104289] (-) TimerEvent: {}
[1.205156] (-) TimerEvent: {}
[1.305879] (-) TimerEvent: {}
[1.406525] (-) TimerEvent: {}
[1.507189] (-) TimerEvent: {}
[1.607848] (-) TimerEvent: {}
[1.708500] (-) TimerEvent: {}
[1.809148] (-) TimerEvent: {}
[1.909793] (-) TimerEvent: {}
[2.010459] (-) TimerEvent: {}
[2.111313] (-) TimerEvent: {}
[2.213192] (-) TimerEvent: {}
[2.216656] (rf2o_laser_odometry) JobProgress: {'identifier': 'rf2o_laser_odometry', 'progress': 'cmake'}
[2.217762] (rf2o_laser_odometry) Command: {'cmd': ['/usr/bin/cmake', '/home/arno/RoombaV2Onboard/src/rf2o_laser_odometry', '-DCMAKE_INSTALL_PREFIX=/home/arno/RoombaV2Onboard/install/rf2o_laser_odometry'], 'cwd': '/home/arno/RoombaV2Onboard/build/rf2o_laser_odometry', 'env': OrderedDict([('LESSOPEN', '| /usr/bin/lesspipe %s'), ('USER', 'arno'), ('SSH_CLIENT', '192.168.222.158 53278 22'), ('LC_TIME', 'de_CH.UTF-8'), ('XDG_SESSION_TYPE', 'tty'), ('SHLVL', '1'), ('LD_LIBRARY_PATH', '/opt/ros/humble/opt/rviz_ogre_vendor/lib:/opt/ros/humble/lib/aarch64-linux-gnu:/opt/ros/humble/lib'), ('MOTD_SHOWN', 'pam'), ('HOME', '/home/arno'), ('OLDPWD', '/home/arno/RoombaV2Onboard/src/roombav2/roombav2'), ('SSH_TTY', '/dev/pts/0'), ('ROS_PYTHON_VERSION', '3'), ('LC_MONETARY', 'de_CH.UTF-8'), ('DBUS_SESSION_BUS_ADDRESS', 'unix:path=/run/user/1000/bus'), ('ROS_DISTRO', 'humble'), ('LOGNAME', 'arno'), ('_', '/usr/bin/colcon'), ('ROS_VERSION', '2'), ('XDG_SESSION_CLASS', 'user'), ('TERM', 'xterm-256color'), ('XDG_SESSION_ID', '1'), ('ROS_LOCALHOST_ONLY', '0'), ('PATH', '/opt/ros/humble/bin:/usr/local/sbin:/usr/local/bin:/usr/sbin:/usr/bin:/sbin:/bin:/usr/games:/usr/local/games:/snap/bin'), ('LC_ADDRESS', 'de_CH.UTF-8'), ('XDG_RUNTIME_DIR', '/run/user/1000'), ('LANG', 'en_US.UTF-8'), ('LC_TELEPHONE', 'de_CH.UTF-8'), ('LS_COLORS', 'rs=0:di=01;34:ln=01;36:mh=00:pi=40;33:so=01;35:do=01;35:bd=40;33;01:cd=40;33;01:or=40;31;01:mi=00:su=37;41:sg=30;43:ca=30;41:tw=30;42:ow=34;42:st=37;44:ex=01;32:*.tar=01;31:*.tgz=01;31:*.arc=01;31:*.arj=01;31:*.taz=01;31:*.lha=01;31:*.lz4=01;31:*.lzh=01;31:*.lzma=01;31:*.tlz=01;31:*.txz=01;31:*.tzo=01;31:*.t7z=01;31:*.zip=01;31:*.z=01;31:*.dz=01;31:*.gz=01;31:*.lrz=01;31:*.lz=01;31:*.lzo=01;31:*.xz=01;31:*.zst=01;31:*.tzst=01;31:*.bz2=01;31:*.bz=01;31:*.tbz=01;31:*.tbz2=01;31:*.tz=01;31:*.deb=01;31:*.rpm=01;31:*.jar=01;31:*.war=01;31:*.ear=01;31:*.sar=01;31:*.rar=01;31:*.alz=01;31:*.ace=01;31:*.zoo=01;31:*.cpio=01;31:*.7z=01;31:*.rz=01;31:*.cab=01;31:*.wim=01;31:*.swm=01;31:*.dwm=01;31:*.esd=01;31:*.jpg=01;35:*.jpeg=01;35:*.mjpg=01;35:*.mjpeg=01;35:*.gif=01;35:*.bmp=01;35:*.pbm=01;35:*.pgm=01;35:*.ppm=01;35:*.tga=01;35:*.xbm=01;35:*.xpm=01;35:*.tif=01;35:*.tiff=01;35:*.png=01;35:*.svg=01;35:*.svgz=01;35:*.mng=01;35:*.pcx=01;35:*.mov=01;35:*.mpg=01;35:*.mpeg=01;35:*.m2v=01;35:*.mkv=01;35:*.webm=01;35:*.webp=01;35:*.ogm=01;35:*.mp4=01;35:*.m4v=01;35:*.mp4v=01;35:*.vob=01;35:*.qt=01;35:*.nuv=01;35:*.wmv=01;35:*.asf=01;35:*.rm=01;35:*.rmvb=01;35:*.flc=01;35:*.avi=01;35:*.fli=01;35:*.flv=01;35:*.gl=01;35:*.dl=01;35:*.xcf=01;35:*.xwd=01;35:*.yuv=01;35:*.cgm=01;35:*.emf=01;35:*.ogv=01;35:*.ogx=01;35:*.aac=00;36:*.au=00;36:*.flac=00;36:*.m4a=00;36:*.mid=00;36:*.midi=00;36:*.mka=00;36:*.mp3=00;36:*.mpc=00;36:*.ogg=00;36:*.ra=00;36:*.wav=00;36:*.oga=00;36:*.opus=00;36:*.spx=00;36:*.xspf=00;36:'), ('AMENT_PREFIX_PATH', '/opt/ros/humble'), ('SHELL', '/bin/bash'), ('LC_NAME', 'de_CH.UTF-8'), ('LESSCLOSE', '/usr/bin/lesspipe %s %s'), ('LC_MEASUREMENT', 'de_CH.UTF-8'), ('LC_IDENTIFICATION', 'de_CH.UTF-8'), ('PWD', '/home/arno/RoombaV2Onboard/build/rf2o_laser_odometry'), ('LC_ALL', 'en_US.UTF-8'), ('SSH_CONNECTION', '192.168.222.158 53278 192.168.222.79 22'), ('XDG_DATA_DIRS', '/usr/local/share:/usr/share:/var/lib/snapd/desktop'), ('PYTHONPATH', '/opt/ros/humble/lib/python3.10/site-packages:/opt/ros/humble/local/lib/python3.10/dist-packages'), ('LC_NUMERIC', 'de_CH.UTF-8'), ('LC_PAPER', 'de_CH.UTF-8'), ('COLCON', '1'), ('CMAKE_PREFIX_PATH', '/opt/ros/humble')]), 'shell': False}
[2.313405] (-) TimerEvent: {}
[2.414171] (-) TimerEvent: {}
[2.514839] (-) TimerEvent: {}
[2.615676] (-) TimerEvent: {}
[2.716352] (-) TimerEvent: {}
[2.817066] (-) TimerEvent: {}
[2.917716] (-) TimerEvent: {}
[3.018346] (-) TimerEvent: {}
[3.119027] (-) TimerEvent: {}
[3.220145] (-) TimerEvent: {}
[3.300559] (rf2o_laser_odometry) StdoutLine: {'line': b'-- The C compiler identification is GNU 11.4.0\n'}
[3.320372] (-) TimerEvent: {}
[3.421762] (-) TimerEvent: {}
[3.523476] (-) TimerEvent: {}
[3.625202] (-) TimerEvent: {}
[3.727269] (-) TimerEvent: {}
[3.829572] (-) TimerEvent: {}
[3.932428] (-) TimerEvent: {}
[4.034242] (-) TimerEvent: {}
[4.056909] (rf2o_laser_odometry) StdoutLine: {'line': b'-- The CXX compiler identification is GNU 11.4.0\n'}
[4.109667] (rf2o_laser_odometry) StdoutLine: {'line': b'-- Detecting C compiler ABI info\n'}
[4.134492] (-) TimerEvent: {}
[4.236151] (-) TimerEvent: {}
[4.337862] (-) TimerEvent: {}
[4.439680] (-) TimerEvent: {}
[4.541109] (-) TimerEvent: {}
[4.572149] (rf2o_laser_odometry) StdoutLine: {'line': b'-- Detecting C compiler ABI info - done\n'}
[4.601873] (rf2o_laser_odometry) StdoutLine: {'line': b'-- Check for working C compiler: /usr/bin/cc - skipped\n'}
[4.606246] (rf2o_laser_odometry) StdoutLine: {'line': b'-- Detecting C compile features\n'}
[4.610548] (rf2o_laser_odometry) StdoutLine: {'line': b'-- Detecting C compile features - done\n'}
[4.631386] (rf2o_laser_odometry) StdoutLine: {'line': b'-- Detecting CXX compiler ABI info\n'}
[4.641385] (-) TimerEvent: {}
[4.743270] (-) TimerEvent: {}
[4.844127] (-) TimerEvent: {}
[4.945066] (-) TimerEvent: {}
[5.047308] (-) TimerEvent: {}
[5.091232] (rf2o_laser_odometry) StdoutLine: {'line': b'-- Detecting CXX compiler ABI info - done\n'}
[5.120750] (rf2o_laser_odometry) StdoutLine: {'line': b'-- Check for working CXX compiler: /usr/bin/c++ - skipped\n'}
[5.122217] (rf2o_laser_odometry) StdoutLine: {'line': b'-- Detecting CXX compile features\n'}
[5.125149] (rf2o_laser_odometry) StdoutLine: {'line': b'-- Detecting CXX compile features - done\n'}
[5.147504] (-) TimerEvent: {}
[5.161428] (rf2o_laser_odometry) StdoutLine: {'line': b'-- Found ament_cmake: 1.3.10 (/opt/ros/humble/share/ament_cmake/cmake)\n'}
[5.247673] (-) TimerEvent: {}
[5.348749] (-) TimerEvent: {}
[5.449662] (-) TimerEvent: {}
[5.550550] (-) TimerEvent: {}
[5.651734] (-) TimerEvent: {}
[5.753127] (-) TimerEvent: {}
[5.857013] (-) TimerEvent: {}
[5.961463] (-) TimerEvent: {}
[6.066249] (-) TimerEvent: {}
[6.167647] (-) TimerEvent: {}
[6.213639] (roombav2) Command: {'cmd': ['/usr/bin/python3', '-W', 'ignore:setup.py install is deprecated', 'setup.py', 'egg_info', '--egg-base', '../../build/roombav2', 'build', '--build-base', '/home/arno/RoombaV2Onboard/build/roombav2/build', 'install', '--record', '/home/arno/RoombaV2Onboard/build/roombav2/install.log', '--single-version-externally-managed', 'install_data'], 'cwd': '/home/arno/RoombaV2Onboard/src/roombav2', 'env': {'LESSOPEN': '| /usr/bin/lesspipe %s', 'USER': 'arno', 'SSH_CLIENT': '192.168.222.158 53278 22', 'LC_TIME': 'de_CH.UTF-8', 'XDG_SESSION_TYPE': 'tty', 'SHLVL': '1', 'LD_LIBRARY_PATH': '/opt/ros/humble/opt/rviz_ogre_vendor/lib:/opt/ros/humble/lib/aarch64-linux-gnu:/opt/ros/humble/lib', 'MOTD_SHOWN': 'pam', 'HOME': '/home/arno', 'OLDPWD': '/home/arno/RoombaV2Onboard/src/roombav2/roombav2', 'SSH_TTY': '/dev/pts/0', 'ROS_PYTHON_VERSION': '3', 'LC_MONETARY': 'de_CH.UTF-8', 'DBUS_SESSION_BUS_ADDRESS': 'unix:path=/run/user/1000/bus', 'ROS_DISTRO': 'humble', 'LOGNAME': 'arno', '_': '/usr/bin/colcon', 'ROS_VERSION': '2', 'XDG_SESSION_CLASS': 'user', 'TERM': 'xterm-256color', 'XDG_SESSION_ID': '1', 'ROS_LOCALHOST_ONLY': '0', 'PATH': '/opt/ros/humble/bin:/usr/local/sbin:/usr/local/bin:/usr/sbin:/usr/bin:/sbin:/bin:/usr/games:/usr/local/games:/snap/bin', 'LC_ADDRESS': 'de_CH.UTF-8', 'XDG_RUNTIME_DIR': '/run/user/1000', 'LANG': 'en_US.UTF-8', 'LC_TELEPHONE': 'de_CH.UTF-8', 'LS_COLORS': 'rs=0:di=01;34:ln=01;36:mh=00:pi=40;33:so=01;35:do=01;35:bd=40;33;01:cd=40;33;01:or=40;31;01:mi=00:su=37;41:sg=30;43:ca=30;41:tw=30;42:ow=34;42:st=37;44:ex=01;32:*.tar=01;31:*.tgz=01;31:*.arc=01;31:*.arj=01;31:*.taz=01;31:*.lha=01;31:*.lz4=01;31:*.lzh=01;31:*.lzma=01;31:*.tlz=01;31:*.txz=01;31:*.tzo=01;31:*.t7z=01;31:*.zip=01;31:*.z=01;31:*.dz=01;31:*.gz=01;31:*.lrz=01;31:*.lz=01;31:*.lzo=01;31:*.xz=01;31:*.zst=01;31:*.tzst=01;31:*.bz2=01;31:*.bz=01;31:*.tbz=01;31:*.tbz2=01;31:*.tz=01;31:*.deb=01;31:*.rpm=01;31:*.jar=01;31:*.war=01;31:*.ear=01;31:*.sar=01;31:*.rar=01;31:*.alz=01;31:*.ace=01;31:*.zoo=01;31:*.cpio=01;31:*.7z=01;31:*.rz=01;31:*.cab=01;31:*.wim=01;31:*.swm=01;31:*.dwm=01;31:*.esd=01;31:*.jpg=01;35:*.jpeg=01;35:*.mjpg=01;35:*.mjpeg=01;35:*.gif=01;35:*.bmp=01;35:*.pbm=01;35:*.pgm=01;35:*.ppm=01;35:*.tga=01;35:*.xbm=01;35:*.xpm=01;35:*.tif=01;35:*.tiff=01;35:*.png=01;35:*.svg=01;35:*.svgz=01;35:*.mng=01;35:*.pcx=01;35:*.mov=01;35:*.mpg=01;35:*.mpeg=01;35:*.m2v=01;35:*.mkv=01;35:*.webm=01;35:*.webp=01;35:*.ogm=01;35:*.mp4=01;35:*.m4v=01;35:*.mp4v=01;35:*.vob=01;35:*.qt=01;35:*.nuv=01;35:*.wmv=01;35:*.asf=01;35:*.rm=01;35:*.rmvb=01;35:*.flc=01;35:*.avi=01;35:*.fli=01;35:*.flv=01;35:*.gl=01;35:*.dl=01;35:*.xcf=01;35:*.xwd=01;35:*.yuv=01;35:*.cgm=01;35:*.emf=01;35:*.ogv=01;35:*.ogx=01;35:*.aac=00;36:*.au=00;36:*.flac=00;36:*.m4a=00;36:*.mid=00;36:*.midi=00;36:*.mka=00;36:*.mp3=00;36:*.mpc=00;36:*.ogg=00;36:*.ra=00;36:*.wav=00;36:*.oga=00;36:*.opus=00;36:*.spx=00;36:*.xspf=00;36:', 'AMENT_PREFIX_PATH': '/opt/ros/humble', 'SHELL': '/bin/bash', 'LC_NAME': 'de_CH.UTF-8', 'LESSCLOSE': '/usr/bin/lesspipe %s %s', 'LC_MEASUREMENT': 'de_CH.UTF-8', 'LC_IDENTIFICATION': 'de_CH.UTF-8', 'PWD': '/home/arno/RoombaV2Onboard/build/roombav2', 'LC_ALL': 'en_US.UTF-8', 'SSH_CONNECTION': '192.168.222.158 53278 192.168.222.79 22', 'XDG_DATA_DIRS': '/usr/local/share:/usr/share:/var/lib/snapd/desktop', 'PYTHONPATH': '/home/arno/RoombaV2Onboard/build/roombav2/prefix_override:/usr/lib/python3/dist-packages/colcon_core/task/python/colcon_distutils_commands:/home/arno/RoombaV2Onboard/install/roombav2/lib/python3.10/site-packages:/opt/ros/humble/lib/python3.10/site-packages:/opt/ros/humble/local/lib/python3.10/dist-packages', 'LC_NUMERIC': 'de_CH.UTF-8', 'LC_PAPER': 'de_CH.UTF-8', 'COLCON': '1'}, 'shell': False}
[6.240105] (mode_manager) Command: {'cmd': ['/usr/bin/python3', '-W', 'ignore:setup.py install is deprecated', 'setup.py', 'egg_info', '--egg-base', '../../build/mode_manager', 'build', '--build-base', '/home/arno/RoombaV2Onboard/build/mode_manager/build', 'install', '--record', '/home/arno/RoombaV2Onboard/build/mode_manager/install.log', '--single-version-externally-managed', 'install_data'], 'cwd': '/home/arno/RoombaV2Onboard/src/mode_manager', 'env': {'LESSOPEN': '| /usr/bin/lesspipe %s', 'USER': 'arno', 'SSH_CLIENT': '192.168.222.158 53278 22', 'LC_TIME': 'de_CH.UTF-8', 'XDG_SESSION_TYPE': 'tty', 'SHLVL': '1', 'LD_LIBRARY_PATH': '/opt/ros/humble/opt/rviz_ogre_vendor/lib:/opt/ros/humble/lib/aarch64-linux-gnu:/opt/ros/humble/lib', 'MOTD_SHOWN': 'pam', 'HOME': '/home/arno', 'OLDPWD': '/home/arno/RoombaV2Onboard/src/roombav2/roombav2', 'SSH_TTY': '/dev/pts/0', 'ROS_PYTHON_VERSION': '3', 'LC_MONETARY': 'de_CH.UTF-8', 'DBUS_SESSION_BUS_ADDRESS': 'unix:path=/run/user/1000/bus', 'ROS_DISTRO': 'humble', 'LOGNAME': 'arno', '_': '/usr/bin/colcon', 'ROS_VERSION': '2', 'XDG_SESSION_CLASS': 'user', 'TERM': 'xterm-256color', 'XDG_SESSION_ID': '1', 'ROS_LOCALHOST_ONLY': '0', 'PATH': '/opt/ros/humble/bin:/usr/local/sbin:/usr/local/bin:/usr/sbin:/usr/bin:/sbin:/bin:/usr/games:/usr/local/games:/snap/bin', 'LC_ADDRESS': 'de_CH.UTF-8', 'XDG_RUNTIME_DIR': '/run/user/1000', 'LANG': 'en_US.UTF-8', 'LC_TELEPHONE': 'de_CH.UTF-8', 'LS_COLORS': 'rs=0:di=01;34:ln=01;36:mh=00:pi=40;33:so=01;35:do=01;35:bd=40;33;01:cd=40;33;01:or=40;31;01:mi=00:su=37;41:sg=30;43:ca=30;41:tw=30;42:ow=34;42:st=37;44:ex=01;32:*.tar=01;31:*.tgz=01;31:*.arc=01;31:*.arj=01;31:*.taz=01;31:*.lha=01;31:*.lz4=01;31:*.lzh=01;31:*.lzma=01;31:*.tlz=01;31:*.txz=01;31:*.tzo=01;31:*.t7z=01;31:*.zip=01;31:*.z=01;31:*.dz=01;31:*.gz=01;31:*.lrz=01;31:*.lz=01;31:*.lzo=01;31:*.xz=01;31:*.zst=01;31:*.tzst=01;31:*.bz2=01;31:*.bz=01;31:*.tbz=01;31:*.tbz2=01;31:*.tz=01;31:*.deb=01;31:*.rpm=01;31:*.jar=01;31:*.war=01;31:*.ear=01;31:*.sar=01;31:*.rar=01;31:*.alz=01;31:*.ace=01;31:*.zoo=01;31:*.cpio=01;31:*.7z=01;31:*.rz=01;31:*.cab=01;31:*.wim=01;31:*.swm=01;31:*.dwm=01;31:*.esd=01;31:*.jpg=01;35:*.jpeg=01;35:*.mjpg=01;35:*.mjpeg=01;35:*.gif=01;35:*.bmp=01;35:*.pbm=01;35:*.pgm=01;35:*.ppm=01;35:*.tga=01;35:*.xbm=01;35:*.xpm=01;35:*.tif=01;35:*.tiff=01;35:*.png=01;35:*.svg=01;35:*.svgz=01;35:*.mng=01;35:*.pcx=01;35:*.mov=01;35:*.mpg=01;35:*.mpeg=01;35:*.m2v=01;35:*.mkv=01;35:*.webm=01;35:*.webp=01;35:*.ogm=01;35:*.mp4=01;35:*.m4v=01;35:*.mp4v=01;35:*.vob=01;35:*.qt=01;35:*.nuv=01;35:*.wmv=01;35:*.asf=01;35:*.rm=01;35:*.rmvb=01;35:*.flc=01;35:*.avi=01;35:*.fli=01;35:*.flv=01;35:*.gl=01;35:*.dl=01;35:*.xcf=01;35:*.xwd=01;35:*.yuv=01;35:*.cgm=01;35:*.emf=01;35:*.ogv=01;35:*.ogx=01;35:*.aac=00;36:*.au=00;36:*.flac=00;36:*.m4a=00;36:*.mid=00;36:*.midi=00;36:*.mka=00;36:*.mp3=00;36:*.mpc=00;36:*.ogg=00;36:*.ra=00;36:*.wav=00;36:*.oga=00;36:*.opus=00;36:*.spx=00;36:*.xspf=00;36:', 'AMENT_PREFIX_PATH': '/opt/ros/humble', 'SHELL': '/bin/bash', 'LC_NAME': 'de_CH.UTF-8', 'LESSCLOSE': '/usr/bin/lesspipe %s %s', 'LC_MEASUREMENT': 'de_CH.UTF-8', 'LC_IDENTIFICATION': 'de_CH.UTF-8', 'PWD': '/home/arno/RoombaV2Onboard/build/mode_manager', 'LC_ALL': 'en_US.UTF-8', 'SSH_CONNECTION': '192.168.222.158 53278 192.168.222.79 22', 'XDG_DATA_DIRS': '/usr/local/share:/usr/share:/var/lib/snapd/desktop', 'PYTHONPATH': '/home/arno/RoombaV2Onboard/build/mode_manager/prefix_override:/usr/lib/python3/dist-packages/colcon_core/task/python/colcon_distutils_commands:/home/arno/RoombaV2Onboard/install/mode_manager/lib/python3.10/site-packages:/opt/ros/humble/lib/python3.10/site-packages:/opt/ros/humble/local/lib/python3.10/dist-packages', 'LC_NUMERIC': 'de_CH.UTF-8', 'LC_PAPER': 'de_CH.UTF-8', 'COLCON': '1'}, 'shell': False}
[6.259775] (RoverReceive) Command: {'cmd': ['/usr/bin/python3', '-W', 'ignore:setup.py install is deprecated', 'setup.py', 'egg_info', '--egg-base', '../../build/RoverReceive', 'build', '--build-base', '/home/arno/RoombaV2Onboard/build/RoverReceive/build', 'install', '--record', '/home/arno/RoombaV2Onboard/build/RoverReceive/install.log', '--single-version-externally-managed', 'install_data'], 'cwd': '/home/arno/RoombaV2Onboard/src/RoverReceive', 'env': {'LESSOPEN': '| /usr/bin/lesspipe %s', 'USER': 'arno', 'SSH_CLIENT': '192.168.222.158 53278 22', 'LC_TIME': 'de_CH.UTF-8', 'XDG_SESSION_TYPE': 'tty', 'SHLVL': '1', 'LD_LIBRARY_PATH': '/opt/ros/humble/opt/rviz_ogre_vendor/lib:/opt/ros/humble/lib/aarch64-linux-gnu:/opt/ros/humble/lib', 'MOTD_SHOWN': 'pam', 'HOME': '/home/arno', 'OLDPWD': '/home/arno/RoombaV2Onboard/src/roombav2/roombav2', 'SSH_TTY': '/dev/pts/0', 'ROS_PYTHON_VERSION': '3', 'LC_MONETARY': 'de_CH.UTF-8', 'DBUS_SESSION_BUS_ADDRESS': 'unix:path=/run/user/1000/bus', 'ROS_DISTRO': 'humble', 'LOGNAME': 'arno', '_': '/usr/bin/colcon', 'ROS_VERSION': '2', 'XDG_SESSION_CLASS': 'user', 'TERM': 'xterm-256color', 'XDG_SESSION_ID': '1', 'ROS_LOCALHOST_ONLY': '0', 'PATH': '/opt/ros/humble/bin:/usr/local/sbin:/usr/local/bin:/usr/sbin:/usr/bin:/sbin:/bin:/usr/games:/usr/local/games:/snap/bin', 'LC_ADDRESS': 'de_CH.UTF-8', 'XDG_RUNTIME_DIR': '/run/user/1000', 'LANG': 'en_US.UTF-8', 'LC_TELEPHONE': 'de_CH.UTF-8', 'LS_COLORS': 'rs=0:di=01;34:ln=01;36:mh=00:pi=40;33:so=01;35:do=01;35:bd=40;33;01:cd=40;33;01:or=40;31;01:mi=00:su=37;41:sg=30;43:ca=30;41:tw=30;42:ow=34;42:st=37;44:ex=01;32:*.tar=01;31:*.tgz=01;31:*.arc=01;31:*.arj=01;31:*.taz=01;31:*.lha=01;31:*.lz4=01;31:*.lzh=01;31:*.lzma=01;31:*.tlz=01;31:*.txz=01;31:*.tzo=01;31:*.t7z=01;31:*.zip=01;31:*.z=01;31:*.dz=01;31:*.gz=01;31:*.lrz=01;31:*.lz=01;31:*.lzo=01;31:*.xz=01;31:*.zst=01;31:*.tzst=01;31:*.bz2=01;31:*.bz=01;31:*.tbz=01;31:*.tbz2=01;31:*.tz=01;31:*.deb=01;31:*.rpm=01;31:*.jar=01;31:*.war=01;31:*.ear=01;31:*.sar=01;31:*.rar=01;31:*.alz=01;31:*.ace=01;31:*.zoo=01;31:*.cpio=01;31:*.7z=01;31:*.rz=01;31:*.cab=01;31:*.wim=01;31:*.swm=01;31:*.dwm=01;31:*.esd=01;31:*.jpg=01;35:*.jpeg=01;35:*.mjpg=01;35:*.mjpeg=01;35:*.gif=01;35:*.bmp=01;35:*.pbm=01;35:*.pgm=01;35:*.ppm=01;35:*.tga=01;35:*.xbm=01;35:*.xpm=01;35:*.tif=01;35:*.tiff=01;35:*.png=01;35:*.svg=01;35:*.svgz=01;35:*.mng=01;35:*.pcx=01;35:*.mov=01;35:*.mpg=01;35:*.mpeg=01;35:*.m2v=01;35:*.mkv=01;35:*.webm=01;35:*.webp=01;35:*.ogm=01;35:*.mp4=01;35:*.m4v=01;35:*.mp4v=01;35:*.vob=01;35:*.qt=01;35:*.nuv=01;35:*.wmv=01;35:*.asf=01;35:*.rm=01;35:*.rmvb=01;35:*.flc=01;35:*.avi=01;35:*.fli=01;35:*.flv=01;35:*.gl=01;35:*.dl=01;35:*.xcf=01;35:*.xwd=01;35:*.yuv=01;35:*.cgm=01;35:*.emf=01;35:*.ogv=01;35:*.ogx=01;35:*.aac=00;36:*.au=00;36:*.flac=00;36:*.m4a=00;36:*.mid=00;36:*.midi=00;36:*.mka=00;36:*.mp3=00;36:*.mpc=00;36:*.ogg=00;36:*.ra=00;36:*.wav=00;36:*.oga=00;36:*.opus=00;36:*.spx=00;36:*.xspf=00;36:', 'AMENT_PREFIX_PATH': '/opt/ros/humble', 'SHELL': '/bin/bash', 'LC_NAME': 'de_CH.UTF-8', 'LESSCLOSE': '/usr/bin/lesspipe %s %s', 'LC_MEASUREMENT': 'de_CH.UTF-8', 'LC_IDENTIFICATION': 'de_CH.UTF-8', 'PWD': '/home/arno/RoombaV2Onboard/build/RoverReceive', 'LC_ALL': 'en_US.UTF-8', 'SSH_CONNECTION': '192.168.222.158 53278 192.168.222.79 22', 'XDG_DATA_DIRS': '/usr/local/share:/usr/share:/var/lib/snapd/desktop', 'PYTHONPATH': '/home/arno/RoombaV2Onboard/build/RoverReceive/prefix_override:/usr/lib/python3/dist-packages/colcon_core/task/python/colcon_distutils_commands:/home/arno/RoombaV2Onboard/install/RoverReceive/lib/python3.10/site-packages:/opt/ros/humble/lib/python3.10/site-packages:/opt/ros/humble/local/lib/python3.10/dist-packages', 'LC_NUMERIC': 'de_CH.UTF-8', 'LC_PAPER': 'de_CH.UTF-8', 'COLCON': '1'}, 'shell': False}
[6.293163] (-) TimerEvent: {}
[6.293876] (rf2o_laser_odometry) StdoutLine: {'line': b'-- Found Python3: /usr/bin/python3 (found version "3.10.12") found components: Interpreter \n'}
[6.393445] (-) TimerEvent: {}
[6.494318] (-) TimerEvent: {}
[6.595244] (-) TimerEvent: {}
[6.696275] (-) TimerEvent: {}
[6.797903] (-) TimerEvent: {}
[6.898736] (-) TimerEvent: {}
[6.999641] (-) TimerEvent: {}
[7.038837] (rf2o_laser_odometry) StdoutLine: {'line': b'-- Found rclcpp: 16.0.10 (/opt/ros/humble/share/rclcpp/cmake)\n'}
[7.099886] (-) TimerEvent: {}
[7.200898] (-) TimerEvent: {}
[7.302211] (-) TimerEvent: {}
[7.403107] (-) TimerEvent: {}
[7.488038] (rf2o_laser_odometry) StdoutLine: {'line': b'-- Found rosidl_generator_c: 3.1.5 (/opt/ros/humble/share/rosidl_generator_c/cmake)\n'}
[7.503340] (-) TimerEvent: {}
[7.548821] (rf2o_laser_odometry) StdoutLine: {'line': b'-- Found rosidl_adapter: 3.1.5 (/opt/ros/humble/share/rosidl_adapter/cmake)\n'}
[7.603500] (-) TimerEvent: {}
[7.634129] (rf2o_laser_odometry) StdoutLine: {'line': b'-- Found rosidl_generator_cpp: 3.1.5 (/opt/ros/humble/share/rosidl_generator_cpp/cmake)\n'}
[7.681958] (mode_manager) StdoutLine: {'line': b'running egg_info\n'}
[7.685531] (mode_manager) StdoutLine: {'line': b'creating ../../build/mode_manager/mode_manager.egg-info\n'}
[7.686511] (mode_manager) StdoutLine: {'line': b'writing ../../build/mode_manager/mode_manager.egg-info/PKG-INFO\n'}
[7.689392] (mode_manager) StdoutLine: {'line': b'writing dependency_links to ../../build/mode_manager/mode_manager.egg-info/dependency_links.txt\n'}
[7.691788] (mode_manager) StdoutLine: {'line': b'writing entry points to ../../build/mode_manager/mode_manager.egg-info/entry_points.txt\n'}
[7.693975] (mode_manager) StdoutLine: {'line': b'writing requirements to ../../build/mode_manager/mode_manager.egg-info/requires.txt\n'}
[7.695927] (mode_manager) StdoutLine: {'line': b'writing top-level names to ../../build/mode_manager/mode_manager.egg-info/top_level.txt\n'}
[7.698251] (roombav2) StdoutLine: {'line': b'running egg_info\n'}
[7.699706] (mode_manager) StdoutLine: {'line': b"writing manifest file '../../build/mode_manager/mode_manager.egg-info/SOURCES.txt'\n"}
[7.701390] (roombav2) StdoutLine: {'line': b'creating ../../build/roombav2/roombav2.egg-info\n'}
[7.702505] (roombav2) StdoutLine: {'line': b'writing ../../build/roombav2/roombav2.egg-info/PKG-INFO\n'}
[7.703258] (RoverReceive) StdoutLine: {'line': b'running egg_info\n'}
[7.703979] (-) TimerEvent: {}
[7.705915] (roombav2) StdoutLine: {'line': b'writing dependency_links to ../../build/roombav2/roombav2.egg-info/dependency_links.txt\n'}
[7.707128] (roombav2) StdoutLine: {'line': b'writing entry points to ../../build/roombav2/roombav2.egg-info/entry_points.txt\n'}
[7.707753] (RoverReceive) StdoutLine: {'line': b'creating ../../build/RoverReceive/RoverReceive.egg-info\n'}
[7.708659] (roombav2) StdoutLine: {'line': b'writing requirements to ../../build/roombav2/roombav2.egg-info/requires.txt\n'}
[7.709225] (RoverReceive) StdoutLine: {'line': b'writing ../../build/RoverReceive/RoverReceive.egg-info/PKG-INFO\n'}
[7.710431] (roombav2) StdoutLine: {'line': b'writing top-level names to ../../build/roombav2/roombav2.egg-info/top_level.txt\n'}
[7.711176] (roombav2) StdoutLine: {'line': b"writing manifest file '../../build/roombav2/roombav2.egg-info/SOURCES.txt'\n"}
[7.712019] (RoverReceive) StdoutLine: {'line': b'writing dependency_links to ../../build/RoverReceive/RoverReceive.egg-info/dependency_links.txt\n'}
[7.713013] (RoverReceive) StdoutLine: {'line': b'writing entry points to ../../build/RoverReceive/RoverReceive.egg-info/entry_points.txt\n'}
[7.713697] (mode_manager) StdoutLine: {'line': b"reading manifest file '../../build/mode_manager/mode_manager.egg-info/SOURCES.txt'\n"}
[7.715780] (RoverReceive) StdoutLine: {'line': b'writing requirements to ../../build/RoverReceive/RoverReceive.egg-info/requires.txt\n'}
[7.721129] (RoverReceive) StdoutLine: {'line': b'writing top-level names to ../../build/RoverReceive/RoverReceive.egg-info/top_level.txt\n'}
[7.723371] (mode_manager) StdoutLine: {'line': b"writing manifest file '../../build/mode_manager/mode_manager.egg-info/SOURCES.txt'\n"}
[7.724381] (mode_manager) StdoutLine: {'line': b'running build\n'}
[7.725418] (mode_manager) StdoutLine: {'line': b'running build_py\n'}
[7.727230] (RoverReceive) StdoutLine: {'line': b"writing manifest file '../../build/RoverReceive/RoverReceive.egg-info/SOURCES.txt'\n"}
[7.728225] (roombav2) StdoutLine: {'line': b"reading manifest file '../../build/roombav2/roombav2.egg-info/SOURCES.txt'\n"}
[7.728778] (mode_manager) StdoutLine: {'line': b'creating /home/arno/RoombaV2Onboard/build/mode_manager/build\n'}
[7.729899] (mode_manager) StdoutLine: {'line': b'creating /home/arno/RoombaV2Onboard/build/mode_manager/build/lib\n'}
[7.730934] (mode_manager) StdoutLine: {'line': b'creating /home/arno/RoombaV2Onboard/build/mode_manager/build/lib/mode_manager\n'}
[7.731779] (mode_manager) StdoutLine: {'line': b'copying mode_manager/__init__.py -> /home/arno/RoombaV2Onboard/build/mode_manager/build/lib/mode_manager\n'}
[7.732229] (mode_manager) StdoutLine: {'line': b'copying mode_manager/mode_manager.py -> /home/arno/RoombaV2Onboard/build/mode_manager/build/lib/mode_manager\n'}
[7.732644] (roombav2) StdoutLine: {'line': b"writing manifest file '../../build/roombav2/roombav2.egg-info/SOURCES.txt'\n"}
[7.733080] (roombav2) StdoutLine: {'line': b'running build\n'}
[7.733768] (roombav2) StdoutLine: {'line': b'running build_py\n'}
[7.734484] (roombav2) StdoutLine: {'line': b'creating /home/arno/RoombaV2Onboard/build/roombav2/build\n'}
[7.735443] (roombav2) StdoutLine: {'line': b'creating /home/arno/RoombaV2Onboard/build/roombav2/build/lib\n'}
[7.736175] (roombav2) StdoutLine: {'line': b'creating /home/arno/RoombaV2Onboard/build/roombav2/build/lib/roombav2\n'}
[7.736617] (mode_manager) StdoutLine: {'line': b'running install\n'}
[7.737095] (roombav2) StdoutLine: {'line': b'copying roombav2/encoder_reader.py -> /home/arno/RoombaV2Onboard/build/roombav2/build/lib/roombav2\n'}
[7.737664] (RoverReceive) StdoutLine: {'line': b"reading manifest file '../../build/RoverReceive/RoverReceive.egg-info/SOURCES.txt'\n"}
[7.738441] (RoverReceive) StdoutLine: {'line': b"adding license file 'LICENSE'\n"}
[7.738930] (roombav2) StdoutLine: {'line': b'copying roombav2/__init__.py -> /home/arno/RoombaV2Onboard/build/roombav2/build/lib/roombav2\n'}
[7.739863] (mode_manager) StdoutLine: {'line': b'running install_lib\n'}
[7.740375] (roombav2) StdoutLine: {'line': b'copying roombav2/motor_control.py -> /home/arno/RoombaV2Onboard/build/roombav2/build/lib/roombav2\n'}
[7.740865] (roombav2) StdoutLine: {'line': b'copying roombav2/joystick_motor_controller.py -> /home/arno/RoombaV2Onboard/build/roombav2/build/lib/roombav2\n'}
[7.741269] (roombav2) StdoutLine: {'line': b'copying roombav2/nav2_motor_controller.py -> /home/arno/RoombaV2Onboard/build/roombav2/build/lib/roombav2\n'}
[7.741666] (mode_manager) StdoutLine: {'line': b'creating /home/arno/RoombaV2Onboard/install/mode_manager/lib/python3.10/site-packages/mode_manager\n'}
[7.742047] (mode_manager) StdoutLine: {'line': b'copying /home/arno/RoombaV2Onboard/build/mode_manager/build/lib/mode_manager/__init__.py -> /home/arno/RoombaV2Onboard/install/mode_manager/lib/python3.10/site-packages/mode_manager\n'}
[7.742385] (roombav2) StdoutLine: {'line': b'copying roombav2/pwm_open_loop.py -> /home/arno/RoombaV2Onboard/build/roombav2/build/lib/roombav2\n'}
[7.742957] (mode_manager) StdoutLine: {'line': b'copying /home/arno/RoombaV2Onboard/build/mode_manager/build/lib/mode_manager/mode_manager.py -> /home/arno/RoombaV2Onboard/install/mode_manager/lib/python3.10/site-packages/mode_manager\n'}
[7.743842] (roombav2) StdoutLine: {'line': b'copying roombav2/system_info.py -> /home/arno/RoombaV2Onboard/build/roombav2/build/lib/roombav2\n'}
[7.744684] (roombav2) StdoutLine: {'line': b'running install\n'}
[7.745389] (roombav2) StdoutLine: {'line': b'running install_lib\n'}
[7.745855] (roombav2) StdoutLine: {'line': b'creating /home/arno/RoombaV2Onboard/install/roombav2/lib/python3.10/site-packages/roombav2\n'}
[7.747335] (roombav2) StdoutLine: {'line': b'copying /home/arno/RoombaV2Onboard/build/roombav2/build/lib/roombav2/encoder_reader.py -> /home/arno/RoombaV2Onboard/install/roombav2/lib/python3.10/site-packages/roombav2\n'}
[7.748216] (RoverReceive) StdoutLine: {'line': b"writing manifest file '../../build/RoverReceive/RoverReceive.egg-info/SOURCES.txt'\n"}
[7.748997] (roombav2) StdoutLine: {'line': b'copying /home/arno/RoombaV2Onboard/build/roombav2/build/lib/roombav2/__init__.py -> /home/arno/RoombaV2Onboard/install/roombav2/lib/python3.10/site-packages/roombav2\n'}
[7.749552] (RoverReceive) StdoutLine: {'line': b'running build\n'}
[7.750022] (RoverReceive) StdoutLine: {'line': b'running build_py\n'}
[7.750559] (roombav2) StdoutLine: {'line': b'copying /home/arno/RoombaV2Onboard/build/roombav2/build/lib/roombav2/motor_control.py -> /home/arno/RoombaV2Onboard/install/roombav2/lib/python3.10/site-packages/roombav2\n'}
[7.751221] (roombav2) StdoutLine: {'line': b'copying /home/arno/RoombaV2Onboard/build/roombav2/build/lib/roombav2/joystick_motor_controller.py -> /home/arno/RoombaV2Onboard/install/roombav2/lib/python3.10/site-packages/roombav2\n'}
[7.752166] (RoverReceive) StdoutLine: {'line': b'creating /home/arno/RoombaV2Onboard/build/RoverReceive/build\n'}
[7.753339] (RoverReceive) StdoutLine: {'line': b'creating /home/arno/RoombaV2Onboard/build/RoverReceive/build/lib\n'}
[7.754281] (RoverReceive) StdoutLine: {'line': b'creating /home/arno/RoombaV2Onboard/build/RoverReceive/build/lib/RoverReceive\n'}
[7.755582] (roombav2) StdoutLine: {'line': b'copying /home/arno/RoombaV2Onboard/build/roombav2/build/lib/roombav2/nav2_motor_controller.py -> /home/arno/RoombaV2Onboard/install/roombav2/lib/python3.10/site-packages/roombav2\n'}
[7.756256] (mode_manager) StdoutLine: {'line': b'byte-compiling /home/arno/RoombaV2Onboard/install/mode_manager/lib/python3.10/site-packages/mode_manager/__init__.py to __init__.cpython-310.pyc\n'}
[7.757132] (roombav2) StdoutLine: {'line': b'copying /home/arno/RoombaV2Onboard/build/roombav2/build/lib/roombav2/pwm_open_loop.py -> /home/arno/RoombaV2Onboard/install/roombav2/lib/python3.10/site-packages/roombav2\n'}
[7.757656] (roombav2) StdoutLine: {'line': b'copying /home/arno/RoombaV2Onboard/build/roombav2/build/lib/roombav2/system_info.py -> /home/arno/RoombaV2Onboard/install/roombav2/lib/python3.10/site-packages/roombav2\n'}
[7.758528] (mode_manager) StdoutLine: {'line': b'byte-compiling /home/arno/RoombaV2Onboard/install/mode_manager/lib/python3.10/site-packages/mode_manager/mode_manager.py to mode_manager.cpython-310.pyc\n'}
[7.759020] (roombav2) StdoutLine: {'line': b'byte-compiling /home/arno/RoombaV2Onboard/install/roombav2/lib/python3.10/site-packages/roombav2/encoder_reader.py to encoder_reader.cpython-310.pyc\n'}
[7.760458] (mode_manager) StdoutLine: {'line': b'running install_data\n'}
[7.761331] (mode_manager) StdoutLine: {'line': b'creating /home/arno/RoombaV2Onboard/install/mode_manager/share/ament_index\n'}
[7.761869] (mode_manager) StdoutLine: {'line': b'creating /home/arno/RoombaV2Onboard/install/mode_manager/share/ament_index/resource_index\n'}
[7.762327] (mode_manager) StdoutLine: {'line': b'creating /home/arno/RoombaV2Onboard/install/mode_manager/share/ament_index/resource_index/packages\n'}
[7.763015] (mode_manager) StdoutLine: {'line': b'copying resource/mode_manager -> /home/arno/RoombaV2Onboard/install/mode_manager/share/ament_index/resource_index/packages\n'}
[7.763860] (mode_manager) StdoutLine: {'line': b'copying package.xml -> /home/arno/RoombaV2Onboard/install/mode_manager/share/mode_manager\n'}
[7.764486] (mode_manager) StdoutLine: {'line': b'running install_egg_info\n'}
[7.765433] (roombav2) StdoutLine: {'line': b'byte-compiling /home/arno/RoombaV2Onboard/install/roombav2/lib/python3.10/site-packages/roombav2/__init__.py to __init__.cpython-310.pyc\n'}
[7.766066] (roombav2) StdoutLine: {'line': b'byte-compiling /home/arno/RoombaV2Onboard/install/roombav2/lib/python3.10/site-packages/roombav2/motor_control.py to motor_control.cpython-310.pyc\n'}
[7.766586] (roombav2) StdoutLine: {'line': b'byte-compiling /home/arno/RoombaV2Onboard/install/roombav2/lib/python3.10/site-packages/roombav2/joystick_motor_controller.py to joystick_motor_controller.cpython-310.pyc\n'}
[7.767054] (RoverReceive) StdoutLine: {'line': b'copying RoverReceive/__init__.py -> /home/arno/RoombaV2Onboard/build/RoverReceive/build/lib/RoverReceive\n'}
[7.768099] (RoverReceive) StdoutLine: {'line': b'copying RoverReceive/receive_node.py -> /home/arno/RoombaV2Onboard/build/RoverReceive/build/lib/RoverReceive\n'}
[7.768923] (RoverReceive) StdoutLine: {'line': b'running install\n'}
[7.769812] (RoverReceive) StdoutLine: {'line': b'running install_lib\n'}
[7.770593] (roombav2) StdoutLine: {'line': b'byte-compiling /home/arno/RoombaV2Onboard/install/roombav2/lib/python3.10/site-packages/roombav2/nav2_motor_controller.py to nav2_motor_controller.cpython-310.pyc\n'}
[7.771537] (RoverReceive) StdoutLine: {'line': b'creating /home/arno/RoombaV2Onboard/install/RoverReceive/lib/python3.10/site-packages/RoverReceive\n'}
[7.772284] (RoverReceive) StdoutLine: {'line': b'copying /home/arno/RoombaV2Onboard/build/RoverReceive/build/lib/RoverReceive/__init__.py -> /home/arno/RoombaV2Onboard/install/RoverReceive/lib/python3.10/site-packages/RoverReceive\n'}
[7.773021] (RoverReceive) StdoutLine: {'line': b'copying /home/arno/RoombaV2Onboard/build/RoverReceive/build/lib/RoverReceive/receive_node.py -> /home/arno/RoombaV2Onboard/install/RoverReceive/lib/python3.10/site-packages/RoverReceive\n'}
[7.774346] (roombav2) StdoutLine: {'line': b'byte-compiling /home/arno/RoombaV2Onboard/install/roombav2/lib/python3.10/site-packages/roombav2/pwm_open_loop.py to pwm_open_loop.cpython-310.pyc\n'}
[7.775191] (RoverReceive) StdoutLine: {'line': b'byte-compiling /home/arno/RoombaV2Onboard/install/RoverReceive/lib/python3.10/site-packages/RoverReceive/__init__.py to __init__.cpython-310.pyc\n'}
[7.777106] (mode_manager) StdoutLine: {'line': b'Copying ../../build/mode_manager/mode_manager.egg-info to /home/arno/RoombaV2Onboard/install/mode_manager/lib/python3.10/site-packages/mode_manager-0.0.0-py3.10.egg-info\n'}
[7.778801] (roombav2) StdoutLine: {'line': b'byte-compiling /home/arno/RoombaV2Onboard/install/roombav2/lib/python3.10/site-packages/roombav2/system_info.py to system_info.cpython-310.pyc\n'}
[7.782122] (roombav2) StdoutLine: {'line': b'running install_data\n'}
[7.784224] (roombav2) StdoutLine: {'line': b'creating /home/arno/RoombaV2Onboard/install/roombav2/share/ament_index\n'}
[7.784894] (roombav2) StdoutLine: {'line': b'creating /home/arno/RoombaV2Onboard/install/roombav2/share/ament_index/resource_index\n'}
[7.785847] (roombav2) StdoutLine: {'line': b'creating /home/arno/RoombaV2Onboard/install/roombav2/share/ament_index/resource_index/packages\n'}
[7.786838] (RoverReceive) StdoutLine: {'line': b'byte-compiling /home/arno/RoombaV2Onboard/install/RoverReceive/lib/python3.10/site-packages/RoverReceive/receive_node.py to receive_node.cpython-310.pyc\n'}
[7.787802] (roombav2) StdoutLine: {'line': b'copying resource/roombav2 -> /home/arno/RoombaV2Onboard/install/roombav2/share/ament_index/resource_index/packages\n'}
[7.788582] (roombav2) StdoutLine: {'line': b'copying package.xml -> /home/arno/RoombaV2Onboard/install/roombav2/share/roombav2\n'}
[7.789754] (roombav2) StdoutLine: {'line': b'copying roombav2/encoder_reader.py -> /home/arno/RoombaV2Onboard/install/roombav2/share/roombav2\n'}
[7.790648] (RoverReceive) StdoutLine: {'line': b'running install_data\n'}
[7.791413] (roombav2) StdoutLine: {'line': b'copying roombav2/joystick_motor_controller.py -> /home/arno/RoombaV2Onboard/install/roombav2/share/roombav2\n'}
[7.792147] (RoverReceive) StdoutLine: {'line': b'creating /home/arno/RoombaV2Onboard/install/RoverReceive/share/ament_index\n'}
[7.792913] (roombav2) StdoutLine: {'line': b'copying roombav2/nav2_motor_controller.py -> /home/arno/RoombaV2Onboard/install/roombav2/share/roombav2\n'}
[7.793406] (RoverReceive) StdoutLine: {'line': b'creating /home/arno/RoombaV2Onboard/install/RoverReceive/share/ament_index/resource_index\n'}
[7.794201] (roombav2) StdoutLine: {'line': b'copying roombav2/system_info.py -> /home/arno/RoombaV2Onboard/install/roombav2/share/roombav2\n'}
[7.794667] (RoverReceive) StdoutLine: {'line': b'creating /home/arno/RoombaV2Onboard/install/RoverReceive/share/ament_index/resource_index/packages\n'}
[7.795185] (roombav2) StdoutLine: {'line': b'copying roombav2/pwm_open_loop.py -> /home/arno/RoombaV2Onboard/install/roombav2/share/roombav2\n'}
[7.795688] (rf2o_laser_odometry) StdoutLine: {'line': b'-- Using all available rosidl_typesupport_c: rosidl_typesupport_fastrtps_c;rosidl_typesupport_introspection_c\n'}
[7.796174] (RoverReceive) StdoutLine: {'line': b'copying resource/RoverReceive -> /home/arno/RoombaV2Onboard/install/RoverReceive/share/ament_index/resource_index/packages\n'}
[7.796650] (roombav2) StdoutLine: {'line': b'creating /home/arno/RoombaV2Onboard/install/roombav2/share/roombav2/launch\n'}
[7.797176] (roombav2) StdoutLine: {'line': b'copying launch/nav2_bringup.launch.py -> /home/arno/RoombaV2Onboard/install/roombav2/share/roombav2/launch\n'}
[7.797753] (RoverReceive) StdoutLine: {'line': b'copying package.xml -> /home/arno/RoombaV2Onboard/install/RoverReceive/share/RoverReceive\n'}
[7.798391] (roombav2) StdoutLine: {'line': b'copying launch/microver.launch.py -> /home/arno/RoombaV2Onboard/install/roombav2/share/roombav2/launch\n'}
[7.799291] (RoverReceive) StdoutLine: {'line': b'running install_egg_info\n'}
[7.799983] (mode_manager) StdoutLine: {'line': b'running install_scripts\n'}
[7.800850] (roombav2) StdoutLine: {'line': b'creating /home/arno/RoombaV2Onboard/install/roombav2/share/roombav2/config\n'}
[7.801709] (roombav2) StdoutLine: {'line': b'copying config/amcl_params.yaml -> /home/arno/RoombaV2Onboard/install/roombav2/share/roombav2/config\n'}
[7.802888] (RoverReceive) StdoutLine: {'line': b'Copying ../../build/RoverReceive/RoverReceive.egg-info to /home/arno/RoombaV2Onboard/install/RoverReceive/lib/python3.10/site-packages/RoverReceive-0.0.0-py3.10.egg-info\n'}
[7.804205] (-) TimerEvent: {}
[7.810880] (RoverReceive) StdoutLine: {'line': b'running install_scripts\n'}
[7.812502] (roombav2) StdoutLine: {'line': b'copying config/costmap_params.yaml -> /home/arno/RoombaV2Onboard/install/roombav2/share/roombav2/config\n'}
[7.814629] (roombav2) StdoutLine: {'line': b'copying config/planner_params.yaml -> /home/arno/RoombaV2Onboard/install/roombav2/share/roombav2/config\n'}
[7.816284] (roombav2) StdoutLine: {'line': b'copying config/slam_toolbox_params.yaml -> /home/arno/RoombaV2Onboard/install/roombav2/share/roombav2/config\n'}
[7.818256] (roombav2) StdoutLine: {'line': b'copying config/ekf.yaml -> /home/arno/RoombaV2Onboard/install/roombav2/share/roombav2/config\n'}
[7.819941] (roombav2) StdoutLine: {'line': b'copying config/twist_mux.yaml -> /home/arno/RoombaV2Onboard/install/roombav2/share/roombav2/config\n'}
[7.821594] (roombav2) StdoutLine: {'line': b'creating /home/arno/RoombaV2Onboard/install/roombav2/share/roombav2/models\n'}
[7.822509] (roombav2) StdoutLine: {'line': b'copying models/microver.urdf.xacro -> /home/arno/RoombaV2Onboard/install/roombav2/share/roombav2/models\n'}
[7.824106] (roombav2) StdoutLine: {'line': b'copying models/constants.xacro -> /home/arno/RoombaV2Onboard/install/roombav2/share/roombav2/models\n'}
[7.826747] (roombav2) StdoutLine: {'line': b'copying models/inertial_macros.xacro -> /home/arno/RoombaV2Onboard/install/roombav2/share/roombav2/models\n'}
[7.827663] (roombav2) StdoutLine: {'line': b'running install_egg_info\n'}
[7.837926] (roombav2) StdoutLine: {'line': b'Copying ../../build/roombav2/roombav2.egg-info to /home/arno/RoombaV2Onboard/install/roombav2/lib/python3.10/site-packages/roombav2-0.0.0-py3.10.egg-info\n'}
[7.846720] (roombav2) StdoutLine: {'line': b'running install_scripts\n'}
[7.904494] (-) TimerEvent: {}
[7.906006] (mode_manager) StdoutLine: {'line': b'Installing mode_manager script to /home/arno/RoombaV2Onboard/install/mode_manager/lib/mode_manager\n'}
[7.907810] (mode_manager) StdoutLine: {'line': b"writing list of installed files to '/home/arno/RoombaV2Onboard/build/mode_manager/install.log'\n"}
[7.947630] (RoverReceive) StdoutLine: {'line': b'Installing receive_node script to /home/arno/RoombaV2Onboard/install/RoverReceive/lib/RoverReceive\n'}
[7.951452] (RoverReceive) StdoutLine: {'line': b"writing list of installed files to '/home/arno/RoombaV2Onboard/build/RoverReceive/install.log'\n"}
[7.983296] (rf2o_laser_odometry) StdoutLine: {'line': b'-- Using all available rosidl_typesupport_cpp: rosidl_typesupport_fastrtps_cpp;rosidl_typesupport_introspection_cpp\n'}
[7.990959] (roombav2) StdoutLine: {'line': b'Installing encoder_reader script to /home/arno/RoombaV2Onboard/install/roombav2/lib/roombav2\n'}
[7.992072] (roombav2) StdoutLine: {'line': b'Installing joystick_motor_controller script to /home/arno/RoombaV2Onboard/install/roombav2/lib/roombav2\n'}
[7.993268] (roombav2) StdoutLine: {'line': b'Installing nav2_motor_controller script to /home/arno/RoombaV2Onboard/install/roombav2/lib/roombav2\n'}
[7.994607] (roombav2) StdoutLine: {'line': b'Installing pwm_open_loop script to /home/arno/RoombaV2Onboard/install/roombav2/lib/roombav2\n'}
[7.996175] (roombav2) StdoutLine: {'line': b'Installing system_info script to /home/arno/RoombaV2Onboard/install/roombav2/lib/roombav2\n'}
[7.999577] (roombav2) StdoutLine: {'line': b"writing list of installed files to '/home/arno/RoombaV2Onboard/build/roombav2/install.log'\n"}
[8.004900] (-) TimerEvent: {}
[8.108068] (-) TimerEvent: {}
[8.158402] (mode_manager) CommandEnded: {'returncode': 0}
[8.208365] (-) TimerEvent: {}
[8.262342] (mode_manager) JobEnded: {'identifier': 'mode_manager', 'rc': 0}
[8.268528] (sllidar_ros2) JobStarted: {'identifier': 'sllidar_ros2'}
[8.284486] (RoverReceive) CommandEnded: {'returncode': 0}
[8.308594] (-) TimerEvent: {}
[8.314657] (RoverReceive) JobEnded: {'identifier': 'RoverReceive', 'rc': 0}
[8.317137] (roombav2) CommandEnded: {'returncode': 0}
[8.343489] (roombav2) JobEnded: {'identifier': 'roombav2', 'rc': 0}
[8.348378] (sllidar_ros2) JobProgress: {'identifier': 'sllidar_ros2', 'progress': 'cmake'}
[8.349184] (sllidar_ros2) Command: {'cmd': ['/usr/bin/cmake', '/home/arno/RoombaV2Onboard/src/sllidar_ros2', '-DCMAKE_INSTALL_PREFIX=/home/arno/RoombaV2Onboard/install/sllidar_ros2'], 'cwd': '/home/arno/RoombaV2Onboard/build/sllidar_ros2', 'env': OrderedDict([('LESSOPEN', '| /usr/bin/lesspipe %s'), ('USER', 'arno'), ('SSH_CLIENT', '192.168.222.158 53278 22'), ('LC_TIME', 'de_CH.UTF-8'), ('XDG_SESSION_TYPE', 'tty'), ('SHLVL', '1'), ('LD_LIBRARY_PATH', '/opt/ros/humble/opt/rviz_ogre_vendor/lib:/opt/ros/humble/lib/aarch64-linux-gnu:/opt/ros/humble/lib'), ('MOTD_SHOWN', 'pam'), ('HOME', '/home/arno'), ('OLDPWD', '/home/arno/RoombaV2Onboard/src/roombav2/roombav2'), ('SSH_TTY', '/dev/pts/0'), ('ROS_PYTHON_VERSION', '3'), ('LC_MONETARY', 'de_CH.UTF-8'), ('DBUS_SESSION_BUS_ADDRESS', 'unix:path=/run/user/1000/bus'), ('ROS_DISTRO', 'humble'), ('LOGNAME', 'arno'), ('_', '/usr/bin/colcon'), ('ROS_VERSION', '2'), ('XDG_SESSION_CLASS', 'user'), ('TERM', 'xterm-256color'), ('XDG_SESSION_ID', '1'), ('ROS_LOCALHOST_ONLY', '0'), ('PATH', '/opt/ros/humble/bin:/usr/local/sbin:/usr/local/bin:/usr/sbin:/usr/bin:/sbin:/bin:/usr/games:/usr/local/games:/snap/bin'), ('LC_ADDRESS', 'de_CH.UTF-8'), ('XDG_RUNTIME_DIR', '/run/user/1000'), ('LANG', 'en_US.UTF-8'), ('LC_TELEPHONE', 'de_CH.UTF-8'), ('LS_COLORS', 'rs=0:di=01;34:ln=01;36:mh=00:pi=40;33:so=01;35:do=01;35:bd=40;33;01:cd=40;33;01:or=40;31;01:mi=00:su=37;41:sg=30;43:ca=30;41:tw=30;42:ow=34;42:st=37;44:ex=01;32:*.tar=01;31:*.tgz=01;31:*.arc=01;31:*.arj=01;31:*.taz=01;31:*.lha=01;31:*.lz4=01;31:*.lzh=01;31:*.lzma=01;31:*.tlz=01;31:*.txz=01;31:*.tzo=01;31:*.t7z=01;31:*.zip=01;31:*.z=01;31:*.dz=01;31:*.gz=01;31:*.lrz=01;31:*.lz=01;31:*.lzo=01;31:*.xz=01;31:*.zst=01;31:*.tzst=01;31:*.bz2=01;31:*.bz=01;31:*.tbz=01;31:*.tbz2=01;31:*.tz=01;31:*.deb=01;31:*.rpm=01;31:*.jar=01;31:*.war=01;31:*.ear=01;31:*.sar=01;31:*.rar=01;31:*.alz=01;31:*.ace=01;31:*.zoo=01;31:*.cpio=01;31:*.7z=01;31:*.rz=01;31:*.cab=01;31:*.wim=01;31:*.swm=01;31:*.dwm=01;31:*.esd=01;31:*.jpg=01;35:*.jpeg=01;35:*.mjpg=01;35:*.mjpeg=01;35:*.gif=01;35:*.bmp=01;35:*.pbm=01;35:*.pgm=01;35:*.ppm=01;35:*.tga=01;35:*.xbm=01;35:*.xpm=01;35:*.tif=01;35:*.tiff=01;35:*.png=01;35:*.svg=01;35:*.svgz=01;35:*.mng=01;35:*.pcx=01;35:*.mov=01;35:*.mpg=01;35:*.mpeg=01;35:*.m2v=01;35:*.mkv=01;35:*.webm=01;35:*.webp=01;35:*.ogm=01;35:*.mp4=01;35:*.m4v=01;35:*.mp4v=01;35:*.vob=01;35:*.qt=01;35:*.nuv=01;35:*.wmv=01;35:*.asf=01;35:*.rm=01;35:*.rmvb=01;35:*.flc=01;35:*.avi=01;35:*.fli=01;35:*.flv=01;35:*.gl=01;35:*.dl=01;35:*.xcf=01;35:*.xwd=01;35:*.yuv=01;35:*.cgm=01;35:*.emf=01;35:*.ogv=01;35:*.ogx=01;35:*.aac=00;36:*.au=00;36:*.flac=00;36:*.m4a=00;36:*.mid=00;36:*.midi=00;36:*.mka=00;36:*.mp3=00;36:*.mpc=00;36:*.ogg=00;36:*.ra=00;36:*.wav=00;36:*.oga=00;36:*.opus=00;36:*.spx=00;36:*.xspf=00;36:'), ('AMENT_PREFIX_PATH', '/opt/ros/humble'), ('SHELL', '/bin/bash'), ('LC_NAME', 'de_CH.UTF-8'), ('LESSCLOSE', '/usr/bin/lesspipe %s %s'), ('LC_MEASUREMENT', 'de_CH.UTF-8'), ('LC_IDENTIFICATION', 'de_CH.UTF-8'), ('PWD', '/home/arno/RoombaV2Onboard/build/sllidar_ros2'), ('LC_ALL', 'en_US.UTF-8'), ('SSH_CONNECTION', '192.168.222.158 53278 192.168.222.79 22'), ('XDG_DATA_DIRS', '/usr/local/share:/usr/share:/var/lib/snapd/desktop'), ('PYTHONPATH', '/opt/ros/humble/lib/python3.10/site-packages:/opt/ros/humble/local/lib/python3.10/dist-packages'), ('LC_NUMERIC', 'de_CH.UTF-8'), ('LC_PAPER', 'de_CH.UTF-8'), ('COLCON', '1'), ('CMAKE_PREFIX_PATH', '/opt/ros/humble')]), 'shell': False}
[8.408821] (-) TimerEvent: {}
[8.480101] (rf2o_laser_odometry) StdoutLine: {'line': b'-- Found rmw_implementation_cmake: 6.1.2 (/opt/ros/humble/share/rmw_implementation_cmake/cmake)\n'}
[8.508975] (-) TimerEvent: {}
[8.561621] (rf2o_laser_odometry) StdoutLine: {'line': b'-- Found rmw_fastrtps_cpp: 6.2.7 (/opt/ros/humble/share/rmw_fastrtps_cpp/cmake)\n'}
[8.591605] (sllidar_ros2) StdoutLine: {'line': b'-- The C compiler identification is GNU 11.4.0\n'}
[8.609194] (-) TimerEvent: {}
[8.710002] (-) TimerEvent: {}
[8.810801] (-) TimerEvent: {}
[8.835220] (sllidar_ros2) StdoutLine: {'line': b'-- The CXX compiler identification is GNU 11.4.0\n'}
[8.865799] (sllidar_ros2) StdoutLine: {'line': b'-- Detecting C compiler ABI info\n'}
[8.910970] (-) TimerEvent: {}
[9.011697] (-) TimerEvent: {}
[9.112639] (-) TimerEvent: {}
[9.165044] (sllidar_ros2) StdoutLine: {'line': b'-- Detecting C compiler ABI info - done\n'}
[9.189595] (sllidar_ros2) StdoutLine: {'line': b'-- Check for working C compiler: /usr/bin/cc - skipped\n'}
[9.190434] (sllidar_ros2) StdoutLine: {'line': b'-- Detecting C compile features\n'}
[9.192075] (sllidar_ros2) StdoutLine: {'line': b'-- Detecting C compile features - done\n'}
[9.202584] (sllidar_ros2) StdoutLine: {'line': b'-- Detecting CXX compiler ABI info\n'}
[9.212825] (-) TimerEvent: {}
[9.313851] (-) TimerEvent: {}
[9.415290] (-) TimerEvent: {}
[9.516644] (-) TimerEvent: {}
[9.586473] (sllidar_ros2) StdoutLine: {'line': b'-- Detecting CXX compiler ABI info - done\n'}
[9.592916] (rf2o_laser_odometry) StdoutLine: {'line': b'-- Found OpenSSL: /usr/lib/aarch64-linux-gnu/libcrypto.so (found version "3.0.2")  \n'}
[9.613591] (sllidar_ros2) StdoutLine: {'line': b'-- Check for working CXX compiler: /usr/bin/c++ - skipped\n'}
[9.614396] (sllidar_ros2) StdoutLine: {'line': b'-- Detecting CXX compile features\n'}
[9.616024] (sllidar_ros2) StdoutLine: {'line': b'-- Detecting CXX compile features - done\n'}
[9.616730] (-) TimerEvent: {}
[9.641665] (sllidar_ros2) StdoutLine: {'line': b'-- Found ament_cmake: 1.3.10 (/opt/ros/humble/share/ament_cmake/cmake)\n'}
[9.716890] (-) TimerEvent: {}
[9.802697] (rf2o_laser_odometry) StdoutLine: {'line': b'-- Found FastRTPS: /opt/ros/humble/include  \n'}
[9.817215] (-) TimerEvent: {}
[9.918517] (-) TimerEvent: {}
[10.019529] (-) TimerEvent: {}
[10.120302] (-) TimerEvent: {}
[10.139460] (rf2o_laser_odometry) StdoutLine: {'line': b"-- Using RMW implementation 'rmw_fastrtps_cpp' as default\n"}
[10.220477] (-) TimerEvent: {}
[10.230172] (rf2o_laser_odometry) StdoutLine: {'line': b'-- Looking for pthread.h\n'}
[10.320665] (-) TimerEvent: {}
[10.349174] (sllidar_ros2) StdoutLine: {'line': b'-- Found Python3: /usr/bin/python3 (found version "3.10.12") found components: Interpreter \n'}
[10.420861] (-) TimerEvent: {}
[10.521729] (-) TimerEvent: {}
[10.590533] (rf2o_laser_odometry) StdoutLine: {'line': b'-- Looking for pthread.h - found\n'}
[10.592537] (rf2o_laser_odometry) StdoutLine: {'line': b'-- Performing Test CMAKE_HAVE_LIBC_PTHREAD\n'}
[10.622064] (-) TimerEvent: {}
[10.723458] (-) TimerEvent: {}
[10.824236] (-) TimerEvent: {}
[10.914814] (rf2o_laser_odometry) StdoutLine: {'line': b'-- Performing Test CMAKE_HAVE_LIBC_PTHREAD - Success\n'}
[10.918493] (rf2o_laser_odometry) StdoutLine: {'line': b'-- Found Threads: TRUE  \n'}
[10.924391] (-) TimerEvent: {}
[10.931648] (sllidar_ros2) StdoutLine: {'line': b'-- Found rclcpp: 16.0.10 (/opt/ros/humble/share/rclcpp/cmake)\n'}
[11.024569] (-) TimerEvent: {}
[11.125363] (-) TimerEvent: {}
[11.226078] (-) TimerEvent: {}
[11.235654] (rf2o_laser_odometry) StdoutLine: {'line': b'-- Found geometry_msgs: 4.2.4 (/opt/ros/humble/share/geometry_msgs/cmake)\n'}
[11.257123] (sllidar_ros2) StdoutLine: {'line': b'-- Found rosidl_generator_c: 3.1.5 (/opt/ros/humble/share/rosidl_generator_c/cmake)\n'}
[11.300411] (sllidar_ros2) StdoutLine: {'line': b'-- Found rosidl_adapter: 3.1.5 (/opt/ros/humble/share/rosidl_adapter/cmake)\n'}
[11.315043] (rf2o_laser_odometry) StdoutLine: {'line': b'-- Found tf2_geometry_msgs: 0.25.7 (/opt/ros/humble/share/tf2_geometry_msgs/cmake)\n'}
[11.326237] (-) TimerEvent: {}
[11.356467] (sllidar_ros2) StdoutLine: {'line': b'-- Found rosidl_generator_cpp: 3.1.5 (/opt/ros/humble/share/rosidl_generator_cpp/cmake)\n'}
[11.426454] (-) TimerEvent: {}
[11.427054] (sllidar_ros2) StdoutLine: {'line': b'-- Using all available rosidl_typesupport_c: rosidl_typesupport_fastrtps_c;rosidl_typesupport_introspection_c\n'}
[11.457458] (rf2o_laser_odometry) StdoutLine: {'line': b'-- Found eigen3_cmake_module: 0.1.1 (/opt/ros/humble/share/eigen3_cmake_module/cmake)\n'}
[11.463916] (rf2o_laser_odometry) StdoutLine: {'line': b'-- Found Eigen3: TRUE (found version "3.4.0") \n'}
[11.464552] (rf2o_laser_odometry) StdoutLine: {'line': b'-- Ensuring Eigen3 include directory is part of orocos-kdl CMake target\n'}
[11.525878] (sllidar_ros2) StdoutLine: {'line': b'-- Using all available rosidl_typesupport_cpp: rosidl_typesupport_fastrtps_cpp;rosidl_typesupport_introspection_cpp\n'}
[11.526556] (-) TimerEvent: {}
[11.627228] (-) TimerEvent: {}
[11.727956] (-) TimerEvent: {}
[11.803223] (sllidar_ros2) StdoutLine: {'line': b'-- Found rmw_implementation_cmake: 6.1.2 (/opt/ros/humble/share/rmw_implementation_cmake/cmake)\n'}
[11.824840] (sllidar_ros2) StdoutLine: {'line': b'-- Found rmw_fastrtps_cpp: 6.2.7 (/opt/ros/humble/share/rmw_fastrtps_cpp/cmake)\n'}
[11.828084] (-) TimerEvent: {}
[11.929091] (-) TimerEvent: {}
[12.030196] (-) TimerEvent: {}
[12.130995] (-) TimerEvent: {}
[12.155255] (rf2o_laser_odometry) StdoutLine: {'line': b'-- Found sensor_msgs: 4.2.4 (/opt/ros/humble/share/sensor_msgs/cmake)\n'}
[12.231249] (-) TimerEvent: {}
[12.271519] (rf2o_laser_odometry) StdoutLine: {'line': b'-- Found nav_msgs: 4.2.4 (/opt/ros/humble/share/nav_msgs/cmake)\n'}
[12.305591] (sllidar_ros2) StdoutLine: {'line': b'-- Found OpenSSL: /usr/lib/aarch64-linux-gnu/libcrypto.so (found version "3.0.2")  \n'}
[12.331400] (-) TimerEvent: {}
[12.421471] (rf2o_laser_odometry) StdoutLine: {'line': b'-- Found Boost: /usr/lib/aarch64-linux-gnu/cmake/Boost-1.74.0/BoostConfig.cmake (found version "1.74.0")  \n'}
[12.431550] (-) TimerEvent: {}
[12.505965] (sllidar_ros2) StdoutLine: {'line': b'-- Found FastRTPS: /opt/ros/humble/include  \n'}
[12.531675] (-) TimerEvent: {}
[12.632831] (-) TimerEvent: {}
[12.734068] (-) TimerEvent: {}
[12.749878] (rf2o_laser_odometry) StdoutLine: {'line': b'-- Configuring done\n'}
[12.834297] (-) TimerEvent: {}
[12.838739] (sllidar_ros2) StdoutLine: {'line': b"-- Using RMW implementation 'rmw_fastrtps_cpp' as default\n"}
[12.850275] (rf2o_laser_odometry) StdoutLine: {'line': b'-- Generating done\n'}
[12.858116] (rf2o_laser_odometry) StdoutLine: {'line': b'-- Build files have been written to: /home/arno/RoombaV2Onboard/build/rf2o_laser_odometry\n'}
[12.902931] (rf2o_laser_odometry) CommandEnded: {'returncode': 0}
[12.904811] (rf2o_laser_odometry) JobProgress: {'identifier': 'rf2o_laser_odometry', 'progress': 'build'}
[12.907338] (rf2o_laser_odometry) Command: {'cmd': ['/usr/bin/cmake', '--build', '/home/arno/RoombaV2Onboard/build/rf2o_laser_odometry', '--', '-j4', '-l4'], 'cwd': '/home/arno/RoombaV2Onboard/build/rf2o_laser_odometry', 'env': OrderedDict([('LESSOPEN', '| /usr/bin/lesspipe %s'), ('USER', 'arno'), ('SSH_CLIENT', '192.168.222.158 53278 22'), ('LC_TIME', 'de_CH.UTF-8'), ('XDG_SESSION_TYPE', 'tty'), ('SHLVL', '1'), ('LD_LIBRARY_PATH', '/opt/ros/humble/opt/rviz_ogre_vendor/lib:/opt/ros/humble/lib/aarch64-linux-gnu:/opt/ros/humble/lib'), ('MOTD_SHOWN', 'pam'), ('HOME', '/home/arno'), ('OLDPWD', '/home/arno/RoombaV2Onboard/src/roombav2/roombav2'), ('SSH_TTY', '/dev/pts/0'), ('ROS_PYTHON_VERSION', '3'), ('LC_MONETARY', 'de_CH.UTF-8'), ('DBUS_SESSION_BUS_ADDRESS', 'unix:path=/run/user/1000/bus'), ('ROS_DISTRO', 'humble'), ('LOGNAME', 'arno'), ('_', '/usr/bin/colcon'), ('ROS_VERSION', '2'), ('XDG_SESSION_CLASS', 'user'), ('TERM', 'xterm-256color'), ('XDG_SESSION_ID', '1'), ('ROS_LOCALHOST_ONLY', '0'), ('PATH', '/opt/ros/humble/bin:/usr/local/sbin:/usr/local/bin:/usr/sbin:/usr/bin:/sbin:/bin:/usr/games:/usr/local/games:/snap/bin'), ('LC_ADDRESS', 'de_CH.UTF-8'), ('XDG_RUNTIME_DIR', '/run/user/1000'), ('LANG', 'en_US.UTF-8'), ('LC_TELEPHONE', 'de_CH.UTF-8'), ('LS_COLORS', 'rs=0:di=01;34:ln=01;36:mh=00:pi=40;33:so=01;35:do=01;35:bd=40;33;01:cd=40;33;01:or=40;31;01:mi=00:su=37;41:sg=30;43:ca=30;41:tw=30;42:ow=34;42:st=37;44:ex=01;32:*.tar=01;31:*.tgz=01;31:*.arc=01;31:*.arj=01;31:*.taz=01;31:*.lha=01;31:*.lz4=01;31:*.lzh=01;31:*.lzma=01;31:*.tlz=01;31:*.txz=01;31:*.tzo=01;31:*.t7z=01;31:*.zip=01;31:*.z=01;31:*.dz=01;31:*.gz=01;31:*.lrz=01;31:*.lz=01;31:*.lzo=01;31:*.xz=01;31:*.zst=01;31:*.tzst=01;31:*.bz2=01;31:*.bz=01;31:*.tbz=01;31:*.tbz2=01;31:*.tz=01;31:*.deb=01;31:*.rpm=01;31:*.jar=01;31:*.war=01;31:*.ear=01;31:*.sar=01;31:*.rar=01;31:*.alz=01;31:*.ace=01;31:*.zoo=01;31:*.cpio=01;31:*.7z=01;31:*.rz=01;31:*.cab=01;31:*.wim=01;31:*.swm=01;31:*.dwm=01;31:*.esd=01;31:*.jpg=01;35:*.jpeg=01;35:*.mjpg=01;35:*.mjpeg=01;35:*.gif=01;35:*.bmp=01;35:*.pbm=01;35:*.pgm=01;35:*.ppm=01;35:*.tga=01;35:*.xbm=01;35:*.xpm=01;35:*.tif=01;35:*.tiff=01;35:*.png=01;35:*.svg=01;35:*.svgz=01;35:*.mng=01;35:*.pcx=01;35:*.mov=01;35:*.mpg=01;35:*.mpeg=01;35:*.m2v=01;35:*.mkv=01;35:*.webm=01;35:*.webp=01;35:*.ogm=01;35:*.mp4=01;35:*.m4v=01;35:*.mp4v=01;35:*.vob=01;35:*.qt=01;35:*.nuv=01;35:*.wmv=01;35:*.asf=01;35:*.rm=01;35:*.rmvb=01;35:*.flc=01;35:*.avi=01;35:*.fli=01;35:*.flv=01;35:*.gl=01;35:*.dl=01;35:*.xcf=01;35:*.xwd=01;35:*.yuv=01;35:*.cgm=01;35:*.emf=01;35:*.ogv=01;35:*.ogx=01;35:*.aac=00;36:*.au=00;36:*.flac=00;36:*.m4a=00;36:*.mid=00;36:*.midi=00;36:*.mka=00;36:*.mp3=00;36:*.mpc=00;36:*.ogg=00;36:*.ra=00;36:*.wav=00;36:*.oga=00;36:*.opus=00;36:*.spx=00;36:*.xspf=00;36:'), ('AMENT_PREFIX_PATH', '/opt/ros/humble'), ('SHELL', '/bin/bash'), ('LC_NAME', 'de_CH.UTF-8'), ('LESSCLOSE', '/usr/bin/lesspipe %s %s'), ('LC_MEASUREMENT', 'de_CH.UTF-8'), ('LC_IDENTIFICATION', 'de_CH.UTF-8'), ('PWD', '/home/arno/RoombaV2Onboard/build/rf2o_laser_odometry'), ('LC_ALL', 'en_US.UTF-8'), ('SSH_CONNECTION', '192.168.222.158 53278 192.168.222.79 22'), ('XDG_DATA_DIRS', '/usr/local/share:/usr/share:/var/lib/snapd/desktop'), ('PYTHONPATH', '/opt/ros/humble/lib/python3.10/site-packages:/opt/ros/humble/local/lib/python3.10/dist-packages'), ('LC_NUMERIC', 'de_CH.UTF-8'), ('LC_PAPER', 'de_CH.UTF-8'), ('COLCON', '1'), ('CMAKE_PREFIX_PATH', '/opt/ros/humble')]), 'shell': False}
[12.915538] (sllidar_ros2) StdoutLine: {'line': b'-- Looking for pthread.h\n'}
[12.934533] (-) TimerEvent: {}
[13.035354] (-) TimerEvent: {}
[13.122554] (rf2o_laser_odometry) StdoutLine: {'line': b'[ 20%] \x1b[32mBuilding CXX object CMakeFiles/rf2o_laser_odometry.dir/src/CLaserOdometry2D.cpp.o\x1b[0m\n'}
[13.126523] (rf2o_laser_odometry) StdoutLine: {'line': b'[ 40%] \x1b[32mBuilding CXX object CMakeFiles/rf2o_laser_odometry_node.dir/src/CLaserOdometry2DNode.cpp.o\x1b[0m\n'}
[13.128705] (rf2o_laser_odometry) StdoutLine: {'line': b'[ 60%] \x1b[32mBuilding CXX object CMakeFiles/rf2o_laser_odometry_node.dir/src/CLaserOdometry2D.cpp.o\x1b[0m\n'}
[13.135585] (-) TimerEvent: {}
[13.236838] (-) TimerEvent: {}
[13.259234] (sllidar_ros2) StdoutLine: {'line': b'-- Looking for pthread.h - found\n'}
[13.261215] (sllidar_ros2) StdoutLine: {'line': b'-- Performing Test CMAKE_HAVE_LIBC_PTHREAD\n'}
[13.337032] (-) TimerEvent: {}
[13.437796] (-) TimerEvent: {}
[13.539246] (-) TimerEvent: {}
[13.580756] (sllidar_ros2) StdoutLine: {'line': b'-- Performing Test CMAKE_HAVE_LIBC_PTHREAD - Success\n'}
[13.585279] (sllidar_ros2) StdoutLine: {'line': b'-- Found Threads: TRUE  \n'}
[13.639424] (-) TimerEvent: {}
[13.740137] (-) TimerEvent: {}
[13.827027] (sllidar_ros2) StdoutLine: {'line': b'-- Found sensor_msgs: 4.2.4 (/opt/ros/humble/share/sensor_msgs/cmake)\n'}
[13.840281] (-) TimerEvent: {}
[13.940945] (-) TimerEvent: {}
[14.041768] (-) TimerEvent: {}
[14.048933] (sllidar_ros2) StdoutLine: {'line': b'-- Found std_srvs: 4.2.4 (/opt/ros/humble/share/std_srvs/cmake)\n'}
[14.142022] (-) TimerEvent: {}
[14.243272] (-) TimerEvent: {}
[14.345458] (-) TimerEvent: {}
[14.446807] (-) TimerEvent: {}
[14.548056] (-) TimerEvent: {}
[14.704165] (-) TimerEvent: {}
[14.807310] (-) TimerEvent: {}
[14.908412] (-) TimerEvent: {}
[15.009114] (-) TimerEvent: {}
[15.109869] (-) TimerEvent: {}
[15.202236] (sllidar_ros2) StdoutLine: {'line': b'-- Configuring done\n'}
[15.209993] (-) TimerEvent: {}
[15.310635] (-) TimerEvent: {}
[15.317865] (sllidar_ros2) StdoutLine: {'line': b'-- Generating done\n'}
[15.324987] (sllidar_ros2) StdoutLine: {'line': b'-- Build files have been written to: /home/arno/RoombaV2Onboard/build/sllidar_ros2\n'}
[15.358215] (sllidar_ros2) CommandEnded: {'returncode': 0}
[15.359996] (sllidar_ros2) JobProgress: {'identifier': 'sllidar_ros2', 'progress': 'build'}
[15.360922] (sllidar_ros2) Command: {'cmd': ['/usr/bin/cmake', '--build', '/home/arno/RoombaV2Onboard/build/sllidar_ros2', '--', '-j4', '-l4'], 'cwd': '/home/arno/RoombaV2Onboard/build/sllidar_ros2', 'env': OrderedDict([('LESSOPEN', '| /usr/bin/lesspipe %s'), ('USER', 'arno'), ('SSH_CLIENT', '192.168.222.158 53278 22'), ('LC_TIME', 'de_CH.UTF-8'), ('XDG_SESSION_TYPE', 'tty'), ('SHLVL', '1'), ('LD_LIBRARY_PATH', '/opt/ros/humble/opt/rviz_ogre_vendor/lib:/opt/ros/humble/lib/aarch64-linux-gnu:/opt/ros/humble/lib'), ('MOTD_SHOWN', 'pam'), ('HOME', '/home/arno'), ('OLDPWD', '/home/arno/RoombaV2Onboard/src/roombav2/roombav2'), ('SSH_TTY', '/dev/pts/0'), ('ROS_PYTHON_VERSION', '3'), ('LC_MONETARY', 'de_CH.UTF-8'), ('DBUS_SESSION_BUS_ADDRESS', 'unix:path=/run/user/1000/bus'), ('ROS_DISTRO', 'humble'), ('LOGNAME', 'arno'), ('_', '/usr/bin/colcon'), ('ROS_VERSION', '2'), ('XDG_SESSION_CLASS', 'user'), ('TERM', 'xterm-256color'), ('XDG_SESSION_ID', '1'), ('ROS_LOCALHOST_ONLY', '0'), ('PATH', '/opt/ros/humble/bin:/usr/local/sbin:/usr/local/bin:/usr/sbin:/usr/bin:/sbin:/bin:/usr/games:/usr/local/games:/snap/bin'), ('LC_ADDRESS', 'de_CH.UTF-8'), ('XDG_RUNTIME_DIR', '/run/user/1000'), ('LANG', 'en_US.UTF-8'), ('LC_TELEPHONE', 'de_CH.UTF-8'), ('LS_COLORS', 'rs=0:di=01;34:ln=01;36:mh=00:pi=40;33:so=01;35:do=01;35:bd=40;33;01:cd=40;33;01:or=40;31;01:mi=00:su=37;41:sg=30;43:ca=30;41:tw=30;42:ow=34;42:st=37;44:ex=01;32:*.tar=01;31:*.tgz=01;31:*.arc=01;31:*.arj=01;31:*.taz=01;31:*.lha=01;31:*.lz4=01;31:*.lzh=01;31:*.lzma=01;31:*.tlz=01;31:*.txz=01;31:*.tzo=01;31:*.t7z=01;31:*.zip=01;31:*.z=01;31:*.dz=01;31:*.gz=01;31:*.lrz=01;31:*.lz=01;31:*.lzo=01;31:*.xz=01;31:*.zst=01;31:*.tzst=01;31:*.bz2=01;31:*.bz=01;31:*.tbz=01;31:*.tbz2=01;31:*.tz=01;31:*.deb=01;31:*.rpm=01;31:*.jar=01;31:*.war=01;31:*.ear=01;31:*.sar=01;31:*.rar=01;31:*.alz=01;31:*.ace=01;31:*.zoo=01;31:*.cpio=01;31:*.7z=01;31:*.rz=01;31:*.cab=01;31:*.wim=01;31:*.swm=01;31:*.dwm=01;31:*.esd=01;31:*.jpg=01;35:*.jpeg=01;35:*.mjpg=01;35:*.mjpeg=01;35:*.gif=01;35:*.bmp=01;35:*.pbm=01;35:*.pgm=01;35:*.ppm=01;35:*.tga=01;35:*.xbm=01;35:*.xpm=01;35:*.tif=01;35:*.tiff=01;35:*.png=01;35:*.svg=01;35:*.svgz=01;35:*.mng=01;35:*.pcx=01;35:*.mov=01;35:*.mpg=01;35:*.mpeg=01;35:*.m2v=01;35:*.mkv=01;35:*.webm=01;35:*.webp=01;35:*.ogm=01;35:*.mp4=01;35:*.m4v=01;35:*.mp4v=01;35:*.vob=01;35:*.qt=01;35:*.nuv=01;35:*.wmv=01;35:*.asf=01;35:*.rm=01;35:*.rmvb=01;35:*.flc=01;35:*.avi=01;35:*.fli=01;35:*.flv=01;35:*.gl=01;35:*.dl=01;35:*.xcf=01;35:*.xwd=01;35:*.yuv=01;35:*.cgm=01;35:*.emf=01;35:*.ogv=01;35:*.ogx=01;35:*.aac=00;36:*.au=00;36:*.flac=00;36:*.m4a=00;36:*.mid=00;36:*.midi=00;36:*.mka=00;36:*.mp3=00;36:*.mpc=00;36:*.ogg=00;36:*.ra=00;36:*.wav=00;36:*.oga=00;36:*.opus=00;36:*.spx=00;36:*.xspf=00;36:'), ('AMENT_PREFIX_PATH', '/opt/ros/humble'), ('SHELL', '/bin/bash'), ('LC_NAME', 'de_CH.UTF-8'), ('LESSCLOSE', '/usr/bin/lesspipe %s %s'), ('LC_MEASUREMENT', 'de_CH.UTF-8'), ('LC_IDENTIFICATION', 'de_CH.UTF-8'), ('PWD', '/home/arno/RoombaV2Onboard/build/sllidar_ros2'), ('LC_ALL', 'en_US.UTF-8'), ('SSH_CONNECTION', '192.168.222.158 53278 192.168.222.79 22'), ('XDG_DATA_DIRS', '/usr/local/share:/usr/share:/var/lib/snapd/desktop'), ('PYTHONPATH', '/opt/ros/humble/lib/python3.10/site-packages:/opt/ros/humble/local/lib/python3.10/dist-packages'), ('LC_NUMERIC', 'de_CH.UTF-8'), ('LC_PAPER', 'de_CH.UTF-8'), ('COLCON', '1'), ('CMAKE_PREFIX_PATH', '/opt/ros/humble')]), 'shell': False}
[15.410927] (-) TimerEvent: {}
[15.511835] (-) TimerEvent: {}
[15.568549] (sllidar_ros2) StdoutLine: {'line': b'[  5%] \x1b[32mBuilding CXX object CMakeFiles/sllidar_client.dir/src/sllidar_client.cpp.o\x1b[0m\n'}
[15.575335] (sllidar_ros2) StdoutLine: {'line': b'[ 10%] \x1b[32mBuilding CXX object CMakeFiles/sllidar_node.dir/sdk/src/arch/linux/net_serial.cpp.o\x1b[0m\n'}
[15.582314] (sllidar_ros2) StdoutLine: {'line': b'[ 15%] \x1b[32mBuilding CXX object CMakeFiles/sllidar_node.dir/src/sllidar_node.cpp.o\x1b[0m\n'}
[15.584078] (sllidar_ros2) StdoutLine: {'line': b'[ 20%] \x1b[32mBuilding CXX object CMakeFiles/sllidar_node.dir/sdk/src/arch/linux/net_socket.cpp.o\x1b[0m\n'}
[15.612055] (-) TimerEvent: {}
[15.713373] (-) TimerEvent: {}
[15.814327] (-) TimerEvent: {}
[15.915509] (-) TimerEvent: {}
[16.016461] (-) TimerEvent: {}
[16.117558] (-) TimerEvent: {}
[16.218349] (-) TimerEvent: {}
[16.321173] (-) TimerEvent: {}
[16.422290] (-) TimerEvent: {}
[16.523143] (-) TimerEvent: {}
[16.624467] (-) TimerEvent: {}
[16.725865] (-) TimerEvent: {}
[16.827758] (-) TimerEvent: {}
[16.929180] (-) TimerEvent: {}
[17.030577] (-) TimerEvent: {}
[17.131675] (-) TimerEvent: {}
[17.232445] (-) TimerEvent: {}
[17.333172] (-) TimerEvent: {}
[17.434363] (-) TimerEvent: {}
[17.535679] (-) TimerEvent: {}
[17.636416] (-) TimerEvent: {}
[17.737204] (-) TimerEvent: {}
[17.838030] (-) TimerEvent: {}
[17.940491] (-) TimerEvent: {}
[18.041485] (-) TimerEvent: {}
[18.143010] (-) TimerEvent: {}
[18.244718] (-) TimerEvent: {}
[18.346503] (-) TimerEvent: {}
[18.448218] (-) TimerEvent: {}
[18.550044] (-) TimerEvent: {}
[18.651564] (-) TimerEvent: {}
[18.753748] (-) TimerEvent: {}
[18.855236] (-) TimerEvent: {}
[18.957177] (-) TimerEvent: {}
[19.058586] (-) TimerEvent: {}
[19.160074] (-) TimerEvent: {}
[19.261692] (-) TimerEvent: {}
[19.304946] (sllidar_ros2) StderrLine: {'line': b'In file included from \x1b[01m\x1b[K/home/arno/RoombaV2Onboard/src/sllidar_ros2/./sdk/include/rplidar_protocol.h:36\x1b[m\x1b[K,\n'}
[19.305621] (sllidar_ros2) StderrLine: {'line': b'                 from \x1b[01m\x1b[K/home/arno/RoombaV2Onboard/src/sllidar_ros2/./sdk/include/rplidar.h:39\x1b[m\x1b[K,\n'}
[19.306059] (sllidar_ros2) StderrLine: {'line': b'                 from \x1b[01m\x1b[K/home/arno/RoombaV2Onboard/src/sllidar_ros2/./sdk/src/sdkcommon.h:49\x1b[m\x1b[K,\n'}
[19.306467] (sllidar_ros2) StderrLine: {'line': b'                 from \x1b[01m\x1b[K/home/arno/RoombaV2Onboard/src/sllidar_ros2/sdk/src/arch/linux/net_socket.cpp:10\x1b[m\x1b[K:\n'}
[19.307333] (sllidar_ros2) StderrLine: {'line': b'\x1b[01m\x1b[K/home/arno/RoombaV2Onboard/src/sllidar_ros2/./sdk/include/sl_lidar_protocol.h:66:16:\x1b[m\x1b[K \x1b[01;35m\x1b[Kwarning: \x1b[m\x1b[KISO C++ forbids zero-size array \xe2\x80\x98\x1b[01m\x1b[Kdata\x1b[m\x1b[K\xe2\x80\x99 [\x1b[01;35m\x1b[K\x1b]8;;https://gcc.gnu.org/onlinedocs/gcc/Warning-Options.html#index-Wpedantic\x07-Wpedantic\x1b]8;;\x07\x1b[m\x1b[K]\n'}
[19.307889] (sllidar_ros2) StderrLine: {'line': b'   66 |     sl_u8 data[\x1b[01;35m\x1b[K0\x1b[m\x1b[K];\n'}
[19.308341] (sllidar_ros2) StderrLine: {'line': b'      |                \x1b[01;35m\x1b[K^\x1b[m\x1b[K\n'}
[19.308734] (sllidar_ros2) StderrLine: {'line': b'In file included from \x1b[01m\x1b[K/home/arno/RoombaV2Onboard/src/sllidar_ros2/./sdk/include/rplidar_cmd.h:36\x1b[m\x1b[K,\n'}
[19.309111] (sllidar_ros2) StderrLine: {'line': b'                 from \x1b[01m\x1b[K/home/arno/RoombaV2Onboard/src/sllidar_ros2/./sdk/include/rplidar.h:40\x1b[m\x1b[K,\n'}
[19.309612] (sllidar_ros2) StderrLine: {'line': b'                 from \x1b[01m\x1b[K/home/arno/RoombaV2Onboard/src/sllidar_ros2/./sdk/src/sdkcommon.h:49\x1b[m\x1b[K,\n'}
[19.310143] (sllidar_ros2) StderrLine: {'line': b'                 from \x1b[01m\x1b[K/home/arno/RoombaV2Onboard/src/sllidar_ros2/sdk/src/arch/linux/net_socket.cpp:10\x1b[m\x1b[K:\n'}
[19.310555] (sllidar_ros2) StderrLine: {'line': b'\x1b[01m\x1b[K/home/arno/RoombaV2Onboard/src/sllidar_ros2/./sdk/include/sl_lidar_cmd.h:324:20:\x1b[m\x1b[K \x1b[01;35m\x1b[Kwarning: \x1b[m\x1b[KISO C++ forbids zero-size array \xe2\x80\x98\x1b[01m\x1b[Kpayload\x1b[m\x1b[K\xe2\x80\x99 [\x1b[01;35m\x1b[K\x1b]8;;https://gcc.gnu.org/onlinedocs/gcc/Warning-Options.html#index-Wpedantic\x07-Wpedantic\x1b]8;;\x07\x1b[m\x1b[K]\n'}
[19.311144] (sllidar_ros2) StderrLine: {'line': b'  324 |     sl_u8  payload[\x1b[01;35m\x1b[K0\x1b[m\x1b[K];\n'}
[19.311582] (sllidar_ros2) StderrLine: {'line': b'      |                    \x1b[01;35m\x1b[K^\x1b[m\x1b[K\n'}
[19.361897] (-) TimerEvent: {}
[19.463818] (-) TimerEvent: {}
[19.566426] (-) TimerEvent: {}
[19.656863] (sllidar_ros2) StderrLine: {'line': b'In file included from \x1b[01m\x1b[K/home/arno/RoombaV2Onboard/src/sllidar_ros2/./sdk/src/arch/linux/arch_linux.h:42\x1b[m\x1b[K,\n'}
[19.658148] (sllidar_ros2) StderrLine: {'line': b'                 from \x1b[01m\x1b[K/home/arno/RoombaV2Onboard/src/sllidar_ros2/./sdk/src/sdkcommon.h:41\x1b[m\x1b[K,\n'}
[19.658941] (sllidar_ros2) StderrLine: {'line': b'                 from \x1b[01m\x1b[K/home/arno/RoombaV2Onboard/src/sllidar_ros2/sdk/src/arch/linux/net_socket.cpp:10\x1b[m\x1b[K:\n'}
[19.659975] (sllidar_ros2) StderrLine: {'line': b'\x1b[01m\x1b[K/home/arno/RoombaV2Onboard/src/sllidar_ros2/sdk/src/arch/linux/net_socket.cpp:\x1b[m\x1b[K In member function \xe2\x80\x98\x1b[01m\x1b[Kvirtual u_result rp::arch::net::DGramSocketImpl::sendTo(const rp::net::SocketAddress*, const void*, size_t)\x1b[m\x1b[K\xe2\x80\x99:\n'}
[19.660755] (sllidar_ros2) StderrLine: {'line': b'\x1b[01m\x1b[K/home/arno/RoombaV2Onboard/src/sllidar_ros2/sdk/src/arch/linux/net_socket.cpp:733:24:\x1b[m\x1b[K \x1b[01;35m\x1b[Kwarning: \x1b[m\x1b[Kcomparison of integer expressions of different signedness: \xe2\x80\x98\x1b[01m\x1b[Kint\x1b[m\x1b[K\xe2\x80\x99 and \xe2\x80\x98\x1b[01m\x1b[Ksize_t\x1b[m\x1b[K\xe2\x80\x99 {aka \xe2\x80\x98\x1b[01m\x1b[Klong unsigned int\x1b[m\x1b[K\xe2\x80\x99} [\x1b[01;35m\x1b[K\x1b]8;;https://gcc.gnu.org/onlinedocs/gcc/Warning-Options.html#index-Wsign-compare\x07-Wsign-compare\x1b]8;;\x07\x1b[m\x1b[K]\n'}
[19.661547] (sllidar_ros2) StderrLine: {'line': b'  733 |             assert(\x1b[01;35m\x1b[Kans == len\x1b[m\x1b[K);\n'}
[19.662260] (sllidar_ros2) StderrLine: {'line': b'      |                    \x1b[01;35m\x1b[K~~~~^~~~~~\x1b[m\x1b[K\n'}
[19.666682] (-) TimerEvent: {}
[19.768368] (-) TimerEvent: {}
[19.870074] (-) TimerEvent: {}
[19.972119] (-) TimerEvent: {}
[20.074001] (-) TimerEvent: {}
[20.175788] (-) TimerEvent: {}
[20.277020] (-) TimerEvent: {}
[20.378188] (-) TimerEvent: {}
[20.479351] (-) TimerEvent: {}
[20.496577] (sllidar_ros2) StderrLine: {'line': b'\x1b[01m\x1b[K/home/arno/RoombaV2Onboard/src/sllidar_ros2/sdk/src/arch/linux/net_serial.cpp:\x1b[m\x1b[K In member function \xe2\x80\x98\x1b[01m\x1b[Kbool rp::arch::net::raw_serial::open(const char*, uint32_t, uint32_t)\x1b[m\x1b[K\xe2\x80\x99:\n'}
[20.498627] (sllidar_ros2) StderrLine: {'line': b'\x1b[01m\x1b[K/home/arno/RoombaV2Onboard/src/sllidar_ros2/sdk/src/arch/linux/net_serial.cpp:97:74:\x1b[m\x1b[K \x1b[01;35m\x1b[Kwarning: \x1b[m\x1b[Kunused parameter \xe2\x80\x98\x1b[01m\x1b[Kflags\x1b[m\x1b[K\xe2\x80\x99 [\x1b[01;35m\x1b[K\x1b]8;;https://gcc.gnu.org/onlinedocs/gcc/Warning-Options.html#index-Wunused-parameter\x07-Wunused-parameter\x1b]8;;\x07\x1b[m\x1b[K]\n'}
[20.499989] (sllidar_ros2) StderrLine: {'line': b'   97 | bool raw_serial::open(const char * portname, uint32_t baudrate, \x1b[01;35m\x1b[Kuint32_t flags\x1b[m\x1b[K)\n'}
[20.501470] (sllidar_ros2) StderrLine: {'line': b'      |                                                                 \x1b[01;35m\x1b[K~~~~~~~~~^~~~~\x1b[m\x1b[K\n'}
[20.507244] (sllidar_ros2) StderrLine: {'line': b'\x1b[01m\x1b[K/home/arno/RoombaV2Onboard/src/sllidar_ros2/sdk/src/arch/linux/net_serial.cpp:\x1b[m\x1b[K In member function \xe2\x80\x98\x1b[01m\x1b[Kvirtual void rp::arch::net::raw_serial::flush(_u32)\x1b[m\x1b[K\xe2\x80\x99:\n'}
[20.508894] (sllidar_ros2) StderrLine: {'line': b'\x1b[01m\x1b[K/home/arno/RoombaV2Onboard/src/sllidar_ros2/sdk/src/arch/linux/net_serial.cpp:281:30:\x1b[m\x1b[K \x1b[01;35m\x1b[Kwarning: \x1b[m\x1b[Kunused parameter \xe2\x80\x98\x1b[01m\x1b[Kflags\x1b[m\x1b[K\xe2\x80\x99 [\x1b[01;35m\x1b[K\x1b]8;;https://gcc.gnu.org/onlinedocs/gcc/Warning-Options.html#index-Wunused-parameter\x07-Wunused-parameter\x1b]8;;\x07\x1b[m\x1b[K]\n'}
[20.510488] (sllidar_ros2) StderrLine: {'line': b'  281 | void raw_serial::flush( \x1b[01;35m\x1b[K_u32 flags\x1b[m\x1b[K)\n'}
[20.511766] (sllidar_ros2) StderrLine: {'line': b'      |                         \x1b[01;35m\x1b[K~~~~~^~~~~\x1b[m\x1b[K\n'}
[20.513026] (sllidar_ros2) StderrLine: {'line': b'\x1b[01m\x1b[K/home/arno/RoombaV2Onboard/src/sllidar_ros2/sdk/src/arch/linux/net_serial.cpp:\x1b[m\x1b[K In member function \xe2\x80\x98\x1b[01m\x1b[Kvirtual int rp::arch::net::raw_serial::waitforsent(_u32, size_t*)\x1b[m\x1b[K\xe2\x80\x99:\n'}
[20.514996] (sllidar_ros2) StderrLine: {'line': b'\x1b[01m\x1b[K/home/arno/RoombaV2Onboard/src/sllidar_ros2/sdk/src/arch/linux/net_serial.cpp:286:34:\x1b[m\x1b[K \x1b[01;35m\x1b[Kwarning: \x1b[m\x1b[Kunused parameter \xe2\x80\x98\x1b[01m\x1b[Ktimeout\x1b[m\x1b[K\xe2\x80\x99 [\x1b[01;35m\x1b[K\x1b]8;;https://gcc.gnu.org/onlinedocs/gcc/Warning-Options.html#index-Wunused-parameter\x07-Wunused-parameter\x1b]8;;\x07\x1b[m\x1b[K]\n'}
[20.516092] (sllidar_ros2) StderrLine: {'line': b'  286 | int raw_serial::waitforsent(\x1b[01;35m\x1b[K_u32 timeout\x1b[m\x1b[K, size_t * returned_size)\n'}
[20.517528] (sllidar_ros2) StderrLine: {'line': b'      |                             \x1b[01;35m\x1b[K~~~~~^~~~~~~\x1b[m\x1b[K\n'}
[20.518673] (sllidar_ros2) StderrLine: {'line': b'\x1b[01m\x1b[K/home/arno/RoombaV2Onboard/src/sllidar_ros2/sdk/src/arch/linux/net_serial.cpp:\x1b[m\x1b[K In member function \xe2\x80\x98\x1b[01m\x1b[Kvirtual int rp::arch::net::raw_serial::waitforrecv(_u32, size_t*)\x1b[m\x1b[K\xe2\x80\x99:\n'}
[20.519798] (sllidar_ros2) StderrLine: {'line': b'\x1b[01m\x1b[K/home/arno/RoombaV2Onboard/src/sllidar_ros2/sdk/src/arch/linux/net_serial.cpp:292:34:\x1b[m\x1b[K \x1b[01;35m\x1b[Kwarning: \x1b[m\x1b[Kunused parameter \xe2\x80\x98\x1b[01m\x1b[Ktimeout\x1b[m\x1b[K\xe2\x80\x99 [\x1b[01;35m\x1b[K\x1b]8;;https://gcc.gnu.org/onlinedocs/gcc/Warning-Options.html#index-Wunused-parameter\x07-Wunused-parameter\x1b]8;;\x07\x1b[m\x1b[K]\n'}
[20.520826] (sllidar_ros2) StderrLine: {'line': b'  292 | int raw_serial::waitforrecv(\x1b[01;35m\x1b[K_u32 timeout\x1b[m\x1b[K, size_t * returned_size)\n'}
[20.522132] (sllidar_ros2) StderrLine: {'line': b'      |                             \x1b[01;35m\x1b[K~~~~~^~~~~~~\x1b[m\x1b[K\n'}
[20.523624] (sllidar_ros2) StderrLine: {'line': b'\x1b[01m\x1b[K/home/arno/RoombaV2Onboard/src/sllidar_ros2/sdk/src/arch/linux/net_serial.cpp:\x1b[m\x1b[K In member function \xe2\x80\x98\x1b[01m\x1b[Kvirtual void rp::arch::net::raw_serial::cancelOperation()\x1b[m\x1b[K\xe2\x80\x99:\n'}
[20.524465] (sllidar_ros2) StderrLine: {'line': b'\x1b[01m\x1b[K/home/arno/RoombaV2Onboard/src/sllidar_ros2/sdk/src/arch/linux/net_serial.cpp:427:5:\x1b[m\x1b[K \x1b[01;35m\x1b[Kwarning: \x1b[m\x1b[Kvalue computed is not used [\x1b[01;35m\x1b[K\x1b]8;;https://gcc.gnu.org/onlinedocs/gcc/Warning-Options.html#index-Wunused-value\x07-Wunused-value\x1b]8;;\x07\x1b[m\x1b[K]\n'}
[20.525792] (sllidar_ros2) StderrLine: {'line': b'  427 |     \x1b[01;35m\x1b[K(int)::write(_selfpipe[1], "x", 1)\x1b[m\x1b[K;\n'}
[20.527332] (sllidar_ros2) StderrLine: {'line': b'      |     \x1b[01;35m\x1b[K^~~~~~~~~~~~~~~~~~~~~~~~~~~~~~~~~~\x1b[m\x1b[K\n'}
[20.579850] (-) TimerEvent: {}
[20.681522] (-) TimerEvent: {}
[20.783276] (-) TimerEvent: {}
[20.884714] (-) TimerEvent: {}
[20.987159] (-) TimerEvent: {}
[21.089088] (-) TimerEvent: {}
[21.191447] (-) TimerEvent: {}
[21.232702] (sllidar_ros2) StdoutLine: {'line': b'[ 25%] \x1b[32mBuilding CXX object CMakeFiles/sllidar_node.dir/sdk/src/arch/linux/timer.cpp.o\x1b[0m\n'}
[21.291671] (-) TimerEvent: {}
[21.325802] (sllidar_ros2) StdoutLine: {'line': b'[ 30%] \x1b[32mBuilding CXX object CMakeFiles/sllidar_node.dir/sdk/src/dataunpacker/dataunpacker.cpp.o\x1b[0m\n'}
[21.391883] (-) TimerEvent: {}
[21.493471] (-) TimerEvent: {}
[21.595270] (-) TimerEvent: {}
[21.697001] (-) TimerEvent: {}
[21.798483] (-) TimerEvent: {}
[21.900008] (-) TimerEvent: {}
[22.001671] (-) TimerEvent: {}
[22.103306] (-) TimerEvent: {}
[22.204944] (-) TimerEvent: {}
[22.306572] (-) TimerEvent: {}
[22.408187] (-) TimerEvent: {}
[22.510032] (-) TimerEvent: {}
[22.611768] (-) TimerEvent: {}
[22.713342] (-) TimerEvent: {}
[22.814518] (-) TimerEvent: {}
[22.915545] (-) TimerEvent: {}
[23.016589] (-) TimerEvent: {}
[23.117843] (-) TimerEvent: {}
[23.219236] (-) TimerEvent: {}
[23.320285] (-) TimerEvent: {}
[23.421444] (-) TimerEvent: {}
[23.522501] (-) TimerEvent: {}
[23.623696] (-) TimerEvent: {}
[23.725301] (-) TimerEvent: {}
[23.826653] (-) TimerEvent: {}
[23.927832] (-) TimerEvent: {}
[24.028992] (-) TimerEvent: {}
[24.130359] (-) TimerEvent: {}
[24.231550] (-) TimerEvent: {}
[24.332635] (-) TimerEvent: {}
[24.433772] (-) TimerEvent: {}
[24.534853] (-) TimerEvent: {}
[24.636259] (-) TimerEvent: {}
[24.675662] (sllidar_ros2) StdoutLine: {'line': b'[ 35%] \x1b[32mBuilding CXX object CMakeFiles/sllidar_node.dir/sdk/src/dataunpacker/unpacker/handler_capsules.cpp.o\x1b[0m\n'}
[24.736506] (-) TimerEvent: {}
[24.837495] (-) TimerEvent: {}
[24.938510] (-) TimerEvent: {}
[25.039510] (-) TimerEvent: {}
[25.140538] (-) TimerEvent: {}
[25.241680] (-) TimerEvent: {}
[25.343269] (-) TimerEvent: {}
[25.444900] (-) TimerEvent: {}
[25.547049] (-) TimerEvent: {}
[25.649139] (-) TimerEvent: {}
[25.751145] (-) TimerEvent: {}
[25.853088] (-) TimerEvent: {}
[25.954892] (-) TimerEvent: {}
[26.035476] (sllidar_ros2) StderrLine: {'line': b'In file included from \x1b[01m\x1b[K/home/arno/RoombaV2Onboard/src/sllidar_ros2/./sdk/include/rplidar_protocol.h:36\x1b[m\x1b[K,\n'}
[26.039800] (sllidar_ros2) StderrLine: {'line': b'                 from \x1b[01m\x1b[K/home/arno/RoombaV2Onboard/src/sllidar_ros2/./sdk/include/rplidar.h:39\x1b[m\x1b[K,\n'}
[26.041636] (sllidar_ros2) StderrLine: {'line': b'                 from \x1b[01m\x1b[K/home/arno/RoombaV2Onboard/src/sllidar_ros2/./sdk/src/sdkcommon.h:49\x1b[m\x1b[K,\n'}
[26.042756] (sllidar_ros2) StderrLine: {'line': b'                 from \x1b[01m\x1b[K/home/arno/RoombaV2Onboard/src/sllidar_ros2/sdk/src/dataunpacker/dataunnpacker_commondef.h:41\x1b[m\x1b[K,\n'}
[26.043571] (sllidar_ros2) StderrLine: {'line': b'                 from \x1b[01m\x1b[K/home/arno/RoombaV2Onboard/src/sllidar_ros2/sdk/src/dataunpacker/dataunpacker.cpp:39\x1b[m\x1b[K:\n'}
[26.044888] (sllidar_ros2) StderrLine: {'line': b'\x1b[01m\x1b[K/home/arno/RoombaV2Onboard/src/sllidar_ros2/./sdk/include/sl_lidar_protocol.h:66:16:\x1b[m\x1b[K \x1b[01;35m\x1b[Kwarning: \x1b[m\x1b[KISO C++ forbids zero-size array \xe2\x80\x98\x1b[01m\x1b[Kdata\x1b[m\x1b[K\xe2\x80\x99 [\x1b[01;35m\x1b[K\x1b]8;;https://gcc.gnu.org/onlinedocs/gcc/Warning-Options.html#index-Wpedantic\x07-Wpedantic\x1b]8;;\x07\x1b[m\x1b[K]\n'}
[26.046248] (sllidar_ros2) StderrLine: {'line': b'   66 |     sl_u8 data[\x1b[01;35m\x1b[K0\x1b[m\x1b[K];\n'}
[26.047517] (sllidar_ros2) StderrLine: {'line': b'      |                \x1b[01;35m\x1b[K^\x1b[m\x1b[K\n'}
[26.048646] (sllidar_ros2) StderrLine: {'line': b'In file included from \x1b[01m\x1b[K/home/arno/RoombaV2Onboard/src/sllidar_ros2/./sdk/include/rplidar_cmd.h:36\x1b[m\x1b[K,\n'}
[26.049367] (sllidar_ros2) StderrLine: {'line': b'                 from \x1b[01m\x1b[K/home/arno/RoombaV2Onboard/src/sllidar_ros2/./sdk/include/rplidar.h:40\x1b[m\x1b[K,\n'}
[26.050099] (sllidar_ros2) StderrLine: {'line': b'                 from \x1b[01m\x1b[K/home/arno/RoombaV2Onboard/src/sllidar_ros2/./sdk/src/sdkcommon.h:49\x1b[m\x1b[K,\n'}
[26.050817] (sllidar_ros2) StderrLine: {'line': b'                 from \x1b[01m\x1b[K/home/arno/RoombaV2Onboard/src/sllidar_ros2/sdk/src/dataunpacker/dataunnpacker_commondef.h:41\x1b[m\x1b[K,\n'}
[26.064062] (-) TimerEvent: {}
[26.065038] (sllidar_ros2) StderrLine: {'line': b'                 from \x1b[01m\x1b[K/home/arno/RoombaV2Onboard/src/sllidar_ros2/sdk/src/dataunpacker/dataunpacker.cpp:39\x1b[m\x1b[K:\n'}
[26.065823] (sllidar_ros2) StderrLine: {'line': b'\x1b[01m\x1b[K/home/arno/RoombaV2Onboard/src/sllidar_ros2/./sdk/include/sl_lidar_cmd.h:324:20:\x1b[m\x1b[K \x1b[01;35m\x1b[Kwarning: \x1b[m\x1b[KISO C++ forbids zero-size array \xe2\x80\x98\x1b[01m\x1b[Kpayload\x1b[m\x1b[K\xe2\x80\x99 [\x1b[01;35m\x1b[K\x1b]8;;https://gcc.gnu.org/onlinedocs/gcc/Warning-Options.html#index-Wpedantic\x07-Wpedantic\x1b]8;;\x07\x1b[m\x1b[K]\n'}
[26.066847] (sllidar_ros2) StderrLine: {'line': b'  324 |     sl_u8  payload[\x1b[01;35m\x1b[K0\x1b[m\x1b[K];\n'}
[26.067574] (sllidar_ros2) StderrLine: {'line': b'      |                    \x1b[01;35m\x1b[K^\x1b[m\x1b[K\n'}
[26.164290] (-) TimerEvent: {}
[26.265237] (-) TimerEvent: {}
[26.366408] (-) TimerEvent: {}
[26.467368] (-) TimerEvent: {}
[26.569147] (-) TimerEvent: {}
[26.670206] (-) TimerEvent: {}
[26.772183] (-) TimerEvent: {}
[26.873987] (-) TimerEvent: {}
[26.976035] (-) TimerEvent: {}
[27.077999] (-) TimerEvent: {}
[27.180225] (-) TimerEvent: {}
[27.282001] (-) TimerEvent: {}
[27.384011] (-) TimerEvent: {}
[27.485680] (-) TimerEvent: {}
[27.587447] (-) TimerEvent: {}
[27.689506] (-) TimerEvent: {}
[27.791232] (-) TimerEvent: {}
[27.893188] (-) TimerEvent: {}
[27.994941] (-) TimerEvent: {}
[28.096586] (-) TimerEvent: {}
[28.198522] (-) TimerEvent: {}
[28.262801] (sllidar_ros2) StderrLine: {'line': b'In file included from \x1b[01m\x1b[K/home/arno/RoombaV2Onboard/src/sllidar_ros2/sdk/src/dataunpacker/dataunpacker.cpp:40\x1b[m\x1b[K:\n'}
[28.264364] (sllidar_ros2) StderrLine: {'line': b'\x1b[01m\x1b[K/home/arno/RoombaV2Onboard/src/sllidar_ros2/sdk/src/dataunpacker/dataunpacker.h:\x1b[m\x1b[K In member function \xe2\x80\x98\x1b[01m\x1b[Kvirtual void sl::internal::LIDARSampleDataListener::onCustomSampleDataDecoded(_u8, _u32, const void*, size_t)\x1b[m\x1b[K\xe2\x80\x99:\n'}
[28.265883] (sllidar_ros2) StderrLine: {'line': b'\x1b[01m\x1b[K/home/arno/RoombaV2Onboard/src/sllidar_ros2/sdk/src/dataunpacker/dataunpacker.h:54:52:\x1b[m\x1b[K \x1b[01;35m\x1b[Kwarning: \x1b[m\x1b[Kunused parameter \xe2\x80\x98\x1b[01m\x1b[KansType\x1b[m\x1b[K\xe2\x80\x99 [\x1b[01;35m\x1b[K\x1b]8;;https://gcc.gnu.org/onlinedocs/gcc/Warning-Options.html#index-Wunused-parameter\x07-Wunused-parameter\x1b]8;;\x07\x1b[m\x1b[K]\n'}
[28.267511] (sllidar_ros2) StderrLine: {'line': b'   54 |         virtual void onCustomSampleDataDecoded(\x1b[01;35m\x1b[K_u8 ansType\x1b[m\x1b[K, _u32 customCode, const void* data, size_t size) {}\n'}
[28.268689] (sllidar_ros2) StderrLine: {'line': b'      |                                                \x1b[01;35m\x1b[K~~~~^~~~~~~\x1b[m\x1b[K\n'}
[28.269464] (sllidar_ros2) StderrLine: {'line': b'\x1b[01m\x1b[K/home/arno/RoombaV2Onboard/src/sllidar_ros2/sdk/src/dataunpacker/dataunpacker.h:54:66:\x1b[m\x1b[K \x1b[01;35m\x1b[Kwarning: \x1b[m\x1b[Kunused parameter \xe2\x80\x98\x1b[01m\x1b[KcustomCode\x1b[m\x1b[K\xe2\x80\x99 [\x1b[01;35m\x1b[K\x1b]8;;https://gcc.gnu.org/onlinedocs/gcc/Warning-Options.html#index-Wunused-parameter\x07-Wunused-parameter\x1b]8;;\x07\x1b[m\x1b[K]\n'}
[28.270225] (sllidar_ros2) StderrLine: {'line': b'   54 |         virtual void onCustomSampleDataDecoded(_u8 ansType, \x1b[01;35m\x1b[K_u32 customCode\x1b[m\x1b[K, const void* data, size_t size) {}\n'}
[28.270986] (sllidar_ros2) StderrLine: {'line': b'      |                                                             \x1b[01;35m\x1b[K~~~~~^~~~~~~~~~\x1b[m\x1b[K\n'}
[28.271834] (sllidar_ros2) StderrLine: {'line': b'\x1b[01m\x1b[K/home/arno/RoombaV2Onboard/src/sllidar_ros2/sdk/src/dataunpacker/dataunpacker.h:54:90:\x1b[m\x1b[K \x1b[01;35m\x1b[Kwarning: \x1b[m\x1b[Kunused parameter \xe2\x80\x98\x1b[01m\x1b[Kdata\x1b[m\x1b[K\xe2\x80\x99 [\x1b[01;35m\x1b[K\x1b]8;;https://gcc.gnu.org/onlinedocs/gcc/Warning-Options.html#index-Wunused-parameter\x07-Wunused-parameter\x1b]8;;\x07\x1b[m\x1b[K]\n'}
[28.272721] (sllidar_ros2) StderrLine: {'line': b'   54 |         virtual void onCustomSampleDataDecoded(_u8 ansType, _u32 customCode, \x1b[01;35m\x1b[Kconst void* data\x1b[m\x1b[K, size_t size) {}\n'}
[28.273528] (sllidar_ros2) StderrLine: {'line': b'      |                                                                              \x1b[01;35m\x1b[K~~~~~~~~~~~~^~~~\x1b[m\x1b[K\n'}
[28.274215] (sllidar_ros2) StderrLine: {'line': b'\x1b[01m\x1b[K/home/arno/RoombaV2Onboard/src/sllidar_ros2/sdk/src/dataunpacker/dataunpacker.h:54:103:\x1b[m\x1b[K \x1b[01;35m\x1b[Kwarning: \x1b[m\x1b[Kunused parameter \xe2\x80\x98\x1b[01m\x1b[Ksize\x1b[m\x1b[K\xe2\x80\x99 [\x1b[01;35m\x1b[K\x1b]8;;https://gcc.gnu.org/onlinedocs/gcc/Warning-Options.html#index-Wunused-parameter\x07-Wunused-parameter\x1b]8;;\x07\x1b[m\x1b[K]\n'}
[28.274965] (sllidar_ros2) StderrLine: {'line': b'   54 |         virtual void onCustomSampleDataDecoded(_u8 ansType, _u32 customCode, const void* data, \x1b[01;35m\x1b[Ksize_t size\x1b[m\x1b[K) {}\n'}
[28.291958] (sllidar_ros2) StderrLine: {'line': b'      |                                                                                                \x1b[01;35m\x1b[K~~~~~~~^~~~\x1b[m\x1b[K\n'}
[28.292705] (sllidar_ros2) StderrLine: {'line': b'\x1b[01m\x1b[K/home/arno/RoombaV2Onboard/src/sllidar_ros2/sdk/src/dataunpacker/dataunpacker.h:\x1b[m\x1b[K In member function \xe2\x80\x98\x1b[01m\x1b[Kvirtual void sl::internal::LIDARSampleDataListener::onDecodingError(int, _u8, const void*, size_t)\x1b[m\x1b[K\xe2\x80\x99:\n'}
[28.293443] (sllidar_ros2) StderrLine: {'line': b'\x1b[01m\x1b[K/home/arno/RoombaV2Onboard/src/sllidar_ros2/sdk/src/dataunpacker/dataunpacker.h:56:42:\x1b[m\x1b[K \x1b[01;35m\x1b[Kwarning: \x1b[m\x1b[Kunused parameter \xe2\x80\x98\x1b[01m\x1b[KerrMsg\x1b[m\x1b[K\xe2\x80\x99 [\x1b[01;35m\x1b[K\x1b]8;;https://gcc.gnu.org/onlinedocs/gcc/Warning-Options.html#index-Wunused-parameter\x07-Wunused-parameter\x1b]8;;\x07\x1b[m\x1b[K]\n'}
[28.294176] (sllidar_ros2) StderrLine: {'line': b'   56 |         virtual void onDecodingError(\x1b[01;35m\x1b[Kint errMsg\x1b[m\x1b[K, _u8 ansType, const void* payload, size_t size) {}\n'}
[28.294899] (sllidar_ros2) StderrLine: {'line': b'      |                                      \x1b[01;35m\x1b[K~~~~^~~~~~\x1b[m\x1b[K\n'}
[28.295713] (sllidar_ros2) StderrLine: {'line': b'\x1b[01m\x1b[K/home/arno/RoombaV2Onboard/src/sllidar_ros2/sdk/src/dataunpacker/dataunpacker.h:56:54:\x1b[m\x1b[K \x1b[01;35m\x1b[Kwarning: \x1b[m\x1b[Kunused parameter \xe2\x80\x98\x1b[01m\x1b[KansType\x1b[m\x1b[K\xe2\x80\x99 [\x1b[01;35m\x1b[K\x1b]8;;https://gcc.gnu.org/onlinedocs/gcc/Warning-Options.html#index-Wunused-parameter\x07-Wunused-parameter\x1b]8;;\x07\x1b[m\x1b[K]\n'}
[28.296494] (sllidar_ros2) StderrLine: {'line': b'   56 |         virtual void onDecodingError(int errMsg, \x1b[01;35m\x1b[K_u8 ansType\x1b[m\x1b[K, const void* payload, size_t size) {}\n'}
[28.297232] (sllidar_ros2) StderrLine: {'line': b'      |                                                  \x1b[01;35m\x1b[K~~~~^~~~~~~\x1b[m\x1b[K\n'}
[28.297985] (sllidar_ros2) StderrLine: {'line': b'\x1b[01m\x1b[K/home/arno/RoombaV2Onboard/src/sllidar_ros2/sdk/src/dataunpacker/dataunpacker.h:56:75:\x1b[m\x1b[K \x1b[01;35m\x1b[Kwarning: \x1b[m\x1b[Kunused parameter \xe2\x80\x98\x1b[01m\x1b[Kpayload\x1b[m\x1b[K\xe2\x80\x99 [\x1b[01;35m\x1b[K\x1b]8;;https://gcc.gnu.org/onlinedocs/gcc/Warning-Options.html#index-Wunused-parameter\x07-Wunused-parameter\x1b]8;;\x07\x1b[m\x1b[K]\n'}
[28.298793] (-) TimerEvent: {}
[28.315752] (sllidar_ros2) StderrLine: {'line': b'   56 |         virtual void onDecodingError(int errMsg, _u8 ansType, \x1b[01;35m\x1b[Kconst void* payload\x1b[m\x1b[K, size_t size) {}\n'}
[28.316564] (sllidar_ros2) StderrLine: {'line': b'      |                                                               \x1b[01;35m\x1b[K~~~~~~~~~~~~^~~~~~~\x1b[m\x1b[K\n'}
[28.317269] (sllidar_ros2) StderrLine: {'line': b'\x1b[01m\x1b[K/home/arno/RoombaV2Onboard/src/sllidar_ros2/sdk/src/dataunpacker/dataunpacker.h:56:91:\x1b[m\x1b[K \x1b[01;35m\x1b[Kwarning: \x1b[m\x1b[Kunused parameter \xe2\x80\x98\x1b[01m\x1b[Ksize\x1b[m\x1b[K\xe2\x80\x99 [\x1b[01;35m\x1b[K\x1b]8;;https://gcc.gnu.org/onlinedocs/gcc/Warning-Options.html#index-Wunused-parameter\x07-Wunused-parameter\x1b]8;;\x07\x1b[m\x1b[K]\n'}
[28.318058] (sllidar_ros2) StderrLine: {'line': b'   56 |         virtual void onDecodingError(int errMsg, _u8 ansType, const void* payload, \x1b[01;35m\x1b[Ksize_t size\x1b[m\x1b[K) {}\n'}
[28.318713] (sllidar_ros2) StderrLine: {'line': b'      |                                                                                    \x1b[01;35m\x1b[K~~~~~~~^~~~\x1b[m\x1b[K\n'}
[28.399157] (-) TimerEvent: {}
[28.500238] (-) TimerEvent: {}
[28.601328] (-) TimerEvent: {}
[28.702411] (-) TimerEvent: {}
[28.803527] (-) TimerEvent: {}
[28.904656] (-) TimerEvent: {}
[29.005792] (-) TimerEvent: {}
[29.106980] (-) TimerEvent: {}
[29.208373] (-) TimerEvent: {}
[29.309758] (-) TimerEvent: {}
[29.411179] (-) TimerEvent: {}
[29.512702] (-) TimerEvent: {}
[29.613956] (-) TimerEvent: {}
[29.715219] (-) TimerEvent: {}
[29.816937] (-) TimerEvent: {}
[29.918966] (-) TimerEvent: {}
[30.020868] (-) TimerEvent: {}
[30.123013] (-) TimerEvent: {}
[30.202358] (sllidar_ros2) StderrLine: {'line': b'In file included from \x1b[01m\x1b[K/home/arno/RoombaV2Onboard/src/sllidar_ros2/./sdk/include/rplidar_protocol.h:36\x1b[m\x1b[K,\n'}
[30.203949] (sllidar_ros2) StderrLine: {'line': b'                 from \x1b[01m\x1b[K/home/arno/RoombaV2Onboard/src/sllidar_ros2/./sdk/include/rplidar.h:39\x1b[m\x1b[K,\n'}
[30.205289] (sllidar_ros2) StderrLine: {'line': b'                 from \x1b[01m\x1b[K/home/arno/RoombaV2Onboard/src/sllidar_ros2/./sdk/src/sdkcommon.h:49\x1b[m\x1b[K,\n'}
[30.206520] (sllidar_ros2) StderrLine: {'line': b'                 from \x1b[01m\x1b[K/home/arno/RoombaV2Onboard/src/sllidar_ros2/sdk/src/dataunpacker/unpacker/../dataunnpacker_commondef.h:41\x1b[m\x1b[K,\n'}
[30.207872] (sllidar_ros2) StderrLine: {'line': b'                 from \x1b[01m\x1b[K/home/arno/RoombaV2Onboard/src/sllidar_ros2/sdk/src/dataunpacker/unpacker/handler_capsules.cpp:39\x1b[m\x1b[K:\n'}
[30.209171] (sllidar_ros2) StderrLine: {'line': b'\x1b[01m\x1b[K/home/arno/RoombaV2Onboard/src/sllidar_ros2/./sdk/include/sl_lidar_protocol.h:66:16:\x1b[m\x1b[K \x1b[01;35m\x1b[Kwarning: \x1b[m\x1b[KISO C++ forbids zero-size array \xe2\x80\x98\x1b[01m\x1b[Kdata\x1b[m\x1b[K\xe2\x80\x99 [\x1b[01;35m\x1b[K\x1b]8;;https://gcc.gnu.org/onlinedocs/gcc/Warning-Options.html#index-Wpedantic\x07-Wpedantic\x1b]8;;\x07\x1b[m\x1b[K]\n'}
[30.210389] (sllidar_ros2) StderrLine: {'line': b'   66 |     sl_u8 data[\x1b[01;35m\x1b[K0\x1b[m\x1b[K];\n'}
[30.211809] (sllidar_ros2) StderrLine: {'line': b'      |                \x1b[01;35m\x1b[K^\x1b[m\x1b[K\n'}
[30.219384] (sllidar_ros2) StderrLine: {'line': b'In file included from \x1b[01m\x1b[K/home/arno/RoombaV2Onboard/src/sllidar_ros2/./sdk/include/rplidar_cmd.h:36\x1b[m\x1b[K,\n'}
[30.220515] (sllidar_ros2) StderrLine: {'line': b'                 from \x1b[01m\x1b[K/home/arno/RoombaV2Onboard/src/sllidar_ros2/./sdk/include/rplidar.h:40\x1b[m\x1b[K,\n'}
[30.221483] (sllidar_ros2) StderrLine: {'line': b'                 from \x1b[01m\x1b[K/home/arno/RoombaV2Onboard/src/sllidar_ros2/./sdk/src/sdkcommon.h:49\x1b[m\x1b[K,\n'}
[30.222491] (sllidar_ros2) StderrLine: {'line': b'                 from \x1b[01m\x1b[K/home/arno/RoombaV2Onboard/src/sllidar_ros2/sdk/src/dataunpacker/unpacker/../dataunnpacker_commondef.h:41\x1b[m\x1b[K,\n'}
[30.223594] (-) TimerEvent: {}
[30.243871] (sllidar_ros2) StderrLine: {'line': b'                 from \x1b[01m\x1b[K/home/arno/RoombaV2Onboard/src/sllidar_ros2/sdk/src/dataunpacker/unpacker/handler_capsules.cpp:39\x1b[m\x1b[K:\n'}
[30.245011] (sllidar_ros2) StderrLine: {'line': b'\x1b[01m\x1b[K/home/arno/RoombaV2Onboard/src/sllidar_ros2/./sdk/include/sl_lidar_cmd.h:324:20:\x1b[m\x1b[K \x1b[01;35m\x1b[Kwarning: \x1b[m\x1b[KISO C++ forbids zero-size array \xe2\x80\x98\x1b[01m\x1b[Kpayload\x1b[m\x1b[K\xe2\x80\x99 [\x1b[01;35m\x1b[K\x1b]8;;https://gcc.gnu.org/onlinedocs/gcc/Warning-Options.html#index-Wpedantic\x07-Wpedantic\x1b]8;;\x07\x1b[m\x1b[K]\n'}
[30.245869] (sllidar_ros2) StderrLine: {'line': b'  324 |     sl_u8  payload[\x1b[01;35m\x1b[K0\x1b[m\x1b[K];\n'}
[30.246587] (sllidar_ros2) StderrLine: {'line': b'      |                    \x1b[01;35m\x1b[K^\x1b[m\x1b[K\n'}
[30.323838] (-) TimerEvent: {}
[30.425539] (-) TimerEvent: {}
[30.527662] (-) TimerEvent: {}
[30.629509] (-) TimerEvent: {}
[30.703592] (sllidar_ros2) StdoutLine: {'line': b'[ 40%] \x1b[32mBuilding CXX object CMakeFiles/sllidar_node.dir/sdk/src/dataunpacker/unpacker/handler_hqnode.cpp.o\x1b[0m\n'}
[30.729758] (-) TimerEvent: {}
[30.830940] (-) TimerEvent: {}
[30.932223] (-) TimerEvent: {}
[31.033454] (-) TimerEvent: {}
[31.134761] (-) TimerEvent: {}
[31.235880] (-) TimerEvent: {}
[31.336913] (-) TimerEvent: {}
[31.438027] (-) TimerEvent: {}
[31.539547] (-) TimerEvent: {}
[31.640631] (-) TimerEvent: {}
[31.741760] (-) TimerEvent: {}
[31.843006] (-) TimerEvent: {}
[31.944291] (-) TimerEvent: {}
[32.045344] (-) TimerEvent: {}
[32.146435] (-) TimerEvent: {}
[32.189365] (sllidar_ros2) StderrLine: {'line': b'In file included from \x1b[01m\x1b[K/home/arno/RoombaV2Onboard/src/sllidar_ros2/sdk/src/dataunpacker/unpacker/handler_capsules.cpp:40\x1b[m\x1b[K:\n'}
[32.191142] (sllidar_ros2) StderrLine: {'line': b'\x1b[01m\x1b[K/home/arno/RoombaV2Onboard/src/sllidar_ros2/sdk/src/dataunpacker/unpacker/../dataunpacker.h:\x1b[m\x1b[K In member function \xe2\x80\x98\x1b[01m\x1b[Kvirtual void sl::internal::LIDARSampleDataListener::onCustomSampleDataDecoded(_u8, _u32, const void*, size_t)\x1b[m\x1b[K\xe2\x80\x99:\n'}
[32.192592] (sllidar_ros2) StderrLine: {'line': b'\x1b[01m\x1b[K/home/arno/RoombaV2Onboard/src/sllidar_ros2/sdk/src/dataunpacker/unpacker/../dataunpacker.h:54:52:\x1b[m\x1b[K \x1b[01;35m\x1b[Kwarning: \x1b[m\x1b[Kunused parameter \xe2\x80\x98\x1b[01m\x1b[KansType\x1b[m\x1b[K\xe2\x80\x99 [\x1b[01;35m\x1b[K\x1b]8;;https://gcc.gnu.org/onlinedocs/gcc/Warning-Options.html#index-Wunused-parameter\x07-Wunused-parameter\x1b]8;;\x07\x1b[m\x1b[K]\n'}
[32.194649] (sllidar_ros2) StderrLine: {'line': b'   54 |         virtual void onCustomSampleDataDecoded(\x1b[01;35m\x1b[K_u8 ansType\x1b[m\x1b[K, _u32 customCode, const void* data, size_t size) {}\n'}
[32.195934] (sllidar_ros2) StderrLine: {'line': b'      |                                                \x1b[01;35m\x1b[K~~~~^~~~~~~\x1b[m\x1b[K\n'}
[32.196703] (sllidar_ros2) StderrLine: {'line': b'\x1b[01m\x1b[K/home/arno/RoombaV2Onboard/src/sllidar_ros2/sdk/src/dataunpacker/unpacker/../dataunpacker.h:54:66:\x1b[m\x1b[K \x1b[01;35m\x1b[Kwarning: \x1b[m\x1b[Kunused parameter \xe2\x80\x98\x1b[01m\x1b[KcustomCode\x1b[m\x1b[K\xe2\x80\x99 [\x1b[01;35m\x1b[K\x1b]8;;https://gcc.gnu.org/onlinedocs/gcc/Warning-Options.html#index-Wunused-parameter\x07-Wunused-parameter\x1b]8;;\x07\x1b[m\x1b[K]\n'}
[32.197461] (sllidar_ros2) StderrLine: {'line': b'   54 |         virtual void onCustomSampleDataDecoded(_u8 ansType, \x1b[01;35m\x1b[K_u32 customCode\x1b[m\x1b[K, const void* data, size_t size) {}\n'}
[32.198181] (sllidar_ros2) StderrLine: {'line': b'      |                                                             \x1b[01;35m\x1b[K~~~~~^~~~~~~~~~\x1b[m\x1b[K\n'}
[32.198904] (sllidar_ros2) StderrLine: {'line': b'\x1b[01m\x1b[K/home/arno/RoombaV2Onboard/src/sllidar_ros2/sdk/src/dataunpacker/unpacker/../dataunpacker.h:54:90:\x1b[m\x1b[K \x1b[01;35m\x1b[Kwarning: \x1b[m\x1b[Kunused parameter \xe2\x80\x98\x1b[01m\x1b[Kdata\x1b[m\x1b[K\xe2\x80\x99 [\x1b[01;35m\x1b[K\x1b]8;;https://gcc.gnu.org/onlinedocs/gcc/Warning-Options.html#index-Wunused-parameter\x07-Wunused-parameter\x1b]8;;\x07\x1b[m\x1b[K]\n'}
[32.199851] (sllidar_ros2) StderrLine: {'line': b'   54 |         virtual void onCustomSampleDataDecoded(_u8 ansType, _u32 customCode, \x1b[01;35m\x1b[Kconst void* data\x1b[m\x1b[K, size_t size) {}\n'}
[32.200618] (sllidar_ros2) StderrLine: {'line': b'      |                                                                              \x1b[01;35m\x1b[K~~~~~~~~~~~~^~~~\x1b[m\x1b[K\n'}
[32.201339] (sllidar_ros2) StderrLine: {'line': b'\x1b[01m\x1b[K/home/arno/RoombaV2Onboard/src/sllidar_ros2/sdk/src/dataunpacker/unpacker/../dataunpacker.h:54:103:\x1b[m\x1b[K \x1b[01;35m\x1b[Kwarning: \x1b[m\x1b[Kunused parameter \xe2\x80\x98\x1b[01m\x1b[Ksize\x1b[m\x1b[K\xe2\x80\x99 [\x1b[01;35m\x1b[K\x1b]8;;https://gcc.gnu.org/onlinedocs/gcc/Warning-Options.html#index-Wunused-parameter\x07-Wunused-parameter\x1b]8;;\x07\x1b[m\x1b[K]\n'}
[32.202073] (sllidar_ros2) StderrLine: {'line': b'   54 |         virtual void onCustomSampleDataDecoded(_u8 ansType, _u32 customCode, const void* data, \x1b[01;35m\x1b[Ksize_t size\x1b[m\x1b[K) {}\n'}
[32.202845] (sllidar_ros2) StderrLine: {'line': b'      |                                                                                                \x1b[01;35m\x1b[K~~~~~~~^~~~\x1b[m\x1b[K\n'}
[32.203769] (sllidar_ros2) StderrLine: {'line': b'\x1b[01m\x1b[K/home/arno/RoombaV2Onboard/src/sllidar_ros2/sdk/src/dataunpacker/unpacker/../dataunpacker.h:\x1b[m\x1b[K In member function \xe2\x80\x98\x1b[01m\x1b[Kvirtual void sl::internal::LIDARSampleDataListener::onDecodingError(int, _u8, const void*, size_t)\x1b[m\x1b[K\xe2\x80\x99:\n'}
[32.204742] (sllidar_ros2) StderrLine: {'line': b'\x1b[01m\x1b[K/home/arno/RoombaV2Onboard/src/sllidar_ros2/sdk/src/dataunpacker/unpacker/../dataunpacker.h:56:42:\x1b[m\x1b[K \x1b[01;35m\x1b[Kwarning: \x1b[m\x1b[Kunused parameter \xe2\x80\x98\x1b[01m\x1b[KerrMsg\x1b[m\x1b[K\xe2\x80\x99 [\x1b[01;35m\x1b[K\x1b]8;;https://gcc.gnu.org/onlinedocs/gcc/Warning-Options.html#index-Wunused-parameter\x07-Wunused-parameter\x1b]8;;\x07\x1b[m\x1b[K]\n'}
[32.205827] (sllidar_ros2) StderrLine: {'line': b'   56 |         virtual void onDecodingError(\x1b[01;35m\x1b[Kint errMsg\x1b[m\x1b[K, _u8 ansType, const void* payload, size_t size) {}\n'}
[32.206716] (sllidar_ros2) StderrLine: {'line': b'      |                                      \x1b[01;35m\x1b[K~~~~^~~~~~\x1b[m\x1b[K\n'}
[32.219814] (sllidar_ros2) StderrLine: {'line': b'\x1b[01m\x1b[K/home/arno/RoombaV2Onboard/src/sllidar_ros2/sdk/src/dataunpacker/unpacker/../dataunpacker.h:56:54:\x1b[m\x1b[K \x1b[01;35m\x1b[Kwarning: \x1b[m\x1b[Kunused parameter \xe2\x80\x98\x1b[01m\x1b[KansType\x1b[m\x1b[K\xe2\x80\x99 [\x1b[01;35m\x1b[K\x1b]8;;https://gcc.gnu.org/onlinedocs/gcc/Warning-Options.html#index-Wunused-parameter\x07-Wunused-parameter\x1b]8;;\x07\x1b[m\x1b[K]\n'}
[32.220598] (sllidar_ros2) StderrLine: {'line': b'   56 |         virtual void onDecodingError(int errMsg, \x1b[01;35m\x1b[K_u8 ansType\x1b[m\x1b[K, const void* payload, size_t size) {}\n'}
[32.221339] (sllidar_ros2) StderrLine: {'line': b'      |                                                  \x1b[01;35m\x1b[K~~~~^~~~~~~\x1b[m\x1b[K\n'}
[32.222112] (sllidar_ros2) StderrLine: {'line': b'\x1b[01m\x1b[K/home/arno/RoombaV2Onboard/src/sllidar_ros2/sdk/src/dataunpacker/unpacker/../dataunpacker.h:56:75:\x1b[m\x1b[K \x1b[01;35m\x1b[Kwarning: \x1b[m\x1b[Kunused parameter \xe2\x80\x98\x1b[01m\x1b[Kpayload\x1b[m\x1b[K\xe2\x80\x99 [\x1b[01;35m\x1b[K\x1b]8;;https://gcc.gnu.org/onlinedocs/gcc/Warning-Options.html#index-Wunused-parameter\x07-Wunused-parameter\x1b]8;;\x07\x1b[m\x1b[K]\n'}
[32.222886] (sllidar_ros2) StderrLine: {'line': b'   56 |         virtual void onDecodingError(int errMsg, _u8 ansType, \x1b[01;35m\x1b[Kconst void* payload\x1b[m\x1b[K, size_t size) {}\n'}
[32.223688] (sllidar_ros2) StderrLine: {'line': b'      |                                                               \x1b[01;35m\x1b[K~~~~~~~~~~~~^~~~~~~\x1b[m\x1b[K\n'}
[32.224459] (sllidar_ros2) StderrLine: {'line': b'\x1b[01m\x1b[K/home/arno/RoombaV2Onboard/src/sllidar_ros2/sdk/src/dataunpacker/unpacker/../dataunpacker.h:56:91:\x1b[m\x1b[K \x1b[01;35m\x1b[Kwarning: \x1b[m\x1b[Kunused parameter \xe2\x80\x98\x1b[01m\x1b[Ksize\x1b[m\x1b[K\xe2\x80\x99 [\x1b[01;35m\x1b[K\x1b]8;;https://gcc.gnu.org/onlinedocs/gcc/Warning-Options.html#index-Wunused-parameter\x07-Wunused-parameter\x1b]8;;\x07\x1b[m\x1b[K]\n'}
[32.225303] (sllidar_ros2) StderrLine: {'line': b'   56 |         virtual void onDecodingError(int errMsg, _u8 ansType, const void* payload, \x1b[01;35m\x1b[Ksize_t size\x1b[m\x1b[K) {}\n'}
[32.225984] (sllidar_ros2) StderrLine: {'line': b'      |                                                                                    \x1b[01;35m\x1b[K~~~~~~~^~~~\x1b[m\x1b[K\n'}
[32.246687] (-) TimerEvent: {}
[32.304728] (sllidar_ros2) StderrLine: {'line': b'\x1b[01m\x1b[K/home/arno/RoombaV2Onboard/src/sllidar_ros2/sdk/src/dataunpacker/unpacker/handler_capsules.cpp:\x1b[m\x1b[K In member function \xe2\x80\x98\x1b[01m\x1b[Kvoid sl::internal::unpacker::UnpackerHandler_DenseCapsuleNode::_onScanNodeDenseCapsuleData(rplidar_response_dense_capsule_measurement_nodes_t&, sl::internal::LIDARSampleDataUnpackerInner*)\x1b[m\x1b[K\xe2\x80\x99:\n'}
[32.311862] (sllidar_ros2) StderrLine: {'line': b'\x1b[01m\x1b[K/home/arno/RoombaV2Onboard/src/sllidar_ros2/sdk/src/dataunpacker/unpacker/handler_capsules.cpp:763:30:\x1b[m\x1b[K \x1b[01;35m\x1b[Kwarning: \x1b[m\x1b[Ktype qualifiers ignored on cast result type [\x1b[01;35m\x1b[K\x1b]8;;https://gcc.gnu.org/onlinedocs/gcc/Warning-Options.html#index-Wignored-qualifiers\x07-Wignored-qualifiers\x1b]8;;\x07\x1b[m\x1b[K]\n'}
[32.313479] (sllidar_ros2) StderrLine: {'line': b'  763 |             const int dist = \x1b[01;35m\x1b[Kstatic_cast<const int>(_cached_previous_dense_capsuledata.cabins[pos].distance)\x1b[m\x1b[K;\n'}
[32.314890] (sllidar_ros2) StderrLine: {'line': b'      |                              \x1b[01;35m\x1b[K^~~~~~~~~~~~~~~~~~~~~~~~~~~~~~~~~~~~~~~~~~~~~~~~~~~~~~~~~~~~~~~~~~~~~~~~~~~~~~~\x1b[m\x1b[K\n'}
[32.346922] (-) TimerEvent: {}
[32.448786] (-) TimerEvent: {}
[32.550819] (-) TimerEvent: {}
[32.652494] (-) TimerEvent: {}
[32.754221] (-) TimerEvent: {}
[32.855988] (-) TimerEvent: {}
[32.957779] (-) TimerEvent: {}
[33.059801] (-) TimerEvent: {}
[33.161647] (-) TimerEvent: {}
[33.263269] (-) TimerEvent: {}
[33.365176] (-) TimerEvent: {}
[33.467162] (-) TimerEvent: {}
[33.569357] (-) TimerEvent: {}
[33.671599] (-) TimerEvent: {}
[33.773801] (-) TimerEvent: {}
[33.875485] (-) TimerEvent: {}
[33.977309] (-) TimerEvent: {}
[34.079001] (-) TimerEvent: {}
[34.116231] (sllidar_ros2) StdoutLine: {'line': b'[ 45%] \x1b[32mBuilding CXX object CMakeFiles/sllidar_node.dir/sdk/src/dataunpacker/unpacker/handler_normalnode.cpp.o\x1b[0m\n'}
[34.179348] (-) TimerEvent: {}
[34.281305] (-) TimerEvent: {}
[34.382706] (-) TimerEvent: {}
[34.484697] (-) TimerEvent: {}
[34.586460] (-) TimerEvent: {}
[34.688268] (-) TimerEvent: {}
[34.790021] (-) TimerEvent: {}
[34.891756] (-) TimerEvent: {}
[34.980995] (sllidar_ros2) StderrLine: {'line': b'In file included from \x1b[01m\x1b[K/home/arno/RoombaV2Onboard/src/sllidar_ros2/./sdk/include/rplidar_protocol.h:36\x1b[m\x1b[K,\n'}
[34.981828] (sllidar_ros2) StderrLine: {'line': b'                 from \x1b[01m\x1b[K/home/arno/RoombaV2Onboard/src/sllidar_ros2/./sdk/include/rplidar.h:39\x1b[m\x1b[K,\n'}
[34.982593] (sllidar_ros2) StderrLine: {'line': b'                 from \x1b[01m\x1b[K/home/arno/RoombaV2Onboard/src/sllidar_ros2/./sdk/src/sdkcommon.h:49\x1b[m\x1b[K,\n'}
[34.983694] (sllidar_ros2) StderrLine: {'line': b'                 from \x1b[01m\x1b[K/home/arno/RoombaV2Onboard/src/sllidar_ros2/sdk/src/dataunpacker/unpacker/../dataunnpacker_commondef.h:41\x1b[m\x1b[K,\n'}
[34.984587] (sllidar_ros2) StderrLine: {'line': b'                 from \x1b[01m\x1b[K/home/arno/RoombaV2Onboard/src/sllidar_ros2/sdk/src/dataunpacker/unpacker/handler_hqnode.cpp:39\x1b[m\x1b[K:\n'}
[34.985355] (sllidar_ros2) StderrLine: {'line': b'\x1b[01m\x1b[K/home/arno/RoombaV2Onboard/src/sllidar_ros2/./sdk/include/sl_lidar_protocol.h:66:16:\x1b[m\x1b[K \x1b[01;35m\x1b[Kwarning: \x1b[m\x1b[KISO C++ forbids zero-size array \xe2\x80\x98\x1b[01m\x1b[Kdata\x1b[m\x1b[K\xe2\x80\x99 [\x1b[01;35m\x1b[K\x1b]8;;https://gcc.gnu.org/onlinedocs/gcc/Warning-Options.html#index-Wpedantic\x07-Wpedantic\x1b]8;;\x07\x1b[m\x1b[K]\n'}
[34.986231] (sllidar_ros2) StderrLine: {'line': b'   66 |     sl_u8 data[\x1b[01;35m\x1b[K0\x1b[m\x1b[K];\n'}
[34.987323] (sllidar_ros2) StderrLine: {'line': b'      |                \x1b[01;35m\x1b[K^\x1b[m\x1b[K\n'}
[34.988629] (sllidar_ros2) StderrLine: {'line': b'In file included from \x1b[01m\x1b[K/home/arno/RoombaV2Onboard/src/sllidar_ros2/./sdk/include/rplidar_cmd.h:36\x1b[m\x1b[K,\n'}
[34.989350] (sllidar_ros2) StderrLine: {'line': b'                 from \x1b[01m\x1b[K/home/arno/RoombaV2Onboard/src/sllidar_ros2/./sdk/include/rplidar.h:40\x1b[m\x1b[K,\n'}
[34.990031] (sllidar_ros2) StderrLine: {'line': b'                 from \x1b[01m\x1b[K/home/arno/RoombaV2Onboard/src/sllidar_ros2/./sdk/src/sdkcommon.h:49\x1b[m\x1b[K,\n'}
[34.990856] (sllidar_ros2) StderrLine: {'line': b'                 from \x1b[01m\x1b[K/home/arno/RoombaV2Onboard/src/sllidar_ros2/sdk/src/dataunpacker/unpacker/../dataunnpacker_commondef.h:41\x1b[m\x1b[K,\n'}
[34.991646] (sllidar_ros2) StderrLine: {'line': b'                 from \x1b[01m\x1b[K/home/arno/RoombaV2Onboard/src/sllidar_ros2/sdk/src/dataunpacker/unpacker/handler_hqnode.cpp:39\x1b[m\x1b[K:\n'}
[34.992611] (-) TimerEvent: {}
[35.003787] (sllidar_ros2) StderrLine: {'line': b'\x1b[01m\x1b[K/home/arno/RoombaV2Onboard/src/sllidar_ros2/./sdk/include/sl_lidar_cmd.h:324:20:\x1b[m\x1b[K \x1b[01;35m\x1b[Kwarning: \x1b[m\x1b[KISO C++ forbids zero-size array \xe2\x80\x98\x1b[01m\x1b[Kpayload\x1b[m\x1b[K\xe2\x80\x99 [\x1b[01;35m\x1b[K\x1b]8;;https://gcc.gnu.org/onlinedocs/gcc/Warning-Options.html#index-Wpedantic\x07-Wpedantic\x1b]8;;\x07\x1b[m\x1b[K]\n'}
[35.004660] (sllidar_ros2) StderrLine: {'line': b'  324 |     sl_u8  payload[\x1b[01;35m\x1b[K0\x1b[m\x1b[K];\n'}
[35.005445] (sllidar_ros2) StderrLine: {'line': b'      |                    \x1b[01;35m\x1b[K^\x1b[m\x1b[K\n'}
[35.092903] (-) TimerEvent: {}
[35.194690] (-) TimerEvent: {}
[35.296401] (-) TimerEvent: {}
[35.398186] (-) TimerEvent: {}
[35.500080] (-) TimerEvent: {}
[35.601813] (-) TimerEvent: {}
[35.703590] (-) TimerEvent: {}
[35.805340] (-) TimerEvent: {}
[35.906969] (-) TimerEvent: {}
[36.008554] (-) TimerEvent: {}
[36.019761] (sllidar_ros2) StderrLine: {'line': b'In file included from \x1b[01m\x1b[K/home/arno/RoombaV2Onboard/src/sllidar_ros2/sdk/src/dataunpacker/unpacker/handler_hqnode.cpp:40\x1b[m\x1b[K:\n'}
[36.020632] (sllidar_ros2) StderrLine: {'line': b'\x1b[01m\x1b[K/home/arno/RoombaV2Onboard/src/sllidar_ros2/sdk/src/dataunpacker/unpacker/../dataunpacker.h:\x1b[m\x1b[K In member function \xe2\x80\x98\x1b[01m\x1b[Kvirtual void sl::internal::LIDARSampleDataListener::onCustomSampleDataDecoded(_u8, _u32, const void*, size_t)\x1b[m\x1b[K\xe2\x80\x99:\n'}
[36.021407] (sllidar_ros2) StderrLine: {'line': b'\x1b[01m\x1b[K/home/arno/RoombaV2Onboard/src/sllidar_ros2/sdk/src/dataunpacker/unpacker/../dataunpacker.h:54:52:\x1b[m\x1b[K \x1b[01;35m\x1b[Kwarning: \x1b[m\x1b[Kunused parameter \xe2\x80\x98\x1b[01m\x1b[KansType\x1b[m\x1b[K\xe2\x80\x99 [\x1b[01;35m\x1b[K\x1b]8;;https://gcc.gnu.org/onlinedocs/gcc/Warning-Options.html#index-Wunused-parameter\x07-Wunused-parameter\x1b]8;;\x07\x1b[m\x1b[K]\n'}
[36.022274] (sllidar_ros2) StderrLine: {'line': b'   54 |         virtual void onCustomSampleDataDecoded(\x1b[01;35m\x1b[K_u8 ansType\x1b[m\x1b[K, _u32 customCode, const void* data, size_t size) {}\n'}
[36.023027] (sllidar_ros2) StderrLine: {'line': b'      |                                                \x1b[01;35m\x1b[K~~~~^~~~~~~\x1b[m\x1b[K\n'}
[36.025031] (sllidar_ros2) StderrLine: {'line': b'\x1b[01m\x1b[K/home/arno/RoombaV2Onboard/src/sllidar_ros2/sdk/src/dataunpacker/unpacker/../dataunpacker.h:54:66:\x1b[m\x1b[K \x1b[01;35m\x1b[Kwarning: \x1b[m\x1b[Kunused parameter \xe2\x80\x98\x1b[01m\x1b[KcustomCode\x1b[m\x1b[K\xe2\x80\x99 [\x1b[01;35m\x1b[K\x1b]8;;https://gcc.gnu.org/onlinedocs/gcc/Warning-Options.html#index-Wunused-parameter\x07-Wunused-parameter\x1b]8;;\x07\x1b[m\x1b[K]\n'}
[36.025828] (sllidar_ros2) StderrLine: {'line': b'   54 |         virtual void onCustomSampleDataDecoded(_u8 ansType, \x1b[01;35m\x1b[K_u32 customCode\x1b[m\x1b[K, const void* data, size_t size) {}\n'}
[36.026578] (sllidar_ros2) StderrLine: {'line': b'      |                                                             \x1b[01;35m\x1b[K~~~~~^~~~~~~~~~\x1b[m\x1b[K\n'}
[36.027569] (sllidar_ros2) StderrLine: {'line': b'\x1b[01m\x1b[K/home/arno/RoombaV2Onboard/src/sllidar_ros2/sdk/src/dataunpacker/unpacker/../dataunpacker.h:54:90:\x1b[m\x1b[K \x1b[01;35m\x1b[Kwarning: \x1b[m\x1b[Kunused parameter \xe2\x80\x98\x1b[01m\x1b[Kdata\x1b[m\x1b[K\xe2\x80\x99 [\x1b[01;35m\x1b[K\x1b]8;;https://gcc.gnu.org/onlinedocs/gcc/Warning-Options.html#index-Wunused-parameter\x07-Wunused-parameter\x1b]8;;\x07\x1b[m\x1b[K]\n'}
[36.028344] (sllidar_ros2) StderrLine: {'line': b'   54 |         virtual void onCustomSampleDataDecoded(_u8 ansType, _u32 customCode, \x1b[01;35m\x1b[Kconst void* data\x1b[m\x1b[K, size_t size) {}\n'}
[36.029235] (sllidar_ros2) StderrLine: {'line': b'      |                                                                              \x1b[01;35m\x1b[K~~~~~~~~~~~~^~~~\x1b[m\x1b[K\n'}
[36.029958] (sllidar_ros2) StderrLine: {'line': b'\x1b[01m\x1b[K/home/arno/RoombaV2Onboard/src/sllidar_ros2/sdk/src/dataunpacker/unpacker/../dataunpacker.h:54:103:\x1b[m\x1b[K \x1b[01;35m\x1b[Kwarning: \x1b[m\x1b[Kunused parameter \xe2\x80\x98\x1b[01m\x1b[Ksize\x1b[m\x1b[K\xe2\x80\x99 [\x1b[01;35m\x1b[K\x1b]8;;https://gcc.gnu.org/onlinedocs/gcc/Warning-Options.html#index-Wunused-parameter\x07-Wunused-parameter\x1b]8;;\x07\x1b[m\x1b[K]\n'}
[36.030728] (sllidar_ros2) StderrLine: {'line': b'   54 |         virtual void onCustomSampleDataDecoded(_u8 ansType, _u32 customCode, const void* data, \x1b[01;35m\x1b[Ksize_t size\x1b[m\x1b[K) {}\n'}
[36.031547] (sllidar_ros2) StderrLine: {'line': b'      |                                                                                                \x1b[01;35m\x1b[K~~~~~~~^~~~\x1b[m\x1b[K\n'}
[36.032311] (sllidar_ros2) StderrLine: {'line': b'\x1b[01m\x1b[K/home/arno/RoombaV2Onboard/src/sllidar_ros2/sdk/src/dataunpacker/unpacker/../dataunpacker.h:\x1b[m\x1b[K In member function \xe2\x80\x98\x1b[01m\x1b[Kvirtual void sl::internal::LIDARSampleDataListener::onDecodingError(int, _u8, const void*, size_t)\x1b[m\x1b[K\xe2\x80\x99:\n'}
[36.033073] (sllidar_ros2) StderrLine: {'line': b'\x1b[01m\x1b[K/home/arno/RoombaV2Onboard/src/sllidar_ros2/sdk/src/dataunpacker/unpacker/../dataunpacker.h:56:42:\x1b[m\x1b[K \x1b[01;35m\x1b[Kwarning: \x1b[m\x1b[Kunused parameter \xe2\x80\x98\x1b[01m\x1b[KerrMsg\x1b[m\x1b[K\xe2\x80\x99 [\x1b[01;35m\x1b[K\x1b]8;;https://gcc.gnu.org/onlinedocs/gcc/Warning-Options.html#index-Wunused-parameter\x07-Wunused-parameter\x1b]8;;\x07\x1b[m\x1b[K]\n'}
[36.033901] (sllidar_ros2) StderrLine: {'line': b'   56 |         virtual void onDecodingError(\x1b[01;35m\x1b[Kint errMsg\x1b[m\x1b[K, _u8 ansType, const void* payload, size_t size) {}\n'}
[36.034637] (sllidar_ros2) StderrLine: {'line': b'      |                                      \x1b[01;35m\x1b[K~~~~^~~~~~\x1b[m\x1b[K\n'}
[36.051708] (sllidar_ros2) StderrLine: {'line': b'\x1b[01m\x1b[K/home/arno/RoombaV2Onboard/src/sllidar_ros2/sdk/src/dataunpacker/unpacker/../dataunpacker.h:56:54:\x1b[m\x1b[K \x1b[01;35m\x1b[Kwarning: \x1b[m\x1b[Kunused parameter \xe2\x80\x98\x1b[01m\x1b[KansType\x1b[m\x1b[K\xe2\x80\x99 [\x1b[01;35m\x1b[K\x1b]8;;https://gcc.gnu.org/onlinedocs/gcc/Warning-Options.html#index-Wunused-parameter\x07-Wunused-parameter\x1b]8;;\x07\x1b[m\x1b[K]\n'}
[36.052559] (sllidar_ros2) StderrLine: {'line': b'   56 |         virtual void onDecodingError(int errMsg, \x1b[01;35m\x1b[K_u8 ansType\x1b[m\x1b[K, const void* payload, size_t size) {}\n'}
[36.053336] (sllidar_ros2) StderrLine: {'line': b'      |                                                  \x1b[01;35m\x1b[K~~~~^~~~~~~\x1b[m\x1b[K\n'}
[36.054128] (sllidar_ros2) StderrLine: {'line': b'\x1b[01m\x1b[K/home/arno/RoombaV2Onboard/src/sllidar_ros2/sdk/src/dataunpacker/unpacker/../dataunpacker.h:56:75:\x1b[m\x1b[K \x1b[01;35m\x1b[Kwarning: \x1b[m\x1b[Kunused parameter \xe2\x80\x98\x1b[01m\x1b[Kpayload\x1b[m\x1b[K\xe2\x80\x99 [\x1b[01;35m\x1b[K\x1b]8;;https://gcc.gnu.org/onlinedocs/gcc/Warning-Options.html#index-Wunused-parameter\x07-Wunused-parameter\x1b]8;;\x07\x1b[m\x1b[K]\n'}
[36.054919] (sllidar_ros2) StderrLine: {'line': b'   56 |         virtual void onDecodingError(int errMsg, _u8 ansType, \x1b[01;35m\x1b[Kconst void* payload\x1b[m\x1b[K, size_t size) {}\n'}
[36.067725] (sllidar_ros2) StderrLine: {'line': b'      |                                                               \x1b[01;35m\x1b[K~~~~~~~~~~~~^~~~~~~\x1b[m\x1b[K\n'}
[36.068607] (sllidar_ros2) StderrLine: {'line': b'\x1b[01m\x1b[K/home/arno/RoombaV2Onboard/src/sllidar_ros2/sdk/src/dataunpacker/unpacker/../dataunpacker.h:56:91:\x1b[m\x1b[K \x1b[01;35m\x1b[Kwarning: \x1b[m\x1b[Kunused parameter \xe2\x80\x98\x1b[01m\x1b[Ksize\x1b[m\x1b[K\xe2\x80\x99 [\x1b[01;35m\x1b[K\x1b]8;;https://gcc.gnu.org/onlinedocs/gcc/Warning-Options.html#index-Wunused-parameter\x07-Wunused-parameter\x1b]8;;\x07\x1b[m\x1b[K]\n'}
[36.069447] (sllidar_ros2) StderrLine: {'line': b'   56 |         virtual void onDecodingError(int errMsg, _u8 ansType, const void* payload, \x1b[01;35m\x1b[Ksize_t size\x1b[m\x1b[K) {}\n'}
[36.070249] (sllidar_ros2) StderrLine: {'line': b'      |                                                                                    \x1b[01;35m\x1b[K~~~~~~~^~~~\x1b[m\x1b[K\n'}
[36.108816] (-) TimerEvent: {}
[36.210467] (-) TimerEvent: {}
[36.312225] (-) TimerEvent: {}
[36.413954] (-) TimerEvent: {}
[36.516077] (-) TimerEvent: {}
[36.618025] (-) TimerEvent: {}
[36.719933] (-) TimerEvent: {}
[36.821608] (-) TimerEvent: {}
[36.923176] (-) TimerEvent: {}
[37.024973] (-) TimerEvent: {}
[37.126842] (-) TimerEvent: {}
[37.228578] (-) TimerEvent: {}
[37.330346] (-) TimerEvent: {}
[37.379582] (sllidar_ros2) StdoutLine: {'line': b'[ 50%] \x1b[32mBuilding CXX object CMakeFiles/sllidar_node.dir/sdk/src/hal/thread.cpp.o\x1b[0m\n'}
[37.430587] (-) TimerEvent: {}
[37.532292] (-) TimerEvent: {}
[37.634127] (-) TimerEvent: {}
[37.735809] (-) TimerEvent: {}
[37.837610] (-) TimerEvent: {}
[37.939276] (-) TimerEvent: {}
[38.040914] (-) TimerEvent: {}
[38.142766] (-) TimerEvent: {}
[38.244595] (-) TimerEvent: {}
[38.346607] (-) TimerEvent: {}
[38.448269] (-) TimerEvent: {}
[38.549161] (-) TimerEvent: {}
[38.650256] (-) TimerEvent: {}
[38.715634] (sllidar_ros2) StderrLine: {'line': b'In file included from \x1b[01m\x1b[K/home/arno/RoombaV2Onboard/src/sllidar_ros2/./sdk/include/rplidar_protocol.h:36\x1b[m\x1b[K,\n'}
[38.716501] (sllidar_ros2) StderrLine: {'line': b'                 from \x1b[01m\x1b[K/home/arno/RoombaV2Onboard/src/sllidar_ros2/./sdk/include/rplidar.h:39\x1b[m\x1b[K,\n'}
[38.717286] (sllidar_ros2) StderrLine: {'line': b'                 from \x1b[01m\x1b[K/home/arno/RoombaV2Onboard/src/sllidar_ros2/./sdk/src/sdkcommon.h:49\x1b[m\x1b[K,\n'}
[38.718603] (sllidar_ros2) StderrLine: {'line': b'                 from \x1b[01m\x1b[K/home/arno/RoombaV2Onboard/src/sllidar_ros2/sdk/src/dataunpacker/unpacker/../dataunnpacker_commondef.h:41\x1b[m\x1b[K,\n'}
[38.719517] (sllidar_ros2) StderrLine: {'line': b'                 from \x1b[01m\x1b[K/home/arno/RoombaV2Onboard/src/sllidar_ros2/sdk/src/dataunpacker/unpacker/handler_normalnode.cpp:39\x1b[m\x1b[K:\n'}
[38.720134] (sllidar_ros2) StderrLine: {'line': b'\x1b[01m\x1b[K/home/arno/RoombaV2Onboard/src/sllidar_ros2/./sdk/include/sl_lidar_protocol.h:66:16:\x1b[m\x1b[K \x1b[01;35m\x1b[Kwarning: \x1b[m\x1b[KISO C++ forbids zero-size array \xe2\x80\x98\x1b[01m\x1b[Kdata\x1b[m\x1b[K\xe2\x80\x99 [\x1b[01;35m\x1b[K\x1b]8;;https://gcc.gnu.org/onlinedocs/gcc/Warning-Options.html#index-Wpedantic\x07-Wpedantic\x1b]8;;\x07\x1b[m\x1b[K]\n'}
[38.720802] (sllidar_ros2) StderrLine: {'line': b'   66 |     sl_u8 data[\x1b[01;35m\x1b[K0\x1b[m\x1b[K];\n'}
[38.721655] (sllidar_ros2) StderrLine: {'line': b'      |                \x1b[01;35m\x1b[K^\x1b[m\x1b[K\n'}
[38.722214] (sllidar_ros2) StderrLine: {'line': b'In file included from \x1b[01m\x1b[K/home/arno/RoombaV2Onboard/src/sllidar_ros2/./sdk/include/rplidar_cmd.h:36\x1b[m\x1b[K,\n'}
[38.722865] (sllidar_ros2) StderrLine: {'line': b'                 from \x1b[01m\x1b[K/home/arno/RoombaV2Onboard/src/sllidar_ros2/./sdk/include/rplidar.h:40\x1b[m\x1b[K,\n'}
[38.723545] (sllidar_ros2) StderrLine: {'line': b'                 from \x1b[01m\x1b[K/home/arno/RoombaV2Onboard/src/sllidar_ros2/./sdk/src/sdkcommon.h:49\x1b[m\x1b[K,\n'}
[38.724179] (sllidar_ros2) StderrLine: {'line': b'                 from \x1b[01m\x1b[K/home/arno/RoombaV2Onboard/src/sllidar_ros2/sdk/src/dataunpacker/unpacker/../dataunnpacker_commondef.h:41\x1b[m\x1b[K,\n'}
[38.724735] (sllidar_ros2) StderrLine: {'line': b'                 from \x1b[01m\x1b[K/home/arno/RoombaV2Onboard/src/sllidar_ros2/sdk/src/dataunpacker/unpacker/handler_normalnode.cpp:39\x1b[m\x1b[K:\n'}
[38.725323] (sllidar_ros2) StderrLine: {'line': b'\x1b[01m\x1b[K/home/arno/RoombaV2Onboard/src/sllidar_ros2/./sdk/include/sl_lidar_cmd.h:324:20:\x1b[m\x1b[K \x1b[01;35m\x1b[Kwarning: \x1b[m\x1b[KISO C++ forbids zero-size array \xe2\x80\x98\x1b[01m\x1b[Kpayload\x1b[m\x1b[K\xe2\x80\x99 [\x1b[01;35m\x1b[K\x1b]8;;https://gcc.gnu.org/onlinedocs/gcc/Warning-Options.html#index-Wpedantic\x07-Wpedantic\x1b]8;;\x07\x1b[m\x1b[K]\n'}
[38.725991] (sllidar_ros2) StderrLine: {'line': b'  324 |     sl_u8  payload[\x1b[01;35m\x1b[K0\x1b[m\x1b[K];\n'}
[38.726656] (sllidar_ros2) StderrLine: {'line': b'      |                    \x1b[01;35m\x1b[K^\x1b[m\x1b[K\n'}
[38.750742] (-) TimerEvent: {}
[38.852272] (-) TimerEvent: {}
[38.953405] (-) TimerEvent: {}
[39.054433] (-) TimerEvent: {}
[39.155510] (-) TimerEvent: {}
[39.257110] (-) TimerEvent: {}
[39.358384] (-) TimerEvent: {}
[39.460145] (-) TimerEvent: {}
[39.561649] (-) TimerEvent: {}
[39.663498] (-) TimerEvent: {}
[39.765573] (-) TimerEvent: {}
[39.867273] (-) TimerEvent: {}
[39.874895] (sllidar_ros2) StderrLine: {'line': b'In file included from \x1b[01m\x1b[K/home/arno/RoombaV2Onboard/src/sllidar_ros2/sdk/src/dataunpacker/unpacker/handler_normalnode.cpp:40\x1b[m\x1b[K:\n'}
[39.875931] (sllidar_ros2) StderrLine: {'line': b'\x1b[01m\x1b[K/home/arno/RoombaV2Onboard/src/sllidar_ros2/sdk/src/dataunpacker/unpacker/../dataunpacker.h:\x1b[m\x1b[K In member function \xe2\x80\x98\x1b[01m\x1b[Kvirtual void sl::internal::LIDARSampleDataListener::onCustomSampleDataDecoded(_u8, _u32, const void*, size_t)\x1b[m\x1b[K\xe2\x80\x99:\n'}
[39.876698] (sllidar_ros2) StderrLine: {'line': b'\x1b[01m\x1b[K/home/arno/RoombaV2Onboard/src/sllidar_ros2/sdk/src/dataunpacker/unpacker/../dataunpacker.h:54:52:\x1b[m\x1b[K \x1b[01;35m\x1b[Kwarning: \x1b[m\x1b[Kunused parameter \xe2\x80\x98\x1b[01m\x1b[KansType\x1b[m\x1b[K\xe2\x80\x99 [\x1b[01;35m\x1b[K\x1b]8;;https://gcc.gnu.org/onlinedocs/gcc/Warning-Options.html#index-Wunused-parameter\x07-Wunused-parameter\x1b]8;;\x07\x1b[m\x1b[K]\n'}
[39.877465] (sllidar_ros2) StderrLine: {'line': b'   54 |         virtual void onCustomSampleDataDecoded(\x1b[01;35m\x1b[K_u8 ansType\x1b[m\x1b[K, _u32 customCode, const void* data, size_t size) {}\n'}
[39.878160] (sllidar_ros2) StderrLine: {'line': b'      |                                                \x1b[01;35m\x1b[K~~~~^~~~~~~\x1b[m\x1b[K\n'}
[39.878848] (sllidar_ros2) StderrLine: {'line': b'\x1b[01m\x1b[K/home/arno/RoombaV2Onboard/src/sllidar_ros2/sdk/src/dataunpacker/unpacker/../dataunpacker.h:54:66:\x1b[m\x1b[K \x1b[01;35m\x1b[Kwarning: \x1b[m\x1b[Kunused parameter \xe2\x80\x98\x1b[01m\x1b[KcustomCode\x1b[m\x1b[K\xe2\x80\x99 [\x1b[01;35m\x1b[K\x1b]8;;https://gcc.gnu.org/onlinedocs/gcc/Warning-Options.html#index-Wunused-parameter\x07-Wunused-parameter\x1b]8;;\x07\x1b[m\x1b[K]\n'}
[39.879847] (sllidar_ros2) StderrLine: {'line': b'   54 |         virtual void onCustomSampleDataDecoded(_u8 ansType, \x1b[01;35m\x1b[K_u32 customCode\x1b[m\x1b[K, const void* data, size_t size) {}\n'}
[39.880724] (sllidar_ros2) StderrLine: {'line': b'      |                                                             \x1b[01;35m\x1b[K~~~~~^~~~~~~~~~\x1b[m\x1b[K\n'}
[39.881579] (sllidar_ros2) StderrLine: {'line': b'\x1b[01m\x1b[K/home/arno/RoombaV2Onboard/src/sllidar_ros2/sdk/src/dataunpacker/unpacker/../dataunpacker.h:54:90:\x1b[m\x1b[K \x1b[01;35m\x1b[Kwarning: \x1b[m\x1b[Kunused parameter \xe2\x80\x98\x1b[01m\x1b[Kdata\x1b[m\x1b[K\xe2\x80\x99 [\x1b[01;35m\x1b[K\x1b]8;;https://gcc.gnu.org/onlinedocs/gcc/Warning-Options.html#index-Wunused-parameter\x07-Wunused-parameter\x1b]8;;\x07\x1b[m\x1b[K]\n'}
[39.882566] (sllidar_ros2) StderrLine: {'line': b'   54 |         virtual void onCustomSampleDataDecoded(_u8 ansType, _u32 customCode, \x1b[01;35m\x1b[Kconst void* data\x1b[m\x1b[K, size_t size) {}\n'}
[39.888863] (sllidar_ros2) StderrLine: {'line': b'      |                                                                              \x1b[01;35m\x1b[K~~~~~~~~~~~~^~~~\x1b[m\x1b[K\n'}
[39.889652] (sllidar_ros2) StderrLine: {'line': b'\x1b[01m\x1b[K/home/arno/RoombaV2Onboard/src/sllidar_ros2/sdk/src/dataunpacker/unpacker/../dataunpacker.h:54:103:\x1b[m\x1b[K \x1b[01;35m\x1b[Kwarning: \x1b[m\x1b[Kunused parameter \xe2\x80\x98\x1b[01m\x1b[Ksize\x1b[m\x1b[K\xe2\x80\x99 [\x1b[01;35m\x1b[K\x1b]8;;https://gcc.gnu.org/onlinedocs/gcc/Warning-Options.html#index-Wunused-parameter\x07-Wunused-parameter\x1b]8;;\x07\x1b[m\x1b[K]\n'}
[39.890435] (sllidar_ros2) StderrLine: {'line': b'   54 |         virtual void onCustomSampleDataDecoded(_u8 ansType, _u32 customCode, const void* data, \x1b[01;35m\x1b[Ksize_t size\x1b[m\x1b[K) {}\n'}
[39.891141] (sllidar_ros2) StderrLine: {'line': b'      |                                                                                                \x1b[01;35m\x1b[K~~~~~~~^~~~\x1b[m\x1b[K\n'}
[39.891885] (sllidar_ros2) StderrLine: {'line': b'\x1b[01m\x1b[K/home/arno/RoombaV2Onboard/src/sllidar_ros2/sdk/src/dataunpacker/unpacker/../dataunpacker.h:\x1b[m\x1b[K In member function \xe2\x80\x98\x1b[01m\x1b[Kvirtual void sl::internal::LIDARSampleDataListener::onDecodingError(int, _u8, const void*, size_t)\x1b[m\x1b[K\xe2\x80\x99:\n'}
[39.892605] (sllidar_ros2) StderrLine: {'line': b'\x1b[01m\x1b[K/home/arno/RoombaV2Onboard/src/sllidar_ros2/sdk/src/dataunpacker/unpacker/../dataunpacker.h:56:42:\x1b[m\x1b[K \x1b[01;35m\x1b[Kwarning: \x1b[m\x1b[Kunused parameter \xe2\x80\x98\x1b[01m\x1b[KerrMsg\x1b[m\x1b[K\xe2\x80\x99 [\x1b[01;35m\x1b[K\x1b]8;;https://gcc.gnu.org/onlinedocs/gcc/Warning-Options.html#index-Wunused-parameter\x07-Wunused-parameter\x1b]8;;\x07\x1b[m\x1b[K]\n'}
[39.893534] (sllidar_ros2) StderrLine: {'line': b'   56 |         virtual void onDecodingError(\x1b[01;35m\x1b[Kint errMsg\x1b[m\x1b[K, _u8 ansType, const void* payload, size_t size) {}\n'}
[39.894277] (sllidar_ros2) StderrLine: {'line': b'      |                                      \x1b[01;35m\x1b[K~~~~^~~~~~\x1b[m\x1b[K\n'}
[39.894989] (sllidar_ros2) StderrLine: {'line': b'\x1b[01m\x1b[K/home/arno/RoombaV2Onboard/src/sllidar_ros2/sdk/src/dataunpacker/unpacker/../dataunpacker.h:56:54:\x1b[m\x1b[K \x1b[01;35m\x1b[Kwarning: \x1b[m\x1b[Kunused parameter \xe2\x80\x98\x1b[01m\x1b[KansType\x1b[m\x1b[K\xe2\x80\x99 [\x1b[01;35m\x1b[K\x1b]8;;https://gcc.gnu.org/onlinedocs/gcc/Warning-Options.html#index-Wunused-parameter\x07-Wunused-parameter\x1b]8;;\x07\x1b[m\x1b[K]\n'}
[39.911990] (sllidar_ros2) StderrLine: {'line': b'   56 |         virtual void onDecodingError(int errMsg, \x1b[01;35m\x1b[K_u8 ansType\x1b[m\x1b[K, const void* payload, size_t size) {}\n'}
[39.912740] (sllidar_ros2) StderrLine: {'line': b'      |                                                  \x1b[01;35m\x1b[K~~~~^~~~~~~\x1b[m\x1b[K\n'}
[39.913443] (sllidar_ros2) StderrLine: {'line': b'\x1b[01m\x1b[K/home/arno/RoombaV2Onboard/src/sllidar_ros2/sdk/src/dataunpacker/unpacker/../dataunpacker.h:56:75:\x1b[m\x1b[K \x1b[01;35m\x1b[Kwarning: \x1b[m\x1b[Kunused parameter \xe2\x80\x98\x1b[01m\x1b[Kpayload\x1b[m\x1b[K\xe2\x80\x99 [\x1b[01;35m\x1b[K\x1b]8;;https://gcc.gnu.org/onlinedocs/gcc/Warning-Options.html#index-Wunused-parameter\x07-Wunused-parameter\x1b]8;;\x07\x1b[m\x1b[K]\n'}
[39.914265] (sllidar_ros2) StderrLine: {'line': b'   56 |         virtual void onDecodingError(int errMsg, _u8 ansType, \x1b[01;35m\x1b[Kconst void* payload\x1b[m\x1b[K, size_t size) {}\n'}
[39.914989] (sllidar_ros2) StderrLine: {'line': b'      |                                                               \x1b[01;35m\x1b[K~~~~~~~~~~~~^~~~~~~\x1b[m\x1b[K\n'}
[39.915836] (sllidar_ros2) StderrLine: {'line': b'\x1b[01m\x1b[K/home/arno/RoombaV2Onboard/src/sllidar_ros2/sdk/src/dataunpacker/unpacker/../dataunpacker.h:56:91:\x1b[m\x1b[K \x1b[01;35m\x1b[Kwarning: \x1b[m\x1b[Kunused parameter \xe2\x80\x98\x1b[01m\x1b[Ksize\x1b[m\x1b[K\xe2\x80\x99 [\x1b[01;35m\x1b[K\x1b]8;;https://gcc.gnu.org/onlinedocs/gcc/Warning-Options.html#index-Wunused-parameter\x07-Wunused-parameter\x1b]8;;\x07\x1b[m\x1b[K]\n'}
[39.916642] (sllidar_ros2) StderrLine: {'line': b'   56 |         virtual void onDecodingError(int errMsg, _u8 ansType, const void* payload, \x1b[01;35m\x1b[Ksize_t size\x1b[m\x1b[K) {}\n'}
[39.917349] (sllidar_ros2) StderrLine: {'line': b'      |                                                                                    \x1b[01;35m\x1b[K~~~~~~~^~~~\x1b[m\x1b[K\n'}
[39.967557] (-) TimerEvent: {}
[40.069240] (-) TimerEvent: {}
[40.170986] (-) TimerEvent: {}
[40.272712] (-) TimerEvent: {}
[40.374369] (-) TimerEvent: {}
[40.476332] (-) TimerEvent: {}
[40.578382] (-) TimerEvent: {}
[40.680479] (-) TimerEvent: {}
[40.721830] (sllidar_ros2) StdoutLine: {'line': b'[ 55%] \x1b[32mBuilding CXX object CMakeFiles/sllidar_node.dir/sdk/src/rplidar_driver.cpp.o\x1b[0m\n'}
[40.780747] (-) TimerEvent: {}
[40.882561] (-) TimerEvent: {}
[40.984438] (-) TimerEvent: {}
[41.085981] (-) TimerEvent: {}
[41.187685] (-) TimerEvent: {}
[41.289194] (-) TimerEvent: {}
[41.391088] (-) TimerEvent: {}
[41.477184] (sllidar_ros2) StderrLine: {'line': b'In file included from \x1b[01m\x1b[K/home/arno/RoombaV2Onboard/src/sllidar_ros2/./sdk/include/rplidar_protocol.h:36\x1b[m\x1b[K,\n'}
[41.478063] (sllidar_ros2) StderrLine: {'line': b'                 from \x1b[01m\x1b[K/home/arno/RoombaV2Onboard/src/sllidar_ros2/./sdk/include/rplidar.h:39\x1b[m\x1b[K,\n'}
[41.478767] (sllidar_ros2) StderrLine: {'line': b'                 from \x1b[01m\x1b[K/home/arno/RoombaV2Onboard/src/sllidar_ros2/./sdk/src/sdkcommon.h:49\x1b[m\x1b[K,\n'}
[41.479756] (sllidar_ros2) StderrLine: {'line': b'                 from \x1b[01m\x1b[K/home/arno/RoombaV2Onboard/src/sllidar_ros2/sdk/src/hal/thread.cpp:35\x1b[m\x1b[K:\n'}
[41.480568] (sllidar_ros2) StderrLine: {'line': b'\x1b[01m\x1b[K/home/arno/RoombaV2Onboard/src/sllidar_ros2/./sdk/include/sl_lidar_protocol.h:66:16:\x1b[m\x1b[K \x1b[01;35m\x1b[Kwarning: \x1b[m\x1b[KISO C++ forbids zero-size array \xe2\x80\x98\x1b[01m\x1b[Kdata\x1b[m\x1b[K\xe2\x80\x99 [\x1b[01;35m\x1b[K\x1b]8;;https://gcc.gnu.org/onlinedocs/gcc/Warning-Options.html#index-Wpedantic\x07-Wpedantic\x1b]8;;\x07\x1b[m\x1b[K]\n'}
[41.481173] (sllidar_ros2) StderrLine: {'line': b'   66 |     sl_u8 data[\x1b[01;35m\x1b[K0\x1b[m\x1b[K];\n'}
[41.481776] (sllidar_ros2) StderrLine: {'line': b'      |                \x1b[01;35m\x1b[K^\x1b[m\x1b[K\n'}
[41.482298] (sllidar_ros2) StderrLine: {'line': b'In file included from \x1b[01m\x1b[K/home/arno/RoombaV2Onboard/src/sllidar_ros2/./sdk/include/rplidar_cmd.h:36\x1b[m\x1b[K,\n'}
[41.483037] (sllidar_ros2) StderrLine: {'line': b'                 from \x1b[01m\x1b[K/home/arno/RoombaV2Onboard/src/sllidar_ros2/./sdk/include/rplidar.h:40\x1b[m\x1b[K,\n'}
[41.483681] (sllidar_ros2) StderrLine: {'line': b'                 from \x1b[01m\x1b[K/home/arno/RoombaV2Onboard/src/sllidar_ros2/./sdk/src/sdkcommon.h:49\x1b[m\x1b[K,\n'}
[41.484306] (sllidar_ros2) StderrLine: {'line': b'                 from \x1b[01m\x1b[K/home/arno/RoombaV2Onboard/src/sllidar_ros2/sdk/src/hal/thread.cpp:35\x1b[m\x1b[K:\n'}
[41.484836] (sllidar_ros2) StderrLine: {'line': b'\x1b[01m\x1b[K/home/arno/RoombaV2Onboard/src/sllidar_ros2/./sdk/include/sl_lidar_cmd.h:324:20:\x1b[m\x1b[K \x1b[01;35m\x1b[Kwarning: \x1b[m\x1b[KISO C++ forbids zero-size array \xe2\x80\x98\x1b[01m\x1b[Kpayload\x1b[m\x1b[K\xe2\x80\x99 [\x1b[01;35m\x1b[K\x1b]8;;https://gcc.gnu.org/onlinedocs/gcc/Warning-Options.html#index-Wpedantic\x07-Wpedantic\x1b]8;;\x07\x1b[m\x1b[K]\n'}
[41.485386] (sllidar_ros2) StderrLine: {'line': b'  324 |     sl_u8  payload[\x1b[01;35m\x1b[K0\x1b[m\x1b[K];\n'}
[41.485881] (sllidar_ros2) StderrLine: {'line': b'      |                    \x1b[01;35m\x1b[K^\x1b[m\x1b[K\n'}
[41.491257] (-) TimerEvent: {}
[41.592313] (-) TimerEvent: {}
[41.693550] (-) TimerEvent: {}
[41.742025] (sllidar_ros2) StderrLine: {'line': b'In file included from \x1b[01m\x1b[K/home/arno/RoombaV2Onboard/src/sllidar_ros2/sdk/src/hal/thread.cpp:43\x1b[m\x1b[K:\n'}
[41.742941] (sllidar_ros2) StderrLine: {'line': b'\x1b[01m\x1b[K/home/arno/RoombaV2Onboard/src/sllidar_ros2/./sdk/src/arch/linux/thread.hpp:\x1b[m\x1b[K In static member function \xe2\x80\x98\x1b[01m\x1b[Kstatic rp::hal::Thread rp::hal::Thread::create(thread_proc_t, void*)\x1b[m\x1b[K\xe2\x80\x99:\n'}
[41.744576] (sllidar_ros2) StderrLine: {'line': b'\x1b[01m\x1b[K/home/arno/RoombaV2Onboard/src/sllidar_ros2/./sdk/src/arch/linux/thread.hpp:52:57:\x1b[m\x1b[K \x1b[01;35m\x1b[Kwarning: \x1b[m\x1b[Kcast between incompatible function types from \xe2\x80\x98\x1b[01m\x1b[Kthread_proc_t\x1b[m\x1b[K\xe2\x80\x99 {aka \xe2\x80\x98\x1b[01m\x1b[Klong unsigned int (*)(void*)\x1b[m\x1b[K\xe2\x80\x99} to \xe2\x80\x98\x1b[01m\x1b[Kvoid* (*)(void*)\x1b[m\x1b[K\xe2\x80\x99 [\x1b[01;35m\x1b[K\x1b]8;;https://gcc.gnu.org/onlinedocs/gcc/Warning-Options.html#index-Wcast-function-type\x07-Wcast-function-type\x1b]8;;\x07\x1b[m\x1b[K]\n'}
[41.745864] (sllidar_ros2) StderrLine: {'line': b'   52 |     pthread_create((pthread_t *)&newborn._handle, NULL, \x1b[01;35m\x1b[K(void * (*)(void *))proc\x1b[m\x1b[K, data);\n'}
[41.746575] (sllidar_ros2) StderrLine: {'line': b'      |                                                         \x1b[01;35m\x1b[K^~~~~~~~~~~~~~~~~~~~~~~~\x1b[m\x1b[K\n'}
[41.748014] (sllidar_ros2) StderrLine: {'line': b'\x1b[01m\x1b[K/home/arno/RoombaV2Onboard/src/sllidar_ros2/./sdk/src/arch/linux/thread.hpp:\x1b[m\x1b[K In member function \xe2\x80\x98\x1b[01m\x1b[Ku_result rp::hal::Thread::join(long unsigned int)\x1b[m\x1b[K\xe2\x80\x99:\n'}
[41.748550] (sllidar_ros2) StderrLine: {'line': b'\x1b[01m\x1b[K/home/arno/RoombaV2Onboard/src/sllidar_ros2/./sdk/src/arch/linux/thread.hpp:176:37:\x1b[m\x1b[K \x1b[01;35m\x1b[Kwarning: \x1b[m\x1b[Kunused parameter \xe2\x80\x98\x1b[01m\x1b[Ktimeout\x1b[m\x1b[K\xe2\x80\x99 [\x1b[01;35m\x1b[K\x1b]8;;https://gcc.gnu.org/onlinedocs/gcc/Warning-Options.html#index-Wunused-parameter\x07-Wunused-parameter\x1b]8;;\x07\x1b[m\x1b[K]\n'}
[41.749097] (sllidar_ros2) StderrLine: {'line': b'  176 | u_result Thread::join(\x1b[01;35m\x1b[Kunsigned long timeout\x1b[m\x1b[K)\n'}
[41.749647] (sllidar_ros2) StderrLine: {'line': b'      |                       \x1b[01;35m\x1b[K~~~~~~~~~~~~~~^~~~~~~\x1b[m\x1b[K\n'}
[41.793797] (-) TimerEvent: {}
[41.895290] (-) TimerEvent: {}
[41.996913] (-) TimerEvent: {}
[42.098430] (-) TimerEvent: {}
[42.200020] (-) TimerEvent: {}
[42.252018] (sllidar_ros2) StdoutLine: {'line': b'[ 60%] \x1b[32mBuilding CXX object CMakeFiles/sllidar_node.dir/sdk/src/sl_async_transceiver.cpp.o\x1b[0m\n'}
[42.300271] (-) TimerEvent: {}
[42.401240] (-) TimerEvent: {}
[42.427743] (sllidar_ros2) StderrLine: {'line': b'In file included from \x1b[01m\x1b[K/home/arno/RoombaV2Onboard/src/sllidar_ros2/./sdk/include/sl_lidar_cmd.h:41\x1b[m\x1b[K,\n'}
[42.428604] (sllidar_ros2) StderrLine: {'line': b'                 from \x1b[01m\x1b[K/home/arno/RoombaV2Onboard/src/sllidar_ros2/./sdk/include/sl_lidar_driver.h:54\x1b[m\x1b[K,\n'}
[42.429388] (sllidar_ros2) StderrLine: {'line': b'                 from \x1b[01m\x1b[K/home/arno/RoombaV2Onboard/src/sllidar_ros2/./sdk/include/sl_lidar.h:36\x1b[m\x1b[K,\n'}
[42.430655] (sllidar_ros2) StderrLine: {'line': b'                 from \x1b[01m\x1b[K/home/arno/RoombaV2Onboard/src/sllidar_ros2/src/sllidar_node.cpp:38\x1b[m\x1b[K:\n'}
[42.431665] (sllidar_ros2) StderrLine: {'line': b'\x1b[01m\x1b[K/home/arno/RoombaV2Onboard/src/sllidar_ros2/./sdk/include/sl_lidar_protocol.h:66:16:\x1b[m\x1b[K \x1b[01;35m\x1b[Kwarning: \x1b[m\x1b[KISO C++ forbids zero-size array \xe2\x80\x98\x1b[01m\x1b[Kdata\x1b[m\x1b[K\xe2\x80\x99 [\x1b[01;35m\x1b[K\x1b]8;;https://gcc.gnu.org/onlinedocs/gcc/Warning-Options.html#index-Wpedantic\x07-Wpedantic\x1b]8;;\x07\x1b[m\x1b[K]\n'}
[42.432478] (sllidar_ros2) StderrLine: {'line': b'   66 |     sl_u8 data[\x1b[01;35m\x1b[K0\x1b[m\x1b[K];\n'}
[42.433289] (sllidar_ros2) StderrLine: {'line': b'      |                \x1b[01;35m\x1b[K^\x1b[m\x1b[K\n'}
[42.434077] (sllidar_ros2) StderrLine: {'line': b'In file included from \x1b[01m\x1b[K/home/arno/RoombaV2Onboard/src/sllidar_ros2/./sdk/include/sl_lidar_driver.h:54\x1b[m\x1b[K,\n'}
[42.434787] (sllidar_ros2) StderrLine: {'line': b'                 from \x1b[01m\x1b[K/home/arno/RoombaV2Onboard/src/sllidar_ros2/./sdk/include/sl_lidar.h:36\x1b[m\x1b[K,\n'}
[42.435536] (sllidar_ros2) StderrLine: {'line': b'                 from \x1b[01m\x1b[K/home/arno/RoombaV2Onboard/src/sllidar_ros2/src/sllidar_node.cpp:38\x1b[m\x1b[K:\n'}
[42.436148] (sllidar_ros2) StderrLine: {'line': b'\x1b[01m\x1b[K/home/arno/RoombaV2Onboard/src/sllidar_ros2/./sdk/include/sl_lidar_cmd.h:324:20:\x1b[m\x1b[K \x1b[01;35m\x1b[Kwarning: \x1b[m\x1b[KISO C++ forbids zero-size array \xe2\x80\x98\x1b[01m\x1b[Kpayload\x1b[m\x1b[K\xe2\x80\x99 [\x1b[01;35m\x1b[K\x1b]8;;https://gcc.gnu.org/onlinedocs/gcc/Warning-Options.html#index-Wpedantic\x07-Wpedantic\x1b]8;;\x07\x1b[m\x1b[K]\n'}
[42.436725] (sllidar_ros2) StderrLine: {'line': b'  324 |     sl_u8  payload[\x1b[01;35m\x1b[K0\x1b[m\x1b[K];\n'}
[42.437328] (sllidar_ros2) StderrLine: {'line': b'      |                    \x1b[01;35m\x1b[K^\x1b[m\x1b[K\n'}
[42.501534] (-) TimerEvent: {}
[42.603262] (-) TimerEvent: {}
[42.704761] (-) TimerEvent: {}
[42.806379] (-) TimerEvent: {}
[42.907876] (-) TimerEvent: {}
[43.009569] (-) TimerEvent: {}
[43.111655] (-) TimerEvent: {}
[43.213920] (-) TimerEvent: {}
[43.315318] (-) TimerEvent: {}
[43.416232] (-) TimerEvent: {}
[43.517225] (-) TimerEvent: {}
[43.618991] (-) TimerEvent: {}
[43.720758] (-) TimerEvent: {}
[43.822422] (-) TimerEvent: {}
[43.924181] (-) TimerEvent: {}
[44.025932] (-) TimerEvent: {}
[44.127630] (-) TimerEvent: {}
[44.229363] (-) TimerEvent: {}
[44.331198] (-) TimerEvent: {}
[44.432857] (-) TimerEvent: {}
[44.534706] (-) TimerEvent: {}
[44.571418] (sllidar_ros2) StderrLine: {'line': b'In file included from \x1b[01m\x1b[K/home/arno/RoombaV2Onboard/src/sllidar_ros2/./sdk/include/rplidar_protocol.h:36\x1b[m\x1b[K,\n'}
[44.572207] (sllidar_ros2) StderrLine: {'line': b'                 from \x1b[01m\x1b[K/home/arno/RoombaV2Onboard/src/sllidar_ros2/./sdk/include/rplidar.h:39\x1b[m\x1b[K,\n'}
[44.572867] (sllidar_ros2) StderrLine: {'line': b'                 from \x1b[01m\x1b[K/home/arno/RoombaV2Onboard/src/sllidar_ros2/sdk/src/sdkcommon.h:49\x1b[m\x1b[K,\n'}
[44.573792] (sllidar_ros2) StderrLine: {'line': b'                 from \x1b[01m\x1b[K/home/arno/RoombaV2Onboard/src/sllidar_ros2/sdk/src/rplidar_driver.cpp:33\x1b[m\x1b[K:\n'}
[44.574527] (sllidar_ros2) StderrLine: {'line': b'\x1b[01m\x1b[K/home/arno/RoombaV2Onboard/src/sllidar_ros2/./sdk/include/sl_lidar_protocol.h:66:16:\x1b[m\x1b[K \x1b[01;35m\x1b[Kwarning: \x1b[m\x1b[KISO C++ forbids zero-size array \xe2\x80\x98\x1b[01m\x1b[Kdata\x1b[m\x1b[K\xe2\x80\x99 [\x1b[01;35m\x1b[K\x1b]8;;https://gcc.gnu.org/onlinedocs/gcc/Warning-Options.html#index-Wpedantic\x07-Wpedantic\x1b]8;;\x07\x1b[m\x1b[K]\n'}
[44.575312] (sllidar_ros2) StderrLine: {'line': b'   66 |     sl_u8 data[\x1b[01;35m\x1b[K0\x1b[m\x1b[K];\n'}
[44.576200] (sllidar_ros2) StderrLine: {'line': b'      |                \x1b[01;35m\x1b[K^\x1b[m\x1b[K\n'}
[44.577318] (sllidar_ros2) StderrLine: {'line': b'In file included from \x1b[01m\x1b[K/home/arno/RoombaV2Onboard/src/sllidar_ros2/./sdk/include/rplidar_cmd.h:36\x1b[m\x1b[K,\n'}
[44.578046] (sllidar_ros2) StderrLine: {'line': b'                 from \x1b[01m\x1b[K/home/arno/RoombaV2Onboard/src/sllidar_ros2/./sdk/include/rplidar.h:40\x1b[m\x1b[K,\n'}
[44.578732] (sllidar_ros2) StderrLine: {'line': b'                 from \x1b[01m\x1b[K/home/arno/RoombaV2Onboard/src/sllidar_ros2/sdk/src/sdkcommon.h:49\x1b[m\x1b[K,\n'}
[44.579645] (sllidar_ros2) StderrLine: {'line': b'                 from \x1b[01m\x1b[K/home/arno/RoombaV2Onboard/src/sllidar_ros2/sdk/src/rplidar_driver.cpp:33\x1b[m\x1b[K:\n'}
[44.580336] (sllidar_ros2) StderrLine: {'line': b'\x1b[01m\x1b[K/home/arno/RoombaV2Onboard/src/sllidar_ros2/./sdk/include/sl_lidar_cmd.h:324:20:\x1b[m\x1b[K \x1b[01;35m\x1b[Kwarning: \x1b[m\x1b[KISO C++ forbids zero-size array \xe2\x80\x98\x1b[01m\x1b[Kpayload\x1b[m\x1b[K\xe2\x80\x99 [\x1b[01;35m\x1b[K\x1b]8;;https://gcc.gnu.org/onlinedocs/gcc/Warning-Options.html#index-Wpedantic\x07-Wpedantic\x1b]8;;\x07\x1b[m\x1b[K]\n'}
[44.581145] (sllidar_ros2) StderrLine: {'line': b'  324 |     sl_u8  payload[\x1b[01;35m\x1b[K0\x1b[m\x1b[K];\n'}
[44.582187] (sllidar_ros2) StderrLine: {'line': b'      |                    \x1b[01;35m\x1b[K^\x1b[m\x1b[K\n'}
[44.634975] (-) TimerEvent: {}
[44.736808] (-) TimerEvent: {}
[44.838705] (-) TimerEvent: {}
[44.940973] (-) TimerEvent: {}
[45.043171] (-) TimerEvent: {}
[45.145271] (-) TimerEvent: {}
[45.247647] (-) TimerEvent: {}
[45.349222] (-) TimerEvent: {}
[45.450936] (-) TimerEvent: {}
[45.553006] (-) TimerEvent: {}
[45.654824] (-) TimerEvent: {}
[45.756708] (-) TimerEvent: {}
[45.858838] (-) TimerEvent: {}
[45.960767] (-) TimerEvent: {}
[46.052550] (sllidar_ros2) StderrLine: {'line': b'\x1b[01m\x1b[K/home/arno/RoombaV2Onboard/src/sllidar_ros2/sdk/src/rplidar_driver.cpp:\x1b[m\x1b[K In member function \xe2\x80\x98\x1b[01m\x1b[Ku_result rp::standalone::rplidar::RPlidarDriver::connect(const char*, _u32, _u32)\x1b[m\x1b[K\xe2\x80\x99:\n'}
[46.053600] (sllidar_ros2) StderrLine: {'line': b'\x1b[01m\x1b[K/home/arno/RoombaV2Onboard/src/sllidar_ros2/sdk/src/rplidar_driver.cpp:67:77:\x1b[m\x1b[K \x1b[01;35m\x1b[Kwarning: \x1b[m\x1b[Kunused parameter \xe2\x80\x98\x1b[01m\x1b[Kflag\x1b[m\x1b[K\xe2\x80\x99 [\x1b[01;35m\x1b[K\x1b]8;;https://gcc.gnu.org/onlinedocs/gcc/Warning-Options.html#index-Wunused-parameter\x07-Wunused-parameter\x1b]8;;\x07\x1b[m\x1b[K]\n'}
[46.054360] (sllidar_ros2) StderrLine: {'line': b'   67 |     u_result RPlidarDriver::connect(const char *path, _u32 portOrBaud, \x1b[01;35m\x1b[K_u32 flag\x1b[m\x1b[K)\n'}
[46.055012] (sllidar_ros2) StderrLine: {'line': b'      |                                                                        \x1b[01;35m\x1b[K~~~~~^~~~\x1b[m\x1b[K\n'}
[46.056309] (sllidar_ros2) StderrLine: {'line': b'\x1b[01m\x1b[K/home/arno/RoombaV2Onboard/src/sllidar_ros2/sdk/src/rplidar_driver.cpp:\x1b[m\x1b[K In member function \xe2\x80\x98\x1b[01m\x1b[Ku_result rp::standalone::rplidar::RPlidarDriver::reset(_u32)\x1b[m\x1b[K\xe2\x80\x99:\n'}
[46.057346] (sllidar_ros2) StderrLine: {'line': b'\x1b[01m\x1b[K/home/arno/RoombaV2Onboard/src/sllidar_ros2/sdk/src/rplidar_driver.cpp:101:40:\x1b[m\x1b[K \x1b[01;35m\x1b[Kwarning: \x1b[m\x1b[Kunused parameter \xe2\x80\x98\x1b[01m\x1b[Ktimeout\x1b[m\x1b[K\xe2\x80\x99 [\x1b[01;35m\x1b[K\x1b]8;;https://gcc.gnu.org/onlinedocs/gcc/Warning-Options.html#index-Wunused-parameter\x07-Wunused-parameter\x1b]8;;\x07\x1b[m\x1b[K]\n'}
[46.058850] (sllidar_ros2) StderrLine: {'line': b'  101 |     u_result RPlidarDriver::reset(\x1b[01;35m\x1b[K_u32 timeout\x1b[m\x1b[K)\n'}
[46.059810] (sllidar_ros2) StderrLine: {'line': b'      |                                   \x1b[01;35m\x1b[K~~~~~^~~~~~~\x1b[m\x1b[K\n'}
[46.060793] (sllidar_ros2) StderrLine: {'line': b'\x1b[01m\x1b[K/home/arno/RoombaV2Onboard/src/sllidar_ros2/sdk/src/rplidar_driver.cpp:\x1b[m\x1b[K In member function \xe2\x80\x98\x1b[01m\x1b[Ku_result rp::standalone::rplidar::RPlidarDriver::getScanDataWithInterval(rplidar_response_measurement_node_t*, size_t&)\x1b[m\x1b[K\xe2\x80\x99:\n'}
[46.061760] (-) TimerEvent: {}
[46.071342] (sllidar_ros2) StderrLine: {'line': b'\x1b[01m\x1b[K/home/arno/RoombaV2Onboard/src/sllidar_ros2/sdk/src/rplidar_driver.cpp:180:91:\x1b[m\x1b[K \x1b[01;35m\x1b[Kwarning: \x1b[m\x1b[Kunused parameter \xe2\x80\x98\x1b[01m\x1b[Knodebuffer\x1b[m\x1b[K\xe2\x80\x99 [\x1b[01;35m\x1b[K\x1b]8;;https://gcc.gnu.org/onlinedocs/gcc/Warning-Options.html#index-Wunused-parameter\x07-Wunused-parameter\x1b]8;;\x07\x1b[m\x1b[K]\n'}
[46.072206] (sllidar_ros2) StderrLine: {'line': b'  180 |     u_result RPlidarDriver::getScanDataWithInterval(\x1b[01;35m\x1b[Krplidar_response_measurement_node_t * nodebuffer\x1b[m\x1b[K, size_t & count)\n'}
[46.072904] (sllidar_ros2) StderrLine: {'line': b'      |                                                     \x1b[01;35m\x1b[K~~~~~~~~~~~~~~~~~~~~~~~~~~~~~~~~~~~~~~^~~~~~~~~~\x1b[m\x1b[K\n'}
[46.073609] (sllidar_ros2) StderrLine: {'line': b'\x1b[01m\x1b[K/home/arno/RoombaV2Onboard/src/sllidar_ros2/sdk/src/rplidar_driver.cpp:180:112:\x1b[m\x1b[K \x1b[01;35m\x1b[Kwarning: \x1b[m\x1b[Kunused parameter \xe2\x80\x98\x1b[01m\x1b[Kcount\x1b[m\x1b[K\xe2\x80\x99 [\x1b[01;35m\x1b[K\x1b]8;;https://gcc.gnu.org/onlinedocs/gcc/Warning-Options.html#index-Wunused-parameter\x07-Wunused-parameter\x1b]8;;\x07\x1b[m\x1b[K]\n'}
[46.074354] (sllidar_ros2) StderrLine: {'line': b'  180 |     u_result RPlidarDriver::getScanDataWithInterval(rplidar_response_measurement_node_t * nodebuffer, \x1b[01;35m\x1b[Ksize_t & count\x1b[m\x1b[K)\n'}
[46.075191] (sllidar_ros2) StderrLine: {'line': b'      |                                                                                                       \x1b[01;35m\x1b[K~~~~~~~~~^~~~~\x1b[m\x1b[K\n'}
[46.162095] (-) TimerEvent: {}
[46.263209] (-) TimerEvent: {}
[46.364272] (-) TimerEvent: {}
[46.465242] (-) TimerEvent: {}
[46.566361] (-) TimerEvent: {}
[46.667455] (-) TimerEvent: {}
[46.769148] (-) TimerEvent: {}
[46.870874] (-) TimerEvent: {}
[46.972654] (-) TimerEvent: {}
[47.074466] (-) TimerEvent: {}
[47.176281] (-) TimerEvent: {}
[47.223723] (sllidar_ros2) StdoutLine: {'line': b'[ 65%] \x1b[32mBuilding CXX object CMakeFiles/sllidar_node.dir/sdk/src/sl_crc.cpp.o\x1b[0m\n'}
[47.276528] (-) TimerEvent: {}
[47.345605] (sllidar_ros2) StderrLine: {'line': b'In file included from \x1b[01m\x1b[K/home/arno/RoombaV2Onboard/src/sllidar_ros2/./sdk/include/rplidar_protocol.h:36\x1b[m\x1b[K,\n'}
[47.355612] (sllidar_ros2) StderrLine: {'line': b'                 from \x1b[01m\x1b[K/home/arno/RoombaV2Onboard/src/sllidar_ros2/./sdk/include/rplidar.h:39\x1b[m\x1b[K,\n'}
[47.356292] (sllidar_ros2) StderrLine: {'line': b'                 from \x1b[01m\x1b[K/home/arno/RoombaV2Onboard/src/sllidar_ros2/sdk/src/sdkcommon.h:49\x1b[m\x1b[K,\n'}
[47.356881] (sllidar_ros2) StderrLine: {'line': b'                 from \x1b[01m\x1b[K/home/arno/RoombaV2Onboard/src/sllidar_ros2/sdk/src/sl_async_transceiver.cpp:35\x1b[m\x1b[K:\n'}
[47.357493] (sllidar_ros2) StderrLine: {'line': b'\x1b[01m\x1b[K/home/arno/RoombaV2Onboard/src/sllidar_ros2/./sdk/include/sl_lidar_protocol.h:66:16:\x1b[m\x1b[K \x1b[01;35m\x1b[Kwarning: \x1b[m\x1b[KISO C++ forbids zero-size array \xe2\x80\x98\x1b[01m\x1b[Kdata\x1b[m\x1b[K\xe2\x80\x99 [\x1b[01;35m\x1b[K\x1b]8;;https://gcc.gnu.org/onlinedocs/gcc/Warning-Options.html#index-Wpedantic\x07-Wpedantic\x1b]8;;\x07\x1b[m\x1b[K]\n'}
[47.358019] (sllidar_ros2) StderrLine: {'line': b'   66 |     sl_u8 data[\x1b[01;35m\x1b[K0\x1b[m\x1b[K];\n'}
[47.358495] (sllidar_ros2) StderrLine: {'line': b'      |                \x1b[01;35m\x1b[K^\x1b[m\x1b[K\n'}
[47.359488] (sllidar_ros2) StderrLine: {'line': b'In file included from \x1b[01m\x1b[K/home/arno/RoombaV2Onboard/src/sllidar_ros2/./sdk/include/rplidar_cmd.h:36\x1b[m\x1b[K,\n'}
[47.360189] (sllidar_ros2) StderrLine: {'line': b'                 from \x1b[01m\x1b[K/home/arno/RoombaV2Onboard/src/sllidar_ros2/./sdk/include/rplidar.h:40\x1b[m\x1b[K,\n'}
[47.360906] (sllidar_ros2) StderrLine: {'line': b'                 from \x1b[01m\x1b[K/home/arno/RoombaV2Onboard/src/sllidar_ros2/sdk/src/sdkcommon.h:49\x1b[m\x1b[K,\n'}
[47.361481] (sllidar_ros2) StderrLine: {'line': b'                 from \x1b[01m\x1b[K/home/arno/RoombaV2Onboard/src/sllidar_ros2/sdk/src/sl_async_transceiver.cpp:35\x1b[m\x1b[K:\n'}
[47.362141] (sllidar_ros2) StderrLine: {'line': b'\x1b[01m\x1b[K/home/arno/RoombaV2Onboard/src/sllidar_ros2/./sdk/include/sl_lidar_cmd.h:324:20:\x1b[m\x1b[K \x1b[01;35m\x1b[Kwarning: \x1b[m\x1b[KISO C++ forbids zero-size array \xe2\x80\x98\x1b[01m\x1b[Kpayload\x1b[m\x1b[K\xe2\x80\x99 [\x1b[01;35m\x1b[K\x1b]8;;https://gcc.gnu.org/onlinedocs/gcc/Warning-Options.html#index-Wpedantic\x07-Wpedantic\x1b]8;;\x07\x1b[m\x1b[K]\n'}
[47.362831] (sllidar_ros2) StderrLine: {'line': b'  324 |     sl_u8  payload[\x1b[01;35m\x1b[K0\x1b[m\x1b[K];\n'}
[47.363577] (sllidar_ros2) StderrLine: {'line': b'      |                    \x1b[01;35m\x1b[K^\x1b[m\x1b[K\n'}
[47.376780] (-) TimerEvent: {}
[47.472854] (sllidar_ros2) StderrLine: {'line': b'In file included from \x1b[01m\x1b[K/home/arno/RoombaV2Onboard/src/sllidar_ros2/./sdk/include/sl_lidar_cmd.h:41\x1b[m\x1b[K,\n'}
[47.474588] (sllidar_ros2) StderrLine: {'line': b'                 from \x1b[01m\x1b[K/home/arno/RoombaV2Onboard/src/sllidar_ros2/./sdk/include/sl_crc.h:36\x1b[m\x1b[K,\n'}
[47.476095] (sllidar_ros2) StderrLine: {'line': b'                 from \x1b[01m\x1b[K/home/arno/RoombaV2Onboard/src/sllidar_ros2/sdk/src/sl_crc.cpp:33\x1b[m\x1b[K:\n'}
[47.477114] (-) TimerEvent: {}
[47.478973] (sllidar_ros2) StderrLine: {'line': b'\x1b[01m\x1b[K/home/arno/RoombaV2Onboard/src/sllidar_ros2/./sdk/include/sl_lidar_protocol.h:66:16:\x1b[m\x1b[K \x1b[01;35m\x1b[Kwarning: \x1b[m\x1b[KISO C++ forbids zero-size array \xe2\x80\x98\x1b[01m\x1b[Kdata\x1b[m\x1b[K\xe2\x80\x99 [\x1b[01;35m\x1b[K\x1b]8;;https://gcc.gnu.org/onlinedocs/gcc/Warning-Options.html#index-Wpedantic\x07-Wpedantic\x1b]8;;\x07\x1b[m\x1b[K]\n'}
[47.480750] (sllidar_ros2) StderrLine: {'line': b'   66 |     sl_u8 data[\x1b[01;35m\x1b[K0\x1b[m\x1b[K];\n'}
[47.482002] (sllidar_ros2) StderrLine: {'line': b'      |                \x1b[01;35m\x1b[K^\x1b[m\x1b[K\n'}
[47.485494] (sllidar_ros2) StderrLine: {'line': b'In file included from \x1b[01m\x1b[K/home/arno/RoombaV2Onboard/src/sllidar_ros2/./sdk/include/sl_crc.h:36\x1b[m\x1b[K,\n'}
[47.486675] (sllidar_ros2) StderrLine: {'line': b'                 from \x1b[01m\x1b[K/home/arno/RoombaV2Onboard/src/sllidar_ros2/sdk/src/sl_crc.cpp:33\x1b[m\x1b[K:\n'}
[47.488098] (sllidar_ros2) StderrLine: {'line': b'\x1b[01m\x1b[K/home/arno/RoombaV2Onboard/src/sllidar_ros2/./sdk/include/sl_lidar_cmd.h:324:20:\x1b[m\x1b[K \x1b[01;35m\x1b[Kwarning: \x1b[m\x1b[KISO C++ forbids zero-size array \xe2\x80\x98\x1b[01m\x1b[Kpayload\x1b[m\x1b[K\xe2\x80\x99 [\x1b[01;35m\x1b[K\x1b]8;;https://gcc.gnu.org/onlinedocs/gcc/Warning-Options.html#index-Wpedantic\x07-Wpedantic\x1b]8;;\x07\x1b[m\x1b[K]\n'}
[47.489495] (sllidar_ros2) StderrLine: {'line': b'  324 |     sl_u8  payload[\x1b[01;35m\x1b[K0\x1b[m\x1b[K];\n'}
[47.490788] (sllidar_ros2) StderrLine: {'line': b'      |                    \x1b[01;35m\x1b[K^\x1b[m\x1b[K\n'}
[47.577458] (-) TimerEvent: {}
[47.679194] (-) TimerEvent: {}
[47.691635] (sllidar_ros2) StdoutLine: {'line': b'[ 70%] \x1b[32mBuilding CXX object CMakeFiles/sllidar_node.dir/sdk/src/sl_lidar_driver.cpp.o\x1b[0m\n'}
[47.779440] (-) TimerEvent: {}
[47.881081] (-) TimerEvent: {}
[47.982572] (-) TimerEvent: {}
[48.084368] (-) TimerEvent: {}
[48.185402] (-) TimerEvent: {}
[48.286461] (-) TimerEvent: {}
[48.387406] (-) TimerEvent: {}
[48.488343] (-) TimerEvent: {}
[48.507401] (sllidar_ros2) StderrLine: {'line': b'In file included from \x1b[01m\x1b[K/home/arno/RoombaV2Onboard/src/sllidar_ros2/sdk/src/sl_async_transceiver.cpp:44\x1b[m\x1b[K:\n'}
[48.508610] (sllidar_ros2) StderrLine: {'line': b'\x1b[01m\x1b[K/home/arno/RoombaV2Onboard/src/sllidar_ros2/sdk/src/sl_async_transceiver.h:\x1b[m\x1b[K In member function \xe2\x80\x98\x1b[01m\x1b[Kvirtual void sl::internal::IAsyncProtocolCodec::onChannelError(u_result)\x1b[m\x1b[K\xe2\x80\x99:\n'}
[48.509958] (sllidar_ros2) StderrLine: {'line': b'\x1b[01m\x1b[K/home/arno/RoombaV2Onboard/src/sllidar_ros2/sdk/src/sl_async_transceiver.h:90:48:\x1b[m\x1b[K \x1b[01;35m\x1b[Kwarning: \x1b[m\x1b[Kunused parameter \xe2\x80\x98\x1b[01m\x1b[KerrCode\x1b[m\x1b[K\xe2\x80\x99 [\x1b[01;35m\x1b[K\x1b]8;;https://gcc.gnu.org/onlinedocs/gcc/Warning-Options.html#index-Wunused-parameter\x07-Wunused-parameter\x1b]8;;\x07\x1b[m\x1b[K]\n'}
[48.511301] (sllidar_ros2) StderrLine: {'line': b'   90 |         virtual void   onChannelError(\x1b[01;35m\x1b[Ku_result errCode\x1b[m\x1b[K) {}\n'}
[48.512507] (sllidar_ros2) StderrLine: {'line': b'      |                                       \x1b[01;35m\x1b[K~~~~~~~~~^~~~~~~\x1b[m\x1b[K\n'}
[48.588613] (-) TimerEvent: {}
[48.689742] (-) TimerEvent: {}
[48.790709] (-) TimerEvent: {}
[48.891816] (-) TimerEvent: {}
[48.992832] (-) TimerEvent: {}
[49.093960] (-) TimerEvent: {}
[49.194987] (-) TimerEvent: {}
[49.296162] (-) TimerEvent: {}
[49.397234] (-) TimerEvent: {}
[49.498396] (-) TimerEvent: {}
[49.599504] (-) TimerEvent: {}
[49.700871] (-) TimerEvent: {}
[49.801950] (-) TimerEvent: {}
[49.889086] (sllidar_ros2) StdoutLine: {'line': b'[ 75%] \x1b[32mBuilding CXX object CMakeFiles/sllidar_node.dir/sdk/src/sl_lidarprotocol_codec.cpp.o\x1b[0m\n'}
[49.902217] (-) TimerEvent: {}
[50.003441] (-) TimerEvent: {}
[50.104526] (-) TimerEvent: {}
[50.205840] (-) TimerEvent: {}
[50.307365] (-) TimerEvent: {}
[50.408569] (-) TimerEvent: {}
[50.509831] (-) TimerEvent: {}
[50.611147] (-) TimerEvent: {}
[50.712332] (-) TimerEvent: {}
[50.813573] (-) TimerEvent: {}
[50.914824] (-) TimerEvent: {}
[51.016175] (-) TimerEvent: {}
[51.117280] (-) TimerEvent: {}
[51.218773] (-) TimerEvent: {}
[51.320494] (-) TimerEvent: {}
[51.422220] (-) TimerEvent: {}
[51.523948] (-) TimerEvent: {}
[51.625754] (-) TimerEvent: {}
[51.726776] (-) TimerEvent: {}
[51.827922] (-) TimerEvent: {}
[51.929665] (-) TimerEvent: {}
[52.031765] (-) TimerEvent: {}
[52.133420] (-) TimerEvent: {}
[52.235008] (-) TimerEvent: {}
[52.336772] (-) TimerEvent: {}
[52.438539] (-) TimerEvent: {}
[52.540194] (-) TimerEvent: {}
[52.641946] (-) TimerEvent: {}
[52.743682] (-) TimerEvent: {}
[52.845579] (-) TimerEvent: {}
[52.947528] (-) TimerEvent: {}
[53.049257] (-) TimerEvent: {}
[53.150930] (-) TimerEvent: {}
[53.252620] (-) TimerEvent: {}
[53.318378] (sllidar_ros2) StderrLine: {'line': b'In file included from \x1b[01m\x1b[K/home/arno/RoombaV2Onboard/src/sllidar_ros2/./sdk/include/rplidar_protocol.h:36\x1b[m\x1b[K,\n'}
[53.319228] (sllidar_ros2) StderrLine: {'line': b'                 from \x1b[01m\x1b[K/home/arno/RoombaV2Onboard/src/sllidar_ros2/./sdk/include/rplidar.h:39\x1b[m\x1b[K,\n'}
[53.319995] (sllidar_ros2) StderrLine: {'line': b'                 from \x1b[01m\x1b[K/home/arno/RoombaV2Onboard/src/sllidar_ros2/sdk/src/sdkcommon.h:49\x1b[m\x1b[K,\n'}
[53.320722] (sllidar_ros2) StderrLine: {'line': b'                 from \x1b[01m\x1b[K/home/arno/RoombaV2Onboard/src/sllidar_ros2/sdk/src/sl_lidar_driver.cpp:33\x1b[m\x1b[K:\n'}
[53.321435] (sllidar_ros2) StderrLine: {'line': b'\x1b[01m\x1b[K/home/arno/RoombaV2Onboard/src/sllidar_ros2/./sdk/include/sl_lidar_protocol.h:66:16:\x1b[m\x1b[K \x1b[01;35m\x1b[Kwarning: \x1b[m\x1b[KISO C++ forbids zero-size array \xe2\x80\x98\x1b[01m\x1b[Kdata\x1b[m\x1b[K\xe2\x80\x99 [\x1b[01;35m\x1b[K\x1b]8;;https://gcc.gnu.org/onlinedocs/gcc/Warning-Options.html#index-Wpedantic\x07-Wpedantic\x1b]8;;\x07\x1b[m\x1b[K]\n'}
[53.322203] (sllidar_ros2) StderrLine: {'line': b'   66 |     sl_u8 data[\x1b[01;35m\x1b[K0\x1b[m\x1b[K];\n'}
[53.322898] (sllidar_ros2) StderrLine: {'line': b'      |                \x1b[01;35m\x1b[K^\x1b[m\x1b[K\n'}
[53.324384] (sllidar_ros2) StderrLine: {'line': b'In file included from \x1b[01m\x1b[K/home/arno/RoombaV2Onboard/src/sllidar_ros2/./sdk/include/rplidar_cmd.h:36\x1b[m\x1b[K,\n'}
[53.325314] (sllidar_ros2) StderrLine: {'line': b'                 from \x1b[01m\x1b[K/home/arno/RoombaV2Onboard/src/sllidar_ros2/./sdk/include/rplidar.h:40\x1b[m\x1b[K,\n'}
[53.326183] (sllidar_ros2) StderrLine: {'line': b'                 from \x1b[01m\x1b[K/home/arno/RoombaV2Onboard/src/sllidar_ros2/sdk/src/sdkcommon.h:49\x1b[m\x1b[K,\n'}
[53.326911] (sllidar_ros2) StderrLine: {'line': b'                 from \x1b[01m\x1b[K/home/arno/RoombaV2Onboard/src/sllidar_ros2/sdk/src/sl_lidar_driver.cpp:33\x1b[m\x1b[K:\n'}
[53.327788] (sllidar_ros2) StderrLine: {'line': b'\x1b[01m\x1b[K/home/arno/RoombaV2Onboard/src/sllidar_ros2/./sdk/include/sl_lidar_cmd.h:324:20:\x1b[m\x1b[K \x1b[01;35m\x1b[Kwarning: \x1b[m\x1b[KISO C++ forbids zero-size array \xe2\x80\x98\x1b[01m\x1b[Kpayload\x1b[m\x1b[K\xe2\x80\x99 [\x1b[01;35m\x1b[K\x1b]8;;https://gcc.gnu.org/onlinedocs/gcc/Warning-Options.html#index-Wpedantic\x07-Wpedantic\x1b]8;;\x07\x1b[m\x1b[K]\n'}
[53.328587] (sllidar_ros2) StderrLine: {'line': b'  324 |     sl_u8  payload[\x1b[01;35m\x1b[K0\x1b[m\x1b[K];\n'}
[53.329533] (sllidar_ros2) StderrLine: {'line': b'      |                    \x1b[01;35m\x1b[K^\x1b[m\x1b[K\n'}
[53.352901] (-) TimerEvent: {}
[53.453916] (-) TimerEvent: {}
[53.555024] (-) TimerEvent: {}
[53.656880] (-) TimerEvent: {}
[53.758963] (-) TimerEvent: {}
[53.860872] (-) TimerEvent: {}
[53.962843] (-) TimerEvent: {}
[54.064685] (-) TimerEvent: {}
[54.166785] (-) TimerEvent: {}
[54.268600] (-) TimerEvent: {}
[54.370419] (-) TimerEvent: {}
[54.473298] (-) TimerEvent: {}
[54.575542] (-) TimerEvent: {}
[54.677916] (-) TimerEvent: {}
[54.780646] (-) TimerEvent: {}
[54.882915] (-) TimerEvent: {}
[54.985099] (-) TimerEvent: {}
[55.087309] (-) TimerEvent: {}
[55.189488] (-) TimerEvent: {}
[55.291837] (-) TimerEvent: {}
[55.393547] (-) TimerEvent: {}
[55.495429] (-) TimerEvent: {}
[55.597180] (-) TimerEvent: {}
[55.699252] (-) TimerEvent: {}
[55.801217] (-) TimerEvent: {}
[55.882933] (sllidar_ros2) StderrLine: {'line': b'In file included from \x1b[01m\x1b[K/home/arno/RoombaV2Onboard/src/sllidar_ros2/./sdk/include/rplidar_protocol.h:36\x1b[m\x1b[K,\n'}
[55.884438] (sllidar_ros2) StderrLine: {'line': b'                 from \x1b[01m\x1b[K/home/arno/RoombaV2Onboard/src/sllidar_ros2/./sdk/include/rplidar.h:39\x1b[m\x1b[K,\n'}
[55.885223] (sllidar_ros2) StderrLine: {'line': b'                 from \x1b[01m\x1b[K/home/arno/RoombaV2Onboard/src/sllidar_ros2/sdk/src/sdkcommon.h:49\x1b[m\x1b[K,\n'}
[55.885978] (sllidar_ros2) StderrLine: {'line': b'                 from \x1b[01m\x1b[K/home/arno/RoombaV2Onboard/src/sllidar_ros2/sdk/src/sl_lidarprotocol_codec.cpp:35\x1b[m\x1b[K:\n'}
[55.887017] (sllidar_ros2) StderrLine: {'line': b'\x1b[01m\x1b[K/home/arno/RoombaV2Onboard/src/sllidar_ros2/./sdk/include/sl_lidar_protocol.h:66:16:\x1b[m\x1b[K \x1b[01;35m\x1b[Kwarning: \x1b[m\x1b[KISO C++ forbids zero-size array \xe2\x80\x98\x1b[01m\x1b[Kdata\x1b[m\x1b[K\xe2\x80\x99 [\x1b[01;35m\x1b[K\x1b]8;;https://gcc.gnu.org/onlinedocs/gcc/Warning-Options.html#index-Wpedantic\x07-Wpedantic\x1b]8;;\x07\x1b[m\x1b[K]\n'}
[55.888070] (sllidar_ros2) StderrLine: {'line': b'   66 |     sl_u8 data[\x1b[01;35m\x1b[K0\x1b[m\x1b[K];\n'}
[55.888887] (sllidar_ros2) StderrLine: {'line': b'      |                \x1b[01;35m\x1b[K^\x1b[m\x1b[K\n'}
[55.889797] (sllidar_ros2) StderrLine: {'line': b'In file included from \x1b[01m\x1b[K/home/arno/RoombaV2Onboard/src/sllidar_ros2/./sdk/include/rplidar_cmd.h:36\x1b[m\x1b[K,\n'}
[55.899572] (sllidar_ros2) StderrLine: {'line': b'                 from \x1b[01m\x1b[K/home/arno/RoombaV2Onboard/src/sllidar_ros2/./sdk/include/rplidar.h:40\x1b[m\x1b[K,\n'}
[55.900766] (sllidar_ros2) StderrLine: {'line': b'                 from \x1b[01m\x1b[K/home/arno/RoombaV2Onboard/src/sllidar_ros2/sdk/src/sdkcommon.h:49\x1b[m\x1b[K,\n'}
[55.901448] (-) TimerEvent: {}
[55.903508] (sllidar_ros2) StderrLine: {'line': b'                 from \x1b[01m\x1b[K/home/arno/RoombaV2Onboard/src/sllidar_ros2/sdk/src/sl_lidarprotocol_codec.cpp:35\x1b[m\x1b[K:\n'}
[55.915303] (sllidar_ros2) StderrLine: {'line': b'\x1b[01m\x1b[K/home/arno/RoombaV2Onboard/src/sllidar_ros2/./sdk/include/sl_lidar_cmd.h:324:20:\x1b[m\x1b[K \x1b[01;35m\x1b[Kwarning: \x1b[m\x1b[KISO C++ forbids zero-size array \xe2\x80\x98\x1b[01m\x1b[Kpayload\x1b[m\x1b[K\xe2\x80\x99 [\x1b[01;35m\x1b[K\x1b]8;;https://gcc.gnu.org/onlinedocs/gcc/Warning-Options.html#index-Wpedantic\x07-Wpedantic\x1b]8;;\x07\x1b[m\x1b[K]\n'}
[55.916228] (sllidar_ros2) StderrLine: {'line': b'  324 |     sl_u8  payload[\x1b[01;35m\x1b[K0\x1b[m\x1b[K];\n'}
[55.916819] (sllidar_ros2) StderrLine: {'line': b'      |                    \x1b[01;35m\x1b[K^\x1b[m\x1b[K\n'}
[56.001724] (-) TimerEvent: {}
[56.068936] (sllidar_ros2) StderrLine: {'line': b'In file included from \x1b[01m\x1b[K/home/arno/RoombaV2Onboard/src/sllidar_ros2/sdk/src/sl_lidar_driver.cpp:50\x1b[m\x1b[K:\n'}
[56.070318] (sllidar_ros2) StderrLine: {'line': b'\x1b[01m\x1b[K/home/arno/RoombaV2Onboard/src/sllidar_ros2/sdk/src/dataunpacker/dataunpacker.h:\x1b[m\x1b[K In member function \xe2\x80\x98\x1b[01m\x1b[Kvirtual void sl::internal::LIDARSampleDataListener::onCustomSampleDataDecoded(_u8, _u32, const void*, size_t)\x1b[m\x1b[K\xe2\x80\x99:\n'}
[56.071846] (sllidar_ros2) StderrLine: {'line': b'\x1b[01m\x1b[K/home/arno/RoombaV2Onboard/src/sllidar_ros2/sdk/src/dataunpacker/dataunpacker.h:54:52:\x1b[m\x1b[K \x1b[01;35m\x1b[Kwarning: \x1b[m\x1b[Kunused parameter \xe2\x80\x98\x1b[01m\x1b[KansType\x1b[m\x1b[K\xe2\x80\x99 [\x1b[01;35m\x1b[K\x1b]8;;https://gcc.gnu.org/onlinedocs/gcc/Warning-Options.html#index-Wunused-parameter\x07-Wunused-parameter\x1b]8;;\x07\x1b[m\x1b[K]\n'}
[56.073346] (sllidar_ros2) StderrLine: {'line': b'   54 |         virtual void onCustomSampleDataDecoded(\x1b[01;35m\x1b[K_u8 ansType\x1b[m\x1b[K, _u32 customCode, const void* data, size_t size) {}\n'}
[56.074882] (sllidar_ros2) StderrLine: {'line': b'      |                                                \x1b[01;35m\x1b[K~~~~^~~~~~~\x1b[m\x1b[K\n'}
[56.076495] (sllidar_ros2) StderrLine: {'line': b'\x1b[01m\x1b[K/home/arno/RoombaV2Onboard/src/sllidar_ros2/sdk/src/dataunpacker/dataunpacker.h:54:66:\x1b[m\x1b[K \x1b[01;35m\x1b[Kwarning: \x1b[m\x1b[Kunused parameter \xe2\x80\x98\x1b[01m\x1b[KcustomCode\x1b[m\x1b[K\xe2\x80\x99 [\x1b[01;35m\x1b[K\x1b]8;;https://gcc.gnu.org/onlinedocs/gcc/Warning-Options.html#index-Wunused-parameter\x07-Wunused-parameter\x1b]8;;\x07\x1b[m\x1b[K]\n'}
[56.077967] (sllidar_ros2) StderrLine: {'line': b'   54 |         virtual void onCustomSampleDataDecoded(_u8 ansType, \x1b[01;35m\x1b[K_u32 customCode\x1b[m\x1b[K, const void* data, size_t size) {}\n'}
[56.079529] (sllidar_ros2) StderrLine: {'line': b'      |                                                             \x1b[01;35m\x1b[K~~~~~^~~~~~~~~~\x1b[m\x1b[K\n'}
[56.081125] (sllidar_ros2) StderrLine: {'line': b'\x1b[01m\x1b[K/home/arno/RoombaV2Onboard/src/sllidar_ros2/sdk/src/dataunpacker/dataunpacker.h:54:90:\x1b[m\x1b[K \x1b[01;35m\x1b[Kwarning: \x1b[m\x1b[Kunused parameter \xe2\x80\x98\x1b[01m\x1b[Kdata\x1b[m\x1b[K\xe2\x80\x99 [\x1b[01;35m\x1b[K\x1b]8;;https://gcc.gnu.org/onlinedocs/gcc/Warning-Options.html#index-Wunused-parameter\x07-Wunused-parameter\x1b]8;;\x07\x1b[m\x1b[K]\n'}
[56.082605] (sllidar_ros2) StderrLine: {'line': b'   54 |         virtual void onCustomSampleDataDecoded(_u8 ansType, _u32 customCode, \x1b[01;35m\x1b[Kconst void* data\x1b[m\x1b[K, size_t size) {}\n'}
[56.085054] (sllidar_ros2) StderrLine: {'line': b'      |                                                                              \x1b[01;35m\x1b[K~~~~~~~~~~~~^~~~\x1b[m\x1b[K\n'}
[56.085919] (sllidar_ros2) StderrLine: {'line': b'\x1b[01m\x1b[K/home/arno/RoombaV2Onboard/src/sllidar_ros2/sdk/src/dataunpacker/dataunpacker.h:54:103:\x1b[m\x1b[K \x1b[01;35m\x1b[Kwarning: \x1b[m\x1b[Kunused parameter \xe2\x80\x98\x1b[01m\x1b[Ksize\x1b[m\x1b[K\xe2\x80\x99 [\x1b[01;35m\x1b[K\x1b]8;;https://gcc.gnu.org/onlinedocs/gcc/Warning-Options.html#index-Wunused-parameter\x07-Wunused-parameter\x1b]8;;\x07\x1b[m\x1b[K]\n'}
[56.086770] (sllidar_ros2) StderrLine: {'line': b'   54 |         virtual void onCustomSampleDataDecoded(_u8 ansType, _u32 customCode, const void* data, \x1b[01;35m\x1b[Ksize_t size\x1b[m\x1b[K) {}\n'}
[56.087684] (sllidar_ros2) StderrLine: {'line': b'      |                                                                                                \x1b[01;35m\x1b[K~~~~~~~^~~~\x1b[m\x1b[K\n'}
[56.088694] (sllidar_ros2) StderrLine: {'line': b'\x1b[01m\x1b[K/home/arno/RoombaV2Onboard/src/sllidar_ros2/sdk/src/dataunpacker/dataunpacker.h:\x1b[m\x1b[K In member function \xe2\x80\x98\x1b[01m\x1b[Kvirtual void sl::internal::LIDARSampleDataListener::onDecodingError(int, _u8, const void*, size_t)\x1b[m\x1b[K\xe2\x80\x99:\n'}
[56.103319] (sllidar_ros2) StderrLine: {'line': b'\x1b[01m\x1b[K/home/arno/RoombaV2Onboard/src/sllidar_ros2/sdk/src/dataunpacker/dataunpacker.h:56:42:\x1b[m\x1b[K \x1b[01;35m\x1b[Kwarning: \x1b[m\x1b[Kunused parameter \xe2\x80\x98\x1b[01m\x1b[KerrMsg\x1b[m\x1b[K\xe2\x80\x99 [\x1b[01;35m\x1b[K\x1b]8;;https://gcc.gnu.org/onlinedocs/gcc/Warning-Options.html#index-Wunused-parameter\x07-Wunused-parameter\x1b]8;;\x07\x1b[m\x1b[K]\n'}
[56.104292] (-) TimerEvent: {}
[56.105747] (sllidar_ros2) StderrLine: {'line': b'   56 |         virtual void onDecodingError(\x1b[01;35m\x1b[Kint errMsg\x1b[m\x1b[K, _u8 ansType, const void* payload, size_t size) {}\n'}
[56.106637] (sllidar_ros2) StderrLine: {'line': b'      |                                      \x1b[01;35m\x1b[K~~~~^~~~~~\x1b[m\x1b[K\n'}
[56.107572] (sllidar_ros2) StderrLine: {'line': b'\x1b[01m\x1b[K/home/arno/RoombaV2Onboard/src/sllidar_ros2/sdk/src/dataunpacker/dataunpacker.h:56:54:\x1b[m\x1b[K \x1b[01;35m\x1b[Kwarning: \x1b[m\x1b[Kunused parameter \xe2\x80\x98\x1b[01m\x1b[KansType\x1b[m\x1b[K\xe2\x80\x99 [\x1b[01;35m\x1b[K\x1b]8;;https://gcc.gnu.org/onlinedocs/gcc/Warning-Options.html#index-Wunused-parameter\x07-Wunused-parameter\x1b]8;;\x07\x1b[m\x1b[K]\n'}
[56.108611] (sllidar_ros2) StderrLine: {'line': b'   56 |         virtual void onDecodingError(int errMsg, \x1b[01;35m\x1b[K_u8 ansType\x1b[m\x1b[K, const void* payload, size_t size) {}\n'}
[56.109611] (sllidar_ros2) StderrLine: {'line': b'      |                                                  \x1b[01;35m\x1b[K~~~~^~~~~~~\x1b[m\x1b[K\n'}
[56.110453] (sllidar_ros2) StderrLine: {'line': b'\x1b[01m\x1b[K/home/arno/RoombaV2Onboard/src/sllidar_ros2/sdk/src/dataunpacker/dataunpacker.h:56:75:\x1b[m\x1b[K \x1b[01;35m\x1b[Kwarning: \x1b[m\x1b[Kunused parameter \xe2\x80\x98\x1b[01m\x1b[Kpayload\x1b[m\x1b[K\xe2\x80\x99 [\x1b[01;35m\x1b[K\x1b]8;;https://gcc.gnu.org/onlinedocs/gcc/Warning-Options.html#index-Wunused-parameter\x07-Wunused-parameter\x1b]8;;\x07\x1b[m\x1b[K]\n'}
[56.115771] (sllidar_ros2) StderrLine: {'line': b'   56 |         virtual void onDecodingError(int errMsg, _u8 ansType, \x1b[01;35m\x1b[Kconst void* payload\x1b[m\x1b[K, size_t size) {}\n'}
[56.116578] (sllidar_ros2) StderrLine: {'line': b'      |                                                               \x1b[01;35m\x1b[K~~~~~~~~~~~~^~~~~~~\x1b[m\x1b[K\n'}
[56.117293] (sllidar_ros2) StderrLine: {'line': b'\x1b[01m\x1b[K/home/arno/RoombaV2Onboard/src/sllidar_ros2/sdk/src/dataunpacker/dataunpacker.h:56:91:\x1b[m\x1b[K \x1b[01;35m\x1b[Kwarning: \x1b[m\x1b[Kunused parameter \xe2\x80\x98\x1b[01m\x1b[Ksize\x1b[m\x1b[K\xe2\x80\x99 [\x1b[01;35m\x1b[K\x1b]8;;https://gcc.gnu.org/onlinedocs/gcc/Warning-Options.html#index-Wunused-parameter\x07-Wunused-parameter\x1b]8;;\x07\x1b[m\x1b[K]\n'}
[56.118059] (sllidar_ros2) StderrLine: {'line': b'   56 |         virtual void onDecodingError(int errMsg, _u8 ansType, const void* payload, \x1b[01;35m\x1b[Ksize_t size\x1b[m\x1b[K) {}\n'}
[56.118838] (sllidar_ros2) StderrLine: {'line': b'      |                                                                                    \x1b[01;35m\x1b[K~~~~~~~^~~~\x1b[m\x1b[K\n'}
[56.156499] (sllidar_ros2) StderrLine: {'line': b'In file included from \x1b[01m\x1b[K/home/arno/RoombaV2Onboard/src/sllidar_ros2/sdk/src/sl_lidar_driver.cpp:51\x1b[m\x1b[K:\n'}
[56.158393] (sllidar_ros2) StderrLine: {'line': b'\x1b[01m\x1b[K/home/arno/RoombaV2Onboard/src/sllidar_ros2/sdk/src/sl_async_transceiver.h:\x1b[m\x1b[K In member function \xe2\x80\x98\x1b[01m\x1b[Kvirtual void sl::internal::IAsyncProtocolCodec::onChannelError(u_result)\x1b[m\x1b[K\xe2\x80\x99:\n'}
[56.159914] (sllidar_ros2) StderrLine: {'line': b'\x1b[01m\x1b[K/home/arno/RoombaV2Onboard/src/sllidar_ros2/sdk/src/sl_async_transceiver.h:90:48:\x1b[m\x1b[K \x1b[01;35m\x1b[Kwarning: \x1b[m\x1b[Kunused parameter \xe2\x80\x98\x1b[01m\x1b[KerrCode\x1b[m\x1b[K\xe2\x80\x99 [\x1b[01;35m\x1b[K\x1b]8;;https://gcc.gnu.org/onlinedocs/gcc/Warning-Options.html#index-Wunused-parameter\x07-Wunused-parameter\x1b]8;;\x07\x1b[m\x1b[K]\n'}
[56.161291] (sllidar_ros2) StderrLine: {'line': b'   90 |         virtual void   onChannelError(\x1b[01;35m\x1b[Ku_result errCode\x1b[m\x1b[K) {}\n'}
[56.163207] (sllidar_ros2) StderrLine: {'line': b'      |                                       \x1b[01;35m\x1b[K~~~~~~~~~^~~~~~~\x1b[m\x1b[K\n'}
[56.204580] (-) TimerEvent: {}
[56.306362] (-) TimerEvent: {}
[56.408336] (-) TimerEvent: {}
[56.434032] (sllidar_ros2) StderrLine: {'line': b'\x1b[01m\x1b[K/home/arno/RoombaV2Onboard/src/sllidar_ros2/sdk/src/sl_lidar_driver.cpp:\x1b[m\x1b[K In member function \xe2\x80\x98\x1b[01m\x1b[Kvirtual sl_result sl::SlamtecLidarDriver::reset(sl_u32)\x1b[m\x1b[K\xe2\x80\x99:\n'}
[56.434915] (sllidar_ros2) StderrLine: {'line': b'\x1b[01m\x1b[K/home/arno/RoombaV2Onboard/src/sllidar_ros2/sdk/src/sl_lidar_driver.cpp:511:32:\x1b[m\x1b[K \x1b[01;35m\x1b[Kwarning: \x1b[m\x1b[Kunused parameter \xe2\x80\x98\x1b[01m\x1b[KtimeoutInMs\x1b[m\x1b[K\xe2\x80\x99 [\x1b[01;35m\x1b[K\x1b]8;;https://gcc.gnu.org/onlinedocs/gcc/Warning-Options.html#index-Wunused-parameter\x07-Wunused-parameter\x1b]8;;\x07\x1b[m\x1b[K]\n'}
[56.435945] (sllidar_ros2) StderrLine: {'line': b'  511 |         sl_result reset(\x1b[01;35m\x1b[Ksl_u32 timeoutInMs = DEFAULT_TIMEOUT\x1b[m\x1b[K)\n'}
[56.436694] (sllidar_ros2) StderrLine: {'line': b'      |                         \x1b[01;35m\x1b[K~~~~~~~^~~~~~~~~~~~~~~~~~~~~~~~~~~~~\x1b[m\x1b[K\n'}
[56.472301] (sllidar_ros2) StderrLine: {'line': b'\x1b[01m\x1b[K/home/arno/RoombaV2Onboard/src/sllidar_ros2/sdk/src/sl_lidar_driver.cpp:\x1b[m\x1b[K In member function \xe2\x80\x98\x1b[01m\x1b[Kvirtual sl_result sl::SlamtecLidarDriver::startScan(bool, bool, sl_u32, sl::LidarScanMode*)\x1b[m\x1b[K\xe2\x80\x99:\n'}
[56.473235] (sllidar_ros2) StderrLine: {'line': b'\x1b[01m\x1b[K/home/arno/RoombaV2Onboard/src/sllidar_ros2/sdk/src/sl_lidar_driver.cpp:586:69:\x1b[m\x1b[K \x1b[01;35m\x1b[Kwarning: \x1b[m\x1b[Kunused parameter \xe2\x80\x98\x1b[01m\x1b[Koptions\x1b[m\x1b[K\xe2\x80\x99 [\x1b[01;35m\x1b[K\x1b]8;;https://gcc.gnu.org/onlinedocs/gcc/Warning-Options.html#index-Wunused-parameter\x07-Wunused-parameter\x1b]8;;\x07\x1b[m\x1b[K]\n'}
[56.474116] (sllidar_ros2) StderrLine: {'line': b'  586 |         sl_result startScan(bool force, bool useTypicalScan, \x1b[01;35m\x1b[Ksl_u32 options = 0\x1b[m\x1b[K, LidarScanMode* outUsedScanMode = nullptr)\n'}
[56.474892] (sllidar_ros2) StderrLine: {'line': b'      |                                                              \x1b[01;35m\x1b[K~~~~~~~^~~~~~~~~~~\x1b[m\x1b[K\n'}
[56.495776] (sllidar_ros2) StderrLine: {'line': b'\x1b[01m\x1b[K/home/arno/RoombaV2Onboard/src/sllidar_ros2/sdk/src/sl_lidar_driver.cpp:\x1b[m\x1b[K In member function \xe2\x80\x98\x1b[01m\x1b[Kvirtual sl_result sl::SlamtecLidarDriver::stop(sl_u32)\x1b[m\x1b[K\xe2\x80\x99:\n'}
[56.497040] (sllidar_ros2) StderrLine: {'line': b'\x1b[01m\x1b[K/home/arno/RoombaV2Onboard/src/sllidar_ros2/sdk/src/sl_lidar_driver.cpp:763:31:\x1b[m\x1b[K \x1b[01;35m\x1b[Kwarning: \x1b[m\x1b[Kunused parameter \xe2\x80\x98\x1b[01m\x1b[Ktimeout\x1b[m\x1b[K\xe2\x80\x99 [\x1b[01;35m\x1b[K\x1b]8;;https://gcc.gnu.org/onlinedocs/gcc/Warning-Options.html#index-Wunused-parameter\x07-Wunused-parameter\x1b]8;;\x07\x1b[m\x1b[K]\n'}
[56.497845] (sllidar_ros2) StderrLine: {'line': b'  763 |         sl_result stop(\x1b[01;35m\x1b[Ksl_u32 timeout = DEFAULT_TIMEOUT\x1b[m\x1b[K)\n'}
[56.498588] (sllidar_ros2) StderrLine: {'line': b'      |                        \x1b[01;35m\x1b[K~~~~~~~^~~~~~~~~~~~~~~~~~~~~~~~~\x1b[m\x1b[K\n'}
[56.505398] (sllidar_ros2) StderrLine: {'line': b'\x1b[01m\x1b[K/home/arno/RoombaV2Onboard/src/sllidar_ros2/sdk/src/sl_lidar_driver.cpp:\x1b[m\x1b[K In member function \xe2\x80\x98\x1b[01m\x1b[Kvirtual sl_result sl::SlamtecLidarDriver::getFrequency(const sl::LidarScanMode&, const sl_lidar_response_measurement_node_hq_t*, size_t, float&)\x1b[m\x1b[K\xe2\x80\x99:\n'}
[56.508570] (-) TimerEvent: {}
[56.515832] (sllidar_ros2) StderrLine: {'line': b'\x1b[01m\x1b[K/home/arno/RoombaV2Onboard/src/sllidar_ros2/sdk/src/sl_lidar_driver.cpp:880:110:\x1b[m\x1b[K \x1b[01;35m\x1b[Kwarning: \x1b[m\x1b[Kunused parameter \xe2\x80\x98\x1b[01m\x1b[Knodes\x1b[m\x1b[K\xe2\x80\x99 [\x1b[01;35m\x1b[K\x1b]8;;https://gcc.gnu.org/onlinedocs/gcc/Warning-Options.html#index-Wunused-parameter\x07-Wunused-parameter\x1b]8;;\x07\x1b[m\x1b[K]\n'}
[56.523558] (sllidar_ros2) StderrLine: {'line': b'  880 |         sl_result getFrequency(const LidarScanMode& scanMode, \x1b[01;35m\x1b[Kconst sl_lidar_response_measurement_node_hq_t* nodes\x1b[m\x1b[K, size_t count, float& frequency)\n'}
[56.524479] (sllidar_ros2) StderrLine: {'line': b'      |                                                               \x1b[01;35m\x1b[K~~~~~~~~~~~~~~~~~~~~~~~~~~~~~~~~~~~~~~~~~~~~~~~^~~~~\x1b[m\x1b[K\n'}
[56.555196] (sllidar_ros2) StderrLine: {'line': b'\x1b[01m\x1b[K/home/arno/RoombaV2Onboard/src/sllidar_ros2/sdk/src/sl_lidar_driver.cpp:\x1b[m\x1b[K In member function \xe2\x80\x98\x1b[01m\x1b[Kvirtual sl_result sl::SlamtecLidarDriver::getMotorInfo(sl::LidarMotorInfo&, sl_u32)\x1b[m\x1b[K\xe2\x80\x99:\n'}
[56.556288] (sllidar_ros2) StderrLine: {'line': b'\x1b[01m\x1b[K/home/arno/RoombaV2Onboard/src/sllidar_ros2/sdk/src/sl_lidar_driver.cpp:1023:66:\x1b[m\x1b[K \x1b[01;35m\x1b[Kwarning: \x1b[m\x1b[Kunused parameter \xe2\x80\x98\x1b[01m\x1b[KtimeoutInMs\x1b[m\x1b[K\xe2\x80\x99 [\x1b[01;35m\x1b[K\x1b]8;;https://gcc.gnu.org/onlinedocs/gcc/Warning-Options.html#index-Wunused-parameter\x07-Wunused-parameter\x1b]8;;\x07\x1b[m\x1b[K]\n'}
[56.557225] (sllidar_ros2) StderrLine: {'line': b' 1023 |         sl_result getMotorInfo(LidarMotorInfo &motorInfo, \x1b[01;35m\x1b[Ksl_u32 timeoutInMs\x1b[m\x1b[K)\n'}
[56.558003] (sllidar_ros2) StderrLine: {'line': b'      |                                                           \x1b[01;35m\x1b[K~~~~~~~^~~~~~~~~~~\x1b[m\x1b[K\n'}
[56.596755] (sllidar_ros2) StderrLine: {'line': b'\x1b[01m\x1b[K/home/arno/RoombaV2Onboard/src/sllidar_ros2/sdk/src/sl_lidar_driver.cpp:\x1b[m\x1b[K In member function \xe2\x80\x98\x1b[01m\x1b[Ku_result sl::SlamtecLidarDriver::getScanModeCount(sl_u16&, sl_u32)\x1b[m\x1b[K\xe2\x80\x99:\n'}
[56.597653] (sllidar_ros2) StderrLine: {'line': b'\x1b[01m\x1b[K/home/arno/RoombaV2Onboard/src/sllidar_ros2/sdk/src/sl_lidar_driver.cpp:1199:61:\x1b[m\x1b[K \x1b[01;35m\x1b[Kwarning: \x1b[m\x1b[Kunused parameter \xe2\x80\x98\x1b[01m\x1b[KtimeoutInMs\x1b[m\x1b[K\xe2\x80\x99 [\x1b[01;35m\x1b[K\x1b]8;;https://gcc.gnu.org/onlinedocs/gcc/Warning-Options.html#index-Wunused-parameter\x07-Wunused-parameter\x1b]8;;\x07\x1b[m\x1b[K]\n'}
[56.598490] (sllidar_ros2) StderrLine: {'line': b' 1199 |         u_result getScanModeCount(sl_u16& modeCount, \x1b[01;35m\x1b[Ksl_u32 timeoutInMs = DEFAULT_TIMEOUT\x1b[m\x1b[K)\n'}
[56.599458] (sllidar_ros2) StderrLine: {'line': b'      |                                                      \x1b[01;35m\x1b[K~~~~~~~^~~~~~~~~~~~~~~~~~~~~~~~~~~~~\x1b[m\x1b[K\n'}
[56.608852] (-) TimerEvent: {}
[56.710793] (-) TimerEvent: {}
[56.812647] (-) TimerEvent: {}
[56.914702] (-) TimerEvent: {}
[57.016629] (-) TimerEvent: {}
[57.117668] (-) TimerEvent: {}
[57.137631] (sllidar_ros2) StderrLine: {'line': b'/home/arno/RoombaV2Onboard/src/sllidar_ros2/sdk/src/sl_lidar_driver.cpp: In instantiation of \xe2\x80\x98\x1b[01m\x1b[Kvoid sl::RawSampleNodeHolder<T>::pushNode(_u64, const T*) [with T = sl_lidar_response_measurement_node_hq_t; _u64 = long unsigned int]\x1b[m\x1b[K\xe2\x80\x99:\n'}
[57.139285] (sllidar_ros2) StderrLine: {'line': b'\x1b[01m\x1b[K/home/arno/RoombaV2Onboard/src/sllidar_ros2/sdk/src/sl_lidar_driver.cpp:1648:42:\x1b[m\x1b[K   required from here\n'}
[57.140256] (sllidar_ros2) StderrLine: {'line': b'\x1b[01m\x1b[K/home/arno/RoombaV2Onboard/src/sllidar_ros2/sdk/src/sl_lidar_driver.cpp:202:28:\x1b[m\x1b[K \x1b[01;35m\x1b[Kwarning: \x1b[m\x1b[Kunused parameter \xe2\x80\x98\x1b[01m\x1b[Ktimestamp_uS\x1b[m\x1b[K\xe2\x80\x99 [\x1b[01;35m\x1b[K\x1b]8;;https://gcc.gnu.org/onlinedocs/gcc/Warning-Options.html#index-Wunused-parameter\x07-Wunused-parameter\x1b]8;;\x07\x1b[m\x1b[K]\n'}
[57.141273] (sllidar_ros2) StderrLine: {'line': b'  202 |         void pushNode(\x1b[01;35m\x1b[K_u64 timestamp_uS\x1b[m\x1b[K, const T* node)\n'}
[57.142092] (sllidar_ros2) StderrLine: {'line': b'      |                       \x1b[01;35m\x1b[K~~~~~^~~~~~~~~~~~\x1b[m\x1b[K\n'}
[57.217963] (-) TimerEvent: {}
[57.292959] (sllidar_ros2) StderrLine: {'line': b'In file included from \x1b[01m\x1b[K/home/arno/RoombaV2Onboard/src/sllidar_ros2/sdk/src/sl_lidarprotocol_codec.cpp:49\x1b[m\x1b[K:\n'}
[57.293956] (sllidar_ros2) StderrLine: {'line': b'\x1b[01m\x1b[K/home/arno/RoombaV2Onboard/src/sllidar_ros2/sdk/src/sl_async_transceiver.h:\x1b[m\x1b[K In member function \xe2\x80\x98\x1b[01m\x1b[Kvirtual void sl::internal::IAsyncProtocolCodec::onChannelError(u_result)\x1b[m\x1b[K\xe2\x80\x99:\n'}
[57.294791] (sllidar_ros2) StderrLine: {'line': b'\x1b[01m\x1b[K/home/arno/RoombaV2Onboard/src/sllidar_ros2/sdk/src/sl_async_transceiver.h:90:48:\x1b[m\x1b[K \x1b[01;35m\x1b[Kwarning: \x1b[m\x1b[Kunused parameter \xe2\x80\x98\x1b[01m\x1b[KerrCode\x1b[m\x1b[K\xe2\x80\x99 [\x1b[01;35m\x1b[K\x1b]8;;https://gcc.gnu.org/onlinedocs/gcc/Warning-Options.html#index-Wunused-parameter\x07-Wunused-parameter\x1b]8;;\x07\x1b[m\x1b[K]\n'}
[57.295930] (sllidar_ros2) StderrLine: {'line': b'   90 |         virtual void   onChannelError(\x1b[01;35m\x1b[Ku_result errCode\x1b[m\x1b[K) {}\n'}
[57.296816] (sllidar_ros2) StderrLine: {'line': b'      |                                       \x1b[01;35m\x1b[K~~~~~~~~~^~~~~~~\x1b[m\x1b[K\n'}
[57.318236] (-) TimerEvent: {}
[57.419297] (-) TimerEvent: {}
[57.520328] (-) TimerEvent: {}
[57.621435] (-) TimerEvent: {}
[57.723314] (-) TimerEvent: {}
[57.825332] (-) TimerEvent: {}
[57.927169] (-) TimerEvent: {}
[57.985602] (sllidar_ros2) StdoutLine: {'line': b'[ 80%] \x1b[32mBuilding CXX object CMakeFiles/sllidar_node.dir/sdk/src/sl_serial_channel.cpp.o\x1b[0m\n'}
[58.027392] (-) TimerEvent: {}
[58.128411] (-) TimerEvent: {}
[58.229961] (-) TimerEvent: {}
[58.331584] (-) TimerEvent: {}
[58.433026] (-) TimerEvent: {}
[58.477957] (sllidar_ros2) StderrLine: {'line': b'\x1b[01m\x1b[K/home/arno/RoombaV2Onboard/src/sllidar_ros2/sdk/src/sl_lidar_driver.cpp:\x1b[m\x1b[K At global scope:\n'}
[58.479758] (sllidar_ros2) StderrLine: {'line': b'\x1b[01m\x1b[K/home/arno/RoombaV2Onboard/src/sllidar_ros2/sdk/src/sl_lidar_driver.cpp:83:17:\x1b[m\x1b[K \x1b[01;35m\x1b[Kwarning: \x1b[m\x1b[K\xe2\x80\x98\x1b[01m\x1b[Kvoid sl::convert(const sl_lidar_response_measurement_node_hq_t&, sl_lidar_response_measurement_node_t&)\x1b[m\x1b[K\xe2\x80\x99 defined but not used [\x1b[01;35m\x1b[K\x1b]8;;https://gcc.gnu.org/onlinedocs/gcc/Warning-Options.html#index-Wunused-function\x07-Wunused-function\x1b]8;;\x07\x1b[m\x1b[K]\n'}
[58.481116] (sllidar_ros2) StderrLine: {'line': b'   83 |     static void \x1b[01;35m\x1b[Kconvert\x1b[m\x1b[K(const sl_lidar_response_measurement_node_hq_t& from, sl_lidar_response_measurement_node_t& to)\n'}
[58.482419] (sllidar_ros2) StderrLine: {'line': b'      |                 \x1b[01;35m\x1b[K^~~~~~~\x1b[m\x1b[K\n'}
[58.483803] (sllidar_ros2) StderrLine: {'line': b'\x1b[01m\x1b[K/home/arno/RoombaV2Onboard/src/sllidar_ros2/sdk/src/sl_lidar_driver.cpp:75:17:\x1b[m\x1b[K \x1b[01;35m\x1b[Kwarning: \x1b[m\x1b[K\xe2\x80\x98\x1b[01m\x1b[Kvoid sl::convert(const sl_lidar_response_measurement_node_t&, sl_lidar_response_measurement_node_hq_t&)\x1b[m\x1b[K\xe2\x80\x99 defined but not used [\x1b[01;35m\x1b[K\x1b]8;;https://gcc.gnu.org/onlinedocs/gcc/Warning-Options.html#index-Wunused-function\x07-Wunused-function\x1b]8;;\x07\x1b[m\x1b[K]\n'}
[58.485114] (sllidar_ros2) StderrLine: {'line': b'   75 |     static void \x1b[01;35m\x1b[Kconvert\x1b[m\x1b[K(const sl_lidar_response_measurement_node_t& from, sl_lidar_response_measurement_node_hq_t& to)\n'}
[58.486327] (sllidar_ros2) StderrLine: {'line': b'      |                 \x1b[01;35m\x1b[K^~~~~~~\x1b[m\x1b[K\n'}
[58.487652] (sllidar_ros2) StderrLine: {'line': b'\x1b[01m\x1b[K/home/arno/RoombaV2Onboard/src/sllidar_ros2/sdk/src/sl_lidar_driver.cpp:70:17:\x1b[m\x1b[K \x1b[01;35m\x1b[Kwarning: \x1b[m\x1b[K\xe2\x80\x98\x1b[01m\x1b[Kvoid sl::printDeprecationWarn(const char*, const char*)\x1b[m\x1b[K\xe2\x80\x99 defined but not used [\x1b[01;35m\x1b[K\x1b]8;;https://gcc.gnu.org/onlinedocs/gcc/Warning-Options.html#index-Wunused-function\x07-Wunused-function\x1b]8;;\x07\x1b[m\x1b[K]\n'}
[58.488780] (sllidar_ros2) StderrLine: {'line': b'   70 |     static void \x1b[01;35m\x1b[KprintDeprecationWarn\x1b[m\x1b[K(const char* fn, const char* replacement)\n'}
[58.489921] (sllidar_ros2) StderrLine: {'line': b'      |                 \x1b[01;35m\x1b[K^~~~~~~~~~~~~~~~~~~~\x1b[m\x1b[K\n'}
[58.533309] (-) TimerEvent: {}
[58.635050] (-) TimerEvent: {}
[58.736685] (-) TimerEvent: {}
[58.838474] (-) TimerEvent: {}
[58.940099] (-) TimerEvent: {}
[59.041825] (-) TimerEvent: {}
[59.143524] (-) TimerEvent: {}
[59.245108] (-) TimerEvent: {}
[59.346806] (-) TimerEvent: {}
[59.448695] (-) TimerEvent: {}
[59.550492] (-) TimerEvent: {}
[59.652259] (-) TimerEvent: {}
[59.754016] (-) TimerEvent: {}
[59.855837] (-) TimerEvent: {}
[59.957754] (-) TimerEvent: {}
[60.060059] (-) TimerEvent: {}
[60.161831] (-) TimerEvent: {}
[60.263590] (-) TimerEvent: {}
[60.365322] (-) TimerEvent: {}
[60.467125] (-) TimerEvent: {}
[60.568855] (-) TimerEvent: {}
[60.670730] (-) TimerEvent: {}
[60.772638] (-) TimerEvent: {}
[60.874380] (-) TimerEvent: {}
[60.975511] (-) TimerEvent: {}
[61.076572] (-) TimerEvent: {}
[61.177672] (-) TimerEvent: {}
[61.278883] (-) TimerEvent: {}
[61.380195] (-) TimerEvent: {}
[61.481427] (-) TimerEvent: {}
[61.495856] (sllidar_ros2) StderrLine: {'line': b'In file included from \x1b[01m\x1b[K/home/arno/RoombaV2Onboard/src/sllidar_ros2/./sdk/include/sl_lidar_cmd.h:41\x1b[m\x1b[K,\n'}
[61.507697] (sllidar_ros2) StderrLine: {'line': b'                 from \x1b[01m\x1b[K/home/arno/RoombaV2Onboard/src/sllidar_ros2/./sdk/include/sl_lidar_driver.h:54\x1b[m\x1b[K,\n'}
[61.509000] (sllidar_ros2) StderrLine: {'line': b'                 from \x1b[01m\x1b[K/home/arno/RoombaV2Onboard/src/sllidar_ros2/sdk/src/sl_serial_channel.cpp:33\x1b[m\x1b[K:\n'}
[61.509766] (sllidar_ros2) StderrLine: {'line': b'\x1b[01m\x1b[K/home/arno/RoombaV2Onboard/src/sllidar_ros2/./sdk/include/sl_lidar_protocol.h:66:16:\x1b[m\x1b[K \x1b[01;35m\x1b[Kwarning: \x1b[m\x1b[KISO C++ forbids zero-size array \xe2\x80\x98\x1b[01m\x1b[Kdata\x1b[m\x1b[K\xe2\x80\x99 [\x1b[01;35m\x1b[K\x1b]8;;https://gcc.gnu.org/onlinedocs/gcc/Warning-Options.html#index-Wpedantic\x07-Wpedantic\x1b]8;;\x07\x1b[m\x1b[K]\n'}
[61.510654] (sllidar_ros2) StderrLine: {'line': b'   66 |     sl_u8 data[\x1b[01;35m\x1b[K0\x1b[m\x1b[K];\n'}
[61.511839] (sllidar_ros2) StderrLine: {'line': b'      |                \x1b[01;35m\x1b[K^\x1b[m\x1b[K\n'}
[61.512624] (sllidar_ros2) StderrLine: {'line': b'In file included from \x1b[01m\x1b[K/home/arno/RoombaV2Onboard/src/sllidar_ros2/./sdk/include/sl_lidar_driver.h:54\x1b[m\x1b[K,\n'}
[61.513395] (sllidar_ros2) StderrLine: {'line': b'                 from \x1b[01m\x1b[K/home/arno/RoombaV2Onboard/src/sllidar_ros2/sdk/src/sl_serial_channel.cpp:33\x1b[m\x1b[K:\n'}
[61.514116] (sllidar_ros2) StderrLine: {'line': b'\x1b[01m\x1b[K/home/arno/RoombaV2Onboard/src/sllidar_ros2/./sdk/include/sl_lidar_cmd.h:324:20:\x1b[m\x1b[K \x1b[01;35m\x1b[Kwarning: \x1b[m\x1b[KISO C++ forbids zero-size array \xe2\x80\x98\x1b[01m\x1b[Kpayload\x1b[m\x1b[K\xe2\x80\x99 [\x1b[01;35m\x1b[K\x1b]8;;https://gcc.gnu.org/onlinedocs/gcc/Warning-Options.html#index-Wpedantic\x07-Wpedantic\x1b]8;;\x07\x1b[m\x1b[K]\n'}
[61.515043] (sllidar_ros2) StderrLine: {'line': b'  324 |     sl_u8  payload[\x1b[01;35m\x1b[K0\x1b[m\x1b[K];\n'}
[61.515843] (sllidar_ros2) StderrLine: {'line': b'      |                    \x1b[01;35m\x1b[K^\x1b[m\x1b[K\n'}
[61.581690] (-) TimerEvent: {}
[61.682813] (-) TimerEvent: {}
[61.783915] (-) TimerEvent: {}
[61.884990] (-) TimerEvent: {}
[61.986967] (-) TimerEvent: {}
[62.088623] (-) TimerEvent: {}
[62.190348] (-) TimerEvent: {}
[62.292007] (-) TimerEvent: {}
[62.393735] (-) TimerEvent: {}
[62.494787] (-) TimerEvent: {}
[62.596644] (-) TimerEvent: {}
[62.698428] (-) TimerEvent: {}
[62.800268] (-) TimerEvent: {}
[62.902039] (-) TimerEvent: {}
[63.003770] (-) TimerEvent: {}
[63.105552] (-) TimerEvent: {}
[63.207272] (-) TimerEvent: {}
[63.308902] (-) TimerEvent: {}
[63.410475] (-) TimerEvent: {}
[63.512198] (-) TimerEvent: {}
[63.613831] (-) TimerEvent: {}
[63.715467] (-) TimerEvent: {}
[63.817071] (-) TimerEvent: {}
[63.918835] (-) TimerEvent: {}
[64.020975] (-) TimerEvent: {}
[64.124033] (-) TimerEvent: {}
[64.225872] (-) TimerEvent: {}
[64.327653] (-) TimerEvent: {}
[64.429407] (-) TimerEvent: {}
[64.531287] (-) TimerEvent: {}
[64.633505] (-) TimerEvent: {}
[64.735324] (-) TimerEvent: {}
[64.837190] (-) TimerEvent: {}
[64.939027] (-) TimerEvent: {}
[65.040885] (-) TimerEvent: {}
[65.142660] (-) TimerEvent: {}
[65.244587] (-) TimerEvent: {}
[65.346509] (-) TimerEvent: {}
[65.449392] (-) TimerEvent: {}
[65.551312] (-) TimerEvent: {}
[65.652681] (-) TimerEvent: {}
[65.753831] (-) TimerEvent: {}
[65.854973] (-) TimerEvent: {}
[65.963463] (-) TimerEvent: {}
[66.065360] (-) TimerEvent: {}
[66.167244] (-) TimerEvent: {}
[66.269083] (-) TimerEvent: {}
[66.371033] (-) TimerEvent: {}
[66.483339] (-) TimerEvent: {}
[66.592788] (-) TimerEvent: {}
[66.694735] (-) TimerEvent: {}
[66.796664] (-) TimerEvent: {}
[66.898641] (-) TimerEvent: {}
[67.000730] (-) TimerEvent: {}
[67.102554] (-) TimerEvent: {}
[67.203496] (-) TimerEvent: {}
[67.305026] (-) TimerEvent: {}
[67.406758] (-) TimerEvent: {}
[67.508467] (-) TimerEvent: {}
[67.610152] (-) TimerEvent: {}
[67.711788] (-) TimerEvent: {}
[67.813433] (-) TimerEvent: {}
[67.915089] (-) TimerEvent: {}
[68.016819] (-) TimerEvent: {}
[68.118532] (-) TimerEvent: {}
[68.220416] (-) TimerEvent: {}
[68.322841] (-) TimerEvent: {}
[68.424651] (-) TimerEvent: {}
[68.526352] (-) TimerEvent: {}
[68.628615] (-) TimerEvent: {}
[68.730187] (-) TimerEvent: {}
[68.753564] (sllidar_ros2) StdoutLine: {'line': b'[ 85%] \x1b[32mBuilding CXX object CMakeFiles/sllidar_node.dir/sdk/src/sl_udp_channel.cpp.o\x1b[0m\n'}
[68.830454] (-) TimerEvent: {}
[68.932170] (-) TimerEvent: {}
[69.033752] (-) TimerEvent: {}
[69.135326] (-) TimerEvent: {}
[69.236801] (-) TimerEvent: {}
[69.338148] (-) TimerEvent: {}
[69.439686] (-) TimerEvent: {}
[69.541308] (-) TimerEvent: {}
[69.642913] (-) TimerEvent: {}
[69.744481] (-) TimerEvent: {}
[69.846133] (-) TimerEvent: {}
[69.947783] (-) TimerEvent: {}
[70.049506] (-) TimerEvent: {}
[70.150698] (-) TimerEvent: {}
[70.251710] (-) TimerEvent: {}
[70.352679] (-) TimerEvent: {}
[70.453848] (-) TimerEvent: {}
[70.555586] (-) TimerEvent: {}
[70.656576] (-) TimerEvent: {}
[70.724173] (sllidar_ros2) StderrLine: {'line': b'In file included from \x1b[01m\x1b[K/home/arno/RoombaV2Onboard/src/sllidar_ros2/./sdk/include/sl_lidar_cmd.h:41\x1b[m\x1b[K,\n'}
[70.725669] (sllidar_ros2) StderrLine: {'line': b'                 from \x1b[01m\x1b[K/home/arno/RoombaV2Onboard/src/sllidar_ros2/./sdk/include/sl_lidar_driver.h:54\x1b[m\x1b[K,\n'}
[70.727318] (sllidar_ros2) StderrLine: {'line': b'                 from \x1b[01m\x1b[K/home/arno/RoombaV2Onboard/src/sllidar_ros2/sdk/src/sl_udp_channel.cpp:33\x1b[m\x1b[K:\n'}
[70.728908] (sllidar_ros2) StderrLine: {'line': b'\x1b[01m\x1b[K/home/arno/RoombaV2Onboard/src/sllidar_ros2/./sdk/include/sl_lidar_protocol.h:66:16:\x1b[m\x1b[K \x1b[01;35m\x1b[Kwarning: \x1b[m\x1b[KISO C++ forbids zero-size array \xe2\x80\x98\x1b[01m\x1b[Kdata\x1b[m\x1b[K\xe2\x80\x99 [\x1b[01;35m\x1b[K\x1b]8;;https://gcc.gnu.org/onlinedocs/gcc/Warning-Options.html#index-Wpedantic\x07-Wpedantic\x1b]8;;\x07\x1b[m\x1b[K]\n'}
[70.730672] (sllidar_ros2) StderrLine: {'line': b'   66 |     sl_u8 data[\x1b[01;35m\x1b[K0\x1b[m\x1b[K];\n'}
[70.731998] (sllidar_ros2) StderrLine: {'line': b'      |                \x1b[01;35m\x1b[K^\x1b[m\x1b[K\n'}
[70.736023] (sllidar_ros2) StderrLine: {'line': b'In file included from \x1b[01m\x1b[K/home/arno/RoombaV2Onboard/src/sllidar_ros2/./sdk/include/sl_lidar_driver.h:54\x1b[m\x1b[K,\n'}
[70.737531] (sllidar_ros2) StderrLine: {'line': b'                 from \x1b[01m\x1b[K/home/arno/RoombaV2Onboard/src/sllidar_ros2/sdk/src/sl_udp_channel.cpp:33\x1b[m\x1b[K:\n'}
[70.739099] (sllidar_ros2) StderrLine: {'line': b'\x1b[01m\x1b[K/home/arno/RoombaV2Onboard/src/sllidar_ros2/./sdk/include/sl_lidar_cmd.h:324:20:\x1b[m\x1b[K \x1b[01;35m\x1b[Kwarning: \x1b[m\x1b[KISO C++ forbids zero-size array \xe2\x80\x98\x1b[01m\x1b[Kpayload\x1b[m\x1b[K\xe2\x80\x99 [\x1b[01;35m\x1b[K\x1b]8;;https://gcc.gnu.org/onlinedocs/gcc/Warning-Options.html#index-Wpedantic\x07-Wpedantic\x1b]8;;\x07\x1b[m\x1b[K]\n'}
[70.740510] (sllidar_ros2) StderrLine: {'line': b'  324 |     sl_u8  payload[\x1b[01;35m\x1b[K0\x1b[m\x1b[K];\n'}
[70.741978] (sllidar_ros2) StderrLine: {'line': b'      |                    \x1b[01;35m\x1b[K^\x1b[m\x1b[K\n'}
[70.756884] (-) TimerEvent: {}
[70.770188] (sllidar_ros2) StderrLine: {'line': b'\x1b[01m\x1b[K/home/arno/RoombaV2Onboard/src/sllidar_ros2/sdk/src/sl_udp_channel.cpp:\x1b[m\x1b[K In member function \xe2\x80\x98\x1b[01m\x1b[Kvoid sl::UdpChannel::setStatus(_u32)\x1b[m\x1b[K\xe2\x80\x99:\n'}
[70.771736] (sllidar_ros2) StderrLine: {'line': b'\x1b[01m\x1b[K/home/arno/RoombaV2Onboard/src/sllidar_ros2/sdk/src/sl_udp_channel.cpp:112:29:\x1b[m\x1b[K \x1b[01;35m\x1b[Kwarning: \x1b[m\x1b[Kunused parameter \xe2\x80\x98\x1b[01m\x1b[Kflag\x1b[m\x1b[K\xe2\x80\x99 [\x1b[01;35m\x1b[K\x1b]8;;https://gcc.gnu.org/onlinedocs/gcc/Warning-Options.html#index-Wunused-parameter\x07-Wunused-parameter\x1b]8;;\x07\x1b[m\x1b[K]\n'}
[70.773146] (sllidar_ros2) StderrLine: {'line': b'  112 |         void setStatus(\x1b[01;35m\x1b[K_u32 flag\x1b[m\x1b[K){}\n'}
[70.774520] (sllidar_ros2) StderrLine: {'line': b'      |                        \x1b[01;35m\x1b[K~~~~~^~~~\x1b[m\x1b[K\n'}
[70.857133] (-) TimerEvent: {}
[70.958287] (-) TimerEvent: {}
[71.060025] (-) TimerEvent: {}
[71.162122] (-) TimerEvent: {}
[71.198280] (sllidar_ros2) StdoutLine: {'line': b'[ 90%] \x1b[32mBuilding CXX object CMakeFiles/sllidar_node.dir/sdk/src/sl_tcp_channel.cpp.o\x1b[0m\n'}
[71.262420] (-) TimerEvent: {}
[71.364236] (-) TimerEvent: {}
[71.466003] (-) TimerEvent: {}
[71.567982] (-) TimerEvent: {}
[71.669824] (-) TimerEvent: {}
[71.771607] (-) TimerEvent: {}
[71.873159] (-) TimerEvent: {}
[71.975086] (-) TimerEvent: {}
[72.076877] (-) TimerEvent: {}
[72.177967] (-) TimerEvent: {}
[72.279239] (-) TimerEvent: {}
[72.381242] (-) TimerEvent: {}
[72.483245] (-) TimerEvent: {}
[72.585102] (-) TimerEvent: {}
[72.687044] (-) TimerEvent: {}
[72.788149] (-) TimerEvent: {}
[72.889324] (-) TimerEvent: {}
[72.990514] (-) TimerEvent: {}
[73.091706] (-) TimerEvent: {}
[73.193532] (-) TimerEvent: {}
[73.295383] (-) TimerEvent: {}
[73.397104] (-) TimerEvent: {}
[73.498258] (-) TimerEvent: {}
[73.599290] (-) TimerEvent: {}
[73.637020] (sllidar_ros2) StderrLine: {'line': b'In file included from \x1b[01m\x1b[K/home/arno/RoombaV2Onboard/src/sllidar_ros2/./sdk/include/sl_lidar_cmd.h:41\x1b[m\x1b[K,\n'}
[73.638026] (sllidar_ros2) StderrLine: {'line': b'                 from \x1b[01m\x1b[K/home/arno/RoombaV2Onboard/src/sllidar_ros2/./sdk/include/sl_lidar_driver.h:54\x1b[m\x1b[K,\n'}
[73.638908] (sllidar_ros2) StderrLine: {'line': b'                 from \x1b[01m\x1b[K/home/arno/RoombaV2Onboard/src/sllidar_ros2/sdk/src/sl_tcp_channel.cpp:33\x1b[m\x1b[K:\n'}
[73.639859] (sllidar_ros2) StderrLine: {'line': b'\x1b[01m\x1b[K/home/arno/RoombaV2Onboard/src/sllidar_ros2/./sdk/include/sl_lidar_protocol.h:66:16:\x1b[m\x1b[K \x1b[01;35m\x1b[Kwarning: \x1b[m\x1b[KISO C++ forbids zero-size array \xe2\x80\x98\x1b[01m\x1b[Kdata\x1b[m\x1b[K\xe2\x80\x99 [\x1b[01;35m\x1b[K\x1b]8;;https://gcc.gnu.org/onlinedocs/gcc/Warning-Options.html#index-Wpedantic\x07-Wpedantic\x1b]8;;\x07\x1b[m\x1b[K]\n'}
[73.640825] (sllidar_ros2) StderrLine: {'line': b'   66 |     sl_u8 data[\x1b[01;35m\x1b[K0\x1b[m\x1b[K];\n'}
[73.641753] (sllidar_ros2) StderrLine: {'line': b'      |                \x1b[01;35m\x1b[K^\x1b[m\x1b[K\n'}
[73.661027] (sllidar_ros2) StderrLine: {'line': b'In file included from \x1b[01m\x1b[K/home/arno/RoombaV2Onboard/src/sllidar_ros2/./sdk/include/sl_lidar_driver.h:54\x1b[m\x1b[K,\n'}
[73.661977] (sllidar_ros2) StderrLine: {'line': b'                 from \x1b[01m\x1b[K/home/arno/RoombaV2Onboard/src/sllidar_ros2/sdk/src/sl_tcp_channel.cpp:33\x1b[m\x1b[K:\n'}
[73.663031] (sllidar_ros2) StderrLine: {'line': b'\x1b[01m\x1b[K/home/arno/RoombaV2Onboard/src/sllidar_ros2/./sdk/include/sl_lidar_cmd.h:324:20:\x1b[m\x1b[K \x1b[01;35m\x1b[Kwarning: \x1b[m\x1b[KISO C++ forbids zero-size array \xe2\x80\x98\x1b[01m\x1b[Kpayload\x1b[m\x1b[K\xe2\x80\x99 [\x1b[01;35m\x1b[K\x1b]8;;https://gcc.gnu.org/onlinedocs/gcc/Warning-Options.html#index-Wpedantic\x07-Wpedantic\x1b]8;;\x07\x1b[m\x1b[K]\n'}
[73.664121] (sllidar_ros2) StderrLine: {'line': b'  324 |     sl_u8  payload[\x1b[01;35m\x1b[K0\x1b[m\x1b[K];\n'}
[73.665082] (sllidar_ros2) StderrLine: {'line': b'      |                    \x1b[01;35m\x1b[K^\x1b[m\x1b[K\n'}
[73.694005] (sllidar_ros2) StderrLine: {'line': b'\x1b[01m\x1b[K/home/arno/RoombaV2Onboard/src/sllidar_ros2/sdk/src/sl_tcp_channel.cpp:\x1b[m\x1b[K In member function \xe2\x80\x98\x1b[01m\x1b[Kvoid sl::TcpChannel::setStatus(_u32)\x1b[m\x1b[K\xe2\x80\x99:\n'}
[73.695816] (sllidar_ros2) StderrLine: {'line': b'\x1b[01m\x1b[K/home/arno/RoombaV2Onboard/src/sllidar_ros2/sdk/src/sl_tcp_channel.cpp:109:29:\x1b[m\x1b[K \x1b[01;35m\x1b[Kwarning: \x1b[m\x1b[Kunused parameter \xe2\x80\x98\x1b[01m\x1b[Kflag\x1b[m\x1b[K\xe2\x80\x99 [\x1b[01;35m\x1b[K\x1b]8;;https://gcc.gnu.org/onlinedocs/gcc/Warning-Options.html#index-Wunused-parameter\x07-Wunused-parameter\x1b]8;;\x07\x1b[m\x1b[K]\n'}
[73.697941] (sllidar_ros2) StderrLine: {'line': b'  109 |         void setStatus(\x1b[01;35m\x1b[K_u32 flag\x1b[m\x1b[K){}\n'}
[73.699494] (-) TimerEvent: {}
[73.700905] (sllidar_ros2) StderrLine: {'line': b'      |                        \x1b[01;35m\x1b[K~~~~~^~~~\x1b[m\x1b[K\n'}
[73.799768] (-) TimerEvent: {}
[73.900999] (-) TimerEvent: {}
[74.003054] (-) TimerEvent: {}
[74.105599] (-) TimerEvent: {}
[74.207295] (-) TimerEvent: {}
[74.221696] (sllidar_ros2) StdoutLine: {'line': b'[ 95%] \x1b[32m\x1b[1mLinking CXX executable sllidar_node\x1b[0m\n'}
[74.307521] (-) TimerEvent: {}
[74.409532] (-) TimerEvent: {}
[74.511752] (-) TimerEvent: {}
[74.613539] (-) TimerEvent: {}
[74.715468] (-) TimerEvent: {}
[74.817283] (-) TimerEvent: {}
[74.919616] (-) TimerEvent: {}
[75.021558] (-) TimerEvent: {}
[75.122648] (-) TimerEvent: {}
[75.225803] (-) TimerEvent: {}
[75.328268] (-) TimerEvent: {}
[75.430326] (-) TimerEvent: {}
[75.532666] (-) TimerEvent: {}
[75.635425] (-) TimerEvent: {}
[75.738955] (-) TimerEvent: {}
[75.841860] (-) TimerEvent: {}
[75.944325] (-) TimerEvent: {}
[76.056580] (-) TimerEvent: {}
[76.158786] (-) TimerEvent: {}
[76.261387] (-) TimerEvent: {}
[76.364523] (-) TimerEvent: {}
[76.466229] (-) TimerEvent: {}
[76.568050] (-) TimerEvent: {}
[76.669074] (-) TimerEvent: {}
[76.770177] (-) TimerEvent: {}
[76.871900] (-) TimerEvent: {}
[76.973619] (-) TimerEvent: {}
[77.075481] (-) TimerEvent: {}
[77.177297] (-) TimerEvent: {}
[77.279148] (-) TimerEvent: {}
[77.381003] (-) TimerEvent: {}
[77.482733] (-) TimerEvent: {}
[77.538576] (sllidar_ros2) StdoutLine: {'line': b'[ 95%] Built target sllidar_node\n'}
[77.583029] (-) TimerEvent: {}
[77.684906] (-) TimerEvent: {}
[77.786684] (-) TimerEvent: {}
[77.888531] (-) TimerEvent: {}
[77.990379] (-) TimerEvent: {}
[78.092177] (-) TimerEvent: {}
[78.193943] (-) TimerEvent: {}
[78.295662] (-) TimerEvent: {}
[78.397660] (-) TimerEvent: {}
[78.499464] (-) TimerEvent: {}
[78.601372] (-) TimerEvent: {}
[78.703313] (-) TimerEvent: {}
[78.804434] (-) TimerEvent: {}
[78.905531] (-) TimerEvent: {}
[79.006728] (-) TimerEvent: {}
[79.107971] (-) TimerEvent: {}
[79.209154] (-) TimerEvent: {}
[79.310461] (-) TimerEvent: {}
[79.411563] (-) TimerEvent: {}
[79.512678] (-) TimerEvent: {}
[79.613861] (-) TimerEvent: {}
[79.715591] (-) TimerEvent: {}
[79.817371] (-) TimerEvent: {}
[79.919232] (-) TimerEvent: {}
[80.021178] (-) TimerEvent: {}
[80.123008] (-) TimerEvent: {}
[80.224892] (-) TimerEvent: {}
[80.326522] (-) TimerEvent: {}
[80.428370] (-) TimerEvent: {}
[80.529635] (-) TimerEvent: {}
[80.630832] (-) TimerEvent: {}
[80.732258] (-) TimerEvent: {}
[80.833386] (-) TimerEvent: {}
[80.934621] (-) TimerEvent: {}
[81.035831] (-) TimerEvent: {}
[81.136893] (-) TimerEvent: {}
[81.237938] (-) TimerEvent: {}
[81.338985] (-) TimerEvent: {}
[81.440225] (-) TimerEvent: {}
[81.541476] (-) TimerEvent: {}
[81.642562] (-) TimerEvent: {}
[81.743727] (-) TimerEvent: {}
[81.845040] (-) TimerEvent: {}
[81.946192] (-) TimerEvent: {}
[82.047343] (-) TimerEvent: {}
[82.148440] (-) TimerEvent: {}
[82.249631] (-) TimerEvent: {}
[82.350876] (-) TimerEvent: {}
[82.452055] (-) TimerEvent: {}
[82.554059] (-) TimerEvent: {}
[82.655796] (-) TimerEvent: {}
[82.757696] (-) TimerEvent: {}
[82.859448] (-) TimerEvent: {}
[82.961185] (-) TimerEvent: {}
[83.062871] (-) TimerEvent: {}
[83.164758] (-) TimerEvent: {}
[83.266703] (-) TimerEvent: {}
[83.368914] (-) TimerEvent: {}
[83.470729] (-) TimerEvent: {}
[83.572217] (-) TimerEvent: {}
[83.673667] (-) TimerEvent: {}
[83.775199] (-) TimerEvent: {}
[83.876683] (-) TimerEvent: {}
[83.978251] (-) TimerEvent: {}
[84.079778] (-) TimerEvent: {}
[84.181761] (-) TimerEvent: {}
[84.283955] (-) TimerEvent: {}
[84.386054] (-) TimerEvent: {}
[84.487175] (-) TimerEvent: {}
[84.588206] (-) TimerEvent: {}
[84.689345] (-) TimerEvent: {}
[84.790452] (-) TimerEvent: {}
[84.891583] (-) TimerEvent: {}
[84.992640] (-) TimerEvent: {}
[85.093636] (-) TimerEvent: {}
[85.194751] (-) TimerEvent: {}
[85.295977] (-) TimerEvent: {}
[85.397025] (-) TimerEvent: {}
[85.498134] (-) TimerEvent: {}
[85.599268] (-) TimerEvent: {}
[85.700355] (-) TimerEvent: {}
[85.801532] (-) TimerEvent: {}
[85.902723] (-) TimerEvent: {}
[86.004216] (-) TimerEvent: {}
[86.106010] (-) TimerEvent: {}
[86.208769] (-) TimerEvent: {}
[86.311619] (-) TimerEvent: {}
[86.413655] (-) TimerEvent: {}
[86.516388] (-) TimerEvent: {}
[86.618790] (-) TimerEvent: {}
[86.720809] (-) TimerEvent: {}
[86.822961] (-) TimerEvent: {}
[86.924778] (-) TimerEvent: {}
[87.001008] (sllidar_ros2) StdoutLine: {'line': b'[100%] \x1b[32m\x1b[1mLinking CXX executable sllidar_client\x1b[0m\n'}
[87.025087] (-) TimerEvent: {}
[87.127196] (-) TimerEvent: {}
[87.229437] (-) TimerEvent: {}
[87.331694] (-) TimerEvent: {}
[87.434145] (-) TimerEvent: {}
[87.536469] (-) TimerEvent: {}
[87.638818] (-) TimerEvent: {}
[87.740926] (-) TimerEvent: {}
[87.843343] (-) TimerEvent: {}
[87.945858] (-) TimerEvent: {}
[88.048334] (-) TimerEvent: {}
[88.150567] (-) TimerEvent: {}
[88.252842] (-) TimerEvent: {}
[88.355018] (-) TimerEvent: {}
[88.457124] (-) TimerEvent: {}
[88.559142] (-) TimerEvent: {}
[88.660893] (-) TimerEvent: {}
[88.762783] (-) TimerEvent: {}
[88.864482] (-) TimerEvent: {}
[88.966388] (-) TimerEvent: {}
[89.068215] (-) TimerEvent: {}
[89.169999] (-) TimerEvent: {}
[89.271856] (-) TimerEvent: {}
[89.373591] (-) TimerEvent: {}
[89.475501] (-) TimerEvent: {}
[89.577212] (-) TimerEvent: {}
[89.603723] (sllidar_ros2) StdoutLine: {'line': b'[100%] Built target sllidar_client\n'}
[89.672207] (sllidar_ros2) CommandEnded: {'returncode': 0}
[89.677610] (-) TimerEvent: {}
[89.778826] (-) TimerEvent: {}
[89.879901] (-) TimerEvent: {}
[89.981049] (-) TimerEvent: {}
[90.082718] (-) TimerEvent: {}
[90.160245] (sllidar_ros2) JobProgress: {'identifier': 'sllidar_ros2', 'progress': 'install'}
[90.183008] (-) TimerEvent: {}
[90.210598] (sllidar_ros2) Command: {'cmd': ['/usr/bin/cmake', '--install', '/home/arno/RoombaV2Onboard/build/sllidar_ros2'], 'cwd': '/home/arno/RoombaV2Onboard/build/sllidar_ros2', 'env': OrderedDict([('LESSOPEN', '| /usr/bin/lesspipe %s'), ('USER', 'arno'), ('SSH_CLIENT', '192.168.222.158 53278 22'), ('LC_TIME', 'de_CH.UTF-8'), ('XDG_SESSION_TYPE', 'tty'), ('SHLVL', '1'), ('LD_LIBRARY_PATH', '/opt/ros/humble/opt/rviz_ogre_vendor/lib:/opt/ros/humble/lib/aarch64-linux-gnu:/opt/ros/humble/lib'), ('MOTD_SHOWN', 'pam'), ('HOME', '/home/arno'), ('OLDPWD', '/home/arno/RoombaV2Onboard/src/roombav2/roombav2'), ('SSH_TTY', '/dev/pts/0'), ('ROS_PYTHON_VERSION', '3'), ('LC_MONETARY', 'de_CH.UTF-8'), ('DBUS_SESSION_BUS_ADDRESS', 'unix:path=/run/user/1000/bus'), ('ROS_DISTRO', 'humble'), ('LOGNAME', 'arno'), ('_', '/usr/bin/colcon'), ('ROS_VERSION', '2'), ('XDG_SESSION_CLASS', 'user'), ('TERM', 'xterm-256color'), ('XDG_SESSION_ID', '1'), ('ROS_LOCALHOST_ONLY', '0'), ('PATH', '/opt/ros/humble/bin:/usr/local/sbin:/usr/local/bin:/usr/sbin:/usr/bin:/sbin:/bin:/usr/games:/usr/local/games:/snap/bin'), ('LC_ADDRESS', 'de_CH.UTF-8'), ('XDG_RUNTIME_DIR', '/run/user/1000'), ('LANG', 'en_US.UTF-8'), ('LC_TELEPHONE', 'de_CH.UTF-8'), ('LS_COLORS', 'rs=0:di=01;34:ln=01;36:mh=00:pi=40;33:so=01;35:do=01;35:bd=40;33;01:cd=40;33;01:or=40;31;01:mi=00:su=37;41:sg=30;43:ca=30;41:tw=30;42:ow=34;42:st=37;44:ex=01;32:*.tar=01;31:*.tgz=01;31:*.arc=01;31:*.arj=01;31:*.taz=01;31:*.lha=01;31:*.lz4=01;31:*.lzh=01;31:*.lzma=01;31:*.tlz=01;31:*.txz=01;31:*.tzo=01;31:*.t7z=01;31:*.zip=01;31:*.z=01;31:*.dz=01;31:*.gz=01;31:*.lrz=01;31:*.lz=01;31:*.lzo=01;31:*.xz=01;31:*.zst=01;31:*.tzst=01;31:*.bz2=01;31:*.bz=01;31:*.tbz=01;31:*.tbz2=01;31:*.tz=01;31:*.deb=01;31:*.rpm=01;31:*.jar=01;31:*.war=01;31:*.ear=01;31:*.sar=01;31:*.rar=01;31:*.alz=01;31:*.ace=01;31:*.zoo=01;31:*.cpio=01;31:*.7z=01;31:*.rz=01;31:*.cab=01;31:*.wim=01;31:*.swm=01;31:*.dwm=01;31:*.esd=01;31:*.jpg=01;35:*.jpeg=01;35:*.mjpg=01;35:*.mjpeg=01;35:*.gif=01;35:*.bmp=01;35:*.pbm=01;35:*.pgm=01;35:*.ppm=01;35:*.tga=01;35:*.xbm=01;35:*.xpm=01;35:*.tif=01;35:*.tiff=01;35:*.png=01;35:*.svg=01;35:*.svgz=01;35:*.mng=01;35:*.pcx=01;35:*.mov=01;35:*.mpg=01;35:*.mpeg=01;35:*.m2v=01;35:*.mkv=01;35:*.webm=01;35:*.webp=01;35:*.ogm=01;35:*.mp4=01;35:*.m4v=01;35:*.mp4v=01;35:*.vob=01;35:*.qt=01;35:*.nuv=01;35:*.wmv=01;35:*.asf=01;35:*.rm=01;35:*.rmvb=01;35:*.flc=01;35:*.avi=01;35:*.fli=01;35:*.flv=01;35:*.gl=01;35:*.dl=01;35:*.xcf=01;35:*.xwd=01;35:*.yuv=01;35:*.cgm=01;35:*.emf=01;35:*.ogv=01;35:*.ogx=01;35:*.aac=00;36:*.au=00;36:*.flac=00;36:*.m4a=00;36:*.mid=00;36:*.midi=00;36:*.mka=00;36:*.mp3=00;36:*.mpc=00;36:*.ogg=00;36:*.ra=00;36:*.wav=00;36:*.oga=00;36:*.opus=00;36:*.spx=00;36:*.xspf=00;36:'), ('AMENT_PREFIX_PATH', '/opt/ros/humble'), ('SHELL', '/bin/bash'), ('LC_NAME', 'de_CH.UTF-8'), ('LESSCLOSE', '/usr/bin/lesspipe %s %s'), ('LC_MEASUREMENT', 'de_CH.UTF-8'), ('LC_IDENTIFICATION', 'de_CH.UTF-8'), ('PWD', '/home/arno/RoombaV2Onboard/build/sllidar_ros2'), ('LC_ALL', 'en_US.UTF-8'), ('SSH_CONNECTION', '192.168.222.158 53278 192.168.222.79 22'), ('XDG_DATA_DIRS', '/usr/local/share:/usr/share:/var/lib/snapd/desktop'), ('PYTHONPATH', '/opt/ros/humble/lib/python3.10/site-packages:/opt/ros/humble/local/lib/python3.10/dist-packages'), ('LC_NUMERIC', 'de_CH.UTF-8'), ('LC_PAPER', 'de_CH.UTF-8'), ('COLCON', '1'), ('CMAKE_PREFIX_PATH', '/opt/ros/humble')]), 'shell': False}
[90.268142] (sllidar_ros2) StdoutLine: {'line': b'-- Install configuration: ""\n'}
[90.271351] (sllidar_ros2) StdoutLine: {'line': b'-- Installing: /home/arno/RoombaV2Onboard/install/sllidar_ros2/share/sllidar_ros2/launch\n'}
[90.275170] (sllidar_ros2) StdoutLine: {'line': b'-- Installing: /home/arno/RoombaV2Onboard/install/sllidar_ros2/share/sllidar_ros2/launch/view_sllidar_a2m7_launch.py\n'}
[90.278896] (sllidar_ros2) StdoutLine: {'line': b'-- Installing: /home/arno/RoombaV2Onboard/install/sllidar_ros2/share/sllidar_ros2/launch/sllidar_a3_launch.py\n'}
[90.283262] (-) TimerEvent: {}
[90.286762] (sllidar_ros2) StdoutLine: {'line': b'-- Installing: /home/arno/RoombaV2Onboard/install/sllidar_ros2/share/sllidar_ros2/launch/sllidar_c1_launch.py\n'}
[90.291138] (sllidar_ros2) StdoutLine: {'line': b'-- Installing: /home/arno/RoombaV2Onboard/install/sllidar_ros2/share/sllidar_ros2/launch/view_sllidar_s1_tcp_launch.py\n'}
[90.294958] (sllidar_ros2) StdoutLine: {'line': b'-- Installing: /home/arno/RoombaV2Onboard/install/sllidar_ros2/share/sllidar_ros2/launch/view_sllidar_s2_launch.py\n'}
[90.298636] (sllidar_ros2) StdoutLine: {'line': b'-- Installing: /home/arno/RoombaV2Onboard/install/sllidar_ros2/share/sllidar_ros2/launch/view_sllidar_a3_launch.py\n'}
[90.302396] (sllidar_ros2) StdoutLine: {'line': b'-- Installing: /home/arno/RoombaV2Onboard/install/sllidar_ros2/share/sllidar_ros2/launch/view_sllidar_s2e_launch.py\n'}
[90.306472] (sllidar_ros2) StdoutLine: {'line': b'-- Installing: /home/arno/RoombaV2Onboard/install/sllidar_ros2/share/sllidar_ros2/launch/sllidar_s3_launch.py\n'}
[90.310442] (sllidar_ros2) StdoutLine: {'line': b'-- Installing: /home/arno/RoombaV2Onboard/install/sllidar_ros2/share/sllidar_ros2/launch/view_sllidar_a2m8_launch.py\n'}
[90.313947] (sllidar_ros2) StdoutLine: {'line': b'-- Installing: /home/arno/RoombaV2Onboard/install/sllidar_ros2/share/sllidar_ros2/launch/sllidar_s2_launch.py\n'}
[90.317536] (sllidar_ros2) StdoutLine: {'line': b'-- Installing: /home/arno/RoombaV2Onboard/install/sllidar_ros2/share/sllidar_ros2/launch/view_sllidar_s3_launch.py\n'}
[90.321327] (sllidar_ros2) StdoutLine: {'line': b'-- Installing: /home/arno/RoombaV2Onboard/install/sllidar_ros2/share/sllidar_ros2/launch/sllidar_s1_tcp_launch.py\n'}
[90.325100] (sllidar_ros2) StdoutLine: {'line': b'-- Installing: /home/arno/RoombaV2Onboard/install/sllidar_ros2/share/sllidar_ros2/launch/sllidar_a2m8_launch.py\n'}
[90.329116] (sllidar_ros2) StdoutLine: {'line': b'-- Installing: /home/arno/RoombaV2Onboard/install/sllidar_ros2/share/sllidar_ros2/launch/view_sllidar_a1_launch.py\n'}
[90.333084] (sllidar_ros2) StdoutLine: {'line': b'-- Installing: /home/arno/RoombaV2Onboard/install/sllidar_ros2/share/sllidar_ros2/launch/sllidar_a1_launch.py\n'}
[90.336666] (sllidar_ros2) StdoutLine: {'line': b'-- Installing: /home/arno/RoombaV2Onboard/install/sllidar_ros2/share/sllidar_ros2/launch/sllidar_s1_launch.py\n'}
[90.340213] (sllidar_ros2) StdoutLine: {'line': b'-- Installing: /home/arno/RoombaV2Onboard/install/sllidar_ros2/share/sllidar_ros2/launch/sllidar_s2e_launch.py\n'}
[90.344332] (sllidar_ros2) StdoutLine: {'line': b'-- Installing: /home/arno/RoombaV2Onboard/install/sllidar_ros2/share/sllidar_ros2/launch/sllidar_t1_launch.py\n'}
[90.348470] (sllidar_ros2) StdoutLine: {'line': b'-- Installing: /home/arno/RoombaV2Onboard/install/sllidar_ros2/share/sllidar_ros2/launch/view_sllidar_t1_launch.py\n'}
[90.352256] (sllidar_ros2) StdoutLine: {'line': b'-- Installing: /home/arno/RoombaV2Onboard/install/sllidar_ros2/share/sllidar_ros2/launch/view_sllidar_s1_launch.py\n'}
[90.356134] (sllidar_ros2) StdoutLine: {'line': b'-- Installing: /home/arno/RoombaV2Onboard/install/sllidar_ros2/share/sllidar_ros2/launch/view_sllidar_a2m12_launch.py\n'}
[90.360004] (sllidar_ros2) StdoutLine: {'line': b'-- Installing: /home/arno/RoombaV2Onboard/install/sllidar_ros2/share/sllidar_ros2/launch/sllidar_a2m7_launch.py\n'}
[90.363819] (sllidar_ros2) StdoutLine: {'line': b'-- Installing: /home/arno/RoombaV2Onboard/install/sllidar_ros2/share/sllidar_ros2/launch/view_sllidar_c1_launch.py\n'}
[90.367683] (sllidar_ros2) StdoutLine: {'line': b'-- Installing: /home/arno/RoombaV2Onboard/install/sllidar_ros2/share/sllidar_ros2/launch/sllidar_a2m12_launch .py\n'}
[90.371381] (sllidar_ros2) StdoutLine: {'line': b'-- Installing: /home/arno/RoombaV2Onboard/install/sllidar_ros2/share/sllidar_ros2/rviz\n'}
[90.374691] (sllidar_ros2) StdoutLine: {'line': b'-- Installing: /home/arno/RoombaV2Onboard/install/sllidar_ros2/share/sllidar_ros2/rviz/sllidar_ros2.rviz\n'}
[90.379849] (sllidar_ros2) StdoutLine: {'line': b'-- Installing: /home/arno/RoombaV2Onboard/install/sllidar_ros2/lib/sllidar_ros2/sllidar_node\n'}
[90.383486] (-) TimerEvent: {}
[90.401217] (sllidar_ros2) StdoutLine: {'line': b'-- Set runtime path of "/home/arno/RoombaV2Onboard/install/sllidar_ros2/lib/sllidar_ros2/sllidar_node" to ""\n'}
[90.403554] (sllidar_ros2) StdoutLine: {'line': b'-- Installing: /home/arno/RoombaV2Onboard/install/sllidar_ros2/lib/sllidar_ros2/sllidar_client\n'}
[90.433989] (sllidar_ros2) StdoutLine: {'line': b'-- Set runtime path of "/home/arno/RoombaV2Onboard/install/sllidar_ros2/lib/sllidar_ros2/sllidar_client" to ""\n'}
[90.435481] (sllidar_ros2) StdoutLine: {'line': b'-- Installing: /home/arno/RoombaV2Onboard/install/sllidar_ros2/share/ament_index/resource_index/package_run_dependencies/sllidar_ros2\n'}
[90.442445] (sllidar_ros2) StdoutLine: {'line': b'-- Installing: /home/arno/RoombaV2Onboard/install/sllidar_ros2/share/ament_index/resource_index/parent_prefix_path/sllidar_ros2\n'}
[90.450442] (sllidar_ros2) StdoutLine: {'line': b'-- Installing: /home/arno/RoombaV2Onboard/install/sllidar_ros2/share/sllidar_ros2/environment/ament_prefix_path.sh\n'}
[90.452155] (sllidar_ros2) StdoutLine: {'line': b'-- Installing: /home/arno/RoombaV2Onboard/install/sllidar_ros2/share/sllidar_ros2/environment/ament_prefix_path.dsv\n'}
[90.459541] (sllidar_ros2) StdoutLine: {'line': b'-- Installing: /home/arno/RoombaV2Onboard/install/sllidar_ros2/share/sllidar_ros2/environment/path.sh\n'}
[90.461495] (sllidar_ros2) StdoutLine: {'line': b'-- Installing: /home/arno/RoombaV2Onboard/install/sllidar_ros2/share/sllidar_ros2/environment/path.dsv\n'}
[90.464866] (sllidar_ros2) StdoutLine: {'line': b'-- Installing: /home/arno/RoombaV2Onboard/install/sllidar_ros2/share/sllidar_ros2/local_setup.bash\n'}
[90.476274] (sllidar_ros2) StdoutLine: {'line': b'-- Installing: /home/arno/RoombaV2Onboard/install/sllidar_ros2/share/sllidar_ros2/local_setup.sh\n'}
[90.480973] (sllidar_ros2) StdoutLine: {'line': b'-- Installing: /home/arno/RoombaV2Onboard/install/sllidar_ros2/share/sllidar_ros2/local_setup.zsh\n'}
[90.483964] (-) TimerEvent: {}
[90.495679] (sllidar_ros2) StdoutLine: {'line': b'-- Installing: /home/arno/RoombaV2Onboard/install/sllidar_ros2/share/sllidar_ros2/local_setup.dsv\n'}
[90.502123] (sllidar_ros2) StdoutLine: {'line': b'-- Installing: /home/arno/RoombaV2Onboard/install/sllidar_ros2/share/sllidar_ros2/package.dsv\n'}
[90.506725] (sllidar_ros2) StdoutLine: {'line': b'-- Installing: /home/arno/RoombaV2Onboard/install/sllidar_ros2/share/ament_index/resource_index/packages/sllidar_ros2\n'}
[90.510790] (sllidar_ros2) StdoutLine: {'line': b'-- Installing: /home/arno/RoombaV2Onboard/install/sllidar_ros2/share/sllidar_ros2/cmake/ament_cmake_export_dependencies-extras.cmake\n'}
[90.514684] (sllidar_ros2) StdoutLine: {'line': b'-- Installing: /home/arno/RoombaV2Onboard/install/sllidar_ros2/share/sllidar_ros2/cmake/ament_cmake_export_include_directories-extras.cmake\n'}
[90.518708] (sllidar_ros2) StdoutLine: {'line': b'-- Installing: /home/arno/RoombaV2Onboard/install/sllidar_ros2/share/sllidar_ros2/cmake/sllidar_ros2Config.cmake\n'}
[90.522386] (sllidar_ros2) StdoutLine: {'line': b'-- Installing: /home/arno/RoombaV2Onboard/install/sllidar_ros2/share/sllidar_ros2/cmake/sllidar_ros2Config-version.cmake\n'}
[90.527022] (sllidar_ros2) StdoutLine: {'line': b'-- Installing: /home/arno/RoombaV2Onboard/install/sllidar_ros2/share/sllidar_ros2/package.xml\n'}
[90.536813] (sllidar_ros2) CommandEnded: {'returncode': 0}
[90.591443] (-) TimerEvent: {}
[90.692636] (-) TimerEvent: {}
[90.793749] (-) TimerEvent: {}
[90.895126] (-) TimerEvent: {}
[90.997016] (-) TimerEvent: {}
[91.099725] (-) TimerEvent: {}
[91.150289] (sllidar_ros2) JobEnded: {'identifier': 'sllidar_ros2', 'rc': 0}
[91.199969] (-) TimerEvent: {}
[91.301308] (-) TimerEvent: {}
[91.404005] (-) TimerEvent: {}
[91.505657] (-) TimerEvent: {}
[91.607545] (-) TimerEvent: {}
[91.709691] (-) TimerEvent: {}
[91.811960] (-) TimerEvent: {}
[91.914014] (-) TimerEvent: {}
[92.016310] (-) TimerEvent: {}
[92.127365] (-) TimerEvent: {}
[92.229403] (-) TimerEvent: {}
[92.331713] (-) TimerEvent: {}
[92.433909] (-) TimerEvent: {}
[92.536257] (-) TimerEvent: {}
[92.638278] (-) TimerEvent: {}
[92.740526] (-) TimerEvent: {}
[92.842628] (-) TimerEvent: {}
[92.945016] (-) TimerEvent: {}
[93.047271] (-) TimerEvent: {}
[93.149456] (-) TimerEvent: {}
[93.251421] (-) TimerEvent: {}
[93.353920] (-) TimerEvent: {}
[93.455856] (-) TimerEvent: {}
[93.557961] (-) TimerEvent: {}
[93.667346] (-) TimerEvent: {}
[93.769636] (-) TimerEvent: {}
[93.871833] (-) TimerEvent: {}
[93.974016] (-) TimerEvent: {}
[94.076087] (-) TimerEvent: {}
[94.178556] (-) TimerEvent: {}
[94.280647] (-) TimerEvent: {}
[94.383018] (-) TimerEvent: {}
[94.485073] (-) TimerEvent: {}
[94.587239] (-) TimerEvent: {}
[94.689400] (-) TimerEvent: {}
[94.791859] (-) TimerEvent: {}
[94.894106] (-) TimerEvent: {}
[94.996074] (-) TimerEvent: {}
[95.098041] (-) TimerEvent: {}
[95.200185] (-) TimerEvent: {}
[95.302476] (-) TimerEvent: {}
[95.404622] (-) TimerEvent: {}
[95.506831] (-) TimerEvent: {}
[95.608779] (-) TimerEvent: {}
[95.710951] (-) TimerEvent: {}
[95.813119] (-) TimerEvent: {}
[95.915253] (-) TimerEvent: {}
[96.017510] (-) TimerEvent: {}
[96.119453] (-) TimerEvent: {}
[96.221642] (-) TimerEvent: {}
[96.324043] (-) TimerEvent: {}
[96.426193] (-) TimerEvent: {}
[96.528326] (-) TimerEvent: {}
[96.630346] (-) TimerEvent: {}
[96.732582] (-) TimerEvent: {}
[96.834653] (-) TimerEvent: {}
[96.936783] (-) TimerEvent: {}
[97.039027] (-) TimerEvent: {}
[97.141422] (-) TimerEvent: {}
[97.243813] (-) TimerEvent: {}
[97.345984] (-) TimerEvent: {}
[97.448147] (-) TimerEvent: {}
[97.550488] (-) TimerEvent: {}
[97.652545] (-) TimerEvent: {}
[97.754531] (-) TimerEvent: {}
[97.856780] (-) TimerEvent: {}
[97.958986] (-) TimerEvent: {}
[98.061165] (-) TimerEvent: {}
[98.163283] (-) TimerEvent: {}
[98.265548] (-) TimerEvent: {}
[98.367787] (-) TimerEvent: {}
[98.469891] (-) TimerEvent: {}
[98.572105] (-) TimerEvent: {}
[98.674205] (-) TimerEvent: {}
[98.776391] (-) TimerEvent: {}
[98.878427] (-) TimerEvent: {}
[98.980717] (-) TimerEvent: {}
[99.083057] (-) TimerEvent: {}
[99.185031] (-) TimerEvent: {}
[99.287169] (-) TimerEvent: {}
[99.389564] (-) TimerEvent: {}
[99.491723] (-) TimerEvent: {}
[99.593886] (-) TimerEvent: {}
[99.695973] (-) TimerEvent: {}
[99.797951] (-) TimerEvent: {}
[99.899938] (-) TimerEvent: {}
[100.001778] (-) TimerEvent: {}
[100.103850] (-) TimerEvent: {}
[100.205993] (-) TimerEvent: {}
[100.308385] (-) TimerEvent: {}
[100.410546] (-) TimerEvent: {}
[100.512768] (-) TimerEvent: {}
[100.614798] (-) TimerEvent: {}
[100.716625] (-) TimerEvent: {}
[100.818899] (-) TimerEvent: {}
[100.921356] (-) TimerEvent: {}
[101.023338] (-) TimerEvent: {}
[101.125790] (-) TimerEvent: {}
[101.227998] (-) TimerEvent: {}
[101.330128] (-) TimerEvent: {}
[101.432182] (-) TimerEvent: {}
[101.534467] (-) TimerEvent: {}
[101.636709] (-) TimerEvent: {}
[101.738524] (-) TimerEvent: {}
[101.840388] (-) TimerEvent: {}
[101.942459] (-) TimerEvent: {}
[102.044274] (-) TimerEvent: {}
[102.146367] (-) TimerEvent: {}
[102.248492] (-) TimerEvent: {}
[102.350525] (-) TimerEvent: {}
[102.452560] (-) TimerEvent: {}
[102.554654] (-) TimerEvent: {}
[102.657267] (-) TimerEvent: {}
[102.759220] (-) TimerEvent: {}
[102.861024] (-) TimerEvent: {}
[102.963131] (-) TimerEvent: {}
[103.065176] (-) TimerEvent: {}
[103.169605] (-) TimerEvent: {}
[103.275581] (-) TimerEvent: {}
[103.377737] (-) TimerEvent: {}
[103.479588] (-) TimerEvent: {}
[103.581526] (-) TimerEvent: {}
[103.683745] (-) TimerEvent: {}
[103.785913] (-) TimerEvent: {}
[103.889804] (-) TimerEvent: {}
[103.992257] (-) TimerEvent: {}
[104.094710] (-) TimerEvent: {}
[104.196660] (-) TimerEvent: {}
[104.297701] (-) TimerEvent: {}
[104.400202] (-) TimerEvent: {}
[104.502085] (-) TimerEvent: {}
[104.604173] (-) TimerEvent: {}
[104.705995] (-) TimerEvent: {}
[104.806973] (-) TimerEvent: {}
[104.909147] (-) TimerEvent: {}
[105.011038] (-) TimerEvent: {}
[105.112786] (-) TimerEvent: {}
[105.214469] (-) TimerEvent: {}
[105.322157] (-) TimerEvent: {}
[105.424622] (-) TimerEvent: {}
[106.216852] (-) TimerEvent: {}
[106.319026] (-) TimerEvent: {}
[106.421089] (-) TimerEvent: {}
[106.523363] (-) TimerEvent: {}
[106.625528] (-) TimerEvent: {}
[106.727544] (-) TimerEvent: {}
[106.829065] (-) TimerEvent: {}
[106.930558] (-) TimerEvent: {}
[107.032005] (-) TimerEvent: {}
[107.133572] (-) TimerEvent: {}
[107.234961] (-) TimerEvent: {}
[107.336407] (-) TimerEvent: {}
[107.437961] (-) TimerEvent: {}
[107.539867] (-) TimerEvent: {}
[107.641458] (-) TimerEvent: {}
[107.742958] (-) TimerEvent: {}
[107.844461] (-) TimerEvent: {}
[107.945355] (-) TimerEvent: {}
[108.046270] (-) TimerEvent: {}
[108.147254] (-) TimerEvent: {}
[108.248493] (-) TimerEvent: {}
[108.349476] (-) TimerEvent: {}
[108.450729] (-) TimerEvent: {}
[108.552052] (-) TimerEvent: {}
[108.653143] (-) TimerEvent: {}
[108.754385] (-) TimerEvent: {}
[108.954288] (-) TimerEvent: {}
[109.056643] (-) TimerEvent: {}
[109.157910] (-) TimerEvent: {}
[109.258904] (-) TimerEvent: {}
[109.359912] (-) TimerEvent: {}
[109.461031] (-) TimerEvent: {}
[109.562184] (-) TimerEvent: {}
[109.663205] (-) TimerEvent: {}
[109.764334] (-) TimerEvent: {}
[109.865728] (-) TimerEvent: {}
[109.966957] (-) TimerEvent: {}
[110.067977] (-) TimerEvent: {}
[110.168929] (-) TimerEvent: {}
[110.269930] (-) TimerEvent: {}
[110.371150] (-) TimerEvent: {}
[110.473178] (-) TimerEvent: {}
[110.578151] (-) TimerEvent: {}
[110.679467] (-) TimerEvent: {}
[110.783288] (-) TimerEvent: {}
[110.900134] (-) TimerEvent: {}
[111.000933] (-) TimerEvent: {}
[111.101780] (-) TimerEvent: {}
[111.202619] (-) TimerEvent: {}
[111.303487] (-) TimerEvent: {}
[111.404328] (-) TimerEvent: {}
[111.505166] (-) TimerEvent: {}
[111.605968] (-) TimerEvent: {}
[111.706772] (-) TimerEvent: {}
[111.807811] (-) TimerEvent: {}
[111.908773] (-) TimerEvent: {}
[112.009824] (-) TimerEvent: {}
[112.110749] (-) TimerEvent: {}
[112.211585] (-) TimerEvent: {}
[112.312791] (-) TimerEvent: {}
[112.415200] (-) TimerEvent: {}
[112.516915] (-) TimerEvent: {}
[112.619307] (-) TimerEvent: {}
[112.721543] (-) TimerEvent: {}
[112.823877] (-) TimerEvent: {}
[112.926243] (-) TimerEvent: {}
[113.028427] (-) TimerEvent: {}
[113.130127] (-) TimerEvent: {}
[113.231840] (-) TimerEvent: {}
[113.333975] (-) TimerEvent: {}
[113.435556] (-) TimerEvent: {}
[113.537370] (-) TimerEvent: {}
[113.639370] (-) TimerEvent: {}
[113.741023] (-) TimerEvent: {}
[113.841846] (-) TimerEvent: {}
[113.943390] (-) TimerEvent: {}
[114.044722] (-) TimerEvent: {}
[114.145570] (-) TimerEvent: {}
[114.246536] (-) TimerEvent: {}
[114.347538] (-) TimerEvent: {}
[114.448412] (-) TimerEvent: {}
[114.549216] (-) TimerEvent: {}
[114.650052] (-) TimerEvent: {}
[114.751962] (-) TimerEvent: {}
[114.852753] (-) TimerEvent: {}
[114.953549] (-) TimerEvent: {}
[115.054397] (-) TimerEvent: {}
[115.155159] (-) TimerEvent: {}
[115.255864] (-) TimerEvent: {}
[115.357326] (-) TimerEvent: {}
[115.458069] (-) TimerEvent: {}
[115.559055] (-) TimerEvent: {}
[115.660153] (-) TimerEvent: {}
[115.760995] (-) TimerEvent: {}
[115.862723] (-) TimerEvent: {}
[115.964833] (-) TimerEvent: {}
[116.066832] (-) TimerEvent: {}
[116.168908] (-) TimerEvent: {}
[116.269806] (-) TimerEvent: {}
[116.371760] (-) TimerEvent: {}
[116.472991] (-) TimerEvent: {}
[116.575121] (-) TimerEvent: {}
[116.676283] (-) TimerEvent: {}
[116.778139] (-) TimerEvent: {}
[116.879899] (-) TimerEvent: {}
[116.980648] (-) TimerEvent: {}
[117.081433] (-) TimerEvent: {}
[117.182425] (-) TimerEvent: {}
[117.284340] (-) TimerEvent: {}
[117.385149] (-) TimerEvent: {}
[117.486770] (-) TimerEvent: {}
[117.587707] (-) TimerEvent: {}
[117.689529] (-) TimerEvent: {}
[117.791526] (-) TimerEvent: {}
[117.893444] (-) TimerEvent: {}
[117.995198] (-) TimerEvent: {}
[118.096836] (-) TimerEvent: {}
[118.198535] (-) TimerEvent: {}
[118.300652] (-) TimerEvent: {}
[118.403657] (-) TimerEvent: {}
[118.505402] (-) TimerEvent: {}
[118.607044] (-) TimerEvent: {}
[118.708709] (-) TimerEvent: {}
[118.810773] (-) TimerEvent: {}
[118.913193] (-) TimerEvent: {}
[119.015227] (-) TimerEvent: {}
[119.117194] (-) TimerEvent: {}
[119.219317] (-) TimerEvent: {}
[119.321880] (-) TimerEvent: {}
[119.425198] (-) TimerEvent: {}
[119.527817] (-) TimerEvent: {}
[119.629814] (-) TimerEvent: {}
[119.731813] (-) TimerEvent: {}
[119.834714] (-) TimerEvent: {}
[119.956122] (-) TimerEvent: {}
[120.058787] (-) TimerEvent: {}
[120.166022] (-) TimerEvent: {}
[120.268026] (-) TimerEvent: {}
[120.370205] (-) TimerEvent: {}
[120.472382] (-) TimerEvent: {}
[120.573087] (-) TimerEvent: {}
[120.674108] (-) TimerEvent: {}
[120.774869] (-) TimerEvent: {}
[120.875693] (-) TimerEvent: {}
[120.976630] (-) TimerEvent: {}
[121.077420] (-) TimerEvent: {}
[121.178253] (-) TimerEvent: {}
[121.279140] (-) TimerEvent: {}
[121.379945] (-) TimerEvent: {}
[121.480726] (-) TimerEvent: {}
[121.581508] (-) TimerEvent: {}
[121.682308] (-) TimerEvent: {}
[121.783195] (-) TimerEvent: {}
[121.883943] (-) TimerEvent: {}
[121.984680] (-) TimerEvent: {}
[122.085368] (-) TimerEvent: {}
[122.186169] (-) TimerEvent: {}
[122.286974] (-) TimerEvent: {}
[122.387815] (-) TimerEvent: {}
[122.488551] (-) TimerEvent: {}
[122.589369] (-) TimerEvent: {}
[122.691138] (-) TimerEvent: {}
[122.792007] (-) TimerEvent: {}
[122.892680] (-) TimerEvent: {}
[122.993354] (-) TimerEvent: {}
[123.094059] (-) TimerEvent: {}
[123.194834] (-) TimerEvent: {}
[123.295509] (-) TimerEvent: {}
[123.396459] (-) TimerEvent: {}
[123.497366] (-) TimerEvent: {}
[123.598385] (-) TimerEvent: {}
[123.699470] (-) TimerEvent: {}
[123.800201] (-) TimerEvent: {}
[123.900935] (-) TimerEvent: {}
[124.001741] (-) TimerEvent: {}
[124.102665] (-) TimerEvent: {}
[124.203437] (-) TimerEvent: {}
[124.304129] (-) TimerEvent: {}
[124.404791] (-) TimerEvent: {}
[124.505930] (-) TimerEvent: {}
[124.607161] (-) TimerEvent: {}
[124.707975] (-) TimerEvent: {}
[124.808907] (-) TimerEvent: {}
[124.909546] (-) TimerEvent: {}
[125.010237] (-) TimerEvent: {}
[125.110895] (-) TimerEvent: {}
[125.211791] (-) TimerEvent: {}
[125.312724] (-) TimerEvent: {}
[125.413528] (-) TimerEvent: {}
[125.514371] (-) TimerEvent: {}
[125.615243] (-) TimerEvent: {}
[125.716155] (-) TimerEvent: {}
[125.816918] (-) TimerEvent: {}
[125.917910] (-) TimerEvent: {}
[126.018748] (-) TimerEvent: {}
[126.120658] (-) TimerEvent: {}
[126.222137] (-) TimerEvent: {}
[126.323022] (-) TimerEvent: {}
[126.423884] (-) TimerEvent: {}
[126.524676] (-) TimerEvent: {}
[126.625567] (-) TimerEvent: {}
[126.726499] (-) TimerEvent: {}
[126.827746] (-) TimerEvent: {}
[126.928640] (-) TimerEvent: {}
[127.029736] (-) TimerEvent: {}
[127.131191] (-) TimerEvent: {}
[127.231982] (-) TimerEvent: {}
[127.332929] (-) TimerEvent: {}
[127.434246] (-) TimerEvent: {}
[127.535372] (-) TimerEvent: {}
[127.636975] (-) TimerEvent: {}
[127.738399] (-) TimerEvent: {}
[127.839462] (-) TimerEvent: {}
[127.940619] (-) TimerEvent: {}
[128.041394] (-) TimerEvent: {}
[128.142281] (-) TimerEvent: {}
[128.243272] (-) TimerEvent: {}
[128.344044] (-) TimerEvent: {}
[128.444903] (-) TimerEvent: {}
[128.545918] (-) TimerEvent: {}
[128.647163] (-) TimerEvent: {}
[128.748378] (-) TimerEvent: {}
[128.849652] (-) TimerEvent: {}
[128.950944] (-) TimerEvent: {}
[129.051719] (-) TimerEvent: {}
[129.152604] (-) TimerEvent: {}
[129.253475] (-) TimerEvent: {}
[129.354318] (-) TimerEvent: {}
[129.455309] (-) TimerEvent: {}
[129.556086] (-) TimerEvent: {}
[129.656906] (-) TimerEvent: {}
[129.757672] (-) TimerEvent: {}
[129.858531] (-) TimerEvent: {}
[129.959297] (-) TimerEvent: {}
[130.060163] (-) TimerEvent: {}
[130.160959] (-) TimerEvent: {}
[130.261755] (-) TimerEvent: {}
[130.362614] (-) TimerEvent: {}
[130.463423] (-) TimerEvent: {}
[130.564266] (-) TimerEvent: {}
[130.665150] (-) TimerEvent: {}
[130.766020] (-) TimerEvent: {}
[130.866841] (-) TimerEvent: {}
[130.967767] (-) TimerEvent: {}
[131.068596] (-) TimerEvent: {}
[131.169408] (-) TimerEvent: {}
[131.270245] (-) TimerEvent: {}
[131.371059] (-) TimerEvent: {}
[131.471950] (-) TimerEvent: {}
[131.572772] (-) TimerEvent: {}
[131.673616] (-) TimerEvent: {}
[131.774416] (-) TimerEvent: {}
[131.875244] (-) TimerEvent: {}
[131.976017] (-) TimerEvent: {}
[132.076826] (-) TimerEvent: {}
[132.178069] (-) TimerEvent: {}
[132.278937] (-) TimerEvent: {}
[132.379820] (-) TimerEvent: {}
[132.480626] (-) TimerEvent: {}
[132.581457] (-) TimerEvent: {}
[132.682329] (-) TimerEvent: {}
[132.783574] (-) TimerEvent: {}
[132.884619] (-) TimerEvent: {}
[132.985770] (-) TimerEvent: {}
[133.086918] (-) TimerEvent: {}
[133.188177] (-) TimerEvent: {}
[133.289368] (-) TimerEvent: {}
[133.390572] (-) TimerEvent: {}
[133.491699] (-) TimerEvent: {}
[133.592860] (-) TimerEvent: {}
[133.693963] (-) TimerEvent: {}
[133.794737] (-) TimerEvent: {}
[133.895628] (-) TimerEvent: {}
[133.996455] (-) TimerEvent: {}
[134.097266] (-) TimerEvent: {}
[134.198098] (-) TimerEvent: {}
[134.298845] (-) TimerEvent: {}
[134.399650] (-) TimerEvent: {}
[134.500436] (-) TimerEvent: {}
[134.601233] (-) TimerEvent: {}
[134.702002] (-) TimerEvent: {}
[134.802805] (-) TimerEvent: {}
[134.903646] (-) TimerEvent: {}
[135.004340] (-) TimerEvent: {}
[135.105119] (-) TimerEvent: {}
[135.205864] (-) TimerEvent: {}
[135.306737] (-) TimerEvent: {}
[135.407641] (-) TimerEvent: {}
[135.508388] (-) TimerEvent: {}
[135.609173] (-) TimerEvent: {}
[135.709912] (-) TimerEvent: {}
[135.810707] (-) TimerEvent: {}
[135.911578] (-) TimerEvent: {}
[136.012348] (-) TimerEvent: {}
[136.113138] (-) TimerEvent: {}
[136.213973] (-) TimerEvent: {}
[136.314754] (-) TimerEvent: {}
[136.415553] (-) TimerEvent: {}
[136.516311] (-) TimerEvent: {}
[136.617455] (-) TimerEvent: {}
[136.718264] (-) TimerEvent: {}
[136.819181] (-) TimerEvent: {}
[136.920004] (-) TimerEvent: {}
[137.020808] (-) TimerEvent: {}
[137.121636] (-) TimerEvent: {}
[137.222391] (-) TimerEvent: {}
[137.323276] (-) TimerEvent: {}
[137.424096] (-) TimerEvent: {}
[137.525076] (-) TimerEvent: {}
[137.625850] (-) TimerEvent: {}
[137.726653] (-) TimerEvent: {}
[137.827471] (-) TimerEvent: {}
[137.928307] (-) TimerEvent: {}
[138.029587] (-) TimerEvent: {}
[138.130786] (-) TimerEvent: {}
[138.231570] (-) TimerEvent: {}
[138.332409] (-) TimerEvent: {}
[138.433213] (-) TimerEvent: {}
[138.534041] (-) TimerEvent: {}
[138.634852] (-) TimerEvent: {}
[138.735686] (-) TimerEvent: {}
[138.836457] (-) TimerEvent: {}
[138.937264] (-) TimerEvent: {}
[139.038102] (-) TimerEvent: {}
[139.138955] (-) TimerEvent: {}
[139.239794] (-) TimerEvent: {}
[139.340600] (-) TimerEvent: {}
[139.441385] (-) TimerEvent: {}
[139.542215] (-) TimerEvent: {}
[139.643036] (-) TimerEvent: {}
[139.743845] (-) TimerEvent: {}
[139.845599] (-) TimerEvent: {}
[139.946473] (-) TimerEvent: {}
[140.047278] (-) TimerEvent: {}
[140.148019] (-) TimerEvent: {}
[140.248823] (-) TimerEvent: {}
[140.349650] (-) TimerEvent: {}
[140.450449] (-) TimerEvent: {}
[140.551257] (-) TimerEvent: {}
[140.652060] (-) TimerEvent: {}
[140.752824] (-) TimerEvent: {}
[140.853651] (-) TimerEvent: {}
[140.954490] (-) TimerEvent: {}
[141.055339] (-) TimerEvent: {}
[141.156128] (-) TimerEvent: {}
[141.256963] (-) TimerEvent: {}
[141.358730] (-) TimerEvent: {}
[141.459584] (-) TimerEvent: {}
[141.560426] (-) TimerEvent: {}
[141.661334] (-) TimerEvent: {}
[141.762173] (-) TimerEvent: {}
[141.863120] (-) TimerEvent: {}
[141.963999] (-) TimerEvent: {}
[142.064818] (-) TimerEvent: {}
[142.165668] (-) TimerEvent: {}
[142.266514] (-) TimerEvent: {}
[142.367338] (-) TimerEvent: {}
[142.468051] (-) TimerEvent: {}
[142.568775] (-) TimerEvent: {}
[142.669563] (-) TimerEvent: {}
[142.770303] (-) TimerEvent: {}
[142.871126] (-) TimerEvent: {}
[142.971921] (-) TimerEvent: {}
[143.072674] (-) TimerEvent: {}
[143.173373] (-) TimerEvent: {}
[143.274123] (-) TimerEvent: {}
[143.374898] (-) TimerEvent: {}
[143.475670] (-) TimerEvent: {}
[143.576413] (-) TimerEvent: {}
[143.677184] (-) TimerEvent: {}
[143.777976] (-) TimerEvent: {}
[143.878683] (-) TimerEvent: {}
[143.979484] (-) TimerEvent: {}
[144.080246] (-) TimerEvent: {}
[144.180943] (-) TimerEvent: {}
[144.281714] (-) TimerEvent: {}
[144.382498] (-) TimerEvent: {}
[144.483278] (-) TimerEvent: {}
[144.583979] (-) TimerEvent: {}
[144.684725] (-) TimerEvent: {}
[144.785460] (-) TimerEvent: {}
[144.886183] (-) TimerEvent: {}
[144.986959] (-) TimerEvent: {}
[145.087707] (-) TimerEvent: {}
[145.188433] (-) TimerEvent: {}
[145.289235] (-) TimerEvent: {}
[145.390087] (-) TimerEvent: {}
[145.490847] (-) TimerEvent: {}
[145.591710] (-) TimerEvent: {}
[145.692482] (-) TimerEvent: {}
[145.793259] (-) TimerEvent: {}
[145.894050] (-) TimerEvent: {}
[145.994880] (-) TimerEvent: {}
[146.095669] (-) TimerEvent: {}
[146.196459] (-) TimerEvent: {}
[146.297247] (-) TimerEvent: {}
[146.398028] (-) TimerEvent: {}
[146.498761] (-) TimerEvent: {}
[146.599627] (-) TimerEvent: {}
[146.700392] (-) TimerEvent: {}
[146.801180] (-) TimerEvent: {}
[146.901911] (-) TimerEvent: {}
[147.002658] (-) TimerEvent: {}
[147.103338] (-) TimerEvent: {}
[147.204001] (-) TimerEvent: {}
[147.304709] (-) TimerEvent: {}
[147.405659] (-) TimerEvent: {}
[147.506694] (-) TimerEvent: {}
[147.607546] (-) TimerEvent: {}
[147.708217] (-) TimerEvent: {}
[147.808963] (-) TimerEvent: {}
[147.910087] (-) TimerEvent: {}
[148.011458] (-) TimerEvent: {}
[148.112871] (-) TimerEvent: {}
[148.216356] (-) TimerEvent: {}
[148.319603] (-) TimerEvent: {}
[148.420415] (-) TimerEvent: {}
[148.521145] (-) TimerEvent: {}
[148.621878] (-) TimerEvent: {}
[148.722647] (-) TimerEvent: {}
[148.823434] (-) TimerEvent: {}
[148.924191] (-) TimerEvent: {}
[149.024928] (-) TimerEvent: {}
[149.125680] (-) TimerEvent: {}
[149.226441] (-) TimerEvent: {}
[149.327225] (-) TimerEvent: {}
[149.427946] (-) TimerEvent: {}
[149.528660] (-) TimerEvent: {}
[149.629375] (-) TimerEvent: {}
[149.730115] (-) TimerEvent: {}
[149.830829] (-) TimerEvent: {}
[149.931576] (-) TimerEvent: {}
[150.032282] (-) TimerEvent: {}
[150.133029] (-) TimerEvent: {}
[150.233781] (-) TimerEvent: {}
[150.334470] (-) TimerEvent: {}
[150.435260] (-) TimerEvent: {}
[150.536024] (-) TimerEvent: {}
[150.636783] (-) TimerEvent: {}
[150.737526] (-) TimerEvent: {}
[150.838632] (-) TimerEvent: {}
[150.940170] (-) TimerEvent: {}
[151.041637] (-) TimerEvent: {}
[151.142607] (-) TimerEvent: {}
[151.243388] (-) TimerEvent: {}
[151.344156] (-) TimerEvent: {}
[151.444968] (-) TimerEvent: {}
[151.545895] (-) TimerEvent: {}
[151.647309] (-) TimerEvent: {}
[151.749134] (-) TimerEvent: {}
[151.850482] (-) TimerEvent: {}
[151.951606] (-) TimerEvent: {}
[152.052622] (-) TimerEvent: {}
[152.154015] (-) TimerEvent: {}
[152.254931] (-) TimerEvent: {}
[152.355874] (-) TimerEvent: {}
[152.456591] (-) TimerEvent: {}
[152.557283] (-) TimerEvent: {}
[152.658003] (-) TimerEvent: {}
[152.736125] (rf2o_laser_odometry) StdoutLine: {'line': b'[ 80%] \x1b[32m\x1b[1mLinking CXX static library librf2o_laser_odometry.a\x1b[0m\n'}
[152.765856] (-) TimerEvent: {}
[152.822485] (rf2o_laser_odometry) StdoutLine: {'line': b'[100%] \x1b[32m\x1b[1mLinking CXX executable rf2o_laser_odometry_node\x1b[0m\n'}
[152.866189] (-) TimerEvent: {}
[152.967097] (-) TimerEvent: {}
[153.068209] (-) TimerEvent: {}
[153.169342] (-) TimerEvent: {}
[153.270422] (-) TimerEvent: {}
[153.371389] (-) TimerEvent: {}
[153.472174] (-) TimerEvent: {}
[153.573110] (-) TimerEvent: {}
[153.673892] (-) TimerEvent: {}
[153.774949] (-) TimerEvent: {}
[153.875969] (-) TimerEvent: {}
[153.977381] (-) TimerEvent: {}
[154.078335] (-) TimerEvent: {}
[154.179225] (-) TimerEvent: {}
[154.280504] (-) TimerEvent: {}
[154.381702] (-) TimerEvent: {}
[154.482793] (-) TimerEvent: {}
[154.583562] (-) TimerEvent: {}
[154.684594] (-) TimerEvent: {}
[154.785654] (-) TimerEvent: {}
[154.886610] (-) TimerEvent: {}
[154.987671] (-) TimerEvent: {}
[155.088315] (-) TimerEvent: {}
[155.104446] (rf2o_laser_odometry) StdoutLine: {'line': b'[100%] Built target rf2o_laser_odometry\n'}
[155.188590] (-) TimerEvent: {}
[155.289468] (-) TimerEvent: {}
[155.390121] (-) TimerEvent: {}
[155.490947] (-) TimerEvent: {}
[155.591662] (-) TimerEvent: {}
[155.692561] (-) TimerEvent: {}
[155.793351] (-) TimerEvent: {}
[155.894199] (-) TimerEvent: {}
[155.995125] (-) TimerEvent: {}
[156.095910] (-) TimerEvent: {}
[156.197017] (-) TimerEvent: {}
[156.297864] (-) TimerEvent: {}
[156.398661] (-) TimerEvent: {}
[156.499329] (-) TimerEvent: {}
[156.600247] (-) TimerEvent: {}
[156.701275] (-) TimerEvent: {}
[156.801931] (-) TimerEvent: {}
[156.902728] (-) TimerEvent: {}
[157.003864] (-) TimerEvent: {}
[157.104648] (-) TimerEvent: {}
[157.205309] (-) TimerEvent: {}
[157.306128] (-) TimerEvent: {}
[157.406908] (-) TimerEvent: {}
[157.508054] (-) TimerEvent: {}
[157.608976] (-) TimerEvent: {}
[157.709748] (-) TimerEvent: {}
[157.810814] (-) TimerEvent: {}
[157.911524] (-) TimerEvent: {}
[158.012187] (-) TimerEvent: {}
[158.112813] (-) TimerEvent: {}
[158.213501] (-) TimerEvent: {}
[158.314254] (-) TimerEvent: {}
[158.414862] (-) TimerEvent: {}
[158.515522] (-) TimerEvent: {}
[158.616280] (-) TimerEvent: {}
[158.716900] (-) TimerEvent: {}
[158.817554] (-) TimerEvent: {}
[158.918347] (-) TimerEvent: {}
[159.019008] (-) TimerEvent: {}
[159.119824] (-) TimerEvent: {}
[159.220585] (-) TimerEvent: {}
[159.321650] (-) TimerEvent: {}
[159.422418] (-) TimerEvent: {}
[159.523197] (-) TimerEvent: {}
[159.623970] (-) TimerEvent: {}
[159.724823] (-) TimerEvent: {}
[159.825723] (-) TimerEvent: {}
[159.926666] (-) TimerEvent: {}
[160.027639] (-) TimerEvent: {}
[160.128702] (-) TimerEvent: {}
[160.229393] (-) TimerEvent: {}
[160.330064] (-) TimerEvent: {}
[160.430708] (-) TimerEvent: {}
[160.531485] (-) TimerEvent: {}
[160.632560] (-) TimerEvent: {}
[160.733562] (-) TimerEvent: {}
[160.834623] (-) TimerEvent: {}
[160.935641] (-) TimerEvent: {}
[161.036593] (-) TimerEvent: {}
[161.137422] (-) TimerEvent: {}
[161.238107] (-) TimerEvent: {}
[161.338780] (-) TimerEvent: {}
[161.439425] (-) TimerEvent: {}
[161.540024] (-) TimerEvent: {}
[161.640635] (-) TimerEvent: {}
[161.741245] (-) TimerEvent: {}
[161.841989] (-) TimerEvent: {}
[161.943158] (-) TimerEvent: {}
[162.043875] (-) TimerEvent: {}
[162.144735] (-) TimerEvent: {}
[162.245353] (-) TimerEvent: {}
[162.345998] (-) TimerEvent: {}
[162.446612] (-) TimerEvent: {}
[162.547313] (-) TimerEvent: {}
[162.648268] (-) TimerEvent: {}
[162.749469] (-) TimerEvent: {}
[162.850176] (-) TimerEvent: {}
[162.950778] (-) TimerEvent: {}
[163.051454] (-) TimerEvent: {}
[163.152081] (-) TimerEvent: {}
[163.252766] (-) TimerEvent: {}
[163.353451] (-) TimerEvent: {}
[163.392806] (rf2o_laser_odometry) StdoutLine: {'line': b'[100%] Built target rf2o_laser_odometry_node\n'}
[163.453634] (-) TimerEvent: {}
[163.554319] (-) TimerEvent: {}
[163.574586] (rf2o_laser_odometry) CommandEnded: {'returncode': 0}
[163.654529] (-) TimerEvent: {}
[163.745466] (rf2o_laser_odometry) JobProgress: {'identifier': 'rf2o_laser_odometry', 'progress': 'install'}
[163.750239] (rf2o_laser_odometry) Command: {'cmd': ['/usr/bin/cmake', '--install', '/home/arno/RoombaV2Onboard/build/rf2o_laser_odometry'], 'cwd': '/home/arno/RoombaV2Onboard/build/rf2o_laser_odometry', 'env': OrderedDict([('LESSOPEN', '| /usr/bin/lesspipe %s'), ('USER', 'arno'), ('SSH_CLIENT', '192.168.222.158 53278 22'), ('LC_TIME', 'de_CH.UTF-8'), ('XDG_SESSION_TYPE', 'tty'), ('SHLVL', '1'), ('LD_LIBRARY_PATH', '/opt/ros/humble/opt/rviz_ogre_vendor/lib:/opt/ros/humble/lib/aarch64-linux-gnu:/opt/ros/humble/lib'), ('MOTD_SHOWN', 'pam'), ('HOME', '/home/arno'), ('OLDPWD', '/home/arno/RoombaV2Onboard/src/roombav2/roombav2'), ('SSH_TTY', '/dev/pts/0'), ('ROS_PYTHON_VERSION', '3'), ('LC_MONETARY', 'de_CH.UTF-8'), ('DBUS_SESSION_BUS_ADDRESS', 'unix:path=/run/user/1000/bus'), ('ROS_DISTRO', 'humble'), ('LOGNAME', 'arno'), ('_', '/usr/bin/colcon'), ('ROS_VERSION', '2'), ('XDG_SESSION_CLASS', 'user'), ('TERM', 'xterm-256color'), ('XDG_SESSION_ID', '1'), ('ROS_LOCALHOST_ONLY', '0'), ('PATH', '/opt/ros/humble/bin:/usr/local/sbin:/usr/local/bin:/usr/sbin:/usr/bin:/sbin:/bin:/usr/games:/usr/local/games:/snap/bin'), ('LC_ADDRESS', 'de_CH.UTF-8'), ('XDG_RUNTIME_DIR', '/run/user/1000'), ('LANG', 'en_US.UTF-8'), ('LC_TELEPHONE', 'de_CH.UTF-8'), ('LS_COLORS', 'rs=0:di=01;34:ln=01;36:mh=00:pi=40;33:so=01;35:do=01;35:bd=40;33;01:cd=40;33;01:or=40;31;01:mi=00:su=37;41:sg=30;43:ca=30;41:tw=30;42:ow=34;42:st=37;44:ex=01;32:*.tar=01;31:*.tgz=01;31:*.arc=01;31:*.arj=01;31:*.taz=01;31:*.lha=01;31:*.lz4=01;31:*.lzh=01;31:*.lzma=01;31:*.tlz=01;31:*.txz=01;31:*.tzo=01;31:*.t7z=01;31:*.zip=01;31:*.z=01;31:*.dz=01;31:*.gz=01;31:*.lrz=01;31:*.lz=01;31:*.lzo=01;31:*.xz=01;31:*.zst=01;31:*.tzst=01;31:*.bz2=01;31:*.bz=01;31:*.tbz=01;31:*.tbz2=01;31:*.tz=01;31:*.deb=01;31:*.rpm=01;31:*.jar=01;31:*.war=01;31:*.ear=01;31:*.sar=01;31:*.rar=01;31:*.alz=01;31:*.ace=01;31:*.zoo=01;31:*.cpio=01;31:*.7z=01;31:*.rz=01;31:*.cab=01;31:*.wim=01;31:*.swm=01;31:*.dwm=01;31:*.esd=01;31:*.jpg=01;35:*.jpeg=01;35:*.mjpg=01;35:*.mjpeg=01;35:*.gif=01;35:*.bmp=01;35:*.pbm=01;35:*.pgm=01;35:*.ppm=01;35:*.tga=01;35:*.xbm=01;35:*.xpm=01;35:*.tif=01;35:*.tiff=01;35:*.png=01;35:*.svg=01;35:*.svgz=01;35:*.mng=01;35:*.pcx=01;35:*.mov=01;35:*.mpg=01;35:*.mpeg=01;35:*.m2v=01;35:*.mkv=01;35:*.webm=01;35:*.webp=01;35:*.ogm=01;35:*.mp4=01;35:*.m4v=01;35:*.mp4v=01;35:*.vob=01;35:*.qt=01;35:*.nuv=01;35:*.wmv=01;35:*.asf=01;35:*.rm=01;35:*.rmvb=01;35:*.flc=01;35:*.avi=01;35:*.fli=01;35:*.flv=01;35:*.gl=01;35:*.dl=01;35:*.xcf=01;35:*.xwd=01;35:*.yuv=01;35:*.cgm=01;35:*.emf=01;35:*.ogv=01;35:*.ogx=01;35:*.aac=00;36:*.au=00;36:*.flac=00;36:*.m4a=00;36:*.mid=00;36:*.midi=00;36:*.mka=00;36:*.mp3=00;36:*.mpc=00;36:*.ogg=00;36:*.ra=00;36:*.wav=00;36:*.oga=00;36:*.opus=00;36:*.spx=00;36:*.xspf=00;36:'), ('AMENT_PREFIX_PATH', '/opt/ros/humble'), ('SHELL', '/bin/bash'), ('LC_NAME', 'de_CH.UTF-8'), ('LESSCLOSE', '/usr/bin/lesspipe %s %s'), ('LC_MEASUREMENT', 'de_CH.UTF-8'), ('LC_IDENTIFICATION', 'de_CH.UTF-8'), ('PWD', '/home/arno/RoombaV2Onboard/build/rf2o_laser_odometry'), ('LC_ALL', 'en_US.UTF-8'), ('SSH_CONNECTION', '192.168.222.158 53278 192.168.222.79 22'), ('XDG_DATA_DIRS', '/usr/local/share:/usr/share:/var/lib/snapd/desktop'), ('PYTHONPATH', '/opt/ros/humble/lib/python3.10/site-packages:/opt/ros/humble/local/lib/python3.10/dist-packages'), ('LC_NUMERIC', 'de_CH.UTF-8'), ('LC_PAPER', 'de_CH.UTF-8'), ('COLCON', '1'), ('CMAKE_PREFIX_PATH', '/opt/ros/humble')]), 'shell': False}
[163.756748] (-) TimerEvent: {}
[163.782582] (rf2o_laser_odometry) StdoutLine: {'line': b'-- Install configuration: ""\n'}
[163.783724] (rf2o_laser_odometry) StdoutLine: {'line': b'-- Installing: /home/arno/RoombaV2Onboard/install/rf2o_laser_odometry/lib/rf2o_laser_odometry/rf2o_laser_odometry_node\n'}
[163.856933] (-) TimerEvent: {}
[163.861508] (rf2o_laser_odometry) StdoutLine: {'line': b'-- Set runtime path of "/home/arno/RoombaV2Onboard/install/rf2o_laser_odometry/lib/rf2o_laser_odometry/rf2o_laser_odometry_node" to ""\n'}
[163.863593] (rf2o_laser_odometry) StdoutLine: {'line': b'-- Installing: /home/arno/RoombaV2Onboard/install/rf2o_laser_odometry/share/rf2o_laser_odometry/launch\n'}
[163.865027] (rf2o_laser_odometry) StdoutLine: {'line': b'-- Installing: /home/arno/RoombaV2Onboard/install/rf2o_laser_odometry/share/rf2o_laser_odometry/launch/rf2o_laser_odometry.launch.py\n'}
[163.869016] (rf2o_laser_odometry) StdoutLine: {'line': b'-- Installing: /home/arno/RoombaV2Onboard/install/rf2o_laser_odometry/share/ament_index/resource_index/package_run_dependencies/rf2o_laser_odometry\n'}
[163.871622] (rf2o_laser_odometry) StdoutLine: {'line': b'-- Installing: /home/arno/RoombaV2Onboard/install/rf2o_laser_odometry/share/ament_index/resource_index/parent_prefix_path/rf2o_laser_odometry\n'}
[163.879859] (rf2o_laser_odometry) StdoutLine: {'line': b'-- Installing: /home/arno/RoombaV2Onboard/install/rf2o_laser_odometry/share/rf2o_laser_odometry/environment/ament_prefix_path.sh\n'}
[163.882573] (rf2o_laser_odometry) StdoutLine: {'line': b'-- Installing: /home/arno/RoombaV2Onboard/install/rf2o_laser_odometry/share/rf2o_laser_odometry/environment/ament_prefix_path.dsv\n'}
[163.885238] (rf2o_laser_odometry) StdoutLine: {'line': b'-- Installing: /home/arno/RoombaV2Onboard/install/rf2o_laser_odometry/share/rf2o_laser_odometry/environment/path.sh\n'}
[163.887986] (rf2o_laser_odometry) StdoutLine: {'line': b'-- Installing: /home/arno/RoombaV2Onboard/install/rf2o_laser_odometry/share/rf2o_laser_odometry/environment/path.dsv\n'}
[163.890691] (rf2o_laser_odometry) StdoutLine: {'line': b'-- Installing: /home/arno/RoombaV2Onboard/install/rf2o_laser_odometry/share/rf2o_laser_odometry/local_setup.bash\n'}
[163.893496] (rf2o_laser_odometry) StdoutLine: {'line': b'-- Installing: /home/arno/RoombaV2Onboard/install/rf2o_laser_odometry/share/rf2o_laser_odometry/local_setup.sh\n'}
[163.895548] (rf2o_laser_odometry) StdoutLine: {'line': b'-- Installing: /home/arno/RoombaV2Onboard/install/rf2o_laser_odometry/share/rf2o_laser_odometry/local_setup.zsh\n'}
[163.897279] (rf2o_laser_odometry) StdoutLine: {'line': b'-- Installing: /home/arno/RoombaV2Onboard/install/rf2o_laser_odometry/share/rf2o_laser_odometry/local_setup.dsv\n'}
[163.898958] (rf2o_laser_odometry) StdoutLine: {'line': b'-- Installing: /home/arno/RoombaV2Onboard/install/rf2o_laser_odometry/share/rf2o_laser_odometry/package.dsv\n'}
[163.901519] (rf2o_laser_odometry) StdoutLine: {'line': b'-- Installing: /home/arno/RoombaV2Onboard/install/rf2o_laser_odometry/share/ament_index/resource_index/packages/rf2o_laser_odometry\n'}
[163.903710] (rf2o_laser_odometry) StdoutLine: {'line': b'-- Installing: /home/arno/RoombaV2Onboard/install/rf2o_laser_odometry/share/rf2o_laser_odometry/cmake/rf2o_laser_odometryConfig.cmake\n'}
[163.905391] (rf2o_laser_odometry) StdoutLine: {'line': b'-- Installing: /home/arno/RoombaV2Onboard/install/rf2o_laser_odometry/share/rf2o_laser_odometry/cmake/rf2o_laser_odometryConfig-version.cmake\n'}
[163.907146] (rf2o_laser_odometry) StdoutLine: {'line': b'-- Installing: /home/arno/RoombaV2Onboard/install/rf2o_laser_odometry/share/rf2o_laser_odometry/package.xml\n'}
[163.915496] (rf2o_laser_odometry) CommandEnded: {'returncode': 0}
[163.957162] (-) TimerEvent: {}
[164.057792] (-) TimerEvent: {}
[164.155769] (rf2o_laser_odometry) JobEnded: {'identifier': 'rf2o_laser_odometry', 'rc': 0}
[164.195700] (-) TimerEvent: {}
[164.196208] (-) EventReactorShutdown: {}
