[0.000000] (-) TimerEvent: {}
[0.003675] (RoverReceive) JobQueued: {'identifier': 'RoverReceive', 'dependencies': OrderedDict()}
[0.005007] (roombav2) JobQueued: {'identifier': 'roombav2', 'dependencies': OrderedDict()}
[0.006100] (rover_stream) JobQueued: {'identifier': 'rover_stream', 'dependencies': OrderedDict()}
[0.006492] (sllidar_ros2) JobQueued: {'identifier': 'sllidar_ros2', 'dependencies': OrderedDict()}
[0.006697] (RoverReceive) JobStarted: {'identifier': 'RoverReceive'}
[0.071900] (roombav2) JobStarted: {'identifier': 'roombav2'}
[0.098362] (-) TimerEvent: {}
[0.118404] (rover_stream) JobStarted: {'identifier': 'rover_stream'}
[0.166295] (sllidar_ros2) JobStarted: {'identifier': 'sllidar_ros2'}
[0.201760] (-) TimerEvent: {}
[0.304383] (-) TimerEvent: {}
[0.405572] (-) TimerEvent: {}
[0.506733] (-) TimerEvent: {}
[0.607972] (-) TimerEvent: {}
[0.709273] (-) TimerEvent: {}
[0.810476] (-) TimerEvent: {}
[0.911628] (-) TimerEvent: {}
[1.012857] (-) TimerEvent: {}
[1.114002] (-) TimerEvent: {}
[1.215214] (-) TimerEvent: {}
[1.316356] (-) TimerEvent: {}
[1.417598] (-) TimerEvent: {}
[1.518784] (-) TimerEvent: {}
[1.619996] (-) TimerEvent: {}
[1.721226] (-) TimerEvent: {}
[1.822398] (-) TimerEvent: {}
[1.923574] (-) TimerEvent: {}
[2.024856] (-) TimerEvent: {}
[2.126072] (-) TimerEvent: {}
[2.227255] (-) TimerEvent: {}
[2.328477] (-) TimerEvent: {}
[2.429782] (-) TimerEvent: {}
[2.531239] (-) TimerEvent: {}
[2.632793] (-) TimerEvent: {}
[2.734064] (-) TimerEvent: {}
[2.835291] (-) TimerEvent: {}
[2.936659] (-) TimerEvent: {}
[3.038028] (-) TimerEvent: {}
[3.139279] (-) TimerEvent: {}
[3.240463] (-) TimerEvent: {}
[3.341696] (-) TimerEvent: {}
[3.442903] (-) TimerEvent: {}
[3.544091] (-) TimerEvent: {}
[3.645361] (-) TimerEvent: {}
[3.746621] (-) TimerEvent: {}
[3.847899] (-) TimerEvent: {}
[3.949131] (-) TimerEvent: {}
[4.050281] (-) TimerEvent: {}
[4.151448] (-) TimerEvent: {}
[4.252565] (-) TimerEvent: {}
[4.353864] (-) TimerEvent: {}
[4.455121] (-) TimerEvent: {}
[4.556313] (-) TimerEvent: {}
[4.657545] (-) TimerEvent: {}
[4.758744] (-) TimerEvent: {}
[4.860145] (-) TimerEvent: {}
[4.961664] (-) TimerEvent: {}
[5.063297] (-) TimerEvent: {}
[5.164581] (-) TimerEvent: {}
[5.265846] (-) TimerEvent: {}
[5.367107] (-) TimerEvent: {}
[5.468300] (-) TimerEvent: {}
[5.569581] (-) TimerEvent: {}
[5.670751] (-) TimerEvent: {}
[5.772022] (-) TimerEvent: {}
[5.873294] (-) TimerEvent: {}
[5.974448] (-) TimerEvent: {}
[6.075637] (-) TimerEvent: {}
[6.177026] (-) TimerEvent: {}
[6.278276] (-) TimerEvent: {}
[6.379466] (-) TimerEvent: {}
[6.480840] (-) TimerEvent: {}
[6.581968] (-) TimerEvent: {}
[6.683165] (-) TimerEvent: {}
[6.784385] (-) TimerEvent: {}
[6.885707] (-) TimerEvent: {}
[6.986970] (-) TimerEvent: {}
[7.088258] (-) TimerEvent: {}
[7.189688] (-) TimerEvent: {}
[7.291012] (-) TimerEvent: {}
[7.312034] (sllidar_ros2) JobProgress: {'identifier': 'sllidar_ros2', 'progress': 'cmake'}
[7.313970] (sllidar_ros2) Command: {'cmd': ['/usr/bin/cmake', '/home/arno/RoombaV2Onboard/src/sllidar_ros2', '-DCMAKE_INSTALL_PREFIX=/home/arno/RoombaV2Onboard/install/sllidar_ros2'], 'cwd': '/home/arno/RoombaV2Onboard/build/sllidar_ros2', 'env': OrderedDict([('LESSOPEN', '| /usr/bin/lesspipe %s'), ('USER', 'arno'), ('SSH_CLIENT', '192.168.113.158 56038 22'), ('LC_TIME', 'de_CH.UTF-8'), ('XDG_SESSION_TYPE', 'tty'), ('SHLVL', '1'), ('LD_LIBRARY_PATH', '/opt/ros/humble/opt/rviz_ogre_vendor/lib:/opt/ros/humble/lib/aarch64-linux-gnu:/opt/ros/humble/lib'), ('MOTD_SHOWN', 'pam'), ('HOME', '/home/arno'), ('OLDPWD', '/home/arno/RoombaV2Onboard/src'), ('SSH_TTY', '/dev/pts/0'), ('ROS_PYTHON_VERSION', '3'), ('LC_MONETARY', 'de_CH.UTF-8'), ('DBUS_SESSION_BUS_ADDRESS', 'unix:path=/run/user/1000/bus'), ('COLCON_PREFIX_PATH', '/home/arno/RoombaV2Onboard/install'), ('ROS_DISTRO', 'humble'), ('LOGNAME', 'arno'), ('_', '/usr/bin/colcon'), ('ROS_VERSION', '2'), ('XDG_SESSION_CLASS', 'user'), ('TERM', 'xterm-256color'), ('XDG_SESSION_ID', '1'), ('ROS_LOCALHOST_ONLY', '0'), ('PATH', '/home/arno/.local/bin:/opt/ros/humble/bin:/usr/local/sbin:/usr/local/bin:/usr/sbin:/usr/bin:/sbin:/bin:/usr/games:/usr/local/games:/snap/bin'), ('LC_ADDRESS', 'de_CH.UTF-8'), ('XDG_RUNTIME_DIR', '/run/user/1000'), ('LANG', 'en_US.UTF-8'), ('LC_TELEPHONE', 'de_CH.UTF-8'), ('LS_COLORS', 'rs=0:di=01;34:ln=01;36:mh=00:pi=40;33:so=01;35:do=01;35:bd=40;33;01:cd=40;33;01:or=40;31;01:mi=00:su=37;41:sg=30;43:ca=30;41:tw=30;42:ow=34;42:st=37;44:ex=01;32:*.tar=01;31:*.tgz=01;31:*.arc=01;31:*.arj=01;31:*.taz=01;31:*.lha=01;31:*.lz4=01;31:*.lzh=01;31:*.lzma=01;31:*.tlz=01;31:*.txz=01;31:*.tzo=01;31:*.t7z=01;31:*.zip=01;31:*.z=01;31:*.dz=01;31:*.gz=01;31:*.lrz=01;31:*.lz=01;31:*.lzo=01;31:*.xz=01;31:*.zst=01;31:*.tzst=01;31:*.bz2=01;31:*.bz=01;31:*.tbz=01;31:*.tbz2=01;31:*.tz=01;31:*.deb=01;31:*.rpm=01;31:*.jar=01;31:*.war=01;31:*.ear=01;31:*.sar=01;31:*.rar=01;31:*.alz=01;31:*.ace=01;31:*.zoo=01;31:*.cpio=01;31:*.7z=01;31:*.rz=01;31:*.cab=01;31:*.wim=01;31:*.swm=01;31:*.dwm=01;31:*.esd=01;31:*.jpg=01;35:*.jpeg=01;35:*.mjpg=01;35:*.mjpeg=01;35:*.gif=01;35:*.bmp=01;35:*.pbm=01;35:*.pgm=01;35:*.ppm=01;35:*.tga=01;35:*.xbm=01;35:*.xpm=01;35:*.tif=01;35:*.tiff=01;35:*.png=01;35:*.svg=01;35:*.svgz=01;35:*.mng=01;35:*.pcx=01;35:*.mov=01;35:*.mpg=01;35:*.mpeg=01;35:*.m2v=01;35:*.mkv=01;35:*.webm=01;35:*.webp=01;35:*.ogm=01;35:*.mp4=01;35:*.m4v=01;35:*.mp4v=01;35:*.vob=01;35:*.qt=01;35:*.nuv=01;35:*.wmv=01;35:*.asf=01;35:*.rm=01;35:*.rmvb=01;35:*.flc=01;35:*.avi=01;35:*.fli=01;35:*.flv=01;35:*.gl=01;35:*.dl=01;35:*.xcf=01;35:*.xwd=01;35:*.yuv=01;35:*.cgm=01;35:*.emf=01;35:*.ogv=01;35:*.ogx=01;35:*.aac=00;36:*.au=00;36:*.flac=00;36:*.m4a=00;36:*.mid=00;36:*.midi=00;36:*.mka=00;36:*.mp3=00;36:*.mpc=00;36:*.ogg=00;36:*.ra=00;36:*.wav=00;36:*.oga=00;36:*.opus=00;36:*.spx=00;36:*.xspf=00;36:'), ('AMENT_PREFIX_PATH', '/home/arno/RoombaV2Onboard/install/sllidar_ros2:/home/arno/RoombaV2Onboard/install/rover_stream:/home/arno/RoombaV2Onboard/install/roombav2:/home/arno/RoombaV2Onboard/install/microver_dusty:/home/arno/RoombaV2Onboard/install/RoverReceive:/opt/ros/humble'), ('SHELL', '/bin/bash'), ('LC_NAME', 'de_CH.UTF-8'), ('LESSCLOSE', '/usr/bin/lesspipe %s %s'), ('LC_MEASUREMENT', 'de_CH.UTF-8'), ('LC_IDENTIFICATION', 'de_CH.UTF-8'), ('PWD', '/home/arno/RoombaV2Onboard/build/sllidar_ros2'), ('LC_ALL', 'en_US.UTF-8'), ('SSH_CONNECTION', '192.168.113.158 56038 192.168.113.115 22'), ('XDG_DATA_DIRS', '/usr/local/share:/usr/share:/var/lib/snapd/desktop'), ('PYTHONPATH', '/home/arno/RoombaV2Onboard/install/rover_stream/lib/python3.10/site-packages:/home/arno/RoombaV2Onboard/install/roombav2/lib/python3.10/site-packages:/home/arno/RoombaV2Onboard/install/RoverReceive/lib/python3.10/site-packages:/opt/ros/humble/lib/python3.10/site-packages:/opt/ros/humble/local/lib/python3.10/dist-packages'), ('LC_NUMERIC', 'de_CH.UTF-8'), ('LC_PAPER', 'de_CH.UTF-8'), ('COLCON', '1'), ('CMAKE_PREFIX_PATH', '/home/arno/RoombaV2Onboard/install/sllidar_ros2:/home/arno/RoombaV2Onboard/install/microver_dusty:/home/arno/RoombaV2Onboard/install/rover_stream:/home/arno/RoombaV2Onboard/install/roombav2:/home/arno/RoombaV2Onboard/install/RoverReceive:/opt/ros/humble')]), 'shell': False}
[7.391494] (-) TimerEvent: {}
[7.494065] (-) TimerEvent: {}
[7.595890] (-) TimerEvent: {}
[7.697403] (-) TimerEvent: {}
[7.799126] (-) TimerEvent: {}
[7.900541] (-) TimerEvent: {}
[8.002322] (-) TimerEvent: {}
[8.104987] (-) TimerEvent: {}
[8.207569] (-) TimerEvent: {}
[8.310325] (-) TimerEvent: {}
[8.412024] (-) TimerEvent: {}
[8.513478] (-) TimerEvent: {}
[8.615198] (-) TimerEvent: {}
[8.716923] (-) TimerEvent: {}
[8.786967] (sllidar_ros2) StdoutLine: {'line': b'-- The C compiler identification is GNU 11.4.0\n'}
[8.817179] (-) TimerEvent: {}
[8.919612] (-) TimerEvent: {}
[9.021280] (-) TimerEvent: {}
[9.122908] (-) TimerEvent: {}
[9.224689] (-) TimerEvent: {}
[9.326651] (-) TimerEvent: {}
[9.428328] (-) TimerEvent: {}
[9.530672] (-) TimerEvent: {}
[9.632453] (-) TimerEvent: {}
[9.734116] (-) TimerEvent: {}
[9.807252] (sllidar_ros2) StdoutLine: {'line': b'-- The CXX compiler identification is GNU 11.4.0\n'}
[9.834496] (-) TimerEvent: {}
[9.911508] (sllidar_ros2) StdoutLine: {'line': b'-- Detecting C compiler ABI info\n'}
[9.934884] (-) TimerEvent: {}
[10.036591] (-) TimerEvent: {}
[10.138655] (-) TimerEvent: {}
[10.240424] (-) TimerEvent: {}
[10.341950] (-) TimerEvent: {}
[10.443497] (-) TimerEvent: {}
[10.545292] (-) TimerEvent: {}
[10.647039] (-) TimerEvent: {}
[10.748717] (-) TimerEvent: {}
[10.769473] (sllidar_ros2) StdoutLine: {'line': b'-- Detecting C compiler ABI info - done\n'}
[10.846867] (sllidar_ros2) StdoutLine: {'line': b'-- Check for working C compiler: /usr/bin/cc - skipped\n'}
[10.849029] (-) TimerEvent: {}
[10.857372] (sllidar_ros2) StdoutLine: {'line': b'-- Detecting C compile features\n'}
[10.865814] (sllidar_ros2) StdoutLine: {'line': b'-- Detecting C compile features - done\n'}
[10.905705] (sllidar_ros2) StdoutLine: {'line': b'-- Detecting CXX compiler ABI info\n'}
[10.949312] (-) TimerEvent: {}
[11.052002] (-) TimerEvent: {}
[11.156075] (-) TimerEvent: {}
[11.258445] (-) TimerEvent: {}
[11.361523] (-) TimerEvent: {}
[11.463366] (-) TimerEvent: {}
[11.565319] (-) TimerEvent: {}
[11.667783] (-) TimerEvent: {}
[11.769764] (-) TimerEvent: {}
[11.872295] (-) TimerEvent: {}
[11.974642] (-) TimerEvent: {}
[12.078380] (-) TimerEvent: {}
[12.129031] (RoverReceive) Command: {'cmd': ['/usr/bin/python3', '-W', 'ignore:setup.py install is deprecated', 'setup.py', 'egg_info', '--egg-base', '../../build/RoverReceive', 'build', '--build-base', '/home/arno/RoombaV2Onboard/build/RoverReceive/build', 'install', '--record', '/home/arno/RoombaV2Onboard/build/RoverReceive/install.log', '--single-version-externally-managed', 'install_data'], 'cwd': '/home/arno/RoombaV2Onboard/src/RoverReceive', 'env': {'LESSOPEN': '| /usr/bin/lesspipe %s', 'USER': 'arno', 'SSH_CLIENT': '192.168.113.158 56038 22', 'LC_TIME': 'de_CH.UTF-8', 'XDG_SESSION_TYPE': 'tty', 'SHLVL': '1', 'LD_LIBRARY_PATH': '/opt/ros/humble/opt/rviz_ogre_vendor/lib:/opt/ros/humble/lib/aarch64-linux-gnu:/opt/ros/humble/lib', 'MOTD_SHOWN': 'pam', 'HOME': '/home/arno', 'OLDPWD': '/home/arno/RoombaV2Onboard/src', 'SSH_TTY': '/dev/pts/0', 'ROS_PYTHON_VERSION': '3', 'LC_MONETARY': 'de_CH.UTF-8', 'DBUS_SESSION_BUS_ADDRESS': 'unix:path=/run/user/1000/bus', 'COLCON_PREFIX_PATH': '/home/arno/RoombaV2Onboard/install', 'ROS_DISTRO': 'humble', 'LOGNAME': 'arno', '_': '/usr/bin/colcon', 'ROS_VERSION': '2', 'XDG_SESSION_CLASS': 'user', 'TERM': 'xterm-256color', 'XDG_SESSION_ID': '1', 'ROS_LOCALHOST_ONLY': '0', 'PATH': '/home/arno/.local/bin:/opt/ros/humble/bin:/usr/local/sbin:/usr/local/bin:/usr/sbin:/usr/bin:/sbin:/bin:/usr/games:/usr/local/games:/snap/bin', 'LC_ADDRESS': 'de_CH.UTF-8', 'XDG_RUNTIME_DIR': '/run/user/1000', 'LANG': 'en_US.UTF-8', 'LC_TELEPHONE': 'de_CH.UTF-8', 'LS_COLORS': 'rs=0:di=01;34:ln=01;36:mh=00:pi=40;33:so=01;35:do=01;35:bd=40;33;01:cd=40;33;01:or=40;31;01:mi=00:su=37;41:sg=30;43:ca=30;41:tw=30;42:ow=34;42:st=37;44:ex=01;32:*.tar=01;31:*.tgz=01;31:*.arc=01;31:*.arj=01;31:*.taz=01;31:*.lha=01;31:*.lz4=01;31:*.lzh=01;31:*.lzma=01;31:*.tlz=01;31:*.txz=01;31:*.tzo=01;31:*.t7z=01;31:*.zip=01;31:*.z=01;31:*.dz=01;31:*.gz=01;31:*.lrz=01;31:*.lz=01;31:*.lzo=01;31:*.xz=01;31:*.zst=01;31:*.tzst=01;31:*.bz2=01;31:*.bz=01;31:*.tbz=01;31:*.tbz2=01;31:*.tz=01;31:*.deb=01;31:*.rpm=01;31:*.jar=01;31:*.war=01;31:*.ear=01;31:*.sar=01;31:*.rar=01;31:*.alz=01;31:*.ace=01;31:*.zoo=01;31:*.cpio=01;31:*.7z=01;31:*.rz=01;31:*.cab=01;31:*.wim=01;31:*.swm=01;31:*.dwm=01;31:*.esd=01;31:*.jpg=01;35:*.jpeg=01;35:*.mjpg=01;35:*.mjpeg=01;35:*.gif=01;35:*.bmp=01;35:*.pbm=01;35:*.pgm=01;35:*.ppm=01;35:*.tga=01;35:*.xbm=01;35:*.xpm=01;35:*.tif=01;35:*.tiff=01;35:*.png=01;35:*.svg=01;35:*.svgz=01;35:*.mng=01;35:*.pcx=01;35:*.mov=01;35:*.mpg=01;35:*.mpeg=01;35:*.m2v=01;35:*.mkv=01;35:*.webm=01;35:*.webp=01;35:*.ogm=01;35:*.mp4=01;35:*.m4v=01;35:*.mp4v=01;35:*.vob=01;35:*.qt=01;35:*.nuv=01;35:*.wmv=01;35:*.asf=01;35:*.rm=01;35:*.rmvb=01;35:*.flc=01;35:*.avi=01;35:*.fli=01;35:*.flv=01;35:*.gl=01;35:*.dl=01;35:*.xcf=01;35:*.xwd=01;35:*.yuv=01;35:*.cgm=01;35:*.emf=01;35:*.ogv=01;35:*.ogx=01;35:*.aac=00;36:*.au=00;36:*.flac=00;36:*.m4a=00;36:*.mid=00;36:*.midi=00;36:*.mka=00;36:*.mp3=00;36:*.mpc=00;36:*.ogg=00;36:*.ra=00;36:*.wav=00;36:*.oga=00;36:*.opus=00;36:*.spx=00;36:*.xspf=00;36:', 'AMENT_PREFIX_PATH': '/home/arno/RoombaV2Onboard/install/sllidar_ros2:/home/arno/RoombaV2Onboard/install/rover_stream:/home/arno/RoombaV2Onboard/install/roombav2:/home/arno/RoombaV2Onboard/install/microver_dusty:/home/arno/RoombaV2Onboard/install/RoverReceive:/opt/ros/humble', 'SHELL': '/bin/bash', 'LC_NAME': 'de_CH.UTF-8', 'LESSCLOSE': '/usr/bin/lesspipe %s %s', 'LC_MEASUREMENT': 'de_CH.UTF-8', 'LC_IDENTIFICATION': 'de_CH.UTF-8', 'PWD': '/home/arno/RoombaV2Onboard/build/RoverReceive', 'LC_ALL': 'en_US.UTF-8', 'SSH_CONNECTION': '192.168.113.158 56038 192.168.113.115 22', 'XDG_DATA_DIRS': '/usr/local/share:/usr/share:/var/lib/snapd/desktop', 'PYTHONPATH': '/home/arno/RoombaV2Onboard/build/RoverReceive/prefix_override:/usr/lib/python3/dist-packages/colcon_core/task/python/colcon_distutils_commands:/home/arno/RoombaV2Onboard/install/RoverReceive/lib/python3.10/site-packages:/home/arno/RoombaV2Onboard/install/rover_stream/lib/python3.10/site-packages:/home/arno/RoombaV2Onboard/install/roombav2/lib/python3.10/site-packages:/home/arno/RoombaV2Onboard/install/RoverReceive/lib/python3.10/site-packages:/opt/ros/humble/lib/python3.10/site-packages:/opt/ros/humble/local/lib/python3.10/dist-packages', 'LC_NUMERIC': 'de_CH.UTF-8', 'LC_PAPER': 'de_CH.UTF-8', 'COLCON': '1', 'CMAKE_PREFIX_PATH': '/home/arno/RoombaV2Onboard/install/sllidar_ros2:/home/arno/RoombaV2Onboard/install/microver_dusty'}, 'shell': False}
[12.171924] (roombav2) Command: {'cmd': ['/usr/bin/python3', '-W', 'ignore:setup.py install is deprecated', 'setup.py', 'egg_info', '--egg-base', '../../build/roombav2', 'build', '--build-base', '/home/arno/RoombaV2Onboard/build/roombav2/build', 'install', '--record', '/home/arno/RoombaV2Onboard/build/roombav2/install.log', '--single-version-externally-managed', 'install_data'], 'cwd': '/home/arno/RoombaV2Onboard/src/roombav2', 'env': {'LESSOPEN': '| /usr/bin/lesspipe %s', 'USER': 'arno', 'SSH_CLIENT': '192.168.113.158 56038 22', 'LC_TIME': 'de_CH.UTF-8', 'XDG_SESSION_TYPE': 'tty', 'SHLVL': '1', 'LD_LIBRARY_PATH': '/opt/ros/humble/opt/rviz_ogre_vendor/lib:/opt/ros/humble/lib/aarch64-linux-gnu:/opt/ros/humble/lib', 'MOTD_SHOWN': 'pam', 'HOME': '/home/arno', 'OLDPWD': '/home/arno/RoombaV2Onboard/src', 'SSH_TTY': '/dev/pts/0', 'ROS_PYTHON_VERSION': '3', 'LC_MONETARY': 'de_CH.UTF-8', 'DBUS_SESSION_BUS_ADDRESS': 'unix:path=/run/user/1000/bus', 'COLCON_PREFIX_PATH': '/home/arno/RoombaV2Onboard/install', 'ROS_DISTRO': 'humble', 'LOGNAME': 'arno', '_': '/usr/bin/colcon', 'ROS_VERSION': '2', 'XDG_SESSION_CLASS': 'user', 'TERM': 'xterm-256color', 'XDG_SESSION_ID': '1', 'ROS_LOCALHOST_ONLY': '0', 'PATH': '/home/arno/.local/bin:/opt/ros/humble/bin:/usr/local/sbin:/usr/local/bin:/usr/sbin:/usr/bin:/sbin:/bin:/usr/games:/usr/local/games:/snap/bin', 'LC_ADDRESS': 'de_CH.UTF-8', 'XDG_RUNTIME_DIR': '/run/user/1000', 'LANG': 'en_US.UTF-8', 'LC_TELEPHONE': 'de_CH.UTF-8', 'LS_COLORS': 'rs=0:di=01;34:ln=01;36:mh=00:pi=40;33:so=01;35:do=01;35:bd=40;33;01:cd=40;33;01:or=40;31;01:mi=00:su=37;41:sg=30;43:ca=30;41:tw=30;42:ow=34;42:st=37;44:ex=01;32:*.tar=01;31:*.tgz=01;31:*.arc=01;31:*.arj=01;31:*.taz=01;31:*.lha=01;31:*.lz4=01;31:*.lzh=01;31:*.lzma=01;31:*.tlz=01;31:*.txz=01;31:*.tzo=01;31:*.t7z=01;31:*.zip=01;31:*.z=01;31:*.dz=01;31:*.gz=01;31:*.lrz=01;31:*.lz=01;31:*.lzo=01;31:*.xz=01;31:*.zst=01;31:*.tzst=01;31:*.bz2=01;31:*.bz=01;31:*.tbz=01;31:*.tbz2=01;31:*.tz=01;31:*.deb=01;31:*.rpm=01;31:*.jar=01;31:*.war=01;31:*.ear=01;31:*.sar=01;31:*.rar=01;31:*.alz=01;31:*.ace=01;31:*.zoo=01;31:*.cpio=01;31:*.7z=01;31:*.rz=01;31:*.cab=01;31:*.wim=01;31:*.swm=01;31:*.dwm=01;31:*.esd=01;31:*.jpg=01;35:*.jpeg=01;35:*.mjpg=01;35:*.mjpeg=01;35:*.gif=01;35:*.bmp=01;35:*.pbm=01;35:*.pgm=01;35:*.ppm=01;35:*.tga=01;35:*.xbm=01;35:*.xpm=01;35:*.tif=01;35:*.tiff=01;35:*.png=01;35:*.svg=01;35:*.svgz=01;35:*.mng=01;35:*.pcx=01;35:*.mov=01;35:*.mpg=01;35:*.mpeg=01;35:*.m2v=01;35:*.mkv=01;35:*.webm=01;35:*.webp=01;35:*.ogm=01;35:*.mp4=01;35:*.m4v=01;35:*.mp4v=01;35:*.vob=01;35:*.qt=01;35:*.nuv=01;35:*.wmv=01;35:*.asf=01;35:*.rm=01;35:*.rmvb=01;35:*.flc=01;35:*.avi=01;35:*.fli=01;35:*.flv=01;35:*.gl=01;35:*.dl=01;35:*.xcf=01;35:*.xwd=01;35:*.yuv=01;35:*.cgm=01;35:*.emf=01;35:*.ogv=01;35:*.ogx=01;35:*.aac=00;36:*.au=00;36:*.flac=00;36:*.m4a=00;36:*.mid=00;36:*.midi=00;36:*.mka=00;36:*.mp3=00;36:*.mpc=00;36:*.ogg=00;36:*.ra=00;36:*.wav=00;36:*.oga=00;36:*.opus=00;36:*.spx=00;36:*.xspf=00;36:', 'AMENT_PREFIX_PATH': '/home/arno/RoombaV2Onboard/install/sllidar_ros2:/home/arno/RoombaV2Onboard/install/rover_stream:/home/arno/RoombaV2Onboard/install/roombav2:/home/arno/RoombaV2Onboard/install/microver_dusty:/home/arno/RoombaV2Onboard/install/RoverReceive:/opt/ros/humble', 'SHELL': '/bin/bash', 'LC_NAME': 'de_CH.UTF-8', 'LESSCLOSE': '/usr/bin/lesspipe %s %s', 'LC_MEASUREMENT': 'de_CH.UTF-8', 'LC_IDENTIFICATION': 'de_CH.UTF-8', 'PWD': '/home/arno/RoombaV2Onboard/build/roombav2', 'LC_ALL': 'en_US.UTF-8', 'SSH_CONNECTION': '192.168.113.158 56038 192.168.113.115 22', 'XDG_DATA_DIRS': '/usr/local/share:/usr/share:/var/lib/snapd/desktop', 'PYTHONPATH': '/home/arno/RoombaV2Onboard/build/roombav2/prefix_override:/usr/lib/python3/dist-packages/colcon_core/task/python/colcon_distutils_commands:/home/arno/RoombaV2Onboard/install/roombav2/lib/python3.10/site-packages:/home/arno/RoombaV2Onboard/install/rover_stream/lib/python3.10/site-packages:/home/arno/RoombaV2Onboard/install/roombav2/lib/python3.10/site-packages:/home/arno/RoombaV2Onboard/install/RoverReceive/lib/python3.10/site-packages:/opt/ros/humble/lib/python3.10/site-packages:/opt/ros/humble/local/lib/python3.10/dist-packages', 'LC_NUMERIC': 'de_CH.UTF-8', 'LC_PAPER': 'de_CH.UTF-8', 'COLCON': '1', 'CMAKE_PREFIX_PATH': '/home/arno/RoombaV2Onboard/install/sllidar_ros2:/home/arno/RoombaV2Onboard/install/microver_dusty'}, 'shell': False}
[12.179207] (-) TimerEvent: {}
[12.211503] (sllidar_ros2) StdoutLine: {'line': b'-- Detecting CXX compiler ABI info - done\n'}
[12.279526] (-) TimerEvent: {}
[12.286320] (sllidar_ros2) StdoutLine: {'line': b'-- Check for working CXX compiler: /usr/bin/c++ - skipped\n'}
[12.289020] (sllidar_ros2) StdoutLine: {'line': b'-- Detecting CXX compile features\n'}
[12.294752] (rover_stream) Command: {'cmd': ['/usr/bin/python3', '-W', 'ignore:setup.py install is deprecated', 'setup.py', 'egg_info', '--egg-base', '../../build/rover_stream', 'build', '--build-base', '/home/arno/RoombaV2Onboard/build/rover_stream/build', 'install', '--record', '/home/arno/RoombaV2Onboard/build/rover_stream/install.log', '--single-version-externally-managed', 'install_data'], 'cwd': '/home/arno/RoombaV2Onboard/src/rover_stream', 'env': {'LESSOPEN': '| /usr/bin/lesspipe %s', 'USER': 'arno', 'SSH_CLIENT': '192.168.113.158 56038 22', 'LC_TIME': 'de_CH.UTF-8', 'XDG_SESSION_TYPE': 'tty', 'SHLVL': '1', 'LD_LIBRARY_PATH': '/opt/ros/humble/opt/rviz_ogre_vendor/lib:/opt/ros/humble/lib/aarch64-linux-gnu:/opt/ros/humble/lib', 'MOTD_SHOWN': 'pam', 'HOME': '/home/arno', 'OLDPWD': '/home/arno/RoombaV2Onboard/src', 'SSH_TTY': '/dev/pts/0', 'ROS_PYTHON_VERSION': '3', 'LC_MONETARY': 'de_CH.UTF-8', 'DBUS_SESSION_BUS_ADDRESS': 'unix:path=/run/user/1000/bus', 'COLCON_PREFIX_PATH': '/home/arno/RoombaV2Onboard/install', 'ROS_DISTRO': 'humble', 'LOGNAME': 'arno', '_': '/usr/bin/colcon', 'ROS_VERSION': '2', 'XDG_SESSION_CLASS': 'user', 'TERM': 'xterm-256color', 'XDG_SESSION_ID': '1', 'ROS_LOCALHOST_ONLY': '0', 'PATH': '/home/arno/.local/bin:/opt/ros/humble/bin:/usr/local/sbin:/usr/local/bin:/usr/sbin:/usr/bin:/sbin:/bin:/usr/games:/usr/local/games:/snap/bin', 'LC_ADDRESS': 'de_CH.UTF-8', 'XDG_RUNTIME_DIR': '/run/user/1000', 'LANG': 'en_US.UTF-8', 'LC_TELEPHONE': 'de_CH.UTF-8', 'LS_COLORS': 'rs=0:di=01;34:ln=01;36:mh=00:pi=40;33:so=01;35:do=01;35:bd=40;33;01:cd=40;33;01:or=40;31;01:mi=00:su=37;41:sg=30;43:ca=30;41:tw=30;42:ow=34;42:st=37;44:ex=01;32:*.tar=01;31:*.tgz=01;31:*.arc=01;31:*.arj=01;31:*.taz=01;31:*.lha=01;31:*.lz4=01;31:*.lzh=01;31:*.lzma=01;31:*.tlz=01;31:*.txz=01;31:*.tzo=01;31:*.t7z=01;31:*.zip=01;31:*.z=01;31:*.dz=01;31:*.gz=01;31:*.lrz=01;31:*.lz=01;31:*.lzo=01;31:*.xz=01;31:*.zst=01;31:*.tzst=01;31:*.bz2=01;31:*.bz=01;31:*.tbz=01;31:*.tbz2=01;31:*.tz=01;31:*.deb=01;31:*.rpm=01;31:*.jar=01;31:*.war=01;31:*.ear=01;31:*.sar=01;31:*.rar=01;31:*.alz=01;31:*.ace=01;31:*.zoo=01;31:*.cpio=01;31:*.7z=01;31:*.rz=01;31:*.cab=01;31:*.wim=01;31:*.swm=01;31:*.dwm=01;31:*.esd=01;31:*.jpg=01;35:*.jpeg=01;35:*.mjpg=01;35:*.mjpeg=01;35:*.gif=01;35:*.bmp=01;35:*.pbm=01;35:*.pgm=01;35:*.ppm=01;35:*.tga=01;35:*.xbm=01;35:*.xpm=01;35:*.tif=01;35:*.tiff=01;35:*.png=01;35:*.svg=01;35:*.svgz=01;35:*.mng=01;35:*.pcx=01;35:*.mov=01;35:*.mpg=01;35:*.mpeg=01;35:*.m2v=01;35:*.mkv=01;35:*.webm=01;35:*.webp=01;35:*.ogm=01;35:*.mp4=01;35:*.m4v=01;35:*.mp4v=01;35:*.vob=01;35:*.qt=01;35:*.nuv=01;35:*.wmv=01;35:*.asf=01;35:*.rm=01;35:*.rmvb=01;35:*.flc=01;35:*.avi=01;35:*.fli=01;35:*.flv=01;35:*.gl=01;35:*.dl=01;35:*.xcf=01;35:*.xwd=01;35:*.yuv=01;35:*.cgm=01;35:*.emf=01;35:*.ogv=01;35:*.ogx=01;35:*.aac=00;36:*.au=00;36:*.flac=00;36:*.m4a=00;36:*.mid=00;36:*.midi=00;36:*.mka=00;36:*.mp3=00;36:*.mpc=00;36:*.ogg=00;36:*.ra=00;36:*.wav=00;36:*.oga=00;36:*.opus=00;36:*.spx=00;36:*.xspf=00;36:', 'AMENT_PREFIX_PATH': '/home/arno/RoombaV2Onboard/install/sllidar_ros2:/home/arno/RoombaV2Onboard/install/rover_stream:/home/arno/RoombaV2Onboard/install/roombav2:/home/arno/RoombaV2Onboard/install/microver_dusty:/home/arno/RoombaV2Onboard/install/RoverReceive:/opt/ros/humble', 'SHELL': '/bin/bash', 'LC_NAME': 'de_CH.UTF-8', 'LESSCLOSE': '/usr/bin/lesspipe %s %s', 'LC_MEASUREMENT': 'de_CH.UTF-8', 'LC_IDENTIFICATION': 'de_CH.UTF-8', 'PWD': '/home/arno/RoombaV2Onboard/build/rover_stream', 'LC_ALL': 'en_US.UTF-8', 'SSH_CONNECTION': '192.168.113.158 56038 192.168.113.115 22', 'XDG_DATA_DIRS': '/usr/local/share:/usr/share:/var/lib/snapd/desktop', 'PYTHONPATH': '/home/arno/RoombaV2Onboard/build/rover_stream/prefix_override:/usr/lib/python3/dist-packages/colcon_core/task/python/colcon_distutils_commands:/home/arno/RoombaV2Onboard/install/rover_stream/lib/python3.10/site-packages:/home/arno/RoombaV2Onboard/install/rover_stream/lib/python3.10/site-packages:/home/arno/RoombaV2Onboard/install/roombav2/lib/python3.10/site-packages:/home/arno/RoombaV2Onboard/install/RoverReceive/lib/python3.10/site-packages:/opt/ros/humble/lib/python3.10/site-packages:/opt/ros/humble/local/lib/python3.10/dist-packages', 'LC_NUMERIC': 'de_CH.UTF-8', 'LC_PAPER': 'de_CH.UTF-8', 'COLCON': '1', 'CMAKE_PREFIX_PATH': '/home/arno/RoombaV2Onboard/install/sllidar_ros2:/home/arno/RoombaV2Onboard/install/microver_dusty'}, 'shell': False}
[12.301689] (sllidar_ros2) StdoutLine: {'line': b'-- Detecting CXX compile features - done\n'}
[12.368556] (sllidar_ros2) StdoutLine: {'line': b'-- Found ament_cmake: 1.3.10 (/opt/ros/humble/share/ament_cmake/cmake)\n'}
[12.379836] (-) TimerEvent: {}
[12.482208] (-) TimerEvent: {}
[12.584879] (-) TimerEvent: {}
[12.688292] (-) TimerEvent: {}
[12.790006] (-) TimerEvent: {}
[12.891556] (-) TimerEvent: {}
[12.993190] (-) TimerEvent: {}
[13.094661] (-) TimerEvent: {}
[13.196350] (-) TimerEvent: {}
[13.297890] (-) TimerEvent: {}
[13.399334] (-) TimerEvent: {}
[13.500935] (-) TimerEvent: {}
[13.602390] (-) TimerEvent: {}
[13.704011] (-) TimerEvent: {}
[13.805627] (-) TimerEvent: {}
[13.907431] (-) TimerEvent: {}
[14.010660] (-) TimerEvent: {}
[14.112528] (-) TimerEvent: {}
[14.214441] (-) TimerEvent: {}
[14.315968] (-) TimerEvent: {}
[14.417504] (-) TimerEvent: {}
[14.497563] (sllidar_ros2) StdoutLine: {'line': b'-- Found Python3: /usr/bin/python3 (found version "3.10.12") found components: Interpreter \n'}
[14.517833] (-) TimerEvent: {}
[14.621111] (-) TimerEvent: {}
[14.724056] (-) TimerEvent: {}
[14.827158] (-) TimerEvent: {}
[14.930118] (-) TimerEvent: {}
[15.033489] (-) TimerEvent: {}
[15.137098] (-) TimerEvent: {}
[15.240556] (-) TimerEvent: {}
[15.343765] (-) TimerEvent: {}
[15.446597] (-) TimerEvent: {}
[15.549537] (-) TimerEvent: {}
[15.552645] (RoverReceive) StdoutLine: {'line': b'running egg_info\n'}
[15.554303] (roombav2) StdoutLine: {'line': b'running egg_info\n'}
[15.558533] (RoverReceive) StdoutLine: {'line': b'creating ../../build/RoverReceive/RoverReceive.egg-info\n'}
[15.560187] (RoverReceive) StdoutLine: {'line': b'writing ../../build/RoverReceive/RoverReceive.egg-info/PKG-INFO\n'}
[15.562945] (RoverReceive) StdoutLine: {'line': b'writing dependency_links to ../../build/RoverReceive/RoverReceive.egg-info/dependency_links.txt\n'}
[15.564700] (RoverReceive) StdoutLine: {'line': b'writing entry points to ../../build/RoverReceive/RoverReceive.egg-info/entry_points.txt\n'}
[15.566477] (RoverReceive) StdoutLine: {'line': b'writing requirements to ../../build/RoverReceive/RoverReceive.egg-info/requires.txt\n'}
[15.567941] (RoverReceive) StdoutLine: {'line': b'writing top-level names to ../../build/RoverReceive/RoverReceive.egg-info/top_level.txt\n'}
[15.573413] (RoverReceive) StdoutLine: {'line': b"writing manifest file '../../build/RoverReceive/RoverReceive.egg-info/SOURCES.txt'\n"}
[15.574599] (roombav2) StdoutLine: {'line': b'creating ../../build/roombav2/roombav2.egg-info\n'}
[15.578096] (roombav2) StdoutLine: {'line': b'writing ../../build/roombav2/roombav2.egg-info/PKG-INFO\n'}
[15.582820] (roombav2) StdoutLine: {'line': b'writing dependency_links to ../../build/roombav2/roombav2.egg-info/dependency_links.txt\n'}
[15.586382] (roombav2) StdoutLine: {'line': b'writing entry points to ../../build/roombav2/roombav2.egg-info/entry_points.txt\n'}
[15.589505] (roombav2) StdoutLine: {'line': b'writing requirements to ../../build/roombav2/roombav2.egg-info/requires.txt\n'}
[15.590705] (RoverReceive) StdoutLine: {'line': b"reading manifest file '../../build/RoverReceive/RoverReceive.egg-info/SOURCES.txt'\n"}
[15.593321] (RoverReceive) StdoutLine: {'line': b"adding license file 'LICENSE'\n"}
[15.595299] (roombav2) StdoutLine: {'line': b'writing top-level names to ../../build/roombav2/roombav2.egg-info/top_level.txt\n'}
[15.599621] (RoverReceive) StdoutLine: {'line': b"writing manifest file '../../build/RoverReceive/RoverReceive.egg-info/SOURCES.txt'\n"}
[15.602287] (RoverReceive) StdoutLine: {'line': b'running build\n'}
[15.603680] (RoverReceive) StdoutLine: {'line': b'running build_py\n'}
[15.615853] (roombav2) StdoutLine: {'line': b"writing manifest file '../../build/roombav2/roombav2.egg-info/SOURCES.txt'\n"}
[15.617011] (RoverReceive) StdoutLine: {'line': b'creating /home/arno/RoombaV2Onboard/build/RoverReceive/build\n'}
[15.618106] (RoverReceive) StdoutLine: {'line': b'creating /home/arno/RoombaV2Onboard/build/RoverReceive/build/lib\n'}
[15.619092] (RoverReceive) StdoutLine: {'line': b'creating /home/arno/RoombaV2Onboard/build/RoverReceive/build/lib/RoverReceive\n'}
[15.620070] (RoverReceive) StdoutLine: {'line': b'copying RoverReceive/__init__.py -> /home/arno/RoombaV2Onboard/build/RoverReceive/build/lib/RoverReceive\n'}
[15.621081] (RoverReceive) StdoutLine: {'line': b'copying RoverReceive/receive_node.py -> /home/arno/RoombaV2Onboard/build/RoverReceive/build/lib/RoverReceive\n'}
[15.622725] (RoverReceive) StdoutLine: {'line': b'running install\n'}
[15.623984] (RoverReceive) StdoutLine: {'line': b'running install_lib\n'}
[15.633953] (RoverReceive) StdoutLine: {'line': b'creating /home/arno/RoombaV2Onboard/install/RoverReceive/lib/python3.10/site-packages/RoverReceive\n'}
[15.635125] (RoverReceive) StdoutLine: {'line': b'copying /home/arno/RoombaV2Onboard/build/RoverReceive/build/lib/RoverReceive/__init__.py -> /home/arno/RoombaV2Onboard/install/RoverReceive/lib/python3.10/site-packages/RoverReceive\n'}
[15.636615] (RoverReceive) StdoutLine: {'line': b'copying /home/arno/RoombaV2Onboard/build/RoverReceive/build/lib/RoverReceive/receive_node.py -> /home/arno/RoombaV2Onboard/install/RoverReceive/lib/python3.10/site-packages/RoverReceive\n'}
[15.637910] (RoverReceive) StdoutLine: {'line': b'byte-compiling /home/arno/RoombaV2Onboard/install/RoverReceive/lib/python3.10/site-packages/RoverReceive/__init__.py to __init__.cpython-310.pyc\n'}
[15.639104] (RoverReceive) StdoutLine: {'line': b'byte-compiling /home/arno/RoombaV2Onboard/install/RoverReceive/lib/python3.10/site-packages/RoverReceive/receive_node.py to receive_node.cpython-310.pyc\n'}
[15.652194] (RoverReceive) StdoutLine: {'line': b'running install_data\n'}
[15.654682] (-) TimerEvent: {}
[15.661044] (roombav2) StdoutLine: {'line': b"reading manifest file '../../build/roombav2/roombav2.egg-info/SOURCES.txt'\n"}
[15.663910] (RoverReceive) StdoutLine: {'line': b'creating /home/arno/RoombaV2Onboard/install/RoverReceive/share/ament_index\n'}
[15.670267] (RoverReceive) StdoutLine: {'line': b'creating /home/arno/RoombaV2Onboard/install/RoverReceive/share/ament_index/resource_index\n'}
[15.674947] (RoverReceive) StdoutLine: {'line': b'creating /home/arno/RoombaV2Onboard/install/RoverReceive/share/ament_index/resource_index/packages\n'}
[15.677131] (RoverReceive) StdoutLine: {'line': b'copying resource/RoverReceive -> /home/arno/RoombaV2Onboard/install/RoverReceive/share/ament_index/resource_index/packages\n'}
[15.681632] (RoverReceive) StdoutLine: {'line': b'copying package.xml -> /home/arno/RoombaV2Onboard/install/RoverReceive/share/RoverReceive\n'}
[15.685630] (roombav2) StdoutLine: {'line': b"writing manifest file '../../build/roombav2/roombav2.egg-info/SOURCES.txt'\n"}
[15.690585] (RoverReceive) StdoutLine: {'line': b'running install_egg_info\n'}
[15.702289] (roombav2) StdoutLine: {'line': b'running build\n'}
[15.703835] (roombav2) StdoutLine: {'line': b'running build_py\n'}
[15.705754] (roombav2) StdoutLine: {'line': b'creating /home/arno/RoombaV2Onboard/build/roombav2/build\n'}
[15.707243] (roombav2) StdoutLine: {'line': b'creating /home/arno/RoombaV2Onboard/build/roombav2/build/lib\n'}
[15.708498] (roombav2) StdoutLine: {'line': b'creating /home/arno/RoombaV2Onboard/build/roombav2/build/lib/roombav2\n'}
[15.713269] (roombav2) StdoutLine: {'line': b'copying roombav2/encoder_reader.py -> /home/arno/RoombaV2Onboard/build/roombav2/build/lib/roombav2\n'}
[15.715076] (roombav2) StdoutLine: {'line': b'copying roombav2/__init__.py -> /home/arno/RoombaV2Onboard/build/roombav2/build/lib/roombav2\n'}
[15.719357] (roombav2) StdoutLine: {'line': b'copying roombav2/nav2_motor_controller.py -> /home/arno/RoombaV2Onboard/build/roombav2/build/lib/roombav2\n'}
[15.722248] (roombav2) StdoutLine: {'line': b'running install\n'}
[15.723439] (roombav2) StdoutLine: {'line': b'running install_lib\n'}
[15.724406] (RoverReceive) StdoutLine: {'line': b'Copying ../../build/RoverReceive/RoverReceive.egg-info to /home/arno/RoombaV2Onboard/install/RoverReceive/lib/python3.10/site-packages/RoverReceive-0.0.0-py3.10.egg-info\n'}
[15.735571] (rover_stream) StdoutLine: {'line': b'running egg_info\n'}
[15.744460] (roombav2) StdoutLine: {'line': b'creating /home/arno/RoombaV2Onboard/install/roombav2/lib/python3.10/site-packages/roombav2\n'}
[15.746580] (roombav2) StdoutLine: {'line': b'copying /home/arno/RoombaV2Onboard/build/roombav2/build/lib/roombav2/encoder_reader.py -> /home/arno/RoombaV2Onboard/install/roombav2/lib/python3.10/site-packages/roombav2\n'}
[15.748086] (roombav2) StdoutLine: {'line': b'copying /home/arno/RoombaV2Onboard/build/roombav2/build/lib/roombav2/__init__.py -> /home/arno/RoombaV2Onboard/install/roombav2/lib/python3.10/site-packages/roombav2\n'}
[15.749938] (rover_stream) StdoutLine: {'line': b'creating ../../build/rover_stream/rover_stream.egg-info\n'}
[15.751272] (roombav2) StdoutLine: {'line': b'copying /home/arno/RoombaV2Onboard/build/roombav2/build/lib/roombav2/nav2_motor_controller.py -> /home/arno/RoombaV2Onboard/install/roombav2/lib/python3.10/site-packages/roombav2\n'}
[15.752393] (rover_stream) StdoutLine: {'line': b'writing ../../build/rover_stream/rover_stream.egg-info/PKG-INFO\n'}
[15.753923] (rover_stream) StdoutLine: {'line': b'writing dependency_links to ../../build/rover_stream/rover_stream.egg-info/dependency_links.txt\n'}
[15.755154] (-) TimerEvent: {}
[15.756381] (rover_stream) StdoutLine: {'line': b'writing entry points to ../../build/rover_stream/rover_stream.egg-info/entry_points.txt\n'}
[15.760980] (roombav2) StdoutLine: {'line': b'byte-compiling /home/arno/RoombaV2Onboard/install/roombav2/lib/python3.10/site-packages/roombav2/encoder_reader.py to encoder_reader.cpython-310.pyc\n'}
[15.765970] (RoverReceive) StdoutLine: {'line': b'running install_scripts\n'}
[15.767360] (rover_stream) StdoutLine: {'line': b'writing requirements to ../../build/rover_stream/rover_stream.egg-info/requires.txt\n'}
[15.768629] (rover_stream) StdoutLine: {'line': b'writing top-level names to ../../build/rover_stream/rover_stream.egg-info/top_level.txt\n'}
[15.770139] (rover_stream) StdoutLine: {'line': b"writing manifest file '../../build/rover_stream/rover_stream.egg-info/SOURCES.txt'\n"}
[15.771424] (roombav2) StdoutLine: {'line': b'byte-compiling /home/arno/RoombaV2Onboard/install/roombav2/lib/python3.10/site-packages/roombav2/__init__.py to __init__.cpython-310.pyc\n'}
[15.772731] (roombav2) StdoutLine: {'line': b'byte-compiling /home/arno/RoombaV2Onboard/install/roombav2/lib/python3.10/site-packages/roombav2/nav2_motor_controller.py to nav2_motor_controller.cpython-310.pyc\n'}
[15.794448] (roombav2) StdoutLine: {'line': b'running install_data\n'}
[15.795745] (roombav2) StdoutLine: {'line': b'copying package.xml -> /home/arno/RoombaV2Onboard/install/roombav2/share/roombav2\n'}
[15.797193] (roombav2) StdoutLine: {'line': b'creating /home/arno/RoombaV2Onboard/install/roombav2/share/roombav2/launch\n'}
[15.798563] (roombav2) StdoutLine: {'line': b'copying launch/nav2_bringup.launch.py -> /home/arno/RoombaV2Onboard/install/roombav2/share/roombav2/launch\n'}
[15.800202] (roombav2) StdoutLine: {'line': b'copying launch/microver.launch.py -> /home/arno/RoombaV2Onboard/install/roombav2/share/roombav2/launch\n'}
[15.801578] (rover_stream) StdoutLine: {'line': b"reading manifest file '../../build/rover_stream/rover_stream.egg-info/SOURCES.txt'\n"}
[15.802769] (roombav2) StdoutLine: {'line': b'creating /home/arno/RoombaV2Onboard/install/roombav2/share/roombav2/config\n'}
[15.803920] (roombav2) StdoutLine: {'line': b'copying config/amcl_params.yaml -> /home/arno/RoombaV2Onboard/install/roombav2/share/roombav2/config\n'}
[15.805480] (roombav2) StdoutLine: {'line': b'copying config/costmap_params.yaml -> /home/arno/RoombaV2Onboard/install/roombav2/share/roombav2/config\n'}
[15.806837] (rover_stream) StdoutLine: {'line': b"writing manifest file '../../build/rover_stream/rover_stream.egg-info/SOURCES.txt'\n"}
[15.808122] (rover_stream) StdoutLine: {'line': b'running build\n'}
[15.821982] (rover_stream) StdoutLine: {'line': b'running build_py\n'}
[15.823457] (rover_stream) StdoutLine: {'line': b'creating /home/arno/RoombaV2Onboard/build/rover_stream/build\n'}
[15.824561] (roombav2) StdoutLine: {'line': b'copying config/planner_params.yaml -> /home/arno/RoombaV2Onboard/install/roombav2/share/roombav2/config\n'}
[15.827093] (rover_stream) StdoutLine: {'line': b'creating /home/arno/RoombaV2Onboard/build/rover_stream/build/lib\n'}
[15.828925] (rover_stream) StdoutLine: {'line': b'creating /home/arno/RoombaV2Onboard/build/rover_stream/build/lib/rover_stream\n'}
[15.830311] (rover_stream) StdoutLine: {'line': b'copying rover_stream/__init__.py -> /home/arno/RoombaV2Onboard/build/rover_stream/build/lib/rover_stream\n'}
[15.831475] (roombav2) StdoutLine: {'line': b'copying config/slam_toolbox_params.yaml -> /home/arno/RoombaV2Onboard/install/roombav2/share/roombav2/config\n'}
[15.832828] (rover_stream) StdoutLine: {'line': b'copying rover_stream/webrtc_streamer.py -> /home/arno/RoombaV2Onboard/build/rover_stream/build/lib/rover_stream\n'}
[15.833972] (roombav2) StdoutLine: {'line': b'creating /home/arno/RoombaV2Onboard/install/roombav2/share/roombav2/models\n'}
[15.835256] (rover_stream) StdoutLine: {'line': b'running install\n'}
[15.836624] (roombav2) StdoutLine: {'line': b'copying models/microver.urdf.xacro -> /home/arno/RoombaV2Onboard/install/roombav2/share/roombav2/models\n'}
[15.837843] (roombav2) StdoutLine: {'line': b'running install_egg_info\n'}
[15.838807] (rover_stream) StdoutLine: {'line': b'running install_lib\n'}
[15.839920] (rover_stream) StdoutLine: {'line': b'creating /home/arno/RoombaV2Onboard/install/rover_stream/lib/python3.10/site-packages/rover_stream\n'}
[15.841337] (rover_stream) StdoutLine: {'line': b'copying /home/arno/RoombaV2Onboard/build/rover_stream/build/lib/rover_stream/__init__.py -> /home/arno/RoombaV2Onboard/install/rover_stream/lib/python3.10/site-packages/rover_stream\n'}
[15.842630] (rover_stream) StdoutLine: {'line': b'copying /home/arno/RoombaV2Onboard/build/rover_stream/build/lib/rover_stream/webrtc_streamer.py -> /home/arno/RoombaV2Onboard/install/rover_stream/lib/python3.10/site-packages/rover_stream\n'}
[15.843694] (roombav2) StdoutLine: {'line': b'Copying ../../build/roombav2/roombav2.egg-info to /home/arno/RoombaV2Onboard/install/roombav2/lib/python3.10/site-packages/roombav2-0.0.1-py3.10.egg-info\n'}
[15.844910] (rover_stream) StdoutLine: {'line': b'byte-compiling /home/arno/RoombaV2Onboard/install/rover_stream/lib/python3.10/site-packages/rover_stream/__init__.py to __init__.cpython-310.pyc\n'}
[15.846495] (rover_stream) StdoutLine: {'line': b'byte-compiling /home/arno/RoombaV2Onboard/install/rover_stream/lib/python3.10/site-packages/rover_stream/webrtc_streamer.py to webrtc_streamer.cpython-310.pyc\n'}
[15.847837] (rover_stream) StdoutLine: {'line': b'running install_data\n'}
[15.849281] (roombav2) StdoutLine: {'line': b'running install_scripts\n'}
[15.850608] (rover_stream) StdoutLine: {'line': b'creating /home/arno/RoombaV2Onboard/install/rover_stream/share/ament_index\n'}
[15.852120] (rover_stream) StdoutLine: {'line': b'creating /home/arno/RoombaV2Onboard/install/rover_stream/share/ament_index/resource_index\n'}
[15.853769] (rover_stream) StdoutLine: {'line': b'creating /home/arno/RoombaV2Onboard/install/rover_stream/share/ament_index/resource_index/packages\n'}
[15.855247] (-) TimerEvent: {}
[15.856672] (rover_stream) StdoutLine: {'line': b'copying resource/rover_stream -> /home/arno/RoombaV2Onboard/install/rover_stream/share/ament_index/resource_index/packages\n'}
[15.858156] (rover_stream) StdoutLine: {'line': b'copying package.xml -> /home/arno/RoombaV2Onboard/install/rover_stream/share/rover_stream\n'}
[15.859445] (rover_stream) StdoutLine: {'line': b'running install_egg_info\n'}
[15.877671] (rover_stream) StdoutLine: {'line': b'Copying ../../build/rover_stream/rover_stream.egg-info to /home/arno/RoombaV2Onboard/install/rover_stream/lib/python3.10/site-packages/rover_stream-0.0.0-py3.10.egg-info\n'}
[15.878817] (rover_stream) StdoutLine: {'line': b'running install_scripts\n'}
[15.940310] (RoverReceive) StdoutLine: {'line': b'Installing receive_node script to /home/arno/RoombaV2Onboard/install/RoverReceive/lib/RoverReceive\n'}
[15.944580] (RoverReceive) StdoutLine: {'line': b"writing list of installed files to '/home/arno/RoombaV2Onboard/build/RoverReceive/install.log'\n"}
[15.955688] (-) TimerEvent: {}
[16.010844] (roombav2) StdoutLine: {'line': b'Installing encoder_reader script to /home/arno/RoombaV2Onboard/install/roombav2/lib/roombav2\n'}
[16.013033] (roombav2) StdoutLine: {'line': b'Installing nav2_motor_controller script to /home/arno/RoombaV2Onboard/install/roombav2/lib/roombav2\n'}
[16.017208] (roombav2) StdoutLine: {'line': b"writing list of installed files to '/home/arno/RoombaV2Onboard/build/roombav2/install.log'\n"}
[16.043649] (rover_stream) StdoutLine: {'line': b'Installing webrtc_streamer script to /home/arno/RoombaV2Onboard/install/rover_stream/lib/rover_stream\n'}
[16.047839] (rover_stream) StdoutLine: {'line': b"writing list of installed files to '/home/arno/RoombaV2Onboard/build/rover_stream/install.log'\n"}
[16.056260] (-) TimerEvent: {}
[16.158613] (-) TimerEvent: {}
[16.260988] (-) TimerEvent: {}
[16.316080] (sllidar_ros2) StdoutLine: {'line': b'-- Found rclcpp: 16.0.10 (/opt/ros/humble/share/rclcpp/cmake)\n'}
[16.328115] (RoverReceive) CommandEnded: {'returncode': 0}
[16.362826] (-) TimerEvent: {}
[16.464083] (RoverReceive) JobEnded: {'identifier': 'RoverReceive', 'rc': 0}
[16.477434] (-) TimerEvent: {}
[16.478765] (roombav2) CommandEnded: {'returncode': 0}
[16.531626] (roombav2) JobEnded: {'identifier': 'roombav2', 'rc': 0}
[16.540204] (rover_stream) CommandEnded: {'returncode': 0}
[16.578863] (-) TimerEvent: {}
[16.599248] (rover_stream) JobEnded: {'identifier': 'rover_stream', 'rc': 0}
[16.679150] (-) TimerEvent: {}
[16.780260] (-) TimerEvent: {}
[16.881344] (-) TimerEvent: {}
[16.982391] (-) TimerEvent: {}
[17.083526] (-) TimerEvent: {}
[17.157772] (sllidar_ros2) StdoutLine: {'line': b'-- Found rosidl_generator_c: 3.1.5 (/opt/ros/humble/share/rosidl_generator_c/cmake)\n'}
[17.183794] (-) TimerEvent: {}
[17.263262] (sllidar_ros2) StdoutLine: {'line': b'-- Found rosidl_adapter: 3.1.5 (/opt/ros/humble/share/rosidl_adapter/cmake)\n'}
[17.284159] (-) TimerEvent: {}
[17.385394] (-) TimerEvent: {}
[17.406150] (sllidar_ros2) StdoutLine: {'line': b'-- Found rosidl_generator_cpp: 3.1.5 (/opt/ros/humble/share/rosidl_generator_cpp/cmake)\n'}
[17.485677] (-) TimerEvent: {}
[17.586852] (-) TimerEvent: {}
[17.616588] (sllidar_ros2) StdoutLine: {'line': b'-- Using all available rosidl_typesupport_c: rosidl_typesupport_fastrtps_c;rosidl_typesupport_introspection_c\n'}
[17.687124] (-) TimerEvent: {}
[17.788258] (-) TimerEvent: {}
[17.871611] (sllidar_ros2) StdoutLine: {'line': b'-- Using all available rosidl_typesupport_cpp: rosidl_typesupport_fastrtps_cpp;rosidl_typesupport_introspection_cpp\n'}
[17.888489] (-) TimerEvent: {}
[17.989595] (-) TimerEvent: {}
[18.090717] (-) TimerEvent: {}
[18.191794] (-) TimerEvent: {}
[18.293002] (-) TimerEvent: {}
[18.394217] (-) TimerEvent: {}
[18.495318] (-) TimerEvent: {}
[18.596563] (-) TimerEvent: {}
[18.600570] (sllidar_ros2) StdoutLine: {'line': b'-- Found rmw_implementation_cmake: 6.1.2 (/opt/ros/humble/share/rmw_implementation_cmake/cmake)\n'}
[18.657435] (sllidar_ros2) StdoutLine: {'line': b'-- Found rmw_fastrtps_cpp: 6.2.7 (/opt/ros/humble/share/rmw_fastrtps_cpp/cmake)\n'}
[18.696885] (-) TimerEvent: {}
[18.797978] (-) TimerEvent: {}
[18.899334] (-) TimerEvent: {}
[19.000453] (-) TimerEvent: {}
[19.101571] (-) TimerEvent: {}
[19.202636] (-) TimerEvent: {}
[19.303707] (-) TimerEvent: {}
[19.404911] (-) TimerEvent: {}
[19.506322] (-) TimerEvent: {}
[19.607685] (-) TimerEvent: {}
[19.708997] (-) TimerEvent: {}
[19.810253] (-) TimerEvent: {}
[19.853022] (sllidar_ros2) StdoutLine: {'line': b'-- Found OpenSSL: /usr/lib/aarch64-linux-gnu/libcrypto.so (found version "3.0.2")  \n'}
[19.910479] (-) TimerEvent: {}
[20.011562] (-) TimerEvent: {}
[20.112706] (-) TimerEvent: {}
[20.213945] (-) TimerEvent: {}
[20.233064] (sllidar_ros2) StdoutLine: {'line': b'-- Found FastRTPS: /opt/ros/humble/include  \n'}
[20.314179] (-) TimerEvent: {}
[20.415309] (-) TimerEvent: {}
[20.516447] (-) TimerEvent: {}
[20.617820] (-) TimerEvent: {}
[20.718888] (-) TimerEvent: {}
[20.820019] (-) TimerEvent: {}
[20.831037] (sllidar_ros2) StdoutLine: {'line': b"-- Using RMW implementation 'rmw_fastrtps_cpp' as default\n"}
[20.920282] (-) TimerEvent: {}
[21.002681] (sllidar_ros2) StdoutLine: {'line': b'-- Looking for pthread.h\n'}
[21.020541] (-) TimerEvent: {}
[21.121782] (-) TimerEvent: {}
[21.222934] (-) TimerEvent: {}
[21.324054] (-) TimerEvent: {}
[21.425553] (-) TimerEvent: {}
[21.526794] (-) TimerEvent: {}
[21.628004] (-) TimerEvent: {}
[21.702211] (sllidar_ros2) StdoutLine: {'line': b'-- Looking for pthread.h - found\n'}
[21.706260] (sllidar_ros2) StdoutLine: {'line': b'-- Performing Test CMAKE_HAVE_LIBC_PTHREAD\n'}
[21.728301] (-) TimerEvent: {}
[21.829501] (-) TimerEvent: {}
[21.930686] (-) TimerEvent: {}
[22.031855] (-) TimerEvent: {}
[22.133052] (-) TimerEvent: {}
[22.234324] (-) TimerEvent: {}
[22.335851] (-) TimerEvent: {}
[22.342612] (sllidar_ros2) StdoutLine: {'line': b'-- Performing Test CMAKE_HAVE_LIBC_PTHREAD - Success\n'}
[22.350673] (sllidar_ros2) StdoutLine: {'line': b'-- Found Threads: TRUE  \n'}
[22.436186] (-) TimerEvent: {}
[22.537604] (-) TimerEvent: {}
[22.638866] (-) TimerEvent: {}
[22.740010] (-) TimerEvent: {}
[22.841257] (-) TimerEvent: {}
[22.942360] (-) TimerEvent: {}
[23.043551] (-) TimerEvent: {}
[23.062217] (sllidar_ros2) StdoutLine: {'line': b'-- Found sensor_msgs: 4.2.4 (/opt/ros/humble/share/sensor_msgs/cmake)\n'}
[23.143829] (-) TimerEvent: {}
[23.245108] (-) TimerEvent: {}
[23.346365] (-) TimerEvent: {}
[23.447616] (-) TimerEvent: {}
[23.464847] (sllidar_ros2) StdoutLine: {'line': b'-- Found std_srvs: 4.2.4 (/opt/ros/humble/share/std_srvs/cmake)\n'}
[23.548000] (-) TimerEvent: {}
[23.649354] (-) TimerEvent: {}
[23.750416] (-) TimerEvent: {}
[23.851500] (-) TimerEvent: {}
[23.952607] (-) TimerEvent: {}
[24.053923] (-) TimerEvent: {}
[24.155183] (-) TimerEvent: {}
[24.250485] (sllidar_ros2) StdoutLine: {'line': b'-- Configuring done\n'}
[24.255423] (-) TimerEvent: {}
[24.356478] (-) TimerEvent: {}
[24.413957] (sllidar_ros2) StdoutLine: {'line': b'-- Generating done\n'}
[24.429492] (sllidar_ros2) StdoutLine: {'line': b'-- Build files have been written to: /home/arno/RoombaV2Onboard/build/sllidar_ros2\n'}
[24.456975] (-) TimerEvent: {}
[24.503651] (sllidar_ros2) CommandEnded: {'returncode': 0}
[24.507942] (sllidar_ros2) JobProgress: {'identifier': 'sllidar_ros2', 'progress': 'build'}
[24.523060] (sllidar_ros2) Command: {'cmd': ['/usr/bin/cmake', '--build', '/home/arno/RoombaV2Onboard/build/sllidar_ros2', '--', '-j4', '-l4'], 'cwd': '/home/arno/RoombaV2Onboard/build/sllidar_ros2', 'env': OrderedDict([('LESSOPEN', '| /usr/bin/lesspipe %s'), ('USER', 'arno'), ('SSH_CLIENT', '192.168.113.158 56038 22'), ('LC_TIME', 'de_CH.UTF-8'), ('XDG_SESSION_TYPE', 'tty'), ('SHLVL', '1'), ('LD_LIBRARY_PATH', '/opt/ros/humble/opt/rviz_ogre_vendor/lib:/opt/ros/humble/lib/aarch64-linux-gnu:/opt/ros/humble/lib'), ('MOTD_SHOWN', 'pam'), ('HOME', '/home/arno'), ('OLDPWD', '/home/arno/RoombaV2Onboard/src'), ('SSH_TTY', '/dev/pts/0'), ('ROS_PYTHON_VERSION', '3'), ('LC_MONETARY', 'de_CH.UTF-8'), ('DBUS_SESSION_BUS_ADDRESS', 'unix:path=/run/user/1000/bus'), ('COLCON_PREFIX_PATH', '/home/arno/RoombaV2Onboard/install'), ('ROS_DISTRO', 'humble'), ('LOGNAME', 'arno'), ('_', '/usr/bin/colcon'), ('ROS_VERSION', '2'), ('XDG_SESSION_CLASS', 'user'), ('TERM', 'xterm-256color'), ('XDG_SESSION_ID', '1'), ('ROS_LOCALHOST_ONLY', '0'), ('PATH', '/home/arno/.local/bin:/opt/ros/humble/bin:/usr/local/sbin:/usr/local/bin:/usr/sbin:/usr/bin:/sbin:/bin:/usr/games:/usr/local/games:/snap/bin'), ('LC_ADDRESS', 'de_CH.UTF-8'), ('XDG_RUNTIME_DIR', '/run/user/1000'), ('LANG', 'en_US.UTF-8'), ('LC_TELEPHONE', 'de_CH.UTF-8'), ('LS_COLORS', 'rs=0:di=01;34:ln=01;36:mh=00:pi=40;33:so=01;35:do=01;35:bd=40;33;01:cd=40;33;01:or=40;31;01:mi=00:su=37;41:sg=30;43:ca=30;41:tw=30;42:ow=34;42:st=37;44:ex=01;32:*.tar=01;31:*.tgz=01;31:*.arc=01;31:*.arj=01;31:*.taz=01;31:*.lha=01;31:*.lz4=01;31:*.lzh=01;31:*.lzma=01;31:*.tlz=01;31:*.txz=01;31:*.tzo=01;31:*.t7z=01;31:*.zip=01;31:*.z=01;31:*.dz=01;31:*.gz=01;31:*.lrz=01;31:*.lz=01;31:*.lzo=01;31:*.xz=01;31:*.zst=01;31:*.tzst=01;31:*.bz2=01;31:*.bz=01;31:*.tbz=01;31:*.tbz2=01;31:*.tz=01;31:*.deb=01;31:*.rpm=01;31:*.jar=01;31:*.war=01;31:*.ear=01;31:*.sar=01;31:*.rar=01;31:*.alz=01;31:*.ace=01;31:*.zoo=01;31:*.cpio=01;31:*.7z=01;31:*.rz=01;31:*.cab=01;31:*.wim=01;31:*.swm=01;31:*.dwm=01;31:*.esd=01;31:*.jpg=01;35:*.jpeg=01;35:*.mjpg=01;35:*.mjpeg=01;35:*.gif=01;35:*.bmp=01;35:*.pbm=01;35:*.pgm=01;35:*.ppm=01;35:*.tga=01;35:*.xbm=01;35:*.xpm=01;35:*.tif=01;35:*.tiff=01;35:*.png=01;35:*.svg=01;35:*.svgz=01;35:*.mng=01;35:*.pcx=01;35:*.mov=01;35:*.mpg=01;35:*.mpeg=01;35:*.m2v=01;35:*.mkv=01;35:*.webm=01;35:*.webp=01;35:*.ogm=01;35:*.mp4=01;35:*.m4v=01;35:*.mp4v=01;35:*.vob=01;35:*.qt=01;35:*.nuv=01;35:*.wmv=01;35:*.asf=01;35:*.rm=01;35:*.rmvb=01;35:*.flc=01;35:*.avi=01;35:*.fli=01;35:*.flv=01;35:*.gl=01;35:*.dl=01;35:*.xcf=01;35:*.xwd=01;35:*.yuv=01;35:*.cgm=01;35:*.emf=01;35:*.ogv=01;35:*.ogx=01;35:*.aac=00;36:*.au=00;36:*.flac=00;36:*.m4a=00;36:*.mid=00;36:*.midi=00;36:*.mka=00;36:*.mp3=00;36:*.mpc=00;36:*.ogg=00;36:*.ra=00;36:*.wav=00;36:*.oga=00;36:*.opus=00;36:*.spx=00;36:*.xspf=00;36:'), ('AMENT_PREFIX_PATH', '/home/arno/RoombaV2Onboard/install/sllidar_ros2:/home/arno/RoombaV2Onboard/install/rover_stream:/home/arno/RoombaV2Onboard/install/roombav2:/home/arno/RoombaV2Onboard/install/microver_dusty:/home/arno/RoombaV2Onboard/install/RoverReceive:/opt/ros/humble'), ('SHELL', '/bin/bash'), ('LC_NAME', 'de_CH.UTF-8'), ('LESSCLOSE', '/usr/bin/lesspipe %s %s'), ('LC_MEASUREMENT', 'de_CH.UTF-8'), ('LC_IDENTIFICATION', 'de_CH.UTF-8'), ('PWD', '/home/arno/RoombaV2Onboard/build/sllidar_ros2'), ('LC_ALL', 'en_US.UTF-8'), ('SSH_CONNECTION', '192.168.113.158 56038 192.168.113.115 22'), ('XDG_DATA_DIRS', '/usr/local/share:/usr/share:/var/lib/snapd/desktop'), ('PYTHONPATH', '/home/arno/RoombaV2Onboard/install/rover_stream/lib/python3.10/site-packages:/home/arno/RoombaV2Onboard/install/roombav2/lib/python3.10/site-packages:/home/arno/RoombaV2Onboard/install/RoverReceive/lib/python3.10/site-packages:/opt/ros/humble/lib/python3.10/site-packages:/opt/ros/humble/local/lib/python3.10/dist-packages'), ('LC_NUMERIC', 'de_CH.UTF-8'), ('LC_PAPER', 'de_CH.UTF-8'), ('COLCON', '1'), ('CMAKE_PREFIX_PATH', '/home/arno/RoombaV2Onboard/install/sllidar_ros2:/home/arno/RoombaV2Onboard/install/microver_dusty:/home/arno/RoombaV2Onboard/install/rover_stream:/home/arno/RoombaV2Onboard/install/roombav2:/home/arno/RoombaV2Onboard/install/RoverReceive:/opt/ros/humble')]), 'shell': False}
[24.557235] (-) TimerEvent: {}
[24.658896] (-) TimerEvent: {}
[24.760068] (-) TimerEvent: {}
[24.861711] (-) TimerEvent: {}
[24.899121] (sllidar_ros2) StdoutLine: {'line': b'[  5%] \x1b[32mBuilding CXX object CMakeFiles/sllidar_client.dir/src/sllidar_client.cpp.o\x1b[0m\n'}
[24.907440] (sllidar_ros2) StdoutLine: {'line': b'[ 10%] \x1b[32mBuilding CXX object CMakeFiles/sllidar_node.dir/src/sllidar_node.cpp.o\x1b[0m\n'}
[24.910872] (sllidar_ros2) StdoutLine: {'line': b'[ 15%] \x1b[32mBuilding CXX object CMakeFiles/sllidar_node.dir/sdk/src/arch/linux/net_serial.cpp.o\x1b[0m\n'}
[24.917501] (sllidar_ros2) StdoutLine: {'line': b'[ 20%] \x1b[32mBuilding CXX object CMakeFiles/sllidar_node.dir/sdk/src/arch/linux/net_socket.cpp.o\x1b[0m\n'}
[24.962443] (-) TimerEvent: {}
[25.064906] (-) TimerEvent: {}
[25.166786] (-) TimerEvent: {}
[25.269070] (-) TimerEvent: {}
[25.371083] (-) TimerEvent: {}
[25.473514] (-) TimerEvent: {}
[25.575405] (-) TimerEvent: {}
[25.677662] (-) TimerEvent: {}
[25.779100] (-) TimerEvent: {}
[25.880331] (-) TimerEvent: {}
[25.981836] (-) TimerEvent: {}
[26.084044] (-) TimerEvent: {}
[26.185279] (-) TimerEvent: {}
[26.286451] (-) TimerEvent: {}
[26.387931] (-) TimerEvent: {}
[26.489353] (-) TimerEvent: {}
[26.590595] (-) TimerEvent: {}
[26.691743] (-) TimerEvent: {}
[26.793313] (-) TimerEvent: {}
[26.895014] (-) TimerEvent: {}
[26.997437] (-) TimerEvent: {}
[27.100099] (-) TimerEvent: {}
[27.201566] (-) TimerEvent: {}
[27.303026] (-) TimerEvent: {}
[27.404326] (-) TimerEvent: {}
[27.505808] (-) TimerEvent: {}
[27.608400] (-) TimerEvent: {}
[27.711924] (-) TimerEvent: {}
[27.814401] (-) TimerEvent: {}
[27.918618] (-) TimerEvent: {}
[28.020136] (-) TimerEvent: {}
[28.122746] (-) TimerEvent: {}
[28.224112] (-) TimerEvent: {}
[28.325727] (-) TimerEvent: {}
[28.426824] (-) TimerEvent: {}
[28.528245] (-) TimerEvent: {}
[28.629947] (-) TimerEvent: {}
[28.731408] (-) TimerEvent: {}
[28.833056] (-) TimerEvent: {}
[28.934215] (-) TimerEvent: {}
[29.036376] (-) TimerEvent: {}
[29.138023] (-) TimerEvent: {}
[29.239485] (-) TimerEvent: {}
[29.340967] (-) TimerEvent: {}
[29.442139] (-) TimerEvent: {}
[29.543723] (-) TimerEvent: {}
[29.645910] (-) TimerEvent: {}
[29.747366] (-) TimerEvent: {}
[29.849096] (-) TimerEvent: {}
[29.952068] (-) TimerEvent: {}
[30.054234] (-) TimerEvent: {}
[30.196626] (-) TimerEvent: {}
[30.199008] (sllidar_ros2) StderrLine: {'line': b'In file included from \x1b[01m\x1b[K/home/arno/RoombaV2Onboard/src/sllidar_ros2/./sdk/include/rplidar_protocol.h:36\x1b[m\x1b[K,\n'}
[30.217473] (sllidar_ros2) StderrLine: {'line': b'                 from \x1b[01m\x1b[K/home/arno/RoombaV2Onboard/src/sllidar_ros2/./sdk/include/rplidar.h:39\x1b[m\x1b[K,\n'}
[30.219002] (sllidar_ros2) StderrLine: {'line': b'                 from \x1b[01m\x1b[K/home/arno/RoombaV2Onboard/src/sllidar_ros2/./sdk/src/sdkcommon.h:49\x1b[m\x1b[K,\n'}
[30.220479] (sllidar_ros2) StderrLine: {'line': b'                 from \x1b[01m\x1b[K/home/arno/RoombaV2Onboard/src/sllidar_ros2/sdk/src/arch/linux/net_socket.cpp:10\x1b[m\x1b[K:\n'}
[30.222152] (sllidar_ros2) StderrLine: {'line': b'\x1b[01m\x1b[K/home/arno/RoombaV2Onboard/src/sllidar_ros2/./sdk/include/sl_lidar_protocol.h:66:16:\x1b[m\x1b[K \x1b[01;35m\x1b[Kwarning: \x1b[m\x1b[KISO C++ forbids zero-size array \xe2\x80\x98\x1b[01m\x1b[Kdata\x1b[m\x1b[K\xe2\x80\x99 [\x1b[01;35m\x1b[K\x1b]8;;https://gcc.gnu.org/onlinedocs/gcc/Warning-Options.html#index-Wpedantic\x07-Wpedantic\x1b]8;;\x07\x1b[m\x1b[K]\n'}
[30.223957] (sllidar_ros2) StderrLine: {'line': b'   66 |     sl_u8 data[\x1b[01;35m\x1b[K0\x1b[m\x1b[K];\n'}
[30.225717] (sllidar_ros2) StderrLine: {'line': b'      |                \x1b[01;35m\x1b[K^\x1b[m\x1b[K\n'}
[30.227405] (sllidar_ros2) StderrLine: {'line': b'In file included from \x1b[01m\x1b[K/home/arno/RoombaV2Onboard/src/sllidar_ros2/./sdk/include/rplidar_cmd.h:36\x1b[m\x1b[K,\n'}
[30.229004] (sllidar_ros2) StderrLine: {'line': b'                 from \x1b[01m\x1b[K/home/arno/RoombaV2Onboard/src/sllidar_ros2/./sdk/include/rplidar.h:40\x1b[m\x1b[K,\n'}
[30.230613] (sllidar_ros2) StderrLine: {'line': b'                 from \x1b[01m\x1b[K/home/arno/RoombaV2Onboard/src/sllidar_ros2/./sdk/src/sdkcommon.h:49\x1b[m\x1b[K,\n'}
[30.232078] (sllidar_ros2) StderrLine: {'line': b'                 from \x1b[01m\x1b[K/home/arno/RoombaV2Onboard/src/sllidar_ros2/sdk/src/arch/linux/net_socket.cpp:10\x1b[m\x1b[K:\n'}
[30.233783] (sllidar_ros2) StderrLine: {'line': b'\x1b[01m\x1b[K/home/arno/RoombaV2Onboard/src/sllidar_ros2/./sdk/include/sl_lidar_cmd.h:324:20:\x1b[m\x1b[K \x1b[01;35m\x1b[Kwarning: \x1b[m\x1b[KISO C++ forbids zero-size array \xe2\x80\x98\x1b[01m\x1b[Kpayload\x1b[m\x1b[K\xe2\x80\x99 [\x1b[01;35m\x1b[K\x1b]8;;https://gcc.gnu.org/onlinedocs/gcc/Warning-Options.html#index-Wpedantic\x07-Wpedantic\x1b]8;;\x07\x1b[m\x1b[K]\n'}
[30.235458] (sllidar_ros2) StderrLine: {'line': b'  324 |     sl_u8  payload[\x1b[01;35m\x1b[K0\x1b[m\x1b[K];\n'}
[30.237363] (sllidar_ros2) StderrLine: {'line': b'      |                    \x1b[01;35m\x1b[K^\x1b[m\x1b[K\n'}
[30.297127] (-) TimerEvent: {}
[30.400944] (-) TimerEvent: {}
[30.503626] (-) TimerEvent: {}
[30.605147] (-) TimerEvent: {}
[30.706391] (-) TimerEvent: {}
[30.790116] (sllidar_ros2) StderrLine: {'line': b'In file included from \x1b[01m\x1b[K/home/arno/RoombaV2Onboard/src/sllidar_ros2/./sdk/src/arch/linux/arch_linux.h:42\x1b[m\x1b[K,\n'}
[30.791925] (sllidar_ros2) StderrLine: {'line': b'                 from \x1b[01m\x1b[K/home/arno/RoombaV2Onboard/src/sllidar_ros2/./sdk/src/sdkcommon.h:41\x1b[m\x1b[K,\n'}
[30.793433] (sllidar_ros2) StderrLine: {'line': b'                 from \x1b[01m\x1b[K/home/arno/RoombaV2Onboard/src/sllidar_ros2/sdk/src/arch/linux/net_socket.cpp:10\x1b[m\x1b[K:\n'}
[30.794733] (sllidar_ros2) StderrLine: {'line': b'\x1b[01m\x1b[K/home/arno/RoombaV2Onboard/src/sllidar_ros2/sdk/src/arch/linux/net_socket.cpp:\x1b[m\x1b[K In member function \xe2\x80\x98\x1b[01m\x1b[Kvirtual u_result rp::arch::net::DGramSocketImpl::sendTo(const rp::net::SocketAddress*, const void*, size_t)\x1b[m\x1b[K\xe2\x80\x99:\n'}
[30.796122] (sllidar_ros2) StderrLine: {'line': b'\x1b[01m\x1b[K/home/arno/RoombaV2Onboard/src/sllidar_ros2/sdk/src/arch/linux/net_socket.cpp:733:24:\x1b[m\x1b[K \x1b[01;35m\x1b[Kwarning: \x1b[m\x1b[Kcomparison of integer expressions of different signedness: \xe2\x80\x98\x1b[01m\x1b[Kint\x1b[m\x1b[K\xe2\x80\x99 and \xe2\x80\x98\x1b[01m\x1b[Ksize_t\x1b[m\x1b[K\xe2\x80\x99 {aka \xe2\x80\x98\x1b[01m\x1b[Klong unsigned int\x1b[m\x1b[K\xe2\x80\x99} [\x1b[01;35m\x1b[K\x1b]8;;https://gcc.gnu.org/onlinedocs/gcc/Warning-Options.html#index-Wsign-compare\x07-Wsign-compare\x1b]8;;\x07\x1b[m\x1b[K]\n'}
[30.797721] (sllidar_ros2) StderrLine: {'line': b'  733 |             assert(\x1b[01;35m\x1b[Kans == len\x1b[m\x1b[K);\n'}
[30.799031] (sllidar_ros2) StderrLine: {'line': b'      |                    \x1b[01;35m\x1b[K~~~~^~~~~~\x1b[m\x1b[K\n'}
[30.806678] (-) TimerEvent: {}
[30.907970] (-) TimerEvent: {}
[31.009557] (-) TimerEvent: {}
[31.110992] (-) TimerEvent: {}
[31.212266] (-) TimerEvent: {}
[31.314998] (-) TimerEvent: {}
[31.405701] (sllidar_ros2) StderrLine: {'line': b'\x1b[01m\x1b[K/home/arno/RoombaV2Onboard/src/sllidar_ros2/sdk/src/arch/linux/net_serial.cpp:\x1b[m\x1b[K In member function \xe2\x80\x98\x1b[01m\x1b[Kbool rp::arch::net::raw_serial::open(const char*, uint32_t, uint32_t)\x1b[m\x1b[K\xe2\x80\x99:\n'}
[31.407853] (sllidar_ros2) StderrLine: {'line': b'\x1b[01m\x1b[K/home/arno/RoombaV2Onboard/src/sllidar_ros2/sdk/src/arch/linux/net_serial.cpp:97:74:\x1b[m\x1b[K \x1b[01;35m\x1b[Kwarning: \x1b[m\x1b[Kunused parameter \xe2\x80\x98\x1b[01m\x1b[Kflags\x1b[m\x1b[K\xe2\x80\x99 [\x1b[01;35m\x1b[K\x1b]8;;https://gcc.gnu.org/onlinedocs/gcc/Warning-Options.html#index-Wunused-parameter\x07-Wunused-parameter\x1b]8;;\x07\x1b[m\x1b[K]\n'}
[31.409698] (sllidar_ros2) StderrLine: {'line': b'   97 | bool raw_serial::open(const char * portname, uint32_t baudrate, \x1b[01;35m\x1b[Kuint32_t flags\x1b[m\x1b[K)\n'}
[31.411180] (sllidar_ros2) StderrLine: {'line': b'      |                                                                 \x1b[01;35m\x1b[K~~~~~~~~~^~~~~\x1b[m\x1b[K\n'}
[31.413803] (sllidar_ros2) StderrLine: {'line': b'\x1b[01m\x1b[K/home/arno/RoombaV2Onboard/src/sllidar_ros2/sdk/src/arch/linux/net_serial.cpp:\x1b[m\x1b[K In member function \xe2\x80\x98\x1b[01m\x1b[Kvirtual void rp::arch::net::raw_serial::flush(_u32)\x1b[m\x1b[K\xe2\x80\x99:\n'}
[31.415720] (-) TimerEvent: {}
[31.416881] (sllidar_ros2) StderrLine: {'line': b'\x1b[01m\x1b[K/home/arno/RoombaV2Onboard/src/sllidar_ros2/sdk/src/arch/linux/net_serial.cpp:281:30:\x1b[m\x1b[K \x1b[01;35m\x1b[Kwarning: \x1b[m\x1b[Kunused parameter \xe2\x80\x98\x1b[01m\x1b[Kflags\x1b[m\x1b[K\xe2\x80\x99 [\x1b[01;35m\x1b[K\x1b]8;;https://gcc.gnu.org/onlinedocs/gcc/Warning-Options.html#index-Wunused-parameter\x07-Wunused-parameter\x1b]8;;\x07\x1b[m\x1b[K]\n'}
[31.418518] (sllidar_ros2) StderrLine: {'line': b'  281 | void raw_serial::flush( \x1b[01;35m\x1b[K_u32 flags\x1b[m\x1b[K)\n'}
[31.419849] (sllidar_ros2) StderrLine: {'line': b'      |                         \x1b[01;35m\x1b[K~~~~~^~~~~\x1b[m\x1b[K\n'}
[31.421299] (sllidar_ros2) StderrLine: {'line': b'\x1b[01m\x1b[K/home/arno/RoombaV2Onboard/src/sllidar_ros2/sdk/src/arch/linux/net_serial.cpp:\x1b[m\x1b[K In member function \xe2\x80\x98\x1b[01m\x1b[Kvirtual int rp::arch::net::raw_serial::waitforsent(_u32, size_t*)\x1b[m\x1b[K\xe2\x80\x99:\n'}
[31.422863] (sllidar_ros2) StderrLine: {'line': b'\x1b[01m\x1b[K/home/arno/RoombaV2Onboard/src/sllidar_ros2/sdk/src/arch/linux/net_serial.cpp:286:34:\x1b[m\x1b[K \x1b[01;35m\x1b[Kwarning: \x1b[m\x1b[Kunused parameter \xe2\x80\x98\x1b[01m\x1b[Ktimeout\x1b[m\x1b[K\xe2\x80\x99 [\x1b[01;35m\x1b[K\x1b]8;;https://gcc.gnu.org/onlinedocs/gcc/Warning-Options.html#index-Wunused-parameter\x07-Wunused-parameter\x1b]8;;\x07\x1b[m\x1b[K]\n'}
[31.424626] (sllidar_ros2) StderrLine: {'line': b'  286 | int raw_serial::waitforsent(\x1b[01;35m\x1b[K_u32 timeout\x1b[m\x1b[K, size_t * returned_size)\n'}
[31.426200] (sllidar_ros2) StderrLine: {'line': b'      |                             \x1b[01;35m\x1b[K~~~~~^~~~~~~\x1b[m\x1b[K\n'}
[31.428205] (sllidar_ros2) StderrLine: {'line': b'\x1b[01m\x1b[K/home/arno/RoombaV2Onboard/src/sllidar_ros2/sdk/src/arch/linux/net_serial.cpp:\x1b[m\x1b[K In member function \xe2\x80\x98\x1b[01m\x1b[Kvirtual int rp::arch::net::raw_serial::waitforrecv(_u32, size_t*)\x1b[m\x1b[K\xe2\x80\x99:\n'}
[31.430090] (sllidar_ros2) StderrLine: {'line': b'\x1b[01m\x1b[K/home/arno/RoombaV2Onboard/src/sllidar_ros2/sdk/src/arch/linux/net_serial.cpp:292:34:\x1b[m\x1b[K \x1b[01;35m\x1b[Kwarning: \x1b[m\x1b[Kunused parameter \xe2\x80\x98\x1b[01m\x1b[Ktimeout\x1b[m\x1b[K\xe2\x80\x99 [\x1b[01;35m\x1b[K\x1b]8;;https://gcc.gnu.org/onlinedocs/gcc/Warning-Options.html#index-Wunused-parameter\x07-Wunused-parameter\x1b]8;;\x07\x1b[m\x1b[K]\n'}
[31.431623] (sllidar_ros2) StderrLine: {'line': b'  292 | int raw_serial::waitforrecv(\x1b[01;35m\x1b[K_u32 timeout\x1b[m\x1b[K, size_t * returned_size)\n'}
[31.433161] (sllidar_ros2) StderrLine: {'line': b'      |                             \x1b[01;35m\x1b[K~~~~~^~~~~~~\x1b[m\x1b[K\n'}
[31.435071] (sllidar_ros2) StderrLine: {'line': b'\x1b[01m\x1b[K/home/arno/RoombaV2Onboard/src/sllidar_ros2/sdk/src/arch/linux/net_serial.cpp:\x1b[m\x1b[K In member function \xe2\x80\x98\x1b[01m\x1b[Kvirtual void rp::arch::net::raw_serial::cancelOperation()\x1b[m\x1b[K\xe2\x80\x99:\n'}
[31.437332] (sllidar_ros2) StderrLine: {'line': b'\x1b[01m\x1b[K/home/arno/RoombaV2Onboard/src/sllidar_ros2/sdk/src/arch/linux/net_serial.cpp:427:5:\x1b[m\x1b[K \x1b[01;35m\x1b[Kwarning: \x1b[m\x1b[Kvalue computed is not used [\x1b[01;35m\x1b[K\x1b]8;;https://gcc.gnu.org/onlinedocs/gcc/Warning-Options.html#index-Wunused-value\x07-Wunused-value\x1b]8;;\x07\x1b[m\x1b[K]\n'}
[31.438947] (sllidar_ros2) StderrLine: {'line': b'  427 |     \x1b[01;35m\x1b[K(int)::write(_selfpipe[1], "x", 1)\x1b[m\x1b[K;\n'}
[31.440281] (sllidar_ros2) StderrLine: {'line': b'      |     \x1b[01;35m\x1b[K^~~~~~~~~~~~~~~~~~~~~~~~~~~~~~~~~~\x1b[m\x1b[K\n'}
[31.516095] (-) TimerEvent: {}
[31.617447] (-) TimerEvent: {}
[31.718745] (-) TimerEvent: {}
[31.820277] (-) TimerEvent: {}
[31.921799] (-) TimerEvent: {}
[32.023078] (-) TimerEvent: {}
[32.124603] (-) TimerEvent: {}
[32.226031] (-) TimerEvent: {}
[32.327553] (-) TimerEvent: {}
[32.428942] (-) TimerEvent: {}
[32.530289] (-) TimerEvent: {}
[32.647862] (-) TimerEvent: {}
[32.749378] (-) TimerEvent: {}
[32.850706] (-) TimerEvent: {}
[32.952413] (-) TimerEvent: {}
[33.054104] (-) TimerEvent: {}
[33.155588] (-) TimerEvent: {}
[33.257376] (-) TimerEvent: {}
[33.359096] (-) TimerEvent: {}
[33.460694] (-) TimerEvent: {}
[33.561910] (-) TimerEvent: {}
[33.663309] (-) TimerEvent: {}
[33.765163] (-) TimerEvent: {}
[33.866876] (-) TimerEvent: {}
[33.968350] (-) TimerEvent: {}
[34.070103] (-) TimerEvent: {}
[34.171659] (-) TimerEvent: {}
[34.273423] (-) TimerEvent: {}
[34.375459] (-) TimerEvent: {}
[34.477510] (-) TimerEvent: {}
[34.579098] (-) TimerEvent: {}
[34.681206] (-) TimerEvent: {}
[34.782526] (-) TimerEvent: {}
[34.867495] (sllidar_ros2) StdoutLine: {'line': b'[ 30%] \x1b[32mBuilding CXX object CMakeFiles/sllidar_node.dir/sdk/src/dataunpacker/dataunpacker.cpp.o\x1b[0m\n'}
[34.871801] (sllidar_ros2) StdoutLine: {'line': b'[ 30%] \x1b[32mBuilding CXX object CMakeFiles/sllidar_node.dir/sdk/src/arch/linux/timer.cpp.o\x1b[0m\n'}
[34.882793] (-) TimerEvent: {}
[34.983878] (-) TimerEvent: {}
[35.086611] (-) TimerEvent: {}
[35.187820] (-) TimerEvent: {}
[35.289064] (-) TimerEvent: {}
[35.390373] (-) TimerEvent: {}
[35.491530] (-) TimerEvent: {}
[35.592658] (-) TimerEvent: {}
[35.693793] (-) TimerEvent: {}
[35.794861] (-) TimerEvent: {}
[35.896080] (-) TimerEvent: {}
[35.997325] (-) TimerEvent: {}
[36.098810] (-) TimerEvent: {}
[36.200017] (-) TimerEvent: {}
[36.301827] (-) TimerEvent: {}
[36.403692] (-) TimerEvent: {}
[36.505323] (-) TimerEvent: {}
[36.606634] (-) TimerEvent: {}
[36.708163] (-) TimerEvent: {}
[36.809446] (-) TimerEvent: {}
[36.911844] (-) TimerEvent: {}
[37.014118] (-) TimerEvent: {}
[37.116692] (-) TimerEvent: {}
[37.219165] (-) TimerEvent: {}
[37.321915] (-) TimerEvent: {}
[37.425151] (-) TimerEvent: {}
[37.529072] (-) TimerEvent: {}
[37.632212] (-) TimerEvent: {}
[37.733675] (-) TimerEvent: {}
[37.835188] (-) TimerEvent: {}
[37.937118] (-) TimerEvent: {}
[38.038893] (-) TimerEvent: {}
[38.142365] (-) TimerEvent: {}
[38.244329] (-) TimerEvent: {}
[38.346520] (-) TimerEvent: {}
[38.448129] (-) TimerEvent: {}
[38.550332] (-) TimerEvent: {}
[38.653561] (-) TimerEvent: {}
[38.756898] (-) TimerEvent: {}
[38.858817] (-) TimerEvent: {}
[38.961099] (-) TimerEvent: {}
[39.063683] (-) TimerEvent: {}
[39.168252] (-) TimerEvent: {}
[39.270324] (-) TimerEvent: {}
[39.372134] (-) TimerEvent: {}
[39.475003] (-) TimerEvent: {}
[39.578363] (-) TimerEvent: {}
[39.681721] (-) TimerEvent: {}
[39.784909] (-) TimerEvent: {}
[39.888410] (-) TimerEvent: {}
[39.991685] (-) TimerEvent: {}
[40.094699] (-) TimerEvent: {}
[40.197910] (-) TimerEvent: {}
[40.299221] (-) TimerEvent: {}
[40.400651] (-) TimerEvent: {}
[40.502847] (-) TimerEvent: {}
[40.605010] (-) TimerEvent: {}
[40.707044] (-) TimerEvent: {}
[40.798729] (sllidar_ros2) StderrLine: {'line': b'In file included from \x1b[01m\x1b[K/home/arno/RoombaV2Onboard/src/sllidar_ros2/./sdk/include/rplidar_protocol.h:36\x1b[m\x1b[K,\n'}
[40.983828] (-) TimerEvent: {}
[40.988025] (sllidar_ros2) StderrLine: {'line': b'                 from \x1b[01m\x1b[K/home/arno/RoombaV2Onboard/src/sllidar_ros2/./sdk/include/rplidar.h:39\x1b[m\x1b[K,\n'}
[40.990104] (sllidar_ros2) StderrLine: {'line': b'                 from \x1b[01m\x1b[K/home/arno/RoombaV2Onboard/src/sllidar_ros2/./sdk/src/sdkcommon.h:49\x1b[m\x1b[K,\n'}
[40.992041] (sllidar_ros2) StderrLine: {'line': b'                 from \x1b[01m\x1b[K/home/arno/RoombaV2Onboard/src/sllidar_ros2/sdk/src/dataunpacker/dataunnpacker_commondef.h:41\x1b[m\x1b[K,\n'}
[40.994006] (sllidar_ros2) StderrLine: {'line': b'                 from \x1b[01m\x1b[K/home/arno/RoombaV2Onboard/src/sllidar_ros2/sdk/src/dataunpacker/dataunpacker.cpp:39\x1b[m\x1b[K:\n'}
[40.995621] (sllidar_ros2) StderrLine: {'line': b'\x1b[01m\x1b[K/home/arno/RoombaV2Onboard/src/sllidar_ros2/./sdk/include/sl_lidar_protocol.h:66:16:\x1b[m\x1b[K \x1b[01;35m\x1b[Kwarning: \x1b[m\x1b[KISO C++ forbids zero-size array \xe2\x80\x98\x1b[01m\x1b[Kdata\x1b[m\x1b[K\xe2\x80\x99 [\x1b[01;35m\x1b[K\x1b]8;;https://gcc.gnu.org/onlinedocs/gcc/Warning-Options.html#index-Wpedantic\x07-Wpedantic\x1b]8;;\x07\x1b[m\x1b[K]\n'}
[41.001635] (sllidar_ros2) StderrLine: {'line': b'   66 |     sl_u8 data[\x1b[01;35m\x1b[K0\x1b[m\x1b[K];\n'}
[41.006162] (sllidar_ros2) StderrLine: {'line': b'      |                \x1b[01;35m\x1b[K^\x1b[m\x1b[K\n'}
[41.008114] (sllidar_ros2) StderrLine: {'line': b'In file included from \x1b[01m\x1b[K/home/arno/RoombaV2Onboard/src/sllidar_ros2/./sdk/include/rplidar_cmd.h:36\x1b[m\x1b[K,\n'}
[41.010164] (sllidar_ros2) StderrLine: {'line': b'                 from \x1b[01m\x1b[K/home/arno/RoombaV2Onboard/src/sllidar_ros2/./sdk/include/rplidar.h:40\x1b[m\x1b[K,\n'}
[41.014669] (sllidar_ros2) StderrLine: {'line': b'                 from \x1b[01m\x1b[K/home/arno/RoombaV2Onboard/src/sllidar_ros2/./sdk/src/sdkcommon.h:49\x1b[m\x1b[K,\n'}
[41.016499] (sllidar_ros2) StderrLine: {'line': b'                 from \x1b[01m\x1b[K/home/arno/RoombaV2Onboard/src/sllidar_ros2/sdk/src/dataunpacker/dataunnpacker_commondef.h:41\x1b[m\x1b[K,\n'}
[41.043644] (sllidar_ros2) StderrLine: {'line': b'                 from \x1b[01m\x1b[K/home/arno/RoombaV2Onboard/src/sllidar_ros2/sdk/src/dataunpacker/dataunpacker.cpp:39\x1b[m\x1b[K:\n'}
[41.045569] (sllidar_ros2) StderrLine: {'line': b'\x1b[01m\x1b[K/home/arno/RoombaV2Onboard/src/sllidar_ros2/./sdk/include/sl_lidar_cmd.h:324:20:\x1b[m\x1b[K \x1b[01;35m\x1b[Kwarning: \x1b[m\x1b[KISO C++ forbids zero-size array \xe2\x80\x98\x1b[01m\x1b[Kpayload\x1b[m\x1b[K\xe2\x80\x99 [\x1b[01;35m\x1b[K\x1b]8;;https://gcc.gnu.org/onlinedocs/gcc/Warning-Options.html#index-Wpedantic\x07-Wpedantic\x1b]8;;\x07\x1b[m\x1b[K]\n'}
[41.047316] (sllidar_ros2) StderrLine: {'line': b'  324 |     sl_u8  payload[\x1b[01;35m\x1b[K0\x1b[m\x1b[K];\n'}
[41.049096] (sllidar_ros2) StderrLine: {'line': b'      |                    \x1b[01;35m\x1b[K^\x1b[m\x1b[K\n'}
[41.084307] (-) TimerEvent: {}
[41.190964] (-) TimerEvent: {}
[41.294658] (-) TimerEvent: {}
[41.318345] (sllidar_ros2) StdoutLine: {'line': b'[ 35%] \x1b[32mBuilding CXX object CMakeFiles/sllidar_node.dir/sdk/src/dataunpacker/unpacker/handler_capsules.cpp.o\x1b[0m\n'}
[41.395066] (-) TimerEvent: {}
[41.497016] (-) TimerEvent: {}
[41.598734] (-) TimerEvent: {}
[41.700427] (-) TimerEvent: {}
[41.802599] (-) TimerEvent: {}
[41.904672] (-) TimerEvent: {}
[42.007085] (-) TimerEvent: {}
[42.109177] (-) TimerEvent: {}
[42.211081] (-) TimerEvent: {}
[42.312604] (-) TimerEvent: {}
[42.416550] (-) TimerEvent: {}
[42.520171] (-) TimerEvent: {}
[42.624098] (-) TimerEvent: {}
[42.726005] (-) TimerEvent: {}
[43.356447] (sllidar_ros2) StderrLine: {'line': b'In file included from \x1b[01m\x1b[K/home/arno/RoombaV2Onboard/src/sllidar_ros2/sdk/src/dataunpacker/dataunpacker.cpp:40\x1b[m\x1b[K:\n'}
[43.359166] (-) TimerEvent: {}
[43.362647] (sllidar_ros2) StderrLine: {'line': b'\x1b[01m\x1b[K/home/arno/RoombaV2Onboard/src/sllidar_ros2/sdk/src/dataunpacker/dataunpacker.h:\x1b[m\x1b[K In member function \xe2\x80\x98\x1b[01m\x1b[Kvirtual void sl::internal::LIDARSampleDataListener::onCustomSampleDataDecoded(_u8, _u32, const void*, size_t)\x1b[m\x1b[K\xe2\x80\x99:\n'}
[43.367240] (sllidar_ros2) StderrLine: {'line': b'\x1b[01m\x1b[K/home/arno/RoombaV2Onboard/src/sllidar_ros2/sdk/src/dataunpacker/dataunpacker.h:54:52:\x1b[m\x1b[K \x1b[01;35m\x1b[Kwarning: \x1b[m\x1b[Kunused parameter \xe2\x80\x98\x1b[01m\x1b[KansType\x1b[m\x1b[K\xe2\x80\x99 [\x1b[01;35m\x1b[K\x1b]8;;https://gcc.gnu.org/onlinedocs/gcc/Warning-Options.html#index-Wunused-parameter\x07-Wunused-parameter\x1b]8;;\x07\x1b[m\x1b[K]\n'}
[43.369770] (sllidar_ros2) StderrLine: {'line': b'   54 |         virtual void onCustomSampleDataDecoded(\x1b[01;35m\x1b[K_u8 ansType\x1b[m\x1b[K, _u32 customCode, const void* data, size_t size) {}\n'}
[43.372018] (sllidar_ros2) StderrLine: {'line': b'      |                                                \x1b[01;35m\x1b[K~~~~^~~~~~~\x1b[m\x1b[K\n'}
[43.386092] (sllidar_ros2) StderrLine: {'line': b'\x1b[01m\x1b[K/home/arno/RoombaV2Onboard/src/sllidar_ros2/sdk/src/dataunpacker/dataunpacker.h:54:66:\x1b[m\x1b[K \x1b[01;35m\x1b[Kwarning: \x1b[m\x1b[Kunused parameter \xe2\x80\x98\x1b[01m\x1b[KcustomCode\x1b[m\x1b[K\xe2\x80\x99 [\x1b[01;35m\x1b[K\x1b]8;;https://gcc.gnu.org/onlinedocs/gcc/Warning-Options.html#index-Wunused-parameter\x07-Wunused-parameter\x1b]8;;\x07\x1b[m\x1b[K]\n'}
[43.387641] (sllidar_ros2) StderrLine: {'line': b'   54 |         virtual void onCustomSampleDataDecoded(_u8 ansType, \x1b[01;35m\x1b[K_u32 customCode\x1b[m\x1b[K, const void* data, size_t size) {}\n'}
[43.389927] (sllidar_ros2) StderrLine: {'line': b'      |                                                             \x1b[01;35m\x1b[K~~~~~^~~~~~~~~~\x1b[m\x1b[K\n'}
[43.394954] (sllidar_ros2) StderrLine: {'line': b'\x1b[01m\x1b[K/home/arno/RoombaV2Onboard/src/sllidar_ros2/sdk/src/dataunpacker/dataunpacker.h:54:90:\x1b[m\x1b[K \x1b[01;35m\x1b[Kwarning: \x1b[m\x1b[Kunused parameter \xe2\x80\x98\x1b[01m\x1b[Kdata\x1b[m\x1b[K\xe2\x80\x99 [\x1b[01;35m\x1b[K\x1b]8;;https://gcc.gnu.org/onlinedocs/gcc/Warning-Options.html#index-Wunused-parameter\x07-Wunused-parameter\x1b]8;;\x07\x1b[m\x1b[K]\n'}
[43.396573] (sllidar_ros2) StderrLine: {'line': b'   54 |         virtual void onCustomSampleDataDecoded(_u8 ansType, _u32 customCode, \x1b[01;35m\x1b[Kconst void* data\x1b[m\x1b[K, size_t size) {}\n'}
[43.408722] (sllidar_ros2) StderrLine: {'line': b'      |                                                                              \x1b[01;35m\x1b[K~~~~~~~~~~~~^~~~\x1b[m\x1b[K\n'}
[43.410893] (sllidar_ros2) StderrLine: {'line': b'\x1b[01m\x1b[K/home/arno/RoombaV2Onboard/src/sllidar_ros2/sdk/src/dataunpacker/dataunpacker.h:54:103:\x1b[m\x1b[K \x1b[01;35m\x1b[Kwarning: \x1b[m\x1b[Kunused parameter \xe2\x80\x98\x1b[01m\x1b[Ksize\x1b[m\x1b[K\xe2\x80\x99 [\x1b[01;35m\x1b[K\x1b]8;;https://gcc.gnu.org/onlinedocs/gcc/Warning-Options.html#index-Wunused-parameter\x07-Wunused-parameter\x1b]8;;\x07\x1b[m\x1b[K]\n'}
[43.413064] (sllidar_ros2) StderrLine: {'line': b'   54 |         virtual void onCustomSampleDataDecoded(_u8 ansType, _u32 customCode, const void* data, \x1b[01;35m\x1b[Ksize_t size\x1b[m\x1b[K) {}\n'}
[43.415115] (sllidar_ros2) StderrLine: {'line': b'      |                                                                                                \x1b[01;35m\x1b[K~~~~~~~^~~~\x1b[m\x1b[K\n'}
[43.417220] (sllidar_ros2) StderrLine: {'line': b'\x1b[01m\x1b[K/home/arno/RoombaV2Onboard/src/sllidar_ros2/sdk/src/dataunpacker/dataunpacker.h:\x1b[m\x1b[K In member function \xe2\x80\x98\x1b[01m\x1b[Kvirtual void sl::internal::LIDARSampleDataListener::onDecodingError(int, _u8, const void*, size_t)\x1b[m\x1b[K\xe2\x80\x99:\n'}
[43.418962] (sllidar_ros2) StderrLine: {'line': b'\x1b[01m\x1b[K/home/arno/RoombaV2Onboard/src/sllidar_ros2/sdk/src/dataunpacker/dataunpacker.h:56:42:\x1b[m\x1b[K \x1b[01;35m\x1b[Kwarning: \x1b[m\x1b[Kunused parameter \xe2\x80\x98\x1b[01m\x1b[KerrMsg\x1b[m\x1b[K\xe2\x80\x99 [\x1b[01;35m\x1b[K\x1b]8;;https://gcc.gnu.org/onlinedocs/gcc/Warning-Options.html#index-Wunused-parameter\x07-Wunused-parameter\x1b]8;;\x07\x1b[m\x1b[K]\n'}
[43.427194] (sllidar_ros2) StderrLine: {'line': b'   56 |         virtual void onDecodingError(\x1b[01;35m\x1b[Kint errMsg\x1b[m\x1b[K, _u8 ansType, const void* payload, size_t size) {}\n'}
[43.435144] (sllidar_ros2) StderrLine: {'line': b'      |                                      \x1b[01;35m\x1b[K~~~~^~~~~~\x1b[m\x1b[K\n'}
[43.437128] (sllidar_ros2) StderrLine: {'line': b'\x1b[01m\x1b[K/home/arno/RoombaV2Onboard/src/sllidar_ros2/sdk/src/dataunpacker/dataunpacker.h:56:54:\x1b[m\x1b[K \x1b[01;35m\x1b[Kwarning: \x1b[m\x1b[Kunused parameter \xe2\x80\x98\x1b[01m\x1b[KansType\x1b[m\x1b[K\xe2\x80\x99 [\x1b[01;35m\x1b[K\x1b]8;;https://gcc.gnu.org/onlinedocs/gcc/Warning-Options.html#index-Wunused-parameter\x07-Wunused-parameter\x1b]8;;\x07\x1b[m\x1b[K]\n'}
[43.439188] (sllidar_ros2) StderrLine: {'line': b'   56 |         virtual void onDecodingError(int errMsg, \x1b[01;35m\x1b[K_u8 ansType\x1b[m\x1b[K, const void* payload, size_t size) {}\n'}
[43.441151] (sllidar_ros2) StderrLine: {'line': b'      |                                                  \x1b[01;35m\x1b[K~~~~^~~~~~~\x1b[m\x1b[K\n'}
[43.443056] (sllidar_ros2) StderrLine: {'line': b'\x1b[01m\x1b[K/home/arno/RoombaV2Onboard/src/sllidar_ros2/sdk/src/dataunpacker/dataunpacker.h:56:75:\x1b[m\x1b[K \x1b[01;35m\x1b[Kwarning: \x1b[m\x1b[Kunused parameter \xe2\x80\x98\x1b[01m\x1b[Kpayload\x1b[m\x1b[K\xe2\x80\x99 [\x1b[01;35m\x1b[K\x1b]8;;https://gcc.gnu.org/onlinedocs/gcc/Warning-Options.html#index-Wunused-parameter\x07-Wunused-parameter\x1b]8;;\x07\x1b[m\x1b[K]\n'}
[43.444703] (sllidar_ros2) StderrLine: {'line': b'   56 |         virtual void onDecodingError(int errMsg, _u8 ansType, \x1b[01;35m\x1b[Kconst void* payload\x1b[m\x1b[K, size_t size) {}\n'}
[43.464318] (-) TimerEvent: {}
[43.465619] (sllidar_ros2) StderrLine: {'line': b'      |                                                               \x1b[01;35m\x1b[K~~~~~~~~~~~~^~~~~~~\x1b[m\x1b[K\n'}
[43.466926] (sllidar_ros2) StderrLine: {'line': b'\x1b[01m\x1b[K/home/arno/RoombaV2Onboard/src/sllidar_ros2/sdk/src/dataunpacker/dataunpacker.h:56:91:\x1b[m\x1b[K \x1b[01;35m\x1b[Kwarning: \x1b[m\x1b[Kunused parameter \xe2\x80\x98\x1b[01m\x1b[Ksize\x1b[m\x1b[K\xe2\x80\x99 [\x1b[01;35m\x1b[K\x1b]8;;https://gcc.gnu.org/onlinedocs/gcc/Warning-Options.html#index-Wunused-parameter\x07-Wunused-parameter\x1b]8;;\x07\x1b[m\x1b[K]\n'}
[43.469689] (sllidar_ros2) StderrLine: {'line': b'   56 |         virtual void onDecodingError(int errMsg, _u8 ansType, const void* payload, \x1b[01;35m\x1b[Ksize_t size\x1b[m\x1b[K) {}\n'}
[43.470818] (sllidar_ros2) StderrLine: {'line': b'      |                                                                                    \x1b[01;35m\x1b[K~~~~~~~^~~~\x1b[m\x1b[K\n'}
[43.564730] (-) TimerEvent: {}
[43.667527] (-) TimerEvent: {}
[43.770709] (-) TimerEvent: {}
[43.873697] (-) TimerEvent: {}
[43.976910] (-) TimerEvent: {}
[44.078305] (-) TimerEvent: {}
[44.179618] (-) TimerEvent: {}
[44.281516] (-) TimerEvent: {}
[44.383245] (-) TimerEvent: {}
[44.486445] (-) TimerEvent: {}
[44.589203] (-) TimerEvent: {}
[44.691017] (-) TimerEvent: {}
[44.792506] (-) TimerEvent: {}
[44.893769] (-) TimerEvent: {}
[44.995001] (-) TimerEvent: {}
[45.096491] (-) TimerEvent: {}
[45.198501] (-) TimerEvent: {}
[45.300245] (-) TimerEvent: {}
[45.401486] (-) TimerEvent: {}
[45.502952] (-) TimerEvent: {}
[45.604539] (-) TimerEvent: {}
[45.706271] (-) TimerEvent: {}
[45.808642] (-) TimerEvent: {}
[45.910367] (-) TimerEvent: {}
[46.011894] (-) TimerEvent: {}
[46.113974] (-) TimerEvent: {}
[46.215778] (-) TimerEvent: {}
[46.317301] (-) TimerEvent: {}
[46.421137] (-) TimerEvent: {}
[46.523142] (-) TimerEvent: {}
[46.624872] (-) TimerEvent: {}
[46.735450] (-) TimerEvent: {}
[46.855198] (-) TimerEvent: {}
[46.957438] (-) TimerEvent: {}
[47.059297] (-) TimerEvent: {}
[47.161141] (-) TimerEvent: {}
[47.265827] (-) TimerEvent: {}
[47.369250] (-) TimerEvent: {}
[47.472925] (-) TimerEvent: {}
[47.576084] (-) TimerEvent: {}
[47.679353] (-) TimerEvent: {}
[47.782310] (-) TimerEvent: {}
[47.884028] (-) TimerEvent: {}
[47.895543] (sllidar_ros2) StdoutLine: {'line': b'[ 40%] \x1b[32mBuilding CXX object CMakeFiles/sllidar_node.dir/sdk/src/dataunpacker/unpacker/handler_hqnode.cpp.o\x1b[0m\n'}
[47.984852] (-) TimerEvent: {}
[48.086755] (-) TimerEvent: {}
[48.188838] (-) TimerEvent: {}
[48.292091] (-) TimerEvent: {}
[48.395758] (-) TimerEvent: {}
[48.498963] (-) TimerEvent: {}
[48.602809] (-) TimerEvent: {}
[48.706541] (-) TimerEvent: {}
[48.810503] (-) TimerEvent: {}
[48.913654] (-) TimerEvent: {}
[49.015624] (-) TimerEvent: {}
[49.117715] (-) TimerEvent: {}
[49.220425] (-) TimerEvent: {}
[49.322313] (-) TimerEvent: {}
[49.424352] (-) TimerEvent: {}
[49.526552] (-) TimerEvent: {}
[49.629199] (-) TimerEvent: {}
[49.732701] (-) TimerEvent: {}
[49.836785] (-) TimerEvent: {}
[49.939779] (-) TimerEvent: {}
[50.041244] (-) TimerEvent: {}
[50.142863] (-) TimerEvent: {}
[50.244410] (-) TimerEvent: {}
[50.346132] (-) TimerEvent: {}
[50.447784] (-) TimerEvent: {}
[50.550407] (-) TimerEvent: {}
[50.652088] (-) TimerEvent: {}
[50.753795] (-) TimerEvent: {}
[50.855628] (-) TimerEvent: {}
[50.957283] (-) TimerEvent: {}
[51.059011] (-) TimerEvent: {}
[51.160549] (-) TimerEvent: {}
[51.262374] (-) TimerEvent: {}
[51.364192] (-) TimerEvent: {}
[51.465405] (-) TimerEvent: {}
[51.566626] (-) TimerEvent: {}
[51.668194] (-) TimerEvent: {}
[51.769835] (-) TimerEvent: {}
[51.871528] (-) TimerEvent: {}
[51.973291] (-) TimerEvent: {}
[52.074941] (-) TimerEvent: {}
[52.176572] (-) TimerEvent: {}
[52.253443] (sllidar_ros2) StderrLine: {'line': b'In file included from \x1b[01m\x1b[K/home/arno/RoombaV2Onboard/src/sllidar_ros2/./sdk/include/rplidar_protocol.h:36\x1b[m\x1b[K,\n'}
[52.260208] (sllidar_ros2) StderrLine: {'line': b'                 from \x1b[01m\x1b[K/home/arno/RoombaV2Onboard/src/sllidar_ros2/./sdk/include/rplidar.h:39\x1b[m\x1b[K,\n'}
[52.261867] (sllidar_ros2) StderrLine: {'line': b'                 from \x1b[01m\x1b[K/home/arno/RoombaV2Onboard/src/sllidar_ros2/./sdk/src/sdkcommon.h:49\x1b[m\x1b[K,\n'}
[52.263517] (sllidar_ros2) StderrLine: {'line': b'                 from \x1b[01m\x1b[K/home/arno/RoombaV2Onboard/src/sllidar_ros2/sdk/src/dataunpacker/unpacker/../dataunnpacker_commondef.h:41\x1b[m\x1b[K,\n'}
[52.271287] (sllidar_ros2) StderrLine: {'line': b'                 from \x1b[01m\x1b[K/home/arno/RoombaV2Onboard/src/sllidar_ros2/sdk/src/dataunpacker/unpacker/handler_capsules.cpp:39\x1b[m\x1b[K:\n'}
[52.273113] (sllidar_ros2) StderrLine: {'line': b'\x1b[01m\x1b[K/home/arno/RoombaV2Onboard/src/sllidar_ros2/./sdk/include/sl_lidar_protocol.h:66:16:\x1b[m\x1b[K \x1b[01;35m\x1b[Kwarning: \x1b[m\x1b[KISO C++ forbids zero-size array \xe2\x80\x98\x1b[01m\x1b[Kdata\x1b[m\x1b[K\xe2\x80\x99 [\x1b[01;35m\x1b[K\x1b]8;;https://gcc.gnu.org/onlinedocs/gcc/Warning-Options.html#index-Wpedantic\x07-Wpedantic\x1b]8;;\x07\x1b[m\x1b[K]\n'}
[52.274890] (sllidar_ros2) StderrLine: {'line': b'   66 |     sl_u8 data[\x1b[01;35m\x1b[K0\x1b[m\x1b[K];\n'}
[52.276556] (sllidar_ros2) StderrLine: {'line': b'      |                \x1b[01;35m\x1b[K^\x1b[m\x1b[K\n'}
[52.278389] (-) TimerEvent: {}
[52.288192] (sllidar_ros2) StderrLine: {'line': b'In file included from \x1b[01m\x1b[K/home/arno/RoombaV2Onboard/src/sllidar_ros2/./sdk/include/rplidar_cmd.h:36\x1b[m\x1b[K,\n'}
[52.291897] (sllidar_ros2) StderrLine: {'line': b'                 from \x1b[01m\x1b[K/home/arno/RoombaV2Onboard/src/sllidar_ros2/./sdk/include/rplidar.h:40\x1b[m\x1b[K,\n'}
[52.294831] (sllidar_ros2) StderrLine: {'line': b'                 from \x1b[01m\x1b[K/home/arno/RoombaV2Onboard/src/sllidar_ros2/./sdk/src/sdkcommon.h:49\x1b[m\x1b[K,\n'}
[52.297952] (sllidar_ros2) StderrLine: {'line': b'                 from \x1b[01m\x1b[K/home/arno/RoombaV2Onboard/src/sllidar_ros2/sdk/src/dataunpacker/unpacker/../dataunnpacker_commondef.h:41\x1b[m\x1b[K,\n'}
[52.299507] (sllidar_ros2) StderrLine: {'line': b'                 from \x1b[01m\x1b[K/home/arno/RoombaV2Onboard/src/sllidar_ros2/sdk/src/dataunpacker/unpacker/handler_capsules.cpp:39\x1b[m\x1b[K:\n'}
[52.301142] (sllidar_ros2) StderrLine: {'line': b'\x1b[01m\x1b[K/home/arno/RoombaV2Onboard/src/sllidar_ros2/./sdk/include/sl_lidar_cmd.h:324:20:\x1b[m\x1b[K \x1b[01;35m\x1b[Kwarning: \x1b[m\x1b[KISO C++ forbids zero-size array \xe2\x80\x98\x1b[01m\x1b[Kpayload\x1b[m\x1b[K\xe2\x80\x99 [\x1b[01;35m\x1b[K\x1b]8;;https://gcc.gnu.org/onlinedocs/gcc/Warning-Options.html#index-Wpedantic\x07-Wpedantic\x1b]8;;\x07\x1b[m\x1b[K]\n'}
[52.302627] (sllidar_ros2) StderrLine: {'line': b'  324 |     sl_u8  payload[\x1b[01;35m\x1b[K0\x1b[m\x1b[K];\n'}
[52.304002] (sllidar_ros2) StderrLine: {'line': b'      |                    \x1b[01;35m\x1b[K^\x1b[m\x1b[K\n'}
[52.378807] (-) TimerEvent: {}
[52.482874] (-) TimerEvent: {}
[52.585958] (-) TimerEvent: {}
[52.689581] (-) TimerEvent: {}
[52.792571] (-) TimerEvent: {}
[52.895348] (-) TimerEvent: {}
[53.666134] (-) TimerEvent: {}
[53.768266] (-) TimerEvent: {}
[53.869975] (-) TimerEvent: {}
[53.971562] (-) TimerEvent: {}
[54.073353] (-) TimerEvent: {}
[54.175065] (-) TimerEvent: {}
[54.276881] (-) TimerEvent: {}
[54.378398] (-) TimerEvent: {}
[54.479966] (-) TimerEvent: {}
[54.581581] (-) TimerEvent: {}
[54.683167] (-) TimerEvent: {}
[54.784728] (-) TimerEvent: {}
[54.886463] (-) TimerEvent: {}
[54.988041] (-) TimerEvent: {}
[55.089746] (-) TimerEvent: {}
[55.190993] (-) TimerEvent: {}
[55.292723] (-) TimerEvent: {}
[55.394378] (-) TimerEvent: {}
[55.496117] (-) TimerEvent: {}
[55.597630] (-) TimerEvent: {}
[55.699351] (-) TimerEvent: {}
[55.801057] (-) TimerEvent: {}
[55.902990] (-) TimerEvent: {}
[56.004592] (-) TimerEvent: {}
[56.106689] (-) TimerEvent: {}
[56.208521] (-) TimerEvent: {}
[56.310423] (-) TimerEvent: {}
[56.412464] (-) TimerEvent: {}
[56.514616] (-) TimerEvent: {}
[56.616442] (-) TimerEvent: {}
[56.629010] (sllidar_ros2) StderrLine: {'line': b'In file included from \x1b[01m\x1b[K/home/arno/RoombaV2Onboard/src/sllidar_ros2/sdk/src/dataunpacker/unpacker/handler_capsules.cpp:40\x1b[m\x1b[K:\n'}
[56.631913] (sllidar_ros2) StderrLine: {'line': b'\x1b[01m\x1b[K/home/arno/RoombaV2Onboard/src/sllidar_ros2/sdk/src/dataunpacker/unpacker/../dataunpacker.h:\x1b[m\x1b[K In member function \xe2\x80\x98\x1b[01m\x1b[Kvirtual void sl::internal::LIDARSampleDataListener::onCustomSampleDataDecoded(_u8, _u32, const void*, size_t)\x1b[m\x1b[K\xe2\x80\x99:\n'}
[56.637142] (sllidar_ros2) StderrLine: {'line': b'\x1b[01m\x1b[K/home/arno/RoombaV2Onboard/src/sllidar_ros2/sdk/src/dataunpacker/unpacker/../dataunpacker.h:54:52:\x1b[m\x1b[K \x1b[01;35m\x1b[Kwarning: \x1b[m\x1b[Kunused parameter \xe2\x80\x98\x1b[01m\x1b[KansType\x1b[m\x1b[K\xe2\x80\x99 [\x1b[01;35m\x1b[K\x1b]8;;https://gcc.gnu.org/onlinedocs/gcc/Warning-Options.html#index-Wunused-parameter\x07-Wunused-parameter\x1b]8;;\x07\x1b[m\x1b[K]\n'}
[56.639111] (sllidar_ros2) StderrLine: {'line': b'   54 |         virtual void onCustomSampleDataDecoded(\x1b[01;35m\x1b[K_u8 ansType\x1b[m\x1b[K, _u32 customCode, const void* data, size_t size) {}\n'}
[56.641073] (sllidar_ros2) StderrLine: {'line': b'      |                                                \x1b[01;35m\x1b[K~~~~^~~~~~~\x1b[m\x1b[K\n'}
[56.643010] (sllidar_ros2) StderrLine: {'line': b'\x1b[01m\x1b[K/home/arno/RoombaV2Onboard/src/sllidar_ros2/sdk/src/dataunpacker/unpacker/../dataunpacker.h:54:66:\x1b[m\x1b[K \x1b[01;35m\x1b[Kwarning: \x1b[m\x1b[Kunused parameter \xe2\x80\x98\x1b[01m\x1b[KcustomCode\x1b[m\x1b[K\xe2\x80\x99 [\x1b[01;35m\x1b[K\x1b]8;;https://gcc.gnu.org/onlinedocs/gcc/Warning-Options.html#index-Wunused-parameter\x07-Wunused-parameter\x1b]8;;\x07\x1b[m\x1b[K]\n'}
[56.645074] (sllidar_ros2) StderrLine: {'line': b'   54 |         virtual void onCustomSampleDataDecoded(_u8 ansType, \x1b[01;35m\x1b[K_u32 customCode\x1b[m\x1b[K, const void* data, size_t size) {}\n'}
[56.646982] (sllidar_ros2) StderrLine: {'line': b'      |                                                             \x1b[01;35m\x1b[K~~~~~^~~~~~~~~~\x1b[m\x1b[K\n'}
[56.649609] (sllidar_ros2) StderrLine: {'line': b'\x1b[01m\x1b[K/home/arno/RoombaV2Onboard/src/sllidar_ros2/sdk/src/dataunpacker/unpacker/../dataunpacker.h:54:90:\x1b[m\x1b[K \x1b[01;35m\x1b[Kwarning: \x1b[m\x1b[Kunused parameter \xe2\x80\x98\x1b[01m\x1b[Kdata\x1b[m\x1b[K\xe2\x80\x99 [\x1b[01;35m\x1b[K\x1b]8;;https://gcc.gnu.org/onlinedocs/gcc/Warning-Options.html#index-Wunused-parameter\x07-Wunused-parameter\x1b]8;;\x07\x1b[m\x1b[K]\n'}
[56.654644] (sllidar_ros2) StderrLine: {'line': b'   54 |         virtual void onCustomSampleDataDecoded(_u8 ansType, _u32 customCode, \x1b[01;35m\x1b[Kconst void* data\x1b[m\x1b[K, size_t size) {}\n'}
[56.656357] (sllidar_ros2) StderrLine: {'line': b'      |                                                                              \x1b[01;35m\x1b[K~~~~~~~~~~~~^~~~\x1b[m\x1b[K\n'}
[56.658197] (sllidar_ros2) StderrLine: {'line': b'\x1b[01m\x1b[K/home/arno/RoombaV2Onboard/src/sllidar_ros2/sdk/src/dataunpacker/unpacker/../dataunpacker.h:54:103:\x1b[m\x1b[K \x1b[01;35m\x1b[Kwarning: \x1b[m\x1b[Kunused parameter \xe2\x80\x98\x1b[01m\x1b[Ksize\x1b[m\x1b[K\xe2\x80\x99 [\x1b[01;35m\x1b[K\x1b]8;;https://gcc.gnu.org/onlinedocs/gcc/Warning-Options.html#index-Wunused-parameter\x07-Wunused-parameter\x1b]8;;\x07\x1b[m\x1b[K]\n'}
[56.660182] (sllidar_ros2) StderrLine: {'line': b'   54 |         virtual void onCustomSampleDataDecoded(_u8 ansType, _u32 customCode, const void* data, \x1b[01;35m\x1b[Ksize_t size\x1b[m\x1b[K) {}\n'}
[56.662140] (sllidar_ros2) StderrLine: {'line': b'      |                                                                                                \x1b[01;35m\x1b[K~~~~~~~^~~~\x1b[m\x1b[K\n'}
[56.664448] (sllidar_ros2) StderrLine: {'line': b'\x1b[01m\x1b[K/home/arno/RoombaV2Onboard/src/sllidar_ros2/sdk/src/dataunpacker/unpacker/../dataunpacker.h:\x1b[m\x1b[K In member function \xe2\x80\x98\x1b[01m\x1b[Kvirtual void sl::internal::LIDARSampleDataListener::onDecodingError(int, _u8, const void*, size_t)\x1b[m\x1b[K\xe2\x80\x99:\n'}
[56.666556] (sllidar_ros2) StderrLine: {'line': b'\x1b[01m\x1b[K/home/arno/RoombaV2Onboard/src/sllidar_ros2/sdk/src/dataunpacker/unpacker/../dataunpacker.h:56:42:\x1b[m\x1b[K \x1b[01;35m\x1b[Kwarning: \x1b[m\x1b[Kunused parameter \xe2\x80\x98\x1b[01m\x1b[KerrMsg\x1b[m\x1b[K\xe2\x80\x99 [\x1b[01;35m\x1b[K\x1b]8;;https://gcc.gnu.org/onlinedocs/gcc/Warning-Options.html#index-Wunused-parameter\x07-Wunused-parameter\x1b]8;;\x07\x1b[m\x1b[K]\n'}
[56.669402] (sllidar_ros2) StderrLine: {'line': b'   56 |         virtual void onDecodingError(\x1b[01;35m\x1b[Kint errMsg\x1b[m\x1b[K, _u8 ansType, const void* payload, size_t size) {}\n'}
[56.671877] (sllidar_ros2) StderrLine: {'line': b'      |                                      \x1b[01;35m\x1b[K~~~~^~~~~~\x1b[m\x1b[K\n'}
[56.676642] (sllidar_ros2) StderrLine: {'line': b'\x1b[01m\x1b[K/home/arno/RoombaV2Onboard/src/sllidar_ros2/sdk/src/dataunpacker/unpacker/../dataunpacker.h:56:54:\x1b[m\x1b[K \x1b[01;35m\x1b[Kwarning: \x1b[m\x1b[Kunused parameter \xe2\x80\x98\x1b[01m\x1b[KansType\x1b[m\x1b[K\xe2\x80\x99 [\x1b[01;35m\x1b[K\x1b]8;;https://gcc.gnu.org/onlinedocs/gcc/Warning-Options.html#index-Wunused-parameter\x07-Wunused-parameter\x1b]8;;\x07\x1b[m\x1b[K]\n'}
[56.685760] (sllidar_ros2) StderrLine: {'line': b'   56 |         virtual void onDecodingError(int errMsg, \x1b[01;35m\x1b[K_u8 ansType\x1b[m\x1b[K, const void* payload, size_t size) {}\n'}
[56.689686] (sllidar_ros2) StderrLine: {'line': b'      |                                                  \x1b[01;35m\x1b[K~~~~^~~~~~~\x1b[m\x1b[K\n'}
[56.691629] (sllidar_ros2) StderrLine: {'line': b'\x1b[01m\x1b[K/home/arno/RoombaV2Onboard/src/sllidar_ros2/sdk/src/dataunpacker/unpacker/../dataunpacker.h:56:75:\x1b[m\x1b[K \x1b[01;35m\x1b[Kwarning: \x1b[m\x1b[Kunused parameter \xe2\x80\x98\x1b[01m\x1b[Kpayload\x1b[m\x1b[K\xe2\x80\x99 [\x1b[01;35m\x1b[K\x1b]8;;https://gcc.gnu.org/onlinedocs/gcc/Warning-Options.html#index-Wunused-parameter\x07-Wunused-parameter\x1b]8;;\x07\x1b[m\x1b[K]\n'}
[56.694008] (sllidar_ros2) StderrLine: {'line': b'   56 |         virtual void onDecodingError(int errMsg, _u8 ansType, \x1b[01;35m\x1b[Kconst void* payload\x1b[m\x1b[K, size_t size) {}\n'}
[56.697606] (sllidar_ros2) StderrLine: {'line': b'      |                                                               \x1b[01;35m\x1b[K~~~~~~~~~~~~^~~~~~~\x1b[m\x1b[K\n'}
[56.699194] (sllidar_ros2) StderrLine: {'line': b'\x1b[01m\x1b[K/home/arno/RoombaV2Onboard/src/sllidar_ros2/sdk/src/dataunpacker/unpacker/../dataunpacker.h:56:91:\x1b[m\x1b[K \x1b[01;35m\x1b[Kwarning: \x1b[m\x1b[Kunused parameter \xe2\x80\x98\x1b[01m\x1b[Ksize\x1b[m\x1b[K\xe2\x80\x99 [\x1b[01;35m\x1b[K\x1b]8;;https://gcc.gnu.org/onlinedocs/gcc/Warning-Options.html#index-Wunused-parameter\x07-Wunused-parameter\x1b]8;;\x07\x1b[m\x1b[K]\n'}
[56.701242] (sllidar_ros2) StderrLine: {'line': b'   56 |         virtual void onDecodingError(int errMsg, _u8 ansType, const void* payload, \x1b[01;35m\x1b[Ksize_t size\x1b[m\x1b[K) {}\n'}
[56.703287] (sllidar_ros2) StderrLine: {'line': b'      |                                                                                    \x1b[01;35m\x1b[K~~~~~~~^~~~\x1b[m\x1b[K\n'}
[56.717044] (-) TimerEvent: {}
[56.753244] (sllidar_ros2) StderrLine: {'line': b'\x1b[01m\x1b[K/home/arno/RoombaV2Onboard/src/sllidar_ros2/sdk/src/dataunpacker/unpacker/handler_capsules.cpp:\x1b[m\x1b[K In member function \xe2\x80\x98\x1b[01m\x1b[Kvoid sl::internal::unpacker::UnpackerHandler_DenseCapsuleNode::_onScanNodeDenseCapsuleData(rplidar_response_dense_capsule_measurement_nodes_t&, sl::internal::LIDARSampleDataUnpackerInner*)\x1b[m\x1b[K\xe2\x80\x99:\n'}
[56.755275] (sllidar_ros2) StderrLine: {'line': b'\x1b[01m\x1b[K/home/arno/RoombaV2Onboard/src/sllidar_ros2/sdk/src/dataunpacker/unpacker/handler_capsules.cpp:763:30:\x1b[m\x1b[K \x1b[01;35m\x1b[Kwarning: \x1b[m\x1b[Ktype qualifiers ignored on cast result type [\x1b[01;35m\x1b[K\x1b]8;;https://gcc.gnu.org/onlinedocs/gcc/Warning-Options.html#index-Wignored-qualifiers\x07-Wignored-qualifiers\x1b]8;;\x07\x1b[m\x1b[K]\n'}
[56.758871] (sllidar_ros2) StderrLine: {'line': b'  763 |             const int dist = \x1b[01;35m\x1b[Kstatic_cast<const int>(_cached_previous_dense_capsuledata.cabins[pos].distance)\x1b[m\x1b[K;\n'}
[56.761864] (sllidar_ros2) StderrLine: {'line': b'      |                              \x1b[01;35m\x1b[K^~~~~~~~~~~~~~~~~~~~~~~~~~~~~~~~~~~~~~~~~~~~~~~~~~~~~~~~~~~~~~~~~~~~~~~~~~~~~~~\x1b[m\x1b[K\n'}
[56.817371] (-) TimerEvent: {}
[56.919622] (-) TimerEvent: {}
[57.021639] (-) TimerEvent: {}
[57.122906] (-) TimerEvent: {}
[57.224187] (-) TimerEvent: {}
[57.325794] (-) TimerEvent: {}
[57.427308] (-) TimerEvent: {}
[57.529062] (-) TimerEvent: {}
[57.632889] (-) TimerEvent: {}
[57.735118] (-) TimerEvent: {}
[57.836572] (-) TimerEvent: {}
[57.938193] (-) TimerEvent: {}
[58.449155] (-) TimerEvent: {}
[58.550504] (-) TimerEvent: {}
[58.653384] (-) TimerEvent: {}
[58.754975] (-) TimerEvent: {}
[58.856415] (-) TimerEvent: {}
[58.958050] (-) TimerEvent: {}
[59.059513] (-) TimerEvent: {}
[59.161039] (-) TimerEvent: {}
[59.264928] (-) TimerEvent: {}
[59.368724] (-) TimerEvent: {}
[59.470462] (-) TimerEvent: {}
[59.573214] (-) TimerEvent: {}
[59.677166] (-) TimerEvent: {}
[59.778852] (-) TimerEvent: {}
[59.881036] (-) TimerEvent: {}
[59.982891] (-) TimerEvent: {}
[60.084247] (-) TimerEvent: {}
[60.186002] (-) TimerEvent: {}
[60.287482] (-) TimerEvent: {}
[60.389389] (-) TimerEvent: {}
[60.490842] (-) TimerEvent: {}
[60.592445] (-) TimerEvent: {}
[60.694069] (-) TimerEvent: {}
[60.795652] (-) TimerEvent: {}
[60.897589] (-) TimerEvent: {}
[60.999162] (-) TimerEvent: {}
[61.100947] (-) TimerEvent: {}
[61.202599] (-) TimerEvent: {}
[61.304462] (-) TimerEvent: {}
[61.406769] (-) TimerEvent: {}
[61.510384] (-) TimerEvent: {}
[61.612937] (-) TimerEvent: {}
[61.714591] (-) TimerEvent: {}
[61.818028] (-) TimerEvent: {}
[61.919750] (-) TimerEvent: {}
[62.021582] (-) TimerEvent: {}
[62.038894] (sllidar_ros2) StderrLine: {'line': b'In file included from \x1b[01m\x1b[K/home/arno/RoombaV2Onboard/src/sllidar_ros2/./sdk/include/rplidar_protocol.h:36\x1b[m\x1b[K,\n'}
[62.045806] (sllidar_ros2) StderrLine: {'line': b'                 from \x1b[01m\x1b[K/home/arno/RoombaV2Onboard/src/sllidar_ros2/./sdk/include/rplidar.h:39\x1b[m\x1b[K,\n'}
[62.047111] (sllidar_ros2) StderrLine: {'line': b'                 from \x1b[01m\x1b[K/home/arno/RoombaV2Onboard/src/sllidar_ros2/./sdk/src/sdkcommon.h:49\x1b[m\x1b[K,\n'}
[62.049148] (sllidar_ros2) StderrLine: {'line': b'                 from \x1b[01m\x1b[K/home/arno/RoombaV2Onboard/src/sllidar_ros2/sdk/src/dataunpacker/unpacker/../dataunnpacker_commondef.h:41\x1b[m\x1b[K,\n'}
[62.050589] (sllidar_ros2) StderrLine: {'line': b'                 from \x1b[01m\x1b[K/home/arno/RoombaV2Onboard/src/sllidar_ros2/sdk/src/dataunpacker/unpacker/handler_hqnode.cpp:39\x1b[m\x1b[K:\n'}
[62.066125] (sllidar_ros2) StderrLine: {'line': b'\x1b[01m\x1b[K/home/arno/RoombaV2Onboard/src/sllidar_ros2/./sdk/include/sl_lidar_protocol.h:66:16:\x1b[m\x1b[K \x1b[01;35m\x1b[Kwarning: \x1b[m\x1b[KISO C++ forbids zero-size array \xe2\x80\x98\x1b[01m\x1b[Kdata\x1b[m\x1b[K\xe2\x80\x99 [\x1b[01;35m\x1b[K\x1b]8;;https://gcc.gnu.org/onlinedocs/gcc/Warning-Options.html#index-Wpedantic\x07-Wpedantic\x1b]8;;\x07\x1b[m\x1b[K]\n'}
[62.067547] (sllidar_ros2) StderrLine: {'line': b'   66 |     sl_u8 data[\x1b[01;35m\x1b[K0\x1b[m\x1b[K];\n'}
[62.068974] (sllidar_ros2) StderrLine: {'line': b'      |                \x1b[01;35m\x1b[K^\x1b[m\x1b[K\n'}
[62.070114] (sllidar_ros2) StderrLine: {'line': b'In file included from \x1b[01m\x1b[K/home/arno/RoombaV2Onboard/src/sllidar_ros2/./sdk/include/rplidar_cmd.h:36\x1b[m\x1b[K,\n'}
[62.071275] (sllidar_ros2) StderrLine: {'line': b'                 from \x1b[01m\x1b[K/home/arno/RoombaV2Onboard/src/sllidar_ros2/./sdk/include/rplidar.h:40\x1b[m\x1b[K,\n'}
[62.072277] (sllidar_ros2) StderrLine: {'line': b'                 from \x1b[01m\x1b[K/home/arno/RoombaV2Onboard/src/sllidar_ros2/./sdk/src/sdkcommon.h:49\x1b[m\x1b[K,\n'}
[62.073594] (sllidar_ros2) StderrLine: {'line': b'                 from \x1b[01m\x1b[K/home/arno/RoombaV2Onboard/src/sllidar_ros2/sdk/src/dataunpacker/unpacker/../dataunnpacker_commondef.h:41\x1b[m\x1b[K,\n'}
[62.076231] (sllidar_ros2) StderrLine: {'line': b'                 from \x1b[01m\x1b[K/home/arno/RoombaV2Onboard/src/sllidar_ros2/sdk/src/dataunpacker/unpacker/handler_hqnode.cpp:39\x1b[m\x1b[K:\n'}
[62.078764] (sllidar_ros2) StderrLine: {'line': b'\x1b[01m\x1b[K/home/arno/RoombaV2Onboard/src/sllidar_ros2/./sdk/include/sl_lidar_cmd.h:324:20:\x1b[m\x1b[K \x1b[01;35m\x1b[Kwarning: \x1b[m\x1b[KISO C++ forbids zero-size array \xe2\x80\x98\x1b[01m\x1b[Kpayload\x1b[m\x1b[K\xe2\x80\x99 [\x1b[01;35m\x1b[K\x1b]8;;https://gcc.gnu.org/onlinedocs/gcc/Warning-Options.html#index-Wpedantic\x07-Wpedantic\x1b]8;;\x07\x1b[m\x1b[K]\n'}
[62.080658] (sllidar_ros2) StderrLine: {'line': b'  324 |     sl_u8  payload[\x1b[01;35m\x1b[K0\x1b[m\x1b[K];\n'}
[62.082478] (sllidar_ros2) StderrLine: {'line': b'      |                    \x1b[01;35m\x1b[K^\x1b[m\x1b[K\n'}
[62.121849] (-) TimerEvent: {}
[62.223459] (-) TimerEvent: {}
[62.325783] (-) TimerEvent: {}
[62.427564] (-) TimerEvent: {}
[62.529417] (-) TimerEvent: {}
[62.631362] (-) TimerEvent: {}
[62.733259] (-) TimerEvent: {}
[62.835792] (-) TimerEvent: {}
[62.937705] (-) TimerEvent: {}
[63.039604] (-) TimerEvent: {}
[63.141091] (-) TimerEvent: {}
[63.206575] (sllidar_ros2) StdoutLine: {'line': b'[ 45%] \x1b[32mBuilding CXX object CMakeFiles/sllidar_node.dir/sdk/src/dataunpacker/unpacker/handler_normalnode.cpp.o\x1b[0m\n'}
[63.250830] (-) TimerEvent: {}
[63.352173] (-) TimerEvent: {}
[63.453742] (-) TimerEvent: {}
[63.555825] (-) TimerEvent: {}
[63.658453] (-) TimerEvent: {}
[63.760548] (-) TimerEvent: {}
[63.864113] (-) TimerEvent: {}
[63.965776] (-) TimerEvent: {}
[64.067418] (-) TimerEvent: {}
[64.118935] (sllidar_ros2) StderrLine: {'line': b'In file included from \x1b[01m\x1b[K/home/arno/RoombaV2Onboard/src/sllidar_ros2/sdk/src/dataunpacker/unpacker/handler_hqnode.cpp:40\x1b[m\x1b[K:\n'}
[64.124531] (sllidar_ros2) StderrLine: {'line': b'\x1b[01m\x1b[K/home/arno/RoombaV2Onboard/src/sllidar_ros2/sdk/src/dataunpacker/unpacker/../dataunpacker.h:\x1b[m\x1b[K In member function \xe2\x80\x98\x1b[01m\x1b[Kvirtual void sl::internal::LIDARSampleDataListener::onCustomSampleDataDecoded(_u8, _u32, const void*, size_t)\x1b[m\x1b[K\xe2\x80\x99:\n'}
[64.127312] (sllidar_ros2) StderrLine: {'line': b'\x1b[01m\x1b[K/home/arno/RoombaV2Onboard/src/sllidar_ros2/sdk/src/dataunpacker/unpacker/../dataunpacker.h:54:52:\x1b[m\x1b[K \x1b[01;35m\x1b[Kwarning: \x1b[m\x1b[Kunused parameter \xe2\x80\x98\x1b[01m\x1b[KansType\x1b[m\x1b[K\xe2\x80\x99 [\x1b[01;35m\x1b[K\x1b]8;;https://gcc.gnu.org/onlinedocs/gcc/Warning-Options.html#index-Wunused-parameter\x07-Wunused-parameter\x1b]8;;\x07\x1b[m\x1b[K]\n'}
[64.129295] (sllidar_ros2) StderrLine: {'line': b'   54 |         virtual void onCustomSampleDataDecoded(\x1b[01;35m\x1b[K_u8 ansType\x1b[m\x1b[K, _u32 customCode, const void* data, size_t size) {}\n'}
[64.130700] (sllidar_ros2) StderrLine: {'line': b'      |                                                \x1b[01;35m\x1b[K~~~~^~~~~~~\x1b[m\x1b[K\n'}
[64.132298] (sllidar_ros2) StderrLine: {'line': b'\x1b[01m\x1b[K/home/arno/RoombaV2Onboard/src/sllidar_ros2/sdk/src/dataunpacker/unpacker/../dataunpacker.h:54:66:\x1b[m\x1b[K \x1b[01;35m\x1b[Kwarning: \x1b[m\x1b[Kunused parameter \xe2\x80\x98\x1b[01m\x1b[KcustomCode\x1b[m\x1b[K\xe2\x80\x99 [\x1b[01;35m\x1b[K\x1b]8;;https://gcc.gnu.org/onlinedocs/gcc/Warning-Options.html#index-Wunused-parameter\x07-Wunused-parameter\x1b]8;;\x07\x1b[m\x1b[K]\n'}
[64.134607] (sllidar_ros2) StderrLine: {'line': b'   54 |         virtual void onCustomSampleDataDecoded(_u8 ansType, \x1b[01;35m\x1b[K_u32 customCode\x1b[m\x1b[K, const void* data, size_t size) {}\n'}
[64.136528] (sllidar_ros2) StderrLine: {'line': b'      |                                                             \x1b[01;35m\x1b[K~~~~~^~~~~~~~~~\x1b[m\x1b[K\n'}
[64.139142] (sllidar_ros2) StderrLine: {'line': b'\x1b[01m\x1b[K/home/arno/RoombaV2Onboard/src/sllidar_ros2/sdk/src/dataunpacker/unpacker/../dataunpacker.h:54:90:\x1b[m\x1b[K \x1b[01;35m\x1b[Kwarning: \x1b[m\x1b[Kunused parameter \xe2\x80\x98\x1b[01m\x1b[Kdata\x1b[m\x1b[K\xe2\x80\x99 [\x1b[01;35m\x1b[K\x1b]8;;https://gcc.gnu.org/onlinedocs/gcc/Warning-Options.html#index-Wunused-parameter\x07-Wunused-parameter\x1b]8;;\x07\x1b[m\x1b[K]\n'}
[64.140704] (sllidar_ros2) StderrLine: {'line': b'   54 |         virtual void onCustomSampleDataDecoded(_u8 ansType, _u32 customCode, \x1b[01;35m\x1b[Kconst void* data\x1b[m\x1b[K, size_t size) {}\n'}
[64.142424] (sllidar_ros2) StderrLine: {'line': b'      |                                                                              \x1b[01;35m\x1b[K~~~~~~~~~~~~^~~~\x1b[m\x1b[K\n'}
[64.143956] (sllidar_ros2) StderrLine: {'line': b'\x1b[01m\x1b[K/home/arno/RoombaV2Onboard/src/sllidar_ros2/sdk/src/dataunpacker/unpacker/../dataunpacker.h:54:103:\x1b[m\x1b[K \x1b[01;35m\x1b[Kwarning: \x1b[m\x1b[Kunused parameter \xe2\x80\x98\x1b[01m\x1b[Ksize\x1b[m\x1b[K\xe2\x80\x99 [\x1b[01;35m\x1b[K\x1b]8;;https://gcc.gnu.org/onlinedocs/gcc/Warning-Options.html#index-Wunused-parameter\x07-Wunused-parameter\x1b]8;;\x07\x1b[m\x1b[K]\n'}
[64.145541] (sllidar_ros2) StderrLine: {'line': b'   54 |         virtual void onCustomSampleDataDecoded(_u8 ansType, _u32 customCode, const void* data, \x1b[01;35m\x1b[Ksize_t size\x1b[m\x1b[K) {}\n'}
[64.148041] (sllidar_ros2) StderrLine: {'line': b'      |                                                                                                \x1b[01;35m\x1b[K~~~~~~~^~~~\x1b[m\x1b[K\n'}
[64.149460] (sllidar_ros2) StderrLine: {'line': b'\x1b[01m\x1b[K/home/arno/RoombaV2Onboard/src/sllidar_ros2/sdk/src/dataunpacker/unpacker/../dataunpacker.h:\x1b[m\x1b[K In member function \xe2\x80\x98\x1b[01m\x1b[Kvirtual void sl::internal::LIDARSampleDataListener::onDecodingError(int, _u8, const void*, size_t)\x1b[m\x1b[K\xe2\x80\x99:\n'}
[64.151572] (sllidar_ros2) StderrLine: {'line': b'\x1b[01m\x1b[K/home/arno/RoombaV2Onboard/src/sllidar_ros2/sdk/src/dataunpacker/unpacker/../dataunpacker.h:56:42:\x1b[m\x1b[K \x1b[01;35m\x1b[Kwarning: \x1b[m\x1b[Kunused parameter \xe2\x80\x98\x1b[01m\x1b[KerrMsg\x1b[m\x1b[K\xe2\x80\x99 [\x1b[01;35m\x1b[K\x1b]8;;https://gcc.gnu.org/onlinedocs/gcc/Warning-Options.html#index-Wunused-parameter\x07-Wunused-parameter\x1b]8;;\x07\x1b[m\x1b[K]\n'}
[64.153136] (sllidar_ros2) StderrLine: {'line': b'   56 |         virtual void onDecodingError(\x1b[01;35m\x1b[Kint errMsg\x1b[m\x1b[K, _u8 ansType, const void* payload, size_t size) {}\n'}
[64.154658] (sllidar_ros2) StderrLine: {'line': b'      |                                      \x1b[01;35m\x1b[K~~~~^~~~~~\x1b[m\x1b[K\n'}
[64.156278] (sllidar_ros2) StderrLine: {'line': b'\x1b[01m\x1b[K/home/arno/RoombaV2Onboard/src/sllidar_ros2/sdk/src/dataunpacker/unpacker/../dataunpacker.h:56:54:\x1b[m\x1b[K \x1b[01;35m\x1b[Kwarning: \x1b[m\x1b[Kunused parameter \xe2\x80\x98\x1b[01m\x1b[KansType\x1b[m\x1b[K\xe2\x80\x99 [\x1b[01;35m\x1b[K\x1b]8;;https://gcc.gnu.org/onlinedocs/gcc/Warning-Options.html#index-Wunused-parameter\x07-Wunused-parameter\x1b]8;;\x07\x1b[m\x1b[K]\n'}
[64.157762] (sllidar_ros2) StderrLine: {'line': b'   56 |         virtual void onDecodingError(int errMsg, \x1b[01;35m\x1b[K_u8 ansType\x1b[m\x1b[K, const void* payload, size_t size) {}\n'}
[64.159588] (sllidar_ros2) StderrLine: {'line': b'      |                                                  \x1b[01;35m\x1b[K~~~~^~~~~~~\x1b[m\x1b[K\n'}
[64.161247] (sllidar_ros2) StderrLine: {'line': b'\x1b[01m\x1b[K/home/arno/RoombaV2Onboard/src/sllidar_ros2/sdk/src/dataunpacker/unpacker/../dataunpacker.h:56:75:\x1b[m\x1b[K \x1b[01;35m\x1b[Kwarning: \x1b[m\x1b[Kunused parameter \xe2\x80\x98\x1b[01m\x1b[Kpayload\x1b[m\x1b[K\xe2\x80\x99 [\x1b[01;35m\x1b[K\x1b]8;;https://gcc.gnu.org/onlinedocs/gcc/Warning-Options.html#index-Wunused-parameter\x07-Wunused-parameter\x1b]8;;\x07\x1b[m\x1b[K]\n'}
[64.162779] (sllidar_ros2) StderrLine: {'line': b'   56 |         virtual void onDecodingError(int errMsg, _u8 ansType, \x1b[01;35m\x1b[Kconst void* payload\x1b[m\x1b[K, size_t size) {}\n'}
[64.164565] (sllidar_ros2) StderrLine: {'line': b'      |                                                               \x1b[01;35m\x1b[K~~~~~~~~~~~~^~~~~~~\x1b[m\x1b[K\n'}
[64.166210] (sllidar_ros2) StderrLine: {'line': b'\x1b[01m\x1b[K/home/arno/RoombaV2Onboard/src/sllidar_ros2/sdk/src/dataunpacker/unpacker/../dataunpacker.h:56:91:\x1b[m\x1b[K \x1b[01;35m\x1b[Kwarning: \x1b[m\x1b[Kunused parameter \xe2\x80\x98\x1b[01m\x1b[Ksize\x1b[m\x1b[K\xe2\x80\x99 [\x1b[01;35m\x1b[K\x1b]8;;https://gcc.gnu.org/onlinedocs/gcc/Warning-Options.html#index-Wunused-parameter\x07-Wunused-parameter\x1b]8;;\x07\x1b[m\x1b[K]\n'}
[64.167904] (-) TimerEvent: {}
[64.169391] (sllidar_ros2) StderrLine: {'line': b'   56 |         virtual void onDecodingError(int errMsg, _u8 ansType, const void* payload, \x1b[01;35m\x1b[Ksize_t size\x1b[m\x1b[K) {}\n'}
[64.172457] (sllidar_ros2) StderrLine: {'line': b'      |                                                                                    \x1b[01;35m\x1b[K~~~~~~~^~~~\x1b[m\x1b[K\n'}
[64.268480] (-) TimerEvent: {}
[64.370862] (-) TimerEvent: {}
[64.474709] (-) TimerEvent: {}
[64.578431] (-) TimerEvent: {}
[64.680455] (-) TimerEvent: {}
[64.782390] (-) TimerEvent: {}
[64.883903] (-) TimerEvent: {}
[64.986335] (-) TimerEvent: {}
[65.087930] (-) TimerEvent: {}
[65.189519] (-) TimerEvent: {}
[65.291145] (-) TimerEvent: {}
[65.392537] (-) TimerEvent: {}
[65.415133] (sllidar_ros2) StdoutLine: {'line': b'[ 50%] \x1b[32mBuilding CXX object CMakeFiles/sllidar_node.dir/sdk/src/hal/thread.cpp.o\x1b[0m\n'}
[65.493044] (-) TimerEvent: {}
[65.596377] (-) TimerEvent: {}
[65.697663] (-) TimerEvent: {}
[65.798791] (-) TimerEvent: {}
[65.900153] (-) TimerEvent: {}
[66.001664] (-) TimerEvent: {}
[66.103049] (-) TimerEvent: {}
[66.204312] (-) TimerEvent: {}
[66.305698] (-) TimerEvent: {}
[66.406970] (-) TimerEvent: {}
[66.508178] (-) TimerEvent: {}
[66.609842] (-) TimerEvent: {}
[66.711082] (-) TimerEvent: {}
[66.812285] (-) TimerEvent: {}
[66.914047] (-) TimerEvent: {}
[67.016520] (-) TimerEvent: {}
[67.117678] (-) TimerEvent: {}
[67.219140] (-) TimerEvent: {}
[67.320808] (-) TimerEvent: {}
[67.422654] (-) TimerEvent: {}
[67.524657] (-) TimerEvent: {}
[67.626263] (-) TimerEvent: {}
[67.727756] (-) TimerEvent: {}
[67.829295] (-) TimerEvent: {}
[67.931219] (-) TimerEvent: {}
[68.033171] (-) TimerEvent: {}
[68.145029] (-) TimerEvent: {}
[68.246475] (-) TimerEvent: {}
[68.348482] (-) TimerEvent: {}
[68.450487] (-) TimerEvent: {}
[68.552111] (-) TimerEvent: {}
[68.653764] (-) TimerEvent: {}
[68.755397] (-) TimerEvent: {}
[68.857974] (-) TimerEvent: {}
[68.960294] (-) TimerEvent: {}
[69.062005] (-) TimerEvent: {}
[69.163555] (-) TimerEvent: {}
[69.265279] (-) TimerEvent: {}
[69.367438] (-) TimerEvent: {}
[69.469621] (-) TimerEvent: {}
[69.571221] (-) TimerEvent: {}
[69.673140] (-) TimerEvent: {}
[70.008435] (-) TimerEvent: {}
[70.017186] (sllidar_ros2) StderrLine: {'line': b'In file included from \x1b[01m\x1b[K/home/arno/RoombaV2Onboard/src/sllidar_ros2/./sdk/include/rplidar_protocol.h:36\x1b[m\x1b[K,\n'}
[70.459289] (-) TimerEvent: {}
[70.460567] (sllidar_ros2) StderrLine: {'line': b'                 from \x1b[01m\x1b[K/home/arno/RoombaV2Onboard/src/sllidar_ros2/./sdk/include/rplidar.h:39\x1b[m\x1b[K,\n'}
[70.462165] (sllidar_ros2) StderrLine: {'line': b'                 from \x1b[01m\x1b[K/home/arno/RoombaV2Onboard/src/sllidar_ros2/./sdk/src/sdkcommon.h:49\x1b[m\x1b[K,\n'}
[70.463783] (sllidar_ros2) StderrLine: {'line': b'                 from \x1b[01m\x1b[K/home/arno/RoombaV2Onboard/src/sllidar_ros2/sdk/src/dataunpacker/unpacker/../dataunnpacker_commondef.h:41\x1b[m\x1b[K,\n'}
[70.465453] (sllidar_ros2) StderrLine: {'line': b'                 from \x1b[01m\x1b[K/home/arno/RoombaV2Onboard/src/sllidar_ros2/sdk/src/dataunpacker/unpacker/handler_normalnode.cpp:39\x1b[m\x1b[K:\n'}
[70.467097] (sllidar_ros2) StderrLine: {'line': b'\x1b[01m\x1b[K/home/arno/RoombaV2Onboard/src/sllidar_ros2/./sdk/include/sl_lidar_protocol.h:66:16:\x1b[m\x1b[K \x1b[01;35m\x1b[Kwarning: \x1b[m\x1b[KISO C++ forbids zero-size array \xe2\x80\x98\x1b[01m\x1b[Kdata\x1b[m\x1b[K\xe2\x80\x99 [\x1b[01;35m\x1b[K\x1b]8;;https://gcc.gnu.org/onlinedocs/gcc/Warning-Options.html#index-Wpedantic\x07-Wpedantic\x1b]8;;\x07\x1b[m\x1b[K]\n'}
[70.468581] (sllidar_ros2) StderrLine: {'line': b'   66 |     sl_u8 data[\x1b[01;35m\x1b[K0\x1b[m\x1b[K];\n'}
[70.470037] (sllidar_ros2) StderrLine: {'line': b'      |                \x1b[01;35m\x1b[K^\x1b[m\x1b[K\n'}
[70.471278] (sllidar_ros2) StderrLine: {'line': b'In file included from \x1b[01m\x1b[K/home/arno/RoombaV2Onboard/src/sllidar_ros2/./sdk/include/rplidar_protocol.h:36\x1b[m\x1b[K,\n'}
[70.472691] (sllidar_ros2) StderrLine: {'line': b'                 from \x1b[01m\x1b[K/home/arno/RoombaV2Onboard/src/sllidar_ros2/./sdk/include/rplidar.h:39\x1b[m\x1b[K,\n'}
[70.474186] (sllidar_ros2) StderrLine: {'line': b'                 from \x1b[01m\x1b[K/home/arno/RoombaV2Onboard/src/sllidar_ros2/./sdk/src/sdkcommon.h:49\x1b[m\x1b[K,\n'}
[70.475512] (sllidar_ros2) StderrLine: {'line': b'                 from \x1b[01m\x1b[K/home/arno/RoombaV2Onboard/src/sllidar_ros2/sdk/src/hal/thread.cpp:35\x1b[m\x1b[K:\n'}
[70.476698] (sllidar_ros2) StderrLine: {'line': b'\x1b[01m\x1b[K/home/arno/RoombaV2Onboard/src/sllidar_ros2/./sdk/include/sl_lidar_protocol.h:66:16:\x1b[m\x1b[K \x1b[01;35m\x1b[Kwarning: \x1b[m\x1b[KISO C++ forbids zero-size array \xe2\x80\x98\x1b[01m\x1b[Kdata\x1b[m\x1b[K\xe2\x80\x99 [\x1b[01;35m\x1b[K\x1b]8;;https://gcc.gnu.org/onlinedocs/gcc/Warning-Options.html#index-Wpedantic\x07-Wpedantic\x1b]8;;\x07\x1b[m\x1b[K]\n'}
[70.477950] (sllidar_ros2) StderrLine: {'line': b'   66 |     sl_u8 data[\x1b[01;35m\x1b[K0\x1b[m\x1b[K];\n'}
[70.479007] (sllidar_ros2) StderrLine: {'line': b'      |                \x1b[01;35m\x1b[K^\x1b[m\x1b[K\n'}
[70.480235] (sllidar_ros2) StderrLine: {'line': b'In file included from \x1b[01m\x1b[K/home/arno/RoombaV2Onboard/src/sllidar_ros2/./sdk/include/rplidar_cmd.h:36\x1b[m\x1b[K,\n'}
[70.481543] (sllidar_ros2) StderrLine: {'line': b'                 from \x1b[01m\x1b[K/home/arno/RoombaV2Onboard/src/sllidar_ros2/./sdk/include/rplidar.h:40\x1b[m\x1b[K,\n'}
[70.482580] (sllidar_ros2) StderrLine: {'line': b'                 from \x1b[01m\x1b[K/home/arno/RoombaV2Onboard/src/sllidar_ros2/./sdk/src/sdkcommon.h:49\x1b[m\x1b[K,\n'}
[70.483734] (sllidar_ros2) StderrLine: {'line': b'                 from \x1b[01m\x1b[K/home/arno/RoombaV2Onboard/src/sllidar_ros2/sdk/src/hal/thread.cpp:35\x1b[m\x1b[K:\n'}
[70.485089] (sllidar_ros2) StderrLine: {'line': b'\x1b[01m\x1b[K/home/arno/RoombaV2Onboard/src/sllidar_ros2/./sdk/include/sl_lidar_cmd.h:324:20:\x1b[m\x1b[K \x1b[01;35m\x1b[Kwarning: \x1b[m\x1b[KISO C++ forbids zero-size array \xe2\x80\x98\x1b[01m\x1b[Kpayload\x1b[m\x1b[K\xe2\x80\x99 [\x1b[01;35m\x1b[K\x1b]8;;https://gcc.gnu.org/onlinedocs/gcc/Warning-Options.html#index-Wpedantic\x07-Wpedantic\x1b]8;;\x07\x1b[m\x1b[K]\n'}
[70.486242] (sllidar_ros2) StderrLine: {'line': b'  324 |     sl_u8  payload[\x1b[01;35m\x1b[K0\x1b[m\x1b[K];\n'}
[70.487219] (sllidar_ros2) StderrLine: {'line': b'      |                    \x1b[01;35m\x1b[K^\x1b[m\x1b[K\n'}
[70.488671] (sllidar_ros2) StderrLine: {'line': b'In file included from \x1b[01m\x1b[K/home/arno/RoombaV2Onboard/src/sllidar_ros2/./sdk/include/rplidar_cmd.h:36\x1b[m\x1b[K,\n'}
[70.490680] (sllidar_ros2) StderrLine: {'line': b'                 from \x1b[01m\x1b[K/home/arno/RoombaV2Onboard/src/sllidar_ros2/./sdk/include/rplidar.h:40\x1b[m\x1b[K,\n'}
[70.491555] (sllidar_ros2) StderrLine: {'line': b'                 from \x1b[01m\x1b[K/home/arno/RoombaV2Onboard/src/sllidar_ros2/./sdk/src/sdkcommon.h:49\x1b[m\x1b[K,\n'}
[70.492399] (sllidar_ros2) StderrLine: {'line': b'                 from \x1b[01m\x1b[K/home/arno/RoombaV2Onboard/src/sllidar_ros2/sdk/src/dataunpacker/unpacker/../dataunnpacker_commondef.h:41\x1b[m\x1b[K,\n'}
[70.493072] (sllidar_ros2) StderrLine: {'line': b'                 from \x1b[01m\x1b[K/home/arno/RoombaV2Onboard/src/sllidar_ros2/sdk/src/dataunpacker/unpacker/handler_normalnode.cpp:39\x1b[m\x1b[K:\n'}
[70.493661] (sllidar_ros2) StderrLine: {'line': b'\x1b[01m\x1b[K/home/arno/RoombaV2Onboard/src/sllidar_ros2/./sdk/include/sl_lidar_cmd.h:324:20:\x1b[m\x1b[K \x1b[01;35m\x1b[Kwarning: \x1b[m\x1b[KISO C++ forbids zero-size array \xe2\x80\x98\x1b[01m\x1b[Kpayload\x1b[m\x1b[K\xe2\x80\x99 [\x1b[01;35m\x1b[K\x1b]8;;https://gcc.gnu.org/onlinedocs/gcc/Warning-Options.html#index-Wpedantic\x07-Wpedantic\x1b]8;;\x07\x1b[m\x1b[K]\n'}
[70.494198] (sllidar_ros2) StderrLine: {'line': b'  324 |     sl_u8  payload[\x1b[01;35m\x1b[K0\x1b[m\x1b[K];\n'}
[70.494697] (sllidar_ros2) StderrLine: {'line': b'      |                    \x1b[01;35m\x1b[K^\x1b[m\x1b[K\n'}
[70.559666] (-) TimerEvent: {}
[70.661665] (-) TimerEvent: {}
[70.763079] (-) TimerEvent: {}
[70.864588] (-) TimerEvent: {}
[70.933136] (sllidar_ros2) StderrLine: {'line': b'In file included from \x1b[01m\x1b[K/home/arno/RoombaV2Onboard/src/sllidar_ros2/sdk/src/hal/thread.cpp:43\x1b[m\x1b[K:\n'}
[70.945243] (sllidar_ros2) StderrLine: {'line': b'\x1b[01m\x1b[K/home/arno/RoombaV2Onboard/src/sllidar_ros2/./sdk/src/arch/linux/thread.hpp:\x1b[m\x1b[K In static member function \xe2\x80\x98\x1b[01m\x1b[Kstatic rp::hal::Thread rp::hal::Thread::create(thread_proc_t, void*)\x1b[m\x1b[K\xe2\x80\x99:\n'}
[70.954392] (sllidar_ros2) StderrLine: {'line': b'\x1b[01m\x1b[K/home/arno/RoombaV2Onboard/src/sllidar_ros2/./sdk/src/arch/linux/thread.hpp:52:57:\x1b[m\x1b[K \x1b[01;35m\x1b[Kwarning: \x1b[m\x1b[Kcast between incompatible function types from \xe2\x80\x98\x1b[01m\x1b[Kthread_proc_t\x1b[m\x1b[K\xe2\x80\x99 {aka \xe2\x80\x98\x1b[01m\x1b[Klong unsigned int (*)(void*)\x1b[m\x1b[K\xe2\x80\x99} to \xe2\x80\x98\x1b[01m\x1b[Kvoid* (*)(void*)\x1b[m\x1b[K\xe2\x80\x99 [\x1b[01;35m\x1b[K\x1b]8;;https://gcc.gnu.org/onlinedocs/gcc/Warning-Options.html#index-Wcast-function-type\x07-Wcast-function-type\x1b]8;;\x07\x1b[m\x1b[K]\n'}
[70.958505] (sllidar_ros2) StderrLine: {'line': b'   52 |     pthread_create((pthread_t *)&newborn._handle, NULL, \x1b[01;35m\x1b[K(void * (*)(void *))proc\x1b[m\x1b[K, data);\n'}
[70.960342] (sllidar_ros2) StderrLine: {'line': b'      |                                                         \x1b[01;35m\x1b[K^~~~~~~~~~~~~~~~~~~~~~~~\x1b[m\x1b[K\n'}
[70.962480] (sllidar_ros2) StderrLine: {'line': b'\x1b[01m\x1b[K/home/arno/RoombaV2Onboard/src/sllidar_ros2/./sdk/src/arch/linux/thread.hpp:\x1b[m\x1b[K In member function \xe2\x80\x98\x1b[01m\x1b[Ku_result rp::hal::Thread::join(long unsigned int)\x1b[m\x1b[K\xe2\x80\x99:\n'}
[70.966583] (-) TimerEvent: {}
[70.967793] (sllidar_ros2) StderrLine: {'line': b'\x1b[01m\x1b[K/home/arno/RoombaV2Onboard/src/sllidar_ros2/./sdk/src/arch/linux/thread.hpp:176:37:\x1b[m\x1b[K \x1b[01;35m\x1b[Kwarning: \x1b[m\x1b[Kunused parameter \xe2\x80\x98\x1b[01m\x1b[Ktimeout\x1b[m\x1b[K\xe2\x80\x99 [\x1b[01;35m\x1b[K\x1b]8;;https://gcc.gnu.org/onlinedocs/gcc/Warning-Options.html#index-Wunused-parameter\x07-Wunused-parameter\x1b]8;;\x07\x1b[m\x1b[K]\n'}
[70.969727] (sllidar_ros2) StderrLine: {'line': b'  176 | u_result Thread::join(\x1b[01;35m\x1b[Kunsigned long timeout\x1b[m\x1b[K)\n'}
[70.977489] (sllidar_ros2) StderrLine: {'line': b'      |                       \x1b[01;35m\x1b[K~~~~~~~~~~~~~~^~~~~~~\x1b[m\x1b[K\n'}
[71.066929] (-) TimerEvent: {}
[71.168531] (-) TimerEvent: {}
[71.271585] (-) TimerEvent: {}
[71.373018] (-) TimerEvent: {}
[71.474332] (-) TimerEvent: {}
[71.577926] (-) TimerEvent: {}
[71.681787] (-) TimerEvent: {}
[71.783035] (-) TimerEvent: {}
[71.884590] (-) TimerEvent: {}
[71.986596] (-) TimerEvent: {}
[72.088328] (-) TimerEvent: {}
[72.116252] (sllidar_ros2) StderrLine: {'line': b'In file included from \x1b[01m\x1b[K/home/arno/RoombaV2Onboard/src/sllidar_ros2/sdk/src/dataunpacker/unpacker/handler_normalnode.cpp:40\x1b[m\x1b[K:\n'}
[72.117609] (sllidar_ros2) StderrLine: {'line': b'\x1b[01m\x1b[K/home/arno/RoombaV2Onboard/src/sllidar_ros2/sdk/src/dataunpacker/unpacker/../dataunpacker.h:\x1b[m\x1b[K In member function \xe2\x80\x98\x1b[01m\x1b[Kvirtual void sl::internal::LIDARSampleDataListener::onCustomSampleDataDecoded(_u8, _u32, const void*, size_t)\x1b[m\x1b[K\xe2\x80\x99:\n'}
[72.132148] (sllidar_ros2) StderrLine: {'line': b'\x1b[01m\x1b[K/home/arno/RoombaV2Onboard/src/sllidar_ros2/sdk/src/dataunpacker/unpacker/../dataunpacker.h:54:52:\x1b[m\x1b[K \x1b[01;35m\x1b[Kwarning: \x1b[m\x1b[Kunused parameter \xe2\x80\x98\x1b[01m\x1b[KansType\x1b[m\x1b[K\xe2\x80\x99 [\x1b[01;35m\x1b[K\x1b]8;;https://gcc.gnu.org/onlinedocs/gcc/Warning-Options.html#index-Wunused-parameter\x07-Wunused-parameter\x1b]8;;\x07\x1b[m\x1b[K]\n'}
[72.133973] (sllidar_ros2) StderrLine: {'line': b'   54 |         virtual void onCustomSampleDataDecoded(\x1b[01;35m\x1b[K_u8 ansType\x1b[m\x1b[K, _u32 customCode, const void* data, size_t size) {}\n'}
[72.135452] (sllidar_ros2) StderrLine: {'line': b'      |                                                \x1b[01;35m\x1b[K~~~~^~~~~~~\x1b[m\x1b[K\n'}
[72.137022] (sllidar_ros2) StderrLine: {'line': b'\x1b[01m\x1b[K/home/arno/RoombaV2Onboard/src/sllidar_ros2/sdk/src/dataunpacker/unpacker/../dataunpacker.h:54:66:\x1b[m\x1b[K \x1b[01;35m\x1b[Kwarning: \x1b[m\x1b[Kunused parameter \xe2\x80\x98\x1b[01m\x1b[KcustomCode\x1b[m\x1b[K\xe2\x80\x99 [\x1b[01;35m\x1b[K\x1b]8;;https://gcc.gnu.org/onlinedocs/gcc/Warning-Options.html#index-Wunused-parameter\x07-Wunused-parameter\x1b]8;;\x07\x1b[m\x1b[K]\n'}
[72.138841] (sllidar_ros2) StderrLine: {'line': b'   54 |         virtual void onCustomSampleDataDecoded(_u8 ansType, \x1b[01;35m\x1b[K_u32 customCode\x1b[m\x1b[K, const void* data, size_t size) {}\n'}
[72.141192] (sllidar_ros2) StderrLine: {'line': b'      |                                                             \x1b[01;35m\x1b[K~~~~~^~~~~~~~~~\x1b[m\x1b[K\n'}
[72.142792] (sllidar_ros2) StderrLine: {'line': b'\x1b[01m\x1b[K/home/arno/RoombaV2Onboard/src/sllidar_ros2/sdk/src/dataunpacker/unpacker/../dataunpacker.h:54:90:\x1b[m\x1b[K \x1b[01;35m\x1b[Kwarning: \x1b[m\x1b[Kunused parameter \xe2\x80\x98\x1b[01m\x1b[Kdata\x1b[m\x1b[K\xe2\x80\x99 [\x1b[01;35m\x1b[K\x1b]8;;https://gcc.gnu.org/onlinedocs/gcc/Warning-Options.html#index-Wunused-parameter\x07-Wunused-parameter\x1b]8;;\x07\x1b[m\x1b[K]\n'}
[72.144665] (sllidar_ros2) StderrLine: {'line': b'   54 |         virtual void onCustomSampleDataDecoded(_u8 ansType, _u32 customCode, \x1b[01;35m\x1b[Kconst void* data\x1b[m\x1b[K, size_t size) {}\n'}
[72.146554] (sllidar_ros2) StderrLine: {'line': b'      |                                                                              \x1b[01;35m\x1b[K~~~~~~~~~~~~^~~~\x1b[m\x1b[K\n'}
[72.148907] (sllidar_ros2) StderrLine: {'line': b'\x1b[01m\x1b[K/home/arno/RoombaV2Onboard/src/sllidar_ros2/sdk/src/dataunpacker/unpacker/../dataunpacker.h:54:103:\x1b[m\x1b[K \x1b[01;35m\x1b[Kwarning: \x1b[m\x1b[Kunused parameter \xe2\x80\x98\x1b[01m\x1b[Ksize\x1b[m\x1b[K\xe2\x80\x99 [\x1b[01;35m\x1b[K\x1b]8;;https://gcc.gnu.org/onlinedocs/gcc/Warning-Options.html#index-Wunused-parameter\x07-Wunused-parameter\x1b]8;;\x07\x1b[m\x1b[K]\n'}
[72.150667] (sllidar_ros2) StderrLine: {'line': b'   54 |         virtual void onCustomSampleDataDecoded(_u8 ansType, _u32 customCode, const void* data, \x1b[01;35m\x1b[Ksize_t size\x1b[m\x1b[K) {}\n'}
[72.152155] (sllidar_ros2) StderrLine: {'line': b'      |                                                                                                \x1b[01;35m\x1b[K~~~~~~~^~~~\x1b[m\x1b[K\n'}
[72.153765] (sllidar_ros2) StderrLine: {'line': b'\x1b[01m\x1b[K/home/arno/RoombaV2Onboard/src/sllidar_ros2/sdk/src/dataunpacker/unpacker/../dataunpacker.h:\x1b[m\x1b[K In member function \xe2\x80\x98\x1b[01m\x1b[Kvirtual void sl::internal::LIDARSampleDataListener::onDecodingError(int, _u8, const void*, size_t)\x1b[m\x1b[K\xe2\x80\x99:\n'}
[72.155884] (sllidar_ros2) StderrLine: {'line': b'\x1b[01m\x1b[K/home/arno/RoombaV2Onboard/src/sllidar_ros2/sdk/src/dataunpacker/unpacker/../dataunpacker.h:56:42:\x1b[m\x1b[K \x1b[01;35m\x1b[Kwarning: \x1b[m\x1b[Kunused parameter \xe2\x80\x98\x1b[01m\x1b[KerrMsg\x1b[m\x1b[K\xe2\x80\x99 [\x1b[01;35m\x1b[K\x1b]8;;https://gcc.gnu.org/onlinedocs/gcc/Warning-Options.html#index-Wunused-parameter\x07-Wunused-parameter\x1b]8;;\x07\x1b[m\x1b[K]\n'}
[72.158009] (sllidar_ros2) StderrLine: {'line': b'   56 |         virtual void onDecodingError(\x1b[01;35m\x1b[Kint errMsg\x1b[m\x1b[K, _u8 ansType, const void* payload, size_t size) {}\n'}
[72.160096] (sllidar_ros2) StderrLine: {'line': b'      |                                      \x1b[01;35m\x1b[K~~~~^~~~~~\x1b[m\x1b[K\n'}
[72.161764] (sllidar_ros2) StderrLine: {'line': b'\x1b[01m\x1b[K/home/arno/RoombaV2Onboard/src/sllidar_ros2/sdk/src/dataunpacker/unpacker/../dataunpacker.h:56:54:\x1b[m\x1b[K \x1b[01;35m\x1b[Kwarning: \x1b[m\x1b[Kunused parameter \xe2\x80\x98\x1b[01m\x1b[KansType\x1b[m\x1b[K\xe2\x80\x99 [\x1b[01;35m\x1b[K\x1b]8;;https://gcc.gnu.org/onlinedocs/gcc/Warning-Options.html#index-Wunused-parameter\x07-Wunused-parameter\x1b]8;;\x07\x1b[m\x1b[K]\n'}
[72.163424] (sllidar_ros2) StderrLine: {'line': b'   56 |         virtual void onDecodingError(int errMsg, \x1b[01;35m\x1b[K_u8 ansType\x1b[m\x1b[K, const void* payload, size_t size) {}\n'}
[72.165241] (sllidar_ros2) StderrLine: {'line': b'      |                                                  \x1b[01;35m\x1b[K~~~~^~~~~~~\x1b[m\x1b[K\n'}
[72.167542] (sllidar_ros2) StderrLine: {'line': b'\x1b[01m\x1b[K/home/arno/RoombaV2Onboard/src/sllidar_ros2/sdk/src/dataunpacker/unpacker/../dataunpacker.h:56:75:\x1b[m\x1b[K \x1b[01;35m\x1b[Kwarning: \x1b[m\x1b[Kunused parameter \xe2\x80\x98\x1b[01m\x1b[Kpayload\x1b[m\x1b[K\xe2\x80\x99 [\x1b[01;35m\x1b[K\x1b]8;;https://gcc.gnu.org/onlinedocs/gcc/Warning-Options.html#index-Wunused-parameter\x07-Wunused-parameter\x1b]8;;\x07\x1b[m\x1b[K]\n'}
[72.170214] (sllidar_ros2) StderrLine: {'line': b'   56 |         virtual void onDecodingError(int errMsg, _u8 ansType, \x1b[01;35m\x1b[Kconst void* payload\x1b[m\x1b[K, size_t size) {}\n'}
[72.172715] (sllidar_ros2) StderrLine: {'line': b'      |                                                               \x1b[01;35m\x1b[K~~~~~~~~~~~~^~~~~~~\x1b[m\x1b[K\n'}
[72.175217] (sllidar_ros2) StderrLine: {'line': b'\x1b[01m\x1b[K/home/arno/RoombaV2Onboard/src/sllidar_ros2/sdk/src/dataunpacker/unpacker/../dataunpacker.h:56:91:\x1b[m\x1b[K \x1b[01;35m\x1b[Kwarning: \x1b[m\x1b[Kunused parameter \xe2\x80\x98\x1b[01m\x1b[Ksize\x1b[m\x1b[K\xe2\x80\x99 [\x1b[01;35m\x1b[K\x1b]8;;https://gcc.gnu.org/onlinedocs/gcc/Warning-Options.html#index-Wunused-parameter\x07-Wunused-parameter\x1b]8;;\x07\x1b[m\x1b[K]\n'}
[72.177569] (sllidar_ros2) StderrLine: {'line': b'   56 |         virtual void onDecodingError(int errMsg, _u8 ansType, const void* payload, \x1b[01;35m\x1b[Ksize_t size\x1b[m\x1b[K) {}\n'}
[72.179815] (sllidar_ros2) StderrLine: {'line': b'      |                                                                                    \x1b[01;35m\x1b[K~~~~~~~^~~~\x1b[m\x1b[K\n'}
[72.188779] (-) TimerEvent: {}
[72.290651] (-) TimerEvent: {}
[72.395859] (-) TimerEvent: {}
[72.497404] (-) TimerEvent: {}
[72.600256] (-) TimerEvent: {}
[72.701963] (-) TimerEvent: {}
[72.803337] (-) TimerEvent: {}
[72.905025] (-) TimerEvent: {}
[73.006501] (-) TimerEvent: {}
[73.108995] (-) TimerEvent: {}
[73.210256] (-) TimerEvent: {}
[73.312206] (-) TimerEvent: {}
[73.414573] (-) TimerEvent: {}
[73.422485] (sllidar_ros2) StdoutLine: {'line': b'[ 60%] \x1b[32mBuilding CXX object CMakeFiles/sllidar_node.dir/sdk/src/sl_async_transceiver.cpp.o\x1b[0m\n'}
[73.425952] (sllidar_ros2) StdoutLine: {'line': b'[ 60%] \x1b[32mBuilding CXX object CMakeFiles/sllidar_node.dir/sdk/src/rplidar_driver.cpp.o\x1b[0m\n'}
[73.514881] (-) TimerEvent: {}
[73.616401] (-) TimerEvent: {}
[73.717693] (-) TimerEvent: {}
[73.818849] (-) TimerEvent: {}
[73.920010] (-) TimerEvent: {}
[74.021469] (-) TimerEvent: {}
[74.122733] (-) TimerEvent: {}
[74.224032] (-) TimerEvent: {}
[74.325687] (-) TimerEvent: {}
[74.426983] (-) TimerEvent: {}
[74.528312] (-) TimerEvent: {}
[74.629977] (-) TimerEvent: {}
[74.731251] (-) TimerEvent: {}
[74.832427] (-) TimerEvent: {}
[74.934174] (-) TimerEvent: {}
[75.035774] (-) TimerEvent: {}
[75.137291] (-) TimerEvent: {}
[75.238359] (-) TimerEvent: {}
[75.339591] (-) TimerEvent: {}
[75.440917] (-) TimerEvent: {}
[75.542192] (-) TimerEvent: {}
[75.644097] (-) TimerEvent: {}
[75.745839] (-) TimerEvent: {}
[75.847357] (-) TimerEvent: {}
[75.950346] (-) TimerEvent: {}
[76.053576] (-) TimerEvent: {}
[76.158078] (-) TimerEvent: {}
[76.263086] (-) TimerEvent: {}
[76.366342] (-) TimerEvent: {}
[76.469409] (-) TimerEvent: {}
[76.570840] (-) TimerEvent: {}
[76.672896] (-) TimerEvent: {}
[76.775923] (-) TimerEvent: {}
[76.889821] (-) TimerEvent: {}
[77.016487] (-) TimerEvent: {}
[77.146388] (-) TimerEvent: {}
[77.258763] (-) TimerEvent: {}
[77.361586] (-) TimerEvent: {}
[77.463039] (-) TimerEvent: {}
[77.564561] (-) TimerEvent: {}
[77.666306] (-) TimerEvent: {}
[77.768363] (-) TimerEvent: {}
[77.872504] (-) TimerEvent: {}
[77.977334] (-) TimerEvent: {}
[78.079139] (-) TimerEvent: {}
[78.181363] (-) TimerEvent: {}
[79.787623] (-) TimerEvent: {}
[79.889115] (-) TimerEvent: {}
[79.990723] (-) TimerEvent: {}
[80.092242] (-) TimerEvent: {}
[80.193839] (-) TimerEvent: {}
[80.295296] (-) TimerEvent: {}
[80.360459] (sllidar_ros2) StderrLine: {'line': b'In file included from \x1b[01m\x1b[K/home/arno/RoombaV2Onboard/src/sllidar_ros2/./sdk/include/rplidar_protocol.h:36\x1b[m\x1b[K,\n'}
[80.388730] (sllidar_ros2) StderrLine: {'line': b'                 from \x1b[01m\x1b[K/home/arno/RoombaV2Onboard/src/sllidar_ros2/./sdk/include/rplidar.h:39\x1b[m\x1b[K,\n'}
[80.390589] (sllidar_ros2) StderrLine: {'line': b'                 from \x1b[01m\x1b[K/home/arno/RoombaV2Onboard/src/sllidar_ros2/sdk/src/sdkcommon.h:49\x1b[m\x1b[K,\n'}
[80.392725] (sllidar_ros2) StderrLine: {'line': b'                 from \x1b[01m\x1b[K/home/arno/RoombaV2Onboard/src/sllidar_ros2/sdk/src/sl_async_transceiver.cpp:35\x1b[m\x1b[K:\n'}
[80.395066] (sllidar_ros2) StderrLine: {'line': b'\x1b[01m\x1b[K/home/arno/RoombaV2Onboard/src/sllidar_ros2/./sdk/include/sl_lidar_protocol.h:66:16:\x1b[m\x1b[K \x1b[01;35m\x1b[Kwarning: \x1b[m\x1b[KISO C++ forbids zero-size array \xe2\x80\x98\x1b[01m\x1b[Kdata\x1b[m\x1b[K\xe2\x80\x99 [\x1b[01;35m\x1b[K\x1b]8;;https://gcc.gnu.org/onlinedocs/gcc/Warning-Options.html#index-Wpedantic\x07-Wpedantic\x1b]8;;\x07\x1b[m\x1b[K]\n'}
[80.397112] (-) TimerEvent: {}
[80.400086] (sllidar_ros2) StderrLine: {'line': b'   66 |     sl_u8 data[\x1b[01;35m\x1b[K0\x1b[m\x1b[K];\n'}
[80.402008] (sllidar_ros2) StderrLine: {'line': b'      |                \x1b[01;35m\x1b[K^\x1b[m\x1b[K\n'}
[80.403926] (sllidar_ros2) StderrLine: {'line': b'In file included from \x1b[01m\x1b[K/home/arno/RoombaV2Onboard/src/sllidar_ros2/./sdk/include/rplidar_protocol.h:36\x1b[m\x1b[K,\n'}
[80.406273] (sllidar_ros2) StderrLine: {'line': b'                 from \x1b[01m\x1b[K/home/arno/RoombaV2Onboard/src/sllidar_ros2/./sdk/include/rplidar.h:39\x1b[m\x1b[K,\n'}
[80.408993] (sllidar_ros2) StderrLine: {'line': b'                 from \x1b[01m\x1b[K/home/arno/RoombaV2Onboard/src/sllidar_ros2/sdk/src/sdkcommon.h:49\x1b[m\x1b[K,\n'}
[80.410893] (sllidar_ros2) StderrLine: {'line': b'                 from \x1b[01m\x1b[K/home/arno/RoombaV2Onboard/src/sllidar_ros2/sdk/src/rplidar_driver.cpp:33\x1b[m\x1b[K:\n'}
[80.412519] (sllidar_ros2) StderrLine: {'line': b'\x1b[01m\x1b[K/home/arno/RoombaV2Onboard/src/sllidar_ros2/./sdk/include/sl_lidar_protocol.h:66:16:\x1b[m\x1b[K \x1b[01;35m\x1b[Kwarning: \x1b[m\x1b[KISO C++ forbids zero-size array \xe2\x80\x98\x1b[01m\x1b[Kdata\x1b[m\x1b[K\xe2\x80\x99 [\x1b[01;35m\x1b[K\x1b]8;;https://gcc.gnu.org/onlinedocs/gcc/Warning-Options.html#index-Wpedantic\x07-Wpedantic\x1b]8;;\x07\x1b[m\x1b[K]\n'}
[80.414422] (sllidar_ros2) StderrLine: {'line': b'   66 |     sl_u8 data[\x1b[01;35m\x1b[K0\x1b[m\x1b[K];\n'}
[80.415567] (sllidar_ros2) StderrLine: {'line': b'      |                \x1b[01;35m\x1b[K^\x1b[m\x1b[K\n'}
[80.416548] (sllidar_ros2) StderrLine: {'line': b'In file included from \x1b[01m\x1b[K/home/arno/RoombaV2Onboard/src/sllidar_ros2/./sdk/include/rplidar_cmd.h:36\x1b[m\x1b[K,\n'}
[80.417736] (sllidar_ros2) StderrLine: {'line': b'                 from \x1b[01m\x1b[K/home/arno/RoombaV2Onboard/src/sllidar_ros2/./sdk/include/rplidar.h:40\x1b[m\x1b[K,\n'}
[80.418536] (sllidar_ros2) StderrLine: {'line': b'                 from \x1b[01m\x1b[K/home/arno/RoombaV2Onboard/src/sllidar_ros2/sdk/src/sdkcommon.h:49\x1b[m\x1b[K,\n'}
[80.419258] (sllidar_ros2) StderrLine: {'line': b'                 from \x1b[01m\x1b[K/home/arno/RoombaV2Onboard/src/sllidar_ros2/sdk/src/sl_async_transceiver.cpp:35\x1b[m\x1b[K:\n'}
[80.419814] (sllidar_ros2) StderrLine: {'line': b'\x1b[01m\x1b[K/home/arno/RoombaV2Onboard/src/sllidar_ros2/./sdk/include/sl_lidar_cmd.h:324:20:\x1b[m\x1b[K \x1b[01;35m\x1b[Kwarning: \x1b[m\x1b[KISO C++ forbids zero-size array \xe2\x80\x98\x1b[01m\x1b[Kpayload\x1b[m\x1b[K\xe2\x80\x99 [\x1b[01;35m\x1b[K\x1b]8;;https://gcc.gnu.org/onlinedocs/gcc/Warning-Options.html#index-Wpedantic\x07-Wpedantic\x1b]8;;\x07\x1b[m\x1b[K]\n'}
[80.420351] (sllidar_ros2) StderrLine: {'line': b'  324 |     sl_u8  payload[\x1b[01;35m\x1b[K0\x1b[m\x1b[K];\n'}
[80.421027] (sllidar_ros2) StderrLine: {'line': b'      |                    \x1b[01;35m\x1b[K^\x1b[m\x1b[K\n'}
[80.422371] (sllidar_ros2) StderrLine: {'line': b'In file included from \x1b[01m\x1b[K/home/arno/RoombaV2Onboard/src/sllidar_ros2/./sdk/include/rplidar_cmd.h:36\x1b[m\x1b[K,\n'}
[80.423923] (sllidar_ros2) StderrLine: {'line': b'                 from \x1b[01m\x1b[K/home/arno/RoombaV2Onboard/src/sllidar_ros2/./sdk/include/rplidar.h:40\x1b[m\x1b[K,\n'}
[80.427890] (sllidar_ros2) StderrLine: {'line': b'                 from \x1b[01m\x1b[K/home/arno/RoombaV2Onboard/src/sllidar_ros2/sdk/src/sdkcommon.h:49\x1b[m\x1b[K,\n'}
[80.431357] (sllidar_ros2) StderrLine: {'line': b'                 from \x1b[01m\x1b[K/home/arno/RoombaV2Onboard/src/sllidar_ros2/sdk/src/rplidar_driver.cpp:33\x1b[m\x1b[K:\n'}
[80.436025] (sllidar_ros2) StderrLine: {'line': b'\x1b[01m\x1b[K/home/arno/RoombaV2Onboard/src/sllidar_ros2/./sdk/include/sl_lidar_cmd.h:324:20:\x1b[m\x1b[K \x1b[01;35m\x1b[Kwarning: \x1b[m\x1b[KISO C++ forbids zero-size array \xe2\x80\x98\x1b[01m\x1b[Kpayload\x1b[m\x1b[K\xe2\x80\x99 [\x1b[01;35m\x1b[K\x1b]8;;https://gcc.gnu.org/onlinedocs/gcc/Warning-Options.html#index-Wpedantic\x07-Wpedantic\x1b]8;;\x07\x1b[m\x1b[K]\n'}
[80.438614] (sllidar_ros2) StderrLine: {'line': b'  324 |     sl_u8  payload[\x1b[01;35m\x1b[K0\x1b[m\x1b[K];\n'}
[80.442073] (sllidar_ros2) StderrLine: {'line': b'      |                    \x1b[01;35m\x1b[K^\x1b[m\x1b[K\n'}
[80.497639] (-) TimerEvent: {}
[80.600343] (-) TimerEvent: {}
[80.702326] (-) TimerEvent: {}
[80.803814] (-) TimerEvent: {}
[80.907280] (-) TimerEvent: {}
[81.010324] (-) TimerEvent: {}
[81.113486] (-) TimerEvent: {}
[81.215188] (-) TimerEvent: {}
[81.316607] (-) TimerEvent: {}
[81.418388] (-) TimerEvent: {}
[81.520231] (-) TimerEvent: {}
[81.621590] (-) TimerEvent: {}
[81.659520] (sllidar_ros2) StderrLine: {'line': b'In file included from \x1b[01m\x1b[K/home/arno/RoombaV2Onboard/src/sllidar_ros2/sdk/src/sl_async_transceiver.cpp:44\x1b[m\x1b[K:\n'}
[81.661999] (sllidar_ros2) StderrLine: {'line': b'\x1b[01m\x1b[K/home/arno/RoombaV2Onboard/src/sllidar_ros2/sdk/src/sl_async_transceiver.h:\x1b[m\x1b[K In member function \xe2\x80\x98\x1b[01m\x1b[Kvirtual void sl::internal::IAsyncProtocolCodec::onChannelError(u_result)\x1b[m\x1b[K\xe2\x80\x99:\n'}
[81.663889] (sllidar_ros2) StderrLine: {'line': b'\x1b[01m\x1b[K/home/arno/RoombaV2Onboard/src/sllidar_ros2/sdk/src/sl_async_transceiver.h:90:48:\x1b[m\x1b[K \x1b[01;35m\x1b[Kwarning: \x1b[m\x1b[Kunused parameter \xe2\x80\x98\x1b[01m\x1b[KerrCode\x1b[m\x1b[K\xe2\x80\x99 [\x1b[01;35m\x1b[K\x1b]8;;https://gcc.gnu.org/onlinedocs/gcc/Warning-Options.html#index-Wunused-parameter\x07-Wunused-parameter\x1b]8;;\x07\x1b[m\x1b[K]\n'}
[81.666029] (sllidar_ros2) StderrLine: {'line': b'   90 |         virtual void   onChannelError(\x1b[01;35m\x1b[Ku_result errCode\x1b[m\x1b[K) {}\n'}
[81.667805] (sllidar_ros2) StderrLine: {'line': b'      |                                       \x1b[01;35m\x1b[K~~~~~~~~~^~~~~~~\x1b[m\x1b[K\n'}
[81.721958] (-) TimerEvent: {}
[81.823528] (-) TimerEvent: {}
[81.927466] (-) TimerEvent: {}
[82.030959] (-) TimerEvent: {}
[82.132421] (-) TimerEvent: {}
[82.175915] (sllidar_ros2) StderrLine: {'line': b'\x1b[01m\x1b[K/home/arno/RoombaV2Onboard/src/sllidar_ros2/sdk/src/rplidar_driver.cpp:\x1b[m\x1b[K In member function \xe2\x80\x98\x1b[01m\x1b[Ku_result rp::standalone::rplidar::RPlidarDriver::connect(const char*, _u32, _u32)\x1b[m\x1b[K\xe2\x80\x99:\n'}
[82.180986] (sllidar_ros2) StderrLine: {'line': b'\x1b[01m\x1b[K/home/arno/RoombaV2Onboard/src/sllidar_ros2/sdk/src/rplidar_driver.cpp:67:77:\x1b[m\x1b[K \x1b[01;35m\x1b[Kwarning: \x1b[m\x1b[Kunused parameter \xe2\x80\x98\x1b[01m\x1b[Kflag\x1b[m\x1b[K\xe2\x80\x99 [\x1b[01;35m\x1b[K\x1b]8;;https://gcc.gnu.org/onlinedocs/gcc/Warning-Options.html#index-Wunused-parameter\x07-Wunused-parameter\x1b]8;;\x07\x1b[m\x1b[K]\n'}
[82.182934] (sllidar_ros2) StderrLine: {'line': b'   67 |     u_result RPlidarDriver::connect(const char *path, _u32 portOrBaud, \x1b[01;35m\x1b[K_u32 flag\x1b[m\x1b[K)\n'}
[82.185089] (sllidar_ros2) StderrLine: {'line': b'      |                                                                        \x1b[01;35m\x1b[K~~~~~^~~~\x1b[m\x1b[K\n'}
[82.186549] (sllidar_ros2) StderrLine: {'line': b'\x1b[01m\x1b[K/home/arno/RoombaV2Onboard/src/sllidar_ros2/sdk/src/rplidar_driver.cpp:\x1b[m\x1b[K In member function \xe2\x80\x98\x1b[01m\x1b[Ku_result rp::standalone::rplidar::RPlidarDriver::reset(_u32)\x1b[m\x1b[K\xe2\x80\x99:\n'}
[82.188093] (sllidar_ros2) StderrLine: {'line': b'\x1b[01m\x1b[K/home/arno/RoombaV2Onboard/src/sllidar_ros2/sdk/src/rplidar_driver.cpp:101:40:\x1b[m\x1b[K \x1b[01;35m\x1b[Kwarning: \x1b[m\x1b[Kunused parameter \xe2\x80\x98\x1b[01m\x1b[Ktimeout\x1b[m\x1b[K\xe2\x80\x99 [\x1b[01;35m\x1b[K\x1b]8;;https://gcc.gnu.org/onlinedocs/gcc/Warning-Options.html#index-Wunused-parameter\x07-Wunused-parameter\x1b]8;;\x07\x1b[m\x1b[K]\n'}
[82.189566] (sllidar_ros2) StderrLine: {'line': b'  101 |     u_result RPlidarDriver::reset(\x1b[01;35m\x1b[K_u32 timeout\x1b[m\x1b[K)\n'}
[82.190894] (sllidar_ros2) StderrLine: {'line': b'      |                                   \x1b[01;35m\x1b[K~~~~~^~~~~~~\x1b[m\x1b[K\n'}
[82.193615] (sllidar_ros2) StderrLine: {'line': b'\x1b[01m\x1b[K/home/arno/RoombaV2Onboard/src/sllidar_ros2/sdk/src/rplidar_driver.cpp:\x1b[m\x1b[K In member function \xe2\x80\x98\x1b[01m\x1b[Ku_result rp::standalone::rplidar::RPlidarDriver::getScanDataWithInterval(rplidar_response_measurement_node_t*, size_t&)\x1b[m\x1b[K\xe2\x80\x99:\n'}
[82.194868] (sllidar_ros2) StderrLine: {'line': b'\x1b[01m\x1b[K/home/arno/RoombaV2Onboard/src/sllidar_ros2/sdk/src/rplidar_driver.cpp:180:91:\x1b[m\x1b[K \x1b[01;35m\x1b[Kwarning: \x1b[m\x1b[Kunused parameter \xe2\x80\x98\x1b[01m\x1b[Knodebuffer\x1b[m\x1b[K\xe2\x80\x99 [\x1b[01;35m\x1b[K\x1b]8;;https://gcc.gnu.org/onlinedocs/gcc/Warning-Options.html#index-Wunused-parameter\x07-Wunused-parameter\x1b]8;;\x07\x1b[m\x1b[K]\n'}
[82.196134] (sllidar_ros2) StderrLine: {'line': b'  180 |     u_result RPlidarDriver::getScanDataWithInterval(\x1b[01;35m\x1b[Krplidar_response_measurement_node_t * nodebuffer\x1b[m\x1b[K, size_t & count)\n'}
[82.197556] (sllidar_ros2) StderrLine: {'line': b'      |                                                     \x1b[01;35m\x1b[K~~~~~~~~~~~~~~~~~~~~~~~~~~~~~~~~~~~~~~^~~~~~~~~~\x1b[m\x1b[K\n'}
[82.198761] (sllidar_ros2) StderrLine: {'line': b'\x1b[01m\x1b[K/home/arno/RoombaV2Onboard/src/sllidar_ros2/sdk/src/rplidar_driver.cpp:180:112:\x1b[m\x1b[K \x1b[01;35m\x1b[Kwarning: \x1b[m\x1b[Kunused parameter \xe2\x80\x98\x1b[01m\x1b[Kcount\x1b[m\x1b[K\xe2\x80\x99 [\x1b[01;35m\x1b[K\x1b]8;;https://gcc.gnu.org/onlinedocs/gcc/Warning-Options.html#index-Wunused-parameter\x07-Wunused-parameter\x1b]8;;\x07\x1b[m\x1b[K]\n'}
[82.270016] (-) TimerEvent: {}
[82.270967] (sllidar_ros2) StderrLine: {'line': b'  180 |     u_result RPlidarDriver::getScanDataWithInterval(rplidar_response_measurement_node_t * nodebuffer, \x1b[01;35m\x1b[Ksize_t & count\x1b[m\x1b[K)\n'}
[82.272165] (sllidar_ros2) StderrLine: {'line': b'      |                                                                                                       \x1b[01;35m\x1b[K~~~~~~~~~^~~~~\x1b[m\x1b[K\n'}
[82.370363] (-) TimerEvent: {}
[82.473360] (-) TimerEvent: {}
[82.575145] (-) TimerEvent: {}
[82.676961] (-) TimerEvent: {}
[82.778228] (-) TimerEvent: {}
[82.879516] (-) TimerEvent: {}
[82.981024] (-) TimerEvent: {}
[83.082262] (-) TimerEvent: {}
[83.184244] (-) TimerEvent: {}
[83.285783] (-) TimerEvent: {}
[83.998631] (-) TimerEvent: {}
[84.101980] (-) TimerEvent: {}
[84.203807] (-) TimerEvent: {}
[84.305592] (-) TimerEvent: {}
[84.406889] (-) TimerEvent: {}
[84.508387] (-) TimerEvent: {}
[84.610107] (-) TimerEvent: {}
[84.711643] (-) TimerEvent: {}
[84.813230] (-) TimerEvent: {}
[84.914691] (-) TimerEvent: {}
[85.016163] (-) TimerEvent: {}
[85.117506] (-) TimerEvent: {}
[85.219169] (-) TimerEvent: {}
[85.320621] (-) TimerEvent: {}
[85.421876] (-) TimerEvent: {}
[85.523500] (-) TimerEvent: {}
[85.624918] (-) TimerEvent: {}
[85.726421] (-) TimerEvent: {}
[85.827826] (-) TimerEvent: {}
[85.929316] (-) TimerEvent: {}
[86.030928] (-) TimerEvent: {}
[86.132505] (-) TimerEvent: {}
[86.234149] (-) TimerEvent: {}
[86.335785] (-) TimerEvent: {}
[86.437658] (-) TimerEvent: {}
[86.539077] (-) TimerEvent: {}
[86.640840] (-) TimerEvent: {}
[86.742241] (-) TimerEvent: {}
[86.843603] (-) TimerEvent: {}
[86.945161] (-) TimerEvent: {}
[87.046607] (-) TimerEvent: {}
[87.148002] (-) TimerEvent: {}
[87.249624] (-) TimerEvent: {}
[87.351116] (-) TimerEvent: {}
[87.452901] (-) TimerEvent: {}
[87.554568] (-) TimerEvent: {}
[87.655962] (-) TimerEvent: {}
[87.757197] (-) TimerEvent: {}
[87.858629] (-) TimerEvent: {}
[87.960452] (-) TimerEvent: {}
[88.062080] (-) TimerEvent: {}
[88.163908] (-) TimerEvent: {}
[88.265805] (-) TimerEvent: {}
[88.367339] (-) TimerEvent: {}
[88.469145] (-) TimerEvent: {}
[88.570785] (-) TimerEvent: {}
[88.672204] (-) TimerEvent: {}
[88.773493] (-) TimerEvent: {}
[88.875026] (-) TimerEvent: {}
[88.976958] (-) TimerEvent: {}
[89.078425] (-) TimerEvent: {}
[89.180168] (-) TimerEvent: {}
[89.281942] (-) TimerEvent: {}
[89.383528] (-) TimerEvent: {}
[89.485287] (-) TimerEvent: {}
[89.586955] (-) TimerEvent: {}
[89.688150] (-) TimerEvent: {}
[89.789833] (-) TimerEvent: {}
[89.891499] (-) TimerEvent: {}
[89.993102] (-) TimerEvent: {}
[90.094603] (-) TimerEvent: {}
[90.196373] (-) TimerEvent: {}
[90.298544] (-) TimerEvent: {}
[90.400178] (-) TimerEvent: {}
[90.501718] (-) TimerEvent: {}
[90.603006] (-) TimerEvent: {}
[90.704729] (-) TimerEvent: {}
[90.806518] (-) TimerEvent: {}
[90.908527] (-) TimerEvent: {}
[91.010540] (-) TimerEvent: {}
[91.112032] (-) TimerEvent: {}
[91.213248] (-) TimerEvent: {}
[91.314886] (-) TimerEvent: {}
[91.416535] (-) TimerEvent: {}
[91.518409] (-) TimerEvent: {}
[91.620211] (-) TimerEvent: {}
[91.721843] (-) TimerEvent: {}
[91.823852] (-) TimerEvent: {}
[91.925480] (-) TimerEvent: {}
[92.027134] (-) TimerEvent: {}
[92.128877] (-) TimerEvent: {}
[92.230310] (-) TimerEvent: {}
[92.331889] (-) TimerEvent: {}
[92.433574] (-) TimerEvent: {}
[92.535163] (-) TimerEvent: {}
[92.636858] (-) TimerEvent: {}
[92.738286] (-) TimerEvent: {}
[92.839763] (-) TimerEvent: {}
[92.941135] (-) TimerEvent: {}
[93.042794] (-) TimerEvent: {}
[93.144314] (-) TimerEvent: {}
[93.245592] (-) TimerEvent: {}
[93.347513] (-) TimerEvent: {}
[93.449102] (-) TimerEvent: {}
[93.550441] (-) TimerEvent: {}
[93.652057] (-) TimerEvent: {}
[93.753507] (-) TimerEvent: {}
[93.854879] (-) TimerEvent: {}
[93.956449] (-) TimerEvent: {}
[94.057680] (-) TimerEvent: {}
[94.159373] (-) TimerEvent: {}
[94.260503] (-) TimerEvent: {}
[94.361916] (-) TimerEvent: {}
[94.463906] (-) TimerEvent: {}
[94.567828] (-) TimerEvent: {}
[94.669509] (-) TimerEvent: {}
[94.771099] (-) TimerEvent: {}
[94.872503] (-) TimerEvent: {}
[94.974012] (-) TimerEvent: {}
[95.075523] (-) TimerEvent: {}
[95.177129] (-) TimerEvent: {}
[95.278430] (-) TimerEvent: {}
[95.379852] (-) TimerEvent: {}
[95.481402] (-) TimerEvent: {}
[95.582782] (-) TimerEvent: {}
[95.684213] (-) TimerEvent: {}
[95.785740] (-) TimerEvent: {}
[95.887075] (-) TimerEvent: {}
[95.988828] (-) TimerEvent: {}
[96.090450] (-) TimerEvent: {}
[96.191966] (-) TimerEvent: {}
[96.293477] (-) TimerEvent: {}
[96.394828] (-) TimerEvent: {}
[96.496129] (-) TimerEvent: {}
[96.597721] (-) TimerEvent: {}
[96.699174] (-) TimerEvent: {}
[96.800639] (-) TimerEvent: {}
[96.902158] (-) TimerEvent: {}
[97.005090] (-) TimerEvent: {}
[97.106519] (-) TimerEvent: {}
[97.207957] (-) TimerEvent: {}
[97.310608] (-) TimerEvent: {}
[97.413360] (-) TimerEvent: {}
[97.516106] (-) TimerEvent: {}
[97.618886] (-) TimerEvent: {}
[97.721308] (-) TimerEvent: {}
[97.823792] (-) TimerEvent: {}
[97.926434] (-) TimerEvent: {}
[98.029377] (-) TimerEvent: {}
[98.132489] (-) TimerEvent: {}
[98.235606] (-) TimerEvent: {}
[98.337102] (-) TimerEvent: {}
[98.438679] (-) TimerEvent: {}
[98.540392] (-) TimerEvent: {}
[98.641958] (-) TimerEvent: {}
[98.743647] (-) TimerEvent: {}
[98.844987] (-) TimerEvent: {}
[98.946287] (-) TimerEvent: {}
[99.047607] (-) TimerEvent: {}
[99.148986] (-) TimerEvent: {}
[99.250940] (-) TimerEvent: {}
[99.355051] (-) TimerEvent: {}
[99.457039] (-) TimerEvent: {}
[99.558382] (-) TimerEvent: {}
[99.659611] (-) TimerEvent: {}
[99.761111] (-) TimerEvent: {}
[99.864024] (-) TimerEvent: {}
[99.965331] (-) TimerEvent: {}
[100.066423] (-) TimerEvent: {}
[100.167656] (-) TimerEvent: {}
[100.269372] (-) TimerEvent: {}
[100.370712] (-) TimerEvent: {}
[100.472210] (-) TimerEvent: {}
[100.573829] (-) TimerEvent: {}
[100.675364] (-) TimerEvent: {}
[100.778890] (-) TimerEvent: {}
[100.881254] (-) TimerEvent: {}
[100.984506] (-) TimerEvent: {}
[101.086363] (-) TimerEvent: {}
[101.187710] (-) TimerEvent: {}
[101.289421] (-) TimerEvent: {}
[101.391104] (-) TimerEvent: {}
[101.495039] (-) TimerEvent: {}
[101.598949] (-) TimerEvent: {}
[101.702136] (-) TimerEvent: {}
[101.803530] (-) TimerEvent: {}
[101.904819] (-) TimerEvent: {}
[102.006594] (-) TimerEvent: {}
[102.108198] (-) TimerEvent: {}
[102.210181] (-) TimerEvent: {}
[102.312236] (-) TimerEvent: {}
[102.414245] (-) TimerEvent: {}
[102.515408] (-) TimerEvent: {}
[102.616907] (-) TimerEvent: {}
[102.718350] (-) TimerEvent: {}
[102.819774] (-) TimerEvent: {}
[102.922016] (-) TimerEvent: {}
[103.023403] (-) TimerEvent: {}
[103.124822] (-) TimerEvent: {}
[103.226469] (-) TimerEvent: {}
[103.328299] (-) TimerEvent: {}
[103.429696] (-) TimerEvent: {}
[103.531221] (-) TimerEvent: {}
[103.632581] (-) TimerEvent: {}
[103.734393] (-) TimerEvent: {}
[103.836089] (-) TimerEvent: {}
[103.937692] (-) TimerEvent: {}
[104.039329] (-) TimerEvent: {}
[104.141074] (-) TimerEvent: {}
[104.242719] (-) TimerEvent: {}
[104.344216] (-) TimerEvent: {}
[104.446084] (-) TimerEvent: {}
[104.547712] (-) TimerEvent: {}
[104.649252] (-) TimerEvent: {}
[104.750708] (-) TimerEvent: {}
[104.852093] (-) TimerEvent: {}
[104.953448] (-) TimerEvent: {}
[105.055076] (-) TimerEvent: {}
[105.156533] (-) TimerEvent: {}
[105.258201] (-) TimerEvent: {}
[105.359553] (-) TimerEvent: {}
[105.460832] (-) TimerEvent: {}
[105.562014] (-) TimerEvent: {}
[105.663186] (-) TimerEvent: {}
[105.764403] (-) TimerEvent: {}
[105.865756] (-) TimerEvent: {}
[105.967460] (-) TimerEvent: {}
[106.068795] (-) TimerEvent: {}
[106.170436] (-) TimerEvent: {}
[106.272137] (-) TimerEvent: {}
[106.373640] (-) TimerEvent: {}
[106.475082] (-) TimerEvent: {}
[106.576572] (-) TimerEvent: {}
[106.679300] (-) TimerEvent: {}
[106.805739] (-) TimerEvent: {}
[106.906992] (-) TimerEvent: {}
[107.008377] (-) TimerEvent: {}
[107.109886] (-) TimerEvent: {}
[107.217741] (-) TimerEvent: {}
[107.334309] (-) TimerEvent: {}
[107.467558] (-) TimerEvent: {}
[107.581094] (-) TimerEvent: {}
[107.682497] (-) TimerEvent: {}
[107.783810] (-) TimerEvent: {}
[107.885278] (-) TimerEvent: {}
[107.986511] (-) TimerEvent: {}
[108.088104] (-) TimerEvent: {}
[108.189873] (-) TimerEvent: {}
[108.291527] (-) TimerEvent: {}
[108.504714] (-) TimerEvent: {}
[108.606415] (-) TimerEvent: {}
[108.707772] (-) TimerEvent: {}
[108.809239] (-) TimerEvent: {}
[108.910709] (-) TimerEvent: {}
[109.013538] (-) TimerEvent: {}
[109.114989] (-) TimerEvent: {}
[109.216444] (-) TimerEvent: {}
[109.317859] (-) TimerEvent: {}
[109.419046] (-) TimerEvent: {}
[109.520557] (-) TimerEvent: {}
[109.622102] (-) TimerEvent: {}
[109.723532] (-) TimerEvent: {}
[109.825926] (-) TimerEvent: {}
[109.928099] (-) TimerEvent: {}
[110.029715] (-) TimerEvent: {}
[110.131327] (-) TimerEvent: {}
[110.232835] (-) TimerEvent: {}
[110.334362] (-) TimerEvent: {}
[110.435664] (-) TimerEvent: {}
[110.537169] (-) TimerEvent: {}
[110.638633] (-) TimerEvent: {}
[110.740074] (-) TimerEvent: {}
[110.841670] (-) TimerEvent: {}
[110.943134] (-) TimerEvent: {}
[111.044578] (-) TimerEvent: {}
[111.145995] (-) TimerEvent: {}
[111.247762] (-) TimerEvent: {}
[111.350063] (-) TimerEvent: {}
[111.452312] (-) TimerEvent: {}
[111.554031] (-) TimerEvent: {}
[111.655663] (-) TimerEvent: {}
[111.757566] (-) TimerEvent: {}
[111.859369] (-) TimerEvent: {}
[111.961023] (-) TimerEvent: {}
[112.062401] (-) TimerEvent: {}
[112.163806] (-) TimerEvent: {}
[112.265164] (-) TimerEvent: {}
[112.366426] (-) TimerEvent: {}
[112.467825] (-) TimerEvent: {}
[112.569187] (-) TimerEvent: {}
[112.670775] (-) TimerEvent: {}
[112.772630] (-) TimerEvent: {}
[112.874309] (-) TimerEvent: {}
[112.975790] (-) TimerEvent: {}
[113.077399] (-) TimerEvent: {}
[113.178601] (-) TimerEvent: {}
[113.280040] (-) TimerEvent: {}
[113.381569] (-) TimerEvent: {}
[113.483403] (-) TimerEvent: {}
[113.585523] (-) TimerEvent: {}
[113.687069] (-) TimerEvent: {}
[113.788569] (-) TimerEvent: {}
[113.890040] (-) TimerEvent: {}
[113.991495] (-) TimerEvent: {}
[114.093085] (-) TimerEvent: {}
[114.194472] (-) TimerEvent: {}
[114.295788] (-) TimerEvent: {}
[114.397408] (-) TimerEvent: {}
[114.499965] (-) TimerEvent: {}
[114.601998] (-) TimerEvent: {}
[114.703313] (-) TimerEvent: {}
[114.804885] (-) TimerEvent: {}
[114.906404] (-) TimerEvent: {}
[115.008149] (-) TimerEvent: {}
[115.110145] (-) TimerEvent: {}
[115.213085] (-) TimerEvent: {}
[115.315199] (-) TimerEvent: {}
[115.417188] (-) TimerEvent: {}
[115.519097] (-) TimerEvent: {}
[115.620872] (-) TimerEvent: {}
[115.722250] (-) TimerEvent: {}
[115.823898] (-) TimerEvent: {}
[115.925286] (-) TimerEvent: {}
[116.027137] (-) TimerEvent: {}
[116.128373] (-) TimerEvent: {}
[116.229920] (-) TimerEvent: {}
[116.331665] (-) TimerEvent: {}
[116.433245] (-) TimerEvent: {}
[116.534892] (-) TimerEvent: {}
[116.636622] (-) TimerEvent: {}
[116.738309] (-) TimerEvent: {}
[116.839813] (-) TimerEvent: {}
[116.941706] (-) TimerEvent: {}
[117.043172] (-) TimerEvent: {}
[117.162361] (-) TimerEvent: {}
[117.264131] (-) TimerEvent: {}
[117.366136] (-) TimerEvent: {}
[117.516129] (-) TimerEvent: {}
[117.617530] (-) TimerEvent: {}
[117.718966] (-) TimerEvent: {}
[117.820443] (-) TimerEvent: {}
[117.921767] (-) TimerEvent: {}
[118.023241] (-) TimerEvent: {}
[118.124872] (-) TimerEvent: {}
[118.226357] (-) TimerEvent: {}
[118.327862] (-) TimerEvent: {}
[118.429435] (-) TimerEvent: {}
[118.530839] (-) TimerEvent: {}
[118.633978] (-) TimerEvent: {}
[118.735515] (-) TimerEvent: {}
[118.836965] (-) TimerEvent: {}
[118.938558] (-) TimerEvent: {}
[119.040348] (-) TimerEvent: {}
[119.148224] (sllidar_ros2) StderrLine: {'line': b'In file included from \x1b[01m\x1b[K/home/arno/RoombaV2Onboard/src/sllidar_ros2/./sdk/include/sl_lidar_cmd.h:41\x1b[m\x1b[K,\n'}
[119.258521] (-) TimerEvent: {}
[119.259715] (sllidar_ros2) StderrLine: {'line': b'                 from \x1b[01m\x1b[K/home/arno/RoombaV2Onboard/src/sllidar_ros2/./sdk/include/sl_lidar_driver.h:54\x1b[m\x1b[K,\n'}
[119.263250] (sllidar_ros2) StderrLine: {'line': b'                 from \x1b[01m\x1b[K/home/arno/RoombaV2Onboard/src/sllidar_ros2/./sdk/include/sl_lidar.h:36\x1b[m\x1b[K,\n'}
[119.264445] (sllidar_ros2) StderrLine: {'line': b'                 from \x1b[01m\x1b[K/home/arno/RoombaV2Onboard/src/sllidar_ros2/src/sllidar_node.cpp:38\x1b[m\x1b[K:\n'}
[119.265660] (sllidar_ros2) StderrLine: {'line': b'\x1b[01m\x1b[K/home/arno/RoombaV2Onboard/src/sllidar_ros2/./sdk/include/sl_lidar_protocol.h:66:16:\x1b[m\x1b[K \x1b[01;35m\x1b[Kwarning: \x1b[m\x1b[KISO C++ forbids zero-size array \xe2\x80\x98\x1b[01m\x1b[Kdata\x1b[m\x1b[K\xe2\x80\x99 [\x1b[01;35m\x1b[K\x1b]8;;https://gcc.gnu.org/onlinedocs/gcc/Warning-Options.html#index-Wpedantic\x07-Wpedantic\x1b]8;;\x07\x1b[m\x1b[K]\n'}
[119.267336] (sllidar_ros2) StderrLine: {'line': b'   66 |     sl_u8 data[\x1b[01;35m\x1b[K0\x1b[m\x1b[K];\n'}
[119.268639] (sllidar_ros2) StderrLine: {'line': b'      |                \x1b[01;35m\x1b[K^\x1b[m\x1b[K\n'}
[119.269888] (sllidar_ros2) StderrLine: {'line': b'In file included from \x1b[01m\x1b[K/home/arno/RoombaV2Onboard/src/sllidar_ros2/./sdk/include/sl_lidar_driver.h:54\x1b[m\x1b[K,\n'}
[119.271030] (sllidar_ros2) StderrLine: {'line': b'                 from \x1b[01m\x1b[K/home/arno/RoombaV2Onboard/src/sllidar_ros2/./sdk/include/sl_lidar.h:36\x1b[m\x1b[K,\n'}
[119.272169] (sllidar_ros2) StderrLine: {'line': b'                 from \x1b[01m\x1b[K/home/arno/RoombaV2Onboard/src/sllidar_ros2/src/sllidar_node.cpp:38\x1b[m\x1b[K:\n'}
[119.273460] (sllidar_ros2) StderrLine: {'line': b'\x1b[01m\x1b[K/home/arno/RoombaV2Onboard/src/sllidar_ros2/./sdk/include/sl_lidar_cmd.h:324:20:\x1b[m\x1b[K \x1b[01;35m\x1b[Kwarning: \x1b[m\x1b[KISO C++ forbids zero-size array \xe2\x80\x98\x1b[01m\x1b[Kpayload\x1b[m\x1b[K\xe2\x80\x99 [\x1b[01;35m\x1b[K\x1b]8;;https://gcc.gnu.org/onlinedocs/gcc/Warning-Options.html#index-Wpedantic\x07-Wpedantic\x1b]8;;\x07\x1b[m\x1b[K]\n'}
[119.274785] (sllidar_ros2) StderrLine: {'line': b'  324 |     sl_u8  payload[\x1b[01;35m\x1b[K0\x1b[m\x1b[K];\n'}
[119.276066] (sllidar_ros2) StderrLine: {'line': b'      |                    \x1b[01;35m\x1b[K^\x1b[m\x1b[K\n'}
[119.358690] (-) TimerEvent: {}
[119.460096] (-) TimerEvent: {}
[119.561654] (-) TimerEvent: {}
[119.663089] (-) TimerEvent: {}
[119.764525] (-) TimerEvent: {}
[119.866239] (-) TimerEvent: {}
[119.967727] (-) TimerEvent: {}
[120.069579] (-) TimerEvent: {}
[120.171042] (-) TimerEvent: {}
[120.272295] (-) TimerEvent: {}
[120.373536] (-) TimerEvent: {}
[120.474861] (-) TimerEvent: {}
[120.576053] (-) TimerEvent: {}
[120.677365] (-) TimerEvent: {}
[120.779623] (-) TimerEvent: {}
[120.882140] (-) TimerEvent: {}
[120.983583] (-) TimerEvent: {}
[121.084983] (-) TimerEvent: {}
[121.186746] (-) TimerEvent: {}
[121.288305] (-) TimerEvent: {}
[121.389909] (-) TimerEvent: {}
[121.491541] (-) TimerEvent: {}
[121.592788] (-) TimerEvent: {}
[121.694173] (-) TimerEvent: {}
[121.795549] (-) TimerEvent: {}
[121.896991] (-) TimerEvent: {}
[121.998851] (-) TimerEvent: {}
[122.100705] (-) TimerEvent: {}
[122.202166] (-) TimerEvent: {}
[122.303723] (-) TimerEvent: {}
[122.404993] (-) TimerEvent: {}
[122.506496] (-) TimerEvent: {}
[122.607748] (-) TimerEvent: {}
[122.708982] (-) TimerEvent: {}
[122.810301] (-) TimerEvent: {}
[122.912028] (-) TimerEvent: {}
[123.014056] (-) TimerEvent: {}
[123.115407] (-) TimerEvent: {}
[123.217037] (-) TimerEvent: {}
[123.318348] (-) TimerEvent: {}
[123.419640] (-) TimerEvent: {}
[123.520895] (-) TimerEvent: {}
[123.622504] (-) TimerEvent: {}
[123.723933] (-) TimerEvent: {}
[123.825123] (-) TimerEvent: {}
[123.926518] (-) TimerEvent: {}
[124.027693] (-) TimerEvent: {}
[124.129212] (-) TimerEvent: {}
[124.230720] (-) TimerEvent: {}
[124.332002] (-) TimerEvent: {}
[124.435883] (-) TimerEvent: {}
[124.537827] (-) TimerEvent: {}
[124.639329] (-) TimerEvent: {}
[124.740471] (-) TimerEvent: {}
[124.841671] (-) TimerEvent: {}
[124.942839] (-) TimerEvent: {}
[125.044096] (-) TimerEvent: {}
[125.145300] (-) TimerEvent: {}
[125.246721] (-) TimerEvent: {}
[125.347935] (-) TimerEvent: {}
[125.449462] (-) TimerEvent: {}
[125.551093] (-) TimerEvent: {}
[125.652326] (-) TimerEvent: {}
[125.754162] (-) TimerEvent: {}
[125.856153] (-) TimerEvent: {}
[125.957484] (-) TimerEvent: {}
[126.059033] (-) TimerEvent: {}
[126.160701] (-) TimerEvent: {}
[126.262745] (-) TimerEvent: {}
[126.364214] (-) TimerEvent: {}
[126.465869] (-) TimerEvent: {}
[126.567475] (-) TimerEvent: {}
[126.669026] (-) TimerEvent: {}
[126.770560] (-) TimerEvent: {}
[126.872207] (-) TimerEvent: {}
[126.973949] (-) TimerEvent: {}
[127.075391] (-) TimerEvent: {}
[127.176918] (-) TimerEvent: {}
[127.278485] (-) TimerEvent: {}
[127.379729] (-) TimerEvent: {}
[127.481255] (-) TimerEvent: {}
[127.583042] (-) TimerEvent: {}
[127.684691] (-) TimerEvent: {}
[127.786145] (-) TimerEvent: {}
[127.887433] (-) TimerEvent: {}
[127.989024] (-) TimerEvent: {}
[128.090988] (-) TimerEvent: {}
[128.192618] (-) TimerEvent: {}
[128.294580] (-) TimerEvent: {}
[128.395965] (-) TimerEvent: {}
[128.497524] (-) TimerEvent: {}
[128.598965] (-) TimerEvent: {}
[128.700616] (-) TimerEvent: {}
[128.802607] (-) TimerEvent: {}
[128.904850] (-) TimerEvent: {}
[129.006991] (-) TimerEvent: {}
[129.108508] (-) TimerEvent: {}
[129.210082] (-) TimerEvent: {}
[129.311549] (-) TimerEvent: {}
[129.413054] (-) TimerEvent: {}
[129.514645] (-) TimerEvent: {}
[129.616479] (-) TimerEvent: {}
[129.718208] (-) TimerEvent: {}
[129.819878] (-) TimerEvent: {}
[129.921749] (-) TimerEvent: {}
[130.023041] (-) TimerEvent: {}
[130.124571] (-) TimerEvent: {}
[130.226402] (-) TimerEvent: {}
[130.328184] (-) TimerEvent: {}
[130.429843] (-) TimerEvent: {}
[130.531256] (-) TimerEvent: {}
[130.632797] (-) TimerEvent: {}
[130.783882] (-) TimerEvent: {}
[130.885928] (-) TimerEvent: {}
[130.987629] (-) TimerEvent: {}
[131.089730] (-) TimerEvent: {}
[131.191213] (-) TimerEvent: {}
[131.292998] (-) TimerEvent: {}
[131.394505] (-) TimerEvent: {}
[131.495874] (-) TimerEvent: {}
[131.597371] (-) TimerEvent: {}
[131.699182] (-) TimerEvent: {}
[131.801852] (-) TimerEvent: {}
[131.903654] (-) TimerEvent: {}
[132.005201] (-) TimerEvent: {}
[132.106654] (-) TimerEvent: {}
[132.207924] (-) TimerEvent: {}
[132.309629] (-) TimerEvent: {}
[132.411091] (-) TimerEvent: {}
[132.512343] (-) TimerEvent: {}
[132.613610] (-) TimerEvent: {}
[132.715196] (-) TimerEvent: {}
[132.816410] (-) TimerEvent: {}
[132.918280] (-) TimerEvent: {}
[133.020051] (-) TimerEvent: {}
[133.121492] (-) TimerEvent: {}
[133.222876] (-) TimerEvent: {}
[133.324461] (-) TimerEvent: {}
[133.425657] (-) TimerEvent: {}
[133.526920] (-) TimerEvent: {}
[133.628082] (-) TimerEvent: {}
[133.729993] (-) TimerEvent: {}
[133.831421] (-) TimerEvent: {}
[133.933014] (-) TimerEvent: {}
[134.034857] (-) TimerEvent: {}
[134.137733] (-) TimerEvent: {}
[134.239157] (-) TimerEvent: {}
[134.340937] (-) TimerEvent: {}
[134.442429] (-) TimerEvent: {}
[134.543699] (-) TimerEvent: {}
[134.644864] (-) TimerEvent: {}
[134.746692] (-) TimerEvent: {}
[134.848445] (-) TimerEvent: {}
[134.950406] (-) TimerEvent: {}
[135.052039] (-) TimerEvent: {}
[135.153780] (-) TimerEvent: {}
[135.255298] (-) TimerEvent: {}
[135.357909] (-) TimerEvent: {}
[135.459693] (-) TimerEvent: {}
[135.561001] (-) TimerEvent: {}
[135.662658] (-) TimerEvent: {}
[135.780291] (-) TimerEvent: {}
[135.804368] (sllidar_ros2) StdoutLine: {'line': b'[ 65%] \x1b[32mBuilding CXX object CMakeFiles/sllidar_node.dir/sdk/src/sl_lidar_driver.cpp.o\x1b[0m\n'}
[136.458402] (-) TimerEvent: {}
[136.560573] (-) TimerEvent: {}
[136.662098] (-) TimerEvent: {}
[136.763975] (-) TimerEvent: {}
[136.865498] (-) TimerEvent: {}
[136.966871] (-) TimerEvent: {}
[137.068008] (-) TimerEvent: {}
[137.169684] (-) TimerEvent: {}
[137.271327] (-) TimerEvent: {}
[137.373025] (-) TimerEvent: {}
[137.478152] (-) TimerEvent: {}
[137.579745] (-) TimerEvent: {}
[137.710267] (-) TimerEvent: {}
[137.891951] (-) TimerEvent: {}
[138.524154] (sllidar_ros2) StdoutLine: {'line': b'[ 70%] \x1b[32mBuilding CXX object CMakeFiles/sllidar_node.dir/sdk/src/sl_crc.cpp.o\x1b[0m\n'}
[138.584206] (-) TimerEvent: {}
[138.810793] (-) TimerEvent: {}
[138.972315] (-) TimerEvent: {}
[139.074118] (-) TimerEvent: {}
[139.117860] (sllidar_ros2) StderrLine: {'line': b'In file included from \x1b[01m\x1b[K/home/arno/RoombaV2Onboard/src/sllidar_ros2/./sdk/include/sl_lidar_cmd.h:41\x1b[m\x1b[K,\n'}
[139.122860] (sllidar_ros2) StderrLine: {'line': b'                 from \x1b[01m\x1b[K/home/arno/RoombaV2Onboard/src/sllidar_ros2/./sdk/include/sl_crc.h:36\x1b[m\x1b[K,\n'}
[139.125098] (sllidar_ros2) StderrLine: {'line': b'                 from \x1b[01m\x1b[K/home/arno/RoombaV2Onboard/src/sllidar_ros2/sdk/src/sl_crc.cpp:33\x1b[m\x1b[K:\n'}
[139.127424] (sllidar_ros2) StderrLine: {'line': b'\x1b[01m\x1b[K/home/arno/RoombaV2Onboard/src/sllidar_ros2/./sdk/include/sl_lidar_protocol.h:66:16:\x1b[m\x1b[K \x1b[01;35m\x1b[Kwarning: \x1b[m\x1b[KISO C++ forbids zero-size array \xe2\x80\x98\x1b[01m\x1b[Kdata\x1b[m\x1b[K\xe2\x80\x99 [\x1b[01;35m\x1b[K\x1b]8;;https://gcc.gnu.org/onlinedocs/gcc/Warning-Options.html#index-Wpedantic\x07-Wpedantic\x1b]8;;\x07\x1b[m\x1b[K]\n'}
[139.128904] (sllidar_ros2) StderrLine: {'line': b'   66 |     sl_u8 data[\x1b[01;35m\x1b[K0\x1b[m\x1b[K];\n'}
[139.130351] (sllidar_ros2) StderrLine: {'line': b'      |                \x1b[01;35m\x1b[K^\x1b[m\x1b[K\n'}
[139.131984] (sllidar_ros2) StderrLine: {'line': b'In file included from \x1b[01m\x1b[K/home/arno/RoombaV2Onboard/src/sllidar_ros2/./sdk/include/sl_crc.h:36\x1b[m\x1b[K,\n'}
[139.133776] (sllidar_ros2) StderrLine: {'line': b'                 from \x1b[01m\x1b[K/home/arno/RoombaV2Onboard/src/sllidar_ros2/sdk/src/sl_crc.cpp:33\x1b[m\x1b[K:\n'}
[139.230251] (-) TimerEvent: {}
[139.239792] (sllidar_ros2) StderrLine: {'line': b'\x1b[01m\x1b[K/home/arno/RoombaV2Onboard/src/sllidar_ros2/./sdk/include/sl_lidar_cmd.h:324:20:\x1b[m\x1b[K \x1b[01;35m\x1b[Kwarning: \x1b[m\x1b[KISO C++ forbids zero-size array \xe2\x80\x98\x1b[01m\x1b[Kpayload\x1b[m\x1b[K\xe2\x80\x99 [\x1b[01;35m\x1b[K\x1b]8;;https://gcc.gnu.org/onlinedocs/gcc/Warning-Options.html#index-Wpedantic\x07-Wpedantic\x1b]8;;\x07\x1b[m\x1b[K]\n'}
[139.241053] (sllidar_ros2) StderrLine: {'line': b'  324 |     sl_u8  payload[\x1b[01;35m\x1b[K0\x1b[m\x1b[K];\n'}
[139.242146] (sllidar_ros2) StderrLine: {'line': b'      |                    \x1b[01;35m\x1b[K^\x1b[m\x1b[K\n'}
[139.330637] (-) TimerEvent: {}
[139.433943] (-) TimerEvent: {}
[139.535399] (-) TimerEvent: {}
[139.636525] (-) TimerEvent: {}
[139.737901] (-) TimerEvent: {}
[139.839778] (-) TimerEvent: {}
[139.941794] (-) TimerEvent: {}
[140.043460] (-) TimerEvent: {}
[140.145363] (-) TimerEvent: {}
[140.247245] (-) TimerEvent: {}
[140.348688] (-) TimerEvent: {}
[140.450369] (-) TimerEvent: {}
[140.551546] (-) TimerEvent: {}
[140.652730] (-) TimerEvent: {}
[140.754475] (-) TimerEvent: {}
[140.855883] (-) TimerEvent: {}
[140.957316] (-) TimerEvent: {}
[141.058583] (-) TimerEvent: {}
[141.160214] (-) TimerEvent: {}
[141.261534] (-) TimerEvent: {}
[141.362755] (-) TimerEvent: {}
[141.464068] (-) TimerEvent: {}
[141.565144] (-) TimerEvent: {}
[141.666269] (-) TimerEvent: {}
[141.767676] (-) TimerEvent: {}
[141.868840] (-) TimerEvent: {}
[141.969989] (-) TimerEvent: {}
[142.071478] (-) TimerEvent: {}
[142.173259] (-) TimerEvent: {}
[142.275074] (-) TimerEvent: {}
[142.376256] (-) TimerEvent: {}
[142.477516] (-) TimerEvent: {}
[142.579018] (-) TimerEvent: {}
[142.680251] (-) TimerEvent: {}
[142.781924] (-) TimerEvent: {}
[142.884531] (-) TimerEvent: {}
[142.986329] (-) TimerEvent: {}
[143.088673] (-) TimerEvent: {}
[143.191696] (-) TimerEvent: {}
[143.293360] (-) TimerEvent: {}
[143.608858] (-) TimerEvent: {}
[143.713093] (-) TimerEvent: {}
[143.814441] (-) TimerEvent: {}
[143.916124] (-) TimerEvent: {}
[144.017771] (-) TimerEvent: {}
[144.119062] (-) TimerEvent: {}
[144.220718] (-) TimerEvent: {}
[144.322245] (-) TimerEvent: {}
[144.423802] (-) TimerEvent: {}
[144.525581] (-) TimerEvent: {}
[144.627221] (-) TimerEvent: {}
[144.728630] (-) TimerEvent: {}
[144.830163] (-) TimerEvent: {}
[144.931813] (-) TimerEvent: {}
[145.033459] (-) TimerEvent: {}
[145.134602] (-) TimerEvent: {}
[145.235931] (-) TimerEvent: {}
[145.337692] (-) TimerEvent: {}
[145.439938] (-) TimerEvent: {}
[145.541186] (-) TimerEvent: {}
[145.642619] (-) TimerEvent: {}
[145.744214] (-) TimerEvent: {}
[145.845693] (-) TimerEvent: {}
[145.948978] (-) TimerEvent: {}
[146.052086] (-) TimerEvent: {}
[146.154129] (-) TimerEvent: {}
[146.255726] (-) TimerEvent: {}
[146.356954] (-) TimerEvent: {}
[146.458552] (-) TimerEvent: {}
[146.560821] (-) TimerEvent: {}
[146.662443] (-) TimerEvent: {}
[146.764146] (-) TimerEvent: {}
[146.865547] (-) TimerEvent: {}
[146.968031] (-) TimerEvent: {}
[147.070195] (-) TimerEvent: {}
[147.172046] (-) TimerEvent: {}
[147.273490] (-) TimerEvent: {}
[147.374665] (-) TimerEvent: {}
[147.476245] (-) TimerEvent: {}
[147.577763] (-) TimerEvent: {}
[147.678950] (-) TimerEvent: {}
[147.780210] (-) TimerEvent: {}
[147.882170] (-) TimerEvent: {}
[147.983870] (-) TimerEvent: {}
[148.085733] (-) TimerEvent: {}
[148.187001] (-) TimerEvent: {}
[148.288675] (-) TimerEvent: {}
[148.706854] (-) TimerEvent: {}
[148.810938] (-) TimerEvent: {}
[148.914770] (-) TimerEvent: {}
[149.017267] (-) TimerEvent: {}
[149.119554] (-) TimerEvent: {}
[149.222012] (-) TimerEvent: {}
[149.325549] (-) TimerEvent: {}
[149.426752] (-) TimerEvent: {}
[149.528456] (-) TimerEvent: {}
[149.630048] (-) TimerEvent: {}
[149.731827] (-) TimerEvent: {}
[149.833673] (-) TimerEvent: {}
[149.935666] (-) TimerEvent: {}
[150.039272] (-) TimerEvent: {}
[150.142142] (-) TimerEvent: {}
[150.243849] (-) TimerEvent: {}
[150.345526] (-) TimerEvent: {}
[150.447234] (-) TimerEvent: {}
[150.548903] (-) TimerEvent: {}
[150.650767] (-) TimerEvent: {}
[150.752361] (-) TimerEvent: {}
[150.854204] (-) TimerEvent: {}
[150.957168] (-) TimerEvent: {}
[151.058956] (-) TimerEvent: {}
[151.160655] (-) TimerEvent: {}
[151.262011] (-) TimerEvent: {}
[151.363537] (-) TimerEvent: {}
[151.466788] (-) TimerEvent: {}
[151.568384] (-) TimerEvent: {}
[151.670138] (-) TimerEvent: {}
[151.771366] (-) TimerEvent: {}
[151.873126] (-) TimerEvent: {}
[151.974573] (-) TimerEvent: {}
[152.076109] (-) TimerEvent: {}
[152.177775] (-) TimerEvent: {}
[152.279774] (-) TimerEvent: {}
[152.381785] (-) TimerEvent: {}
[152.483438] (-) TimerEvent: {}
[152.585028] (-) TimerEvent: {}
[152.686639] (-) TimerEvent: {}
[152.787947] (-) TimerEvent: {}
[152.889634] (-) TimerEvent: {}
[152.991306] (-) TimerEvent: {}
[153.092801] (-) TimerEvent: {}
[153.194346] (-) TimerEvent: {}
[153.296002] (-) TimerEvent: {}
[153.659206] (sllidar_ros2) StderrLine: {'line': b'In file included from \x1b[01m\x1b[K/home/arno/RoombaV2Onboard/src/sllidar_ros2/./sdk/include/rplidar_protocol.h:36\x1b[m\x1b[K,\n'}
[153.753068] (-) TimerEvent: {}
[153.754267] (sllidar_ros2) StderrLine: {'line': b'                 from \x1b[01m\x1b[K/home/arno/RoombaV2Onboard/src/sllidar_ros2/./sdk/include/rplidar.h:39\x1b[m\x1b[K,\n'}
[153.755513] (sllidar_ros2) StderrLine: {'line': b'                 from \x1b[01m\x1b[K/home/arno/RoombaV2Onboard/src/sllidar_ros2/sdk/src/sdkcommon.h:49\x1b[m\x1b[K,\n'}
[153.756449] (sllidar_ros2) StderrLine: {'line': b'                 from \x1b[01m\x1b[K/home/arno/RoombaV2Onboard/src/sllidar_ros2/sdk/src/sl_lidar_driver.cpp:33\x1b[m\x1b[K:\n'}
[153.757603] (sllidar_ros2) StderrLine: {'line': b'\x1b[01m\x1b[K/home/arno/RoombaV2Onboard/src/sllidar_ros2/./sdk/include/sl_lidar_protocol.h:66:16:\x1b[m\x1b[K \x1b[01;35m\x1b[Kwarning: \x1b[m\x1b[KISO C++ forbids zero-size array \xe2\x80\x98\x1b[01m\x1b[Kdata\x1b[m\x1b[K\xe2\x80\x99 [\x1b[01;35m\x1b[K\x1b]8;;https://gcc.gnu.org/onlinedocs/gcc/Warning-Options.html#index-Wpedantic\x07-Wpedantic\x1b]8;;\x07\x1b[m\x1b[K]\n'}
[153.759292] (sllidar_ros2) StderrLine: {'line': b'   66 |     sl_u8 data[\x1b[01;35m\x1b[K0\x1b[m\x1b[K];\n'}
[153.760595] (sllidar_ros2) StderrLine: {'line': b'      |                \x1b[01;35m\x1b[K^\x1b[m\x1b[K\n'}
[153.762208] (sllidar_ros2) StderrLine: {'line': b'In file included from \x1b[01m\x1b[K/home/arno/RoombaV2Onboard/src/sllidar_ros2/./sdk/include/rplidar_cmd.h:36\x1b[m\x1b[K,\n'}
[153.763392] (sllidar_ros2) StderrLine: {'line': b'                 from \x1b[01m\x1b[K/home/arno/RoombaV2Onboard/src/sllidar_ros2/./sdk/include/rplidar.h:40\x1b[m\x1b[K,\n'}
[153.764291] (sllidar_ros2) StderrLine: {'line': b'                 from \x1b[01m\x1b[K/home/arno/RoombaV2Onboard/src/sllidar_ros2/sdk/src/sdkcommon.h:49\x1b[m\x1b[K,\n'}
[153.774262] (sllidar_ros2) StderrLine: {'line': b'                 from \x1b[01m\x1b[K/home/arno/RoombaV2Onboard/src/sllidar_ros2/sdk/src/sl_lidar_driver.cpp:33\x1b[m\x1b[K:\n'}
[153.776318] (sllidar_ros2) StderrLine: {'line': b'\x1b[01m\x1b[K/home/arno/RoombaV2Onboard/src/sllidar_ros2/./sdk/include/sl_lidar_cmd.h:324:20:\x1b[m\x1b[K \x1b[01;35m\x1b[Kwarning: \x1b[m\x1b[KISO C++ forbids zero-size array \xe2\x80\x98\x1b[01m\x1b[Kpayload\x1b[m\x1b[K\xe2\x80\x99 [\x1b[01;35m\x1b[K\x1b]8;;https://gcc.gnu.org/onlinedocs/gcc/Warning-Options.html#index-Wpedantic\x07-Wpedantic\x1b]8;;\x07\x1b[m\x1b[K]\n'}
[153.778835] (sllidar_ros2) StderrLine: {'line': b'  324 |     sl_u8  payload[\x1b[01;35m\x1b[K0\x1b[m\x1b[K];\n'}
[153.780606] (sllidar_ros2) StderrLine: {'line': b'      |                    \x1b[01;35m\x1b[K^\x1b[m\x1b[K\n'}
[153.853410] (-) TimerEvent: {}
[153.955171] (-) TimerEvent: {}
[154.059195] (-) TimerEvent: {}
[154.161331] (-) TimerEvent: {}
[154.263963] (-) TimerEvent: {}
[154.366884] (-) TimerEvent: {}
[154.468212] (-) TimerEvent: {}
[154.569366] (-) TimerEvent: {}
[154.670650] (-) TimerEvent: {}
[154.772200] (-) TimerEvent: {}
[154.873832] (-) TimerEvent: {}
[154.975454] (-) TimerEvent: {}
[155.076709] (-) TimerEvent: {}
[155.178650] (-) TimerEvent: {}
[155.280481] (-) TimerEvent: {}
[155.382058] (-) TimerEvent: {}
[155.484108] (-) TimerEvent: {}
[155.585948] (-) TimerEvent: {}
[155.687802] (-) TimerEvent: {}
[155.791310] (-) TimerEvent: {}
[155.894819] (-) TimerEvent: {}
[155.998404] (-) TimerEvent: {}
[156.100024] (-) TimerEvent: {}
[156.201957] (-) TimerEvent: {}
[156.303810] (-) TimerEvent: {}
[156.405761] (-) TimerEvent: {}
[156.507291] (-) TimerEvent: {}
[156.608521] (-) TimerEvent: {}
[156.710322] (-) TimerEvent: {}
[156.812137] (-) TimerEvent: {}
[156.914112] (-) TimerEvent: {}
[157.015845] (-) TimerEvent: {}
[157.117732] (-) TimerEvent: {}
[157.219514] (-) TimerEvent: {}
[157.321017] (-) TimerEvent: {}
[157.422581] (-) TimerEvent: {}
[157.524362] (-) TimerEvent: {}
[157.625911] (-) TimerEvent: {}
[157.727382] (-) TimerEvent: {}
[157.830132] (-) TimerEvent: {}
[157.931432] (-) TimerEvent: {}
[158.032961] (-) TimerEvent: {}
[158.134423] (-) TimerEvent: {}
[158.235973] (-) TimerEvent: {}
[158.249744] (sllidar_ros2) StderrLine: {'line': b'In file included from \x1b[01m\x1b[K/home/arno/RoombaV2Onboard/src/sllidar_ros2/sdk/src/sl_lidar_driver.cpp:50\x1b[m\x1b[K:\n'}
[158.264816] (sllidar_ros2) StderrLine: {'line': b'\x1b[01m\x1b[K/home/arno/RoombaV2Onboard/src/sllidar_ros2/sdk/src/dataunpacker/dataunpacker.h:\x1b[m\x1b[K In member function \xe2\x80\x98\x1b[01m\x1b[Kvirtual void sl::internal::LIDARSampleDataListener::onCustomSampleDataDecoded(_u8, _u32, const void*, size_t)\x1b[m\x1b[K\xe2\x80\x99:\n'}
[158.271025] (sllidar_ros2) StderrLine: {'line': b'\x1b[01m\x1b[K/home/arno/RoombaV2Onboard/src/sllidar_ros2/sdk/src/dataunpacker/dataunpacker.h:54:52:\x1b[m\x1b[K \x1b[01;35m\x1b[Kwarning: \x1b[m\x1b[Kunused parameter \xe2\x80\x98\x1b[01m\x1b[KansType\x1b[m\x1b[K\xe2\x80\x99 [\x1b[01;35m\x1b[K\x1b]8;;https://gcc.gnu.org/onlinedocs/gcc/Warning-Options.html#index-Wunused-parameter\x07-Wunused-parameter\x1b]8;;\x07\x1b[m\x1b[K]\n'}
[158.272638] (sllidar_ros2) StderrLine: {'line': b'   54 |         virtual void onCustomSampleDataDecoded(\x1b[01;35m\x1b[K_u8 ansType\x1b[m\x1b[K, _u32 customCode, const void* data, size_t size) {}\n'}
[158.274165] (sllidar_ros2) StderrLine: {'line': b'      |                                                \x1b[01;35m\x1b[K~~~~^~~~~~~\x1b[m\x1b[K\n'}
[158.275483] (sllidar_ros2) StderrLine: {'line': b'\x1b[01m\x1b[K/home/arno/RoombaV2Onboard/src/sllidar_ros2/sdk/src/dataunpacker/dataunpacker.h:54:66:\x1b[m\x1b[K \x1b[01;35m\x1b[Kwarning: \x1b[m\x1b[Kunused parameter \xe2\x80\x98\x1b[01m\x1b[KcustomCode\x1b[m\x1b[K\xe2\x80\x99 [\x1b[01;35m\x1b[K\x1b]8;;https://gcc.gnu.org/onlinedocs/gcc/Warning-Options.html#index-Wunused-parameter\x07-Wunused-parameter\x1b]8;;\x07\x1b[m\x1b[K]\n'}
[158.276891] (sllidar_ros2) StderrLine: {'line': b'   54 |         virtual void onCustomSampleDataDecoded(_u8 ansType, \x1b[01;35m\x1b[K_u32 customCode\x1b[m\x1b[K, const void* data, size_t size) {}\n'}
[158.278256] (sllidar_ros2) StderrLine: {'line': b'      |                                                             \x1b[01;35m\x1b[K~~~~~^~~~~~~~~~\x1b[m\x1b[K\n'}
[158.279629] (sllidar_ros2) StderrLine: {'line': b'\x1b[01m\x1b[K/home/arno/RoombaV2Onboard/src/sllidar_ros2/sdk/src/dataunpacker/dataunpacker.h:54:90:\x1b[m\x1b[K \x1b[01;35m\x1b[Kwarning: \x1b[m\x1b[Kunused parameter \xe2\x80\x98\x1b[01m\x1b[Kdata\x1b[m\x1b[K\xe2\x80\x99 [\x1b[01;35m\x1b[K\x1b]8;;https://gcc.gnu.org/onlinedocs/gcc/Warning-Options.html#index-Wunused-parameter\x07-Wunused-parameter\x1b]8;;\x07\x1b[m\x1b[K]\n'}
[158.281015] (sllidar_ros2) StderrLine: {'line': b'   54 |         virtual void onCustomSampleDataDecoded(_u8 ansType, _u32 customCode, \x1b[01;35m\x1b[Kconst void* data\x1b[m\x1b[K, size_t size) {}\n'}
[158.282455] (sllidar_ros2) StderrLine: {'line': b'      |                                                                              \x1b[01;35m\x1b[K~~~~~~~~~~~~^~~~\x1b[m\x1b[K\n'}
[158.283829] (sllidar_ros2) StderrLine: {'line': b'\x1b[01m\x1b[K/home/arno/RoombaV2Onboard/src/sllidar_ros2/sdk/src/dataunpacker/dataunpacker.h:54:103:\x1b[m\x1b[K \x1b[01;35m\x1b[Kwarning: \x1b[m\x1b[Kunused parameter \xe2\x80\x98\x1b[01m\x1b[Ksize\x1b[m\x1b[K\xe2\x80\x99 [\x1b[01;35m\x1b[K\x1b]8;;https://gcc.gnu.org/onlinedocs/gcc/Warning-Options.html#index-Wunused-parameter\x07-Wunused-parameter\x1b]8;;\x07\x1b[m\x1b[K]\n'}
[158.285226] (sllidar_ros2) StderrLine: {'line': b'   54 |         virtual void onCustomSampleDataDecoded(_u8 ansType, _u32 customCode, const void* data, \x1b[01;35m\x1b[Ksize_t size\x1b[m\x1b[K) {}\n'}
[158.286508] (sllidar_ros2) StderrLine: {'line': b'      |                                                                                                \x1b[01;35m\x1b[K~~~~~~~^~~~\x1b[m\x1b[K\n'}
[158.288024] (sllidar_ros2) StderrLine: {'line': b'\x1b[01m\x1b[K/home/arno/RoombaV2Onboard/src/sllidar_ros2/sdk/src/dataunpacker/dataunpacker.h:\x1b[m\x1b[K In member function \xe2\x80\x98\x1b[01m\x1b[Kvirtual void sl::internal::LIDARSampleDataListener::onDecodingError(int, _u8, const void*, size_t)\x1b[m\x1b[K\xe2\x80\x99:\n'}
[158.298535] (sllidar_ros2) StderrLine: {'line': b'\x1b[01m\x1b[K/home/arno/RoombaV2Onboard/src/sllidar_ros2/sdk/src/dataunpacker/dataunpacker.h:56:42:\x1b[m\x1b[K \x1b[01;35m\x1b[Kwarning: \x1b[m\x1b[Kunused parameter \xe2\x80\x98\x1b[01m\x1b[KerrMsg\x1b[m\x1b[K\xe2\x80\x99 [\x1b[01;35m\x1b[K\x1b]8;;https://gcc.gnu.org/onlinedocs/gcc/Warning-Options.html#index-Wunused-parameter\x07-Wunused-parameter\x1b]8;;\x07\x1b[m\x1b[K]\n'}
[158.299455] (sllidar_ros2) StderrLine: {'line': b'   56 |         virtual void onDecodingError(\x1b[01;35m\x1b[Kint errMsg\x1b[m\x1b[K, _u8 ansType, const void* payload, size_t size) {}\n'}
[158.300264] (sllidar_ros2) StderrLine: {'line': b'      |                                      \x1b[01;35m\x1b[K~~~~^~~~~~\x1b[m\x1b[K\n'}
[158.301012] (sllidar_ros2) StderrLine: {'line': b'\x1b[01m\x1b[K/home/arno/RoombaV2Onboard/src/sllidar_ros2/sdk/src/dataunpacker/dataunpacker.h:56:54:\x1b[m\x1b[K \x1b[01;35m\x1b[Kwarning: \x1b[m\x1b[Kunused parameter \xe2\x80\x98\x1b[01m\x1b[KansType\x1b[m\x1b[K\xe2\x80\x99 [\x1b[01;35m\x1b[K\x1b]8;;https://gcc.gnu.org/onlinedocs/gcc/Warning-Options.html#index-Wunused-parameter\x07-Wunused-parameter\x1b]8;;\x07\x1b[m\x1b[K]\n'}
[158.301614] (sllidar_ros2) StderrLine: {'line': b'   56 |         virtual void onDecodingError(int errMsg, \x1b[01;35m\x1b[K_u8 ansType\x1b[m\x1b[K, const void* payload, size_t size) {}\n'}
[158.302231] (sllidar_ros2) StderrLine: {'line': b'      |                                                  \x1b[01;35m\x1b[K~~~~^~~~~~~\x1b[m\x1b[K\n'}
[158.303144] (sllidar_ros2) StderrLine: {'line': b'\x1b[01m\x1b[K/home/arno/RoombaV2Onboard/src/sllidar_ros2/sdk/src/dataunpacker/dataunpacker.h:56:75:\x1b[m\x1b[K \x1b[01;35m\x1b[Kwarning: \x1b[m\x1b[Kunused parameter \xe2\x80\x98\x1b[01m\x1b[Kpayload\x1b[m\x1b[K\xe2\x80\x99 [\x1b[01;35m\x1b[K\x1b]8;;https://gcc.gnu.org/onlinedocs/gcc/Warning-Options.html#index-Wunused-parameter\x07-Wunused-parameter\x1b]8;;\x07\x1b[m\x1b[K]\n'}
[158.304357] (sllidar_ros2) StderrLine: {'line': b'   56 |         virtual void onDecodingError(int errMsg, _u8 ansType, \x1b[01;35m\x1b[Kconst void* payload\x1b[m\x1b[K, size_t size) {}\n'}
[158.305667] (sllidar_ros2) StderrLine: {'line': b'      |                                                               \x1b[01;35m\x1b[K~~~~~~~~~~~~^~~~~~~\x1b[m\x1b[K\n'}
[158.306565] (sllidar_ros2) StderrLine: {'line': b'\x1b[01m\x1b[K/home/arno/RoombaV2Onboard/src/sllidar_ros2/sdk/src/dataunpacker/dataunpacker.h:56:91:\x1b[m\x1b[K \x1b[01;35m\x1b[Kwarning: \x1b[m\x1b[Kunused parameter \xe2\x80\x98\x1b[01m\x1b[Ksize\x1b[m\x1b[K\xe2\x80\x99 [\x1b[01;35m\x1b[K\x1b]8;;https://gcc.gnu.org/onlinedocs/gcc/Warning-Options.html#index-Wunused-parameter\x07-Wunused-parameter\x1b]8;;\x07\x1b[m\x1b[K]\n'}
[158.307475] (sllidar_ros2) StderrLine: {'line': b'   56 |         virtual void onDecodingError(int errMsg, _u8 ansType, const void* payload, \x1b[01;35m\x1b[Ksize_t size\x1b[m\x1b[K) {}\n'}
[158.308372] (sllidar_ros2) StderrLine: {'line': b'      |                                                                                    \x1b[01;35m\x1b[K~~~~~~~^~~~\x1b[m\x1b[K\n'}
[158.336391] (-) TimerEvent: {}
[158.356818] (sllidar_ros2) StderrLine: {'line': b'In file included from \x1b[01m\x1b[K/home/arno/RoombaV2Onboard/src/sllidar_ros2/sdk/src/sl_lidar_driver.cpp:51\x1b[m\x1b[K:\n'}
[158.358235] (sllidar_ros2) StderrLine: {'line': b'\x1b[01m\x1b[K/home/arno/RoombaV2Onboard/src/sllidar_ros2/sdk/src/sl_async_transceiver.h:\x1b[m\x1b[K In member function \xe2\x80\x98\x1b[01m\x1b[Kvirtual void sl::internal::IAsyncProtocolCodec::onChannelError(u_result)\x1b[m\x1b[K\xe2\x80\x99:\n'}
[158.359497] (sllidar_ros2) StderrLine: {'line': b'\x1b[01m\x1b[K/home/arno/RoombaV2Onboard/src/sllidar_ros2/sdk/src/sl_async_transceiver.h:90:48:\x1b[m\x1b[K \x1b[01;35m\x1b[Kwarning: \x1b[m\x1b[Kunused parameter \xe2\x80\x98\x1b[01m\x1b[KerrCode\x1b[m\x1b[K\xe2\x80\x99 [\x1b[01;35m\x1b[K\x1b]8;;https://gcc.gnu.org/onlinedocs/gcc/Warning-Options.html#index-Wunused-parameter\x07-Wunused-parameter\x1b]8;;\x07\x1b[m\x1b[K]\n'}
[158.360816] (sllidar_ros2) StderrLine: {'line': b'   90 |         virtual void   onChannelError(\x1b[01;35m\x1b[Ku_result errCode\x1b[m\x1b[K) {}\n'}
[158.362113] (sllidar_ros2) StderrLine: {'line': b'      |                                       \x1b[01;35m\x1b[K~~~~~~~~~^~~~~~~\x1b[m\x1b[K\n'}
[158.436725] (-) TimerEvent: {}
[158.538310] (-) TimerEvent: {}
[158.641034] (-) TimerEvent: {}
[158.677829] (sllidar_ros2) StderrLine: {'line': b'\x1b[01m\x1b[K/home/arno/RoombaV2Onboard/src/sllidar_ros2/sdk/src/sl_lidar_driver.cpp:\x1b[m\x1b[K In member function \xe2\x80\x98\x1b[01m\x1b[Kvirtual sl_result sl::SlamtecLidarDriver::reset(sl_u32)\x1b[m\x1b[K\xe2\x80\x99:\n'}
[158.685326] (sllidar_ros2) StderrLine: {'line': b'\x1b[01m\x1b[K/home/arno/RoombaV2Onboard/src/sllidar_ros2/sdk/src/sl_lidar_driver.cpp:511:32:\x1b[m\x1b[K \x1b[01;35m\x1b[Kwarning: \x1b[m\x1b[Kunused parameter \xe2\x80\x98\x1b[01m\x1b[KtimeoutInMs\x1b[m\x1b[K\xe2\x80\x99 [\x1b[01;35m\x1b[K\x1b]8;;https://gcc.gnu.org/onlinedocs/gcc/Warning-Options.html#index-Wunused-parameter\x07-Wunused-parameter\x1b]8;;\x07\x1b[m\x1b[K]\n'}
[158.686877] (sllidar_ros2) StderrLine: {'line': b'  511 |         sl_result reset(\x1b[01;35m\x1b[Ksl_u32 timeoutInMs = DEFAULT_TIMEOUT\x1b[m\x1b[K)\n'}
[158.688935] (sllidar_ros2) StderrLine: {'line': b'      |                         \x1b[01;35m\x1b[K~~~~~~~^~~~~~~~~~~~~~~~~~~~~~~~~~~~~\x1b[m\x1b[K\n'}
[158.711465] (sllidar_ros2) StderrLine: {'line': b'\x1b[01m\x1b[K/home/arno/RoombaV2Onboard/src/sllidar_ros2/sdk/src/sl_lidar_driver.cpp:\x1b[m\x1b[K In member function \xe2\x80\x98\x1b[01m\x1b[Kvirtual sl_result sl::SlamtecLidarDriver::startScan(bool, bool, sl_u32, sl::LidarScanMode*)\x1b[m\x1b[K\xe2\x80\x99:\n'}
[158.713193] (sllidar_ros2) StderrLine: {'line': b'\x1b[01m\x1b[K/home/arno/RoombaV2Onboard/src/sllidar_ros2/sdk/src/sl_lidar_driver.cpp:586:69:\x1b[m\x1b[K \x1b[01;35m\x1b[Kwarning: \x1b[m\x1b[Kunused parameter \xe2\x80\x98\x1b[01m\x1b[Koptions\x1b[m\x1b[K\xe2\x80\x99 [\x1b[01;35m\x1b[K\x1b]8;;https://gcc.gnu.org/onlinedocs/gcc/Warning-Options.html#index-Wunused-parameter\x07-Wunused-parameter\x1b]8;;\x07\x1b[m\x1b[K]\n'}
[158.715938] (sllidar_ros2) StderrLine: {'line': b'  586 |         sl_result startScan(bool force, bool useTypicalScan, \x1b[01;35m\x1b[Ksl_u32 options = 0\x1b[m\x1b[K, LidarScanMode* outUsedScanMode = nullptr)\n'}
[158.717921] (sllidar_ros2) StderrLine: {'line': b'      |                                                              \x1b[01;35m\x1b[K~~~~~~~^~~~~~~~~~~\x1b[m\x1b[K\n'}
[158.732345] (sllidar_ros2) StderrLine: {'line': b'\x1b[01m\x1b[K/home/arno/RoombaV2Onboard/src/sllidar_ros2/sdk/src/sl_lidar_driver.cpp:\x1b[m\x1b[K In member function \xe2\x80\x98\x1b[01m\x1b[Kvirtual sl_result sl::SlamtecLidarDriver::stop(sl_u32)\x1b[m\x1b[K\xe2\x80\x99:\n'}
[158.733954] (sllidar_ros2) StderrLine: {'line': b'\x1b[01m\x1b[K/home/arno/RoombaV2Onboard/src/sllidar_ros2/sdk/src/sl_lidar_driver.cpp:763:31:\x1b[m\x1b[K \x1b[01;35m\x1b[Kwarning: \x1b[m\x1b[Kunused parameter \xe2\x80\x98\x1b[01m\x1b[Ktimeout\x1b[m\x1b[K\xe2\x80\x99 [\x1b[01;35m\x1b[K\x1b]8;;https://gcc.gnu.org/onlinedocs/gcc/Warning-Options.html#index-Wunused-parameter\x07-Wunused-parameter\x1b]8;;\x07\x1b[m\x1b[K]\n'}
[158.735249] (sllidar_ros2) StderrLine: {'line': b'  763 |         sl_result stop(\x1b[01;35m\x1b[Ksl_u32 timeout = DEFAULT_TIMEOUT\x1b[m\x1b[K)\n'}
[158.736430] (sllidar_ros2) StderrLine: {'line': b'      |                        \x1b[01;35m\x1b[K~~~~~~~^~~~~~~~~~~~~~~~~~~~~~~~~\x1b[m\x1b[K\n'}
[158.741365] (-) TimerEvent: {}
[158.751312] (sllidar_ros2) StderrLine: {'line': b'\x1b[01m\x1b[K/home/arno/RoombaV2Onboard/src/sllidar_ros2/sdk/src/sl_lidar_driver.cpp:\x1b[m\x1b[K In member function \xe2\x80\x98\x1b[01m\x1b[Kvirtual sl_result sl::SlamtecLidarDriver::getFrequency(const sl::LidarScanMode&, const sl_lidar_response_measurement_node_hq_t*, size_t, float&)\x1b[m\x1b[K\xe2\x80\x99:\n'}
[158.754438] (sllidar_ros2) StderrLine: {'line': b'\x1b[01m\x1b[K/home/arno/RoombaV2Onboard/src/sllidar_ros2/sdk/src/sl_lidar_driver.cpp:880:110:\x1b[m\x1b[K \x1b[01;35m\x1b[Kwarning: \x1b[m\x1b[Kunused parameter \xe2\x80\x98\x1b[01m\x1b[Knodes\x1b[m\x1b[K\xe2\x80\x99 [\x1b[01;35m\x1b[K\x1b]8;;https://gcc.gnu.org/onlinedocs/gcc/Warning-Options.html#index-Wunused-parameter\x07-Wunused-parameter\x1b]8;;\x07\x1b[m\x1b[K]\n'}
[158.756576] (sllidar_ros2) StderrLine: {'line': b'  880 |         sl_result getFrequency(const LidarScanMode& scanMode, \x1b[01;35m\x1b[Kconst sl_lidar_response_measurement_node_hq_t* nodes\x1b[m\x1b[K, size_t count, float& frequency)\n'}
[158.758394] (sllidar_ros2) StderrLine: {'line': b'      |                                                               \x1b[01;35m\x1b[K~~~~~~~~~~~~~~~~~~~~~~~~~~~~~~~~~~~~~~~~~~~~~~~^~~~~\x1b[m\x1b[K\n'}
[159.065320] (sllidar_ros2) StderrLine: {'line': b'\x1b[01m\x1b[K/home/arno/RoombaV2Onboard/src/sllidar_ros2/sdk/src/sl_lidar_driver.cpp:\x1b[m\x1b[K In member function \xe2\x80\x98\x1b[01m\x1b[Kvirtual sl_result sl::SlamtecLidarDriver::getMotorInfo(sl::LidarMotorInfo&, sl_u32)\x1b[m\x1b[K\xe2\x80\x99:\n'}
[159.067784] (-) TimerEvent: {}
[159.068955] (sllidar_ros2) StderrLine: {'line': b'\x1b[01m\x1b[K/home/arno/RoombaV2Onboard/src/sllidar_ros2/sdk/src/sl_lidar_driver.cpp:1023:66:\x1b[m\x1b[K \x1b[01;35m\x1b[Kwarning: \x1b[m\x1b[Kunused parameter \xe2\x80\x98\x1b[01m\x1b[KtimeoutInMs\x1b[m\x1b[K\xe2\x80\x99 [\x1b[01;35m\x1b[K\x1b]8;;https://gcc.gnu.org/onlinedocs/gcc/Warning-Options.html#index-Wunused-parameter\x07-Wunused-parameter\x1b]8;;\x07\x1b[m\x1b[K]\n'}
[160.350595] (-) TimerEvent: {}
[160.351694] (sllidar_ros2) StderrLine: {'line': b' 1023 |         sl_result getMotorInfo(LidarMotorInfo &motorInfo, \x1b[01;35m\x1b[Ksl_u32 timeoutInMs\x1b[m\x1b[K)\n'}
[160.353332] (sllidar_ros2) StderrLine: {'line': b'      |                                                           \x1b[01;35m\x1b[K~~~~~~~^~~~~~~~~~~\x1b[m\x1b[K\n'}
[160.354617] (sllidar_ros2) StderrLine: {'line': b'\x1b[01m\x1b[K/home/arno/RoombaV2Onboard/src/sllidar_ros2/sdk/src/sl_lidar_driver.cpp:\x1b[m\x1b[K In member function \xe2\x80\x98\x1b[01m\x1b[Ku_result sl::SlamtecLidarDriver::getScanModeCount(sl_u16&, sl_u32)\x1b[m\x1b[K\xe2\x80\x99:\n'}
[160.355885] (sllidar_ros2) StderrLine: {'line': b'\x1b[01m\x1b[K/home/arno/RoombaV2Onboard/src/sllidar_ros2/sdk/src/sl_lidar_driver.cpp:1199:61:\x1b[m\x1b[K \x1b[01;35m\x1b[Kwarning: \x1b[m\x1b[Kunused parameter \xe2\x80\x98\x1b[01m\x1b[KtimeoutInMs\x1b[m\x1b[K\xe2\x80\x99 [\x1b[01;35m\x1b[K\x1b]8;;https://gcc.gnu.org/onlinedocs/gcc/Warning-Options.html#index-Wunused-parameter\x07-Wunused-parameter\x1b]8;;\x07\x1b[m\x1b[K]\n'}
[160.357238] (sllidar_ros2) StderrLine: {'line': b' 1199 |         u_result getScanModeCount(sl_u16& modeCount, \x1b[01;35m\x1b[Ksl_u32 timeoutInMs = DEFAULT_TIMEOUT\x1b[m\x1b[K)\n'}
[160.358126] (sllidar_ros2) StderrLine: {'line': b'      |                                                      \x1b[01;35m\x1b[K~~~~~~~^~~~~~~~~~~~~~~~~~~~~~~~~~~~~\x1b[m\x1b[K\n'}
[160.451036] (-) TimerEvent: {}
[160.552862] (-) TimerEvent: {}
[160.654647] (-) TimerEvent: {}
[160.756388] (-) TimerEvent: {}
[160.858141] (-) TimerEvent: {}
[160.959787] (-) TimerEvent: {}
[161.061521] (-) TimerEvent: {}
[161.163144] (-) TimerEvent: {}
[161.264672] (-) TimerEvent: {}
[161.366303] (-) TimerEvent: {}
[161.467785] (-) TimerEvent: {}
[161.569322] (-) TimerEvent: {}
[161.671090] (-) TimerEvent: {}
[161.695433] (sllidar_ros2) StderrLine: {'line': b'/home/arno/RoombaV2Onboard/src/sllidar_ros2/sdk/src/sl_lidar_driver.cpp: In instantiation of \xe2\x80\x98\x1b[01m\x1b[Kvoid sl::RawSampleNodeHolder<T>::pushNode(_u64, const T*) [with T = sl_lidar_response_measurement_node_hq_t; _u64 = long unsigned int]\x1b[m\x1b[K\xe2\x80\x99:\n'}
[161.700597] (sllidar_ros2) StderrLine: {'line': b'\x1b[01m\x1b[K/home/arno/RoombaV2Onboard/src/sllidar_ros2/sdk/src/sl_lidar_driver.cpp:1648:42:\x1b[m\x1b[K   required from here\n'}
[161.702941] (sllidar_ros2) StderrLine: {'line': b'\x1b[01m\x1b[K/home/arno/RoombaV2Onboard/src/sllidar_ros2/sdk/src/sl_lidar_driver.cpp:202:28:\x1b[m\x1b[K \x1b[01;35m\x1b[Kwarning: \x1b[m\x1b[Kunused parameter \xe2\x80\x98\x1b[01m\x1b[Ktimestamp_uS\x1b[m\x1b[K\xe2\x80\x99 [\x1b[01;35m\x1b[K\x1b]8;;https://gcc.gnu.org/onlinedocs/gcc/Warning-Options.html#index-Wunused-parameter\x07-Wunused-parameter\x1b]8;;\x07\x1b[m\x1b[K]\n'}
[161.705567] (sllidar_ros2) StderrLine: {'line': b'  202 |         void pushNode(\x1b[01;35m\x1b[K_u64 timestamp_uS\x1b[m\x1b[K, const T* node)\n'}
[161.706692] (sllidar_ros2) StderrLine: {'line': b'      |                       \x1b[01;35m\x1b[K~~~~~^~~~~~~~~~~~\x1b[m\x1b[K\n'}
[161.771341] (-) TimerEvent: {}
[161.872644] (-) TimerEvent: {}
[161.974482] (-) TimerEvent: {}
[162.076042] (-) TimerEvent: {}
[162.177692] (-) TimerEvent: {}
[162.279389] (-) TimerEvent: {}
[162.381522] (-) TimerEvent: {}
[162.483188] (-) TimerEvent: {}
[162.584728] (-) TimerEvent: {}
[162.686811] (-) TimerEvent: {}
[162.788793] (-) TimerEvent: {}
[162.890710] (-) TimerEvent: {}
[162.992466] (-) TimerEvent: {}
[163.094095] (-) TimerEvent: {}
[163.196195] (-) TimerEvent: {}
[163.297951] (-) TimerEvent: {}
[163.399963] (-) TimerEvent: {}
[163.501579] (-) TimerEvent: {}
[163.603253] (-) TimerEvent: {}
[163.704978] (-) TimerEvent: {}
[163.806696] (-) TimerEvent: {}
[163.908235] (-) TimerEvent: {}
[164.009972] (-) TimerEvent: {}
[164.111543] (-) TimerEvent: {}
[164.213243] (-) TimerEvent: {}
[164.314791] (-) TimerEvent: {}
[164.416384] (-) TimerEvent: {}
[164.518127] (-) TimerEvent: {}
[164.619800] (-) TimerEvent: {}
[164.714554] (sllidar_ros2) StderrLine: {'line': b'\x1b[01m\x1b[K/home/arno/RoombaV2Onboard/src/sllidar_ros2/sdk/src/sl_lidar_driver.cpp:\x1b[m\x1b[K At global scope:\n'}
[164.722037] (-) TimerEvent: {}
[164.723385] (sllidar_ros2) StderrLine: {'line': b'\x1b[01m\x1b[K/home/arno/RoombaV2Onboard/src/sllidar_ros2/sdk/src/sl_lidar_driver.cpp:83:17:\x1b[m\x1b[K \x1b[01;35m\x1b[Kwarning: \x1b[m\x1b[K\xe2\x80\x98\x1b[01m\x1b[Kvoid sl::convert(const sl_lidar_response_measurement_node_hq_t&, sl_lidar_response_measurement_node_t&)\x1b[m\x1b[K\xe2\x80\x99 defined but not used [\x1b[01;35m\x1b[K\x1b]8;;https://gcc.gnu.org/onlinedocs/gcc/Warning-Options.html#index-Wunused-function\x07-Wunused-function\x1b]8;;\x07\x1b[m\x1b[K]\n'}
[164.726155] (sllidar_ros2) StderrLine: {'line': b'   83 |     static void \x1b[01;35m\x1b[Kconvert\x1b[m\x1b[K(const sl_lidar_response_measurement_node_hq_t& from, sl_lidar_response_measurement_node_t& to)\n'}
[164.727497] (sllidar_ros2) StderrLine: {'line': b'      |                 \x1b[01;35m\x1b[K^~~~~~~\x1b[m\x1b[K\n'}
[164.728559] (sllidar_ros2) StderrLine: {'line': b'\x1b[01m\x1b[K/home/arno/RoombaV2Onboard/src/sllidar_ros2/sdk/src/sl_lidar_driver.cpp:75:17:\x1b[m\x1b[K \x1b[01;35m\x1b[Kwarning: \x1b[m\x1b[K\xe2\x80\x98\x1b[01m\x1b[Kvoid sl::convert(const sl_lidar_response_measurement_node_t&, sl_lidar_response_measurement_node_hq_t&)\x1b[m\x1b[K\xe2\x80\x99 defined but not used [\x1b[01;35m\x1b[K\x1b]8;;https://gcc.gnu.org/onlinedocs/gcc/Warning-Options.html#index-Wunused-function\x07-Wunused-function\x1b]8;;\x07\x1b[m\x1b[K]\n'}
[164.731517] (sllidar_ros2) StderrLine: {'line': b'   75 |     static void \x1b[01;35m\x1b[Kconvert\x1b[m\x1b[K(const sl_lidar_response_measurement_node_t& from, sl_lidar_response_measurement_node_hq_t& to)\n'}
[164.732851] (sllidar_ros2) StderrLine: {'line': b'      |                 \x1b[01;35m\x1b[K^~~~~~~\x1b[m\x1b[K\n'}
[164.733932] (sllidar_ros2) StderrLine: {'line': b'\x1b[01m\x1b[K/home/arno/RoombaV2Onboard/src/sllidar_ros2/sdk/src/sl_lidar_driver.cpp:70:17:\x1b[m\x1b[K \x1b[01;35m\x1b[Kwarning: \x1b[m\x1b[K\xe2\x80\x98\x1b[01m\x1b[Kvoid sl::printDeprecationWarn(const char*, const char*)\x1b[m\x1b[K\xe2\x80\x99 defined but not used [\x1b[01;35m\x1b[K\x1b]8;;https://gcc.gnu.org/onlinedocs/gcc/Warning-Options.html#index-Wunused-function\x07-Wunused-function\x1b]8;;\x07\x1b[m\x1b[K]\n'}
[164.736571] (sllidar_ros2) StderrLine: {'line': b'   70 |     static void \x1b[01;35m\x1b[KprintDeprecationWarn\x1b[m\x1b[K(const char* fn, const char* replacement)\n'}
[164.737763] (sllidar_ros2) StderrLine: {'line': b'      |                 \x1b[01;35m\x1b[K^~~~~~~~~~~~~~~~~~~~\x1b[m\x1b[K\n'}
[164.822419] (-) TimerEvent: {}
[164.924097] (-) TimerEvent: {}
[165.025692] (-) TimerEvent: {}
[165.127672] (-) TimerEvent: {}
[165.229459] (-) TimerEvent: {}
[165.331242] (-) TimerEvent: {}
[165.432714] (-) TimerEvent: {}
[165.534494] (-) TimerEvent: {}
[165.635937] (-) TimerEvent: {}
[165.737445] (-) TimerEvent: {}
[165.838916] (-) TimerEvent: {}
[165.940217] (-) TimerEvent: {}
[166.041897] (-) TimerEvent: {}
[166.143434] (-) TimerEvent: {}
[166.245768] (-) TimerEvent: {}
[166.347277] (-) TimerEvent: {}
[166.448843] (-) TimerEvent: {}
[166.550380] (-) TimerEvent: {}
[166.651965] (-) TimerEvent: {}
[166.753879] (-) TimerEvent: {}
[166.855877] (-) TimerEvent: {}
[166.957792] (-) TimerEvent: {}
[167.059548] (-) TimerEvent: {}
[167.161092] (-) TimerEvent: {}
[167.262633] (-) TimerEvent: {}
[167.364197] (-) TimerEvent: {}
[167.465576] (-) TimerEvent: {}
[167.566688] (-) TimerEvent: {}
[167.668822] (-) TimerEvent: {}
[167.770665] (-) TimerEvent: {}
[167.872318] (-) TimerEvent: {}
[167.973910] (-) TimerEvent: {}
[168.075814] (-) TimerEvent: {}
[168.178688] (-) TimerEvent: {}
[168.280048] (-) TimerEvent: {}
[168.381551] (-) TimerEvent: {}
[168.483486] (-) TimerEvent: {}
[168.585002] (-) TimerEvent: {}
[168.686753] (-) TimerEvent: {}
[168.788236] (-) TimerEvent: {}
[168.890088] (-) TimerEvent: {}
[169.010318] (-) TimerEvent: {}
[169.134628] (-) TimerEvent: {}
[169.235790] (-) TimerEvent: {}
[169.337336] (-) TimerEvent: {}
[169.438695] (-) TimerEvent: {}
[169.540222] (-) TimerEvent: {}
[169.641693] (-) TimerEvent: {}
[169.743170] (-) TimerEvent: {}
[169.844636] (-) TimerEvent: {}
[169.946233] (-) TimerEvent: {}
[170.047690] (-) TimerEvent: {}
[170.149253] (-) TimerEvent: {}
[170.250745] (-) TimerEvent: {}
[170.352351] (-) TimerEvent: {}
[170.454744] (-) TimerEvent: {}
[170.556259] (-) TimerEvent: {}
[170.657776] (-) TimerEvent: {}
[170.759340] (-) TimerEvent: {}
[170.860838] (-) TimerEvent: {}
[170.962508] (-) TimerEvent: {}
[171.064397] (-) TimerEvent: {}
[171.166052] (-) TimerEvent: {}
[171.267444] (-) TimerEvent: {}
[171.368848] (-) TimerEvent: {}
[171.470195] (-) TimerEvent: {}
[171.571611] (-) TimerEvent: {}
[171.673442] (-) TimerEvent: {}
[171.774998] (-) TimerEvent: {}
[171.876898] (-) TimerEvent: {}
[171.978458] (-) TimerEvent: {}
[172.080102] (-) TimerEvent: {}
[172.182678] (-) TimerEvent: {}
[172.284063] (-) TimerEvent: {}
[172.386039] (-) TimerEvent: {}
[172.488237] (-) TimerEvent: {}
[172.589815] (-) TimerEvent: {}
[172.691554] (-) TimerEvent: {}
[172.793748] (-) TimerEvent: {}
[172.895153] (-) TimerEvent: {}
[172.996660] (-) TimerEvent: {}
[173.098198] (-) TimerEvent: {}
[173.199626] (-) TimerEvent: {}
[173.301031] (-) TimerEvent: {}
[173.402852] (-) TimerEvent: {}
[173.505276] (-) TimerEvent: {}
[173.606690] (-) TimerEvent: {}
[173.708191] (-) TimerEvent: {}
[173.810464] (-) TimerEvent: {}
[173.912186] (-) TimerEvent: {}
[174.013909] (-) TimerEvent: {}
[174.115340] (-) TimerEvent: {}
[174.216940] (-) TimerEvent: {}
[174.318483] (-) TimerEvent: {}
[174.420099] (-) TimerEvent: {}
[174.521681] (-) TimerEvent: {}
[174.623321] (-) TimerEvent: {}
[174.724854] (-) TimerEvent: {}
[174.826305] (-) TimerEvent: {}
[174.927871] (-) TimerEvent: {}
[175.029464] (-) TimerEvent: {}
[175.131014] (-) TimerEvent: {}
[175.232706] (-) TimerEvent: {}
[175.335217] (-) TimerEvent: {}
[175.436650] (-) TimerEvent: {}
[175.538355] (-) TimerEvent: {}
[175.639878] (-) TimerEvent: {}
[175.741604] (-) TimerEvent: {}
[175.843257] (-) TimerEvent: {}
[175.945669] (-) TimerEvent: {}
[176.047101] (-) TimerEvent: {}
[176.148881] (-) TimerEvent: {}
[176.250413] (-) TimerEvent: {}
[176.351900] (-) TimerEvent: {}
[176.453511] (-) TimerEvent: {}
[176.554871] (-) TimerEvent: {}
[176.656381] (-) TimerEvent: {}
[176.757838] (-) TimerEvent: {}
[176.859411] (-) TimerEvent: {}
[176.961094] (-) TimerEvent: {}
[177.062631] (-) TimerEvent: {}
[177.164070] (-) TimerEvent: {}
[177.265607] (-) TimerEvent: {}
[177.367124] (-) TimerEvent: {}
[177.470261] (-) TimerEvent: {}
[177.571664] (-) TimerEvent: {}
[177.673199] (-) TimerEvent: {}
[177.774726] (-) TimerEvent: {}
[177.876877] (-) TimerEvent: {}
[177.978348] (-) TimerEvent: {}
[178.079896] (-) TimerEvent: {}
[178.181361] (-) TimerEvent: {}
[178.282966] (-) TimerEvent: {}
[178.384311] (-) TimerEvent: {}
[178.485956] (-) TimerEvent: {}
[178.587445] (-) TimerEvent: {}
[178.689211] (-) TimerEvent: {}
[178.791784] (-) TimerEvent: {}
[178.893286] (-) TimerEvent: {}
[178.995908] (-) TimerEvent: {}
[179.097507] (-) TimerEvent: {}
[179.200550] (-) TimerEvent: {}
[179.302440] (-) TimerEvent: {}
[179.405923] (-) TimerEvent: {}
[179.507603] (-) TimerEvent: {}
[179.609096] (-) TimerEvent: {}
[179.710671] (-) TimerEvent: {}
[179.812412] (-) TimerEvent: {}
[179.914352] (-) TimerEvent: {}
[180.017278] (-) TimerEvent: {}
[180.118890] (-) TimerEvent: {}
[180.220483] (-) TimerEvent: {}
[180.322316] (-) TimerEvent: {}
[180.423593] (-) TimerEvent: {}
[180.525073] (-) TimerEvent: {}
[180.626562] (-) TimerEvent: {}
[180.727990] (-) TimerEvent: {}
[180.829212] (-) TimerEvent: {}
[180.930696] (-) TimerEvent: {}
[181.032567] (-) TimerEvent: {}
[181.134273] (-) TimerEvent: {}
[181.235952] (-) TimerEvent: {}
[181.337418] (-) TimerEvent: {}
[181.438763] (-) TimerEvent: {}
[181.540210] (-) TimerEvent: {}
[181.641876] (-) TimerEvent: {}
[181.744112] (-) TimerEvent: {}
[181.845732] (-) TimerEvent: {}
[181.947373] (-) TimerEvent: {}
[182.211622] (-) TimerEvent: {}
[182.313347] (-) TimerEvent: {}
[182.414891] (-) TimerEvent: {}
[182.516261] (-) TimerEvent: {}
[182.617733] (-) TimerEvent: {}
[182.719163] (-) TimerEvent: {}
[182.820414] (-) TimerEvent: {}
[182.921718] (-) TimerEvent: {}
[183.023095] (-) TimerEvent: {}
[183.124526] (-) TimerEvent: {}
[183.226258] (-) TimerEvent: {}
[183.327951] (-) TimerEvent: {}
[183.429682] (-) TimerEvent: {}
[183.531040] (-) TimerEvent: {}
[183.632226] (-) TimerEvent: {}
[183.733521] (-) TimerEvent: {}
[183.835005] (-) TimerEvent: {}
[183.936965] (-) TimerEvent: {}
[184.038580] (-) TimerEvent: {}
[184.140083] (-) TimerEvent: {}
[184.241821] (-) TimerEvent: {}
[184.343747] (-) TimerEvent: {}
[184.445196] (-) TimerEvent: {}
[184.546845] (-) TimerEvent: {}
[184.648157] (-) TimerEvent: {}
[184.749860] (-) TimerEvent: {}
[184.851268] (-) TimerEvent: {}
[184.952560] (-) TimerEvent: {}
[185.054264] (-) TimerEvent: {}
[185.156095] (-) TimerEvent: {}
[185.258344] (-) TimerEvent: {}
[185.359756] (-) TimerEvent: {}
[185.461679] (-) TimerEvent: {}
[185.563051] (-) TimerEvent: {}
[185.664625] (-) TimerEvent: {}
[185.766483] (-) TimerEvent: {}
[185.867822] (-) TimerEvent: {}
[185.969060] (-) TimerEvent: {}
[186.070399] (-) TimerEvent: {}
[186.171663] (-) TimerEvent: {}
[186.273101] (-) TimerEvent: {}
[186.374477] (-) TimerEvent: {}
[186.475851] (-) TimerEvent: {}
[186.577326] (-) TimerEvent: {}
[186.678710] (-) TimerEvent: {}
[186.780074] (-) TimerEvent: {}
[186.881575] (-) TimerEvent: {}
[186.983121] (-) TimerEvent: {}
[187.084490] (-) TimerEvent: {}
[187.185881] (-) TimerEvent: {}
[187.287352] (-) TimerEvent: {}
[187.388996] (-) TimerEvent: {}
[187.490653] (-) TimerEvent: {}
[187.591937] (-) TimerEvent: {}
[187.693586] (-) TimerEvent: {}
[187.795022] (-) TimerEvent: {}
[187.896592] (-) TimerEvent: {}
[187.998031] (-) TimerEvent: {}
[188.099395] (-) TimerEvent: {}
[188.201051] (-) TimerEvent: {}
[188.303909] (-) TimerEvent: {}
[188.405718] (-) TimerEvent: {}
[188.507306] (-) TimerEvent: {}
[188.608654] (-) TimerEvent: {}
[188.710419] (-) TimerEvent: {}
[188.811924] (-) TimerEvent: {}
[188.913565] (-) TimerEvent: {}
[189.015274] (-) TimerEvent: {}
[189.116890] (-) TimerEvent: {}
[189.218731] (-) TimerEvent: {}
[189.320427] (-) TimerEvent: {}
[189.422010] (-) TimerEvent: {}
[189.523582] (-) TimerEvent: {}
[189.625634] (-) TimerEvent: {}
[189.727421] (-) TimerEvent: {}
[189.828970] (-) TimerEvent: {}
[189.930785] (-) TimerEvent: {}
[190.032359] (-) TimerEvent: {}
[190.135166] (-) TimerEvent: {}
[190.237763] (-) TimerEvent: {}
[190.339324] (-) TimerEvent: {}
[190.440785] (-) TimerEvent: {}
[190.542295] (-) TimerEvent: {}
[190.643692] (-) TimerEvent: {}
[190.746507] (-) TimerEvent: {}
[190.847789] (-) TimerEvent: {}
[190.949257] (-) TimerEvent: {}
[191.050793] (-) TimerEvent: {}
[191.152417] (-) TimerEvent: {}
[191.254044] (-) TimerEvent: {}
[191.355583] (-) TimerEvent: {}
[191.457100] (-) TimerEvent: {}
[191.558771] (-) TimerEvent: {}
[191.660221] (-) TimerEvent: {}
[191.761839] (-) TimerEvent: {}
[191.863518] (-) TimerEvent: {}
[191.965343] (-) TimerEvent: {}
[192.066925] (-) TimerEvent: {}
[192.168559] (-) TimerEvent: {}
[192.270427] (-) TimerEvent: {}
[192.372124] (-) TimerEvent: {}
[192.474148] (-) TimerEvent: {}
[192.575556] (-) TimerEvent: {}
[192.677176] (-) TimerEvent: {}
[192.778269] (-) TimerEvent: {}
[192.879828] (-) TimerEvent: {}
[192.981219] (-) TimerEvent: {}
[193.083036] (-) TimerEvent: {}
[193.184858] (-) TimerEvent: {}
[193.286138] (-) TimerEvent: {}
[193.387732] (-) TimerEvent: {}
[193.489382] (-) TimerEvent: {}
[193.590980] (-) TimerEvent: {}
[193.692585] (-) TimerEvent: {}
[193.796362] (-) TimerEvent: {}
[193.898327] (-) TimerEvent: {}
[193.999863] (-) TimerEvent: {}
[194.101447] (-) TimerEvent: {}
[194.203243] (-) TimerEvent: {}
[194.304799] (-) TimerEvent: {}
[194.406261] (-) TimerEvent: {}
[194.508120] (-) TimerEvent: {}
[194.609561] (-) TimerEvent: {}
[194.710923] (-) TimerEvent: {}
[194.812070] (-) TimerEvent: {}
[194.913866] (-) TimerEvent: {}
[195.015436] (-) TimerEvent: {}
[195.117100] (-) TimerEvent: {}
[195.218558] (-) TimerEvent: {}
[195.320351] (-) TimerEvent: {}
[195.422740] (-) TimerEvent: {}
[195.523999] (-) TimerEvent: {}
[195.625531] (-) TimerEvent: {}
[195.727022] (-) TimerEvent: {}
[195.828424] (-) TimerEvent: {}
[195.929893] (-) TimerEvent: {}
[196.031394] (-) TimerEvent: {}
[196.133175] (-) TimerEvent: {}
[196.234789] (-) TimerEvent: {}
[196.336149] (-) TimerEvent: {}
[196.437778] (-) TimerEvent: {}
[196.539337] (-) TimerEvent: {}
[196.640819] (-) TimerEvent: {}
[196.742344] (-) TimerEvent: {}
[196.843871] (-) TimerEvent: {}
[196.945384] (-) TimerEvent: {}
[197.046726] (-) TimerEvent: {}
[197.148271] (-) TimerEvent: {}
[197.249553] (-) TimerEvent: {}
[197.350929] (-) TimerEvent: {}
[197.452471] (-) TimerEvent: {}
[197.553961] (-) TimerEvent: {}
[197.655616] (-) TimerEvent: {}
[197.757346] (-) TimerEvent: {}
[197.858756] (-) TimerEvent: {}
[197.960261] (-) TimerEvent: {}
[198.061753] (-) TimerEvent: {}
[198.163164] (-) TimerEvent: {}
[198.264690] (-) TimerEvent: {}
[198.367720] (-) TimerEvent: {}
[198.469770] (-) TimerEvent: {}
[198.571210] (-) TimerEvent: {}
[198.672668] (-) TimerEvent: {}
[198.774049] (-) TimerEvent: {}
[198.875590] (-) TimerEvent: {}
[198.977351] (-) TimerEvent: {}
[199.078756] (-) TimerEvent: {}
[199.186358] (-) TimerEvent: {}
[199.315698] (-) TimerEvent: {}
[199.418176] (-) TimerEvent: {}
[199.519309] (-) TimerEvent: {}
[199.620653] (-) TimerEvent: {}
[199.722627] (-) TimerEvent: {}
[199.824190] (-) TimerEvent: {}
[199.925755] (-) TimerEvent: {}
[200.027386] (-) TimerEvent: {}
[200.128673] (-) TimerEvent: {}
[200.230198] (-) TimerEvent: {}
[200.332111] (-) TimerEvent: {}
[200.434002] (-) TimerEvent: {}
[200.535247] (-) TimerEvent: {}
[200.636938] (-) TimerEvent: {}
[200.738439] (-) TimerEvent: {}
[200.840067] (-) TimerEvent: {}
[200.941827] (-) TimerEvent: {}
[201.043439] (-) TimerEvent: {}
[201.145025] (-) TimerEvent: {}
[201.246953] (-) TimerEvent: {}
[201.348841] (-) TimerEvent: {}
[201.450381] (-) TimerEvent: {}
[201.551624] (-) TimerEvent: {}
[201.653537] (-) TimerEvent: {}
[201.756244] (-) TimerEvent: {}
[201.858002] (-) TimerEvent: {}
[201.961255] (-) TimerEvent: {}
[202.063070] (-) TimerEvent: {}
[202.164838] (-) TimerEvent: {}
[202.266396] (-) TimerEvent: {}
[202.367992] (-) TimerEvent: {}
[202.470280] (-) TimerEvent: {}
[202.572057] (-) TimerEvent: {}
[202.673555] (-) TimerEvent: {}
[202.775127] (-) TimerEvent: {}
[202.876732] (-) TimerEvent: {}
[202.978258] (-) TimerEvent: {}
[203.079624] (-) TimerEvent: {}
[203.181005] (-) TimerEvent: {}
[203.282846] (-) TimerEvent: {}
[203.384552] (-) TimerEvent: {}
[203.486330] (-) TimerEvent: {}
[203.587656] (-) TimerEvent: {}
[203.688964] (-) TimerEvent: {}
[203.790475] (-) TimerEvent: {}
[203.892567] (-) TimerEvent: {}
[203.994156] (-) TimerEvent: {}
[204.095707] (-) TimerEvent: {}
[204.325381] (-) TimerEvent: {}
[204.427073] (-) TimerEvent: {}
[204.528731] (-) TimerEvent: {}
[204.630357] (-) TimerEvent: {}
[204.732046] (-) TimerEvent: {}
[204.834989] (-) TimerEvent: {}
[204.937272] (-) TimerEvent: {}
[205.038853] (-) TimerEvent: {}
[205.140620] (-) TimerEvent: {}
[205.242504] (-) TimerEvent: {}
[205.343774] (-) TimerEvent: {}
[205.445053] (-) TimerEvent: {}
[205.546585] (-) TimerEvent: {}
[205.647903] (-) TimerEvent: {}
[205.749319] (-) TimerEvent: {}
[205.850987] (-) TimerEvent: {}
[205.953038] (-) TimerEvent: {}
[206.054391] (-) TimerEvent: {}
[206.155669] (-) TimerEvent: {}
[206.257020] (-) TimerEvent: {}
[206.358545] (-) TimerEvent: {}
[206.460128] (-) TimerEvent: {}
[206.561670] (-) TimerEvent: {}
[206.662869] (-) TimerEvent: {}
[206.764179] (-) TimerEvent: {}
[206.865435] (-) TimerEvent: {}
[206.966715] (-) TimerEvent: {}
[207.068059] (-) TimerEvent: {}
[207.169402] (-) TimerEvent: {}
[207.270876] (-) TimerEvent: {}
[207.372218] (-) TimerEvent: {}
[207.473768] (-) TimerEvent: {}
[207.575226] (-) TimerEvent: {}
[207.676568] (-) TimerEvent: {}
[207.778040] (-) TimerEvent: {}
[207.879345] (-) TimerEvent: {}
[207.981148] (-) TimerEvent: {}
[208.082402] (-) TimerEvent: {}
[208.183750] (-) TimerEvent: {}
[208.285072] (-) TimerEvent: {}
[208.386414] (-) TimerEvent: {}
[208.487688] (-) TimerEvent: {}
[208.588969] (-) TimerEvent: {}
[208.690179] (-) TimerEvent: {}
[208.791440] (-) TimerEvent: {}
[208.892604] (-) TimerEvent: {}
[208.993845] (-) TimerEvent: {}
[209.095150] (-) TimerEvent: {}
[209.196416] (-) TimerEvent: {}
[209.297669] (-) TimerEvent: {}
[209.399023] (-) TimerEvent: {}
[209.500259] (-) TimerEvent: {}
[209.601533] (-) TimerEvent: {}
[209.702755] (-) TimerEvent: {}
[209.804088] (-) TimerEvent: {}
[209.905367] (-) TimerEvent: {}
[210.006519] (-) TimerEvent: {}
[210.107879] (-) TimerEvent: {}
[210.209323] (-) TimerEvent: {}
[210.310755] (-) TimerEvent: {}
[210.412037] (-) TimerEvent: {}
[210.513166] (-) TimerEvent: {}
[210.640780] (-) TimerEvent: {}
[210.694595] (sllidar_ros2) StdoutLine: {'line': b'[ 75%] \x1b[32mBuilding CXX object CMakeFiles/sllidar_node.dir/sdk/src/sl_serial_channel.cpp.o\x1b[0m\n'}
[211.089652] (-) TimerEvent: {}
[211.091318] (sllidar_ros2) StdoutLine: {'line': b'[ 80%] \x1b[32mBuilding CXX object CMakeFiles/sllidar_node.dir/sdk/src/sl_lidarprotocol_codec.cpp.o\x1b[0m\n'}
[211.193227] (-) TimerEvent: {}
[211.294613] (-) TimerEvent: {}
[211.396062] (-) TimerEvent: {}
[211.498143] (-) TimerEvent: {}
[211.599400] (-) TimerEvent: {}
[211.700815] (-) TimerEvent: {}
[211.802129] (-) TimerEvent: {}
[211.903802] (-) TimerEvent: {}
[212.006360] (-) TimerEvent: {}
[212.107790] (-) TimerEvent: {}
[212.209554] (-) TimerEvent: {}
[212.311792] (-) TimerEvent: {}
[212.413593] (-) TimerEvent: {}
[212.514776] (-) TimerEvent: {}
[212.617195] (-) TimerEvent: {}
[212.718496] (-) TimerEvent: {}
[212.763862] (sllidar_ros2) StdoutLine: {'line': b'[ 85%] \x1b[32mBuilding CXX object CMakeFiles/sllidar_node.dir/sdk/src/sl_tcp_channel.cpp.o\x1b[0m\n'}
[212.818868] (-) TimerEvent: {}
[212.922196] (-) TimerEvent: {}
[213.025418] (-) TimerEvent: {}
[213.126974] (-) TimerEvent: {}
[213.228493] (-) TimerEvent: {}
[213.329863] (-) TimerEvent: {}
[213.431369] (-) TimerEvent: {}
[213.533685] (-) TimerEvent: {}
[213.636029] (-) TimerEvent: {}
[213.738582] (-) TimerEvent: {}
[213.841795] (-) TimerEvent: {}
[213.944361] (-) TimerEvent: {}
[214.046936] (-) TimerEvent: {}
[214.149917] (-) TimerEvent: {}
[214.253271] (-) TimerEvent: {}
[214.356279] (-) TimerEvent: {}
[214.459489] (-) TimerEvent: {}
[214.563886] (-) TimerEvent: {}
[214.667344] (-) TimerEvent: {}
[214.778703] (-) TimerEvent: {}
[214.788986] (sllidar_ros2) StderrLine: {'line': b'In file included from \x1b[01m\x1b[K/home/arno/RoombaV2Onboard/src/sllidar_ros2/./sdk/include/sl_lidar_cmd.h:41\x1b[m\x1b[K,\n'}
[214.800070] (sllidar_ros2) StderrLine: {'line': b'                 from \x1b[01m\x1b[K/home/arno/RoombaV2Onboard/src/sllidar_ros2/./sdk/include/sl_lidar_driver.h:54\x1b[m\x1b[K,\n'}
[214.803480] (sllidar_ros2) StderrLine: {'line': b'                 from \x1b[01m\x1b[K/home/arno/RoombaV2Onboard/src/sllidar_ros2/sdk/src/sl_serial_channel.cpp:33\x1b[m\x1b[K:\n'}
[214.805360] (sllidar_ros2) StderrLine: {'line': b'\x1b[01m\x1b[K/home/arno/RoombaV2Onboard/src/sllidar_ros2/./sdk/include/sl_lidar_protocol.h:66:16:\x1b[m\x1b[K \x1b[01;35m\x1b[Kwarning: \x1b[m\x1b[KISO C++ forbids zero-size array \xe2\x80\x98\x1b[01m\x1b[Kdata\x1b[m\x1b[K\xe2\x80\x99 [\x1b[01;35m\x1b[K\x1b]8;;https://gcc.gnu.org/onlinedocs/gcc/Warning-Options.html#index-Wpedantic\x07-Wpedantic\x1b]8;;\x07\x1b[m\x1b[K]\n'}
[214.809998] (sllidar_ros2) StderrLine: {'line': b'   66 |     sl_u8 data[\x1b[01;35m\x1b[K0\x1b[m\x1b[K];\n'}
[214.811951] (sllidar_ros2) StderrLine: {'line': b'      |                \x1b[01;35m\x1b[K^\x1b[m\x1b[K\n'}
[214.813902] (sllidar_ros2) StderrLine: {'line': b'In file included from \x1b[01m\x1b[K/home/arno/RoombaV2Onboard/src/sllidar_ros2/./sdk/include/sl_lidar_driver.h:54\x1b[m\x1b[K,\n'}
[214.815669] (sllidar_ros2) StderrLine: {'line': b'                 from \x1b[01m\x1b[K/home/arno/RoombaV2Onboard/src/sllidar_ros2/sdk/src/sl_serial_channel.cpp:33\x1b[m\x1b[K:\n'}
[214.817983] (sllidar_ros2) StderrLine: {'line': b'\x1b[01m\x1b[K/home/arno/RoombaV2Onboard/src/sllidar_ros2/./sdk/include/sl_lidar_cmd.h:324:20:\x1b[m\x1b[K \x1b[01;35m\x1b[Kwarning: \x1b[m\x1b[KISO C++ forbids zero-size array \xe2\x80\x98\x1b[01m\x1b[Kpayload\x1b[m\x1b[K\xe2\x80\x99 [\x1b[01;35m\x1b[K\x1b]8;;https://gcc.gnu.org/onlinedocs/gcc/Warning-Options.html#index-Wpedantic\x07-Wpedantic\x1b]8;;\x07\x1b[m\x1b[K]\n'}
[214.821442] (sllidar_ros2) StderrLine: {'line': b'  324 |     sl_u8  payload[\x1b[01;35m\x1b[K0\x1b[m\x1b[K];\n'}
[214.824174] (sllidar_ros2) StderrLine: {'line': b'      |                    \x1b[01;35m\x1b[K^\x1b[m\x1b[K\n'}
[214.879079] (-) TimerEvent: {}
[214.981046] (-) TimerEvent: {}
[215.082932] (-) TimerEvent: {}
[215.184942] (-) TimerEvent: {}
[215.287850] (-) TimerEvent: {}
[215.392203] (-) TimerEvent: {}
[215.495221] (-) TimerEvent: {}
[215.597211] (-) TimerEvent: {}
[215.699117] (-) TimerEvent: {}
[215.800891] (-) TimerEvent: {}
[215.902856] (-) TimerEvent: {}
[215.919836] (sllidar_ros2) StderrLine: {'line': b'In file included from \x1b[01m\x1b[K/home/arno/RoombaV2Onboard/src/sllidar_ros2/./sdk/include/sl_lidar_cmd.h:41\x1b[m\x1b[K,\n'}
[215.923014] (sllidar_ros2) StderrLine: {'line': b'                 from \x1b[01m\x1b[K/home/arno/RoombaV2Onboard/src/sllidar_ros2/./sdk/include/sl_lidar_driver.h:54\x1b[m\x1b[K,\n'}
[215.924920] (sllidar_ros2) StderrLine: {'line': b'                 from \x1b[01m\x1b[K/home/arno/RoombaV2Onboard/src/sllidar_ros2/sdk/src/sl_tcp_channel.cpp:33\x1b[m\x1b[K:\n'}
[215.926457] (sllidar_ros2) StderrLine: {'line': b'\x1b[01m\x1b[K/home/arno/RoombaV2Onboard/src/sllidar_ros2/./sdk/include/sl_lidar_protocol.h:66:16:\x1b[m\x1b[K \x1b[01;35m\x1b[Kwarning: \x1b[m\x1b[KISO C++ forbids zero-size array \xe2\x80\x98\x1b[01m\x1b[Kdata\x1b[m\x1b[K\xe2\x80\x99 [\x1b[01;35m\x1b[K\x1b]8;;https://gcc.gnu.org/onlinedocs/gcc/Warning-Options.html#index-Wpedantic\x07-Wpedantic\x1b]8;;\x07\x1b[m\x1b[K]\n'}
[215.928128] (sllidar_ros2) StderrLine: {'line': b'   66 |     sl_u8 data[\x1b[01;35m\x1b[K0\x1b[m\x1b[K];\n'}
[215.929986] (sllidar_ros2) StderrLine: {'line': b'      |                \x1b[01;35m\x1b[K^\x1b[m\x1b[K\n'}
[215.931494] (sllidar_ros2) StderrLine: {'line': b'In file included from \x1b[01m\x1b[K/home/arno/RoombaV2Onboard/src/sllidar_ros2/./sdk/include/sl_lidar_driver.h:54\x1b[m\x1b[K,\n'}
[215.933090] (sllidar_ros2) StderrLine: {'line': b'                 from \x1b[01m\x1b[K/home/arno/RoombaV2Onboard/src/sllidar_ros2/sdk/src/sl_tcp_channel.cpp:33\x1b[m\x1b[K:\n'}
[215.934727] (sllidar_ros2) StderrLine: {'line': b'\x1b[01m\x1b[K/home/arno/RoombaV2Onboard/src/sllidar_ros2/./sdk/include/sl_lidar_cmd.h:324:20:\x1b[m\x1b[K \x1b[01;35m\x1b[Kwarning: \x1b[m\x1b[KISO C++ forbids zero-size array \xe2\x80\x98\x1b[01m\x1b[Kpayload\x1b[m\x1b[K\xe2\x80\x99 [\x1b[01;35m\x1b[K\x1b]8;;https://gcc.gnu.org/onlinedocs/gcc/Warning-Options.html#index-Wpedantic\x07-Wpedantic\x1b]8;;\x07\x1b[m\x1b[K]\n'}
[215.936403] (sllidar_ros2) StderrLine: {'line': b'  324 |     sl_u8  payload[\x1b[01;35m\x1b[K0\x1b[m\x1b[K];\n'}
[215.938308] (sllidar_ros2) StderrLine: {'line': b'      |                    \x1b[01;35m\x1b[K^\x1b[m\x1b[K\n'}
[215.966960] (sllidar_ros2) StderrLine: {'line': b'\x1b[01m\x1b[K/home/arno/RoombaV2Onboard/src/sllidar_ros2/sdk/src/sl_tcp_channel.cpp:\x1b[m\x1b[K In member function \xe2\x80\x98\x1b[01m\x1b[Kvoid sl::TcpChannel::setStatus(_u32)\x1b[m\x1b[K\xe2\x80\x99:\n'}
[215.971923] (sllidar_ros2) StderrLine: {'line': b'\x1b[01m\x1b[K/home/arno/RoombaV2Onboard/src/sllidar_ros2/sdk/src/sl_tcp_channel.cpp:109:29:\x1b[m\x1b[K \x1b[01;35m\x1b[Kwarning: \x1b[m\x1b[Kunused parameter \xe2\x80\x98\x1b[01m\x1b[Kflag\x1b[m\x1b[K\xe2\x80\x99 [\x1b[01;35m\x1b[K\x1b]8;;https://gcc.gnu.org/onlinedocs/gcc/Warning-Options.html#index-Wunused-parameter\x07-Wunused-parameter\x1b]8;;\x07\x1b[m\x1b[K]\n'}
[215.974012] (sllidar_ros2) StderrLine: {'line': b'  109 |         void setStatus(\x1b[01;35m\x1b[K_u32 flag\x1b[m\x1b[K){}\n'}
[215.975738] (sllidar_ros2) StderrLine: {'line': b'      |                        \x1b[01;35m\x1b[K~~~~~^~~~\x1b[m\x1b[K\n'}
[216.003121] (-) TimerEvent: {}
[216.104940] (-) TimerEvent: {}
[216.206713] (-) TimerEvent: {}
[216.309189] (-) TimerEvent: {}
[216.412131] (-) TimerEvent: {}
[216.513942] (-) TimerEvent: {}
[216.615475] (-) TimerEvent: {}
[216.717103] (-) TimerEvent: {}
[216.761474] (sllidar_ros2) StderrLine: {'line': b'In file included from \x1b[01m\x1b[K/home/arno/RoombaV2Onboard/src/sllidar_ros2/./sdk/include/rplidar_protocol.h:36\x1b[m\x1b[K,\n'}
[216.762763] (sllidar_ros2) StderrLine: {'line': b'                 from \x1b[01m\x1b[K/home/arno/RoombaV2Onboard/src/sllidar_ros2/./sdk/include/rplidar.h:39\x1b[m\x1b[K,\n'}
[216.763949] (sllidar_ros2) StderrLine: {'line': b'                 from \x1b[01m\x1b[K/home/arno/RoombaV2Onboard/src/sllidar_ros2/sdk/src/sdkcommon.h:49\x1b[m\x1b[K,\n'}
[216.766056] (sllidar_ros2) StderrLine: {'line': b'                 from \x1b[01m\x1b[K/home/arno/RoombaV2Onboard/src/sllidar_ros2/sdk/src/sl_lidarprotocol_codec.cpp:35\x1b[m\x1b[K:\n'}
[216.767265] (sllidar_ros2) StderrLine: {'line': b'\x1b[01m\x1b[K/home/arno/RoombaV2Onboard/src/sllidar_ros2/./sdk/include/sl_lidar_protocol.h:66:16:\x1b[m\x1b[K \x1b[01;35m\x1b[Kwarning: \x1b[m\x1b[KISO C++ forbids zero-size array \xe2\x80\x98\x1b[01m\x1b[Kdata\x1b[m\x1b[K\xe2\x80\x99 [\x1b[01;35m\x1b[K\x1b]8;;https://gcc.gnu.org/onlinedocs/gcc/Warning-Options.html#index-Wpedantic\x07-Wpedantic\x1b]8;;\x07\x1b[m\x1b[K]\n'}
[216.768987] (sllidar_ros2) StderrLine: {'line': b'   66 |     sl_u8 data[\x1b[01;35m\x1b[K0\x1b[m\x1b[K];\n'}
[216.770477] (sllidar_ros2) StderrLine: {'line': b'      |                \x1b[01;35m\x1b[K^\x1b[m\x1b[K\n'}
[216.771447] (sllidar_ros2) StderrLine: {'line': b'In file included from \x1b[01m\x1b[K/home/arno/RoombaV2Onboard/src/sllidar_ros2/./sdk/include/rplidar_cmd.h:36\x1b[m\x1b[K,\n'}
[216.773220] (sllidar_ros2) StderrLine: {'line': b'                 from \x1b[01m\x1b[K/home/arno/RoombaV2Onboard/src/sllidar_ros2/./sdk/include/rplidar.h:40\x1b[m\x1b[K,\n'}
[216.774819] (sllidar_ros2) StderrLine: {'line': b'                 from \x1b[01m\x1b[K/home/arno/RoombaV2Onboard/src/sllidar_ros2/sdk/src/sdkcommon.h:49\x1b[m\x1b[K,\n'}
[216.775890] (sllidar_ros2) StderrLine: {'line': b'                 from \x1b[01m\x1b[K/home/arno/RoombaV2Onboard/src/sllidar_ros2/sdk/src/sl_lidarprotocol_codec.cpp:35\x1b[m\x1b[K:\n'}
[216.777110] (sllidar_ros2) StderrLine: {'line': b'\x1b[01m\x1b[K/home/arno/RoombaV2Onboard/src/sllidar_ros2/./sdk/include/sl_lidar_cmd.h:324:20:\x1b[m\x1b[K \x1b[01;35m\x1b[Kwarning: \x1b[m\x1b[KISO C++ forbids zero-size array \xe2\x80\x98\x1b[01m\x1b[Kpayload\x1b[m\x1b[K\xe2\x80\x99 [\x1b[01;35m\x1b[K\x1b]8;;https://gcc.gnu.org/onlinedocs/gcc/Warning-Options.html#index-Wpedantic\x07-Wpedantic\x1b]8;;\x07\x1b[m\x1b[K]\n'}
[216.778313] (sllidar_ros2) StderrLine: {'line': b'  324 |     sl_u8  payload[\x1b[01;35m\x1b[K0\x1b[m\x1b[K];\n'}
[216.779469] (sllidar_ros2) StderrLine: {'line': b'      |                    \x1b[01;35m\x1b[K^\x1b[m\x1b[K\n'}
[216.817400] (-) TimerEvent: {}
[216.918780] (-) TimerEvent: {}
[217.020178] (-) TimerEvent: {}
[217.121684] (-) TimerEvent: {}
[217.223102] (-) TimerEvent: {}
[217.324507] (-) TimerEvent: {}
[217.426122] (-) TimerEvent: {}
[217.527508] (-) TimerEvent: {}
[217.628884] (-) TimerEvent: {}
[217.730226] (-) TimerEvent: {}
[217.831623] (-) TimerEvent: {}
[217.933016] (-) TimerEvent: {}
[218.034333] (-) TimerEvent: {}
[218.136060] (-) TimerEvent: {}
[218.237626] (-) TimerEvent: {}
[218.339073] (-) TimerEvent: {}
[218.399587] (sllidar_ros2) StderrLine: {'line': b'In file included from \x1b[01m\x1b[K/home/arno/RoombaV2Onboard/src/sllidar_ros2/sdk/src/sl_lidarprotocol_codec.cpp:49\x1b[m\x1b[K:\n'}
[218.401225] (sllidar_ros2) StderrLine: {'line': b'\x1b[01m\x1b[K/home/arno/RoombaV2Onboard/src/sllidar_ros2/sdk/src/sl_async_transceiver.h:\x1b[m\x1b[K In member function \xe2\x80\x98\x1b[01m\x1b[Kvirtual void sl::internal::IAsyncProtocolCodec::onChannelError(u_result)\x1b[m\x1b[K\xe2\x80\x99:\n'}
[218.402392] (sllidar_ros2) StderrLine: {'line': b'\x1b[01m\x1b[K/home/arno/RoombaV2Onboard/src/sllidar_ros2/sdk/src/sl_async_transceiver.h:90:48:\x1b[m\x1b[K \x1b[01;35m\x1b[Kwarning: \x1b[m\x1b[Kunused parameter \xe2\x80\x98\x1b[01m\x1b[KerrCode\x1b[m\x1b[K\xe2\x80\x99 [\x1b[01;35m\x1b[K\x1b]8;;https://gcc.gnu.org/onlinedocs/gcc/Warning-Options.html#index-Wunused-parameter\x07-Wunused-parameter\x1b]8;;\x07\x1b[m\x1b[K]\n'}
[218.403520] (sllidar_ros2) StderrLine: {'line': b'   90 | void   onChannelError(\x1b[01;35m\x1b[Ku_result errCode\x1b[m\x1b[K) {}\n'}
[218.404528] (sllidar_ros2) StderrLine: {'line': b'      |                       \x1b[01;35m\x1b[K~~~~~~~~~^~~~~~~\x1b[m\x1b[K\n'}
[218.405694] (sllidar_ros2) StderrLine: {'line': b'\n'}
[218.439359] (-) TimerEvent: {}
[218.541025] (-) TimerEvent: {}
[218.642553] (-) TimerEvent: {}
[218.744097] (-) TimerEvent: {}
[218.846167] (-) TimerEvent: {}
[218.947675] (-) TimerEvent: {}
[219.049143] (-) TimerEvent: {}
[219.150515] (-) TimerEvent: {}
[219.251812] (-) TimerEvent: {}
[219.330461] (sllidar_ros2) StdoutLine: {'line': b'[ 90%] \x1b[32mBuilding CXX object CMakeFiles/sllidar_node.dir/sdk/src/sl_udp_channel.cpp.o\x1b[0m\n'}
[219.352098] (-) TimerEvent: {}
[219.453573] (-) TimerEvent: {}
[219.554716] (-) TimerEvent: {}
[219.656032] (-) TimerEvent: {}
[219.757268] (-) TimerEvent: {}
[219.858582] (-) TimerEvent: {}
[219.959854] (-) TimerEvent: {}
[220.061006] (-) TimerEvent: {}
[220.162180] (-) TimerEvent: {}
[220.263299] (-) TimerEvent: {}
[220.364660] (-) TimerEvent: {}
[220.466264] (-) TimerEvent: {}
[220.567589] (-) TimerEvent: {}
[220.668977] (-) TimerEvent: {}
[220.770514] (-) TimerEvent: {}
[220.871958] (-) TimerEvent: {}
[220.973395] (-) TimerEvent: {}
[221.074717] (-) TimerEvent: {}
[221.176332] (-) TimerEvent: {}
[221.278099] (-) TimerEvent: {}
[221.379730] (-) TimerEvent: {}
[221.481533] (-) TimerEvent: {}
[221.582879] (-) TimerEvent: {}
[221.684229] (-) TimerEvent: {}
[221.785750] (-) TimerEvent: {}
[221.875425] (sllidar_ros2) StderrLine: {'line': b'In file included from \x1b[01m\x1b[K/home/arno/RoombaV2Onboard/src/sllidar_ros2/./sdk/include/sl_lidar_cmd.h:41\x1b[m\x1b[K,\n'}
[221.877024] (sllidar_ros2) StderrLine: {'line': b'                 from \x1b[01m\x1b[K/home/arno/RoombaV2Onboard/src/sllidar_ros2/./sdk/include/sl_lidar_driver.h:54\x1b[m\x1b[K,\n'}
[221.878263] (sllidar_ros2) StderrLine: {'line': b'                 from \x1b[01m\x1b[K/home/arno/RoombaV2Onboard/src/sllidar_ros2/sdk/src/sl_udp_channel.cpp:33\x1b[m\x1b[K:\n'}
[221.879571] (sllidar_ros2) StderrLine: {'line': b'\x1b[01m\x1b[K/home/arno/RoombaV2Onboard/src/sllidar_ros2/./sdk/include/sl_lidar_protocol.h:66:16:\x1b[m\x1b[K \x1b[01;35m\x1b[Kwarning: \x1b[m\x1b[KISO C++ forbids zero-size array \xe2\x80\x98\x1b[01m\x1b[Kdata\x1b[m\x1b[K\xe2\x80\x99 [\x1b[01;35m\x1b[K\x1b]8;;https://gcc.gnu.org/onlinedocs/gcc/Warning-Options.html#index-Wpedantic\x07-Wpedantic\x1b]8;;\x07\x1b[m\x1b[K]\n'}
[221.882549] (sllidar_ros2) StderrLine: {'line': b'   66 |     sl_u8 data[\x1b[01;35m\x1b[K0\x1b[m\x1b[K];\n'}
[221.883727] (sllidar_ros2) StderrLine: {'line': b'      |                \x1b[01;35m\x1b[K^\x1b[m\x1b[K\n'}
[221.884962] (sllidar_ros2) StderrLine: {'line': b'In file included from \x1b[01m\x1b[K/home/arno/RoombaV2Onboard/src/sllidar_ros2/./sdk/include/sl_lidar_driver.h:54\x1b[m\x1b[K,\n'}
[221.886043] (-) TimerEvent: {}
[221.887341] (sllidar_ros2) StderrLine: {'line': b'                 from \x1b[01m\x1b[K/home/arno/RoombaV2Onboard/src/sllidar_ros2/sdk/src/sl_udp_channel.cpp:33\x1b[m\x1b[K:\n'}
[221.888651] (sllidar_ros2) StderrLine: {'line': b'\x1b[01m\x1b[K/home/arno/RoombaV2Onboard/src/sllidar_ros2/./sdk/include/sl_lidar_cmd.h:324:20:\x1b[m\x1b[K \x1b[01;35m\x1b[Kwarning: \x1b[m\x1b[KISO C++ forbids zero-size array \xe2\x80\x98\x1b[01m\x1b[Kpayload\x1b[m\x1b[K\xe2\x80\x99 [\x1b[01;35m\x1b[K\x1b]8;;https://gcc.gnu.org/onlinedocs/gcc/Warning-Options.html#index-Wpedantic\x07-Wpedantic\x1b]8;;\x07\x1b[m\x1b[K]\n'}
[221.890011] (sllidar_ros2) StderrLine: {'line': b'  324 |     sl_u8  payload[\x1b[01;35m\x1b[K0\x1b[m\x1b[K];\n'}
[221.891038] (sllidar_ros2) StderrLine: {'line': b'      |                    \x1b[01;35m\x1b[K^\x1b[m\x1b[K\n'}
[221.918643] (sllidar_ros2) StderrLine: {'line': b'\x1b[01m\x1b[K/home/arno/RoombaV2Onboard/src/sllidar_ros2/sdk/src/sl_udp_channel.cpp:\x1b[m\x1b[K In member function \xe2\x80\x98\x1b[01m\x1b[Kvoid sl::UdpChannel::setStatus(_u32)\x1b[m\x1b[K\xe2\x80\x99:\n'}
[221.921880] (sllidar_ros2) StderrLine: {'line': b'\x1b[01m\x1b[K/home/arno/RoombaV2Onboard/src/sllidar_ros2/sdk/src/sl_udp_channel.cpp:112:29:\x1b[m\x1b[K \x1b[01;35m\x1b[Kwarning: \x1b[m\x1b[Kunused parameter \xe2\x80\x98\x1b[01m\x1b[Kflag\x1b[m\x1b[K\xe2\x80\x99 [\x1b[01;35m\x1b[K\x1b]8;;https://gcc.gnu.org/onlinedocs/gcc/Warning-Options.html#index-Wunused-parameter\x07-Wunused-parameter\x1b]8;;\x07\x1b[m\x1b[K]\n'}
[221.923599] (sllidar_ros2) StderrLine: {'line': b'  112 |         void setStatus(\x1b[01;35m\x1b[K_u32 flag\x1b[m\x1b[K){}\n'}
[221.925276] (sllidar_ros2) StderrLine: {'line': b'      |                        \x1b[01;35m\x1b[K~~~~~^~~~\x1b[m\x1b[K\n'}
[221.986510] (-) TimerEvent: {}
[222.088077] (-) TimerEvent: {}
[222.189515] (-) TimerEvent: {}
[222.290864] (-) TimerEvent: {}
[222.384301] (sllidar_ros2) StdoutLine: {'line': b'[ 95%] \x1b[32m\x1b[1mLinking CXX executable sllidar_node\x1b[0m\n'}
[222.391248] (-) TimerEvent: {}
[222.492606] (-) TimerEvent: {}
[222.593993] (-) TimerEvent: {}
[222.695370] (-) TimerEvent: {}
[222.796588] (-) TimerEvent: {}
[222.897780] (-) TimerEvent: {}
[222.999179] (-) TimerEvent: {}
[223.100612] (-) TimerEvent: {}
[223.202150] (-) TimerEvent: {}
[223.303879] (-) TimerEvent: {}
[223.405395] (-) TimerEvent: {}
[223.506718] (-) TimerEvent: {}
[223.608689] (-) TimerEvent: {}
[223.710176] (-) TimerEvent: {}
[223.812070] (-) TimerEvent: {}
[223.914096] (-) TimerEvent: {}
[224.015949] (-) TimerEvent: {}
[224.117891] (-) TimerEvent: {}
[224.219219] (-) TimerEvent: {}
[224.321007] (-) TimerEvent: {}
[224.422451] (-) TimerEvent: {}
[224.524151] (-) TimerEvent: {}
[224.625525] (-) TimerEvent: {}
[224.727154] (-) TimerEvent: {}
[224.828467] (-) TimerEvent: {}
[224.929755] (-) TimerEvent: {}
[225.031252] (-) TimerEvent: {}
[225.132838] (-) TimerEvent: {}
[225.234486] (-) TimerEvent: {}
[225.335612] (-) TimerEvent: {}
[225.436955] (-) TimerEvent: {}
[225.538196] (-) TimerEvent: {}
[225.639482] (-) TimerEvent: {}
[225.740623] (-) TimerEvent: {}
[225.842015] (-) TimerEvent: {}
[225.943476] (-) TimerEvent: {}
[226.044791] (-) TimerEvent: {}
[226.146013] (-) TimerEvent: {}
[226.247140] (-) TimerEvent: {}
[226.348664] (-) TimerEvent: {}
[226.450540] (-) TimerEvent: {}
[226.524194] (sllidar_ros2) StdoutLine: {'line': b'[ 95%] Built target sllidar_node\n'}
[226.550970] (-) TimerEvent: {}
[226.652454] (-) TimerEvent: {}
[226.754042] (-) TimerEvent: {}
[226.855492] (-) TimerEvent: {}
[226.956921] (-) TimerEvent: {}
[227.058485] (-) TimerEvent: {}
[227.159842] (-) TimerEvent: {}
[227.261376] (-) TimerEvent: {}
[227.362897] (-) TimerEvent: {}
[227.464391] (-) TimerEvent: {}
[227.565841] (-) TimerEvent: {}
[227.667224] (-) TimerEvent: {}
[227.768725] (-) TimerEvent: {}
[227.870395] (-) TimerEvent: {}
[227.971813] (-) TimerEvent: {}
[228.073820] (-) TimerEvent: {}
[228.175305] (-) TimerEvent: {}
[228.276512] (-) TimerEvent: {}
[228.378005] (-) TimerEvent: {}
[228.479358] (-) TimerEvent: {}
[228.580695] (-) TimerEvent: {}
[228.682152] (-) TimerEvent: {}
[228.783725] (-) TimerEvent: {}
[228.885169] (-) TimerEvent: {}
[228.986622] (-) TimerEvent: {}
[229.088007] (-) TimerEvent: {}
[229.189631] (-) TimerEvent: {}
[229.290982] (-) TimerEvent: {}
[229.392520] (-) TimerEvent: {}
[229.494228] (-) TimerEvent: {}
[229.595730] (-) TimerEvent: {}
[229.697197] (-) TimerEvent: {}
[229.798564] (-) TimerEvent: {}
[229.899859] (-) TimerEvent: {}
[230.001293] (-) TimerEvent: {}
[230.102930] (-) TimerEvent: {}
[230.204329] (-) TimerEvent: {}
[230.305776] (-) TimerEvent: {}
[230.407182] (-) TimerEvent: {}
[230.508828] (-) TimerEvent: {}
[230.610258] (-) TimerEvent: {}
[230.711800] (-) TimerEvent: {}
[230.813339] (-) TimerEvent: {}
[230.914960] (-) TimerEvent: {}
[231.016404] (-) TimerEvent: {}
[231.117841] (-) TimerEvent: {}
[231.219650] (-) TimerEvent: {}
[231.321149] (-) TimerEvent: {}
[231.422621] (-) TimerEvent: {}
[231.523973] (-) TimerEvent: {}
[231.625405] (-) TimerEvent: {}
[231.726797] (-) TimerEvent: {}
[231.828367] (-) TimerEvent: {}
[231.929942] (-) TimerEvent: {}
[232.031340] (-) TimerEvent: {}
[232.132907] (-) TimerEvent: {}
[232.234278] (-) TimerEvent: {}
[232.335572] (-) TimerEvent: {}
[232.437084] (-) TimerEvent: {}
[232.538556] (-) TimerEvent: {}
[232.640040] (-) TimerEvent: {}
[232.741391] (-) TimerEvent: {}
[232.842769] (-) TimerEvent: {}
[232.944143] (-) TimerEvent: {}
[233.045423] (-) TimerEvent: {}
[233.146852] (-) TimerEvent: {}
[233.248506] (-) TimerEvent: {}
[233.350155] (-) TimerEvent: {}
[233.451741] (-) TimerEvent: {}
[233.553219] (-) TimerEvent: {}
[233.654613] (-) TimerEvent: {}
[233.756022] (-) TimerEvent: {}
[233.857686] (-) TimerEvent: {}
[233.959009] (-) TimerEvent: {}
[234.060361] (-) TimerEvent: {}
[234.161744] (-) TimerEvent: {}
[234.263126] (-) TimerEvent: {}
[234.364526] (-) TimerEvent: {}
[234.466044] (-) TimerEvent: {}
[234.567490] (-) TimerEvent: {}
[234.668950] (-) TimerEvent: {}
[234.771254] (-) TimerEvent: {}
[234.872618] (-) TimerEvent: {}
[234.973999] (-) TimerEvent: {}
[235.075352] (-) TimerEvent: {}
[235.176620] (-) TimerEvent: {}
[235.277852] (-) TimerEvent: {}
[235.379046] (-) TimerEvent: {}
[235.480530] (-) TimerEvent: {}
[235.582167] (-) TimerEvent: {}
[235.683625] (-) TimerEvent: {}
[235.785247] (-) TimerEvent: {}
[235.886424] (-) TimerEvent: {}
[235.987611] (-) TimerEvent: {}
[236.088825] (-) TimerEvent: {}
[236.190197] (-) TimerEvent: {}
[236.291719] (-) TimerEvent: {}
[236.393004] (-) TimerEvent: {}
[236.494269] (-) TimerEvent: {}
[236.595574] (-) TimerEvent: {}
[236.696723] (-) TimerEvent: {}
[236.797983] (-) TimerEvent: {}
[236.899251] (-) TimerEvent: {}
[237.000407] (-) TimerEvent: {}
[237.101805] (-) TimerEvent: {}
[237.203401] (-) TimerEvent: {}
[237.304590] (-) TimerEvent: {}
[237.406033] (-) TimerEvent: {}
[237.507310] (-) TimerEvent: {}
[237.608785] (-) TimerEvent: {}
[237.710185] (-) TimerEvent: {}
[237.811482] (-) TimerEvent: {}
[237.912828] (-) TimerEvent: {}
[238.014094] (-) TimerEvent: {}
[238.115357] (-) TimerEvent: {}
[238.216700] (-) TimerEvent: {}
[238.318120] (-) TimerEvent: {}
[238.419811] (-) TimerEvent: {}
[238.520924] (-) TimerEvent: {}
[238.622120] (-) TimerEvent: {}
[238.723189] (-) TimerEvent: {}
[238.824398] (-) TimerEvent: {}
[238.925556] (-) TimerEvent: {}
[239.026640] (-) TimerEvent: {}
[239.127811] (-) TimerEvent: {}
[239.229041] (-) TimerEvent: {}
[239.330257] (-) TimerEvent: {}
[239.431779] (-) TimerEvent: {}
[239.533283] (-) TimerEvent: {}
[239.634948] (-) TimerEvent: {}
[239.736977] (-) TimerEvent: {}
[239.838447] (-) TimerEvent: {}
[239.939816] (-) TimerEvent: {}
[240.041209] (-) TimerEvent: {}
[240.142464] (-) TimerEvent: {}
[240.243951] (-) TimerEvent: {}
[240.345675] (-) TimerEvent: {}
[240.446907] (-) TimerEvent: {}
[240.548198] (-) TimerEvent: {}
[240.649572] (-) TimerEvent: {}
[240.750858] (-) TimerEvent: {}
[240.852230] (-) TimerEvent: {}
[240.953575] (-) TimerEvent: {}
[241.054854] (-) TimerEvent: {}
[241.156304] (-) TimerEvent: {}
[241.257769] (-) TimerEvent: {}
[241.358893] (-) TimerEvent: {}
[241.460154] (-) TimerEvent: {}
[241.561497] (-) TimerEvent: {}
[241.662715] (-) TimerEvent: {}
[241.763947] (-) TimerEvent: {}
[241.865181] (-) TimerEvent: {}
[241.966386] (-) TimerEvent: {}
[242.067585] (-) TimerEvent: {}
[242.168917] (-) TimerEvent: {}
[242.270129] (-) TimerEvent: {}
[242.371413] (-) TimerEvent: {}
[242.472635] (-) TimerEvent: {}
[242.573963] (-) TimerEvent: {}
[242.675103] (-) TimerEvent: {}
[242.776222] (-) TimerEvent: {}
[242.877324] (-) TimerEvent: {}
[242.978500] (-) TimerEvent: {}
[243.079739] (-) TimerEvent: {}
[243.181002] (-) TimerEvent: {}
[243.282177] (-) TimerEvent: {}
[243.383366] (-) TimerEvent: {}
[243.484705] (-) TimerEvent: {}
[243.586220] (-) TimerEvent: {}
[243.687343] (-) TimerEvent: {}
[243.788650] (-) TimerEvent: {}
[243.889912] (-) TimerEvent: {}
[243.992149] (-) TimerEvent: {}
[244.093444] (-) TimerEvent: {}
[244.194684] (-) TimerEvent: {}
[244.295837] (-) TimerEvent: {}
[244.397055] (-) TimerEvent: {}
[244.498309] (-) TimerEvent: {}
[244.599744] (-) TimerEvent: {}
[244.701751] (-) TimerEvent: {}
[244.804429] (-) TimerEvent: {}
[244.905905] (-) TimerEvent: {}
[245.007119] (-) TimerEvent: {}
[245.108409] (-) TimerEvent: {}
[245.209856] (-) TimerEvent: {}
[245.311432] (-) TimerEvent: {}
[245.413287] (-) TimerEvent: {}
[245.515133] (-) TimerEvent: {}
[245.616316] (-) TimerEvent: {}
[245.717685] (-) TimerEvent: {}
[245.818981] (-) TimerEvent: {}
[245.920542] (-) TimerEvent: {}
[246.022172] (-) TimerEvent: {}
[246.123693] (-) TimerEvent: {}
[246.225162] (-) TimerEvent: {}
[246.326397] (-) TimerEvent: {}
[246.427916] (-) TimerEvent: {}
[246.529593] (-) TimerEvent: {}
[246.630728] (-) TimerEvent: {}
[246.731991] (-) TimerEvent: {}
[246.833398] (-) TimerEvent: {}
[246.935047] (-) TimerEvent: {}
[247.036254] (-) TimerEvent: {}
[247.137616] (-) TimerEvent: {}
[247.238828] (-) TimerEvent: {}
[247.343279] (-) TimerEvent: {}
[247.444636] (-) TimerEvent: {}
[247.545876] (-) TimerEvent: {}
[247.647166] (-) TimerEvent: {}
[247.748372] (-) TimerEvent: {}
[247.849716] (-) TimerEvent: {}
[247.950943] (-) TimerEvent: {}
[248.052169] (-) TimerEvent: {}
[248.153463] (-) TimerEvent: {}
[248.254723] (-) TimerEvent: {}
[248.355907] (-) TimerEvent: {}
[248.457118] (-) TimerEvent: {}
[248.558361] (-) TimerEvent: {}
[248.659658] (-) TimerEvent: {}
[248.760952] (-) TimerEvent: {}
[248.862240] (-) TimerEvent: {}
[248.963517] (-) TimerEvent: {}
[249.064842] (-) TimerEvent: {}
[249.166215] (-) TimerEvent: {}
[249.268182] (-) TimerEvent: {}
[249.369713] (-) TimerEvent: {}
[249.470979] (-) TimerEvent: {}
[249.572184] (-) TimerEvent: {}
[249.673496] (-) TimerEvent: {}
[249.774695] (-) TimerEvent: {}
[249.875980] (-) TimerEvent: {}
[249.977292] (-) TimerEvent: {}
[250.078531] (-) TimerEvent: {}
[250.179889] (-) TimerEvent: {}
[250.281225] (-) TimerEvent: {}
[250.382441] (-) TimerEvent: {}
[250.483828] (-) TimerEvent: {}
[250.585544] (-) TimerEvent: {}
[250.686808] (-) TimerEvent: {}
[250.788075] (-) TimerEvent: {}
[250.889291] (-) TimerEvent: {}
[250.990581] (-) TimerEvent: {}
[251.091848] (-) TimerEvent: {}
[251.193106] (-) TimerEvent: {}
[251.294446] (-) TimerEvent: {}
[251.395852] (-) TimerEvent: {}
[251.497196] (-) TimerEvent: {}
[251.598308] (-) TimerEvent: {}
[251.699651] (-) TimerEvent: {}
[251.801213] (-) TimerEvent: {}
[251.902744] (-) TimerEvent: {}
[252.003941] (-) TimerEvent: {}
[252.105232] (-) TimerEvent: {}
[252.206502] (-) TimerEvent: {}
[252.307775] (-) TimerEvent: {}
[252.409094] (-) TimerEvent: {}
[252.510360] (-) TimerEvent: {}
[252.611543] (-) TimerEvent: {}
[252.712898] (-) TimerEvent: {}
[252.814100] (-) TimerEvent: {}
[252.915544] (-) TimerEvent: {}
[253.016928] (-) TimerEvent: {}
[253.118212] (-) TimerEvent: {}
[253.219431] (-) TimerEvent: {}
[253.321243] (-) TimerEvent: {}
[253.424281] (-) TimerEvent: {}
[253.526026] (-) TimerEvent: {}
[253.627220] (-) TimerEvent: {}
[253.728462] (-) TimerEvent: {}
[253.829748] (-) TimerEvent: {}
[253.931080] (-) TimerEvent: {}
[254.032716] (-) TimerEvent: {}
[254.133969] (-) TimerEvent: {}
[254.235229] (-) TimerEvent: {}
[254.336491] (-) TimerEvent: {}
[254.437663] (-) TimerEvent: {}
[254.538737] (-) TimerEvent: {}
[254.640082] (-) TimerEvent: {}
[254.741513] (-) TimerEvent: {}
[254.843168] (-) TimerEvent: {}
[254.944933] (-) TimerEvent: {}
[255.046231] (-) TimerEvent: {}
[255.147524] (-) TimerEvent: {}
[255.248846] (-) TimerEvent: {}
[255.350103] (-) TimerEvent: {}
[255.451432] (-) TimerEvent: {}
[255.552868] (-) TimerEvent: {}
[255.654053] (-) TimerEvent: {}
[255.755271] (-) TimerEvent: {}
[255.856511] (-) TimerEvent: {}
[255.957777] (-) TimerEvent: {}
[256.059006] (-) TimerEvent: {}
[256.160203] (-) TimerEvent: {}
[256.261487] (-) TimerEvent: {}
[256.362771] (-) TimerEvent: {}
[256.464129] (-) TimerEvent: {}
[256.565633] (-) TimerEvent: {}
[256.666828] (-) TimerEvent: {}
[256.768086] (-) TimerEvent: {}
[256.869534] (-) TimerEvent: {}
[256.970770] (-) TimerEvent: {}
[257.072259] (-) TimerEvent: {}
[257.174217] (-) TimerEvent: {}
[257.373589] (-) TimerEvent: {}
[257.475769] (-) TimerEvent: {}
[257.577418] (-) TimerEvent: {}
[257.678608] (-) TimerEvent: {}
[257.780473] (-) TimerEvent: {}
[257.882111] (-) TimerEvent: {}
[257.983775] (-) TimerEvent: {}
[258.085311] (-) TimerEvent: {}
[258.186542] (-) TimerEvent: {}
[258.287869] (-) TimerEvent: {}
[258.389276] (-) TimerEvent: {}
[258.490417] (-) TimerEvent: {}
[258.595965] (-) TimerEvent: {}
[258.697265] (-) TimerEvent: {}
[258.798579] (-) TimerEvent: {}
[258.900436] (-) TimerEvent: {}
[259.001738] (-) TimerEvent: {}
[259.103010] (-) TimerEvent: {}
[259.204214] (-) TimerEvent: {}
[259.305555] (-) TimerEvent: {}
[259.419003] (-) TimerEvent: {}
[259.576267] (-) TimerEvent: {}
[259.744655] (-) TimerEvent: {}
[259.846208] (-) TimerEvent: {}
[259.947484] (-) TimerEvent: {}
[260.048986] (-) TimerEvent: {}
[260.150593] (-) TimerEvent: {}
[260.252006] (-) TimerEvent: {}
[260.353839] (-) TimerEvent: {}
[260.454917] (-) TimerEvent: {}
[260.555972] (-) TimerEvent: {}
[260.657046] (-) TimerEvent: {}
[260.758304] (-) TimerEvent: {}
[260.859556] (-) TimerEvent: {}
[260.960855] (-) TimerEvent: {}
[261.062148] (-) TimerEvent: {}
[261.163418] (-) TimerEvent: {}
[261.264925] (-) TimerEvent: {}
[261.366375] (-) TimerEvent: {}
[261.467615] (-) TimerEvent: {}
[261.568921] (-) TimerEvent: {}
[261.670239] (-) TimerEvent: {}
[261.772020] (-) TimerEvent: {}
[261.873911] (-) TimerEvent: {}
[261.976239] (-) TimerEvent: {}
[262.078207] (-) TimerEvent: {}
[262.179821] (-) TimerEvent: {}
[262.281519] (-) TimerEvent: {}
[262.908607] (-) TimerEvent: {}
[263.010438] (-) TimerEvent: {}
[263.112060] (-) TimerEvent: {}
[263.213701] (-) TimerEvent: {}
[263.315080] (-) TimerEvent: {}
[263.416394] (-) TimerEvent: {}
[263.517734] (-) TimerEvent: {}
[263.619045] (-) TimerEvent: {}
[263.720313] (-) TimerEvent: {}
[263.821677] (-) TimerEvent: {}
[263.923106] (-) TimerEvent: {}
[264.024641] (-) TimerEvent: {}
[264.126052] (-) TimerEvent: {}
[264.227580] (-) TimerEvent: {}
[264.330144] (-) TimerEvent: {}
[264.431567] (-) TimerEvent: {}
[264.533233] (-) TimerEvent: {}
[264.634785] (-) TimerEvent: {}
[264.736038] (-) TimerEvent: {}
[264.837491] (-) TimerEvent: {}
[264.938989] (-) TimerEvent: {}
[265.040514] (-) TimerEvent: {}
[265.142344] (-) TimerEvent: {}
[265.244106] (-) TimerEvent: {}
[265.345884] (-) TimerEvent: {}
[265.447590] (-) TimerEvent: {}
[265.549333] (-) TimerEvent: {}
[265.650667] (-) TimerEvent: {}
[265.751839] (-) TimerEvent: {}
[265.853456] (-) TimerEvent: {}
[265.954725] (-) TimerEvent: {}
[266.056470] (-) TimerEvent: {}
[266.158137] (-) TimerEvent: {}
[266.259673] (-) TimerEvent: {}
[266.360873] (-) TimerEvent: {}
[266.462279] (-) TimerEvent: {}
[266.563813] (-) TimerEvent: {}
[266.665683] (-) TimerEvent: {}
[266.766942] (-) TimerEvent: {}
[266.868095] (-) TimerEvent: {}
[266.969806] (-) TimerEvent: {}
[267.071731] (-) TimerEvent: {}
[267.173682] (-) TimerEvent: {}
[267.275285] (-) TimerEvent: {}
[267.376862] (-) TimerEvent: {}
[267.478496] (-) TimerEvent: {}
[267.579852] (-) TimerEvent: {}
[267.681080] (-) TimerEvent: {}
[267.782748] (-) TimerEvent: {}
[267.884418] (-) TimerEvent: {}
[267.986169] (-) TimerEvent: {}
[268.087379] (-) TimerEvent: {}
[268.189195] (-) TimerEvent: {}
[268.290763] (-) TimerEvent: {}
[268.392204] (-) TimerEvent: {}
[268.494004] (-) TimerEvent: {}
[268.595295] (-) TimerEvent: {}
[268.696966] (-) TimerEvent: {}
[268.798695] (-) TimerEvent: {}
[268.900480] (-) TimerEvent: {}
[269.002106] (-) TimerEvent: {}
[269.103392] (-) TimerEvent: {}
[269.205075] (-) TimerEvent: {}
[269.306933] (-) TimerEvent: {}
[269.408975] (-) TimerEvent: {}
[269.510250] (-) TimerEvent: {}
[269.611575] (-) TimerEvent: {}
[269.713300] (-) TimerEvent: {}
[269.814582] (-) TimerEvent: {}
[269.916213] (-) TimerEvent: {}
[270.017459] (-) TimerEvent: {}
[270.119170] (-) TimerEvent: {}
[270.221054] (-) TimerEvent: {}
[270.322701] (-) TimerEvent: {}
[270.424173] (-) TimerEvent: {}
[270.525837] (-) TimerEvent: {}
[270.627518] (-) TimerEvent: {}
[270.729422] (-) TimerEvent: {}
[270.831099] (-) TimerEvent: {}
[270.932833] (-) TimerEvent: {}
[271.034244] (-) TimerEvent: {}
[271.135821] (-) TimerEvent: {}
[271.237109] (-) TimerEvent: {}
[271.338741] (-) TimerEvent: {}
[271.440208] (-) TimerEvent: {}
[271.541363] (-) TimerEvent: {}
[271.642622] (-) TimerEvent: {}
[271.744341] (-) TimerEvent: {}
[271.846057] (-) TimerEvent: {}
[271.947527] (-) TimerEvent: {}
[272.048914] (-) TimerEvent: {}
[272.150509] (-) TimerEvent: {}
[272.251738] (-) TimerEvent: {}
[272.353459] (-) TimerEvent: {}
[272.455348] (-) TimerEvent: {}
[272.557106] (-) TimerEvent: {}
[272.658770] (-) TimerEvent: {}
[272.760335] (-) TimerEvent: {}
[272.862089] (-) TimerEvent: {}
[272.963700] (-) TimerEvent: {}
[273.065013] (-) TimerEvent: {}
[273.166600] (-) TimerEvent: {}
[273.268331] (-) TimerEvent: {}
[273.369462] (-) TimerEvent: {}
[273.470520] (-) TimerEvent: {}
[273.571602] (-) TimerEvent: {}
[273.672670] (-) TimerEvent: {}
[273.774258] (-) TimerEvent: {}
[273.875762] (-) TimerEvent: {}
[273.977035] (-) TimerEvent: {}
[274.078283] (-) TimerEvent: {}
[274.179934] (-) TimerEvent: {}
[274.281284] (-) TimerEvent: {}
[274.382649] (-) TimerEvent: {}
[274.484053] (-) TimerEvent: {}
[274.585286] (-) TimerEvent: {}
[274.686767] (-) TimerEvent: {}
[274.787977] (-) TimerEvent: {}
[274.889293] (-) TimerEvent: {}
[274.990560] (-) TimerEvent: {}
[275.091818] (-) TimerEvent: {}
[275.193303] (-) TimerEvent: {}
[275.294715] (-) TimerEvent: {}
[275.395832] (-) TimerEvent: {}
[275.497450] (-) TimerEvent: {}
[275.599031] (-) TimerEvent: {}
[275.700360] (-) TimerEvent: {}
[275.801600] (-) TimerEvent: {}
[275.903038] (-) TimerEvent: {}
[276.004688] (-) TimerEvent: {}
[276.106214] (-) TimerEvent: {}
[276.207561] (-) TimerEvent: {}
[276.308833] (-) TimerEvent: {}
[276.410143] (-) TimerEvent: {}
[276.511635] (-) TimerEvent: {}
[276.613313] (-) TimerEvent: {}
[276.714599] (-) TimerEvent: {}
[276.816287] (-) TimerEvent: {}
[276.917870] (-) TimerEvent: {}
[277.019230] (-) TimerEvent: {}
[277.120449] (-) TimerEvent: {}
[277.222296] (-) TimerEvent: {}
[277.323606] (-) TimerEvent: {}
[277.495360] (-) TimerEvent: {}
[277.596538] (-) TimerEvent: {}
[277.698565] (-) TimerEvent: {}
[277.801240] (-) TimerEvent: {}
[277.902761] (-) TimerEvent: {}
[278.004314] (-) TimerEvent: {}
[278.106700] (-) TimerEvent: {}
[278.208291] (-) TimerEvent: {}
[278.309871] (-) TimerEvent: {}
[278.411001] (-) TimerEvent: {}
[278.512199] (-) TimerEvent: {}
[278.613386] (-) TimerEvent: {}
[278.714500] (-) TimerEvent: {}
[278.815592] (-) TimerEvent: {}
[278.917088] (-) TimerEvent: {}
[279.018658] (-) TimerEvent: {}
[279.120028] (-) TimerEvent: {}
[279.221761] (-) TimerEvent: {}
[279.323532] (-) TimerEvent: {}
[279.425027] (-) TimerEvent: {}
[279.526149] (-) TimerEvent: {}
[279.627335] (-) TimerEvent: {}
[279.728543] (-) TimerEvent: {}
[279.829743] (-) TimerEvent: {}
[279.930903] (-) TimerEvent: {}
[280.032031] (-) TimerEvent: {}
[280.133298] (-) TimerEvent: {}
[280.234434] (-) TimerEvent: {}
[280.335623] (-) TimerEvent: {}
[280.436864] (-) TimerEvent: {}
[280.538026] (-) TimerEvent: {}
[280.639187] (-) TimerEvent: {}
[280.740346] (-) TimerEvent: {}
[280.841580] (-) TimerEvent: {}
[280.942710] (-) TimerEvent: {}
[281.043885] (-) TimerEvent: {}
[281.145111] (-) TimerEvent: {}
[281.246295] (-) TimerEvent: {}
[281.347489] (-) TimerEvent: {}
[281.448596] (-) TimerEvent: {}
[281.549745] (-) TimerEvent: {}
[281.651103] (-) TimerEvent: {}
[281.752208] (-) TimerEvent: {}
[281.853425] (-) TimerEvent: {}
[281.954588] (-) TimerEvent: {}
[282.055694] (-) TimerEvent: {}
[282.156893] (-) TimerEvent: {}
[282.258080] (-) TimerEvent: {}
[282.359333] (-) TimerEvent: {}
[282.460471] (-) TimerEvent: {}
[282.561673] (-) TimerEvent: {}
[282.662829] (-) TimerEvent: {}
[282.764012] (-) TimerEvent: {}
[282.865259] (-) TimerEvent: {}
[282.966403] (-) TimerEvent: {}
[283.067551] (-) TimerEvent: {}
[283.168880] (-) TimerEvent: {}
[283.270087] (-) TimerEvent: {}
[283.371679] (-) TimerEvent: {}
[283.473439] (-) TimerEvent: {}
[283.574678] (-) TimerEvent: {}
[283.675910] (-) TimerEvent: {}
[283.777098] (-) TimerEvent: {}
[283.878214] (-) TimerEvent: {}
[283.979359] (-) TimerEvent: {}
[284.080568] (-) TimerEvent: {}
[284.181963] (-) TimerEvent: {}
[284.283725] (-) TimerEvent: {}
[284.385022] (-) TimerEvent: {}
[284.486215] (-) TimerEvent: {}
[284.587543] (-) TimerEvent: {}
[284.688713] (-) TimerEvent: {}
[284.789950] (-) TimerEvent: {}
[284.891349] (-) TimerEvent: {}
[284.992877] (-) TimerEvent: {}
[285.094585] (-) TimerEvent: {}
[285.196176] (-) TimerEvent: {}
[285.297976] (-) TimerEvent: {}
[285.399588] (-) TimerEvent: {}
[285.501585] (-) TimerEvent: {}
[285.602896] (-) TimerEvent: {}
[285.704046] (-) TimerEvent: {}
[285.805505] (-) TimerEvent: {}
[285.900816] (sllidar_ros2) StdoutLine: {'line': b'[100%] \x1b[32m\x1b[1mLinking CXX executable sllidar_client\x1b[0m\n'}
[286.029306] (-) TimerEvent: {}
[286.130570] (-) TimerEvent: {}
[286.232017] (-) TimerEvent: {}
[286.333285] (-) TimerEvent: {}
[286.434555] (-) TimerEvent: {}
[286.535761] (-) TimerEvent: {}
[286.637030] (-) TimerEvent: {}
[286.738138] (-) TimerEvent: {}
[286.839286] (-) TimerEvent: {}
[286.940689] (-) TimerEvent: {}
[287.042323] (-) TimerEvent: {}
[287.143872] (-) TimerEvent: {}
[287.245717] (-) TimerEvent: {}
[287.347517] (-) TimerEvent: {}
[287.449208] (-) TimerEvent: {}
[287.550492] (-) TimerEvent: {}
[287.652047] (-) TimerEvent: {}
[287.753624] (-) TimerEvent: {}
[287.855043] (-) TimerEvent: {}
[287.956387] (-) TimerEvent: {}
[288.058142] (-) TimerEvent: {}
[288.159601] (-) TimerEvent: {}
[288.261268] (-) TimerEvent: {}
[288.363296] (-) TimerEvent: {}
[288.464663] (-) TimerEvent: {}
[288.566033] (-) TimerEvent: {}
[288.667618] (-) TimerEvent: {}
[288.769258] (-) TimerEvent: {}
[288.870548] (-) TimerEvent: {}
[288.971763] (-) TimerEvent: {}
[289.072985] (-) TimerEvent: {}
[289.174065] (-) TimerEvent: {}
[289.275074] (-) TimerEvent: {}
[289.376123] (-) TimerEvent: {}
[289.477285] (-) TimerEvent: {}
[289.578394] (-) TimerEvent: {}
[289.679537] (-) TimerEvent: {}
[289.780596] (-) TimerEvent: {}
[289.881740] (-) TimerEvent: {}
[289.982791] (-) TimerEvent: {}
[290.083824] (-) TimerEvent: {}
[290.185007] (-) TimerEvent: {}
[290.286172] (-) TimerEvent: {}
[290.387309] (-) TimerEvent: {}
[290.488717] (-) TimerEvent: {}
[290.589934] (-) TimerEvent: {}
[290.690961] (-) TimerEvent: {}
[290.791997] (-) TimerEvent: {}
[290.893046] (-) TimerEvent: {}
[290.994257] (-) TimerEvent: {}
[291.095658] (-) TimerEvent: {}
[291.174945] (sllidar_ros2) StdoutLine: {'line': b'[100%] Built target sllidar_client\n'}
[291.195947] (-) TimerEvent: {}
[291.297700] (-) TimerEvent: {}
[291.399612] (-) TimerEvent: {}
[291.501305] (-) TimerEvent: {}
[291.613232] (-) TimerEvent: {}
[291.735473] (-) TimerEvent: {}
[291.756559] (sllidar_ros2) CommandEnded: {'returncode': 0}
[292.025722] (-) TimerEvent: {}
[292.146182] (-) TimerEvent: {}
[292.249095] (-) TimerEvent: {}
[292.350980] (-) TimerEvent: {}
[292.452382] (-) TimerEvent: {}
[292.553666] (-) TimerEvent: {}
[292.654871] (-) TimerEvent: {}
[292.744706] (sllidar_ros2) JobProgress: {'identifier': 'sllidar_ros2', 'progress': 'install'}
[292.755341] (-) TimerEvent: {}
[292.875958] (-) TimerEvent: {}
[293.035535] (-) TimerEvent: {}
[293.165714] (-) TimerEvent: {}
[293.274278] (sllidar_ros2) Command: {'cmd': ['/usr/bin/cmake', '--install', '/home/arno/RoombaV2Onboard/build/sllidar_ros2'], 'cwd': '/home/arno/RoombaV2Onboard/build/sllidar_ros2', 'env': OrderedDict([('LESSOPEN', '| /usr/bin/lesspipe %s'), ('USER', 'arno'), ('SSH_CLIENT', '192.168.113.158 56038 22'), ('LC_TIME', 'de_CH.UTF-8'), ('XDG_SESSION_TYPE', 'tty'), ('SHLVL', '1'), ('LD_LIBRARY_PATH', '/opt/ros/humble/opt/rviz_ogre_vendor/lib:/opt/ros/humble/lib/aarch64-linux-gnu:/opt/ros/humble/lib'), ('MOTD_SHOWN', 'pam'), ('HOME', '/home/arno'), ('OLDPWD', '/home/arno/RoombaV2Onboard/src'), ('SSH_TTY', '/dev/pts/0'), ('ROS_PYTHON_VERSION', '3'), ('LC_MONETARY', 'de_CH.UTF-8'), ('DBUS_SESSION_BUS_ADDRESS', 'unix:path=/run/user/1000/bus'), ('COLCON_PREFIX_PATH', '/home/arno/RoombaV2Onboard/install'), ('ROS_DISTRO', 'humble'), ('LOGNAME', 'arno'), ('_', '/usr/bin/colcon'), ('ROS_VERSION', '2'), ('XDG_SESSION_CLASS', 'user'), ('TERM', 'xterm-256color'), ('XDG_SESSION_ID', '1'), ('ROS_LOCALHOST_ONLY', '0'), ('PATH', '/home/arno/.local/bin:/opt/ros/humble/bin:/usr/local/sbin:/usr/local/bin:/usr/sbin:/usr/bin:/sbin:/bin:/usr/games:/usr/local/games:/snap/bin'), ('LC_ADDRESS', 'de_CH.UTF-8'), ('XDG_RUNTIME_DIR', '/run/user/1000'), ('LANG', 'en_US.UTF-8'), ('LC_TELEPHONE', 'de_CH.UTF-8'), ('LS_COLORS', 'rs=0:di=01;34:ln=01;36:mh=00:pi=40;33:so=01;35:do=01;35:bd=40;33;01:cd=40;33;01:or=40;31;01:mi=00:su=37;41:sg=30;43:ca=30;41:tw=30;42:ow=34;42:st=37;44:ex=01;32:*.tar=01;31:*.tgz=01;31:*.arc=01;31:*.arj=01;31:*.taz=01;31:*.lha=01;31:*.lz4=01;31:*.lzh=01;31:*.lzma=01;31:*.tlz=01;31:*.txz=01;31:*.tzo=01;31:*.t7z=01;31:*.zip=01;31:*.z=01;31:*.dz=01;31:*.gz=01;31:*.lrz=01;31:*.lz=01;31:*.lzo=01;31:*.xz=01;31:*.zst=01;31:*.tzst=01;31:*.bz2=01;31:*.bz=01;31:*.tbz=01;31:*.tbz2=01;31:*.tz=01;31:*.deb=01;31:*.rpm=01;31:*.jar=01;31:*.war=01;31:*.ear=01;31:*.sar=01;31:*.rar=01;31:*.alz=01;31:*.ace=01;31:*.zoo=01;31:*.cpio=01;31:*.7z=01;31:*.rz=01;31:*.cab=01;31:*.wim=01;31:*.swm=01;31:*.dwm=01;31:*.esd=01;31:*.jpg=01;35:*.jpeg=01;35:*.mjpg=01;35:*.mjpeg=01;35:*.gif=01;35:*.bmp=01;35:*.pbm=01;35:*.pgm=01;35:*.ppm=01;35:*.tga=01;35:*.xbm=01;35:*.xpm=01;35:*.tif=01;35:*.tiff=01;35:*.png=01;35:*.svg=01;35:*.svgz=01;35:*.mng=01;35:*.pcx=01;35:*.mov=01;35:*.mpg=01;35:*.mpeg=01;35:*.m2v=01;35:*.mkv=01;35:*.webm=01;35:*.webp=01;35:*.ogm=01;35:*.mp4=01;35:*.m4v=01;35:*.mp4v=01;35:*.vob=01;35:*.qt=01;35:*.nuv=01;35:*.wmv=01;35:*.asf=01;35:*.rm=01;35:*.rmvb=01;35:*.flc=01;35:*.avi=01;35:*.fli=01;35:*.flv=01;35:*.gl=01;35:*.dl=01;35:*.xcf=01;35:*.xwd=01;35:*.yuv=01;35:*.cgm=01;35:*.emf=01;35:*.ogv=01;35:*.ogx=01;35:*.aac=00;36:*.au=00;36:*.flac=00;36:*.m4a=00;36:*.mid=00;36:*.midi=00;36:*.mka=00;36:*.mp3=00;36:*.mpc=00;36:*.ogg=00;36:*.ra=00;36:*.wav=00;36:*.oga=00;36:*.opus=00;36:*.spx=00;36:*.xspf=00;36:'), ('AMENT_PREFIX_PATH', '/home/arno/RoombaV2Onboard/install/sllidar_ros2:/home/arno/RoombaV2Onboard/install/rover_stream:/home/arno/RoombaV2Onboard/install/roombav2:/home/arno/RoombaV2Onboard/install/microver_dusty:/home/arno/RoombaV2Onboard/install/RoverReceive:/opt/ros/humble'), ('SHELL', '/bin/bash'), ('LC_NAME', 'de_CH.UTF-8'), ('LESSCLOSE', '/usr/bin/lesspipe %s %s'), ('LC_MEASUREMENT', 'de_CH.UTF-8'), ('LC_IDENTIFICATION', 'de_CH.UTF-8'), ('PWD', '/home/arno/RoombaV2Onboard/build/sllidar_ros2'), ('LC_ALL', 'en_US.UTF-8'), ('SSH_CONNECTION', '192.168.113.158 56038 192.168.113.115 22'), ('XDG_DATA_DIRS', '/usr/local/share:/usr/share:/var/lib/snapd/desktop'), ('PYTHONPATH', '/home/arno/RoombaV2Onboard/install/rover_stream/lib/python3.10/site-packages:/home/arno/RoombaV2Onboard/install/roombav2/lib/python3.10/site-packages:/home/arno/RoombaV2Onboard/install/RoverReceive/lib/python3.10/site-packages:/opt/ros/humble/lib/python3.10/site-packages:/opt/ros/humble/local/lib/python3.10/dist-packages'), ('LC_NUMERIC', 'de_CH.UTF-8'), ('LC_PAPER', 'de_CH.UTF-8'), ('COLCON', '1'), ('CMAKE_PREFIX_PATH', '/home/arno/RoombaV2Onboard/install/sllidar_ros2:/home/arno/RoombaV2Onboard/install/microver_dusty:/home/arno/RoombaV2Onboard/install/rover_stream:/home/arno/RoombaV2Onboard/install/roombav2:/home/arno/RoombaV2Onboard/install/RoverReceive:/opt/ros/humble')]), 'shell': False}
[293.329257] (-) TimerEvent: {}
[293.382757] (sllidar_ros2) StdoutLine: {'line': b'-- Install configuration: ""\n'}
[293.397489] (sllidar_ros2) StdoutLine: {'line': b'-- Installing: /home/arno/RoombaV2Onboard/install/sllidar_ros2/share/sllidar_ros2/launch\n'}
[293.408820] (sllidar_ros2) StdoutLine: {'line': b'-- Installing: /home/arno/RoombaV2Onboard/install/sllidar_ros2/share/sllidar_ros2/launch/view_sllidar_a2m7_launch.py\n'}
[293.416161] (sllidar_ros2) StdoutLine: {'line': b'-- Installing: /home/arno/RoombaV2Onboard/install/sllidar_ros2/share/sllidar_ros2/launch/sllidar_a3_launch.py\n'}
[293.420322] (sllidar_ros2) StdoutLine: {'line': b'-- Installing: /home/arno/RoombaV2Onboard/install/sllidar_ros2/share/sllidar_ros2/launch/sllidar_c1_launch.py\n'}
[293.424886] (sllidar_ros2) StdoutLine: {'line': b'-- Installing: /home/arno/RoombaV2Onboard/install/sllidar_ros2/share/sllidar_ros2/launch/view_sllidar_s1_tcp_launch.py\n'}
[293.429537] (-) TimerEvent: {}
[293.436818] (sllidar_ros2) StdoutLine: {'line': b'-- Installing: /home/arno/RoombaV2Onboard/install/sllidar_ros2/share/sllidar_ros2/launch/view_sllidar_s2_launch.py\n'}
[293.438786] (sllidar_ros2) StdoutLine: {'line': b'-- Installing: /home/arno/RoombaV2Onboard/install/sllidar_ros2/share/sllidar_ros2/launch/view_sllidar_a3_launch.py\n'}
[293.442360] (sllidar_ros2) StdoutLine: {'line': b'-- Installing: /home/arno/RoombaV2Onboard/install/sllidar_ros2/share/sllidar_ros2/launch/view_sllidar_s2e_launch.py\n'}
[293.448003] (sllidar_ros2) StdoutLine: {'line': b'-- Installing: /home/arno/RoombaV2Onboard/install/sllidar_ros2/share/sllidar_ros2/launch/sllidar_s3_launch.py\n'}
[293.454585] (sllidar_ros2) StdoutLine: {'line': b'-- Installing: /home/arno/RoombaV2Onboard/install/sllidar_ros2/share/sllidar_ros2/launch/view_sllidar_a2m8_launch.py\n'}
[293.459480] (sllidar_ros2) StdoutLine: {'line': b'-- Installing: /home/arno/RoombaV2Onboard/install/sllidar_ros2/share/sllidar_ros2/launch/sllidar_s2_launch.py\n'}
[293.464462] (sllidar_ros2) StdoutLine: {'line': b'-- Installing: /home/arno/RoombaV2Onboard/install/sllidar_ros2/share/sllidar_ros2/launch/view_sllidar_s3_launch.py\n'}
[293.467594] (sllidar_ros2) StdoutLine: {'line': b'-- Installing: /home/arno/RoombaV2Onboard/install/sllidar_ros2/share/sllidar_ros2/launch/sllidar_s1_tcp_launch.py\n'}
[293.470742] (sllidar_ros2) StdoutLine: {'line': b'-- Installing: /home/arno/RoombaV2Onboard/install/sllidar_ros2/share/sllidar_ros2/launch/sllidar_a2m8_launch.py\n'}
[293.473883] (sllidar_ros2) StdoutLine: {'line': b'-- Installing: /home/arno/RoombaV2Onboard/install/sllidar_ros2/share/sllidar_ros2/launch/view_sllidar_a1_launch.py\n'}
[293.477045] (sllidar_ros2) StdoutLine: {'line': b'-- Installing: /home/arno/RoombaV2Onboard/install/sllidar_ros2/share/sllidar_ros2/launch/sllidar_a1_launch.py\n'}
[293.480060] (sllidar_ros2) StdoutLine: {'line': b'-- Installing: /home/arno/RoombaV2Onboard/install/sllidar_ros2/share/sllidar_ros2/launch/sllidar_s1_launch.py\n'}
[293.483328] (sllidar_ros2) StdoutLine: {'line': b'-- Installing: /home/arno/RoombaV2Onboard/install/sllidar_ros2/share/sllidar_ros2/launch/sllidar_s2e_launch.py\n'}
[293.486567] (sllidar_ros2) StdoutLine: {'line': b'-- Installing: /home/arno/RoombaV2Onboard/install/sllidar_ros2/share/sllidar_ros2/launch/sllidar_t1_launch.py\n'}
[293.489808] (sllidar_ros2) StdoutLine: {'line': b'-- Installing: /home/arno/RoombaV2Onboard/install/sllidar_ros2/share/sllidar_ros2/launch/view_sllidar_t1_launch.py\n'}
[293.492906] (sllidar_ros2) StdoutLine: {'line': b'-- Installing: /home/arno/RoombaV2Onboard/install/sllidar_ros2/share/sllidar_ros2/launch/view_sllidar_s1_launch.py\n'}
[293.496050] (sllidar_ros2) StdoutLine: {'line': b'-- Installing: /home/arno/RoombaV2Onboard/install/sllidar_ros2/share/sllidar_ros2/launch/view_sllidar_a2m12_launch.py\n'}
[293.499175] (sllidar_ros2) StdoutLine: {'line': b'-- Installing: /home/arno/RoombaV2Onboard/install/sllidar_ros2/share/sllidar_ros2/launch/sllidar_a2m7_launch.py\n'}
[293.502288] (sllidar_ros2) StdoutLine: {'line': b'-- Installing: /home/arno/RoombaV2Onboard/install/sllidar_ros2/share/sllidar_ros2/launch/view_sllidar_c1_launch.py\n'}
[293.505384] (sllidar_ros2) StdoutLine: {'line': b'-- Installing: /home/arno/RoombaV2Onboard/install/sllidar_ros2/share/sllidar_ros2/launch/sllidar_a2m12_launch .py\n'}
[293.508313] (sllidar_ros2) StdoutLine: {'line': b'-- Installing: /home/arno/RoombaV2Onboard/install/sllidar_ros2/share/sllidar_ros2/rviz\n'}
[293.510618] (sllidar_ros2) StdoutLine: {'line': b'-- Installing: /home/arno/RoombaV2Onboard/install/sllidar_ros2/share/sllidar_ros2/rviz/sllidar_ros2.rviz\n'}
[293.515422] (sllidar_ros2) StdoutLine: {'line': b'-- Installing: /home/arno/RoombaV2Onboard/install/sllidar_ros2/lib/sllidar_ros2/sllidar_node\n'}
[293.529801] (-) TimerEvent: {}
[293.602188] (sllidar_ros2) StdoutLine: {'line': b'-- Set runtime path of "/home/arno/RoombaV2Onboard/install/sllidar_ros2/lib/sllidar_ros2/sllidar_node" to ""\n'}
[293.603614] (sllidar_ros2) StdoutLine: {'line': b'-- Installing: /home/arno/RoombaV2Onboard/install/sllidar_ros2/lib/sllidar_ros2/sllidar_client\n'}
[293.630083] (-) TimerEvent: {}
[293.648826] (sllidar_ros2) StdoutLine: {'line': b'-- Set runtime path of "/home/arno/RoombaV2Onboard/install/sllidar_ros2/lib/sllidar_ros2/sllidar_client" to ""\n'}
[293.653396] (sllidar_ros2) StdoutLine: {'line': b'-- Installing: /home/arno/RoombaV2Onboard/install/sllidar_ros2/share/ament_index/resource_index/package_run_dependencies/sllidar_ros2\n'}
[293.658025] (sllidar_ros2) StdoutLine: {'line': b'-- Installing: /home/arno/RoombaV2Onboard/install/sllidar_ros2/share/ament_index/resource_index/parent_prefix_path/sllidar_ros2\n'}
[293.677550] (sllidar_ros2) StdoutLine: {'line': b'-- Installing: /home/arno/RoombaV2Onboard/install/sllidar_ros2/share/sllidar_ros2/environment/ament_prefix_path.sh\n'}
[293.684472] (sllidar_ros2) StdoutLine: {'line': b'-- Installing: /home/arno/RoombaV2Onboard/install/sllidar_ros2/share/sllidar_ros2/environment/ament_prefix_path.dsv\n'}
[293.689136] (sllidar_ros2) StdoutLine: {'line': b'-- Installing: /home/arno/RoombaV2Onboard/install/sllidar_ros2/share/sllidar_ros2/environment/path.sh\n'}
[293.693268] (sllidar_ros2) StdoutLine: {'line': b'-- Installing: /home/arno/RoombaV2Onboard/install/sllidar_ros2/share/sllidar_ros2/environment/path.dsv\n'}
[293.696327] (sllidar_ros2) StdoutLine: {'line': b'-- Installing: /home/arno/RoombaV2Onboard/install/sllidar_ros2/share/sllidar_ros2/local_setup.bash\n'}
[293.699519] (sllidar_ros2) StdoutLine: {'line': b'-- Installing: /home/arno/RoombaV2Onboard/install/sllidar_ros2/share/sllidar_ros2/local_setup.sh\n'}
[293.702818] (sllidar_ros2) StdoutLine: {'line': b'-- Installing: /home/arno/RoombaV2Onboard/install/sllidar_ros2/share/sllidar_ros2/local_setup.zsh\n'}
[293.705818] (sllidar_ros2) StdoutLine: {'line': b'-- Installing: /home/arno/RoombaV2Onboard/install/sllidar_ros2/share/sllidar_ros2/local_setup.dsv\n'}
[293.709034] (sllidar_ros2) StdoutLine: {'line': b'-- Installing: /home/arno/RoombaV2Onboard/install/sllidar_ros2/share/sllidar_ros2/package.dsv\n'}
[293.713467] (sllidar_ros2) StdoutLine: {'line': b'-- Installing: /home/arno/RoombaV2Onboard/install/sllidar_ros2/share/ament_index/resource_index/packages/sllidar_ros2\n'}
[293.717147] (sllidar_ros2) StdoutLine: {'line': b'-- Installing: /home/arno/RoombaV2Onboard/install/sllidar_ros2/share/sllidar_ros2/cmake/ament_cmake_export_dependencies-extras.cmake\n'}
[293.721507] (sllidar_ros2) StdoutLine: {'line': b'-- Installing: /home/arno/RoombaV2Onboard/install/sllidar_ros2/share/sllidar_ros2/cmake/ament_cmake_export_include_directories-extras.cmake\n'}
[293.725972] (sllidar_ros2) StdoutLine: {'line': b'-- Installing: /home/arno/RoombaV2Onboard/install/sllidar_ros2/share/sllidar_ros2/cmake/sllidar_ros2Config.cmake\n'}
[293.729354] (sllidar_ros2) StdoutLine: {'line': b'-- Installing: /home/arno/RoombaV2Onboard/install/sllidar_ros2/share/sllidar_ros2/cmake/sllidar_ros2Config-version.cmake\n'}
[293.730445] (-) TimerEvent: {}
[293.738134] (sllidar_ros2) StdoutLine: {'line': b'-- Installing: /home/arno/RoombaV2Onboard/install/sllidar_ros2/share/sllidar_ros2/package.xml\n'}
[293.766889] (sllidar_ros2) CommandEnded: {'returncode': 0}
[293.836054] (-) TimerEvent: {}
[293.951699] (-) TimerEvent: {}
[294.078573] (-) TimerEvent: {}
[294.185775] (-) TimerEvent: {}
[294.290896] (-) TimerEvent: {}
[294.392107] (-) TimerEvent: {}
[294.493314] (-) TimerEvent: {}
[294.594586] (-) TimerEvent: {}
[294.696488] (-) TimerEvent: {}
[294.797733] (-) TimerEvent: {}
[294.898839] (-) TimerEvent: {}
[295.001500] (-) TimerEvent: {}
[295.103046] (-) TimerEvent: {}
[295.130272] (sllidar_ros2) JobEnded: {'identifier': 'sllidar_ros2', 'rc': 0}
[295.232045] (-) TimerEvent: {}
[295.232962] (-) EventReactorShutdown: {}
