[0.000000] (-) TimerEvent: {}
[0.001720] (RoverReceive) JobQueued: {'identifier': 'RoverReceive', 'dependencies': OrderedDict()}
[0.002300] (mode_manager) JobQueued: {'identifier': 'mode_manager', 'dependencies': OrderedDict()}
[0.002389] (rf2o_laser_odometry) JobQueued: {'identifier': 'rf2o_laser_odometry', 'dependencies': OrderedDict()}
[0.002467] (roombav2) JobQueued: {'identifier': 'roombav2', 'dependencies': OrderedDict()}
[0.002543] (sllidar_ros2) JobQueued: {'identifier': 'sllidar_ros2', 'dependencies': OrderedDict()}
[0.002620] (RoverReceive) JobStarted: {'identifier': 'RoverReceive'}
[0.048659] (mode_manager) JobStarted: {'identifier': 'mode_manager'}
[0.071138] (rf2o_laser_odometry) JobStarted: {'identifier': 'rf2o_laser_odometry'}
[0.087887] (roombav2) JobStarted: {'identifier': 'roombav2'}
[0.098951] (-) TimerEvent: {}
[0.199626] (-) TimerEvent: {}
[0.300424] (-) TimerEvent: {}
[0.401226] (-) TimerEvent: {}
[0.501854] (-) TimerEvent: {}
[0.602498] (-) TimerEvent: {}
[0.703150] (-) TimerEvent: {}
[0.803778] (-) TimerEvent: {}
[0.904439] (-) TimerEvent: {}
[1.005122] (-) TimerEvent: {}
[1.105870] (-) TimerEvent: {}
[1.206913] (-) TimerEvent: {}
[1.307726] (-) TimerEvent: {}
[1.408408] (-) TimerEvent: {}
[1.509171] (-) TimerEvent: {}
[1.609812] (-) TimerEvent: {}
[1.710421] (-) TimerEvent: {}
[1.811176] (-) TimerEvent: {}
[1.911803] (-) TimerEvent: {}
[2.012443] (-) TimerEvent: {}
[2.113138] (-) TimerEvent: {}
[2.213852] (-) TimerEvent: {}
[2.232670] (rf2o_laser_odometry) JobProgress: {'identifier': 'rf2o_laser_odometry', 'progress': 'cmake'}
[2.233799] (rf2o_laser_odometry) Command: {'cmd': ['/usr/bin/cmake', '/home/arno/RoombaV2Onboard/src/rf2o_laser_odometry', '-DCMAKE_INSTALL_PREFIX=/home/arno/RoombaV2Onboard/install/rf2o_laser_odometry'], 'cwd': '/home/arno/RoombaV2Onboard/build/rf2o_laser_odometry', 'env': OrderedDict([('LESSOPEN', '| /usr/bin/lesspipe %s'), ('USER', 'arno'), ('SSH_CLIENT', '192.168.207.158 54042 22'), ('LC_TIME', 'de_CH.UTF-8'), ('XDG_SESSION_TYPE', 'tty'), ('SHLVL', '1'), ('LD_LIBRARY_PATH', '/opt/ros/humble/opt/rviz_ogre_vendor/lib:/opt/ros/humble/lib/aarch64-linux-gnu:/opt/ros/humble/lib'), ('MOTD_SHOWN', 'pam'), ('HOME', '/home/arno'), ('OLDPWD', '/home/arno'), ('SSH_TTY', '/dev/pts/0'), ('ROS_PYTHON_VERSION', '3'), ('LC_MONETARY', 'de_CH.UTF-8'), ('DBUS_SESSION_BUS_ADDRESS', 'unix:path=/run/user/1000/bus'), ('ROS_DISTRO', 'humble'), ('LOGNAME', 'arno'), ('_', '/usr/bin/colcon'), ('ROS_VERSION', '2'), ('XDG_SESSION_CLASS', 'user'), ('TERM', 'xterm-256color'), ('XDG_SESSION_ID', '1'), ('ROS_LOCALHOST_ONLY', '0'), ('PATH', '/opt/ros/humble/bin:/usr/local/sbin:/usr/local/bin:/usr/sbin:/usr/bin:/sbin:/bin:/usr/games:/usr/local/games:/snap/bin'), ('LC_ADDRESS', 'de_CH.UTF-8'), ('XDG_RUNTIME_DIR', '/run/user/1000'), ('LANG', 'en_US.UTF-8'), ('LC_TELEPHONE', 'de_CH.UTF-8'), ('LS_COLORS', 'rs=0:di=01;34:ln=01;36:mh=00:pi=40;33:so=01;35:do=01;35:bd=40;33;01:cd=40;33;01:or=40;31;01:mi=00:su=37;41:sg=30;43:ca=30;41:tw=30;42:ow=34;42:st=37;44:ex=01;32:*.tar=01;31:*.tgz=01;31:*.arc=01;31:*.arj=01;31:*.taz=01;31:*.lha=01;31:*.lz4=01;31:*.lzh=01;31:*.lzma=01;31:*.tlz=01;31:*.txz=01;31:*.tzo=01;31:*.t7z=01;31:*.zip=01;31:*.z=01;31:*.dz=01;31:*.gz=01;31:*.lrz=01;31:*.lz=01;31:*.lzo=01;31:*.xz=01;31:*.zst=01;31:*.tzst=01;31:*.bz2=01;31:*.bz=01;31:*.tbz=01;31:*.tbz2=01;31:*.tz=01;31:*.deb=01;31:*.rpm=01;31:*.jar=01;31:*.war=01;31:*.ear=01;31:*.sar=01;31:*.rar=01;31:*.alz=01;31:*.ace=01;31:*.zoo=01;31:*.cpio=01;31:*.7z=01;31:*.rz=01;31:*.cab=01;31:*.wim=01;31:*.swm=01;31:*.dwm=01;31:*.esd=01;31:*.jpg=01;35:*.jpeg=01;35:*.mjpg=01;35:*.mjpeg=01;35:*.gif=01;35:*.bmp=01;35:*.pbm=01;35:*.pgm=01;35:*.ppm=01;35:*.tga=01;35:*.xbm=01;35:*.xpm=01;35:*.tif=01;35:*.tiff=01;35:*.png=01;35:*.svg=01;35:*.svgz=01;35:*.mng=01;35:*.pcx=01;35:*.mov=01;35:*.mpg=01;35:*.mpeg=01;35:*.m2v=01;35:*.mkv=01;35:*.webm=01;35:*.webp=01;35:*.ogm=01;35:*.mp4=01;35:*.m4v=01;35:*.mp4v=01;35:*.vob=01;35:*.qt=01;35:*.nuv=01;35:*.wmv=01;35:*.asf=01;35:*.rm=01;35:*.rmvb=01;35:*.flc=01;35:*.avi=01;35:*.fli=01;35:*.flv=01;35:*.gl=01;35:*.dl=01;35:*.xcf=01;35:*.xwd=01;35:*.yuv=01;35:*.cgm=01;35:*.emf=01;35:*.ogv=01;35:*.ogx=01;35:*.aac=00;36:*.au=00;36:*.flac=00;36:*.m4a=00;36:*.mid=00;36:*.midi=00;36:*.mka=00;36:*.mp3=00;36:*.mpc=00;36:*.ogg=00;36:*.ra=00;36:*.wav=00;36:*.oga=00;36:*.opus=00;36:*.spx=00;36:*.xspf=00;36:'), ('AMENT_PREFIX_PATH', '/opt/ros/humble'), ('SHELL', '/bin/bash'), ('LC_NAME', 'de_CH.UTF-8'), ('LESSCLOSE', '/usr/bin/lesspipe %s %s'), ('LC_MEASUREMENT', 'de_CH.UTF-8'), ('LC_IDENTIFICATION', 'de_CH.UTF-8'), ('PWD', '/home/arno/RoombaV2Onboard/build/rf2o_laser_odometry'), ('LC_ALL', 'en_US.UTF-8'), ('SSH_CONNECTION', '192.168.207.158 54042 192.168.207.79 22'), ('XDG_DATA_DIRS', '/usr/local/share:/usr/share:/var/lib/snapd/desktop'), ('PYTHONPATH', '/opt/ros/humble/lib/python3.10/site-packages:/opt/ros/humble/local/lib/python3.10/dist-packages'), ('LC_NUMERIC', 'de_CH.UTF-8'), ('LC_PAPER', 'de_CH.UTF-8'), ('COLCON', '1'), ('CMAKE_PREFIX_PATH', '/opt/ros/humble')]), 'shell': False}
[2.314225] (-) TimerEvent: {}
[2.415462] (-) TimerEvent: {}
[2.516205] (-) TimerEvent: {}
[2.616938] (-) TimerEvent: {}
[2.717661] (-) TimerEvent: {}
[2.818385] (-) TimerEvent: {}
[2.919046] (-) TimerEvent: {}
[3.019764] (-) TimerEvent: {}
[3.120460] (-) TimerEvent: {}
[3.221322] (-) TimerEvent: {}
[3.322507] (-) TimerEvent: {}
[3.424963] (-) TimerEvent: {}
[3.526284] (-) TimerEvent: {}
[3.628227] (-) TimerEvent: {}
[3.729341] (-) TimerEvent: {}
[3.830307] (-) TimerEvent: {}
[3.932268] (-) TimerEvent: {}
[4.035259] (-) TimerEvent: {}
[4.137064] (-) TimerEvent: {}
[4.239169] (-) TimerEvent: {}
[4.340907] (-) TimerEvent: {}
[4.442838] (-) TimerEvent: {}
[4.544971] (-) TimerEvent: {}
[4.646937] (-) TimerEvent: {}
[4.748903] (-) TimerEvent: {}
[4.851453] (-) TimerEvent: {}
[4.952922] (-) TimerEvent: {}
[5.054227] (-) TimerEvent: {}
[5.155441] (-) TimerEvent: {}
[5.257534] (-) TimerEvent: {}
[5.359934] (-) TimerEvent: {}
[5.461164] (-) TimerEvent: {}
[5.562079] (-) TimerEvent: {}
[5.663172] (-) TimerEvent: {}
[5.764079] (-) TimerEvent: {}
[5.865341] (-) TimerEvent: {}
[5.967595] (-) TimerEvent: {}
[6.068920] (-) TimerEvent: {}
[6.170268] (-) TimerEvent: {}
[6.272113] (-) TimerEvent: {}
[6.373558] (-) TimerEvent: {}
[6.474790] (-) TimerEvent: {}
[6.577122] (-) TimerEvent: {}
[6.678765] (-) TimerEvent: {}
[6.704919] (rf2o_laser_odometry) StdoutLine: {'line': b'-- The C compiler identification is GNU 11.4.0\n'}
[6.778925] (-) TimerEvent: {}
[6.879753] (-) TimerEvent: {}
[6.980822] (-) TimerEvent: {}
[7.082070] (-) TimerEvent: {}
[7.183217] (-) TimerEvent: {}
[7.284210] (-) TimerEvent: {}
[7.385498] (-) TimerEvent: {}
[7.486488] (-) TimerEvent: {}
[7.587342] (-) TimerEvent: {}
[7.595156] (rf2o_laser_odometry) StdoutLine: {'line': b'-- The CXX compiler identification is GNU 11.4.0\n'}
[7.687601] (-) TimerEvent: {}
[7.788793] (-) TimerEvent: {}
[7.889585] (-) TimerEvent: {}
[7.990877] (-) TimerEvent: {}
[8.092176] (-) TimerEvent: {}
[8.195276] (-) TimerEvent: {}
[8.296105] (-) TimerEvent: {}
[8.397147] (-) TimerEvent: {}
[8.500299] (-) TimerEvent: {}
[8.566638] (rf2o_laser_odometry) StdoutLine: {'line': b'-- Detecting C compiler ABI info\n'}
[8.600527] (-) TimerEvent: {}
[8.701567] (-) TimerEvent: {}
[8.802447] (-) TimerEvent: {}
[8.904047] (-) TimerEvent: {}
[9.005009] (-) TimerEvent: {}
[9.106449] (-) TimerEvent: {}
[9.207739] (-) TimerEvent: {}
[9.308977] (-) TimerEvent: {}
[9.410048] (-) TimerEvent: {}
[9.487783] (rf2o_laser_odometry) StdoutLine: {'line': b'-- Detecting C compiler ABI info - done\n'}
[9.510217] (-) TimerEvent: {}
[9.514666] (rf2o_laser_odometry) StdoutLine: {'line': b'-- Check for working C compiler: /usr/bin/cc - skipped\n'}
[9.554191] (rf2o_laser_odometry) StdoutLine: {'line': b'-- Detecting C compile features\n'}
[9.610501] (-) TimerEvent: {}
[9.616992] (rf2o_laser_odometry) StdoutLine: {'line': b'-- Detecting C compile features - done\n'}
[9.710780] (-) TimerEvent: {}
[9.801459] (rf2o_laser_odometry) StdoutLine: {'line': b'-- Detecting CXX compiler ABI info\n'}
[9.810943] (-) TimerEvent: {}
[9.911883] (-) TimerEvent: {}
[10.013462] (-) TimerEvent: {}
[10.114891] (-) TimerEvent: {}
[10.215624] (-) TimerEvent: {}
[10.316426] (-) TimerEvent: {}
[10.345161] (rf2o_laser_odometry) StdoutLine: {'line': b'-- Detecting CXX compiler ABI info - done\n'}
[10.372397] (rf2o_laser_odometry) StdoutLine: {'line': b'-- Check for working CXX compiler: /usr/bin/c++ - skipped\n'}
[10.373412] (rf2o_laser_odometry) StdoutLine: {'line': b'-- Detecting CXX compile features\n'}
[10.374966] (rf2o_laser_odometry) StdoutLine: {'line': b'-- Detecting CXX compile features - done\n'}
[10.416625] (-) TimerEvent: {}
[10.517400] (-) TimerEvent: {}
[10.570262] (rf2o_laser_odometry) StdoutLine: {'line': b'-- Found ament_cmake: 1.3.10 (/opt/ros/humble/share/ament_cmake/cmake)\n'}
[10.617604] (-) TimerEvent: {}
[10.718653] (-) TimerEvent: {}
[10.819585] (-) TimerEvent: {}
[10.920853] (-) TimerEvent: {}
[11.021865] (-) TimerEvent: {}
[11.123122] (-) TimerEvent: {}
[11.229785] (-) TimerEvent: {}
[11.334634] (-) TimerEvent: {}
[11.432489] (mode_manager) Command: {'cmd': ['/usr/bin/python3', '-W', 'ignore:setup.py install is deprecated', 'setup.py', 'egg_info', '--egg-base', '../../build/mode_manager', 'build', '--build-base', '/home/arno/RoombaV2Onboard/build/mode_manager/build', 'install', '--record', '/home/arno/RoombaV2Onboard/build/mode_manager/install.log', '--single-version-externally-managed', 'install_data'], 'cwd': '/home/arno/RoombaV2Onboard/src/mode_manager', 'env': {'LESSOPEN': '| /usr/bin/lesspipe %s', 'USER': 'arno', 'SSH_CLIENT': '192.168.207.158 54042 22', 'LC_TIME': 'de_CH.UTF-8', 'XDG_SESSION_TYPE': 'tty', 'SHLVL': '1', 'LD_LIBRARY_PATH': '/opt/ros/humble/opt/rviz_ogre_vendor/lib:/opt/ros/humble/lib/aarch64-linux-gnu:/opt/ros/humble/lib', 'MOTD_SHOWN': 'pam', 'HOME': '/home/arno', 'OLDPWD': '/home/arno', 'SSH_TTY': '/dev/pts/0', 'ROS_PYTHON_VERSION': '3', 'LC_MONETARY': 'de_CH.UTF-8', 'DBUS_SESSION_BUS_ADDRESS': 'unix:path=/run/user/1000/bus', 'ROS_DISTRO': 'humble', 'LOGNAME': 'arno', '_': '/usr/bin/colcon', 'ROS_VERSION': '2', 'XDG_SESSION_CLASS': 'user', 'TERM': 'xterm-256color', 'XDG_SESSION_ID': '1', 'ROS_LOCALHOST_ONLY': '0', 'PATH': '/opt/ros/humble/bin:/usr/local/sbin:/usr/local/bin:/usr/sbin:/usr/bin:/sbin:/bin:/usr/games:/usr/local/games:/snap/bin', 'LC_ADDRESS': 'de_CH.UTF-8', 'XDG_RUNTIME_DIR': '/run/user/1000', 'LANG': 'en_US.UTF-8', 'LC_TELEPHONE': 'de_CH.UTF-8', 'LS_COLORS': 'rs=0:di=01;34:ln=01;36:mh=00:pi=40;33:so=01;35:do=01;35:bd=40;33;01:cd=40;33;01:or=40;31;01:mi=00:su=37;41:sg=30;43:ca=30;41:tw=30;42:ow=34;42:st=37;44:ex=01;32:*.tar=01;31:*.tgz=01;31:*.arc=01;31:*.arj=01;31:*.taz=01;31:*.lha=01;31:*.lz4=01;31:*.lzh=01;31:*.lzma=01;31:*.tlz=01;31:*.txz=01;31:*.tzo=01;31:*.t7z=01;31:*.zip=01;31:*.z=01;31:*.dz=01;31:*.gz=01;31:*.lrz=01;31:*.lz=01;31:*.lzo=01;31:*.xz=01;31:*.zst=01;31:*.tzst=01;31:*.bz2=01;31:*.bz=01;31:*.tbz=01;31:*.tbz2=01;31:*.tz=01;31:*.deb=01;31:*.rpm=01;31:*.jar=01;31:*.war=01;31:*.ear=01;31:*.sar=01;31:*.rar=01;31:*.alz=01;31:*.ace=01;31:*.zoo=01;31:*.cpio=01;31:*.7z=01;31:*.rz=01;31:*.cab=01;31:*.wim=01;31:*.swm=01;31:*.dwm=01;31:*.esd=01;31:*.jpg=01;35:*.jpeg=01;35:*.mjpg=01;35:*.mjpeg=01;35:*.gif=01;35:*.bmp=01;35:*.pbm=01;35:*.pgm=01;35:*.ppm=01;35:*.tga=01;35:*.xbm=01;35:*.xpm=01;35:*.tif=01;35:*.tiff=01;35:*.png=01;35:*.svg=01;35:*.svgz=01;35:*.mng=01;35:*.pcx=01;35:*.mov=01;35:*.mpg=01;35:*.mpeg=01;35:*.m2v=01;35:*.mkv=01;35:*.webm=01;35:*.webp=01;35:*.ogm=01;35:*.mp4=01;35:*.m4v=01;35:*.mp4v=01;35:*.vob=01;35:*.qt=01;35:*.nuv=01;35:*.wmv=01;35:*.asf=01;35:*.rm=01;35:*.rmvb=01;35:*.flc=01;35:*.avi=01;35:*.fli=01;35:*.flv=01;35:*.gl=01;35:*.dl=01;35:*.xcf=01;35:*.xwd=01;35:*.yuv=01;35:*.cgm=01;35:*.emf=01;35:*.ogv=01;35:*.ogx=01;35:*.aac=00;36:*.au=00;36:*.flac=00;36:*.m4a=00;36:*.mid=00;36:*.midi=00;36:*.mka=00;36:*.mp3=00;36:*.mpc=00;36:*.ogg=00;36:*.ra=00;36:*.wav=00;36:*.oga=00;36:*.opus=00;36:*.spx=00;36:*.xspf=00;36:', 'AMENT_PREFIX_PATH': '/opt/ros/humble', 'SHELL': '/bin/bash', 'LC_NAME': 'de_CH.UTF-8', 'LESSCLOSE': '/usr/bin/lesspipe %s %s', 'LC_MEASUREMENT': 'de_CH.UTF-8', 'LC_IDENTIFICATION': 'de_CH.UTF-8', 'PWD': '/home/arno/RoombaV2Onboard/build/mode_manager', 'LC_ALL': 'en_US.UTF-8', 'SSH_CONNECTION': '192.168.207.158 54042 192.168.207.79 22', 'XDG_DATA_DIRS': '/usr/local/share:/usr/share:/var/lib/snapd/desktop', 'PYTHONPATH': '/home/arno/RoombaV2Onboard/build/mode_manager/prefix_override:/usr/lib/python3/dist-packages/colcon_core/task/python/colcon_distutils_commands:/home/arno/RoombaV2Onboard/install/mode_manager/lib/python3.10/site-packages:/opt/ros/humble/lib/python3.10/site-packages:/opt/ros/humble/local/lib/python3.10/dist-packages', 'LC_NUMERIC': 'de_CH.UTF-8', 'LC_PAPER': 'de_CH.UTF-8', 'COLCON': '1'}, 'shell': False}
[11.443483] (-) TimerEvent: {}
[11.449372] (RoverReceive) Command: {'cmd': ['/usr/bin/python3', '-W', 'ignore:setup.py install is deprecated', 'setup.py', 'egg_info', '--egg-base', '../../build/RoverReceive', 'build', '--build-base', '/home/arno/RoombaV2Onboard/build/RoverReceive/build', 'install', '--record', '/home/arno/RoombaV2Onboard/build/RoverReceive/install.log', '--single-version-externally-managed', 'install_data'], 'cwd': '/home/arno/RoombaV2Onboard/src/RoverReceive', 'env': {'LESSOPEN': '| /usr/bin/lesspipe %s', 'USER': 'arno', 'SSH_CLIENT': '192.168.207.158 54042 22', 'LC_TIME': 'de_CH.UTF-8', 'XDG_SESSION_TYPE': 'tty', 'SHLVL': '1', 'LD_LIBRARY_PATH': '/opt/ros/humble/opt/rviz_ogre_vendor/lib:/opt/ros/humble/lib/aarch64-linux-gnu:/opt/ros/humble/lib', 'MOTD_SHOWN': 'pam', 'HOME': '/home/arno', 'OLDPWD': '/home/arno', 'SSH_TTY': '/dev/pts/0', 'ROS_PYTHON_VERSION': '3', 'LC_MONETARY': 'de_CH.UTF-8', 'DBUS_SESSION_BUS_ADDRESS': 'unix:path=/run/user/1000/bus', 'ROS_DISTRO': 'humble', 'LOGNAME': 'arno', '_': '/usr/bin/colcon', 'ROS_VERSION': '2', 'XDG_SESSION_CLASS': 'user', 'TERM': 'xterm-256color', 'XDG_SESSION_ID': '1', 'ROS_LOCALHOST_ONLY': '0', 'PATH': '/opt/ros/humble/bin:/usr/local/sbin:/usr/local/bin:/usr/sbin:/usr/bin:/sbin:/bin:/usr/games:/usr/local/games:/snap/bin', 'LC_ADDRESS': 'de_CH.UTF-8', 'XDG_RUNTIME_DIR': '/run/user/1000', 'LANG': 'en_US.UTF-8', 'LC_TELEPHONE': 'de_CH.UTF-8', 'LS_COLORS': 'rs=0:di=01;34:ln=01;36:mh=00:pi=40;33:so=01;35:do=01;35:bd=40;33;01:cd=40;33;01:or=40;31;01:mi=00:su=37;41:sg=30;43:ca=30;41:tw=30;42:ow=34;42:st=37;44:ex=01;32:*.tar=01;31:*.tgz=01;31:*.arc=01;31:*.arj=01;31:*.taz=01;31:*.lha=01;31:*.lz4=01;31:*.lzh=01;31:*.lzma=01;31:*.tlz=01;31:*.txz=01;31:*.tzo=01;31:*.t7z=01;31:*.zip=01;31:*.z=01;31:*.dz=01;31:*.gz=01;31:*.lrz=01;31:*.lz=01;31:*.lzo=01;31:*.xz=01;31:*.zst=01;31:*.tzst=01;31:*.bz2=01;31:*.bz=01;31:*.tbz=01;31:*.tbz2=01;31:*.tz=01;31:*.deb=01;31:*.rpm=01;31:*.jar=01;31:*.war=01;31:*.ear=01;31:*.sar=01;31:*.rar=01;31:*.alz=01;31:*.ace=01;31:*.zoo=01;31:*.cpio=01;31:*.7z=01;31:*.rz=01;31:*.cab=01;31:*.wim=01;31:*.swm=01;31:*.dwm=01;31:*.esd=01;31:*.jpg=01;35:*.jpeg=01;35:*.mjpg=01;35:*.mjpeg=01;35:*.gif=01;35:*.bmp=01;35:*.pbm=01;35:*.pgm=01;35:*.ppm=01;35:*.tga=01;35:*.xbm=01;35:*.xpm=01;35:*.tif=01;35:*.tiff=01;35:*.png=01;35:*.svg=01;35:*.svgz=01;35:*.mng=01;35:*.pcx=01;35:*.mov=01;35:*.mpg=01;35:*.mpeg=01;35:*.m2v=01;35:*.mkv=01;35:*.webm=01;35:*.webp=01;35:*.ogm=01;35:*.mp4=01;35:*.m4v=01;35:*.mp4v=01;35:*.vob=01;35:*.qt=01;35:*.nuv=01;35:*.wmv=01;35:*.asf=01;35:*.rm=01;35:*.rmvb=01;35:*.flc=01;35:*.avi=01;35:*.fli=01;35:*.flv=01;35:*.gl=01;35:*.dl=01;35:*.xcf=01;35:*.xwd=01;35:*.yuv=01;35:*.cgm=01;35:*.emf=01;35:*.ogv=01;35:*.ogx=01;35:*.aac=00;36:*.au=00;36:*.flac=00;36:*.m4a=00;36:*.mid=00;36:*.midi=00;36:*.mka=00;36:*.mp3=00;36:*.mpc=00;36:*.ogg=00;36:*.ra=00;36:*.wav=00;36:*.oga=00;36:*.opus=00;36:*.spx=00;36:*.xspf=00;36:', 'AMENT_PREFIX_PATH': '/opt/ros/humble', 'SHELL': '/bin/bash', 'LC_NAME': 'de_CH.UTF-8', 'LESSCLOSE': '/usr/bin/lesspipe %s %s', 'LC_MEASUREMENT': 'de_CH.UTF-8', 'LC_IDENTIFICATION': 'de_CH.UTF-8', 'PWD': '/home/arno/RoombaV2Onboard/build/RoverReceive', 'LC_ALL': 'en_US.UTF-8', 'SSH_CONNECTION': '192.168.207.158 54042 192.168.207.79 22', 'XDG_DATA_DIRS': '/usr/local/share:/usr/share:/var/lib/snapd/desktop', 'PYTHONPATH': '/home/arno/RoombaV2Onboard/build/RoverReceive/prefix_override:/usr/lib/python3/dist-packages/colcon_core/task/python/colcon_distutils_commands:/home/arno/RoombaV2Onboard/install/RoverReceive/lib/python3.10/site-packages:/opt/ros/humble/lib/python3.10/site-packages:/opt/ros/humble/local/lib/python3.10/dist-packages', 'LC_NUMERIC': 'de_CH.UTF-8', 'LC_PAPER': 'de_CH.UTF-8', 'COLCON': '1'}, 'shell': False}
[11.466362] (roombav2) Command: {'cmd': ['/usr/bin/python3', '-W', 'ignore:setup.py install is deprecated', 'setup.py', 'egg_info', '--egg-base', '../../build/roombav2', 'build', '--build-base', '/home/arno/RoombaV2Onboard/build/roombav2/build', 'install', '--record', '/home/arno/RoombaV2Onboard/build/roombav2/install.log', '--single-version-externally-managed', 'install_data'], 'cwd': '/home/arno/RoombaV2Onboard/src/roombav2', 'env': {'LESSOPEN': '| /usr/bin/lesspipe %s', 'USER': 'arno', 'SSH_CLIENT': '192.168.207.158 54042 22', 'LC_TIME': 'de_CH.UTF-8', 'XDG_SESSION_TYPE': 'tty', 'SHLVL': '1', 'LD_LIBRARY_PATH': '/opt/ros/humble/opt/rviz_ogre_vendor/lib:/opt/ros/humble/lib/aarch64-linux-gnu:/opt/ros/humble/lib', 'MOTD_SHOWN': 'pam', 'HOME': '/home/arno', 'OLDPWD': '/home/arno', 'SSH_TTY': '/dev/pts/0', 'ROS_PYTHON_VERSION': '3', 'LC_MONETARY': 'de_CH.UTF-8', 'DBUS_SESSION_BUS_ADDRESS': 'unix:path=/run/user/1000/bus', 'ROS_DISTRO': 'humble', 'LOGNAME': 'arno', '_': '/usr/bin/colcon', 'ROS_VERSION': '2', 'XDG_SESSION_CLASS': 'user', 'TERM': 'xterm-256color', 'XDG_SESSION_ID': '1', 'ROS_LOCALHOST_ONLY': '0', 'PATH': '/opt/ros/humble/bin:/usr/local/sbin:/usr/local/bin:/usr/sbin:/usr/bin:/sbin:/bin:/usr/games:/usr/local/games:/snap/bin', 'LC_ADDRESS': 'de_CH.UTF-8', 'XDG_RUNTIME_DIR': '/run/user/1000', 'LANG': 'en_US.UTF-8', 'LC_TELEPHONE': 'de_CH.UTF-8', 'LS_COLORS': 'rs=0:di=01;34:ln=01;36:mh=00:pi=40;33:so=01;35:do=01;35:bd=40;33;01:cd=40;33;01:or=40;31;01:mi=00:su=37;41:sg=30;43:ca=30;41:tw=30;42:ow=34;42:st=37;44:ex=01;32:*.tar=01;31:*.tgz=01;31:*.arc=01;31:*.arj=01;31:*.taz=01;31:*.lha=01;31:*.lz4=01;31:*.lzh=01;31:*.lzma=01;31:*.tlz=01;31:*.txz=01;31:*.tzo=01;31:*.t7z=01;31:*.zip=01;31:*.z=01;31:*.dz=01;31:*.gz=01;31:*.lrz=01;31:*.lz=01;31:*.lzo=01;31:*.xz=01;31:*.zst=01;31:*.tzst=01;31:*.bz2=01;31:*.bz=01;31:*.tbz=01;31:*.tbz2=01;31:*.tz=01;31:*.deb=01;31:*.rpm=01;31:*.jar=01;31:*.war=01;31:*.ear=01;31:*.sar=01;31:*.rar=01;31:*.alz=01;31:*.ace=01;31:*.zoo=01;31:*.cpio=01;31:*.7z=01;31:*.rz=01;31:*.cab=01;31:*.wim=01;31:*.swm=01;31:*.dwm=01;31:*.esd=01;31:*.jpg=01;35:*.jpeg=01;35:*.mjpg=01;35:*.mjpeg=01;35:*.gif=01;35:*.bmp=01;35:*.pbm=01;35:*.pgm=01;35:*.ppm=01;35:*.tga=01;35:*.xbm=01;35:*.xpm=01;35:*.tif=01;35:*.tiff=01;35:*.png=01;35:*.svg=01;35:*.svgz=01;35:*.mng=01;35:*.pcx=01;35:*.mov=01;35:*.mpg=01;35:*.mpeg=01;35:*.m2v=01;35:*.mkv=01;35:*.webm=01;35:*.webp=01;35:*.ogm=01;35:*.mp4=01;35:*.m4v=01;35:*.mp4v=01;35:*.vob=01;35:*.qt=01;35:*.nuv=01;35:*.wmv=01;35:*.asf=01;35:*.rm=01;35:*.rmvb=01;35:*.flc=01;35:*.avi=01;35:*.fli=01;35:*.flv=01;35:*.gl=01;35:*.dl=01;35:*.xcf=01;35:*.xwd=01;35:*.yuv=01;35:*.cgm=01;35:*.emf=01;35:*.ogv=01;35:*.ogx=01;35:*.aac=00;36:*.au=00;36:*.flac=00;36:*.m4a=00;36:*.mid=00;36:*.midi=00;36:*.mka=00;36:*.mp3=00;36:*.mpc=00;36:*.ogg=00;36:*.ra=00;36:*.wav=00;36:*.oga=00;36:*.opus=00;36:*.spx=00;36:*.xspf=00;36:', 'AMENT_PREFIX_PATH': '/opt/ros/humble', 'SHELL': '/bin/bash', 'LC_NAME': 'de_CH.UTF-8', 'LESSCLOSE': '/usr/bin/lesspipe %s %s', 'LC_MEASUREMENT': 'de_CH.UTF-8', 'LC_IDENTIFICATION': 'de_CH.UTF-8', 'PWD': '/home/arno/RoombaV2Onboard/build/roombav2', 'LC_ALL': 'en_US.UTF-8', 'SSH_CONNECTION': '192.168.207.158 54042 192.168.207.79 22', 'XDG_DATA_DIRS': '/usr/local/share:/usr/share:/var/lib/snapd/desktop', 'PYTHONPATH': '/home/arno/RoombaV2Onboard/build/roombav2/prefix_override:/usr/lib/python3/dist-packages/colcon_core/task/python/colcon_distutils_commands:/home/arno/RoombaV2Onboard/install/roombav2/lib/python3.10/site-packages:/opt/ros/humble/lib/python3.10/site-packages:/opt/ros/humble/local/lib/python3.10/dist-packages', 'LC_NUMERIC': 'de_CH.UTF-8', 'LC_PAPER': 'de_CH.UTF-8', 'COLCON': '1'}, 'shell': False}
[11.543694] (-) TimerEvent: {}
[11.644514] (-) TimerEvent: {}
[11.745411] (-) TimerEvent: {}
[11.846494] (-) TimerEvent: {}
[11.947333] (-) TimerEvent: {}
[12.048217] (-) TimerEvent: {}
[12.149136] (-) TimerEvent: {}
[12.250082] (-) TimerEvent: {}
[12.351022] (-) TimerEvent: {}
[12.451979] (-) TimerEvent: {}
[12.553180] (-) TimerEvent: {}
[12.618655] (rf2o_laser_odometry) StdoutLine: {'line': b'-- Found Python3: /usr/bin/python3 (found version "3.10.12") found components: Interpreter \n'}
[12.653404] (-) TimerEvent: {}
[12.754256] (-) TimerEvent: {}
[12.855188] (-) TimerEvent: {}
[12.902219] (RoverReceive) StdoutLine: {'line': b'running egg_info\n'}
[12.905071] (RoverReceive) StdoutLine: {'line': b'creating ../../build/RoverReceive/RoverReceive.egg-info\n'}
[12.905915] (mode_manager) StdoutLine: {'line': b'running egg_info\n'}
[12.907569] (RoverReceive) StdoutLine: {'line': b'writing ../../build/RoverReceive/RoverReceive.egg-info/PKG-INFO\n'}
[12.909287] (mode_manager) StdoutLine: {'line': b'creating ../../build/mode_manager/mode_manager.egg-info\n'}
[12.910185] (mode_manager) StdoutLine: {'line': b'writing ../../build/mode_manager/mode_manager.egg-info/PKG-INFO\n'}
[12.911873] (mode_manager) StdoutLine: {'line': b'writing dependency_links to ../../build/mode_manager/mode_manager.egg-info/dependency_links.txt\n'}
[12.912839] (mode_manager) StdoutLine: {'line': b'writing entry points to ../../build/mode_manager/mode_manager.egg-info/entry_points.txt\n'}
[12.913887] (mode_manager) StdoutLine: {'line': b'writing requirements to ../../build/mode_manager/mode_manager.egg-info/requires.txt\n'}
[12.914789] (mode_manager) StdoutLine: {'line': b'writing top-level names to ../../build/mode_manager/mode_manager.egg-info/top_level.txt\n'}
[12.915979] (mode_manager) StdoutLine: {'line': b"writing manifest file '../../build/mode_manager/mode_manager.egg-info/SOURCES.txt'\n"}
[12.917704] (RoverReceive) StdoutLine: {'line': b'writing dependency_links to ../../build/RoverReceive/RoverReceive.egg-info/dependency_links.txt\n'}
[12.920334] (RoverReceive) StdoutLine: {'line': b'writing entry points to ../../build/RoverReceive/RoverReceive.egg-info/entry_points.txt\n'}
[12.922845] (RoverReceive) StdoutLine: {'line': b'writing requirements to ../../build/RoverReceive/RoverReceive.egg-info/requires.txt\n'}
[12.924850] (RoverReceive) StdoutLine: {'line': b'writing top-level names to ../../build/RoverReceive/RoverReceive.egg-info/top_level.txt\n'}
[12.925678] (mode_manager) StdoutLine: {'line': b"reading manifest file '../../build/mode_manager/mode_manager.egg-info/SOURCES.txt'\n"}
[12.927764] (RoverReceive) StdoutLine: {'line': b"writing manifest file '../../build/RoverReceive/RoverReceive.egg-info/SOURCES.txt'\n"}
[12.929594] (mode_manager) StdoutLine: {'line': b"writing manifest file '../../build/mode_manager/mode_manager.egg-info/SOURCES.txt'\n"}
[12.930557] (mode_manager) StdoutLine: {'line': b'running build\n'}
[12.931252] (mode_manager) StdoutLine: {'line': b'running build_py\n'}
[12.932012] (mode_manager) StdoutLine: {'line': b'creating /home/arno/RoombaV2Onboard/build/mode_manager/build\n'}
[12.932599] (mode_manager) StdoutLine: {'line': b'creating /home/arno/RoombaV2Onboard/build/mode_manager/build/lib\n'}
[12.933493] (mode_manager) StdoutLine: {'line': b'creating /home/arno/RoombaV2Onboard/build/mode_manager/build/lib/mode_manager\n'}
[12.934181] (mode_manager) StdoutLine: {'line': b'copying mode_manager/__init__.py -> /home/arno/RoombaV2Onboard/build/mode_manager/build/lib/mode_manager\n'}
[12.934741] (mode_manager) StdoutLine: {'line': b'copying mode_manager/mode_manager.py -> /home/arno/RoombaV2Onboard/build/mode_manager/build/lib/mode_manager\n'}
[12.935603] (mode_manager) StdoutLine: {'line': b'running install\n'}
[12.936855] (mode_manager) StdoutLine: {'line': b'running install_lib\n'}
[12.940856] (mode_manager) StdoutLine: {'line': b'creating /home/arno/RoombaV2Onboard/install/mode_manager/lib/python3.10/site-packages/mode_manager\n'}
[12.941872] (RoverReceive) StdoutLine: {'line': b"reading manifest file '../../build/RoverReceive/RoverReceive.egg-info/SOURCES.txt'\n"}
[12.942857] (mode_manager) StdoutLine: {'line': b'copying /home/arno/RoombaV2Onboard/build/mode_manager/build/lib/mode_manager/__init__.py -> /home/arno/RoombaV2Onboard/install/mode_manager/lib/python3.10/site-packages/mode_manager\n'}
[12.943654] (mode_manager) StdoutLine: {'line': b'copying /home/arno/RoombaV2Onboard/build/mode_manager/build/lib/mode_manager/mode_manager.py -> /home/arno/RoombaV2Onboard/install/mode_manager/lib/python3.10/site-packages/mode_manager\n'}
[12.944220] (RoverReceive) StdoutLine: {'line': b"adding license file 'LICENSE'\n"}
[12.945596] (RoverReceive) StdoutLine: {'line': b"writing manifest file '../../build/RoverReceive/RoverReceive.egg-info/SOURCES.txt'\n"}
[12.946299] (mode_manager) StdoutLine: {'line': b'byte-compiling /home/arno/RoombaV2Onboard/install/mode_manager/lib/python3.10/site-packages/mode_manager/__init__.py to __init__.cpython-310.pyc\n'}
[12.947156] (RoverReceive) StdoutLine: {'line': b'running build\n'}
[12.948010] (RoverReceive) StdoutLine: {'line': b'running build_py\n'}
[12.949133] (mode_manager) StdoutLine: {'line': b'byte-compiling /home/arno/RoombaV2Onboard/install/mode_manager/lib/python3.10/site-packages/mode_manager/mode_manager.py to mode_manager.cpython-310.pyc\n'}
[12.950152] (RoverReceive) StdoutLine: {'line': b'creating /home/arno/RoombaV2Onboard/build/RoverReceive/build\n'}
[12.950805] (RoverReceive) StdoutLine: {'line': b'creating /home/arno/RoombaV2Onboard/build/RoverReceive/build/lib\n'}
[12.951806] (RoverReceive) StdoutLine: {'line': b'creating /home/arno/RoombaV2Onboard/build/RoverReceive/build/lib/RoverReceive\n'}
[12.952859] (RoverReceive) StdoutLine: {'line': b'copying RoverReceive/__init__.py -> /home/arno/RoombaV2Onboard/build/RoverReceive/build/lib/RoverReceive\n'}
[12.953952] (mode_manager) StdoutLine: {'line': b'running install_data\n'}
[12.954870] (mode_manager) StdoutLine: {'line': b'creating /home/arno/RoombaV2Onboard/install/mode_manager/share/ament_index\n'}
[12.955456] (-) TimerEvent: {}
[12.957197] (mode_manager) StdoutLine: {'line': b'creating /home/arno/RoombaV2Onboard/install/mode_manager/share/ament_index/resource_index\n'}
[12.958032] (mode_manager) StdoutLine: {'line': b'creating /home/arno/RoombaV2Onboard/install/mode_manager/share/ament_index/resource_index/packages\n'}
[12.958914] (mode_manager) StdoutLine: {'line': b'copying resource/mode_manager -> /home/arno/RoombaV2Onboard/install/mode_manager/share/ament_index/resource_index/packages\n'}
[12.959482] (RoverReceive) StdoutLine: {'line': b'copying RoverReceive/receive_node.py -> /home/arno/RoombaV2Onboard/build/RoverReceive/build/lib/RoverReceive\n'}
[12.959992] (mode_manager) StdoutLine: {'line': b'copying package.xml -> /home/arno/RoombaV2Onboard/install/mode_manager/share/mode_manager\n'}
[12.960613] (mode_manager) StdoutLine: {'line': b'running install_egg_info\n'}
[12.961338] (RoverReceive) StdoutLine: {'line': b'running install\n'}
[12.962040] (RoverReceive) StdoutLine: {'line': b'running install_lib\n'}
[12.963122] (RoverReceive) StdoutLine: {'line': b'creating /home/arno/RoombaV2Onboard/install/RoverReceive/lib/python3.10/site-packages/RoverReceive\n'}
[12.964212] (RoverReceive) StdoutLine: {'line': b'copying /home/arno/RoombaV2Onboard/build/RoverReceive/build/lib/RoverReceive/__init__.py -> /home/arno/RoombaV2Onboard/install/RoverReceive/lib/python3.10/site-packages/RoverReceive\n'}
[12.965165] (RoverReceive) StdoutLine: {'line': b'copying /home/arno/RoombaV2Onboard/build/RoverReceive/build/lib/RoverReceive/receive_node.py -> /home/arno/RoombaV2Onboard/install/RoverReceive/lib/python3.10/site-packages/RoverReceive\n'}
[12.966273] (roombav2) StdoutLine: {'line': b'running egg_info\n'}
[12.967507] (mode_manager) StdoutLine: {'line': b'Copying ../../build/mode_manager/mode_manager.egg-info to /home/arno/RoombaV2Onboard/install/mode_manager/lib/python3.10/site-packages/mode_manager-0.0.0-py3.10.egg-info\n'}
[12.968101] (RoverReceive) StdoutLine: {'line': b'byte-compiling /home/arno/RoombaV2Onboard/install/RoverReceive/lib/python3.10/site-packages/RoverReceive/__init__.py to __init__.cpython-310.pyc\n'}
[12.971682] (RoverReceive) StdoutLine: {'line': b'byte-compiling /home/arno/RoombaV2Onboard/install/RoverReceive/lib/python3.10/site-packages/RoverReceive/receive_node.py to receive_node.cpython-310.pyc\n'}
[12.972366] (roombav2) StdoutLine: {'line': b'creating ../../build/roombav2/roombav2.egg-info\n'}
[12.973136] (RoverReceive) StdoutLine: {'line': b'running install_data\n'}
[12.979033] (RoverReceive) StdoutLine: {'line': b'creating /home/arno/RoombaV2Onboard/install/RoverReceive/share/ament_index\n'}
[12.980019] (roombav2) StdoutLine: {'line': b'writing ../../build/roombav2/roombav2.egg-info/PKG-INFO\n'}
[12.980967] (RoverReceive) StdoutLine: {'line': b'creating /home/arno/RoombaV2Onboard/install/RoverReceive/share/ament_index/resource_index\n'}
[12.981694] (mode_manager) StdoutLine: {'line': b'running install_scripts\n'}
[12.982246] (roombav2) StdoutLine: {'line': b'writing dependency_links to ../../build/roombav2/roombav2.egg-info/dependency_links.txt\n'}
[12.989757] (RoverReceive) StdoutLine: {'line': b'creating /home/arno/RoombaV2Onboard/install/RoverReceive/share/ament_index/resource_index/packages\n'}
[12.990670] (roombav2) StdoutLine: {'line': b'writing entry points to ../../build/roombav2/roombav2.egg-info/entry_points.txt\n'}
[12.991502] (roombav2) StdoutLine: {'line': b'writing requirements to ../../build/roombav2/roombav2.egg-info/requires.txt\n'}
[12.992285] (RoverReceive) StdoutLine: {'line': b'copying resource/RoverReceive -> /home/arno/RoombaV2Onboard/install/RoverReceive/share/ament_index/resource_index/packages\n'}
[12.992912] (roombav2) StdoutLine: {'line': b'writing top-level names to ../../build/roombav2/roombav2.egg-info/top_level.txt\n'}
[12.993635] (RoverReceive) StdoutLine: {'line': b'copying package.xml -> /home/arno/RoombaV2Onboard/install/RoverReceive/share/RoverReceive\n'}
[12.994230] (RoverReceive) StdoutLine: {'line': b'running install_egg_info\n'}
[12.995208] (roombav2) StdoutLine: {'line': b"writing manifest file '../../build/roombav2/roombav2.egg-info/SOURCES.txt'\n"}
[12.996011] (RoverReceive) StdoutLine: {'line': b'Copying ../../build/RoverReceive/RoverReceive.egg-info to /home/arno/RoombaV2Onboard/install/RoverReceive/lib/python3.10/site-packages/RoverReceive-0.0.0-py3.10.egg-info\n'}
[13.003407] (roombav2) StdoutLine: {'line': b"reading manifest file '../../build/roombav2/roombav2.egg-info/SOURCES.txt'\n"}
[13.004729] (RoverReceive) StdoutLine: {'line': b'running install_scripts\n'}
[13.009953] (roombav2) StdoutLine: {'line': b"writing manifest file '../../build/roombav2/roombav2.egg-info/SOURCES.txt'\n"}
[13.012098] (roombav2) StdoutLine: {'line': b'running build\n'}
[13.013198] (roombav2) StdoutLine: {'line': b'running build_py\n'}
[13.015519] (roombav2) StdoutLine: {'line': b'creating /home/arno/RoombaV2Onboard/build/roombav2/build\n'}
[13.016763] (roombav2) StdoutLine: {'line': b'creating /home/arno/RoombaV2Onboard/build/roombav2/build/lib\n'}
[13.017971] (roombav2) StdoutLine: {'line': b'creating /home/arno/RoombaV2Onboard/build/roombav2/build/lib/roombav2\n'}
[13.020081] (roombav2) StdoutLine: {'line': b'copying roombav2/encoder_reader.py -> /home/arno/RoombaV2Onboard/build/roombav2/build/lib/roombav2\n'}
[13.022531] (roombav2) StdoutLine: {'line': b'copying roombav2/__init__.py -> /home/arno/RoombaV2Onboard/build/roombav2/build/lib/roombav2\n'}
[13.024695] (roombav2) StdoutLine: {'line': b'copying roombav2/motor_control.py -> /home/arno/RoombaV2Onboard/build/roombav2/build/lib/roombav2\n'}
[13.026721] (roombav2) StdoutLine: {'line': b'copying roombav2/joystick_motor_controller.py -> /home/arno/RoombaV2Onboard/build/roombav2/build/lib/roombav2\n'}
[13.028932] (roombav2) StdoutLine: {'line': b'copying roombav2/nav2_motor_controller.py -> /home/arno/RoombaV2Onboard/build/roombav2/build/lib/roombav2\n'}
[13.031155] (roombav2) StdoutLine: {'line': b'copying roombav2/pwm_open_loop.py -> /home/arno/RoombaV2Onboard/build/roombav2/build/lib/roombav2\n'}
[13.033732] (roombav2) StdoutLine: {'line': b'copying roombav2/system_info.py -> /home/arno/RoombaV2Onboard/build/roombav2/build/lib/roombav2\n'}
[13.038381] (roombav2) StdoutLine: {'line': b'running install\n'}
[13.041500] (roombav2) StdoutLine: {'line': b'running install_lib\n'}
[13.048584] (roombav2) StdoutLine: {'line': b'creating /home/arno/RoombaV2Onboard/install/roombav2/lib/python3.10/site-packages/roombav2\n'}
[13.050326] (roombav2) StdoutLine: {'line': b'copying /home/arno/RoombaV2Onboard/build/roombav2/build/lib/roombav2/encoder_reader.py -> /home/arno/RoombaV2Onboard/install/roombav2/lib/python3.10/site-packages/roombav2\n'}
[13.052397] (roombav2) StdoutLine: {'line': b'copying /home/arno/RoombaV2Onboard/build/roombav2/build/lib/roombav2/__init__.py -> /home/arno/RoombaV2Onboard/install/roombav2/lib/python3.10/site-packages/roombav2\n'}
[13.054617] (roombav2) StdoutLine: {'line': b'copying /home/arno/RoombaV2Onboard/build/roombav2/build/lib/roombav2/motor_control.py -> /home/arno/RoombaV2Onboard/install/roombav2/lib/python3.10/site-packages/roombav2\n'}
[13.055656] (-) TimerEvent: {}
[13.057897] (roombav2) StdoutLine: {'line': b'copying /home/arno/RoombaV2Onboard/build/roombav2/build/lib/roombav2/joystick_motor_controller.py -> /home/arno/RoombaV2Onboard/install/roombav2/lib/python3.10/site-packages/roombav2\n'}
[13.060949] (roombav2) StdoutLine: {'line': b'copying /home/arno/RoombaV2Onboard/build/roombav2/build/lib/roombav2/nav2_motor_controller.py -> /home/arno/RoombaV2Onboard/install/roombav2/lib/python3.10/site-packages/roombav2\n'}
[13.063523] (roombav2) StdoutLine: {'line': b'copying /home/arno/RoombaV2Onboard/build/roombav2/build/lib/roombav2/pwm_open_loop.py -> /home/arno/RoombaV2Onboard/install/roombav2/lib/python3.10/site-packages/roombav2\n'}
[13.065740] (roombav2) StdoutLine: {'line': b'copying /home/arno/RoombaV2Onboard/build/roombav2/build/lib/roombav2/system_info.py -> /home/arno/RoombaV2Onboard/install/roombav2/lib/python3.10/site-packages/roombav2\n'}
[13.070098] (roombav2) StdoutLine: {'line': b'byte-compiling /home/arno/RoombaV2Onboard/install/roombav2/lib/python3.10/site-packages/roombav2/encoder_reader.py to encoder_reader.cpython-310.pyc\n'}
[13.077239] (roombav2) StdoutLine: {'line': b'byte-compiling /home/arno/RoombaV2Onboard/install/roombav2/lib/python3.10/site-packages/roombav2/__init__.py to __init__.cpython-310.pyc\n'}
[13.080003] (roombav2) StdoutLine: {'line': b'byte-compiling /home/arno/RoombaV2Onboard/install/roombav2/lib/python3.10/site-packages/roombav2/motor_control.py to motor_control.cpython-310.pyc\n'}
[13.082922] (roombav2) StdoutLine: {'line': b'byte-compiling /home/arno/RoombaV2Onboard/install/roombav2/lib/python3.10/site-packages/roombav2/joystick_motor_controller.py to joystick_motor_controller.cpython-310.pyc\n'}
[13.085418] (mode_manager) StdoutLine: {'line': b'Installing mode_manager script to /home/arno/RoombaV2Onboard/install/mode_manager/lib/mode_manager\n'}
[13.087819] (mode_manager) StdoutLine: {'line': b"writing list of installed files to '/home/arno/RoombaV2Onboard/build/mode_manager/install.log'\n"}
[13.098147] (roombav2) StdoutLine: {'line': b'byte-compiling /home/arno/RoombaV2Onboard/install/roombav2/lib/python3.10/site-packages/roombav2/nav2_motor_controller.py to nav2_motor_controller.cpython-310.pyc\n'}
[13.107772] (roombav2) StdoutLine: {'line': b'byte-compiling /home/arno/RoombaV2Onboard/install/roombav2/lib/python3.10/site-packages/roombav2/pwm_open_loop.py to pwm_open_loop.cpython-310.pyc\n'}
[13.120716] (roombav2) StdoutLine: {'line': b'byte-compiling /home/arno/RoombaV2Onboard/install/roombav2/lib/python3.10/site-packages/roombav2/system_info.py to system_info.cpython-310.pyc\n'}
[13.126400] (roombav2) StdoutLine: {'line': b'running install_data\n'}
[13.129142] (roombav2) StdoutLine: {'line': b'creating /home/arno/RoombaV2Onboard/install/roombav2/share/ament_index\n'}
[13.131866] (roombav2) StdoutLine: {'line': b'creating /home/arno/RoombaV2Onboard/install/roombav2/share/ament_index/resource_index\n'}
[13.134710] (roombav2) StdoutLine: {'line': b'creating /home/arno/RoombaV2Onboard/install/roombav2/share/ament_index/resource_index/packages\n'}
[13.137824] (roombav2) StdoutLine: {'line': b'copying resource/roombav2 -> /home/arno/RoombaV2Onboard/install/roombav2/share/ament_index/resource_index/packages\n'}
[13.141776] (roombav2) StdoutLine: {'line': b'copying package.xml -> /home/arno/RoombaV2Onboard/install/roombav2/share/roombav2\n'}
[13.145422] (roombav2) StdoutLine: {'line': b'copying roombav2/encoder_reader.py -> /home/arno/RoombaV2Onboard/install/roombav2/share/roombav2\n'}
[13.147441] (roombav2) StdoutLine: {'line': b'copying roombav2/joystick_motor_controller.py -> /home/arno/RoombaV2Onboard/install/roombav2/share/roombav2\n'}
[13.149472] (roombav2) StdoutLine: {'line': b'copying roombav2/nav2_motor_controller.py -> /home/arno/RoombaV2Onboard/install/roombav2/share/roombav2\n'}
[13.151486] (roombav2) StdoutLine: {'line': b'copying roombav2/system_info.py -> /home/arno/RoombaV2Onboard/install/roombav2/share/roombav2\n'}
[13.153237] (roombav2) StdoutLine: {'line': b'copying roombav2/pwm_open_loop.py -> /home/arno/RoombaV2Onboard/install/roombav2/share/roombav2\n'}
[13.155151] (roombav2) StdoutLine: {'line': b'creating /home/arno/RoombaV2Onboard/install/roombav2/share/roombav2/launch\n'}
[13.156834] (-) TimerEvent: {}
[13.159028] (roombav2) StdoutLine: {'line': b'copying launch/nav2_bringup.launch.py -> /home/arno/RoombaV2Onboard/install/roombav2/share/roombav2/launch\n'}
[13.160095] (roombav2) StdoutLine: {'line': b'copying launch/microver.launch.py -> /home/arno/RoombaV2Onboard/install/roombav2/share/roombav2/launch\n'}
[13.161243] (roombav2) StdoutLine: {'line': b'creating /home/arno/RoombaV2Onboard/install/roombav2/share/roombav2/config\n'}
[13.163921] (roombav2) StdoutLine: {'line': b'copying config/amcl_params.yaml -> /home/arno/RoombaV2Onboard/install/roombav2/share/roombav2/config\n'}
[13.166539] (RoverReceive) StdoutLine: {'line': b'Installing receive_node script to /home/arno/RoombaV2Onboard/install/RoverReceive/lib/RoverReceive\n'}
[13.169030] (roombav2) StdoutLine: {'line': b'copying config/costmap_params.yaml -> /home/arno/RoombaV2Onboard/install/roombav2/share/roombav2/config\n'}
[13.170666] (roombav2) StdoutLine: {'line': b'copying config/planner_params.yaml -> /home/arno/RoombaV2Onboard/install/roombav2/share/roombav2/config\n'}
[13.172851] (RoverReceive) StdoutLine: {'line': b"writing list of installed files to '/home/arno/RoombaV2Onboard/build/RoverReceive/install.log'\n"}
[13.174758] (roombav2) StdoutLine: {'line': b'copying config/slam_toolbox_params.yaml -> /home/arno/RoombaV2Onboard/install/roombav2/share/roombav2/config\n'}
[13.176329] (roombav2) StdoutLine: {'line': b'copying config/ekf.yaml -> /home/arno/RoombaV2Onboard/install/roombav2/share/roombav2/config\n'}
[13.178356] (roombav2) StdoutLine: {'line': b'copying config/twist_mux.yaml -> /home/arno/RoombaV2Onboard/install/roombav2/share/roombav2/config\n'}
[13.180340] (roombav2) StdoutLine: {'line': b'creating /home/arno/RoombaV2Onboard/install/roombav2/share/roombav2/models\n'}
[13.182075] (roombav2) StdoutLine: {'line': b'copying models/microver.urdf.xacro -> /home/arno/RoombaV2Onboard/install/roombav2/share/roombav2/models\n'}
[13.184030] (roombav2) StdoutLine: {'line': b'copying models/constants.xacro -> /home/arno/RoombaV2Onboard/install/roombav2/share/roombav2/models\n'}
[13.186076] (roombav2) StdoutLine: {'line': b'copying models/inertial_macros.xacro -> /home/arno/RoombaV2Onboard/install/roombav2/share/roombav2/models\n'}
[13.187816] (roombav2) StdoutLine: {'line': b'running install_egg_info\n'}
[13.205871] (roombav2) StdoutLine: {'line': b'Copying ../../build/roombav2/roombav2.egg-info to /home/arno/RoombaV2Onboard/install/roombav2/lib/python3.10/site-packages/roombav2-0.0.0-py3.10.egg-info\n'}
[13.239400] (roombav2) StdoutLine: {'line': b'running install_scripts\n'}
[13.257244] (-) TimerEvent: {}
[13.299014] (mode_manager) CommandEnded: {'returncode': 0}
[13.357398] (-) TimerEvent: {}
[13.383402] (roombav2) StdoutLine: {'line': b'Installing encoder_reader script to /home/arno/RoombaV2Onboard/install/roombav2/lib/roombav2\n'}
[13.384270] (roombav2) StdoutLine: {'line': b'Installing joystick_motor_controller script to /home/arno/RoombaV2Onboard/install/roombav2/lib/roombav2\n'}
[13.385176] (roombav2) StdoutLine: {'line': b'Installing nav2_motor_controller script to /home/arno/RoombaV2Onboard/install/roombav2/lib/roombav2\n'}
[13.386186] (roombav2) StdoutLine: {'line': b'Installing pwm_open_loop script to /home/arno/RoombaV2Onboard/install/roombav2/lib/roombav2\n'}
[13.387554] (roombav2) StdoutLine: {'line': b'Installing system_info script to /home/arno/RoombaV2Onboard/install/roombav2/lib/roombav2\n'}
[13.388253] (roombav2) StdoutLine: {'line': b"writing list of installed files to '/home/arno/RoombaV2Onboard/build/roombav2/install.log'\n"}
[13.457805] (-) TimerEvent: {}
[13.559588] (-) TimerEvent: {}
[13.660892] (-) TimerEvent: {}
[13.761984] (-) TimerEvent: {}
[13.863519] (-) TimerEvent: {}
[13.964616] (-) TimerEvent: {}
[14.065896] (-) TimerEvent: {}
[14.069150] (mode_manager) JobEnded: {'identifier': 'mode_manager', 'rc': 0}
[14.075409] (sllidar_ros2) JobStarted: {'identifier': 'sllidar_ros2'}
[14.092008] (RoverReceive) CommandEnded: {'returncode': 0}
[14.118048] (RoverReceive) JobEnded: {'identifier': 'RoverReceive', 'rc': 0}
[14.122104] (roombav2) CommandEnded: {'returncode': 0}
[14.147426] (roombav2) JobEnded: {'identifier': 'roombav2', 'rc': 0}
[14.151313] (sllidar_ros2) JobProgress: {'identifier': 'sllidar_ros2', 'progress': 'cmake'}
[14.154521] (sllidar_ros2) Command: {'cmd': ['/usr/bin/cmake', '/home/arno/RoombaV2Onboard/src/sllidar_ros2', '-DCMAKE_INSTALL_PREFIX=/home/arno/RoombaV2Onboard/install/sllidar_ros2'], 'cwd': '/home/arno/RoombaV2Onboard/build/sllidar_ros2', 'env': OrderedDict([('LESSOPEN', '| /usr/bin/lesspipe %s'), ('USER', 'arno'), ('SSH_CLIENT', '192.168.207.158 54042 22'), ('LC_TIME', 'de_CH.UTF-8'), ('XDG_SESSION_TYPE', 'tty'), ('SHLVL', '1'), ('LD_LIBRARY_PATH', '/opt/ros/humble/opt/rviz_ogre_vendor/lib:/opt/ros/humble/lib/aarch64-linux-gnu:/opt/ros/humble/lib'), ('MOTD_SHOWN', 'pam'), ('HOME', '/home/arno'), ('OLDPWD', '/home/arno'), ('SSH_TTY', '/dev/pts/0'), ('ROS_PYTHON_VERSION', '3'), ('LC_MONETARY', 'de_CH.UTF-8'), ('DBUS_SESSION_BUS_ADDRESS', 'unix:path=/run/user/1000/bus'), ('ROS_DISTRO', 'humble'), ('LOGNAME', 'arno'), ('_', '/usr/bin/colcon'), ('ROS_VERSION', '2'), ('XDG_SESSION_CLASS', 'user'), ('TERM', 'xterm-256color'), ('XDG_SESSION_ID', '1'), ('ROS_LOCALHOST_ONLY', '0'), ('PATH', '/opt/ros/humble/bin:/usr/local/sbin:/usr/local/bin:/usr/sbin:/usr/bin:/sbin:/bin:/usr/games:/usr/local/games:/snap/bin'), ('LC_ADDRESS', 'de_CH.UTF-8'), ('XDG_RUNTIME_DIR', '/run/user/1000'), ('LANG', 'en_US.UTF-8'), ('LC_TELEPHONE', 'de_CH.UTF-8'), ('LS_COLORS', 'rs=0:di=01;34:ln=01;36:mh=00:pi=40;33:so=01;35:do=01;35:bd=40;33;01:cd=40;33;01:or=40;31;01:mi=00:su=37;41:sg=30;43:ca=30;41:tw=30;42:ow=34;42:st=37;44:ex=01;32:*.tar=01;31:*.tgz=01;31:*.arc=01;31:*.arj=01;31:*.taz=01;31:*.lha=01;31:*.lz4=01;31:*.lzh=01;31:*.lzma=01;31:*.tlz=01;31:*.txz=01;31:*.tzo=01;31:*.t7z=01;31:*.zip=01;31:*.z=01;31:*.dz=01;31:*.gz=01;31:*.lrz=01;31:*.lz=01;31:*.lzo=01;31:*.xz=01;31:*.zst=01;31:*.tzst=01;31:*.bz2=01;31:*.bz=01;31:*.tbz=01;31:*.tbz2=01;31:*.tz=01;31:*.deb=01;31:*.rpm=01;31:*.jar=01;31:*.war=01;31:*.ear=01;31:*.sar=01;31:*.rar=01;31:*.alz=01;31:*.ace=01;31:*.zoo=01;31:*.cpio=01;31:*.7z=01;31:*.rz=01;31:*.cab=01;31:*.wim=01;31:*.swm=01;31:*.dwm=01;31:*.esd=01;31:*.jpg=01;35:*.jpeg=01;35:*.mjpg=01;35:*.mjpeg=01;35:*.gif=01;35:*.bmp=01;35:*.pbm=01;35:*.pgm=01;35:*.ppm=01;35:*.tga=01;35:*.xbm=01;35:*.xpm=01;35:*.tif=01;35:*.tiff=01;35:*.png=01;35:*.svg=01;35:*.svgz=01;35:*.mng=01;35:*.pcx=01;35:*.mov=01;35:*.mpg=01;35:*.mpeg=01;35:*.m2v=01;35:*.mkv=01;35:*.webm=01;35:*.webp=01;35:*.ogm=01;35:*.mp4=01;35:*.m4v=01;35:*.mp4v=01;35:*.vob=01;35:*.qt=01;35:*.nuv=01;35:*.wmv=01;35:*.asf=01;35:*.rm=01;35:*.rmvb=01;35:*.flc=01;35:*.avi=01;35:*.fli=01;35:*.flv=01;35:*.gl=01;35:*.dl=01;35:*.xcf=01;35:*.xwd=01;35:*.yuv=01;35:*.cgm=01;35:*.emf=01;35:*.ogv=01;35:*.ogx=01;35:*.aac=00;36:*.au=00;36:*.flac=00;36:*.m4a=00;36:*.mid=00;36:*.midi=00;36:*.mka=00;36:*.mp3=00;36:*.mpc=00;36:*.ogg=00;36:*.ra=00;36:*.wav=00;36:*.oga=00;36:*.opus=00;36:*.spx=00;36:*.xspf=00;36:'), ('AMENT_PREFIX_PATH', '/opt/ros/humble'), ('SHELL', '/bin/bash'), ('LC_NAME', 'de_CH.UTF-8'), ('LESSCLOSE', '/usr/bin/lesspipe %s %s'), ('LC_MEASUREMENT', 'de_CH.UTF-8'), ('LC_IDENTIFICATION', 'de_CH.UTF-8'), ('PWD', '/home/arno/RoombaV2Onboard/build/sllidar_ros2'), ('LC_ALL', 'en_US.UTF-8'), ('SSH_CONNECTION', '192.168.207.158 54042 192.168.207.79 22'), ('XDG_DATA_DIRS', '/usr/local/share:/usr/share:/var/lib/snapd/desktop'), ('PYTHONPATH', '/opt/ros/humble/lib/python3.10/site-packages:/opt/ros/humble/local/lib/python3.10/dist-packages'), ('LC_NUMERIC', 'de_CH.UTF-8'), ('LC_PAPER', 'de_CH.UTF-8'), ('COLCON', '1'), ('CMAKE_PREFIX_PATH', '/opt/ros/humble')]), 'shell': False}
[14.166062] (-) TimerEvent: {}
[14.266824] (-) TimerEvent: {}
[14.367691] (-) TimerEvent: {}
[14.397841] (sllidar_ros2) StdoutLine: {'line': b'-- The C compiler identification is GNU 11.4.0\n'}
[14.467904] (-) TimerEvent: {}
[14.568898] (-) TimerEvent: {}
[14.640982] (sllidar_ros2) StdoutLine: {'line': b'-- The CXX compiler identification is GNU 11.4.0\n'}
[14.669067] (-) TimerEvent: {}
[14.672971] (sllidar_ros2) StdoutLine: {'line': b'-- Detecting C compiler ABI info\n'}
[14.769326] (-) TimerEvent: {}
[14.908070] (-) TimerEvent: {}
[15.009888] (-) TimerEvent: {}
[15.064311] (sllidar_ros2) StdoutLine: {'line': b'-- Detecting C compiler ABI info - done\n'}
[15.090263] (sllidar_ros2) StdoutLine: {'line': b'-- Check for working C compiler: /usr/bin/cc - skipped\n'}
[15.091047] (sllidar_ros2) StdoutLine: {'line': b'-- Detecting C compile features\n'}
[15.092371] (sllidar_ros2) StdoutLine: {'line': b'-- Detecting C compile features - done\n'}
[15.103575] (sllidar_ros2) StdoutLine: {'line': b'-- Detecting CXX compiler ABI info\n'}
[15.110021] (-) TimerEvent: {}
[15.210787] (-) TimerEvent: {}
[15.224632] (rf2o_laser_odometry) StdoutLine: {'line': b'-- Found rclcpp: 16.0.10 (/opt/ros/humble/share/rclcpp/cmake)\n'}
[15.310989] (-) TimerEvent: {}
[15.411893] (-) TimerEvent: {}
[15.487373] (sllidar_ros2) StdoutLine: {'line': b'-- Detecting CXX compiler ABI info - done\n'}
[15.512057] (-) TimerEvent: {}
[15.514170] (sllidar_ros2) StdoutLine: {'line': b'-- Check for working CXX compiler: /usr/bin/c++ - skipped\n'}
[15.515092] (sllidar_ros2) StdoutLine: {'line': b'-- Detecting CXX compile features\n'}
[15.516671] (sllidar_ros2) StdoutLine: {'line': b'-- Detecting CXX compile features - done\n'}
[15.539561] (sllidar_ros2) StdoutLine: {'line': b'-- Found ament_cmake: 1.3.10 (/opt/ros/humble/share/ament_cmake/cmake)\n'}
[15.612196] (-) TimerEvent: {}
[15.712992] (-) TimerEvent: {}
[15.813919] (-) TimerEvent: {}
[15.914638] (-) TimerEvent: {}
[16.015473] (-) TimerEvent: {}
[16.116167] (-) TimerEvent: {}
[16.217134] (-) TimerEvent: {}
[16.222627] (sllidar_ros2) StdoutLine: {'line': b'-- Found Python3: /usr/bin/python3 (found version "3.10.12") found components: Interpreter \n'}
[16.317289] (-) TimerEvent: {}
[16.418007] (-) TimerEvent: {}
[16.518675] (-) TimerEvent: {}
[16.619355] (-) TimerEvent: {}
[16.720051] (-) TimerEvent: {}
[16.739590] (sllidar_ros2) StdoutLine: {'line': b'-- Found rclcpp: 16.0.10 (/opt/ros/humble/share/rclcpp/cmake)\n'}
[16.820241] (-) TimerEvent: {}
[16.921027] (-) TimerEvent: {}
[17.022218] (-) TimerEvent: {}
[17.123404] (-) TimerEvent: {}
[17.224522] (-) TimerEvent: {}
[17.325309] (-) TimerEvent: {}
[17.426438] (-) TimerEvent: {}
[17.527392] (-) TimerEvent: {}
[17.628472] (-) TimerEvent: {}
[17.729320] (-) TimerEvent: {}
[17.830480] (-) TimerEvent: {}
[17.931399] (-) TimerEvent: {}
[18.027687] (rf2o_laser_odometry) StdoutLine: {'line': b'-- Found rosidl_generator_c: 3.1.5 (/opt/ros/humble/share/rosidl_generator_c/cmake)\n'}
[18.028425] (sllidar_ros2) StdoutLine: {'line': b'-- Found rosidl_generator_c: 3.1.5 (/opt/ros/humble/share/rosidl_generator_c/cmake)\n'}
[18.031575] (-) TimerEvent: {}
[18.078496] (rf2o_laser_odometry) StdoutLine: {'line': b'-- Found rosidl_adapter: 3.1.5 (/opt/ros/humble/share/rosidl_adapter/cmake)\n'}
[18.079072] (sllidar_ros2) StdoutLine: {'line': b'-- Found rosidl_adapter: 3.1.5 (/opt/ros/humble/share/rosidl_adapter/cmake)\n'}
[18.131766] (-) TimerEvent: {}
[18.149955] (rf2o_laser_odometry) StdoutLine: {'line': b'-- Found rosidl_generator_cpp: 3.1.5 (/opt/ros/humble/share/rosidl_generator_cpp/cmake)\n'}
[18.150604] (sllidar_ros2) StdoutLine: {'line': b'-- Found rosidl_generator_cpp: 3.1.5 (/opt/ros/humble/share/rosidl_generator_cpp/cmake)\n'}
[18.232010] (-) TimerEvent: {}
[18.255233] (rf2o_laser_odometry) StdoutLine: {'line': b'-- Using all available rosidl_typesupport_c: rosidl_typesupport_fastrtps_c;rosidl_typesupport_introspection_c\n'}
[18.255829] (sllidar_ros2) StdoutLine: {'line': b'-- Using all available rosidl_typesupport_c: rosidl_typesupport_fastrtps_c;rosidl_typesupport_introspection_c\n'}
[18.332181] (-) TimerEvent: {}
[18.377643] (sllidar_ros2) StdoutLine: {'line': b'-- Using all available rosidl_typesupport_cpp: rosidl_typesupport_fastrtps_cpp;rosidl_typesupport_introspection_cpp\n'}
[18.378292] (rf2o_laser_odometry) StdoutLine: {'line': b'-- Using all available rosidl_typesupport_cpp: rosidl_typesupport_fastrtps_cpp;rosidl_typesupport_introspection_cpp\n'}
[18.432372] (-) TimerEvent: {}
[18.533151] (-) TimerEvent: {}
[18.633867] (-) TimerEvent: {}
[18.723376] (sllidar_ros2) StdoutLine: {'line': b'-- Found rmw_implementation_cmake: 6.1.2 (/opt/ros/humble/share/rmw_implementation_cmake/cmake)\n'}
[18.723997] (rf2o_laser_odometry) StdoutLine: {'line': b'-- Found rmw_implementation_cmake: 6.1.2 (/opt/ros/humble/share/rmw_implementation_cmake/cmake)\n'}
[18.734039] (-) TimerEvent: {}
[18.751527] (rf2o_laser_odometry) StdoutLine: {'line': b'-- Found rmw_fastrtps_cpp: 6.2.7 (/opt/ros/humble/share/rmw_fastrtps_cpp/cmake)\n'}
[18.752165] (sllidar_ros2) StdoutLine: {'line': b'-- Found rmw_fastrtps_cpp: 6.2.7 (/opt/ros/humble/share/rmw_fastrtps_cpp/cmake)\n'}
[18.834225] (-) TimerEvent: {}
[18.935068] (-) TimerEvent: {}
[19.035773] (-) TimerEvent: {}
[19.136572] (-) TimerEvent: {}
[19.237710] (-) TimerEvent: {}
[19.319586] (rf2o_laser_odometry) StdoutLine: {'line': b'-- Found OpenSSL: /usr/lib/aarch64-linux-gnu/libcrypto.so (found version "3.0.2")  \n'}
[19.320377] (sllidar_ros2) StdoutLine: {'line': b'-- Found OpenSSL: /usr/lib/aarch64-linux-gnu/libcrypto.so (found version "3.0.2")  \n'}
[19.337817] (-) TimerEvent: {}
[19.438650] (-) TimerEvent: {}
[19.539763] (-) TimerEvent: {}
[19.640588] (-) TimerEvent: {}
[19.741376] (-) TimerEvent: {}
[19.822961] (rf2o_laser_odometry) StdoutLine: {'line': b'-- Found FastRTPS: /opt/ros/humble/include  \n'}
[19.823695] (sllidar_ros2) StdoutLine: {'line': b'-- Found FastRTPS: /opt/ros/humble/include  \n'}
[19.841531] (-) TimerEvent: {}
[19.942207] (-) TimerEvent: {}
[20.042934] (-) TimerEvent: {}
[20.141907] (rf2o_laser_odometry) StdoutLine: {'line': b"-- Using RMW implementation 'rmw_fastrtps_cpp' as default\n"}
[20.142465] (sllidar_ros2) StdoutLine: {'line': b"-- Using RMW implementation 'rmw_fastrtps_cpp' as default\n"}
[20.143007] (-) TimerEvent: {}
[20.227393] (sllidar_ros2) StdoutLine: {'line': b'-- Looking for pthread.h\n'}
[20.228023] (rf2o_laser_odometry) StdoutLine: {'line': b'-- Looking for pthread.h\n'}
[20.243234] (-) TimerEvent: {}
[20.344706] (-) TimerEvent: {}
[20.445543] (-) TimerEvent: {}
[20.546611] (-) TimerEvent: {}
[20.593282] (rf2o_laser_odometry) StdoutLine: {'line': b'-- Looking for pthread.h - found\n'}
[20.594132] (sllidar_ros2) StdoutLine: {'line': b'-- Looking for pthread.h - found\n'}
[20.595367] (sllidar_ros2) StdoutLine: {'line': b'-- Performing Test CMAKE_HAVE_LIBC_PTHREAD\n'}
[20.597080] (rf2o_laser_odometry) StdoutLine: {'line': b'-- Performing Test CMAKE_HAVE_LIBC_PTHREAD\n'}
[20.646760] (-) TimerEvent: {}
[20.747694] (-) TimerEvent: {}
[20.848571] (-) TimerEvent: {}
[20.927274] (sllidar_ros2) StdoutLine: {'line': b'-- Performing Test CMAKE_HAVE_LIBC_PTHREAD - Success\n'}
[20.927978] (rf2o_laser_odometry) StdoutLine: {'line': b'-- Performing Test CMAKE_HAVE_LIBC_PTHREAD - Success\n'}
[20.931422] (sllidar_ros2) StdoutLine: {'line': b'-- Found Threads: TRUE  \n'}
[20.933169] (rf2o_laser_odometry) StdoutLine: {'line': b'-- Found Threads: TRUE  \n'}
[20.948809] (-) TimerEvent: {}
[21.049524] (-) TimerEvent: {}
[21.150301] (-) TimerEvent: {}
[21.251073] (-) TimerEvent: {}
[21.285360] (sllidar_ros2) StdoutLine: {'line': b'-- Found sensor_msgs: 4.2.4 (/opt/ros/humble/share/sensor_msgs/cmake)\n'}
[21.286123] (rf2o_laser_odometry) StdoutLine: {'line': b'-- Found geometry_msgs: 4.2.4 (/opt/ros/humble/share/geometry_msgs/cmake)\n'}
[21.351287] (-) TimerEvent: {}
[21.369163] (rf2o_laser_odometry) StdoutLine: {'line': b'-- Found tf2_geometry_msgs: 0.25.7 (/opt/ros/humble/share/tf2_geometry_msgs/cmake)\n'}
[21.451496] (-) TimerEvent: {}
[21.454100] (sllidar_ros2) StdoutLine: {'line': b'-- Found std_srvs: 4.2.4 (/opt/ros/humble/share/std_srvs/cmake)\n'}
[21.514081] (rf2o_laser_odometry) StdoutLine: {'line': b'-- Found eigen3_cmake_module: 0.1.1 (/opt/ros/humble/share/eigen3_cmake_module/cmake)\n'}
[21.521537] (rf2o_laser_odometry) StdoutLine: {'line': b'-- Found Eigen3: TRUE (found version "3.4.0") \n'}
[21.522766] (rf2o_laser_odometry) StdoutLine: {'line': b'-- Ensuring Eigen3 include directory is part of orocos-kdl CMake target\n'}
[21.551730] (-) TimerEvent: {}
[21.652512] (-) TimerEvent: {}
[21.753368] (-) TimerEvent: {}
[21.827664] (sllidar_ros2) StdoutLine: {'line': b'-- Configuring done\n'}
[21.853524] (-) TimerEvent: {}
[21.917235] (sllidar_ros2) StdoutLine: {'line': b'-- Generating done\n'}
[21.924726] (sllidar_ros2) StdoutLine: {'line': b'-- Build files have been written to: /home/arno/RoombaV2Onboard/build/sllidar_ros2\n'}
[21.953864] (-) TimerEvent: {}
[21.961715] (sllidar_ros2) CommandEnded: {'returncode': 0}
[21.963876] (sllidar_ros2) JobProgress: {'identifier': 'sllidar_ros2', 'progress': 'build'}
[21.966634] (sllidar_ros2) Command: {'cmd': ['/usr/bin/cmake', '--build', '/home/arno/RoombaV2Onboard/build/sllidar_ros2', '--', '-j4', '-l4'], 'cwd': '/home/arno/RoombaV2Onboard/build/sllidar_ros2', 'env': OrderedDict([('LESSOPEN', '| /usr/bin/lesspipe %s'), ('USER', 'arno'), ('SSH_CLIENT', '192.168.207.158 54042 22'), ('LC_TIME', 'de_CH.UTF-8'), ('XDG_SESSION_TYPE', 'tty'), ('SHLVL', '1'), ('LD_LIBRARY_PATH', '/opt/ros/humble/opt/rviz_ogre_vendor/lib:/opt/ros/humble/lib/aarch64-linux-gnu:/opt/ros/humble/lib'), ('MOTD_SHOWN', 'pam'), ('HOME', '/home/arno'), ('OLDPWD', '/home/arno'), ('SSH_TTY', '/dev/pts/0'), ('ROS_PYTHON_VERSION', '3'), ('LC_MONETARY', 'de_CH.UTF-8'), ('DBUS_SESSION_BUS_ADDRESS', 'unix:path=/run/user/1000/bus'), ('ROS_DISTRO', 'humble'), ('LOGNAME', 'arno'), ('_', '/usr/bin/colcon'), ('ROS_VERSION', '2'), ('XDG_SESSION_CLASS', 'user'), ('TERM', 'xterm-256color'), ('XDG_SESSION_ID', '1'), ('ROS_LOCALHOST_ONLY', '0'), ('PATH', '/opt/ros/humble/bin:/usr/local/sbin:/usr/local/bin:/usr/sbin:/usr/bin:/sbin:/bin:/usr/games:/usr/local/games:/snap/bin'), ('LC_ADDRESS', 'de_CH.UTF-8'), ('XDG_RUNTIME_DIR', '/run/user/1000'), ('LANG', 'en_US.UTF-8'), ('LC_TELEPHONE', 'de_CH.UTF-8'), ('LS_COLORS', 'rs=0:di=01;34:ln=01;36:mh=00:pi=40;33:so=01;35:do=01;35:bd=40;33;01:cd=40;33;01:or=40;31;01:mi=00:su=37;41:sg=30;43:ca=30;41:tw=30;42:ow=34;42:st=37;44:ex=01;32:*.tar=01;31:*.tgz=01;31:*.arc=01;31:*.arj=01;31:*.taz=01;31:*.lha=01;31:*.lz4=01;31:*.lzh=01;31:*.lzma=01;31:*.tlz=01;31:*.txz=01;31:*.tzo=01;31:*.t7z=01;31:*.zip=01;31:*.z=01;31:*.dz=01;31:*.gz=01;31:*.lrz=01;31:*.lz=01;31:*.lzo=01;31:*.xz=01;31:*.zst=01;31:*.tzst=01;31:*.bz2=01;31:*.bz=01;31:*.tbz=01;31:*.tbz2=01;31:*.tz=01;31:*.deb=01;31:*.rpm=01;31:*.jar=01;31:*.war=01;31:*.ear=01;31:*.sar=01;31:*.rar=01;31:*.alz=01;31:*.ace=01;31:*.zoo=01;31:*.cpio=01;31:*.7z=01;31:*.rz=01;31:*.cab=01;31:*.wim=01;31:*.swm=01;31:*.dwm=01;31:*.esd=01;31:*.jpg=01;35:*.jpeg=01;35:*.mjpg=01;35:*.mjpeg=01;35:*.gif=01;35:*.bmp=01;35:*.pbm=01;35:*.pgm=01;35:*.ppm=01;35:*.tga=01;35:*.xbm=01;35:*.xpm=01;35:*.tif=01;35:*.tiff=01;35:*.png=01;35:*.svg=01;35:*.svgz=01;35:*.mng=01;35:*.pcx=01;35:*.mov=01;35:*.mpg=01;35:*.mpeg=01;35:*.m2v=01;35:*.mkv=01;35:*.webm=01;35:*.webp=01;35:*.ogm=01;35:*.mp4=01;35:*.m4v=01;35:*.mp4v=01;35:*.vob=01;35:*.qt=01;35:*.nuv=01;35:*.wmv=01;35:*.asf=01;35:*.rm=01;35:*.rmvb=01;35:*.flc=01;35:*.avi=01;35:*.fli=01;35:*.flv=01;35:*.gl=01;35:*.dl=01;35:*.xcf=01;35:*.xwd=01;35:*.yuv=01;35:*.cgm=01;35:*.emf=01;35:*.ogv=01;35:*.ogx=01;35:*.aac=00;36:*.au=00;36:*.flac=00;36:*.m4a=00;36:*.mid=00;36:*.midi=00;36:*.mka=00;36:*.mp3=00;36:*.mpc=00;36:*.ogg=00;36:*.ra=00;36:*.wav=00;36:*.oga=00;36:*.opus=00;36:*.spx=00;36:*.xspf=00;36:'), ('AMENT_PREFIX_PATH', '/opt/ros/humble'), ('SHELL', '/bin/bash'), ('LC_NAME', 'de_CH.UTF-8'), ('LESSCLOSE', '/usr/bin/lesspipe %s %s'), ('LC_MEASUREMENT', 'de_CH.UTF-8'), ('LC_IDENTIFICATION', 'de_CH.UTF-8'), ('PWD', '/home/arno/RoombaV2Onboard/build/sllidar_ros2'), ('LC_ALL', 'en_US.UTF-8'), ('SSH_CONNECTION', '192.168.207.158 54042 192.168.207.79 22'), ('XDG_DATA_DIRS', '/usr/local/share:/usr/share:/var/lib/snapd/desktop'), ('PYTHONPATH', '/opt/ros/humble/lib/python3.10/site-packages:/opt/ros/humble/local/lib/python3.10/dist-packages'), ('LC_NUMERIC', 'de_CH.UTF-8'), ('LC_PAPER', 'de_CH.UTF-8'), ('COLCON', '1'), ('CMAKE_PREFIX_PATH', '/opt/ros/humble')]), 'shell': False}
[22.054031] (-) TimerEvent: {}
[22.159185] (-) TimerEvent: {}
[22.189298] (sllidar_ros2) StdoutLine: {'line': b'[  5%] \x1b[32mBuilding CXX object CMakeFiles/sllidar_client.dir/src/sllidar_client.cpp.o\x1b[0m\n'}
[22.205848] (sllidar_ros2) StdoutLine: {'line': b'[ 10%] \x1b[32mBuilding CXX object CMakeFiles/sllidar_node.dir/src/sllidar_node.cpp.o\x1b[0m\n'}
[22.208568] (sllidar_ros2) StdoutLine: {'line': b'[ 15%] \x1b[32mBuilding CXX object CMakeFiles/sllidar_node.dir/sdk/src/arch/linux/net_socket.cpp.o\x1b[0m\n'}
[22.210368] (sllidar_ros2) StdoutLine: {'line': b'[ 20%] \x1b[32mBuilding CXX object CMakeFiles/sllidar_node.dir/sdk/src/arch/linux/net_serial.cpp.o\x1b[0m\n'}
[22.259670] (-) TimerEvent: {}
[22.346474] (rf2o_laser_odometry) StdoutLine: {'line': b'-- Found sensor_msgs: 4.2.4 (/opt/ros/humble/share/sensor_msgs/cmake)\n'}
[22.359763] (-) TimerEvent: {}
[22.460622] (-) TimerEvent: {}
[22.523769] (rf2o_laser_odometry) StdoutLine: {'line': b'-- Found nav_msgs: 4.2.4 (/opt/ros/humble/share/nav_msgs/cmake)\n'}
[22.560941] (-) TimerEvent: {}
[22.662362] (-) TimerEvent: {}
[22.763475] (-) TimerEvent: {}
[22.864302] (-) TimerEvent: {}
[22.967091] (-) TimerEvent: {}
[23.068232] (-) TimerEvent: {}
[23.168960] (-) TimerEvent: {}
[23.269677] (-) TimerEvent: {}
[23.370679] (-) TimerEvent: {}
[23.395144] (rf2o_laser_odometry) StdoutLine: {'line': b'-- Found Boost: /usr/lib/aarch64-linux-gnu/cmake/Boost-1.74.0/BoostConfig.cmake (found version "1.74.0")  \n'}
[23.470902] (-) TimerEvent: {}
[23.572430] (-) TimerEvent: {}
[23.674058] (-) TimerEvent: {}
[23.775443] (-) TimerEvent: {}
[23.792313] (rf2o_laser_odometry) StdoutLine: {'line': b'-- Configuring done\n'}
[23.875642] (-) TimerEvent: {}
[23.952716] (rf2o_laser_odometry) StdoutLine: {'line': b'-- Generating done\n'}
[23.971606] (rf2o_laser_odometry) StdoutLine: {'line': b'-- Build files have been written to: /home/arno/RoombaV2Onboard/build/rf2o_laser_odometry\n'}
[23.975940] (-) TimerEvent: {}
[24.017622] (rf2o_laser_odometry) CommandEnded: {'returncode': 0}
[24.019562] (rf2o_laser_odometry) JobProgress: {'identifier': 'rf2o_laser_odometry', 'progress': 'build'}
[24.025618] (rf2o_laser_odometry) Command: {'cmd': ['/usr/bin/cmake', '--build', '/home/arno/RoombaV2Onboard/build/rf2o_laser_odometry', '--', '-j4', '-l4'], 'cwd': '/home/arno/RoombaV2Onboard/build/rf2o_laser_odometry', 'env': OrderedDict([('LESSOPEN', '| /usr/bin/lesspipe %s'), ('USER', 'arno'), ('SSH_CLIENT', '192.168.207.158 54042 22'), ('LC_TIME', 'de_CH.UTF-8'), ('XDG_SESSION_TYPE', 'tty'), ('SHLVL', '1'), ('LD_LIBRARY_PATH', '/opt/ros/humble/opt/rviz_ogre_vendor/lib:/opt/ros/humble/lib/aarch64-linux-gnu:/opt/ros/humble/lib'), ('MOTD_SHOWN', 'pam'), ('HOME', '/home/arno'), ('OLDPWD', '/home/arno'), ('SSH_TTY', '/dev/pts/0'), ('ROS_PYTHON_VERSION', '3'), ('LC_MONETARY', 'de_CH.UTF-8'), ('DBUS_SESSION_BUS_ADDRESS', 'unix:path=/run/user/1000/bus'), ('ROS_DISTRO', 'humble'), ('LOGNAME', 'arno'), ('_', '/usr/bin/colcon'), ('ROS_VERSION', '2'), ('XDG_SESSION_CLASS', 'user'), ('TERM', 'xterm-256color'), ('XDG_SESSION_ID', '1'), ('ROS_LOCALHOST_ONLY', '0'), ('PATH', '/opt/ros/humble/bin:/usr/local/sbin:/usr/local/bin:/usr/sbin:/usr/bin:/sbin:/bin:/usr/games:/usr/local/games:/snap/bin'), ('LC_ADDRESS', 'de_CH.UTF-8'), ('XDG_RUNTIME_DIR', '/run/user/1000'), ('LANG', 'en_US.UTF-8'), ('LC_TELEPHONE', 'de_CH.UTF-8'), ('LS_COLORS', 'rs=0:di=01;34:ln=01;36:mh=00:pi=40;33:so=01;35:do=01;35:bd=40;33;01:cd=40;33;01:or=40;31;01:mi=00:su=37;41:sg=30;43:ca=30;41:tw=30;42:ow=34;42:st=37;44:ex=01;32:*.tar=01;31:*.tgz=01;31:*.arc=01;31:*.arj=01;31:*.taz=01;31:*.lha=01;31:*.lz4=01;31:*.lzh=01;31:*.lzma=01;31:*.tlz=01;31:*.txz=01;31:*.tzo=01;31:*.t7z=01;31:*.zip=01;31:*.z=01;31:*.dz=01;31:*.gz=01;31:*.lrz=01;31:*.lz=01;31:*.lzo=01;31:*.xz=01;31:*.zst=01;31:*.tzst=01;31:*.bz2=01;31:*.bz=01;31:*.tbz=01;31:*.tbz2=01;31:*.tz=01;31:*.deb=01;31:*.rpm=01;31:*.jar=01;31:*.war=01;31:*.ear=01;31:*.sar=01;31:*.rar=01;31:*.alz=01;31:*.ace=01;31:*.zoo=01;31:*.cpio=01;31:*.7z=01;31:*.rz=01;31:*.cab=01;31:*.wim=01;31:*.swm=01;31:*.dwm=01;31:*.esd=01;31:*.jpg=01;35:*.jpeg=01;35:*.mjpg=01;35:*.mjpeg=01;35:*.gif=01;35:*.bmp=01;35:*.pbm=01;35:*.pgm=01;35:*.ppm=01;35:*.tga=01;35:*.xbm=01;35:*.xpm=01;35:*.tif=01;35:*.tiff=01;35:*.png=01;35:*.svg=01;35:*.svgz=01;35:*.mng=01;35:*.pcx=01;35:*.mov=01;35:*.mpg=01;35:*.mpeg=01;35:*.m2v=01;35:*.mkv=01;35:*.webm=01;35:*.webp=01;35:*.ogm=01;35:*.mp4=01;35:*.m4v=01;35:*.mp4v=01;35:*.vob=01;35:*.qt=01;35:*.nuv=01;35:*.wmv=01;35:*.asf=01;35:*.rm=01;35:*.rmvb=01;35:*.flc=01;35:*.avi=01;35:*.fli=01;35:*.flv=01;35:*.gl=01;35:*.dl=01;35:*.xcf=01;35:*.xwd=01;35:*.yuv=01;35:*.cgm=01;35:*.emf=01;35:*.ogv=01;35:*.ogx=01;35:*.aac=00;36:*.au=00;36:*.flac=00;36:*.m4a=00;36:*.mid=00;36:*.midi=00;36:*.mka=00;36:*.mp3=00;36:*.mpc=00;36:*.ogg=00;36:*.ra=00;36:*.wav=00;36:*.oga=00;36:*.opus=00;36:*.spx=00;36:*.xspf=00;36:'), ('AMENT_PREFIX_PATH', '/opt/ros/humble'), ('SHELL', '/bin/bash'), ('LC_NAME', 'de_CH.UTF-8'), ('LESSCLOSE', '/usr/bin/lesspipe %s %s'), ('LC_MEASUREMENT', 'de_CH.UTF-8'), ('LC_IDENTIFICATION', 'de_CH.UTF-8'), ('PWD', '/home/arno/RoombaV2Onboard/build/rf2o_laser_odometry'), ('LC_ALL', 'en_US.UTF-8'), ('SSH_CONNECTION', '192.168.207.158 54042 192.168.207.79 22'), ('XDG_DATA_DIRS', '/usr/local/share:/usr/share:/var/lib/snapd/desktop'), ('PYTHONPATH', '/opt/ros/humble/lib/python3.10/site-packages:/opt/ros/humble/local/lib/python3.10/dist-packages'), ('LC_NUMERIC', 'de_CH.UTF-8'), ('LC_PAPER', 'de_CH.UTF-8'), ('COLCON', '1'), ('CMAKE_PREFIX_PATH', '/opt/ros/humble')]), 'shell': False}
[24.076157] (-) TimerEvent: {}
[24.177668] (-) TimerEvent: {}
[24.279102] (-) TimerEvent: {}
[24.344714] (rf2o_laser_odometry) StdoutLine: {'line': b'[ 20%] \x1b[32mBuilding CXX object CMakeFiles/rf2o_laser_odometry.dir/src/CLaserOdometry2D.cpp.o\x1b[0m\n'}
[24.350851] (rf2o_laser_odometry) StdoutLine: {'line': b'[ 40%] \x1b[32mBuilding CXX object CMakeFiles/rf2o_laser_odometry_node.dir/src/CLaserOdometry2DNode.cpp.o\x1b[0m\n'}
[24.374968] (rf2o_laser_odometry) StdoutLine: {'line': b'[ 60%] \x1b[32mBuilding CXX object CMakeFiles/rf2o_laser_odometry_node.dir/src/CLaserOdometry2D.cpp.o\x1b[0m\n'}
[24.379375] (-) TimerEvent: {}
[24.480466] (-) TimerEvent: {}
[24.581559] (-) TimerEvent: {}
[24.682304] (-) TimerEvent: {}
[24.783202] (-) TimerEvent: {}
[24.884002] (-) TimerEvent: {}
[24.985293] (-) TimerEvent: {}
[25.086182] (-) TimerEvent: {}
[25.187137] (-) TimerEvent: {}
[25.288000] (-) TimerEvent: {}
[25.388721] (-) TimerEvent: {}
[25.489494] (-) TimerEvent: {}
[25.590889] (-) TimerEvent: {}
[25.692483] (-) TimerEvent: {}
[25.794139] (-) TimerEvent: {}
[25.896024] (-) TimerEvent: {}
[25.997720] (-) TimerEvent: {}
[26.099259] (-) TimerEvent: {}
[26.201207] (-) TimerEvent: {}
[26.230603] (sllidar_ros2) StderrLine: {'line': b'In file included from \x1b[01m\x1b[K/home/arno/RoombaV2Onboard/src/sllidar_ros2/./sdk/include/rplidar_protocol.h:36\x1b[m\x1b[K,\n'}
[26.231882] (sllidar_ros2) StderrLine: {'line': b'                 from \x1b[01m\x1b[K/home/arno/RoombaV2Onboard/src/sllidar_ros2/./sdk/include/rplidar.h:39\x1b[m\x1b[K,\n'}
[26.232904] (sllidar_ros2) StderrLine: {'line': b'                 from \x1b[01m\x1b[K/home/arno/RoombaV2Onboard/src/sllidar_ros2/./sdk/src/sdkcommon.h:49\x1b[m\x1b[K,\n'}
[26.233960] (sllidar_ros2) StderrLine: {'line': b'                 from \x1b[01m\x1b[K/home/arno/RoombaV2Onboard/src/sllidar_ros2/sdk/src/arch/linux/net_socket.cpp:10\x1b[m\x1b[K:\n'}
[26.234931] (sllidar_ros2) StderrLine: {'line': b'\x1b[01m\x1b[K/home/arno/RoombaV2Onboard/src/sllidar_ros2/./sdk/include/sl_lidar_protocol.h:66:16:\x1b[m\x1b[K \x1b[01;35m\x1b[Kwarning: \x1b[m\x1b[KISO C++ forbids zero-size array \xe2\x80\x98\x1b[01m\x1b[Kdata\x1b[m\x1b[K\xe2\x80\x99 [\x1b[01;35m\x1b[K\x1b]8;;https://gcc.gnu.org/onlinedocs/gcc/Warning-Options.html#index-Wpedantic\x07-Wpedantic\x1b]8;;\x07\x1b[m\x1b[K]\n'}
[26.236186] (sllidar_ros2) StderrLine: {'line': b'   66 |     sl_u8 data[\x1b[01;35m\x1b[K0\x1b[m\x1b[K];\n'}
[26.238048] (sllidar_ros2) StderrLine: {'line': b'      |                \x1b[01;35m\x1b[K^\x1b[m\x1b[K\n'}
[26.239001] (sllidar_ros2) StderrLine: {'line': b'In file included from \x1b[01m\x1b[K/home/arno/RoombaV2Onboard/src/sllidar_ros2/./sdk/include/rplidar_cmd.h:36\x1b[m\x1b[K,\n'}
[26.239790] (sllidar_ros2) StderrLine: {'line': b'                 from \x1b[01m\x1b[K/home/arno/RoombaV2Onboard/src/sllidar_ros2/./sdk/include/rplidar.h:40\x1b[m\x1b[K,\n'}
[26.240344] (sllidar_ros2) StderrLine: {'line': b'                 from \x1b[01m\x1b[K/home/arno/RoombaV2Onboard/src/sllidar_ros2/./sdk/src/sdkcommon.h:49\x1b[m\x1b[K,\n'}
[26.249078] (sllidar_ros2) StderrLine: {'line': b'                 from \x1b[01m\x1b[K/home/arno/RoombaV2Onboard/src/sllidar_ros2/sdk/src/arch/linux/net_socket.cpp:10\x1b[m\x1b[K:\n'}
[26.249546] (sllidar_ros2) StderrLine: {'line': b'\x1b[01m\x1b[K/home/arno/RoombaV2Onboard/src/sllidar_ros2/./sdk/include/sl_lidar_cmd.h:324:20:\x1b[m\x1b[K \x1b[01;35m\x1b[Kwarning: \x1b[m\x1b[KISO C++ forbids zero-size array \xe2\x80\x98\x1b[01m\x1b[Kpayload\x1b[m\x1b[K\xe2\x80\x99 [\x1b[01;35m\x1b[K\x1b]8;;https://gcc.gnu.org/onlinedocs/gcc/Warning-Options.html#index-Wpedantic\x07-Wpedantic\x1b]8;;\x07\x1b[m\x1b[K]\n'}
[26.249872] (sllidar_ros2) StderrLine: {'line': b'  324 |     sl_u8  payload[\x1b[01;35m\x1b[K0\x1b[m\x1b[K];\n'}
[26.250161] (sllidar_ros2) StderrLine: {'line': b'      |                    \x1b[01;35m\x1b[K^\x1b[m\x1b[K\n'}
[26.301412] (-) TimerEvent: {}
[26.402914] (-) TimerEvent: {}
[26.504299] (-) TimerEvent: {}
[26.602523] (sllidar_ros2) StderrLine: {'line': b'In file included from \x1b[01m\x1b[K/home/arno/RoombaV2Onboard/src/sllidar_ros2/./sdk/src/arch/linux/arch_linux.h:42\x1b[m\x1b[K,\n'}
[26.604555] (-) TimerEvent: {}
[26.621295] (sllidar_ros2) StderrLine: {'line': b'                 from \x1b[01m\x1b[K/home/arno/RoombaV2Onboard/src/sllidar_ros2/./sdk/src/sdkcommon.h:41\x1b[m\x1b[K,\n'}
[26.622344] (sllidar_ros2) StderrLine: {'line': b'                 from \x1b[01m\x1b[K/home/arno/RoombaV2Onboard/src/sllidar_ros2/sdk/src/arch/linux/net_socket.cpp:10\x1b[m\x1b[K:\n'}
[26.623254] (sllidar_ros2) StderrLine: {'line': b'\x1b[01m\x1b[K/home/arno/RoombaV2Onboard/src/sllidar_ros2/sdk/src/arch/linux/net_socket.cpp:\x1b[m\x1b[K In member function \xe2\x80\x98\x1b[01m\x1b[Kvirtual u_result rp::arch::net::DGramSocketImpl::sendTo(const rp::net::SocketAddress*, const void*, size_t)\x1b[m\x1b[K\xe2\x80\x99:\n'}
[26.624421] (sllidar_ros2) StderrLine: {'line': b'\x1b[01m\x1b[K/home/arno/RoombaV2Onboard/src/sllidar_ros2/sdk/src/arch/linux/net_socket.cpp:733:24:\x1b[m\x1b[K \x1b[01;35m\x1b[Kwarning: \x1b[m\x1b[Kcomparison of integer expressions of different signedness: \xe2\x80\x98\x1b[01m\x1b[Kint\x1b[m\x1b[K\xe2\x80\x99 and \xe2\x80\x98\x1b[01m\x1b[Ksize_t\x1b[m\x1b[K\xe2\x80\x99 {aka \xe2\x80\x98\x1b[01m\x1b[Klong unsigned int\x1b[m\x1b[K\xe2\x80\x99} [\x1b[01;35m\x1b[K\x1b]8;;https://gcc.gnu.org/onlinedocs/gcc/Warning-Options.html#index-Wsign-compare\x07-Wsign-compare\x1b]8;;\x07\x1b[m\x1b[K]\n'}
[26.625450] (sllidar_ros2) StderrLine: {'line': b'  733 |             assert(\x1b[01;35m\x1b[Kans == len\x1b[m\x1b[K);\n'}
[26.626324] (sllidar_ros2) StderrLine: {'line': b'      |                    \x1b[01;35m\x1b[K~~~~^~~~~~\x1b[m\x1b[K\n'}
[26.704841] (-) TimerEvent: {}
[26.806324] (-) TimerEvent: {}
[26.907301] (-) TimerEvent: {}
[27.008338] (-) TimerEvent: {}
[27.109319] (-) TimerEvent: {}
[27.210156] (-) TimerEvent: {}
[27.310974] (-) TimerEvent: {}
[27.412213] (-) TimerEvent: {}
[27.513429] (-) TimerEvent: {}
[27.569890] (sllidar_ros2) StderrLine: {'line': b'\x1b[01m\x1b[K/home/arno/RoombaV2Onboard/src/sllidar_ros2/sdk/src/arch/linux/net_serial.cpp:\x1b[m\x1b[K In member function \xe2\x80\x98\x1b[01m\x1b[Kbool rp::arch::net::raw_serial::open(const char*, uint32_t, uint32_t)\x1b[m\x1b[K\xe2\x80\x99:\n'}
[27.585395] (sllidar_ros2) StderrLine: {'line': b'\x1b[01m\x1b[K/home/arno/RoombaV2Onboard/src/sllidar_ros2/sdk/src/arch/linux/net_serial.cpp:97:74:\x1b[m\x1b[K \x1b[01;35m\x1b[Kwarning: \x1b[m\x1b[Kunused parameter \xe2\x80\x98\x1b[01m\x1b[Kflags\x1b[m\x1b[K\xe2\x80\x99 [\x1b[01;35m\x1b[K\x1b]8;;https://gcc.gnu.org/onlinedocs/gcc/Warning-Options.html#index-Wunused-parameter\x07-Wunused-parameter\x1b]8;;\x07\x1b[m\x1b[K]\n'}
[27.586113] (sllidar_ros2) StderrLine: {'line': b'   97 | bool raw_serial::open(const char * portname, uint32_t baudrate, \x1b[01;35m\x1b[Kuint32_t flags\x1b[m\x1b[K)\n'}
[27.586697] (sllidar_ros2) StderrLine: {'line': b'      |                                                                 \x1b[01;35m\x1b[K~~~~~~~~~^~~~~\x1b[m\x1b[K\n'}
[27.588312] (sllidar_ros2) StderrLine: {'line': b'\x1b[01m\x1b[K/home/arno/RoombaV2Onboard/src/sllidar_ros2/sdk/src/arch/linux/net_serial.cpp:\x1b[m\x1b[K In member function \xe2\x80\x98\x1b[01m\x1b[Kvirtual void rp::arch::net::raw_serial::flush(_u32)\x1b[m\x1b[K\xe2\x80\x99:\n'}
[27.589405] (sllidar_ros2) StderrLine: {'line': b'\x1b[01m\x1b[K/home/arno/RoombaV2Onboard/src/sllidar_ros2/sdk/src/arch/linux/net_serial.cpp:281:30:\x1b[m\x1b[K \x1b[01;35m\x1b[Kwarning: \x1b[m\x1b[Kunused parameter \xe2\x80\x98\x1b[01m\x1b[Kflags\x1b[m\x1b[K\xe2\x80\x99 [\x1b[01;35m\x1b[K\x1b]8;;https://gcc.gnu.org/onlinedocs/gcc/Warning-Options.html#index-Wunused-parameter\x07-Wunused-parameter\x1b]8;;\x07\x1b[m\x1b[K]\n'}
[27.590352] (sllidar_ros2) StderrLine: {'line': b'  281 | void raw_serial::flush( \x1b[01;35m\x1b[K_u32 flags\x1b[m\x1b[K)\n'}
[27.591049] (sllidar_ros2) StderrLine: {'line': b'      |                         \x1b[01;35m\x1b[K~~~~~^~~~~\x1b[m\x1b[K\n'}
[27.591887] (sllidar_ros2) StderrLine: {'line': b'\x1b[01m\x1b[K/home/arno/RoombaV2Onboard/src/sllidar_ros2/sdk/src/arch/linux/net_serial.cpp:\x1b[m\x1b[K In member function \xe2\x80\x98\x1b[01m\x1b[Kvirtual int rp::arch::net::raw_serial::waitforsent(_u32, size_t*)\x1b[m\x1b[K\xe2\x80\x99:\n'}
[27.592488] (sllidar_ros2) StderrLine: {'line': b'\x1b[01m\x1b[K/home/arno/RoombaV2Onboard/src/sllidar_ros2/sdk/src/arch/linux/net_serial.cpp:286:34:\x1b[m\x1b[K \x1b[01;35m\x1b[Kwarning: \x1b[m\x1b[Kunused parameter \xe2\x80\x98\x1b[01m\x1b[Ktimeout\x1b[m\x1b[K\xe2\x80\x99 [\x1b[01;35m\x1b[K\x1b]8;;https://gcc.gnu.org/onlinedocs/gcc/Warning-Options.html#index-Wunused-parameter\x07-Wunused-parameter\x1b]8;;\x07\x1b[m\x1b[K]\n'}
[27.593170] (sllidar_ros2) StderrLine: {'line': b'  286 | int raw_serial::waitforsent(\x1b[01;35m\x1b[K_u32 timeout\x1b[m\x1b[K, size_t * returned_size)\n'}
[27.593764] (sllidar_ros2) StderrLine: {'line': b'      |                             \x1b[01;35m\x1b[K~~~~~^~~~~~~\x1b[m\x1b[K\n'}
[27.594329] (sllidar_ros2) StderrLine: {'line': b'\x1b[01m\x1b[K/home/arno/RoombaV2Onboard/src/sllidar_ros2/sdk/src/arch/linux/net_serial.cpp:\x1b[m\x1b[K In member function \xe2\x80\x98\x1b[01m\x1b[Kvirtual int rp::arch::net::raw_serial::waitforrecv(_u32, size_t*)\x1b[m\x1b[K\xe2\x80\x99:\n'}
[27.594867] (sllidar_ros2) StderrLine: {'line': b'\x1b[01m\x1b[K/home/arno/RoombaV2Onboard/src/sllidar_ros2/sdk/src/arch/linux/net_serial.cpp:292:34:\x1b[m\x1b[K \x1b[01;35m\x1b[Kwarning: \x1b[m\x1b[Kunused parameter \xe2\x80\x98\x1b[01m\x1b[Ktimeout\x1b[m\x1b[K\xe2\x80\x99 [\x1b[01;35m\x1b[K\x1b]8;;https://gcc.gnu.org/onlinedocs/gcc/Warning-Options.html#index-Wunused-parameter\x07-Wunused-parameter\x1b]8;;\x07\x1b[m\x1b[K]\n'}
[27.595453] (sllidar_ros2) StderrLine: {'line': b'  292 | int raw_serial::waitforrecv(\x1b[01;35m\x1b[K_u32 timeout\x1b[m\x1b[K, size_t * returned_size)\n'}
[27.595962] (sllidar_ros2) StderrLine: {'line': b'      |                             \x1b[01;35m\x1b[K~~~~~^~~~~~~\x1b[m\x1b[K\n'}
[27.604931] (sllidar_ros2) StderrLine: {'line': b'\x1b[01m\x1b[K/home/arno/RoombaV2Onboard/src/sllidar_ros2/sdk/src/arch/linux/net_serial.cpp:\x1b[m\x1b[K In member function \xe2\x80\x98\x1b[01m\x1b[Kvirtual void rp::arch::net::raw_serial::cancelOperation()\x1b[m\x1b[K\xe2\x80\x99:\n'}
[27.605644] (sllidar_ros2) StderrLine: {'line': b'\x1b[01m\x1b[K/home/arno/RoombaV2Onboard/src/sllidar_ros2/sdk/src/arch/linux/net_serial.cpp:427:5:\x1b[m\x1b[K \x1b[01;35m\x1b[Kwarning: \x1b[m\x1b[Kvalue computed is not used [\x1b[01;35m\x1b[K\x1b]8;;https://gcc.gnu.org/onlinedocs/gcc/Warning-Options.html#index-Wunused-value\x07-Wunused-value\x1b]8;;\x07\x1b[m\x1b[K]\n'}
[27.606322] (sllidar_ros2) StderrLine: {'line': b'  427 |     \x1b[01;35m\x1b[K(int)::write(_selfpipe[1], "x", 1)\x1b[m\x1b[K;\n'}
[27.606870] (sllidar_ros2) StderrLine: {'line': b'      |     \x1b[01;35m\x1b[K^~~~~~~~~~~~~~~~~~~~~~~~~~~~~~~~~~\x1b[m\x1b[K\n'}
[27.613638] (-) TimerEvent: {}
[27.714607] (-) TimerEvent: {}
[27.817021] (-) TimerEvent: {}
[27.925311] (-) TimerEvent: {}
[28.026816] (-) TimerEvent: {}
[28.128056] (-) TimerEvent: {}
[28.229273] (-) TimerEvent: {}
[28.302243] (sllidar_ros2) StdoutLine: {'line': b'[ 25%] \x1b[32mBuilding CXX object CMakeFiles/sllidar_node.dir/sdk/src/arch/linux/timer.cpp.o\x1b[0m\n'}
[28.329514] (-) TimerEvent: {}
[28.430452] (-) TimerEvent: {}
[28.525525] (sllidar_ros2) StdoutLine: {'line': b'[ 30%] \x1b[32mBuilding CXX object CMakeFiles/sllidar_node.dir/sdk/src/dataunpacker/dataunpacker.cpp.o\x1b[0m\n'}
[28.530721] (-) TimerEvent: {}
[28.631710] (-) TimerEvent: {}
[28.732728] (-) TimerEvent: {}
[28.833995] (-) TimerEvent: {}
[28.935526] (-) TimerEvent: {}
[29.037035] (-) TimerEvent: {}
[29.138329] (-) TimerEvent: {}
[29.239769] (-) TimerEvent: {}
[29.340929] (-) TimerEvent: {}
[29.442440] (-) TimerEvent: {}
[29.543854] (-) TimerEvent: {}
[29.645284] (-) TimerEvent: {}
[29.746914] (-) TimerEvent: {}
[29.848411] (-) TimerEvent: {}
[29.949853] (-) TimerEvent: {}
[30.051628] (-) TimerEvent: {}
[30.153658] (-) TimerEvent: {}
[30.255943] (-) TimerEvent: {}
[30.358038] (-) TimerEvent: {}
[30.460121] (-) TimerEvent: {}
[30.562303] (-) TimerEvent: {}
[30.664374] (-) TimerEvent: {}
[30.767119] (-) TimerEvent: {}
[30.869369] (-) TimerEvent: {}
[30.970515] (-) TimerEvent: {}
[31.072273] (-) TimerEvent: {}
[31.174243] (-) TimerEvent: {}
[31.276070] (-) TimerEvent: {}
[31.378202] (-) TimerEvent: {}
[31.481121] (-) TimerEvent: {}
[31.583432] (-) TimerEvent: {}
[31.685251] (-) TimerEvent: {}
[31.787314] (-) TimerEvent: {}
[31.889296] (-) TimerEvent: {}
[31.991104] (-) TimerEvent: {}
[32.092867] (-) TimerEvent: {}
[32.195381] (-) TimerEvent: {}
[32.297673] (-) TimerEvent: {}
[32.400024] (-) TimerEvent: {}
[32.502441] (-) TimerEvent: {}
[32.581985] (sllidar_ros2) StderrLine: {'line': b'In file included from \x1b[01m\x1b[K/home/arno/RoombaV2Onboard/src/sllidar_ros2/./sdk/include/rplidar_protocol.h:36\x1b[m\x1b[K,\n'}
[32.585277] (sllidar_ros2) StderrLine: {'line': b'                 from \x1b[01m\x1b[K/home/arno/RoombaV2Onboard/src/sllidar_ros2/./sdk/include/rplidar.h:39\x1b[m\x1b[K,\n'}
[32.586589] (sllidar_ros2) StderrLine: {'line': b'                 from \x1b[01m\x1b[K/home/arno/RoombaV2Onboard/src/sllidar_ros2/./sdk/src/sdkcommon.h:49\x1b[m\x1b[K,\n'}
[32.587370] (sllidar_ros2) StderrLine: {'line': b'                 from \x1b[01m\x1b[K/home/arno/RoombaV2Onboard/src/sllidar_ros2/sdk/src/dataunpacker/dataunnpacker_commondef.h:41\x1b[m\x1b[K,\n'}
[32.588016] (sllidar_ros2) StderrLine: {'line': b'                 from \x1b[01m\x1b[K/home/arno/RoombaV2Onboard/src/sllidar_ros2/sdk/src/dataunpacker/dataunpacker.cpp:39\x1b[m\x1b[K:\n'}
[32.588647] (sllidar_ros2) StderrLine: {'line': b'\x1b[01m\x1b[K/home/arno/RoombaV2Onboard/src/sllidar_ros2/./sdk/include/sl_lidar_protocol.h:66:16:\x1b[m\x1b[K \x1b[01;35m\x1b[Kwarning: \x1b[m\x1b[KISO C++ forbids zero-size array \xe2\x80\x98\x1b[01m\x1b[Kdata\x1b[m\x1b[K\xe2\x80\x99 [\x1b[01;35m\x1b[K\x1b]8;;https://gcc.gnu.org/onlinedocs/gcc/Warning-Options.html#index-Wpedantic\x07-Wpedantic\x1b]8;;\x07\x1b[m\x1b[K]\n'}
[32.590168] (sllidar_ros2) StderrLine: {'line': b'   66 |     sl_u8 data[\x1b[01;35m\x1b[K0\x1b[m\x1b[K];\n'}
[32.590951] (sllidar_ros2) StderrLine: {'line': b'      |                \x1b[01;35m\x1b[K^\x1b[m\x1b[K\n'}
[32.591662] (sllidar_ros2) StderrLine: {'line': b'In file included from \x1b[01m\x1b[K/home/arno/RoombaV2Onboard/src/sllidar_ros2/./sdk/include/rplidar_cmd.h:36\x1b[m\x1b[K,\n'}
[32.592397] (sllidar_ros2) StderrLine: {'line': b'                 from \x1b[01m\x1b[K/home/arno/RoombaV2Onboard/src/sllidar_ros2/./sdk/include/rplidar.h:40\x1b[m\x1b[K,\n'}
[32.593200] (sllidar_ros2) StderrLine: {'line': b'                 from \x1b[01m\x1b[K/home/arno/RoombaV2Onboard/src/sllidar_ros2/./sdk/src/sdkcommon.h:49\x1b[m\x1b[K,\n'}
[32.594203] (sllidar_ros2) StderrLine: {'line': b'                 from \x1b[01m\x1b[K/home/arno/RoombaV2Onboard/src/sllidar_ros2/sdk/src/dataunpacker/dataunnpacker_commondef.h:41\x1b[m\x1b[K,\n'}
[32.595100] (sllidar_ros2) StderrLine: {'line': b'                 from \x1b[01m\x1b[K/home/arno/RoombaV2Onboard/src/sllidar_ros2/sdk/src/dataunpacker/dataunpacker.cpp:39\x1b[m\x1b[K:\n'}
[32.595910] (sllidar_ros2) StderrLine: {'line': b'\x1b[01m\x1b[K/home/arno/RoombaV2Onboard/src/sllidar_ros2/./sdk/include/sl_lidar_cmd.h:324:20:\x1b[m\x1b[K \x1b[01;35m\x1b[Kwarning: \x1b[m\x1b[KISO C++ forbids zero-size array \xe2\x80\x98\x1b[01m\x1b[Kpayload\x1b[m\x1b[K\xe2\x80\x99 [\x1b[01;35m\x1b[K\x1b]8;;https://gcc.gnu.org/onlinedocs/gcc/Warning-Options.html#index-Wpedantic\x07-Wpedantic\x1b]8;;\x07\x1b[m\x1b[K]\n'}
[32.596988] (sllidar_ros2) StderrLine: {'line': b'  324 |     sl_u8  payload[\x1b[01;35m\x1b[K0\x1b[m\x1b[K];\n'}
[32.597796] (sllidar_ros2) StderrLine: {'line': b'      |                    \x1b[01;35m\x1b[K^\x1b[m\x1b[K\n'}
[32.605408] (-) TimerEvent: {}
[32.629919] (sllidar_ros2) StdoutLine: {'line': b'[ 35%] \x1b[32mBuilding CXX object CMakeFiles/sllidar_node.dir/sdk/src/dataunpacker/unpacker/handler_capsules.cpp.o\x1b[0m\n'}
[32.706430] (-) TimerEvent: {}
[32.807554] (-) TimerEvent: {}
[32.908673] (-) TimerEvent: {}
[33.009965] (-) TimerEvent: {}
[33.111231] (-) TimerEvent: {}
[33.212440] (-) TimerEvent: {}
[33.313541] (-) TimerEvent: {}
[33.414784] (-) TimerEvent: {}
[33.516422] (-) TimerEvent: {}
[33.618294] (-) TimerEvent: {}
[33.720244] (-) TimerEvent: {}
[33.821445] (-) TimerEvent: {}
[33.922600] (-) TimerEvent: {}
[34.023856] (-) TimerEvent: {}
[34.126296] (-) TimerEvent: {}
[34.228459] (-) TimerEvent: {}
[34.330522] (-) TimerEvent: {}
[34.432617] (-) TimerEvent: {}
[34.534343] (-) TimerEvent: {}
[34.636231] (-) TimerEvent: {}
[34.738345] (-) TimerEvent: {}
[34.740379] (sllidar_ros2) StderrLine: {'line': b'In file included from \x1b[01m\x1b[K/home/arno/RoombaV2Onboard/src/sllidar_ros2/sdk/src/dataunpacker/dataunpacker.cpp:40\x1b[m\x1b[K:\n'}
[34.741788] (sllidar_ros2) StderrLine: {'line': b'\x1b[01m\x1b[K/home/arno/RoombaV2Onboard/src/sllidar_ros2/sdk/src/dataunpacker/dataunpacker.h:\x1b[m\x1b[K In member function \xe2\x80\x98\x1b[01m\x1b[Kvirtual void sl::internal::LIDARSampleDataListener::onCustomSampleDataDecoded(_u8, _u32, const void*, size_t)\x1b[m\x1b[K\xe2\x80\x99:\n'}
[34.743250] (sllidar_ros2) StderrLine: {'line': b'\x1b[01m\x1b[K/home/arno/RoombaV2Onboard/src/sllidar_ros2/sdk/src/dataunpacker/dataunpacker.h:54:52:\x1b[m\x1b[K \x1b[01;35m\x1b[Kwarning: \x1b[m\x1b[Kunused parameter \xe2\x80\x98\x1b[01m\x1b[KansType\x1b[m\x1b[K\xe2\x80\x99 [\x1b[01;35m\x1b[K\x1b]8;;https://gcc.gnu.org/onlinedocs/gcc/Warning-Options.html#index-Wunused-parameter\x07-Wunused-parameter\x1b]8;;\x07\x1b[m\x1b[K]\n'}
[34.744645] (sllidar_ros2) StderrLine: {'line': b'   54 |         virtual void onCustomSampleDataDecoded(\x1b[01;35m\x1b[K_u8 ansType\x1b[m\x1b[K, _u32 customCode, const void* data, size_t size) {}\n'}
[34.745580] (sllidar_ros2) StderrLine: {'line': b'      |                                                \x1b[01;35m\x1b[K~~~~^~~~~~~\x1b[m\x1b[K\n'}
[34.746167] (sllidar_ros2) StderrLine: {'line': b'\x1b[01m\x1b[K/home/arno/RoombaV2Onboard/src/sllidar_ros2/sdk/src/dataunpacker/dataunpacker.h:54:66:\x1b[m\x1b[K \x1b[01;35m\x1b[Kwarning: \x1b[m\x1b[Kunused parameter \xe2\x80\x98\x1b[01m\x1b[KcustomCode\x1b[m\x1b[K\xe2\x80\x99 [\x1b[01;35m\x1b[K\x1b]8;;https://gcc.gnu.org/onlinedocs/gcc/Warning-Options.html#index-Wunused-parameter\x07-Wunused-parameter\x1b]8;;\x07\x1b[m\x1b[K]\n'}
[34.746728] (sllidar_ros2) StderrLine: {'line': b'   54 |         virtual void onCustomSampleDataDecoded(_u8 ansType, \x1b[01;35m\x1b[K_u32 customCode\x1b[m\x1b[K, const void* data, size_t size) {}\n'}
[34.747253] (sllidar_ros2) StderrLine: {'line': b'      |                                                             \x1b[01;35m\x1b[K~~~~~^~~~~~~~~~\x1b[m\x1b[K\n'}
[34.747799] (sllidar_ros2) StderrLine: {'line': b'\x1b[01m\x1b[K/home/arno/RoombaV2Onboard/src/sllidar_ros2/sdk/src/dataunpacker/dataunpacker.h:54:90:\x1b[m\x1b[K \x1b[01;35m\x1b[Kwarning: \x1b[m\x1b[Kunused parameter \xe2\x80\x98\x1b[01m\x1b[Kdata\x1b[m\x1b[K\xe2\x80\x99 [\x1b[01;35m\x1b[K\x1b]8;;https://gcc.gnu.org/onlinedocs/gcc/Warning-Options.html#index-Wunused-parameter\x07-Wunused-parameter\x1b]8;;\x07\x1b[m\x1b[K]\n'}
[34.748545] (sllidar_ros2) StderrLine: {'line': b'   54 |         virtual void onCustomSampleDataDecoded(_u8 ansType, _u32 customCode, \x1b[01;35m\x1b[Kconst void* data\x1b[m\x1b[K, size_t size) {}\n'}
[34.749551] (sllidar_ros2) StderrLine: {'line': b'      |                                                                              \x1b[01;35m\x1b[K~~~~~~~~~~~~^~~~\x1b[m\x1b[K\n'}
[34.750917] (sllidar_ros2) StderrLine: {'line': b'\x1b[01m\x1b[K/home/arno/RoombaV2Onboard/src/sllidar_ros2/sdk/src/dataunpacker/dataunpacker.h:54:103:\x1b[m\x1b[K \x1b[01;35m\x1b[Kwarning: \x1b[m\x1b[Kunused parameter \xe2\x80\x98\x1b[01m\x1b[Ksize\x1b[m\x1b[K\xe2\x80\x99 [\x1b[01;35m\x1b[K\x1b]8;;https://gcc.gnu.org/onlinedocs/gcc/Warning-Options.html#index-Wunused-parameter\x07-Wunused-parameter\x1b]8;;\x07\x1b[m\x1b[K]\n'}
[34.751662] (sllidar_ros2) StderrLine: {'line': b'   54 |         virtual void onCustomSampleDataDecoded(_u8 ansType, _u32 customCode, const void* data, \x1b[01;35m\x1b[Ksize_t size\x1b[m\x1b[K) {}\n'}
[34.752429] (sllidar_ros2) StderrLine: {'line': b'      |                                                                                                \x1b[01;35m\x1b[K~~~~~~~^~~~\x1b[m\x1b[K\n'}
[34.753265] (sllidar_ros2) StderrLine: {'line': b'\x1b[01m\x1b[K/home/arno/RoombaV2Onboard/src/sllidar_ros2/sdk/src/dataunpacker/dataunpacker.h:\x1b[m\x1b[K In member function \xe2\x80\x98\x1b[01m\x1b[Kvirtual void sl::internal::LIDARSampleDataListener::onDecodingError(int, _u8, const void*, size_t)\x1b[m\x1b[K\xe2\x80\x99:\n'}
[34.753940] (sllidar_ros2) StderrLine: {'line': b'\x1b[01m\x1b[K/home/arno/RoombaV2Onboard/src/sllidar_ros2/sdk/src/dataunpacker/dataunpacker.h:56:42:\x1b[m\x1b[K \x1b[01;35m\x1b[Kwarning: \x1b[m\x1b[Kunused parameter \xe2\x80\x98\x1b[01m\x1b[KerrMsg\x1b[m\x1b[K\xe2\x80\x99 [\x1b[01;35m\x1b[K\x1b]8;;https://gcc.gnu.org/onlinedocs/gcc/Warning-Options.html#index-Wunused-parameter\x07-Wunused-parameter\x1b]8;;\x07\x1b[m\x1b[K]\n'}
[34.754593] (sllidar_ros2) StderrLine: {'line': b'   56 |         virtual void onDecodingError(\x1b[01;35m\x1b[Kint errMsg\x1b[m\x1b[K, _u8 ansType, const void* payload, size_t size) {}\n'}
[34.755219] (sllidar_ros2) StderrLine: {'line': b'      |                                      \x1b[01;35m\x1b[K~~~~^~~~~~\x1b[m\x1b[K\n'}
[34.755794] (sllidar_ros2) StderrLine: {'line': b'\x1b[01m\x1b[K/home/arno/RoombaV2Onboard/src/sllidar_ros2/sdk/src/dataunpacker/dataunpacker.h:56:54:\x1b[m\x1b[K \x1b[01;35m\x1b[Kwarning: \x1b[m\x1b[Kunused parameter \xe2\x80\x98\x1b[01m\x1b[KansType\x1b[m\x1b[K\xe2\x80\x99 [\x1b[01;35m\x1b[K\x1b]8;;https://gcc.gnu.org/onlinedocs/gcc/Warning-Options.html#index-Wunused-parameter\x07-Wunused-parameter\x1b]8;;\x07\x1b[m\x1b[K]\n'}
[34.756847] (sllidar_ros2) StderrLine: {'line': b'   56 |         virtual void onDecodingError(int errMsg, \x1b[01;35m\x1b[K_u8 ansType\x1b[m\x1b[K, const void* payload, size_t size) {}\n'}
[34.757784] (sllidar_ros2) StderrLine: {'line': b'      |                                                  \x1b[01;35m\x1b[K~~~~^~~~~~~\x1b[m\x1b[K\n'}
[34.758554] (sllidar_ros2) StderrLine: {'line': b'\x1b[01m\x1b[K/home/arno/RoombaV2Onboard/src/sllidar_ros2/sdk/src/dataunpacker/dataunpacker.h:56:75:\x1b[m\x1b[K \x1b[01;35m\x1b[Kwarning: \x1b[m\x1b[Kunused parameter \xe2\x80\x98\x1b[01m\x1b[Kpayload\x1b[m\x1b[K\xe2\x80\x99 [\x1b[01;35m\x1b[K\x1b]8;;https://gcc.gnu.org/onlinedocs/gcc/Warning-Options.html#index-Wunused-parameter\x07-Wunused-parameter\x1b]8;;\x07\x1b[m\x1b[K]\n'}
[34.759433] (sllidar_ros2) StderrLine: {'line': b'   56 |         virtual void onDecodingError(int errMsg, _u8 ansType, \x1b[01;35m\x1b[Kconst void* payload\x1b[m\x1b[K, size_t size) {}\n'}
[34.760292] (sllidar_ros2) StderrLine: {'line': b'      |                                                               \x1b[01;35m\x1b[K~~~~~~~~~~~~^~~~~~~\x1b[m\x1b[K\n'}
[34.781292] (sllidar_ros2) StderrLine: {'line': b'\x1b[01m\x1b[K/home/arno/RoombaV2Onboard/src/sllidar_ros2/sdk/src/dataunpacker/dataunpacker.h:56:91:\x1b[m\x1b[K \x1b[01;35m\x1b[Kwarning: \x1b[m\x1b[Kunused parameter \xe2\x80\x98\x1b[01m\x1b[Ksize\x1b[m\x1b[K\xe2\x80\x99 [\x1b[01;35m\x1b[K\x1b]8;;https://gcc.gnu.org/onlinedocs/gcc/Warning-Options.html#index-Wunused-parameter\x07-Wunused-parameter\x1b]8;;\x07\x1b[m\x1b[K]\n'}
[34.782418] (sllidar_ros2) StderrLine: {'line': b'   56 |         virtual void onDecodingError(int errMsg, _u8 ansType, const void* payload, \x1b[01;35m\x1b[Ksize_t size\x1b[m\x1b[K) {}\n'}
[34.783432] (sllidar_ros2) StderrLine: {'line': b'      |                                                                                    \x1b[01;35m\x1b[K~~~~~~~^~~~\x1b[m\x1b[K\n'}
[34.838641] (-) TimerEvent: {}
[34.940077] (-) TimerEvent: {}
[35.041820] (-) TimerEvent: {}
[35.143529] (-) TimerEvent: {}
[35.245166] (-) TimerEvent: {}
[35.347125] (-) TimerEvent: {}
[35.449035] (-) TimerEvent: {}
[35.551058] (-) TimerEvent: {}
[35.652940] (-) TimerEvent: {}
[35.754654] (-) TimerEvent: {}
[35.856523] (-) TimerEvent: {}
[35.958501] (-) TimerEvent: {}
[36.060447] (-) TimerEvent: {}
[36.161616] (-) TimerEvent: {}
[36.262671] (-) TimerEvent: {}
[36.363934] (-) TimerEvent: {}
[36.465168] (-) TimerEvent: {}
[36.566266] (-) TimerEvent: {}
[36.667450] (-) TimerEvent: {}
[36.768650] (-) TimerEvent: {}
[36.870476] (-) TimerEvent: {}
[36.909053] (sllidar_ros2) StdoutLine: {'line': b'[ 40%] \x1b[32mBuilding CXX object CMakeFiles/sllidar_node.dir/sdk/src/dataunpacker/unpacker/handler_hqnode.cpp.o\x1b[0m\n'}
[36.970717] (-) TimerEvent: {}
[37.072607] (-) TimerEvent: {}
[37.174327] (-) TimerEvent: {}
[37.275845] (-) TimerEvent: {}
[37.377462] (-) TimerEvent: {}
[37.479276] (-) TimerEvent: {}
[37.580795] (-) TimerEvent: {}
[37.682539] (-) TimerEvent: {}
[37.758158] (sllidar_ros2) StderrLine: {'line': b'In file included from \x1b[01m\x1b[K/home/arno/RoombaV2Onboard/src/sllidar_ros2/./sdk/include/rplidar_protocol.h:36\x1b[m\x1b[K,\n'}
[37.759086] (sllidar_ros2) StderrLine: {'line': b'                 from \x1b[01m\x1b[K/home/arno/RoombaV2Onboard/src/sllidar_ros2/./sdk/include/rplidar.h:39\x1b[m\x1b[K,\n'}
[37.760083] (sllidar_ros2) StderrLine: {'line': b'                 from \x1b[01m\x1b[K/home/arno/RoombaV2Onboard/src/sllidar_ros2/./sdk/src/sdkcommon.h:49\x1b[m\x1b[K,\n'}
[37.761058] (sllidar_ros2) StderrLine: {'line': b'                 from \x1b[01m\x1b[K/home/arno/RoombaV2Onboard/src/sllidar_ros2/sdk/src/dataunpacker/unpacker/../dataunnpacker_commondef.h:41\x1b[m\x1b[K,\n'}
[37.761782] (sllidar_ros2) StderrLine: {'line': b'                 from \x1b[01m\x1b[K/home/arno/RoombaV2Onboard/src/sllidar_ros2/sdk/src/dataunpacker/unpacker/handler_capsules.cpp:39\x1b[m\x1b[K:\n'}
[37.762473] (sllidar_ros2) StderrLine: {'line': b'\x1b[01m\x1b[K/home/arno/RoombaV2Onboard/src/sllidar_ros2/./sdk/include/sl_lidar_protocol.h:66:16:\x1b[m\x1b[K \x1b[01;35m\x1b[Kwarning: \x1b[m\x1b[KISO C++ forbids zero-size array \xe2\x80\x98\x1b[01m\x1b[Kdata\x1b[m\x1b[K\xe2\x80\x99 [\x1b[01;35m\x1b[K\x1b]8;;https://gcc.gnu.org/onlinedocs/gcc/Warning-Options.html#index-Wpedantic\x07-Wpedantic\x1b]8;;\x07\x1b[m\x1b[K]\n'}
[37.763347] (sllidar_ros2) StderrLine: {'line': b'   66 |     sl_u8 data[\x1b[01;35m\x1b[K0\x1b[m\x1b[K];\n'}
[37.764293] (sllidar_ros2) StderrLine: {'line': b'      |                \x1b[01;35m\x1b[K^\x1b[m\x1b[K\n'}
[37.765675] (sllidar_ros2) StderrLine: {'line': b'In file included from \x1b[01m\x1b[K/home/arno/RoombaV2Onboard/src/sllidar_ros2/./sdk/include/rplidar_cmd.h:36\x1b[m\x1b[K,\n'}
[37.766488] (sllidar_ros2) StderrLine: {'line': b'                 from \x1b[01m\x1b[K/home/arno/RoombaV2Onboard/src/sllidar_ros2/./sdk/include/rplidar.h:40\x1b[m\x1b[K,\n'}
[37.767279] (sllidar_ros2) StderrLine: {'line': b'                 from \x1b[01m\x1b[K/home/arno/RoombaV2Onboard/src/sllidar_ros2/./sdk/src/sdkcommon.h:49\x1b[m\x1b[K,\n'}
[37.768049] (sllidar_ros2) StderrLine: {'line': b'                 from \x1b[01m\x1b[K/home/arno/RoombaV2Onboard/src/sllidar_ros2/sdk/src/dataunpacker/unpacker/../dataunnpacker_commondef.h:41\x1b[m\x1b[K,\n'}
[37.768861] (sllidar_ros2) StderrLine: {'line': b'                 from \x1b[01m\x1b[K/home/arno/RoombaV2Onboard/src/sllidar_ros2/sdk/src/dataunpacker/unpacker/handler_capsules.cpp:39\x1b[m\x1b[K:\n'}
[37.769790] (sllidar_ros2) StderrLine: {'line': b'\x1b[01m\x1b[K/home/arno/RoombaV2Onboard/src/sllidar_ros2/./sdk/include/sl_lidar_cmd.h:324:20:\x1b[m\x1b[K \x1b[01;35m\x1b[Kwarning: \x1b[m\x1b[KISO C++ forbids zero-size array \xe2\x80\x98\x1b[01m\x1b[Kpayload\x1b[m\x1b[K\xe2\x80\x99 [\x1b[01;35m\x1b[K\x1b]8;;https://gcc.gnu.org/onlinedocs/gcc/Warning-Options.html#index-Wpedantic\x07-Wpedantic\x1b]8;;\x07\x1b[m\x1b[K]\n'}
[37.770907] (sllidar_ros2) StderrLine: {'line': b'  324 |     sl_u8  payload[\x1b[01;35m\x1b[K0\x1b[m\x1b[K];\n'}
[37.771966] (sllidar_ros2) StderrLine: {'line': b'      |                    \x1b[01;35m\x1b[K^\x1b[m\x1b[K\n'}
[37.788944] (-) TimerEvent: {}
[37.889910] (-) TimerEvent: {}
[37.991095] (-) TimerEvent: {}
[38.093264] (-) TimerEvent: {}
[38.194987] (-) TimerEvent: {}
[38.296642] (-) TimerEvent: {}
[38.398592] (-) TimerEvent: {}
[38.500624] (-) TimerEvent: {}
[38.610045] (-) TimerEvent: {}
[38.712155] (-) TimerEvent: {}
[38.814018] (-) TimerEvent: {}
[38.832511] (sllidar_ros2) StderrLine: {'line': b'In file included from \x1b[01m\x1b[K/home/arno/RoombaV2Onboard/src/sllidar_ros2/sdk/src/dataunpacker/unpacker/handler_capsules.cpp:40\x1b[m\x1b[K:\n'}
[38.834629] (sllidar_ros2) StderrLine: {'line': b'\x1b[01m\x1b[K/home/arno/RoombaV2Onboard/src/sllidar_ros2/sdk/src/dataunpacker/unpacker/../dataunpacker.h:\x1b[m\x1b[K In member function \xe2\x80\x98\x1b[01m\x1b[Kvirtual void sl::internal::LIDARSampleDataListener::onCustomSampleDataDecoded(_u8, _u32, const void*, size_t)\x1b[m\x1b[K\xe2\x80\x99:\n'}
[38.835609] (sllidar_ros2) StderrLine: {'line': b'\x1b[01m\x1b[K/home/arno/RoombaV2Onboard/src/sllidar_ros2/sdk/src/dataunpacker/unpacker/../dataunpacker.h:54:52:\x1b[m\x1b[K \x1b[01;35m\x1b[Kwarning: \x1b[m\x1b[Kunused parameter \xe2\x80\x98\x1b[01m\x1b[KansType\x1b[m\x1b[K\xe2\x80\x99 [\x1b[01;35m\x1b[K\x1b]8;;https://gcc.gnu.org/onlinedocs/gcc/Warning-Options.html#index-Wunused-parameter\x07-Wunused-parameter\x1b]8;;\x07\x1b[m\x1b[K]\n'}
[38.836697] (sllidar_ros2) StderrLine: {'line': b'   54 |         virtual void onCustomSampleDataDecoded(\x1b[01;35m\x1b[K_u8 ansType\x1b[m\x1b[K, _u32 customCode, const void* data, size_t size) {}\n'}
[38.837880] (sllidar_ros2) StderrLine: {'line': b'      |                                                \x1b[01;35m\x1b[K~~~~^~~~~~~\x1b[m\x1b[K\n'}
[38.838848] (sllidar_ros2) StderrLine: {'line': b'\x1b[01m\x1b[K/home/arno/RoombaV2Onboard/src/sllidar_ros2/sdk/src/dataunpacker/unpacker/../dataunpacker.h:54:66:\x1b[m\x1b[K \x1b[01;35m\x1b[Kwarning: \x1b[m\x1b[Kunused parameter \xe2\x80\x98\x1b[01m\x1b[KcustomCode\x1b[m\x1b[K\xe2\x80\x99 [\x1b[01;35m\x1b[K\x1b]8;;https://gcc.gnu.org/onlinedocs/gcc/Warning-Options.html#index-Wunused-parameter\x07-Wunused-parameter\x1b]8;;\x07\x1b[m\x1b[K]\n'}
[38.839673] (sllidar_ros2) StderrLine: {'line': b'   54 |         virtual void onCustomSampleDataDecoded(_u8 ansType, \x1b[01;35m\x1b[K_u32 customCode\x1b[m\x1b[K, const void* data, size_t size) {}\n'}
[38.840445] (sllidar_ros2) StderrLine: {'line': b'      |                                                             \x1b[01;35m\x1b[K~~~~~^~~~~~~~~~\x1b[m\x1b[K\n'}
[38.841246] (sllidar_ros2) StderrLine: {'line': b'\x1b[01m\x1b[K/home/arno/RoombaV2Onboard/src/sllidar_ros2/sdk/src/dataunpacker/unpacker/../dataunpacker.h:54:90:\x1b[m\x1b[K \x1b[01;35m\x1b[Kwarning: \x1b[m\x1b[Kunused parameter \xe2\x80\x98\x1b[01m\x1b[Kdata\x1b[m\x1b[K\xe2\x80\x99 [\x1b[01;35m\x1b[K\x1b]8;;https://gcc.gnu.org/onlinedocs/gcc/Warning-Options.html#index-Wunused-parameter\x07-Wunused-parameter\x1b]8;;\x07\x1b[m\x1b[K]\n'}
[38.842232] (sllidar_ros2) StderrLine: {'line': b'   54 |         virtual void onCustomSampleDataDecoded(_u8 ansType, _u32 customCode, \x1b[01;35m\x1b[Kconst void* data\x1b[m\x1b[K, size_t size) {}\n'}
[38.842846] (sllidar_ros2) StderrLine: {'line': b'      |                                                                              \x1b[01;35m\x1b[K~~~~~~~~~~~~^~~~\x1b[m\x1b[K\n'}
[38.843500] (sllidar_ros2) StderrLine: {'line': b'\x1b[01m\x1b[K/home/arno/RoombaV2Onboard/src/sllidar_ros2/sdk/src/dataunpacker/unpacker/../dataunpacker.h:54:103:\x1b[m\x1b[K \x1b[01;35m\x1b[Kwarning: \x1b[m\x1b[Kunused parameter \xe2\x80\x98\x1b[01m\x1b[Ksize\x1b[m\x1b[K\xe2\x80\x99 [\x1b[01;35m\x1b[K\x1b]8;;https://gcc.gnu.org/onlinedocs/gcc/Warning-Options.html#index-Wunused-parameter\x07-Wunused-parameter\x1b]8;;\x07\x1b[m\x1b[K]\n'}
[38.844225] (sllidar_ros2) StderrLine: {'line': b'   54 |         virtual void onCustomSampleDataDecoded(_u8 ansType, _u32 customCode, const void* data, \x1b[01;35m\x1b[Ksize_t size\x1b[m\x1b[K) {}\n'}
[38.861153] (sllidar_ros2) StderrLine: {'line': b'      |                                                                                                \x1b[01;35m\x1b[K~~~~~~~^~~~\x1b[m\x1b[K\n'}
[38.861962] (sllidar_ros2) StderrLine: {'line': b'\x1b[01m\x1b[K/home/arno/RoombaV2Onboard/src/sllidar_ros2/sdk/src/dataunpacker/unpacker/../dataunpacker.h:\x1b[m\x1b[K In member function \xe2\x80\x98\x1b[01m\x1b[Kvirtual void sl::internal::LIDARSampleDataListener::onDecodingError(int, _u8, const void*, size_t)\x1b[m\x1b[K\xe2\x80\x99:\n'}
[38.862711] (sllidar_ros2) StderrLine: {'line': b'\x1b[01m\x1b[K/home/arno/RoombaV2Onboard/src/sllidar_ros2/sdk/src/dataunpacker/unpacker/../dataunpacker.h:56:42:\x1b[m\x1b[K \x1b[01;35m\x1b[Kwarning: \x1b[m\x1b[Kunused parameter \xe2\x80\x98\x1b[01m\x1b[KerrMsg\x1b[m\x1b[K\xe2\x80\x99 [\x1b[01;35m\x1b[K\x1b]8;;https://gcc.gnu.org/onlinedocs/gcc/Warning-Options.html#index-Wunused-parameter\x07-Wunused-parameter\x1b]8;;\x07\x1b[m\x1b[K]\n'}
[38.863533] (sllidar_ros2) StderrLine: {'line': b'   56 |         virtual void onDecodingError(\x1b[01;35m\x1b[Kint errMsg\x1b[m\x1b[K, _u8 ansType, const void* payload, size_t size) {}\n'}
[38.864272] (sllidar_ros2) StderrLine: {'line': b'      |                                      \x1b[01;35m\x1b[K~~~~^~~~~~\x1b[m\x1b[K\n'}
[38.865107] (sllidar_ros2) StderrLine: {'line': b'\x1b[01m\x1b[K/home/arno/RoombaV2Onboard/src/sllidar_ros2/sdk/src/dataunpacker/unpacker/../dataunpacker.h:56:54:\x1b[m\x1b[K \x1b[01;35m\x1b[Kwarning: \x1b[m\x1b[Kunused parameter \xe2\x80\x98\x1b[01m\x1b[KansType\x1b[m\x1b[K\xe2\x80\x99 [\x1b[01;35m\x1b[K\x1b]8;;https://gcc.gnu.org/onlinedocs/gcc/Warning-Options.html#index-Wunused-parameter\x07-Wunused-parameter\x1b]8;;\x07\x1b[m\x1b[K]\n'}
[38.865838] (sllidar_ros2) StderrLine: {'line': b'   56 |         virtual void onDecodingError(int errMsg, \x1b[01;35m\x1b[K_u8 ansType\x1b[m\x1b[K, const void* payload, size_t size) {}\n'}
[38.866575] (sllidar_ros2) StderrLine: {'line': b'      |                                                  \x1b[01;35m\x1b[K~~~~^~~~~~~\x1b[m\x1b[K\n'}
[38.867393] (sllidar_ros2) StderrLine: {'line': b'\x1b[01m\x1b[K/home/arno/RoombaV2Onboard/src/sllidar_ros2/sdk/src/dataunpacker/unpacker/../dataunpacker.h:56:75:\x1b[m\x1b[K \x1b[01;35m\x1b[Kwarning: \x1b[m\x1b[Kunused parameter \xe2\x80\x98\x1b[01m\x1b[Kpayload\x1b[m\x1b[K\xe2\x80\x99 [\x1b[01;35m\x1b[K\x1b]8;;https://gcc.gnu.org/onlinedocs/gcc/Warning-Options.html#index-Wunused-parameter\x07-Wunused-parameter\x1b]8;;\x07\x1b[m\x1b[K]\n'}
[38.868149] (sllidar_ros2) StderrLine: {'line': b'   56 |         virtual void onDecodingError(int errMsg, _u8 ansType, \x1b[01;35m\x1b[Kconst void* payload\x1b[m\x1b[K, size_t size) {}\n'}
[38.884998] (sllidar_ros2) StderrLine: {'line': b'      |                                                               \x1b[01;35m\x1b[K~~~~~~~~~~~~^~~~~~~\x1b[m\x1b[K\n'}
[38.885866] (sllidar_ros2) StderrLine: {'line': b'\x1b[01m\x1b[K/home/arno/RoombaV2Onboard/src/sllidar_ros2/sdk/src/dataunpacker/unpacker/../dataunpacker.h:56:91:\x1b[m\x1b[K \x1b[01;35m\x1b[Kwarning: \x1b[m\x1b[Kunused parameter \xe2\x80\x98\x1b[01m\x1b[Ksize\x1b[m\x1b[K\xe2\x80\x99 [\x1b[01;35m\x1b[K\x1b]8;;https://gcc.gnu.org/onlinedocs/gcc/Warning-Options.html#index-Wunused-parameter\x07-Wunused-parameter\x1b]8;;\x07\x1b[m\x1b[K]\n'}
[38.886672] (sllidar_ros2) StderrLine: {'line': b'   56 |         virtual void onDecodingError(int errMsg, _u8 ansType, const void* payload, \x1b[01;35m\x1b[Ksize_t size\x1b[m\x1b[K) {}\n'}
[38.897615] (sllidar_ros2) StderrLine: {'line': b'      |                                                                                    \x1b[01;35m\x1b[K~~~~~~~^~~~\x1b[m\x1b[K\n'}
[38.898366] (sllidar_ros2) StderrLine: {'line': b'\x1b[01m\x1b[K/home/arno/RoombaV2Onboard/src/sllidar_ros2/sdk/src/dataunpacker/unpacker/handler_capsules.cpp:\x1b[m\x1b[K In member function \xe2\x80\x98\x1b[01m\x1b[Kvoid sl::internal::unpacker::UnpackerHandler_DenseCapsuleNode::_onScanNodeDenseCapsuleData(rplidar_response_dense_capsule_measurement_nodes_t&, sl::internal::LIDARSampleDataUnpackerInner*)\x1b[m\x1b[K\xe2\x80\x99:\n'}
[38.899163] (sllidar_ros2) StderrLine: {'line': b'\x1b[01m\x1b[K/home/arno/RoombaV2Onboard/src/sllidar_ros2/sdk/src/dataunpacker/unpacker/handler_capsules.cpp:763:30:\x1b[m\x1b[K \x1b[01;35m\x1b[Kwarning: \x1b[m\x1b[Ktype qualifiers ignored on cast result type [\x1b[01;35m\x1b[K\x1b]8;;https://gcc.gnu.org/onlinedocs/gcc/Warning-Options.html#index-Wignored-qualifiers\x07-Wignored-qualifiers\x1b]8;;\x07\x1b[m\x1b[K]\n'}
[38.899985] (sllidar_ros2) StderrLine: {'line': b'  763 |             const int dist = \x1b[01;35m\x1b[Kstatic_cast<const int>(_cached_previous_dense_capsuledata.cabins[pos].distance)\x1b[m\x1b[K;\n'}
[38.909038] (sllidar_ros2) StderrLine: {'line': b'      |                              \x1b[01;35m\x1b[K^~~~~~~~~~~~~~~~~~~~~~~~~~~~~~~~~~~~~~~~~~~~~~~~~~~~~~~~~~~~~~~~~~~~~~~~~~~~~~~\x1b[m\x1b[K\n'}
[38.914289] (-) TimerEvent: {}
[39.015359] (-) TimerEvent: {}
[39.116421] (-) TimerEvent: {}
[39.217470] (-) TimerEvent: {}
[39.318412] (-) TimerEvent: {}
[39.419526] (-) TimerEvent: {}
[39.520648] (-) TimerEvent: {}
[39.621713] (-) TimerEvent: {}
[39.722684] (-) TimerEvent: {}
[39.823702] (-) TimerEvent: {}
[39.888177] (sllidar_ros2) StdoutLine: {'line': b'[ 45%] \x1b[32mBuilding CXX object CMakeFiles/sllidar_node.dir/sdk/src/dataunpacker/unpacker/handler_normalnode.cpp.o\x1b[0m\n'}
[39.923927] (-) TimerEvent: {}
[40.025768] (-) TimerEvent: {}
[40.127477] (-) TimerEvent: {}
[40.229323] (-) TimerEvent: {}
[40.331177] (-) TimerEvent: {}
[40.433215] (-) TimerEvent: {}
[40.535084] (-) TimerEvent: {}
[40.636911] (-) TimerEvent: {}
[40.738573] (-) TimerEvent: {}
[40.840228] (-) TimerEvent: {}
[40.941944] (-) TimerEvent: {}
[41.043871] (-) TimerEvent: {}
[41.146004] (-) TimerEvent: {}
[41.247620] (-) TimerEvent: {}
[41.349562] (-) TimerEvent: {}
[41.451785] (-) TimerEvent: {}
[41.529222] (sllidar_ros2) StderrLine: {'line': b'In file included from \x1b[01m\x1b[K/home/arno/RoombaV2Onboard/src/sllidar_ros2/./sdk/include/rplidar_protocol.h:36\x1b[m\x1b[K,\n'}
[41.530443] (sllidar_ros2) StderrLine: {'line': b'                 from \x1b[01m\x1b[K/home/arno/RoombaV2Onboard/src/sllidar_ros2/./sdk/include/rplidar.h:39\x1b[m\x1b[K,\n'}
[41.531621] (sllidar_ros2) StderrLine: {'line': b'                 from \x1b[01m\x1b[K/home/arno/RoombaV2Onboard/src/sllidar_ros2/./sdk/src/sdkcommon.h:49\x1b[m\x1b[K,\n'}
[41.532690] (sllidar_ros2) StderrLine: {'line': b'                 from \x1b[01m\x1b[K/home/arno/RoombaV2Onboard/src/sllidar_ros2/sdk/src/dataunpacker/unpacker/../dataunnpacker_commondef.h:41\x1b[m\x1b[K,\n'}
[41.533889] (sllidar_ros2) StderrLine: {'line': b'                 from \x1b[01m\x1b[K/home/arno/RoombaV2Onboard/src/sllidar_ros2/sdk/src/dataunpacker/unpacker/handler_hqnode.cpp:39\x1b[m\x1b[K:\n'}
[41.534977] (sllidar_ros2) StderrLine: {'line': b'\x1b[01m\x1b[K/home/arno/RoombaV2Onboard/src/sllidar_ros2/./sdk/include/sl_lidar_protocol.h:66:16:\x1b[m\x1b[K \x1b[01;35m\x1b[Kwarning: \x1b[m\x1b[KISO C++ forbids zero-size array \xe2\x80\x98\x1b[01m\x1b[Kdata\x1b[m\x1b[K\xe2\x80\x99 [\x1b[01;35m\x1b[K\x1b]8;;https://gcc.gnu.org/onlinedocs/gcc/Warning-Options.html#index-Wpedantic\x07-Wpedantic\x1b]8;;\x07\x1b[m\x1b[K]\n'}
[41.536014] (sllidar_ros2) StderrLine: {'line': b'   66 |     sl_u8 data[\x1b[01;35m\x1b[K0\x1b[m\x1b[K];\n'}
[41.537067] (sllidar_ros2) StderrLine: {'line': b'      |                \x1b[01;35m\x1b[K^\x1b[m\x1b[K\n'}
[41.540396] (sllidar_ros2) StderrLine: {'line': b'In file included from \x1b[01m\x1b[K/home/arno/RoombaV2Onboard/src/sllidar_ros2/./sdk/include/rplidar_cmd.h:36\x1b[m\x1b[K,\n'}
[41.541563] (sllidar_ros2) StderrLine: {'line': b'                 from \x1b[01m\x1b[K/home/arno/RoombaV2Onboard/src/sllidar_ros2/./sdk/include/rplidar.h:40\x1b[m\x1b[K,\n'}
[41.542666] (sllidar_ros2) StderrLine: {'line': b'                 from \x1b[01m\x1b[K/home/arno/RoombaV2Onboard/src/sllidar_ros2/./sdk/src/sdkcommon.h:49\x1b[m\x1b[K,\n'}
[41.543700] (sllidar_ros2) StderrLine: {'line': b'                 from \x1b[01m\x1b[K/home/arno/RoombaV2Onboard/src/sllidar_ros2/sdk/src/dataunpacker/unpacker/../dataunnpacker_commondef.h:41\x1b[m\x1b[K,\n'}
[41.544839] (sllidar_ros2) StderrLine: {'line': b'                 from \x1b[01m\x1b[K/home/arno/RoombaV2Onboard/src/sllidar_ros2/sdk/src/dataunpacker/unpacker/handler_hqnode.cpp:39\x1b[m\x1b[K:\n'}
[41.546111] (sllidar_ros2) StderrLine: {'line': b'\x1b[01m\x1b[K/home/arno/RoombaV2Onboard/src/sllidar_ros2/./sdk/include/sl_lidar_cmd.h:324:20:\x1b[m\x1b[K \x1b[01;35m\x1b[Kwarning: \x1b[m\x1b[KISO C++ forbids zero-size array \xe2\x80\x98\x1b[01m\x1b[Kpayload\x1b[m\x1b[K\xe2\x80\x99 [\x1b[01;35m\x1b[K\x1b]8;;https://gcc.gnu.org/onlinedocs/gcc/Warning-Options.html#index-Wpedantic\x07-Wpedantic\x1b]8;;\x07\x1b[m\x1b[K]\n'}
[41.547116] (sllidar_ros2) StderrLine: {'line': b'  324 |     sl_u8  payload[\x1b[01;35m\x1b[K0\x1b[m\x1b[K];\n'}
[41.551996] (-) TimerEvent: {}
[41.561484] (sllidar_ros2) StderrLine: {'line': b'      |                    \x1b[01;35m\x1b[K^\x1b[m\x1b[K\n'}
[41.652285] (-) TimerEvent: {}
[41.753958] (-) TimerEvent: {}
[41.855701] (-) TimerEvent: {}
[41.957470] (-) TimerEvent: {}
[42.059190] (-) TimerEvent: {}
[42.160886] (-) TimerEvent: {}
[42.262517] (-) TimerEvent: {}
[42.364253] (-) TimerEvent: {}
[42.465973] (-) TimerEvent: {}
[42.567775] (-) TimerEvent: {}
[42.669504] (-) TimerEvent: {}
[42.771271] (-) TimerEvent: {}
[42.873031] (-) TimerEvent: {}
[42.974867] (-) TimerEvent: {}
[43.076600] (-) TimerEvent: {}
[43.114572] (sllidar_ros2) StderrLine: {'line': b'In file included from \x1b[01m\x1b[K/home/arno/RoombaV2Onboard/src/sllidar_ros2/./sdk/include/rplidar_protocol.h:36\x1b[m\x1b[K,\n'}
[43.115448] (sllidar_ros2) StderrLine: {'line': b'                 from \x1b[01m\x1b[K/home/arno/RoombaV2Onboard/src/sllidar_ros2/./sdk/include/rplidar.h:39\x1b[m\x1b[K,\n'}
[43.116273] (sllidar_ros2) StderrLine: {'line': b'                 from \x1b[01m\x1b[K/home/arno/RoombaV2Onboard/src/sllidar_ros2/./sdk/src/sdkcommon.h:49\x1b[m\x1b[K,\n'}
[43.117848] (sllidar_ros2) StderrLine: {'line': b'                 from \x1b[01m\x1b[K/home/arno/RoombaV2Onboard/src/sllidar_ros2/sdk/src/dataunpacker/unpacker/../dataunnpacker_commondef.h:41\x1b[m\x1b[K,\n'}
[43.118860] (sllidar_ros2) StderrLine: {'line': b'                 from \x1b[01m\x1b[K/home/arno/RoombaV2Onboard/src/sllidar_ros2/sdk/src/dataunpacker/unpacker/handler_normalnode.cpp:39\x1b[m\x1b[K:\n'}
[43.119861] (sllidar_ros2) StderrLine: {'line': b'\x1b[01m\x1b[K/home/arno/RoombaV2Onboard/src/sllidar_ros2/./sdk/include/sl_lidar_protocol.h:66:16:\x1b[m\x1b[K \x1b[01;35m\x1b[Kwarning: \x1b[m\x1b[KISO C++ forbids zero-size array \xe2\x80\x98\x1b[01m\x1b[Kdata\x1b[m\x1b[K\xe2\x80\x99 [\x1b[01;35m\x1b[K\x1b]8;;https://gcc.gnu.org/onlinedocs/gcc/Warning-Options.html#index-Wpedantic\x07-Wpedantic\x1b]8;;\x07\x1b[m\x1b[K]\n'}
[43.121106] (sllidar_ros2) StderrLine: {'line': b'   66 |     sl_u8 data[\x1b[01;35m\x1b[K0\x1b[m\x1b[K];\n'}
[43.122173] (sllidar_ros2) StderrLine: {'line': b'      |                \x1b[01;35m\x1b[K^\x1b[m\x1b[K\n'}
[43.123088] (sllidar_ros2) StderrLine: {'line': b'In file included from \x1b[01m\x1b[K/home/arno/RoombaV2Onboard/src/sllidar_ros2/./sdk/include/rplidar_cmd.h:36\x1b[m\x1b[K,\n'}
[43.124084] (sllidar_ros2) StderrLine: {'line': b'                 from \x1b[01m\x1b[K/home/arno/RoombaV2Onboard/src/sllidar_ros2/./sdk/include/rplidar.h:40\x1b[m\x1b[K,\n'}
[43.141305] (sllidar_ros2) StderrLine: {'line': b'                 from \x1b[01m\x1b[K/home/arno/RoombaV2Onboard/src/sllidar_ros2/./sdk/src/sdkcommon.h:49\x1b[m\x1b[K,\n'}
[43.142315] (sllidar_ros2) StderrLine: {'line': b'                 from \x1b[01m\x1b[K/home/arno/RoombaV2Onboard/src/sllidar_ros2/sdk/src/dataunpacker/unpacker/../dataunnpacker_commondef.h:41\x1b[m\x1b[K,\n'}
[43.143255] (sllidar_ros2) StderrLine: {'line': b'                 from \x1b[01m\x1b[K/home/arno/RoombaV2Onboard/src/sllidar_ros2/sdk/src/dataunpacker/unpacker/handler_normalnode.cpp:39\x1b[m\x1b[K:\n'}
[43.144178] (sllidar_ros2) StderrLine: {'line': b'\x1b[01m\x1b[K/home/arno/RoombaV2Onboard/src/sllidar_ros2/./sdk/include/sl_lidar_cmd.h:324:20:\x1b[m\x1b[K \x1b[01;35m\x1b[Kwarning: \x1b[m\x1b[KISO C++ forbids zero-size array \xe2\x80\x98\x1b[01m\x1b[Kpayload\x1b[m\x1b[K\xe2\x80\x99 [\x1b[01;35m\x1b[K\x1b]8;;https://gcc.gnu.org/onlinedocs/gcc/Warning-Options.html#index-Wpedantic\x07-Wpedantic\x1b]8;;\x07\x1b[m\x1b[K]\n'}
[43.145146] (sllidar_ros2) StderrLine: {'line': b'  324 |     sl_u8  payload[\x1b[01;35m\x1b[K0\x1b[m\x1b[K];\n'}
[43.145945] (sllidar_ros2) StderrLine: {'line': b'      |                    \x1b[01;35m\x1b[K^\x1b[m\x1b[K\n'}
[43.176892] (-) TimerEvent: {}
[43.278868] (-) TimerEvent: {}
[43.381278] (-) TimerEvent: {}
[43.482896] (-) TimerEvent: {}
[43.584821] (-) TimerEvent: {}
[43.686541] (-) TimerEvent: {}
[43.787559] (-) TimerEvent: {}
[43.820541] (sllidar_ros2) StderrLine: {'line': b'In file included from \x1b[01m\x1b[K/home/arno/RoombaV2Onboard/src/sllidar_ros2/sdk/src/dataunpacker/unpacker/handler_hqnode.cpp:40\x1b[m\x1b[K:\n'}
[43.822150] (sllidar_ros2) StderrLine: {'line': b'\x1b[01m\x1b[K/home/arno/RoombaV2Onboard/src/sllidar_ros2/sdk/src/dataunpacker/unpacker/../dataunpacker.h:\x1b[m\x1b[K In member function \xe2\x80\x98\x1b[01m\x1b[Kvirtual void sl::internal::LIDARSampleDataListener::onCustomSampleDataDecoded(_u8, _u32, const void*, size_t)\x1b[m\x1b[K\xe2\x80\x99:\n'}
[43.823410] (sllidar_ros2) StderrLine: {'line': b'\x1b[01m\x1b[K/home/arno/RoombaV2Onboard/src/sllidar_ros2/sdk/src/dataunpacker/unpacker/../dataunpacker.h:54:52:\x1b[m\x1b[K \x1b[01;35m\x1b[Kwarning: \x1b[m\x1b[Kunused parameter \xe2\x80\x98\x1b[01m\x1b[KansType\x1b[m\x1b[K\xe2\x80\x99 [\x1b[01;35m\x1b[K\x1b]8;;https://gcc.gnu.org/onlinedocs/gcc/Warning-Options.html#index-Wunused-parameter\x07-Wunused-parameter\x1b]8;;\x07\x1b[m\x1b[K]\n'}
[43.824725] (sllidar_ros2) StderrLine: {'line': b'   54 |         virtual void onCustomSampleDataDecoded(\x1b[01;35m\x1b[K_u8 ansType\x1b[m\x1b[K, _u32 customCode, const void* data, size_t size) {}\n'}
[43.826060] (sllidar_ros2) StderrLine: {'line': b'      |                                                \x1b[01;35m\x1b[K~~~~^~~~~~~\x1b[m\x1b[K\n'}
[43.827558] (sllidar_ros2) StderrLine: {'line': b'\x1b[01m\x1b[K/home/arno/RoombaV2Onboard/src/sllidar_ros2/sdk/src/dataunpacker/unpacker/../dataunpacker.h:54:66:\x1b[m\x1b[K \x1b[01;35m\x1b[Kwarning: \x1b[m\x1b[Kunused parameter \xe2\x80\x98\x1b[01m\x1b[KcustomCode\x1b[m\x1b[K\xe2\x80\x99 [\x1b[01;35m\x1b[K\x1b]8;;https://gcc.gnu.org/onlinedocs/gcc/Warning-Options.html#index-Wunused-parameter\x07-Wunused-parameter\x1b]8;;\x07\x1b[m\x1b[K]\n'}
[43.828968] (sllidar_ros2) StderrLine: {'line': b'   54 |         virtual void onCustomSampleDataDecoded(_u8 ansType, \x1b[01;35m\x1b[K_u32 customCode\x1b[m\x1b[K, const void* data, size_t size) {}\n'}
[43.830328] (sllidar_ros2) StderrLine: {'line': b'      |                                                             \x1b[01;35m\x1b[K~~~~~^~~~~~~~~~\x1b[m\x1b[K\n'}
[43.831782] (sllidar_ros2) StderrLine: {'line': b'\x1b[01m\x1b[K/home/arno/RoombaV2Onboard/src/sllidar_ros2/sdk/src/dataunpacker/unpacker/../dataunpacker.h:54:90:\x1b[m\x1b[K \x1b[01;35m\x1b[Kwarning: \x1b[m\x1b[Kunused parameter \xe2\x80\x98\x1b[01m\x1b[Kdata\x1b[m\x1b[K\xe2\x80\x99 [\x1b[01;35m\x1b[K\x1b]8;;https://gcc.gnu.org/onlinedocs/gcc/Warning-Options.html#index-Wunused-parameter\x07-Wunused-parameter\x1b]8;;\x07\x1b[m\x1b[K]\n'}
[43.833169] (sllidar_ros2) StderrLine: {'line': b'   54 |         virtual void onCustomSampleDataDecoded(_u8 ansType, _u32 customCode, \x1b[01;35m\x1b[Kconst void* data\x1b[m\x1b[K, size_t size) {}\n'}
[43.834550] (sllidar_ros2) StderrLine: {'line': b'      |                                                                              \x1b[01;35m\x1b[K~~~~~~~~~~~~^~~~\x1b[m\x1b[K\n'}
[43.837829] (sllidar_ros2) StderrLine: {'line': b'\x1b[01m\x1b[K/home/arno/RoombaV2Onboard/src/sllidar_ros2/sdk/src/dataunpacker/unpacker/../dataunpacker.h:54:103:\x1b[m\x1b[K \x1b[01;35m\x1b[Kwarning: \x1b[m\x1b[Kunused parameter \xe2\x80\x98\x1b[01m\x1b[Ksize\x1b[m\x1b[K\xe2\x80\x99 [\x1b[01;35m\x1b[K\x1b]8;;https://gcc.gnu.org/onlinedocs/gcc/Warning-Options.html#index-Wunused-parameter\x07-Wunused-parameter\x1b]8;;\x07\x1b[m\x1b[K]\n'}
[43.838895] (sllidar_ros2) StderrLine: {'line': b'   54 |         virtual void onCustomSampleDataDecoded(_u8 ansType, _u32 customCode, const void* data, \x1b[01;35m\x1b[Ksize_t size\x1b[m\x1b[K) {}\n'}
[43.839663] (sllidar_ros2) StderrLine: {'line': b'      |                                                                                                \x1b[01;35m\x1b[K~~~~~~~^~~~\x1b[m\x1b[K\n'}
[43.840354] (sllidar_ros2) StderrLine: {'line': b'\x1b[01m\x1b[K/home/arno/RoombaV2Onboard/src/sllidar_ros2/sdk/src/dataunpacker/unpacker/../dataunpacker.h:\x1b[m\x1b[K In member function \xe2\x80\x98\x1b[01m\x1b[Kvirtual void sl::internal::LIDARSampleDataListener::onDecodingError(int, _u8, const void*, size_t)\x1b[m\x1b[K\xe2\x80\x99:\n'}
[43.841206] (sllidar_ros2) StderrLine: {'line': b'\x1b[01m\x1b[K/home/arno/RoombaV2Onboard/src/sllidar_ros2/sdk/src/dataunpacker/unpacker/../dataunpacker.h:56:42:\x1b[m\x1b[K \x1b[01;35m\x1b[Kwarning: \x1b[m\x1b[Kunused parameter \xe2\x80\x98\x1b[01m\x1b[KerrMsg\x1b[m\x1b[K\xe2\x80\x99 [\x1b[01;35m\x1b[K\x1b]8;;https://gcc.gnu.org/onlinedocs/gcc/Warning-Options.html#index-Wunused-parameter\x07-Wunused-parameter\x1b]8;;\x07\x1b[m\x1b[K]\n'}
[43.841913] (sllidar_ros2) StderrLine: {'line': b'   56 |         virtual void onDecodingError(\x1b[01;35m\x1b[Kint errMsg\x1b[m\x1b[K, _u8 ansType, const void* payload, size_t size) {}\n'}
[43.860969] (sllidar_ros2) StderrLine: {'line': b'      |                                      \x1b[01;35m\x1b[K~~~~^~~~~~\x1b[m\x1b[K\n'}
[43.861870] (sllidar_ros2) StderrLine: {'line': b'\x1b[01m\x1b[K/home/arno/RoombaV2Onboard/src/sllidar_ros2/sdk/src/dataunpacker/unpacker/../dataunpacker.h:56:54:\x1b[m\x1b[K \x1b[01;35m\x1b[Kwarning: \x1b[m\x1b[Kunused parameter \xe2\x80\x98\x1b[01m\x1b[KansType\x1b[m\x1b[K\xe2\x80\x99 [\x1b[01;35m\x1b[K\x1b]8;;https://gcc.gnu.org/onlinedocs/gcc/Warning-Options.html#index-Wunused-parameter\x07-Wunused-parameter\x1b]8;;\x07\x1b[m\x1b[K]\n'}
[43.862674] (sllidar_ros2) StderrLine: {'line': b'   56 |         virtual void onDecodingError(int errMsg, \x1b[01;35m\x1b[K_u8 ansType\x1b[m\x1b[K, const void* payload, size_t size) {}\n'}
[43.863542] (sllidar_ros2) StderrLine: {'line': b'      |                                                  \x1b[01;35m\x1b[K~~~~^~~~~~~\x1b[m\x1b[K\n'}
[43.864313] (sllidar_ros2) StderrLine: {'line': b'\x1b[01m\x1b[K/home/arno/RoombaV2Onboard/src/sllidar_ros2/sdk/src/dataunpacker/unpacker/../dataunpacker.h:56:75:\x1b[m\x1b[K \x1b[01;35m\x1b[Kwarning: \x1b[m\x1b[Kunused parameter \xe2\x80\x98\x1b[01m\x1b[Kpayload\x1b[m\x1b[K\xe2\x80\x99 [\x1b[01;35m\x1b[K\x1b]8;;https://gcc.gnu.org/onlinedocs/gcc/Warning-Options.html#index-Wunused-parameter\x07-Wunused-parameter\x1b]8;;\x07\x1b[m\x1b[K]\n'}
[43.865315] (sllidar_ros2) StderrLine: {'line': b'   56 |         virtual void onDecodingError(int errMsg, _u8 ansType, \x1b[01;35m\x1b[Kconst void* payload\x1b[m\x1b[K, size_t size) {}\n'}
[43.866060] (sllidar_ros2) StderrLine: {'line': b'      |                                                               \x1b[01;35m\x1b[K~~~~~~~~~~~~^~~~~~~\x1b[m\x1b[K\n'}
[43.866868] (sllidar_ros2) StderrLine: {'line': b'\x1b[01m\x1b[K/home/arno/RoombaV2Onboard/src/sllidar_ros2/sdk/src/dataunpacker/unpacker/../dataunpacker.h:56:91:\x1b[m\x1b[K \x1b[01;35m\x1b[Kwarning: \x1b[m\x1b[Kunused parameter \xe2\x80\x98\x1b[01m\x1b[Ksize\x1b[m\x1b[K\xe2\x80\x99 [\x1b[01;35m\x1b[K\x1b]8;;https://gcc.gnu.org/onlinedocs/gcc/Warning-Options.html#index-Wunused-parameter\x07-Wunused-parameter\x1b]8;;\x07\x1b[m\x1b[K]\n'}
[43.867626] (sllidar_ros2) StderrLine: {'line': b'   56 |         virtual void onDecodingError(int errMsg, _u8 ansType, const void* payload, \x1b[01;35m\x1b[Ksize_t size\x1b[m\x1b[K) {}\n'}
[43.868336] (sllidar_ros2) StderrLine: {'line': b'      |                                                                                    \x1b[01;35m\x1b[K~~~~~~~^~~~\x1b[m\x1b[K\n'}
[43.887813] (-) TimerEvent: {}
[43.988923] (-) TimerEvent: {}
[44.089936] (-) TimerEvent: {}
[44.191150] (-) TimerEvent: {}
[44.230483] (sllidar_ros2) StderrLine: {'line': b'In file included from \x1b[01m\x1b[K/home/arno/RoombaV2Onboard/src/sllidar_ros2/sdk/src/dataunpacker/unpacker/handler_normalnode.cpp:40\x1b[m\x1b[K:\n'}
[44.231408] (sllidar_ros2) StderrLine: {'line': b'\x1b[01m\x1b[K/home/arno/RoombaV2Onboard/src/sllidar_ros2/sdk/src/dataunpacker/unpacker/../dataunpacker.h:\x1b[m\x1b[K In member function \xe2\x80\x98\x1b[01m\x1b[Kvirtual void sl::internal::LIDARSampleDataListener::onCustomSampleDataDecoded(_u8, _u32, const void*, size_t)\x1b[m\x1b[K\xe2\x80\x99:\n'}
[44.232277] (sllidar_ros2) StderrLine: {'line': b'\x1b[01m\x1b[K/home/arno/RoombaV2Onboard/src/sllidar_ros2/sdk/src/dataunpacker/unpacker/../dataunpacker.h:54:52:\x1b[m\x1b[K \x1b[01;35m\x1b[Kwarning: \x1b[m\x1b[Kunused parameter \xe2\x80\x98\x1b[01m\x1b[KansType\x1b[m\x1b[K\xe2\x80\x99 [\x1b[01;35m\x1b[K\x1b]8;;https://gcc.gnu.org/onlinedocs/gcc/Warning-Options.html#index-Wunused-parameter\x07-Wunused-parameter\x1b]8;;\x07\x1b[m\x1b[K]\n'}
[44.233149] (sllidar_ros2) StderrLine: {'line': b'   54 |         virtual void onCustomSampleDataDecoded(\x1b[01;35m\x1b[K_u8 ansType\x1b[m\x1b[K, _u32 customCode, const void* data, size_t size) {}\n'}
[44.233947] (sllidar_ros2) StderrLine: {'line': b'      |                                                \x1b[01;35m\x1b[K~~~~^~~~~~~\x1b[m\x1b[K\n'}
[44.234718] (sllidar_ros2) StderrLine: {'line': b'\x1b[01m\x1b[K/home/arno/RoombaV2Onboard/src/sllidar_ros2/sdk/src/dataunpacker/unpacker/../dataunpacker.h:54:66:\x1b[m\x1b[K \x1b[01;35m\x1b[Kwarning: \x1b[m\x1b[Kunused parameter \xe2\x80\x98\x1b[01m\x1b[KcustomCode\x1b[m\x1b[K\xe2\x80\x99 [\x1b[01;35m\x1b[K\x1b]8;;https://gcc.gnu.org/onlinedocs/gcc/Warning-Options.html#index-Wunused-parameter\x07-Wunused-parameter\x1b]8;;\x07\x1b[m\x1b[K]\n'}
[44.235571] (sllidar_ros2) StderrLine: {'line': b'   54 |         virtual void onCustomSampleDataDecoded(_u8 ansType, \x1b[01;35m\x1b[K_u32 customCode\x1b[m\x1b[K, const void* data, size_t size) {}\n'}
[44.236371] (sllidar_ros2) StderrLine: {'line': b'      |                                                             \x1b[01;35m\x1b[K~~~~~^~~~~~~~~~\x1b[m\x1b[K\n'}
[44.237281] (sllidar_ros2) StderrLine: {'line': b'\x1b[01m\x1b[K/home/arno/RoombaV2Onboard/src/sllidar_ros2/sdk/src/dataunpacker/unpacker/../dataunpacker.h:54:90:\x1b[m\x1b[K \x1b[01;35m\x1b[Kwarning: \x1b[m\x1b[Kunused parameter \xe2\x80\x98\x1b[01m\x1b[Kdata\x1b[m\x1b[K\xe2\x80\x99 [\x1b[01;35m\x1b[K\x1b]8;;https://gcc.gnu.org/onlinedocs/gcc/Warning-Options.html#index-Wunused-parameter\x07-Wunused-parameter\x1b]8;;\x07\x1b[m\x1b[K]\n'}
[44.238088] (sllidar_ros2) StderrLine: {'line': b'   54 |         virtual void onCustomSampleDataDecoded(_u8 ansType, _u32 customCode, \x1b[01;35m\x1b[Kconst void* data\x1b[m\x1b[K, size_t size) {}\n'}
[44.238837] (sllidar_ros2) StderrLine: {'line': b'      |                                                                              \x1b[01;35m\x1b[K~~~~~~~~~~~~^~~~\x1b[m\x1b[K\n'}
[44.239581] (sllidar_ros2) StderrLine: {'line': b'\x1b[01m\x1b[K/home/arno/RoombaV2Onboard/src/sllidar_ros2/sdk/src/dataunpacker/unpacker/../dataunpacker.h:54:103:\x1b[m\x1b[K \x1b[01;35m\x1b[Kwarning: \x1b[m\x1b[Kunused parameter \xe2\x80\x98\x1b[01m\x1b[Ksize\x1b[m\x1b[K\xe2\x80\x99 [\x1b[01;35m\x1b[K\x1b]8;;https://gcc.gnu.org/onlinedocs/gcc/Warning-Options.html#index-Wunused-parameter\x07-Wunused-parameter\x1b]8;;\x07\x1b[m\x1b[K]\n'}
[44.240269] (sllidar_ros2) StderrLine: {'line': b'   54 |         virtual void onCustomSampleDataDecoded(_u8 ansType, _u32 customCode, const void* data, \x1b[01;35m\x1b[Ksize_t size\x1b[m\x1b[K) {}\n'}
[44.257269] (sllidar_ros2) StderrLine: {'line': b'      |                                                                                                \x1b[01;35m\x1b[K~~~~~~~^~~~\x1b[m\x1b[K\n'}
[44.258158] (sllidar_ros2) StderrLine: {'line': b'\x1b[01m\x1b[K/home/arno/RoombaV2Onboard/src/sllidar_ros2/sdk/src/dataunpacker/unpacker/../dataunpacker.h:\x1b[m\x1b[K In member function \xe2\x80\x98\x1b[01m\x1b[Kvirtual void sl::internal::LIDARSampleDataListener::onDecodingError(int, _u8, const void*, size_t)\x1b[m\x1b[K\xe2\x80\x99:\n'}
[44.258961] (sllidar_ros2) StderrLine: {'line': b'\x1b[01m\x1b[K/home/arno/RoombaV2Onboard/src/sllidar_ros2/sdk/src/dataunpacker/unpacker/../dataunpacker.h:56:42:\x1b[m\x1b[K \x1b[01;35m\x1b[Kwarning: \x1b[m\x1b[Kunused parameter \xe2\x80\x98\x1b[01m\x1b[KerrMsg\x1b[m\x1b[K\xe2\x80\x99 [\x1b[01;35m\x1b[K\x1b]8;;https://gcc.gnu.org/onlinedocs/gcc/Warning-Options.html#index-Wunused-parameter\x07-Wunused-parameter\x1b]8;;\x07\x1b[m\x1b[K]\n'}
[44.259875] (sllidar_ros2) StderrLine: {'line': b'   56 |         virtual void onDecodingError(\x1b[01;35m\x1b[Kint errMsg\x1b[m\x1b[K, _u8 ansType, const void* payload, size_t size) {}\n'}
[44.260638] (sllidar_ros2) StderrLine: {'line': b'      |                                      \x1b[01;35m\x1b[K~~~~^~~~~~\x1b[m\x1b[K\n'}
[44.261464] (sllidar_ros2) StderrLine: {'line': b'\x1b[01m\x1b[K/home/arno/RoombaV2Onboard/src/sllidar_ros2/sdk/src/dataunpacker/unpacker/../dataunpacker.h:56:54:\x1b[m\x1b[K \x1b[01;35m\x1b[Kwarning: \x1b[m\x1b[Kunused parameter \xe2\x80\x98\x1b[01m\x1b[KansType\x1b[m\x1b[K\xe2\x80\x99 [\x1b[01;35m\x1b[K\x1b]8;;https://gcc.gnu.org/onlinedocs/gcc/Warning-Options.html#index-Wunused-parameter\x07-Wunused-parameter\x1b]8;;\x07\x1b[m\x1b[K]\n'}
[44.262239] (sllidar_ros2) StderrLine: {'line': b'   56 |         virtual void onDecodingError(int errMsg, \x1b[01;35m\x1b[K_u8 ansType\x1b[m\x1b[K, const void* payload, size_t size) {}\n'}
[44.262994] (sllidar_ros2) StderrLine: {'line': b'      |                                                  \x1b[01;35m\x1b[K~~~~^~~~~~~\x1b[m\x1b[K\n'}
[44.263755] (sllidar_ros2) StderrLine: {'line': b'\x1b[01m\x1b[K/home/arno/RoombaV2Onboard/src/sllidar_ros2/sdk/src/dataunpacker/unpacker/../dataunpacker.h:56:75:\x1b[m\x1b[K \x1b[01;35m\x1b[Kwarning: \x1b[m\x1b[Kunused parameter \xe2\x80\x98\x1b[01m\x1b[Kpayload\x1b[m\x1b[K\xe2\x80\x99 [\x1b[01;35m\x1b[K\x1b]8;;https://gcc.gnu.org/onlinedocs/gcc/Warning-Options.html#index-Wunused-parameter\x07-Wunused-parameter\x1b]8;;\x07\x1b[m\x1b[K]\n'}
[44.264644] (sllidar_ros2) StderrLine: {'line': b'   56 |         virtual void onDecodingError(int errMsg, _u8 ansType, \x1b[01;35m\x1b[Kconst void* payload\x1b[m\x1b[K, size_t size) {}\n'}
[44.281733] (sllidar_ros2) StderrLine: {'line': b'      |                                                               \x1b[01;35m\x1b[K~~~~~~~~~~~~^~~~~~~\x1b[m\x1b[K\n'}
[44.282529] (sllidar_ros2) StderrLine: {'line': b'\x1b[01m\x1b[K/home/arno/RoombaV2Onboard/src/sllidar_ros2/sdk/src/dataunpacker/unpacker/../dataunpacker.h:56:91:\x1b[m\x1b[K \x1b[01;35m\x1b[Kwarning: \x1b[m\x1b[Kunused parameter \xe2\x80\x98\x1b[01m\x1b[Ksize\x1b[m\x1b[K\xe2\x80\x99 [\x1b[01;35m\x1b[K\x1b]8;;https://gcc.gnu.org/onlinedocs/gcc/Warning-Options.html#index-Wunused-parameter\x07-Wunused-parameter\x1b]8;;\x07\x1b[m\x1b[K]\n'}
[44.283342] (sllidar_ros2) StderrLine: {'line': b'   56 |         virtual void onDecodingError(int errMsg, _u8 ansType, const void* payload, \x1b[01;35m\x1b[Ksize_t size\x1b[m\x1b[K) {}\n'}
[44.284123] (sllidar_ros2) StderrLine: {'line': b'      |                                                                                    \x1b[01;35m\x1b[K~~~~~~~^~~~\x1b[m\x1b[K\n'}
[44.291435] (-) TimerEvent: {}
[44.392455] (-) TimerEvent: {}
[44.493546] (-) TimerEvent: {}
[44.594927] (-) TimerEvent: {}
[44.696616] (-) TimerEvent: {}
[44.797884] (-) TimerEvent: {}
[44.899142] (-) TimerEvent: {}
[45.000971] (-) TimerEvent: {}
[45.022522] (sllidar_ros2) StdoutLine: {'line': b'[ 50%] \x1b[32mBuilding CXX object CMakeFiles/sllidar_node.dir/sdk/src/hal/thread.cpp.o\x1b[0m\n'}
[45.101214] (-) TimerEvent: {}
[45.182461] (sllidar_ros2) StdoutLine: {'line': b'[ 55%] \x1b[32mBuilding CXX object CMakeFiles/sllidar_node.dir/sdk/src/rplidar_driver.cpp.o\x1b[0m\n'}
[45.201426] (-) TimerEvent: {}
[45.302499] (-) TimerEvent: {}
[45.404086] (-) TimerEvent: {}
[45.505527] (-) TimerEvent: {}
[45.607211] (-) TimerEvent: {}
[45.708628] (-) TimerEvent: {}
[45.810658] (-) TimerEvent: {}
[45.912436] (-) TimerEvent: {}
[46.013995] (-) TimerEvent: {}
[46.116406] (-) TimerEvent: {}
[46.218059] (-) TimerEvent: {}
[46.319650] (-) TimerEvent: {}
[46.420639] (-) TimerEvent: {}
[46.521629] (-) TimerEvent: {}
[46.623483] (-) TimerEvent: {}
[46.725452] (-) TimerEvent: {}
[46.827515] (-) TimerEvent: {}
[46.929646] (-) TimerEvent: {}
[47.031179] (-) TimerEvent: {}
[47.132978] (-) TimerEvent: {}
[47.146738] (sllidar_ros2) StderrLine: {'line': b'In file included from \x1b[01m\x1b[K/home/arno/RoombaV2Onboard/src/sllidar_ros2/./sdk/include/sl_lidar_cmd.h:41\x1b[m\x1b[K,\n'}
[47.147512] (sllidar_ros2) StderrLine: {'line': b'                 from \x1b[01m\x1b[K/home/arno/RoombaV2Onboard/src/sllidar_ros2/./sdk/include/sl_lidar_driver.h:54\x1b[m\x1b[K,\n'}
[47.148199] (sllidar_ros2) StderrLine: {'line': b'                 from \x1b[01m\x1b[K/home/arno/RoombaV2Onboard/src/sllidar_ros2/./sdk/include/sl_lidar.h:36\x1b[m\x1b[K,\n'}
[47.149252] (sllidar_ros2) StderrLine: {'line': b'                 from \x1b[01m\x1b[K/home/arno/RoombaV2Onboard/src/sllidar_ros2/src/sllidar_node.cpp:38\x1b[m\x1b[K:\n'}
[47.150229] (sllidar_ros2) StderrLine: {'line': b'\x1b[01m\x1b[K/home/arno/RoombaV2Onboard/src/sllidar_ros2/./sdk/include/sl_lidar_protocol.h:66:16:\x1b[m\x1b[K \x1b[01;35m\x1b[Kwarning: \x1b[m\x1b[KISO C++ forbids zero-size array \xe2\x80\x98\x1b[01m\x1b[Kdata\x1b[m\x1b[K\xe2\x80\x99 [\x1b[01;35m\x1b[K\x1b]8;;https://gcc.gnu.org/onlinedocs/gcc/Warning-Options.html#index-Wpedantic\x07-Wpedantic\x1b]8;;\x07\x1b[m\x1b[K]\n'}
[47.151217] (sllidar_ros2) StderrLine: {'line': b'   66 |     sl_u8 data[\x1b[01;35m\x1b[K0\x1b[m\x1b[K];\n'}
[47.152139] (sllidar_ros2) StderrLine: {'line': b'      |                \x1b[01;35m\x1b[K^\x1b[m\x1b[K\n'}
[47.153767] (sllidar_ros2) StderrLine: {'line': b'In file included from \x1b[01m\x1b[K/home/arno/RoombaV2Onboard/src/sllidar_ros2/./sdk/include/sl_lidar_driver.h:54\x1b[m\x1b[K,\n'}
[47.154782] (sllidar_ros2) StderrLine: {'line': b'                 from \x1b[01m\x1b[K/home/arno/RoombaV2Onboard/src/sllidar_ros2/./sdk/include/sl_lidar.h:36\x1b[m\x1b[K,\n'}
[47.155781] (sllidar_ros2) StderrLine: {'line': b'                 from \x1b[01m\x1b[K/home/arno/RoombaV2Onboard/src/sllidar_ros2/src/sllidar_node.cpp:38\x1b[m\x1b[K:\n'}
[47.156602] (sllidar_ros2) StderrLine: {'line': b'\x1b[01m\x1b[K/home/arno/RoombaV2Onboard/src/sllidar_ros2/./sdk/include/sl_lidar_cmd.h:324:20:\x1b[m\x1b[K \x1b[01;35m\x1b[Kwarning: \x1b[m\x1b[KISO C++ forbids zero-size array \xe2\x80\x98\x1b[01m\x1b[Kpayload\x1b[m\x1b[K\xe2\x80\x99 [\x1b[01;35m\x1b[K\x1b]8;;https://gcc.gnu.org/onlinedocs/gcc/Warning-Options.html#index-Wpedantic\x07-Wpedantic\x1b]8;;\x07\x1b[m\x1b[K]\n'}
[47.157479] (sllidar_ros2) StderrLine: {'line': b'  324 |     sl_u8  payload[\x1b[01;35m\x1b[K0\x1b[m\x1b[K];\n'}
[47.158244] (sllidar_ros2) StderrLine: {'line': b'      |                    \x1b[01;35m\x1b[K^\x1b[m\x1b[K\n'}
[47.233190] (-) TimerEvent: {}
[47.334722] (-) TimerEvent: {}
[47.436458] (-) TimerEvent: {}
[47.538462] (-) TimerEvent: {}
[47.640298] (-) TimerEvent: {}
[47.742107] (-) TimerEvent: {}
[47.843762] (-) TimerEvent: {}
[47.945477] (-) TimerEvent: {}
[48.047206] (-) TimerEvent: {}
[48.149219] (-) TimerEvent: {}
[48.250942] (-) TimerEvent: {}
[48.352632] (-) TimerEvent: {}
[48.454406] (-) TimerEvent: {}
[48.556384] (-) TimerEvent: {}
[48.658190] (-) TimerEvent: {}
[48.759916] (-) TimerEvent: {}
[48.866425] (-) TimerEvent: {}
[48.968547] (-) TimerEvent: {}
[49.070918] (-) TimerEvent: {}
[49.171974] (-) TimerEvent: {}
[49.273101] (-) TimerEvent: {}
[49.374293] (-) TimerEvent: {}
[49.476629] (-) TimerEvent: {}
[49.578846] (-) TimerEvent: {}
[49.593389] (sllidar_ros2) StderrLine: {'line': b'In file included from \x1b[01m\x1b[K/home/arno/RoombaV2Onboard/src/sllidar_ros2/./sdk/include/rplidar_protocol.h:36\x1b[m\x1b[K,\n'}
[49.605301] (sllidar_ros2) StderrLine: {'line': b'                 from \x1b[01m\x1b[K/home/arno/RoombaV2Onboard/src/sllidar_ros2/./sdk/include/rplidar.h:39\x1b[m\x1b[K,\n'}
[49.606622] (sllidar_ros2) StderrLine: {'line': b'                 from \x1b[01m\x1b[K/home/arno/RoombaV2Onboard/src/sllidar_ros2/sdk/src/sdkcommon.h:49\x1b[m\x1b[K,\n'}
[49.607908] (sllidar_ros2) StderrLine: {'line': b'                 from \x1b[01m\x1b[K/home/arno/RoombaV2Onboard/src/sllidar_ros2/sdk/src/rplidar_driver.cpp:33\x1b[m\x1b[K:\n'}
[49.609204] (sllidar_ros2) StderrLine: {'line': b'\x1b[01m\x1b[K/home/arno/RoombaV2Onboard/src/sllidar_ros2/./sdk/include/sl_lidar_protocol.h:66:16:\x1b[m\x1b[K \x1b[01;35m\x1b[Kwarning: \x1b[m\x1b[KISO C++ forbids zero-size array \xe2\x80\x98\x1b[01m\x1b[Kdata\x1b[m\x1b[K\xe2\x80\x99 [\x1b[01;35m\x1b[K\x1b]8;;https://gcc.gnu.org/onlinedocs/gcc/Warning-Options.html#index-Wpedantic\x07-Wpedantic\x1b]8;;\x07\x1b[m\x1b[K]\n'}
[49.610693] (sllidar_ros2) StderrLine: {'line': b'   66 |     sl_u8 data[\x1b[01;35m\x1b[K0\x1b[m\x1b[K];\n'}
[49.612071] (sllidar_ros2) StderrLine: {'line': b'      |                \x1b[01;35m\x1b[K^\x1b[m\x1b[K\n'}
[49.615727] (sllidar_ros2) StderrLine: {'line': b'In file included from \x1b[01m\x1b[K/home/arno/RoombaV2Onboard/src/sllidar_ros2/./sdk/include/rplidar_cmd.h:36\x1b[m\x1b[K,\n'}
[49.617118] (sllidar_ros2) StderrLine: {'line': b'                 from \x1b[01m\x1b[K/home/arno/RoombaV2Onboard/src/sllidar_ros2/./sdk/include/rplidar.h:40\x1b[m\x1b[K,\n'}
[49.618483] (sllidar_ros2) StderrLine: {'line': b'                 from \x1b[01m\x1b[K/home/arno/RoombaV2Onboard/src/sllidar_ros2/sdk/src/sdkcommon.h:49\x1b[m\x1b[K,\n'}
[49.619734] (sllidar_ros2) StderrLine: {'line': b'                 from \x1b[01m\x1b[K/home/arno/RoombaV2Onboard/src/sllidar_ros2/sdk/src/rplidar_driver.cpp:33\x1b[m\x1b[K:\n'}
[49.621123] (sllidar_ros2) StderrLine: {'line': b'\x1b[01m\x1b[K/home/arno/RoombaV2Onboard/src/sllidar_ros2/./sdk/include/sl_lidar_cmd.h:324:20:\x1b[m\x1b[K \x1b[01;35m\x1b[Kwarning: \x1b[m\x1b[KISO C++ forbids zero-size array \xe2\x80\x98\x1b[01m\x1b[Kpayload\x1b[m\x1b[K\xe2\x80\x99 [\x1b[01;35m\x1b[K\x1b]8;;https://gcc.gnu.org/onlinedocs/gcc/Warning-Options.html#index-Wpedantic\x07-Wpedantic\x1b]8;;\x07\x1b[m\x1b[K]\n'}
[49.622553] (sllidar_ros2) StderrLine: {'line': b'  324 |     sl_u8  payload[\x1b[01;35m\x1b[K0\x1b[m\x1b[K];\n'}
[49.623890] (sllidar_ros2) StderrLine: {'line': b'      |                    \x1b[01;35m\x1b[K^\x1b[m\x1b[K\n'}
[49.679093] (-) TimerEvent: {}
[49.780162] (-) TimerEvent: {}
[49.881287] (-) TimerEvent: {}
[49.982525] (-) TimerEvent: {}
[50.083621] (-) TimerEvent: {}
[50.184723] (-) TimerEvent: {}
[50.283978] (sllidar_ros2) StderrLine: {'line': b'In file included from \x1b[01m\x1b[K/home/arno/RoombaV2Onboard/src/sllidar_ros2/./sdk/include/rplidar_protocol.h:36\x1b[m\x1b[K,\n'}
[50.284948] (-) TimerEvent: {}
[50.305274] (sllidar_ros2) StderrLine: {'line': b'                 from \x1b[01m\x1b[K/home/arno/RoombaV2Onboard/src/sllidar_ros2/./sdk/include/rplidar.h:39\x1b[m\x1b[K,\n'}
[50.306624] (sllidar_ros2) StderrLine: {'line': b'                 from \x1b[01m\x1b[K/home/arno/RoombaV2Onboard/src/sllidar_ros2/./sdk/src/sdkcommon.h:49\x1b[m\x1b[K,\n'}
[50.307345] (sllidar_ros2) StderrLine: {'line': b'                 from \x1b[01m\x1b[K/home/arno/RoombaV2Onboard/src/sllidar_ros2/sdk/src/hal/thread.cpp:35\x1b[m\x1b[K:\n'}
[50.308031] (sllidar_ros2) StderrLine: {'line': b'\x1b[01m\x1b[K/home/arno/RoombaV2Onboard/src/sllidar_ros2/./sdk/include/sl_lidar_protocol.h:66:16:\x1b[m\x1b[K \x1b[01;35m\x1b[Kwarning: \x1b[m\x1b[KISO C++ forbids zero-size array \xe2\x80\x98\x1b[01m\x1b[Kdata\x1b[m\x1b[K\xe2\x80\x99 [\x1b[01;35m\x1b[K\x1b]8;;https://gcc.gnu.org/onlinedocs/gcc/Warning-Options.html#index-Wpedantic\x07-Wpedantic\x1b]8;;\x07\x1b[m\x1b[K]\n'}
[50.309164] (sllidar_ros2) StderrLine: {'line': b'   66 |     sl_u8 data[\x1b[01;35m\x1b[K0\x1b[m\x1b[K];\n'}
[50.310383] (sllidar_ros2) StderrLine: {'line': b'      |                \x1b[01;35m\x1b[K^\x1b[m\x1b[K\n'}
[50.311098] (sllidar_ros2) StderrLine: {'line': b'In file included from \x1b[01m\x1b[K/home/arno/RoombaV2Onboard/src/sllidar_ros2/./sdk/include/rplidar_cmd.h:36\x1b[m\x1b[K,\n'}
[50.311831] (sllidar_ros2) StderrLine: {'line': b'                 from \x1b[01m\x1b[K/home/arno/RoombaV2Onboard/src/sllidar_ros2/./sdk/include/rplidar.h:40\x1b[m\x1b[K,\n'}
[50.312641] (sllidar_ros2) StderrLine: {'line': b'                 from \x1b[01m\x1b[K/home/arno/RoombaV2Onboard/src/sllidar_ros2/./sdk/src/sdkcommon.h:49\x1b[m\x1b[K,\n'}
[50.313539] (sllidar_ros2) StderrLine: {'line': b'                 from \x1b[01m\x1b[K/home/arno/RoombaV2Onboard/src/sllidar_ros2/sdk/src/hal/thread.cpp:35\x1b[m\x1b[K:\n'}
[50.314245] (sllidar_ros2) StderrLine: {'line': b'\x1b[01m\x1b[K/home/arno/RoombaV2Onboard/src/sllidar_ros2/./sdk/include/sl_lidar_cmd.h:324:20:\x1b[m\x1b[K \x1b[01;35m\x1b[Kwarning: \x1b[m\x1b[KISO C++ forbids zero-size array \xe2\x80\x98\x1b[01m\x1b[Kpayload\x1b[m\x1b[K\xe2\x80\x99 [\x1b[01;35m\x1b[K\x1b]8;;https://gcc.gnu.org/onlinedocs/gcc/Warning-Options.html#index-Wpedantic\x07-Wpedantic\x1b]8;;\x07\x1b[m\x1b[K]\n'}
[50.314969] (sllidar_ros2) StderrLine: {'line': b'  324 |     sl_u8  payload[\x1b[01;35m\x1b[K0\x1b[m\x1b[K];\n'}
[50.315637] (sllidar_ros2) StderrLine: {'line': b'      |                    \x1b[01;35m\x1b[K^\x1b[m\x1b[K\n'}
[50.385229] (-) TimerEvent: {}
[50.486255] (-) TimerEvent: {}
[50.587271] (-) TimerEvent: {}
[50.688355] (-) TimerEvent: {}
[50.789401] (-) TimerEvent: {}
[50.823619] (sllidar_ros2) StderrLine: {'line': b'In file included from \x1b[01m\x1b[K/home/arno/RoombaV2Onboard/src/sllidar_ros2/sdk/src/hal/thread.cpp:43\x1b[m\x1b[K:\n'}
[50.825335] (sllidar_ros2) StderrLine: {'line': b'\x1b[01m\x1b[K/home/arno/RoombaV2Onboard/src/sllidar_ros2/./sdk/src/arch/linux/thread.hpp:\x1b[m\x1b[K In static member function \xe2\x80\x98\x1b[01m\x1b[Kstatic rp::hal::Thread rp::hal::Thread::create(thread_proc_t, void*)\x1b[m\x1b[K\xe2\x80\x99:\n'}
[50.826616] (sllidar_ros2) StderrLine: {'line': b'\x1b[01m\x1b[K/home/arno/RoombaV2Onboard/src/sllidar_ros2/./sdk/src/arch/linux/thread.hpp:52:57:\x1b[m\x1b[K \x1b[01;35m\x1b[Kwarning: \x1b[m\x1b[Kcast between incompatible function types from \xe2\x80\x98\x1b[01m\x1b[Kthread_proc_t\x1b[m\x1b[K\xe2\x80\x99 {aka \xe2\x80\x98\x1b[01m\x1b[Klong unsigned int (*)(void*)\x1b[m\x1b[K\xe2\x80\x99} to \xe2\x80\x98\x1b[01m\x1b[Kvoid* (*)(void*)\x1b[m\x1b[K\xe2\x80\x99 [\x1b[01;35m\x1b[K\x1b]8;;https://gcc.gnu.org/onlinedocs/gcc/Warning-Options.html#index-Wcast-function-type\x07-Wcast-function-type\x1b]8;;\x07\x1b[m\x1b[K]\n'}
[50.827475] (sllidar_ros2) StderrLine: {'line': b'   52 |     pthread_create((pthread_t *)&newborn._handle, NULL, \x1b[01;35m\x1b[K(void * (*)(void *))proc\x1b[m\x1b[K, data);\n'}
[50.828188] (sllidar_ros2) StderrLine: {'line': b'      |                                                         \x1b[01;35m\x1b[K^~~~~~~~~~~~~~~~~~~~~~~~\x1b[m\x1b[K\n'}
[50.834277] (sllidar_ros2) StderrLine: {'line': b'\x1b[01m\x1b[K/home/arno/RoombaV2Onboard/src/sllidar_ros2/./sdk/src/arch/linux/thread.hpp:\x1b[m\x1b[K In member function \xe2\x80\x98\x1b[01m\x1b[Ku_result rp::hal::Thread::join(long unsigned int)\x1b[m\x1b[K\xe2\x80\x99:\n'}
[50.835673] (sllidar_ros2) StderrLine: {'line': b'\x1b[01m\x1b[K/home/arno/RoombaV2Onboard/src/sllidar_ros2/./sdk/src/arch/linux/thread.hpp:176:37:\x1b[m\x1b[K \x1b[01;35m\x1b[Kwarning: \x1b[m\x1b[Kunused parameter \xe2\x80\x98\x1b[01m\x1b[Ktimeout\x1b[m\x1b[K\xe2\x80\x99 [\x1b[01;35m\x1b[K\x1b]8;;https://gcc.gnu.org/onlinedocs/gcc/Warning-Options.html#index-Wunused-parameter\x07-Wunused-parameter\x1b]8;;\x07\x1b[m\x1b[K]\n'}
[50.836444] (sllidar_ros2) StderrLine: {'line': b'  176 | u_result Thread::join(\x1b[01;35m\x1b[Kunsigned long timeout\x1b[m\x1b[K)\n'}
[50.837332] (sllidar_ros2) StderrLine: {'line': b'      |                       \x1b[01;35m\x1b[K~~~~~~~~~~~~~~^~~~~~~\x1b[m\x1b[K\n'}
[50.889675] (-) TimerEvent: {}
[50.990699] (-) TimerEvent: {}
[51.091740] (-) TimerEvent: {}
[51.192728] (-) TimerEvent: {}
[51.263996] (sllidar_ros2) StderrLine: {'line': b'\x1b[01m\x1b[K/home/arno/RoombaV2Onboard/src/sllidar_ros2/sdk/src/rplidar_driver.cpp:\x1b[m\x1b[K In member function \xe2\x80\x98\x1b[01m\x1b[Ku_result rp::standalone::rplidar::RPlidarDriver::connect(const char*, _u32, _u32)\x1b[m\x1b[K\xe2\x80\x99:\n'}
[51.265427] (sllidar_ros2) StderrLine: {'line': b'\x1b[01m\x1b[K/home/arno/RoombaV2Onboard/src/sllidar_ros2/sdk/src/rplidar_driver.cpp:67:77:\x1b[m\x1b[K \x1b[01;35m\x1b[Kwarning: \x1b[m\x1b[Kunused parameter \xe2\x80\x98\x1b[01m\x1b[Kflag\x1b[m\x1b[K\xe2\x80\x99 [\x1b[01;35m\x1b[K\x1b]8;;https://gcc.gnu.org/onlinedocs/gcc/Warning-Options.html#index-Wunused-parameter\x07-Wunused-parameter\x1b]8;;\x07\x1b[m\x1b[K]\n'}
[51.266480] (sllidar_ros2) StderrLine: {'line': b'   67 |     u_result RPlidarDriver::connect(const char *path, _u32 portOrBaud, \x1b[01;35m\x1b[K_u32 flag\x1b[m\x1b[K)\n'}
[51.267440] (sllidar_ros2) StderrLine: {'line': b'      |                                                                        \x1b[01;35m\x1b[K~~~~~^~~~\x1b[m\x1b[K\n'}
[51.268308] (sllidar_ros2) StderrLine: {'line': b'\x1b[01m\x1b[K/home/arno/RoombaV2Onboard/src/sllidar_ros2/sdk/src/rplidar_driver.cpp:\x1b[m\x1b[K In member function \xe2\x80\x98\x1b[01m\x1b[Ku_result rp::standalone::rplidar::RPlidarDriver::reset(_u32)\x1b[m\x1b[K\xe2\x80\x99:\n'}
[51.269502] (sllidar_ros2) StderrLine: {'line': b'\x1b[01m\x1b[K/home/arno/RoombaV2Onboard/src/sllidar_ros2/sdk/src/rplidar_driver.cpp:101:40:\x1b[m\x1b[K \x1b[01;35m\x1b[Kwarning: \x1b[m\x1b[Kunused parameter \xe2\x80\x98\x1b[01m\x1b[Ktimeout\x1b[m\x1b[K\xe2\x80\x99 [\x1b[01;35m\x1b[K\x1b]8;;https://gcc.gnu.org/onlinedocs/gcc/Warning-Options.html#index-Wunused-parameter\x07-Wunused-parameter\x1b]8;;\x07\x1b[m\x1b[K]\n'}
[51.270589] (sllidar_ros2) StderrLine: {'line': b'  101 |     u_result RPlidarDriver::reset(\x1b[01;35m\x1b[K_u32 timeout\x1b[m\x1b[K)\n'}
[51.271470] (sllidar_ros2) StderrLine: {'line': b'      |                                   \x1b[01;35m\x1b[K~~~~~^~~~~~~\x1b[m\x1b[K\n'}
[51.285461] (sllidar_ros2) StderrLine: {'line': b'\x1b[01m\x1b[K/home/arno/RoombaV2Onboard/src/sllidar_ros2/sdk/src/rplidar_driver.cpp:\x1b[m\x1b[K In member function \xe2\x80\x98\x1b[01m\x1b[Ku_result rp::standalone::rplidar::RPlidarDriver::getScanDataWithInterval(rplidar_response_measurement_node_t*, size_t&)\x1b[m\x1b[K\xe2\x80\x99:\n'}
[51.286547] (sllidar_ros2) StderrLine: {'line': b'\x1b[01m\x1b[K/home/arno/RoombaV2Onboard/src/sllidar_ros2/sdk/src/rplidar_driver.cpp:180:91:\x1b[m\x1b[K \x1b[01;35m\x1b[Kwarning: \x1b[m\x1b[Kunused parameter \xe2\x80\x98\x1b[01m\x1b[Knodebuffer\x1b[m\x1b[K\xe2\x80\x99 [\x1b[01;35m\x1b[K\x1b]8;;https://gcc.gnu.org/onlinedocs/gcc/Warning-Options.html#index-Wunused-parameter\x07-Wunused-parameter\x1b]8;;\x07\x1b[m\x1b[K]\n'}
[51.287266] (sllidar_ros2) StderrLine: {'line': b'  180 |     u_result RPlidarDriver::getScanDataWithInterval(\x1b[01;35m\x1b[Krplidar_response_measurement_node_t * nodebuffer\x1b[m\x1b[K, size_t & count)\n'}
[51.287954] (sllidar_ros2) StderrLine: {'line': b'      |                                                     \x1b[01;35m\x1b[K~~~~~~~~~~~~~~~~~~~~~~~~~~~~~~~~~~~~~~^~~~~~~~~~\x1b[m\x1b[K\n'}
[51.288640] (sllidar_ros2) StderrLine: {'line': b'\x1b[01m\x1b[K/home/arno/RoombaV2Onboard/src/sllidar_ros2/sdk/src/rplidar_driver.cpp:180:112:\x1b[m\x1b[K \x1b[01;35m\x1b[Kwarning: \x1b[m\x1b[Kunused parameter \xe2\x80\x98\x1b[01m\x1b[Kcount\x1b[m\x1b[K\xe2\x80\x99 [\x1b[01;35m\x1b[K\x1b]8;;https://gcc.gnu.org/onlinedocs/gcc/Warning-Options.html#index-Wunused-parameter\x07-Wunused-parameter\x1b]8;;\x07\x1b[m\x1b[K]\n'}
[51.289532] (sllidar_ros2) StderrLine: {'line': b'  180 |     u_result RPlidarDriver::getScanDataWithInterval(rplidar_response_measurement_node_t * nodebuffer, \x1b[01;35m\x1b[Ksize_t & count\x1b[m\x1b[K)\n'}
[51.290430] (sllidar_ros2) StderrLine: {'line': b'      |                                                                                                       \x1b[01;35m\x1b[K~~~~~~~~~^~~~~\x1b[m\x1b[K\n'}
[51.293001] (-) TimerEvent: {}
[51.394875] (-) TimerEvent: {}
[51.496498] (-) TimerEvent: {}
[51.586717] (sllidar_ros2) StdoutLine: {'line': b'[ 60%] \x1b[32mBuilding CXX object CMakeFiles/sllidar_node.dir/sdk/src/sl_async_transceiver.cpp.o\x1b[0m\n'}
[51.596814] (-) TimerEvent: {}
[51.698507] (-) TimerEvent: {}
[51.800152] (-) TimerEvent: {}
[51.901819] (-) TimerEvent: {}
[52.003489] (-) TimerEvent: {}
[52.105052] (-) TimerEvent: {}
[52.206830] (-) TimerEvent: {}
[52.308568] (-) TimerEvent: {}
[52.395433] (sllidar_ros2) StdoutLine: {'line': b'[ 65%] \x1b[32mBuilding CXX object CMakeFiles/sllidar_node.dir/sdk/src/sl_crc.cpp.o\x1b[0m\n'}
[52.408889] (-) TimerEvent: {}
[52.510321] (-) TimerEvent: {}
[52.537976] (sllidar_ros2) StderrLine: {'line': b'In file included from \x1b[01m\x1b[K/home/arno/RoombaV2Onboard/src/sllidar_ros2/./sdk/include/sl_lidar_cmd.h:41\x1b[m\x1b[K,\n'}
[52.538723] (sllidar_ros2) StderrLine: {'line': b'                 from \x1b[01m\x1b[K/home/arno/RoombaV2Onboard/src/sllidar_ros2/./sdk/include/sl_crc.h:36\x1b[m\x1b[K,\n'}
[52.539372] (sllidar_ros2) StderrLine: {'line': b'                 from \x1b[01m\x1b[K/home/arno/RoombaV2Onboard/src/sllidar_ros2/sdk/src/sl_crc.cpp:33\x1b[m\x1b[K:\n'}
[52.540034] (sllidar_ros2) StderrLine: {'line': b'\x1b[01m\x1b[K/home/arno/RoombaV2Onboard/src/sllidar_ros2/./sdk/include/sl_lidar_protocol.h:66:16:\x1b[m\x1b[K \x1b[01;35m\x1b[Kwarning: \x1b[m\x1b[KISO C++ forbids zero-size array \xe2\x80\x98\x1b[01m\x1b[Kdata\x1b[m\x1b[K\xe2\x80\x99 [\x1b[01;35m\x1b[K\x1b]8;;https://gcc.gnu.org/onlinedocs/gcc/Warning-Options.html#index-Wpedantic\x07-Wpedantic\x1b]8;;\x07\x1b[m\x1b[K]\n'}
[52.540706] (sllidar_ros2) StderrLine: {'line': b'   66 |     sl_u8 data[\x1b[01;35m\x1b[K0\x1b[m\x1b[K];\n'}
[52.541454] (sllidar_ros2) StderrLine: {'line': b'      |                \x1b[01;35m\x1b[K^\x1b[m\x1b[K\n'}
[52.542502] (sllidar_ros2) StderrLine: {'line': b'In file included from \x1b[01m\x1b[K/home/arno/RoombaV2Onboard/src/sllidar_ros2/./sdk/include/sl_crc.h:36\x1b[m\x1b[K,\n'}
[52.543220] (sllidar_ros2) StderrLine: {'line': b'                 from \x1b[01m\x1b[K/home/arno/RoombaV2Onboard/src/sllidar_ros2/sdk/src/sl_crc.cpp:33\x1b[m\x1b[K:\n'}
[52.543883] (sllidar_ros2) StderrLine: {'line': b'\x1b[01m\x1b[K/home/arno/RoombaV2Onboard/src/sllidar_ros2/./sdk/include/sl_lidar_cmd.h:324:20:\x1b[m\x1b[K \x1b[01;35m\x1b[Kwarning: \x1b[m\x1b[KISO C++ forbids zero-size array \xe2\x80\x98\x1b[01m\x1b[Kpayload\x1b[m\x1b[K\xe2\x80\x99 [\x1b[01;35m\x1b[K\x1b]8;;https://gcc.gnu.org/onlinedocs/gcc/Warning-Options.html#index-Wpedantic\x07-Wpedantic\x1b]8;;\x07\x1b[m\x1b[K]\n'}
[52.544632] (sllidar_ros2) StderrLine: {'line': b'  324 |     sl_u8  payload[\x1b[01;35m\x1b[K0\x1b[m\x1b[K];\n'}
[52.545456] (sllidar_ros2) StderrLine: {'line': b'      |                    \x1b[01;35m\x1b[K^\x1b[m\x1b[K\n'}
[52.610561] (-) TimerEvent: {}
[52.711588] (-) TimerEvent: {}
[52.742634] (sllidar_ros2) StdoutLine: {'line': b'[ 70%] \x1b[32mBuilding CXX object CMakeFiles/sllidar_node.dir/sdk/src/sl_lidar_driver.cpp.o\x1b[0m\n'}
[52.811824] (-) TimerEvent: {}
[52.913673] (-) TimerEvent: {}
[53.015563] (-) TimerEvent: {}
[53.117159] (-) TimerEvent: {}
[53.218532] (-) TimerEvent: {}
[53.319920] (-) TimerEvent: {}
[53.421672] (-) TimerEvent: {}
[53.523259] (-) TimerEvent: {}
[53.624950] (-) TimerEvent: {}
[53.726423] (-) TimerEvent: {}
[53.827983] (-) TimerEvent: {}
[53.929562] (-) TimerEvent: {}
[54.031036] (-) TimerEvent: {}
[54.132706] (-) TimerEvent: {}
[54.234840] (-) TimerEvent: {}
[54.336470] (-) TimerEvent: {}
[54.438293] (-) TimerEvent: {}
[54.540093] (-) TimerEvent: {}
[54.641758] (-) TimerEvent: {}
[54.743403] (-) TimerEvent: {}
[54.845155] (-) TimerEvent: {}
[54.946778] (-) TimerEvent: {}
[55.047847] (-) TimerEvent: {}
[55.148873] (-) TimerEvent: {}
[55.250700] (-) TimerEvent: {}
[55.352697] (-) TimerEvent: {}
[55.454787] (-) TimerEvent: {}
[55.556592] (-) TimerEvent: {}
[55.658364] (-) TimerEvent: {}
[55.760297] (-) TimerEvent: {}
[55.862237] (-) TimerEvent: {}
[55.964059] (-) TimerEvent: {}
[56.066026] (-) TimerEvent: {}
[56.168170] (-) TimerEvent: {}
[56.269975] (-) TimerEvent: {}
[56.371899] (-) TimerEvent: {}
[56.474047] (-) TimerEvent: {}
[56.575972] (-) TimerEvent: {}
[56.678091] (-) TimerEvent: {}
[56.779860] (-) TimerEvent: {}
[56.813050] (sllidar_ros2) StderrLine: {'line': b'In file included from \x1b[01m\x1b[K/home/arno/RoombaV2Onboard/src/sllidar_ros2/./sdk/include/rplidar_protocol.h:36\x1b[m\x1b[K,\n'}
[56.825244] (sllidar_ros2) StderrLine: {'line': b'                 from \x1b[01m\x1b[K/home/arno/RoombaV2Onboard/src/sllidar_ros2/./sdk/include/rplidar.h:39\x1b[m\x1b[K,\n'}
[56.826404] (sllidar_ros2) StderrLine: {'line': b'                 from \x1b[01m\x1b[K/home/arno/RoombaV2Onboard/src/sllidar_ros2/sdk/src/sdkcommon.h:49\x1b[m\x1b[K,\n'}
[56.827057] (sllidar_ros2) StderrLine: {'line': b'                 from \x1b[01m\x1b[K/home/arno/RoombaV2Onboard/src/sllidar_ros2/sdk/src/sl_async_transceiver.cpp:35\x1b[m\x1b[K:\n'}
[56.827666] (sllidar_ros2) StderrLine: {'line': b'\x1b[01m\x1b[K/home/arno/RoombaV2Onboard/src/sllidar_ros2/./sdk/include/sl_lidar_protocol.h:66:16:\x1b[m\x1b[K \x1b[01;35m\x1b[Kwarning: \x1b[m\x1b[KISO C++ forbids zero-size array \xe2\x80\x98\x1b[01m\x1b[Kdata\x1b[m\x1b[K\xe2\x80\x99 [\x1b[01;35m\x1b[K\x1b]8;;https://gcc.gnu.org/onlinedocs/gcc/Warning-Options.html#index-Wpedantic\x07-Wpedantic\x1b]8;;\x07\x1b[m\x1b[K]\n'}
[56.828541] (sllidar_ros2) StderrLine: {'line': b'   66 |     sl_u8 data[\x1b[01;35m\x1b[K0\x1b[m\x1b[K];\n'}
[56.829850] (sllidar_ros2) StderrLine: {'line': b'      |                \x1b[01;35m\x1b[K^\x1b[m\x1b[K\n'}
[56.830588] (sllidar_ros2) StderrLine: {'line': b'In file included from \x1b[01m\x1b[K/home/arno/RoombaV2Onboard/src/sllidar_ros2/./sdk/include/rplidar_cmd.h:36\x1b[m\x1b[K,\n'}
[56.831315] (sllidar_ros2) StderrLine: {'line': b'                 from \x1b[01m\x1b[K/home/arno/RoombaV2Onboard/src/sllidar_ros2/./sdk/include/rplidar.h:40\x1b[m\x1b[K,\n'}
[56.832055] (sllidar_ros2) StderrLine: {'line': b'                 from \x1b[01m\x1b[K/home/arno/RoombaV2Onboard/src/sllidar_ros2/sdk/src/sdkcommon.h:49\x1b[m\x1b[K,\n'}
[56.833177] (sllidar_ros2) StderrLine: {'line': b'                 from \x1b[01m\x1b[K/home/arno/RoombaV2Onboard/src/sllidar_ros2/sdk/src/sl_async_transceiver.cpp:35\x1b[m\x1b[K:\n'}
[56.833915] (sllidar_ros2) StderrLine: {'line': b'\x1b[01m\x1b[K/home/arno/RoombaV2Onboard/src/sllidar_ros2/./sdk/include/sl_lidar_cmd.h:324:20:\x1b[m\x1b[K \x1b[01;35m\x1b[Kwarning: \x1b[m\x1b[KISO C++ forbids zero-size array \xe2\x80\x98\x1b[01m\x1b[Kpayload\x1b[m\x1b[K\xe2\x80\x99 [\x1b[01;35m\x1b[K\x1b]8;;https://gcc.gnu.org/onlinedocs/gcc/Warning-Options.html#index-Wpedantic\x07-Wpedantic\x1b]8;;\x07\x1b[m\x1b[K]\n'}
[56.834776] (sllidar_ros2) StderrLine: {'line': b'  324 |     sl_u8  payload[\x1b[01;35m\x1b[K0\x1b[m\x1b[K];\n'}
[56.835572] (sllidar_ros2) StderrLine: {'line': b'      |                    \x1b[01;35m\x1b[K^\x1b[m\x1b[K\n'}
[56.880294] (-) TimerEvent: {}
[56.981370] (-) TimerEvent: {}
[57.082390] (-) TimerEvent: {}
[57.183672] (-) TimerEvent: {}
[57.284877] (-) TimerEvent: {}
[57.386262] (-) TimerEvent: {}
[57.487444] (-) TimerEvent: {}
[57.513656] (sllidar_ros2) StderrLine: {'line': b'In file included from \x1b[01m\x1b[K/home/arno/RoombaV2Onboard/src/sllidar_ros2/sdk/src/sl_async_transceiver.cpp:44\x1b[m\x1b[K:\n'}
[57.515493] (sllidar_ros2) StderrLine: {'line': b'\x1b[01m\x1b[K/home/arno/RoombaV2Onboard/src/sllidar_ros2/sdk/src/sl_async_transceiver.h:\x1b[m\x1b[K In member function \xe2\x80\x98\x1b[01m\x1b[Kvirtual void sl::internal::IAsyncProtocolCodec::onChannelError(u_result)\x1b[m\x1b[K\xe2\x80\x99:\n'}
[57.517073] (sllidar_ros2) StderrLine: {'line': b'\x1b[01m\x1b[K/home/arno/RoombaV2Onboard/src/sllidar_ros2/sdk/src/sl_async_transceiver.h:90:48:\x1b[m\x1b[K \x1b[01;35m\x1b[Kwarning: \x1b[m\x1b[Kunused parameter \xe2\x80\x98\x1b[01m\x1b[KerrCode\x1b[m\x1b[K\xe2\x80\x99 [\x1b[01;35m\x1b[K\x1b]8;;https://gcc.gnu.org/onlinedocs/gcc/Warning-Options.html#index-Wunused-parameter\x07-Wunused-parameter\x1b]8;;\x07\x1b[m\x1b[K]\n'}
[57.518458] (sllidar_ros2) StderrLine: {'line': b'   90 |         virtual void   onChannelError(\x1b[01;35m\x1b[Ku_result errCode\x1b[m\x1b[K) {}\n'}
[57.519860] (sllidar_ros2) StderrLine: {'line': b'      |                                       \x1b[01;35m\x1b[K~~~~~~~~~^~~~~~~\x1b[m\x1b[K\n'}
[57.536255] (sllidar_ros2) StderrLine: {'line': b'In file included from \x1b[01m\x1b[K/home/arno/RoombaV2Onboard/src/sllidar_ros2/./sdk/include/rplidar_protocol.h:36\x1b[m\x1b[K,\n'}
[57.537162] (sllidar_ros2) StderrLine: {'line': b'                 from \x1b[01m\x1b[K/home/arno/RoombaV2Onboard/src/sllidar_ros2/./sdk/include/rplidar.h:39\x1b[m\x1b[K,\n'}
[57.537929] (sllidar_ros2) StderrLine: {'line': b'                 from \x1b[01m\x1b[K/home/arno/RoombaV2Onboard/src/sllidar_ros2/sdk/src/sdkcommon.h:49\x1b[m\x1b[K,\n'}
[57.538840] (sllidar_ros2) StderrLine: {'line': b'                 from \x1b[01m\x1b[K/home/arno/RoombaV2Onboard/src/sllidar_ros2/sdk/src/sl_lidar_driver.cpp:33\x1b[m\x1b[K:\n'}
[57.539761] (sllidar_ros2) StderrLine: {'line': b'\x1b[01m\x1b[K/home/arno/RoombaV2Onboard/src/sllidar_ros2/./sdk/include/sl_lidar_protocol.h:66:16:\x1b[m\x1b[K \x1b[01;35m\x1b[Kwarning: \x1b[m\x1b[KISO C++ forbids zero-size array \xe2\x80\x98\x1b[01m\x1b[Kdata\x1b[m\x1b[K\xe2\x80\x99 [\x1b[01;35m\x1b[K\x1b]8;;https://gcc.gnu.org/onlinedocs/gcc/Warning-Options.html#index-Wpedantic\x07-Wpedantic\x1b]8;;\x07\x1b[m\x1b[K]\n'}
[57.540565] (sllidar_ros2) StderrLine: {'line': b'   66 |     sl_u8 data[\x1b[01;35m\x1b[K0\x1b[m\x1b[K];\n'}
[57.541381] (sllidar_ros2) StderrLine: {'line': b'      |                \x1b[01;35m\x1b[K^\x1b[m\x1b[K\n'}
[57.542218] (sllidar_ros2) StderrLine: {'line': b'In file included from \x1b[01m\x1b[K/home/arno/RoombaV2Onboard/src/sllidar_ros2/./sdk/include/rplidar_cmd.h:36\x1b[m\x1b[K,\n'}
[57.543604] (sllidar_ros2) StderrLine: {'line': b'                 from \x1b[01m\x1b[K/home/arno/RoombaV2Onboard/src/sllidar_ros2/./sdk/include/rplidar.h:40\x1b[m\x1b[K,\n'}
[57.544453] (sllidar_ros2) StderrLine: {'line': b'                 from \x1b[01m\x1b[K/home/arno/RoombaV2Onboard/src/sllidar_ros2/sdk/src/sdkcommon.h:49\x1b[m\x1b[K,\n'}
[57.545273] (sllidar_ros2) StderrLine: {'line': b'                 from \x1b[01m\x1b[K/home/arno/RoombaV2Onboard/src/sllidar_ros2/sdk/src/sl_lidar_driver.cpp:33\x1b[m\x1b[K:\n'}
[57.545942] (sllidar_ros2) StderrLine: {'line': b'\x1b[01m\x1b[K/home/arno/RoombaV2Onboard/src/sllidar_ros2/./sdk/include/sl_lidar_cmd.h:324:20:\x1b[m\x1b[K \x1b[01;35m\x1b[Kwarning: \x1b[m\x1b[KISO C++ forbids zero-size array \xe2\x80\x98\x1b[01m\x1b[Kpayload\x1b[m\x1b[K\xe2\x80\x99 [\x1b[01;35m\x1b[K\x1b]8;;https://gcc.gnu.org/onlinedocs/gcc/Warning-Options.html#index-Wpedantic\x07-Wpedantic\x1b]8;;\x07\x1b[m\x1b[K]\n'}
[57.546757] (sllidar_ros2) StderrLine: {'line': b'  324 |     sl_u8  payload[\x1b[01;35m\x1b[K0\x1b[m\x1b[K];\n'}
[57.547447] (sllidar_ros2) StderrLine: {'line': b'      |                    \x1b[01;35m\x1b[K^\x1b[m\x1b[K\n'}
[57.587844] (-) TimerEvent: {}
[57.689314] (-) TimerEvent: {}
[57.790316] (-) TimerEvent: {}
[57.891432] (-) TimerEvent: {}
[57.992457] (-) TimerEvent: {}
[58.093615] (-) TimerEvent: {}
[58.194862] (-) TimerEvent: {}
[58.296094] (-) TimerEvent: {}
[58.397072] (-) TimerEvent: {}
[58.498193] (-) TimerEvent: {}
[58.599505] (-) TimerEvent: {}
[58.700617] (-) TimerEvent: {}
[58.801854] (-) TimerEvent: {}
[58.902880] (-) TimerEvent: {}
[59.004060] (-) TimerEvent: {}
[59.088303] (sllidar_ros2) StderrLine: {'line': b'In file included from \x1b[01m\x1b[K/home/arno/RoombaV2Onboard/src/sllidar_ros2/sdk/src/sl_lidar_driver.cpp:50\x1b[m\x1b[K:\n'}
[59.104292] (-) TimerEvent: {}
[59.105742] (sllidar_ros2) StderrLine: {'line': b'\x1b[01m\x1b[K/home/arno/RoombaV2Onboard/src/sllidar_ros2/sdk/src/dataunpacker/dataunpacker.h:\x1b[m\x1b[K In member function \xe2\x80\x98\x1b[01m\x1b[Kvirtual void sl::internal::LIDARSampleDataListener::onCustomSampleDataDecoded(_u8, _u32, const void*, size_t)\x1b[m\x1b[K\xe2\x80\x99:\n'}
[59.107596] (sllidar_ros2) StderrLine: {'line': b'\x1b[01m\x1b[K/home/arno/RoombaV2Onboard/src/sllidar_ros2/sdk/src/dataunpacker/dataunpacker.h:54:52:\x1b[m\x1b[K \x1b[01;35m\x1b[Kwarning: \x1b[m\x1b[Kunused parameter \xe2\x80\x98\x1b[01m\x1b[KansType\x1b[m\x1b[K\xe2\x80\x99 [\x1b[01;35m\x1b[K\x1b]8;;https://gcc.gnu.org/onlinedocs/gcc/Warning-Options.html#index-Wunused-parameter\x07-Wunused-parameter\x1b]8;;\x07\x1b[m\x1b[K]\n'}
[59.109305] (sllidar_ros2) StderrLine: {'line': b'   54 |         virtual void onCustomSampleDataDecoded(\x1b[01;35m\x1b[K_u8 ansType\x1b[m\x1b[K, _u32 customCode, const void* data, size_t size) {}\n'}
[59.110346] (sllidar_ros2) StderrLine: {'line': b'      |                                                \x1b[01;35m\x1b[K~~~~^~~~~~~\x1b[m\x1b[K\n'}
[59.111140] (sllidar_ros2) StderrLine: {'line': b'\x1b[01m\x1b[K/home/arno/RoombaV2Onboard/src/sllidar_ros2/sdk/src/dataunpacker/dataunpacker.h:54:66:\x1b[m\x1b[K \x1b[01;35m\x1b[Kwarning: \x1b[m\x1b[Kunused parameter \xe2\x80\x98\x1b[01m\x1b[KcustomCode\x1b[m\x1b[K\xe2\x80\x99 [\x1b[01;35m\x1b[K\x1b]8;;https://gcc.gnu.org/onlinedocs/gcc/Warning-Options.html#index-Wunused-parameter\x07-Wunused-parameter\x1b]8;;\x07\x1b[m\x1b[K]\n'}
[59.112150] (sllidar_ros2) StderrLine: {'line': b'   54 |         virtual void onCustomSampleDataDecoded(_u8 ansType, \x1b[01;35m\x1b[K_u32 customCode\x1b[m\x1b[K, const void* data, size_t size) {}\n'}
[59.113113] (sllidar_ros2) StderrLine: {'line': b'      |                                                             \x1b[01;35m\x1b[K~~~~~^~~~~~~~~~\x1b[m\x1b[K\n'}
[59.113984] (sllidar_ros2) StderrLine: {'line': b'\x1b[01m\x1b[K/home/arno/RoombaV2Onboard/src/sllidar_ros2/sdk/src/dataunpacker/dataunpacker.h:54:90:\x1b[m\x1b[K \x1b[01;35m\x1b[Kwarning: \x1b[m\x1b[Kunused parameter \xe2\x80\x98\x1b[01m\x1b[Kdata\x1b[m\x1b[K\xe2\x80\x99 [\x1b[01;35m\x1b[K\x1b]8;;https://gcc.gnu.org/onlinedocs/gcc/Warning-Options.html#index-Wunused-parameter\x07-Wunused-parameter\x1b]8;;\x07\x1b[m\x1b[K]\n'}
[59.114766] (sllidar_ros2) StderrLine: {'line': b'   54 |         virtual void onCustomSampleDataDecoded(_u8 ansType, _u32 customCode, \x1b[01;35m\x1b[Kconst void* data\x1b[m\x1b[K, size_t size) {}\n'}
[59.115544] (sllidar_ros2) StderrLine: {'line': b'      |                                                                              \x1b[01;35m\x1b[K~~~~~~~~~~~~^~~~\x1b[m\x1b[K\n'}
[59.116302] (sllidar_ros2) StderrLine: {'line': b'\x1b[01m\x1b[K/home/arno/RoombaV2Onboard/src/sllidar_ros2/sdk/src/dataunpacker/dataunpacker.h:54:103:\x1b[m\x1b[K \x1b[01;35m\x1b[Kwarning: \x1b[m\x1b[Kunused parameter \xe2\x80\x98\x1b[01m\x1b[Ksize\x1b[m\x1b[K\xe2\x80\x99 [\x1b[01;35m\x1b[K\x1b]8;;https://gcc.gnu.org/onlinedocs/gcc/Warning-Options.html#index-Wunused-parameter\x07-Wunused-parameter\x1b]8;;\x07\x1b[m\x1b[K]\n'}
[59.125439] (sllidar_ros2) StderrLine: {'line': b'   54 |         virtual void onCustomSampleDataDecoded(_u8 ansType, _u32 customCode, const void* data, \x1b[01;35m\x1b[Ksize_t size\x1b[m\x1b[K) {}\n'}
[59.126148] (sllidar_ros2) StderrLine: {'line': b'      |                                                                                                \x1b[01;35m\x1b[K~~~~~~~^~~~\x1b[m\x1b[K\n'}
[59.126816] (sllidar_ros2) StderrLine: {'line': b'\x1b[01m\x1b[K/home/arno/RoombaV2Onboard/src/sllidar_ros2/sdk/src/dataunpacker/dataunpacker.h:\x1b[m\x1b[K In member function \xe2\x80\x98\x1b[01m\x1b[Kvirtual void sl::internal::LIDARSampleDataListener::onDecodingError(int, _u8, const void*, size_t)\x1b[m\x1b[K\xe2\x80\x99:\n'}
[59.127533] (sllidar_ros2) StderrLine: {'line': b'\x1b[01m\x1b[K/home/arno/RoombaV2Onboard/src/sllidar_ros2/sdk/src/dataunpacker/dataunpacker.h:56:42:\x1b[m\x1b[K \x1b[01;35m\x1b[Kwarning: \x1b[m\x1b[Kunused parameter \xe2\x80\x98\x1b[01m\x1b[KerrMsg\x1b[m\x1b[K\xe2\x80\x99 [\x1b[01;35m\x1b[K\x1b]8;;https://gcc.gnu.org/onlinedocs/gcc/Warning-Options.html#index-Wunused-parameter\x07-Wunused-parameter\x1b]8;;\x07\x1b[m\x1b[K]\n'}
[59.128295] (sllidar_ros2) StderrLine: {'line': b'   56 |         virtual void onDecodingError(\x1b[01;35m\x1b[Kint errMsg\x1b[m\x1b[K, _u8 ansType, const void* payload, size_t size) {}\n'}
[59.129148] (sllidar_ros2) StderrLine: {'line': b'      |                                      \x1b[01;35m\x1b[K~~~~^~~~~~\x1b[m\x1b[K\n'}
[59.130149] (sllidar_ros2) StderrLine: {'line': b'\x1b[01m\x1b[K/home/arno/RoombaV2Onboard/src/sllidar_ros2/sdk/src/dataunpacker/dataunpacker.h:56:54:\x1b[m\x1b[K \x1b[01;35m\x1b[Kwarning: \x1b[m\x1b[Kunused parameter \xe2\x80\x98\x1b[01m\x1b[KansType\x1b[m\x1b[K\xe2\x80\x99 [\x1b[01;35m\x1b[K\x1b]8;;https://gcc.gnu.org/onlinedocs/gcc/Warning-Options.html#index-Wunused-parameter\x07-Wunused-parameter\x1b]8;;\x07\x1b[m\x1b[K]\n'}
[59.131070] (sllidar_ros2) StderrLine: {'line': b'   56 |         virtual void onDecodingError(int errMsg, \x1b[01;35m\x1b[K_u8 ansType\x1b[m\x1b[K, const void* payload, size_t size) {}\n'}
[59.131830] (sllidar_ros2) StderrLine: {'line': b'      |                                                  \x1b[01;35m\x1b[K~~~~^~~~~~~\x1b[m\x1b[K\n'}
[59.132593] (sllidar_ros2) StderrLine: {'line': b'\x1b[01m\x1b[K/home/arno/RoombaV2Onboard/src/sllidar_ros2/sdk/src/dataunpacker/dataunpacker.h:56:75:\x1b[m\x1b[K \x1b[01;35m\x1b[Kwarning: \x1b[m\x1b[Kunused parameter \xe2\x80\x98\x1b[01m\x1b[Kpayload\x1b[m\x1b[K\xe2\x80\x99 [\x1b[01;35m\x1b[K\x1b]8;;https://gcc.gnu.org/onlinedocs/gcc/Warning-Options.html#index-Wunused-parameter\x07-Wunused-parameter\x1b]8;;\x07\x1b[m\x1b[K]\n'}
[59.144236] (sllidar_ros2) StderrLine: {'line': b'   56 |         virtual void onDecodingError(int errMsg, _u8 ansType, \x1b[01;35m\x1b[Kconst void* payload\x1b[m\x1b[K, size_t size) {}\n'}
[59.145256] (sllidar_ros2) StderrLine: {'line': b'      |                                                               \x1b[01;35m\x1b[K~~~~~~~~~~~~^~~~~~~\x1b[m\x1b[K\n'}
[59.146149] (sllidar_ros2) StderrLine: {'line': b'\x1b[01m\x1b[K/home/arno/RoombaV2Onboard/src/sllidar_ros2/sdk/src/dataunpacker/dataunpacker.h:56:91:\x1b[m\x1b[K \x1b[01;35m\x1b[Kwarning: \x1b[m\x1b[Kunused parameter \xe2\x80\x98\x1b[01m\x1b[Ksize\x1b[m\x1b[K\xe2\x80\x99 [\x1b[01;35m\x1b[K\x1b]8;;https://gcc.gnu.org/onlinedocs/gcc/Warning-Options.html#index-Wunused-parameter\x07-Wunused-parameter\x1b]8;;\x07\x1b[m\x1b[K]\n'}
[59.146981] (sllidar_ros2) StderrLine: {'line': b'   56 |         virtual void onDecodingError(int errMsg, _u8 ansType, const void* payload, \x1b[01;35m\x1b[Ksize_t size\x1b[m\x1b[K) {}\n'}
[59.147757] (sllidar_ros2) StderrLine: {'line': b'      |                                                                                    \x1b[01;35m\x1b[K~~~~~~~^~~~\x1b[m\x1b[K\n'}
[59.181815] (sllidar_ros2) StderrLine: {'line': b'In file included from \x1b[01m\x1b[K/home/arno/RoombaV2Onboard/src/sllidar_ros2/sdk/src/sl_lidar_driver.cpp:51\x1b[m\x1b[K:\n'}
[59.183227] (sllidar_ros2) StderrLine: {'line': b'\x1b[01m\x1b[K/home/arno/RoombaV2Onboard/src/sllidar_ros2/sdk/src/sl_async_transceiver.h:\x1b[m\x1b[K In member function \xe2\x80\x98\x1b[01m\x1b[Kvirtual void sl::internal::IAsyncProtocolCodec::onChannelError(u_result)\x1b[m\x1b[K\xe2\x80\x99:\n'}
[59.184117] (sllidar_ros2) StderrLine: {'line': b'\x1b[01m\x1b[K/home/arno/RoombaV2Onboard/src/sllidar_ros2/sdk/src/sl_async_transceiver.h:90:48:\x1b[m\x1b[K \x1b[01;35m\x1b[Kwarning: \x1b[m\x1b[Kunused parameter \xe2\x80\x98\x1b[01m\x1b[KerrCode\x1b[m\x1b[K\xe2\x80\x99 [\x1b[01;35m\x1b[K\x1b]8;;https://gcc.gnu.org/onlinedocs/gcc/Warning-Options.html#index-Wunused-parameter\x07-Wunused-parameter\x1b]8;;\x07\x1b[m\x1b[K]\n'}
[59.185010] (sllidar_ros2) StderrLine: {'line': b'   90 |         virtual void   onChannelError(\x1b[01;35m\x1b[Ku_result errCode\x1b[m\x1b[K) {}\n'}
[59.185901] (sllidar_ros2) StderrLine: {'line': b'      |                                       \x1b[01;35m\x1b[K~~~~~~~~~^~~~~~~\x1b[m\x1b[K\n'}
[59.204575] (-) TimerEvent: {}
[59.305677] (-) TimerEvent: {}
[59.393345] (sllidar_ros2) StderrLine: {'line': b'\x1b[01m\x1b[K/home/arno/RoombaV2Onboard/src/sllidar_ros2/sdk/src/sl_lidar_driver.cpp:\x1b[m\x1b[K In member function \xe2\x80\x98\x1b[01m\x1b[Kvirtual sl_result sl::SlamtecLidarDriver::reset(sl_u32)\x1b[m\x1b[K\xe2\x80\x99:\n'}
[59.394201] (sllidar_ros2) StderrLine: {'line': b'\x1b[01m\x1b[K/home/arno/RoombaV2Onboard/src/sllidar_ros2/sdk/src/sl_lidar_driver.cpp:511:32:\x1b[m\x1b[K \x1b[01;35m\x1b[Kwarning: \x1b[m\x1b[Kunused parameter \xe2\x80\x98\x1b[01m\x1b[KtimeoutInMs\x1b[m\x1b[K\xe2\x80\x99 [\x1b[01;35m\x1b[K\x1b]8;;https://gcc.gnu.org/onlinedocs/gcc/Warning-Options.html#index-Wunused-parameter\x07-Wunused-parameter\x1b]8;;\x07\x1b[m\x1b[K]\n'}
[59.394977] (sllidar_ros2) StderrLine: {'line': b'  511 |         sl_result reset(\x1b[01;35m\x1b[Ksl_u32 timeoutInMs = DEFAULT_TIMEOUT\x1b[m\x1b[K)\n'}
[59.395670] (sllidar_ros2) StderrLine: {'line': b'      |                         \x1b[01;35m\x1b[K~~~~~~~^~~~~~~~~~~~~~~~~~~~~~~~~~~~~\x1b[m\x1b[K\n'}
[59.405909] (-) TimerEvent: {}
[59.437349] (sllidar_ros2) StderrLine: {'line': b'\x1b[01m\x1b[K/home/arno/RoombaV2Onboard/src/sllidar_ros2/sdk/src/sl_lidar_driver.cpp:\x1b[m\x1b[K In member function \xe2\x80\x98\x1b[01m\x1b[Kvirtual sl_result sl::SlamtecLidarDriver::startScan(bool, bool, sl_u32, sl::LidarScanMode*)\x1b[m\x1b[K\xe2\x80\x99:\n'}
[59.438254] (sllidar_ros2) StderrLine: {'line': b'\x1b[01m\x1b[K/home/arno/RoombaV2Onboard/src/sllidar_ros2/sdk/src/sl_lidar_driver.cpp:586:69:\x1b[m\x1b[K \x1b[01;35m\x1b[Kwarning: \x1b[m\x1b[Kunused parameter \xe2\x80\x98\x1b[01m\x1b[Koptions\x1b[m\x1b[K\xe2\x80\x99 [\x1b[01;35m\x1b[K\x1b]8;;https://gcc.gnu.org/onlinedocs/gcc/Warning-Options.html#index-Wunused-parameter\x07-Wunused-parameter\x1b]8;;\x07\x1b[m\x1b[K]\n'}
[59.439076] (sllidar_ros2) StderrLine: {'line': b'  586 |         sl_result startScan(bool force, bool useTypicalScan, \x1b[01;35m\x1b[Ksl_u32 options = 0\x1b[m\x1b[K, LidarScanMode* outUsedScanMode = nullptr)\n'}
[59.439870] (sllidar_ros2) StderrLine: {'line': b'      |                                                              \x1b[01;35m\x1b[K~~~~~~~^~~~~~~~~~~\x1b[m\x1b[K\n'}
[59.471467] (sllidar_ros2) StderrLine: {'line': b'\x1b[01m\x1b[K/home/arno/RoombaV2Onboard/src/sllidar_ros2/sdk/src/sl_lidar_driver.cpp:\x1b[m\x1b[K In member function \xe2\x80\x98\x1b[01m\x1b[Kvirtual sl_result sl::SlamtecLidarDriver::stop(sl_u32)\x1b[m\x1b[K\xe2\x80\x99:\n'}
[59.472657] (sllidar_ros2) StderrLine: {'line': b'\x1b[01m\x1b[K/home/arno/RoombaV2Onboard/src/sllidar_ros2/sdk/src/sl_lidar_driver.cpp:763:31:\x1b[m\x1b[K \x1b[01;35m\x1b[Kwarning: \x1b[m\x1b[Kunused parameter \xe2\x80\x98\x1b[01m\x1b[Ktimeout\x1b[m\x1b[K\xe2\x80\x99 [\x1b[01;35m\x1b[K\x1b]8;;https://gcc.gnu.org/onlinedocs/gcc/Warning-Options.html#index-Wunused-parameter\x07-Wunused-parameter\x1b]8;;\x07\x1b[m\x1b[K]\n'}
[59.473927] (sllidar_ros2) StderrLine: {'line': b'  763 |         sl_result stop(\x1b[01;35m\x1b[Ksl_u32 timeout = DEFAULT_TIMEOUT\x1b[m\x1b[K)\n'}
[59.475101] (sllidar_ros2) StderrLine: {'line': b'      |                        \x1b[01;35m\x1b[K~~~~~~~^~~~~~~~~~~~~~~~~~~~~~~~~\x1b[m\x1b[K\n'}
[59.506239] (-) TimerEvent: {}
[59.513492] (sllidar_ros2) StderrLine: {'line': b'\x1b[01m\x1b[K/home/arno/RoombaV2Onboard/src/sllidar_ros2/sdk/src/sl_lidar_driver.cpp:\x1b[m\x1b[K In member function \xe2\x80\x98\x1b[01m\x1b[Kvirtual sl_result sl::SlamtecLidarDriver::getFrequency(const sl::LidarScanMode&, const sl_lidar_response_measurement_node_hq_t*, size_t, float&)\x1b[m\x1b[K\xe2\x80\x99:\n'}
[59.514723] (sllidar_ros2) StderrLine: {'line': b'\x1b[01m\x1b[K/home/arno/RoombaV2Onboard/src/sllidar_ros2/sdk/src/sl_lidar_driver.cpp:880:110:\x1b[m\x1b[K \x1b[01;35m\x1b[Kwarning: \x1b[m\x1b[Kunused parameter \xe2\x80\x98\x1b[01m\x1b[Knodes\x1b[m\x1b[K\xe2\x80\x99 [\x1b[01;35m\x1b[K\x1b]8;;https://gcc.gnu.org/onlinedocs/gcc/Warning-Options.html#index-Wunused-parameter\x07-Wunused-parameter\x1b]8;;\x07\x1b[m\x1b[K]\n'}
[59.516048] (sllidar_ros2) StderrLine: {'line': b'  880 |         sl_result getFrequency(const LidarScanMode& scanMode, \x1b[01;35m\x1b[Kconst sl_lidar_response_measurement_node_hq_t* nodes\x1b[m\x1b[K, size_t count, float& frequency)\n'}
[59.517293] (sllidar_ros2) StderrLine: {'line': b'      |                                                               \x1b[01;35m\x1b[K~~~~~~~~~~~~~~~~~~~~~~~~~~~~~~~~~~~~~~~~~~~~~~~^~~~~\x1b[m\x1b[K\n'}
[59.540971] (sllidar_ros2) StderrLine: {'line': b'\x1b[01m\x1b[K/home/arno/RoombaV2Onboard/src/sllidar_ros2/sdk/src/sl_lidar_driver.cpp:\x1b[m\x1b[K In member function \xe2\x80\x98\x1b[01m\x1b[Kvirtual sl_result sl::SlamtecLidarDriver::getMotorInfo(sl::LidarMotorInfo&, sl_u32)\x1b[m\x1b[K\xe2\x80\x99:\n'}
[59.541865] (sllidar_ros2) StderrLine: {'line': b'\x1b[01m\x1b[K/home/arno/RoombaV2Onboard/src/sllidar_ros2/sdk/src/sl_lidar_driver.cpp:1023:66:\x1b[m\x1b[K \x1b[01;35m\x1b[Kwarning: \x1b[m\x1b[Kunused parameter \xe2\x80\x98\x1b[01m\x1b[KtimeoutInMs\x1b[m\x1b[K\xe2\x80\x99 [\x1b[01;35m\x1b[K\x1b]8;;https://gcc.gnu.org/onlinedocs/gcc/Warning-Options.html#index-Wunused-parameter\x07-Wunused-parameter\x1b]8;;\x07\x1b[m\x1b[K]\n'}
[59.542787] (sllidar_ros2) StderrLine: {'line': b' 1023 |         sl_result getMotorInfo(LidarMotorInfo &motorInfo, \x1b[01;35m\x1b[Ksl_u32 timeoutInMs\x1b[m\x1b[K)\n'}
[59.543521] (sllidar_ros2) StderrLine: {'line': b'      |                                                           \x1b[01;35m\x1b[K~~~~~~~^~~~~~~~~~~\x1b[m\x1b[K\n'}
[59.559882] (sllidar_ros2) StderrLine: {'line': b'\x1b[01m\x1b[K/home/arno/RoombaV2Onboard/src/sllidar_ros2/sdk/src/sl_lidar_driver.cpp:\x1b[m\x1b[K In member function \xe2\x80\x98\x1b[01m\x1b[Ku_result sl::SlamtecLidarDriver::getScanModeCount(sl_u16&, sl_u32)\x1b[m\x1b[K\xe2\x80\x99:\n'}
[59.560720] (sllidar_ros2) StderrLine: {'line': b'\x1b[01m\x1b[K/home/arno/RoombaV2Onboard/src/sllidar_ros2/sdk/src/sl_lidar_driver.cpp:1199:61:\x1b[m\x1b[K \x1b[01;35m\x1b[Kwarning: \x1b[m\x1b[Kunused parameter \xe2\x80\x98\x1b[01m\x1b[KtimeoutInMs\x1b[m\x1b[K\xe2\x80\x99 [\x1b[01;35m\x1b[K\x1b]8;;https://gcc.gnu.org/onlinedocs/gcc/Warning-Options.html#index-Wunused-parameter\x07-Wunused-parameter\x1b]8;;\x07\x1b[m\x1b[K]\n'}
[59.561543] (sllidar_ros2) StderrLine: {'line': b' 1199 |         u_result getScanModeCount(sl_u16& modeCount, \x1b[01;35m\x1b[Ksl_u32 timeoutInMs = DEFAULT_TIMEOUT\x1b[m\x1b[K)\n'}
[59.562272] (sllidar_ros2) StderrLine: {'line': b'      |                                                      \x1b[01;35m\x1b[K~~~~~~~^~~~~~~~~~~~~~~~~~~~~~~~~~~~~\x1b[m\x1b[K\n'}
[59.606485] (-) TimerEvent: {}
[59.708153] (-) TimerEvent: {}
[59.809833] (-) TimerEvent: {}
[59.911792] (-) TimerEvent: {}
[59.920962] (sllidar_ros2) StderrLine: {'line': b'/home/arno/RoombaV2Onboard/src/sllidar_ros2/sdk/src/sl_lidar_driver.cpp: In instantiation of \xe2\x80\x98\x1b[01m\x1b[Kvoid sl::RawSampleNodeHolder<T>::pushNode(_u64, const T*) [with T = sl_lidar_response_measurement_node_hq_t; _u64 = long unsigned int]\x1b[m\x1b[K\xe2\x80\x99:\n'}
[59.921851] (sllidar_ros2) StderrLine: {'line': b'\x1b[01m\x1b[K/home/arno/RoombaV2Onboard/src/sllidar_ros2/sdk/src/sl_lidar_driver.cpp:1648:42:\x1b[m\x1b[K   required from here\n'}
[59.922568] (sllidar_ros2) StderrLine: {'line': b'\x1b[01m\x1b[K/home/arno/RoombaV2Onboard/src/sllidar_ros2/sdk/src/sl_lidar_driver.cpp:202:28:\x1b[m\x1b[K \x1b[01;35m\x1b[Kwarning: \x1b[m\x1b[Kunused parameter \xe2\x80\x98\x1b[01m\x1b[Ktimestamp_uS\x1b[m\x1b[K\xe2\x80\x99 [\x1b[01;35m\x1b[K\x1b]8;;https://gcc.gnu.org/onlinedocs/gcc/Warning-Options.html#index-Wunused-parameter\x07-Wunused-parameter\x1b]8;;\x07\x1b[m\x1b[K]\n'}
[59.923255] (sllidar_ros2) StderrLine: {'line': b'  202 |         void pushNode(\x1b[01;35m\x1b[K_u64 timestamp_uS\x1b[m\x1b[K, const T* node)\n'}
[59.923881] (sllidar_ros2) StderrLine: {'line': b'      |                       \x1b[01;35m\x1b[K~~~~~^~~~~~~~~~~~\x1b[m\x1b[K\n'}
[60.012079] (-) TimerEvent: {}
[60.114069] (-) TimerEvent: {}
[60.216580] (-) TimerEvent: {}
[60.319183] (-) TimerEvent: {}
[60.421864] (-) TimerEvent: {}
[60.523838] (-) TimerEvent: {}
[60.625748] (-) TimerEvent: {}
[60.727411] (-) TimerEvent: {}
[60.829334] (-) TimerEvent: {}
[60.917907] (sllidar_ros2) StderrLine: {'line': b'\x1b[01m\x1b[K/home/arno/RoombaV2Onboard/src/sllidar_ros2/sdk/src/sl_lidar_driver.cpp:\x1b[m\x1b[K At global scope:\n'}
[60.919429] (sllidar_ros2) StderrLine: {'line': b'\x1b[01m\x1b[K/home/arno/RoombaV2Onboard/src/sllidar_ros2/sdk/src/sl_lidar_driver.cpp:83:17:\x1b[m\x1b[K \x1b[01;35m\x1b[Kwarning: \x1b[m\x1b[K\xe2\x80\x98\x1b[01m\x1b[Kvoid sl::convert(const sl_lidar_response_measurement_node_hq_t&, sl_lidar_response_measurement_node_t&)\x1b[m\x1b[K\xe2\x80\x99 defined but not used [\x1b[01;35m\x1b[K\x1b]8;;https://gcc.gnu.org/onlinedocs/gcc/Warning-Options.html#index-Wunused-function\x07-Wunused-function\x1b]8;;\x07\x1b[m\x1b[K]\n'}
[60.920450] (sllidar_ros2) StderrLine: {'line': b'   83 |     static void \x1b[01;35m\x1b[Kconvert\x1b[m\x1b[K(const sl_lidar_response_measurement_node_hq_t& from, sl_lidar_response_measurement_node_t& to)\n'}
[60.921320] (sllidar_ros2) StderrLine: {'line': b'      |                 \x1b[01;35m\x1b[K^~~~~~~\x1b[m\x1b[K\n'}
[60.922031] (sllidar_ros2) StderrLine: {'line': b'\x1b[01m\x1b[K/home/arno/RoombaV2Onboard/src/sllidar_ros2/sdk/src/sl_lidar_driver.cpp:75:17:\x1b[m\x1b[K \x1b[01;35m\x1b[Kwarning: \x1b[m\x1b[K\xe2\x80\x98\x1b[01m\x1b[Kvoid sl::convert(const sl_lidar_response_measurement_node_t&, sl_lidar_response_measurement_node_hq_t&)\x1b[m\x1b[K\xe2\x80\x99 defined but not used [\x1b[01;35m\x1b[K\x1b]8;;https://gcc.gnu.org/onlinedocs/gcc/Warning-Options.html#index-Wunused-function\x07-Wunused-function\x1b]8;;\x07\x1b[m\x1b[K]\n'}
[60.922986] (sllidar_ros2) StderrLine: {'line': b'   75 |     static void \x1b[01;35m\x1b[Kconvert\x1b[m\x1b[K(const sl_lidar_response_measurement_node_t& from, sl_lidar_response_measurement_node_hq_t& to)\n'}
[60.924520] (sllidar_ros2) StderrLine: {'line': b'      |                 \x1b[01;35m\x1b[K^~~~~~~\x1b[m\x1b[K\n'}
[60.925863] (sllidar_ros2) StderrLine: {'line': b'\x1b[01m\x1b[K/home/arno/RoombaV2Onboard/src/sllidar_ros2/sdk/src/sl_lidar_driver.cpp:70:17:\x1b[m\x1b[K \x1b[01;35m\x1b[Kwarning: \x1b[m\x1b[K\xe2\x80\x98\x1b[01m\x1b[Kvoid sl::printDeprecationWarn(const char*, const char*)\x1b[m\x1b[K\xe2\x80\x99 defined but not used [\x1b[01;35m\x1b[K\x1b]8;;https://gcc.gnu.org/onlinedocs/gcc/Warning-Options.html#index-Wunused-function\x07-Wunused-function\x1b]8;;\x07\x1b[m\x1b[K]\n'}
[60.927362] (sllidar_ros2) StderrLine: {'line': b'   70 |     static void \x1b[01;35m\x1b[KprintDeprecationWarn\x1b[m\x1b[K(const char* fn, const char* replacement)\n'}
[60.928486] (sllidar_ros2) StderrLine: {'line': b'      |                 \x1b[01;35m\x1b[K^~~~~~~~~~~~~~~~~~~~\x1b[m\x1b[K\n'}
[60.937562] (-) TimerEvent: {}
[61.039246] (-) TimerEvent: {}
[61.140966] (-) TimerEvent: {}
[61.242716] (-) TimerEvent: {}
[61.344572] (-) TimerEvent: {}
[61.446378] (-) TimerEvent: {}
[61.548152] (-) TimerEvent: {}
[61.650234] (-) TimerEvent: {}
[61.752075] (-) TimerEvent: {}
[61.853984] (-) TimerEvent: {}
[61.955720] (-) TimerEvent: {}
[62.057407] (-) TimerEvent: {}
[62.159160] (-) TimerEvent: {}
[62.260863] (-) TimerEvent: {}
[62.362404] (-) TimerEvent: {}
[62.464553] (-) TimerEvent: {}
[62.566234] (-) TimerEvent: {}
[62.667835] (-) TimerEvent: {}
[62.769532] (-) TimerEvent: {}
[62.871313] (-) TimerEvent: {}
[62.973007] (-) TimerEvent: {}
[63.074793] (-) TimerEvent: {}
[63.176617] (-) TimerEvent: {}
[63.278857] (-) TimerEvent: {}
[63.380646] (-) TimerEvent: {}
[63.482506] (-) TimerEvent: {}
[63.584500] (-) TimerEvent: {}
[63.686296] (-) TimerEvent: {}
[63.788112] (-) TimerEvent: {}
[63.890179] (-) TimerEvent: {}
[63.991908] (-) TimerEvent: {}
[64.093673] (-) TimerEvent: {}
[64.195442] (-) TimerEvent: {}
[64.297093] (-) TimerEvent: {}
[64.398775] (-) TimerEvent: {}
[64.500490] (-) TimerEvent: {}
[64.602608] (-) TimerEvent: {}
[64.704345] (-) TimerEvent: {}
[64.806070] (-) TimerEvent: {}
[64.907846] (-) TimerEvent: {}
[65.009615] (-) TimerEvent: {}
[65.111353] (-) TimerEvent: {}
[65.213149] (-) TimerEvent: {}
[65.314991] (-) TimerEvent: {}
[65.416860] (-) TimerEvent: {}
[65.518702] (-) TimerEvent: {}
[65.620683] (-) TimerEvent: {}
[65.722557] (-) TimerEvent: {}
[65.824470] (-) TimerEvent: {}
[65.926383] (-) TimerEvent: {}
[66.028447] (-) TimerEvent: {}
[66.130439] (-) TimerEvent: {}
[66.232333] (-) TimerEvent: {}
[66.334255] (-) TimerEvent: {}
[66.436327] (-) TimerEvent: {}
[66.538596] (-) TimerEvent: {}
[66.640281] (-) TimerEvent: {}
[66.741888] (-) TimerEvent: {}
[66.843518] (-) TimerEvent: {}
[66.945097] (-) TimerEvent: {}
[67.046675] (-) TimerEvent: {}
[67.148351] (-) TimerEvent: {}
[67.249996] (-) TimerEvent: {}
[67.351752] (-) TimerEvent: {}
[67.453578] (-) TimerEvent: {}
[67.555425] (-) TimerEvent: {}
[67.656984] (-) TimerEvent: {}
[67.758660] (-) TimerEvent: {}
[67.860425] (-) TimerEvent: {}
[67.962250] (-) TimerEvent: {}
[68.063943] (-) TimerEvent: {}
[68.165907] (-) TimerEvent: {}
[68.267063] (-) TimerEvent: {}
[68.368674] (-) TimerEvent: {}
[68.470441] (-) TimerEvent: {}
[68.571977] (-) TimerEvent: {}
[68.673599] (-) TimerEvent: {}
[68.775128] (-) TimerEvent: {}
[68.876673] (-) TimerEvent: {}
[68.978237] (-) TimerEvent: {}
[69.079571] (-) TimerEvent: {}
[69.181297] (-) TimerEvent: {}
[69.283099] (-) TimerEvent: {}
[69.384823] (-) TimerEvent: {}
[69.486426] (-) TimerEvent: {}
[69.587823] (-) TimerEvent: {}
[69.689574] (-) TimerEvent: {}
[69.791440] (-) TimerEvent: {}
[69.893158] (-) TimerEvent: {}
[69.994874] (-) TimerEvent: {}
[70.096664] (-) TimerEvent: {}
[70.198471] (-) TimerEvent: {}
[70.300384] (-) TimerEvent: {}
[70.402066] (-) TimerEvent: {}
[70.503857] (-) TimerEvent: {}
[70.605904] (-) TimerEvent: {}
[70.708092] (-) TimerEvent: {}
[70.810197] (-) TimerEvent: {}
[70.912294] (-) TimerEvent: {}
[71.014443] (-) TimerEvent: {}
[71.117226] (-) TimerEvent: {}
[71.220025] (-) TimerEvent: {}
[71.323409] (-) TimerEvent: {}
[71.424902] (-) TimerEvent: {}
[71.526388] (-) TimerEvent: {}
[71.628120] (-) TimerEvent: {}
[71.729823] (-) TimerEvent: {}
[71.831458] (-) TimerEvent: {}
[71.933564] (-) TimerEvent: {}
[72.035327] (-) TimerEvent: {}
[72.137257] (-) TimerEvent: {}
[72.240030] (-) TimerEvent: {}
[72.343084] (-) TimerEvent: {}
[72.445171] (-) TimerEvent: {}
[72.548389] (-) TimerEvent: {}
[72.651068] (-) TimerEvent: {}
[72.752854] (-) TimerEvent: {}
[72.854714] (-) TimerEvent: {}
[72.956547] (-) TimerEvent: {}
[73.058215] (-) TimerEvent: {}
[73.159878] (-) TimerEvent: {}
[73.261618] (-) TimerEvent: {}
[73.363403] (-) TimerEvent: {}
[73.465230] (-) TimerEvent: {}
[73.566995] (-) TimerEvent: {}
[73.668666] (-) TimerEvent: {}
[73.770393] (-) TimerEvent: {}
[73.887798] (-) TimerEvent: {}
[73.890003] (sllidar_ros2) StdoutLine: {'line': b'[ 75%] \x1b[32mBuilding CXX object CMakeFiles/sllidar_node.dir/sdk/src/sl_serial_channel.cpp.o\x1b[0m\n'}
[73.988078] (-) TimerEvent: {}
[74.089172] (-) TimerEvent: {}
[74.190255] (-) TimerEvent: {}
[74.291245] (-) TimerEvent: {}
[74.392107] (-) TimerEvent: {}
[74.493052] (-) TimerEvent: {}
[74.594037] (-) TimerEvent: {}
[74.695037] (-) TimerEvent: {}
[74.796784] (-) TimerEvent: {}
[74.898731] (-) TimerEvent: {}
[75.000655] (-) TimerEvent: {}
[75.103313] (-) TimerEvent: {}
[75.205343] (-) TimerEvent: {}
[75.307256] (-) TimerEvent: {}
[75.409371] (-) TimerEvent: {}
[75.511671] (-) TimerEvent: {}
[75.613807] (-) TimerEvent: {}
[75.715902] (-) TimerEvent: {}
[75.818177] (-) TimerEvent: {}
[75.919339] (-) TimerEvent: {}
[76.020481] (-) TimerEvent: {}
[76.121531] (-) TimerEvent: {}
[76.222550] (-) TimerEvent: {}
[76.323584] (-) TimerEvent: {}
[76.424722] (-) TimerEvent: {}
[76.525835] (-) TimerEvent: {}
[76.605136] (sllidar_ros2) StderrLine: {'line': b'In file included from \x1b[01m\x1b[K/home/arno/RoombaV2Onboard/src/sllidar_ros2/./sdk/include/sl_lidar_cmd.h:41\x1b[m\x1b[K,\n'}
[76.609092] (sllidar_ros2) StderrLine: {'line': b'                 from \x1b[01m\x1b[K/home/arno/RoombaV2Onboard/src/sllidar_ros2/./sdk/include/sl_lidar_driver.h:54\x1b[m\x1b[K,\n'}
[76.610362] (sllidar_ros2) StderrLine: {'line': b'                 from \x1b[01m\x1b[K/home/arno/RoombaV2Onboard/src/sllidar_ros2/sdk/src/sl_serial_channel.cpp:33\x1b[m\x1b[K:\n'}
[76.611138] (sllidar_ros2) StderrLine: {'line': b'\x1b[01m\x1b[K/home/arno/RoombaV2Onboard/src/sllidar_ros2/./sdk/include/sl_lidar_protocol.h:66:16:\x1b[m\x1b[K \x1b[01;35m\x1b[Kwarning: \x1b[m\x1b[KISO C++ forbids zero-size array \xe2\x80\x98\x1b[01m\x1b[Kdata\x1b[m\x1b[K\xe2\x80\x99 [\x1b[01;35m\x1b[K\x1b]8;;https://gcc.gnu.org/onlinedocs/gcc/Warning-Options.html#index-Wpedantic\x07-Wpedantic\x1b]8;;\x07\x1b[m\x1b[K]\n'}
[76.611907] (sllidar_ros2) StderrLine: {'line': b'   66 |     sl_u8 data[\x1b[01;35m\x1b[K0\x1b[m\x1b[K];\n'}
[76.612640] (sllidar_ros2) StderrLine: {'line': b'      |                \x1b[01;35m\x1b[K^\x1b[m\x1b[K\n'}
[76.613378] (sllidar_ros2) StderrLine: {'line': b'In file included from \x1b[01m\x1b[K/home/arno/RoombaV2Onboard/src/sllidar_ros2/./sdk/include/sl_lidar_driver.h:54\x1b[m\x1b[K,\n'}
[76.614115] (sllidar_ros2) StderrLine: {'line': b'                 from \x1b[01m\x1b[K/home/arno/RoombaV2Onboard/src/sllidar_ros2/sdk/src/sl_serial_channel.cpp:33\x1b[m\x1b[K:\n'}
[76.614819] (sllidar_ros2) StderrLine: {'line': b'\x1b[01m\x1b[K/home/arno/RoombaV2Onboard/src/sllidar_ros2/./sdk/include/sl_lidar_cmd.h:324:20:\x1b[m\x1b[K \x1b[01;35m\x1b[Kwarning: \x1b[m\x1b[KISO C++ forbids zero-size array \xe2\x80\x98\x1b[01m\x1b[Kpayload\x1b[m\x1b[K\xe2\x80\x99 [\x1b[01;35m\x1b[K\x1b]8;;https://gcc.gnu.org/onlinedocs/gcc/Warning-Options.html#index-Wpedantic\x07-Wpedantic\x1b]8;;\x07\x1b[m\x1b[K]\n'}
[76.615544] (sllidar_ros2) StderrLine: {'line': b'  324 |     sl_u8  payload[\x1b[01;35m\x1b[K0\x1b[m\x1b[K];\n'}
[76.616262] (sllidar_ros2) StderrLine: {'line': b'      |                    \x1b[01;35m\x1b[K^\x1b[m\x1b[K\n'}
[76.626108] (-) TimerEvent: {}
[76.727227] (-) TimerEvent: {}
[76.828232] (-) TimerEvent: {}
[76.929360] (-) TimerEvent: {}
[76.988402] (sllidar_ros2) StdoutLine: {'line': b'[ 80%] \x1b[32mBuilding CXX object CMakeFiles/sllidar_node.dir/sdk/src/sl_tcp_channel.cpp.o\x1b[0m\n'}
[77.029621] (-) TimerEvent: {}
[77.130710] (-) TimerEvent: {}
[77.231887] (-) TimerEvent: {}
[77.332934] (-) TimerEvent: {}
[77.433991] (-) TimerEvent: {}
[77.535108] (-) TimerEvent: {}
[77.636993] (-) TimerEvent: {}
[77.738903] (-) TimerEvent: {}
[77.841089] (-) TimerEvent: {}
[77.943042] (-) TimerEvent: {}
[78.052970] (-) TimerEvent: {}
[78.155718] (-) TimerEvent: {}
[78.264975] (-) TimerEvent: {}
[78.365981] (-) TimerEvent: {}
[78.466990] (-) TimerEvent: {}
[78.569556] (-) TimerEvent: {}
[78.670697] (-) TimerEvent: {}
[78.773675] (-) TimerEvent: {}
[78.874727] (-) TimerEvent: {}
[78.976980] (-) TimerEvent: {}
[79.079106] (-) TimerEvent: {}
[79.130182] (sllidar_ros2) StderrLine: {'line': b'In file included from \x1b[01m\x1b[K/home/arno/RoombaV2Onboard/src/sllidar_ros2/./sdk/include/sl_lidar_cmd.h:41\x1b[m\x1b[K,\n'}
[79.131573] (sllidar_ros2) StderrLine: {'line': b'                 from \x1b[01m\x1b[K/home/arno/RoombaV2Onboard/src/sllidar_ros2/./sdk/include/sl_lidar_driver.h:54\x1b[m\x1b[K,\n'}
[79.132444] (sllidar_ros2) StderrLine: {'line': b'                 from \x1b[01m\x1b[K/home/arno/RoombaV2Onboard/src/sllidar_ros2/sdk/src/sl_tcp_channel.cpp:33\x1b[m\x1b[K:\n'}
[79.133429] (sllidar_ros2) StderrLine: {'line': b'\x1b[01m\x1b[K/home/arno/RoombaV2Onboard/src/sllidar_ros2/./sdk/include/sl_lidar_protocol.h:66:16:\x1b[m\x1b[K \x1b[01;35m\x1b[Kwarning: \x1b[m\x1b[KISO C++ forbids zero-size array \xe2\x80\x98\x1b[01m\x1b[Kdata\x1b[m\x1b[K\xe2\x80\x99 [\x1b[01;35m\x1b[K\x1b]8;;https://gcc.gnu.org/onlinedocs/gcc/Warning-Options.html#index-Wpedantic\x07-Wpedantic\x1b]8;;\x07\x1b[m\x1b[K]\n'}
[79.134200] (sllidar_ros2) StderrLine: {'line': b'   66 |     sl_u8 data[\x1b[01;35m\x1b[K0\x1b[m\x1b[K];\n'}
[79.134899] (sllidar_ros2) StderrLine: {'line': b'      |                \x1b[01;35m\x1b[K^\x1b[m\x1b[K\n'}
[79.136502] (sllidar_ros2) StderrLine: {'line': b'In file included from \x1b[01m\x1b[K/home/arno/RoombaV2Onboard/src/sllidar_ros2/./sdk/include/sl_lidar_driver.h:54\x1b[m\x1b[K,\n'}
[79.137471] (sllidar_ros2) StderrLine: {'line': b'                 from \x1b[01m\x1b[K/home/arno/RoombaV2Onboard/src/sllidar_ros2/sdk/src/sl_tcp_channel.cpp:33\x1b[m\x1b[K:\n'}
[79.138224] (sllidar_ros2) StderrLine: {'line': b'\x1b[01m\x1b[K/home/arno/RoombaV2Onboard/src/sllidar_ros2/./sdk/include/sl_lidar_cmd.h:324:20:\x1b[m\x1b[K \x1b[01;35m\x1b[Kwarning: \x1b[m\x1b[KISO C++ forbids zero-size array \xe2\x80\x98\x1b[01m\x1b[Kpayload\x1b[m\x1b[K\xe2\x80\x99 [\x1b[01;35m\x1b[K\x1b]8;;https://gcc.gnu.org/onlinedocs/gcc/Warning-Options.html#index-Wpedantic\x07-Wpedantic\x1b]8;;\x07\x1b[m\x1b[K]\n'}
[79.138907] (sllidar_ros2) StderrLine: {'line': b'  324 |     sl_u8  payload[\x1b[01;35m\x1b[K0\x1b[m\x1b[K];\n'}
[79.139586] (sllidar_ros2) StderrLine: {'line': b'      |                    \x1b[01;35m\x1b[K^\x1b[m\x1b[K\n'}
[79.158801] (sllidar_ros2) StderrLine: {'line': b'\x1b[01m\x1b[K/home/arno/RoombaV2Onboard/src/sllidar_ros2/sdk/src/sl_tcp_channel.cpp:\x1b[m\x1b[K In member function \xe2\x80\x98\x1b[01m\x1b[Kvoid sl::TcpChannel::setStatus(_u32)\x1b[m\x1b[K\xe2\x80\x99:\n'}
[79.159780] (sllidar_ros2) StderrLine: {'line': b'\x1b[01m\x1b[K/home/arno/RoombaV2Onboard/src/sllidar_ros2/sdk/src/sl_tcp_channel.cpp:109:29:\x1b[m\x1b[K \x1b[01;35m\x1b[Kwarning: \x1b[m\x1b[Kunused parameter \xe2\x80\x98\x1b[01m\x1b[Kflag\x1b[m\x1b[K\xe2\x80\x99 [\x1b[01;35m\x1b[K\x1b]8;;https://gcc.gnu.org/onlinedocs/gcc/Warning-Options.html#index-Wunused-parameter\x07-Wunused-parameter\x1b]8;;\x07\x1b[m\x1b[K]\n'}
[79.160578] (sllidar_ros2) StderrLine: {'line': b'  109 |         void setStatus(\x1b[01;35m\x1b[K_u32 flag\x1b[m\x1b[K){}\n'}
[79.161358] (sllidar_ros2) StderrLine: {'line': b'      |                        \x1b[01;35m\x1b[K~~~~~^~~~\x1b[m\x1b[K\n'}
[79.179299] (-) TimerEvent: {}
[79.281374] (-) TimerEvent: {}
[79.383446] (-) TimerEvent: {}
[79.485616] (-) TimerEvent: {}
[79.587896] (-) TimerEvent: {}
[79.690108] (-) TimerEvent: {}
[79.792208] (-) TimerEvent: {}
[79.896108] (-) TimerEvent: {}
[79.998152] (-) TimerEvent: {}
[80.099823] (-) TimerEvent: {}
[80.201784] (-) TimerEvent: {}
[80.258496] (sllidar_ros2) StdoutLine: {'line': b'[ 85%] \x1b[32mBuilding CXX object CMakeFiles/sllidar_node.dir/sdk/src/sl_udp_channel.cpp.o\x1b[0m\n'}
[80.302030] (-) TimerEvent: {}
[80.403996] (-) TimerEvent: {}
[80.505362] (-) TimerEvent: {}
[80.606734] (-) TimerEvent: {}
[80.708824] (-) TimerEvent: {}
[80.810934] (-) TimerEvent: {}
[80.913047] (-) TimerEvent: {}
[81.015538] (-) TimerEvent: {}
[81.117658] (-) TimerEvent: {}
[81.219234] (-) TimerEvent: {}
[81.321327] (-) TimerEvent: {}
[81.423451] (-) TimerEvent: {}
[81.525708] (-) TimerEvent: {}
[81.628341] (-) TimerEvent: {}
[81.730741] (-) TimerEvent: {}
[81.833151] (-) TimerEvent: {}
[81.934173] (-) TimerEvent: {}
[82.035281] (-) TimerEvent: {}
[82.136408] (-) TimerEvent: {}
[82.237553] (-) TimerEvent: {}
[82.338583] (-) TimerEvent: {}
[82.440968] (-) TimerEvent: {}
[82.542514] (-) TimerEvent: {}
[82.644332] (-) TimerEvent: {}
[82.746510] (-) TimerEvent: {}
[82.848712] (-) TimerEvent: {}
[82.939778] (sllidar_ros2) StderrLine: {'line': b'In file included from \x1b[01m\x1b[K/home/arno/RoombaV2Onboard/src/sllidar_ros2/./sdk/include/sl_lidar_cmd.h:41\x1b[m\x1b[K,\n'}
[82.941340] (sllidar_ros2) StderrLine: {'line': b'                 from \x1b[01m\x1b[K/home/arno/RoombaV2Onboard/src/sllidar_ros2/./sdk/include/sl_lidar_driver.h:54\x1b[m\x1b[K,\n'}
[82.942627] (sllidar_ros2) StderrLine: {'line': b'                 from \x1b[01m\x1b[K/home/arno/RoombaV2Onboard/src/sllidar_ros2/sdk/src/sl_udp_channel.cpp:33\x1b[m\x1b[K:\n'}
[82.944654] (sllidar_ros2) StderrLine: {'line': b'\x1b[01m\x1b[K/home/arno/RoombaV2Onboard/src/sllidar_ros2/./sdk/include/sl_lidar_protocol.h:66:16:\x1b[m\x1b[K \x1b[01;35m\x1b[Kwarning: \x1b[m\x1b[KISO C++ forbids zero-size array \xe2\x80\x98\x1b[01m\x1b[Kdata\x1b[m\x1b[K\xe2\x80\x99 [\x1b[01;35m\x1b[K\x1b]8;;https://gcc.gnu.org/onlinedocs/gcc/Warning-Options.html#index-Wpedantic\x07-Wpedantic\x1b]8;;\x07\x1b[m\x1b[K]\n'}
[82.946458] (sllidar_ros2) StderrLine: {'line': b'   66 |     sl_u8 data[\x1b[01;35m\x1b[K0\x1b[m\x1b[K];\n'}
[82.947188] (sllidar_ros2) StderrLine: {'line': b'      |                \x1b[01;35m\x1b[K^\x1b[m\x1b[K\n'}
[82.949001] (-) TimerEvent: {}
[82.952489] (sllidar_ros2) StderrLine: {'line': b'In file included from \x1b[01m\x1b[K/home/arno/RoombaV2Onboard/src/sllidar_ros2/./sdk/include/sl_lidar_driver.h:54\x1b[m\x1b[K,\n'}
[82.953966] (sllidar_ros2) StderrLine: {'line': b'                 from \x1b[01m\x1b[K/home/arno/RoombaV2Onboard/src/sllidar_ros2/sdk/src/sl_udp_channel.cpp:33\x1b[m\x1b[K:\n'}
[82.955228] (sllidar_ros2) StderrLine: {'line': b'\x1b[01m\x1b[K/home/arno/RoombaV2Onboard/src/sllidar_ros2/./sdk/include/sl_lidar_cmd.h:324:20:\x1b[m\x1b[K \x1b[01;35m\x1b[Kwarning: \x1b[m\x1b[KISO C++ forbids zero-size array \xe2\x80\x98\x1b[01m\x1b[Kpayload\x1b[m\x1b[K\xe2\x80\x99 [\x1b[01;35m\x1b[K\x1b]8;;https://gcc.gnu.org/onlinedocs/gcc/Warning-Options.html#index-Wpedantic\x07-Wpedantic\x1b]8;;\x07\x1b[m\x1b[K]\n'}
[82.956506] (sllidar_ros2) StderrLine: {'line': b'  324 |     sl_u8  payload[\x1b[01;35m\x1b[K0\x1b[m\x1b[K];\n'}
[82.957864] (sllidar_ros2) StderrLine: {'line': b'      |                    \x1b[01;35m\x1b[K^\x1b[m\x1b[K\n'}
[82.987226] (sllidar_ros2) StderrLine: {'line': b'\x1b[01m\x1b[K/home/arno/RoombaV2Onboard/src/sllidar_ros2/sdk/src/sl_udp_channel.cpp:\x1b[m\x1b[K In member function \xe2\x80\x98\x1b[01m\x1b[Kvoid sl::UdpChannel::setStatus(_u32)\x1b[m\x1b[K\xe2\x80\x99:\n'}
[82.989279] (sllidar_ros2) StderrLine: {'line': b'\x1b[01m\x1b[K/home/arno/RoombaV2Onboard/src/sllidar_ros2/sdk/src/sl_udp_channel.cpp:112:29:\x1b[m\x1b[K \x1b[01;35m\x1b[Kwarning: \x1b[m\x1b[Kunused parameter \xe2\x80\x98\x1b[01m\x1b[Kflag\x1b[m\x1b[K\xe2\x80\x99 [\x1b[01;35m\x1b[K\x1b]8;;https://gcc.gnu.org/onlinedocs/gcc/Warning-Options.html#index-Wunused-parameter\x07-Wunused-parameter\x1b]8;;\x07\x1b[m\x1b[K]\n'}
[82.990159] (sllidar_ros2) StderrLine: {'line': b'  112 |         void setStatus(\x1b[01;35m\x1b[K_u32 flag\x1b[m\x1b[K){}\n'}
[82.990901] (sllidar_ros2) StderrLine: {'line': b'      |                        \x1b[01;35m\x1b[K~~~~~^~~~\x1b[m\x1b[K\n'}
[83.049250] (-) TimerEvent: {}
[83.151058] (-) TimerEvent: {}
[83.252829] (-) TimerEvent: {}
[83.354382] (-) TimerEvent: {}
[83.429925] (sllidar_ros2) StdoutLine: {'line': b'[ 90%] \x1b[32mBuilding CXX object CMakeFiles/sllidar_node.dir/sdk/src/sl_lidarprotocol_codec.cpp.o\x1b[0m\n'}
[83.454609] (-) TimerEvent: {}
[83.556359] (-) TimerEvent: {}
[83.658078] (-) TimerEvent: {}
[83.759620] (-) TimerEvent: {}
[83.861205] (-) TimerEvent: {}
[83.962688] (-) TimerEvent: {}
[84.064271] (-) TimerEvent: {}
[84.166008] (-) TimerEvent: {}
[84.267878] (-) TimerEvent: {}
[84.369569] (-) TimerEvent: {}
[84.471350] (-) TimerEvent: {}
[84.573167] (-) TimerEvent: {}
[84.675133] (-) TimerEvent: {}
[84.776924] (-) TimerEvent: {}
[84.878612] (-) TimerEvent: {}
[84.980385] (-) TimerEvent: {}
[85.082433] (-) TimerEvent: {}
[85.183685] (-) TimerEvent: {}
[85.285088] (-) TimerEvent: {}
[85.386818] (-) TimerEvent: {}
[85.489270] (-) TimerEvent: {}
[85.591269] (-) TimerEvent: {}
[85.693494] (-) TimerEvent: {}
[85.795478] (-) TimerEvent: {}
[86.238361] (-) TimerEvent: {}
[86.339182] (-) TimerEvent: {}
[86.440947] (-) TimerEvent: {}
[86.542648] (-) TimerEvent: {}
[86.644524] (-) TimerEvent: {}
[86.746799] (-) TimerEvent: {}
[86.848813] (-) TimerEvent: {}
[86.950574] (-) TimerEvent: {}
[87.052319] (-) TimerEvent: {}
[87.154384] (-) TimerEvent: {}
[87.256525] (-) TimerEvent: {}
[87.357634] (-) TimerEvent: {}
[87.459363] (-) TimerEvent: {}
[87.561353] (-) TimerEvent: {}
[87.663533] (-) TimerEvent: {}
[87.765892] (-) TimerEvent: {}
[87.867022] (-) TimerEvent: {}
[87.968454] (-) TimerEvent: {}
[88.069675] (-) TimerEvent: {}
[88.173000] (-) TimerEvent: {}
[89.693136] (-) TimerEvent: {}
[89.706323] (sllidar_ros2) StderrLine: {'line': b'In file included from \x1b[01m\x1b[K/home/arno/RoombaV2Onboard/src/sllidar_ros2/./sdk/include/rplidar_protocol.h:36\x1b[m\x1b[K,\n'}
[89.746471] (sllidar_ros2) StderrLine: {'line': b'                 from \x1b[01m\x1b[K/home/arno/RoombaV2Onboard/src/sllidar_ros2/./sdk/include/rplidar.h:39\x1b[m\x1b[K,\n'}
[89.747479] (sllidar_ros2) StderrLine: {'line': b'                 from \x1b[01m\x1b[K/home/arno/RoombaV2Onboard/src/sllidar_ros2/sdk/src/sdkcommon.h:49\x1b[m\x1b[K,\n'}
[89.748325] (sllidar_ros2) StderrLine: {'line': b'                 from \x1b[01m\x1b[K/home/arno/RoombaV2Onboard/src/sllidar_ros2/sdk/src/sl_lidarprotocol_codec.cpp:35\x1b[m\x1b[K:\n'}
[89.749079] (sllidar_ros2) StderrLine: {'line': b'\x1b[01m\x1b[K/home/arno/RoombaV2Onboard/src/sllidar_ros2/./sdk/include/sl_lidar_protocol.h:66:16:\x1b[m\x1b[K \x1b[01;35m\x1b[Kwarning: \x1b[m\x1b[KISO C++ forbids zero-size array \xe2\x80\x98\x1b[01m\x1b[Kdata\x1b[m\x1b[K\xe2\x80\x99 [\x1b[01;35m\x1b[K\x1b]8;;https://gcc.gnu.org/onlinedocs/gcc/Warning-Options.html#index-Wpedantic\x07-Wpedantic\x1b]8;;\x07\x1b[m\x1b[K]\n'}
[89.749881] (sllidar_ros2) StderrLine: {'line': b'   66 |     sl_u8 data[\x1b[01;35m\x1b[K0\x1b[m\x1b[K];\n'}
[89.750609] (sllidar_ros2) StderrLine: {'line': b'      |                \x1b[01;35m\x1b[K^\x1b[m\x1b[K\n'}
[89.751350] (sllidar_ros2) StderrLine: {'line': b'In file included from \x1b[01m\x1b[K/home/arno/RoombaV2Onboard/src/sllidar_ros2/./sdk/include/rplidar_cmd.h:36\x1b[m\x1b[K,\n'}
[89.751988] (sllidar_ros2) StderrLine: {'line': b'                 from \x1b[01m\x1b[K/home/arno/RoombaV2Onboard/src/sllidar_ros2/./sdk/include/rplidar.h:40\x1b[m\x1b[K,\n'}
[89.752619] (sllidar_ros2) StderrLine: {'line': b'                 from \x1b[01m\x1b[K/home/arno/RoombaV2Onboard/src/sllidar_ros2/sdk/src/sdkcommon.h:49\x1b[m\x1b[K,\n'}
[89.753327] (sllidar_ros2) StderrLine: {'line': b'                 from \x1b[01m\x1b[K/home/arno/RoombaV2Onboard/src/sllidar_ros2/sdk/src/sl_lidarprotocol_codec.cpp:35\x1b[m\x1b[K:\n'}
[89.754016] (sllidar_ros2) StderrLine: {'line': b'\x1b[01m\x1b[K/home/arno/RoombaV2Onboard/src/sllidar_ros2/./sdk/include/sl_lidar_cmd.h:324:20:\x1b[m\x1b[K \x1b[01;35m\x1b[Kwarning: \x1b[m\x1b[KISO C++ forbids zero-size array \xe2\x80\x98\x1b[01m\x1b[Kpayload\x1b[m\x1b[K\xe2\x80\x99 [\x1b[01;35m\x1b[K\x1b]8;;https://gcc.gnu.org/onlinedocs/gcc/Warning-Options.html#index-Wpedantic\x07-Wpedantic\x1b]8;;\x07\x1b[m\x1b[K]\n'}
[89.754864] (sllidar_ros2) StderrLine: {'line': b'  324 |     sl_u8  payload[\x1b[01;35m\x1b[K0\x1b[m\x1b[K];\n'}
[89.755589] (sllidar_ros2) StderrLine: {'line': b'      |                    \x1b[01;35m\x1b[K^\x1b[m\x1b[K\n'}
[89.756424] (sllidar_ros2) StderrLine: {'line': b'In file included from \x1b[01m\x1b[K/home/arno/RoombaV2Onboard/src/sllidar_ros2/sdk/src/sl_lidarprotocol_codec.cpp:49\x1b[m\x1b[K:\n'}
[89.768535] (sllidar_ros2) StderrLine: {'line': b'\x1b[01m\x1b[K/home/arno/RoombaV2Onboard/src/sllidar_ros2/sdk/src/sl_async_transceiver.h:\x1b[m\x1b[K In member function \xe2\x80\x98\x1b[01m\x1b[Kvirtual void sl::internal::IAsyncProtocolCodec::onChannelError(u_result)\x1b[m\x1b[K\xe2\x80\x99:\n'}
[89.769450] (sllidar_ros2) StderrLine: {'line': b'\x1b[01m\x1b[K/home/arno/RoombaV2Onboard/src/sllidar_ros2/sdk/src/sl_async_transceiver.h:90:48:\x1b[m\x1b[K \x1b[01;35m\x1b[Kwarning: \x1b[m\x1b[Kunused parameter \xe2\x80\x98\x1b[01m\x1b[KerrCode\x1b[m\x1b[K\xe2\x80\x99 [\x1b[01;35m\x1b[K\x1b]8;;https://gcc.gnu.org/onlinedocs/gcc/Warning-Options.html#index-Wunused-parameter\x07-Wunused-parameter\x1b]8;;\x07\x1b[m\x1b[K]\n'}
[89.770418] (sllidar_ros2) StderrLine: {'line': b'   90 |         virtual void   onChannelError(\x1b[01;35m\x1b[Ku_result errCode\x1b[m\x1b[K) {}\n'}
[89.771147] (sllidar_ros2) StderrLine: {'line': b'      |                                       \x1b[01;35m\x1b[K~~~~~~~~~^~~~~~~\x1b[m\x1b[K\n'}
[89.793369] (-) TimerEvent: {}
[89.894477] (-) TimerEvent: {}
[89.995628] (-) TimerEvent: {}
[90.097524] (-) TimerEvent: {}
[90.199497] (-) TimerEvent: {}
[90.216349] (sllidar_ros2) StdoutLine: {'line': b'[ 95%] \x1b[32m\x1b[1mLinking CXX executable sllidar_node\x1b[0m\n'}
[90.299791] (-) TimerEvent: {}
[90.401329] (-) TimerEvent: {}
[90.502847] (-) TimerEvent: {}
[90.605794] (-) TimerEvent: {}
[90.707791] (-) TimerEvent: {}
[90.810181] (-) TimerEvent: {}
[90.912082] (-) TimerEvent: {}
[91.013930] (-) TimerEvent: {}
[91.115792] (-) TimerEvent: {}
[91.217231] (-) TimerEvent: {}
[91.318194] (-) TimerEvent: {}
[91.419274] (-) TimerEvent: {}
[91.521194] (-) TimerEvent: {}
[91.623275] (-) TimerEvent: {}
[91.726818] (-) TimerEvent: {}
[91.828608] (-) TimerEvent: {}
[91.931142] (-) TimerEvent: {}
[92.032266] (-) TimerEvent: {}
[92.133408] (-) TimerEvent: {}
[92.235363] (-) TimerEvent: {}
[92.337444] (-) TimerEvent: {}
[92.439404] (-) TimerEvent: {}
[92.541103] (-) TimerEvent: {}
[92.642955] (-) TimerEvent: {}
[92.744533] (-) TimerEvent: {}
[92.845357] (-) TimerEvent: {}
[92.946419] (-) TimerEvent: {}
[93.047438] (-) TimerEvent: {}
[93.148442] (-) TimerEvent: {}
[93.249252] (-) TimerEvent: {}
[93.350160] (-) TimerEvent: {}
[93.451073] (-) TimerEvent: {}
[93.552037] (-) TimerEvent: {}
[93.654390] (-) TimerEvent: {}
[93.756367] (-) TimerEvent: {}
[93.858555] (-) TimerEvent: {}
[93.960829] (-) TimerEvent: {}
[94.063395] (-) TimerEvent: {}
[94.165658] (-) TimerEvent: {}
[94.267505] (-) TimerEvent: {}
[94.369486] (-) TimerEvent: {}
[94.470619] (-) TimerEvent: {}
[94.571710] (-) TimerEvent: {}
[94.672672] (-) TimerEvent: {}
[94.773551] (-) TimerEvent: {}
[94.874420] (-) TimerEvent: {}
[94.975837] (-) TimerEvent: {}
[95.076812] (-) TimerEvent: {}
[95.177868] (-) TimerEvent: {}
[95.278950] (-) TimerEvent: {}
[95.380060] (-) TimerEvent: {}
[95.480971] (-) TimerEvent: {}
[95.495991] (sllidar_ros2) StdoutLine: {'line': b'[ 95%] Built target sllidar_node\n'}
[95.581217] (-) TimerEvent: {}
[95.682989] (-) TimerEvent: {}
[95.784307] (-) TimerEvent: {}
[95.885842] (-) TimerEvent: {}
[95.993003] (-) TimerEvent: {}
[96.100947] (-) TimerEvent: {}
[96.205086] (-) TimerEvent: {}
[96.313073] (-) TimerEvent: {}
[96.414439] (-) TimerEvent: {}
[96.515504] (-) TimerEvent: {}
[96.616560] (-) TimerEvent: {}
[96.717614] (-) TimerEvent: {}
[96.818754] (-) TimerEvent: {}
[96.919788] (-) TimerEvent: {}
[97.020919] (-) TimerEvent: {}
[97.121966] (-) TimerEvent: {}
[97.222937] (-) TimerEvent: {}
[97.323977] (-) TimerEvent: {}
[97.425059] (-) TimerEvent: {}
[97.526789] (-) TimerEvent: {}
[97.628307] (-) TimerEvent: {}
[97.730118] (-) TimerEvent: {}
[97.832699] (-) TimerEvent: {}
[97.934431] (-) TimerEvent: {}
[98.036309] (-) TimerEvent: {}
[98.138105] (-) TimerEvent: {}
[98.239904] (-) TimerEvent: {}
[98.341658] (-) TimerEvent: {}
[98.444054] (-) TimerEvent: {}
[98.547842] (-) TimerEvent: {}
[98.649972] (-) TimerEvent: {}
[98.751916] (-) TimerEvent: {}
[98.853809] (-) TimerEvent: {}
[98.956097] (-) TimerEvent: {}
[99.058045] (-) TimerEvent: {}
[99.159917] (-) TimerEvent: {}
[99.262690] (-) TimerEvent: {}
[99.364485] (-) TimerEvent: {}
[99.466081] (-) TimerEvent: {}
[99.476083] (sllidar_ros2) StdoutLine: {'line': b'[100%] \x1b[32m\x1b[1mLinking CXX executable sllidar_client\x1b[0m\n'}
[99.566336] (-) TimerEvent: {}
[99.667641] (-) TimerEvent: {}
[99.769343] (-) TimerEvent: {}
[99.870861] (-) TimerEvent: {}
[99.972689] (-) TimerEvent: {}
[100.073785] (-) TimerEvent: {}
[100.174868] (-) TimerEvent: {}
[100.275931] (-) TimerEvent: {}
[100.376995] (-) TimerEvent: {}
[100.478110] (-) TimerEvent: {}
[100.580000] (-) TimerEvent: {}
[100.682094] (-) TimerEvent: {}
[100.784581] (-) TimerEvent: {}
[100.887867] (-) TimerEvent: {}
[100.990154] (-) TimerEvent: {}
[101.092629] (-) TimerEvent: {}
[101.196025] (-) TimerEvent: {}
[101.298744] (-) TimerEvent: {}
[101.400496] (-) TimerEvent: {}
[101.502375] (-) TimerEvent: {}
[101.604627] (-) TimerEvent: {}
[101.707634] (-) TimerEvent: {}
[101.809191] (-) TimerEvent: {}
[101.910812] (-) TimerEvent: {}
[102.012526] (-) TimerEvent: {}
[102.114183] (-) TimerEvent: {}
[102.137476] (sllidar_ros2) StdoutLine: {'line': b'[100%] Built target sllidar_client\n'}
[102.214447] (-) TimerEvent: {}
[102.315303] (-) TimerEvent: {}
[102.434598] (-) TimerEvent: {}
[102.543000] (-) TimerEvent: {}
[102.574651] (sllidar_ros2) CommandEnded: {'returncode': 0}
[102.786374] (-) TimerEvent: {}
[102.890819] (-) TimerEvent: {}
[102.992033] (-) TimerEvent: {}
[103.093281] (-) TimerEvent: {}
[103.195396] (-) TimerEvent: {}
[103.307358] (-) TimerEvent: {}
[103.312629] (sllidar_ros2) JobProgress: {'identifier': 'sllidar_ros2', 'progress': 'install'}
[103.413991] (-) TimerEvent: {}
[103.465787] (sllidar_ros2) Command: {'cmd': ['/usr/bin/cmake', '--install', '/home/arno/RoombaV2Onboard/build/sllidar_ros2'], 'cwd': '/home/arno/RoombaV2Onboard/build/sllidar_ros2', 'env': OrderedDict([('LESSOPEN', '| /usr/bin/lesspipe %s'), ('USER', 'arno'), ('SSH_CLIENT', '192.168.207.158 54042 22'), ('LC_TIME', 'de_CH.UTF-8'), ('XDG_SESSION_TYPE', 'tty'), ('SHLVL', '1'), ('LD_LIBRARY_PATH', '/opt/ros/humble/opt/rviz_ogre_vendor/lib:/opt/ros/humble/lib/aarch64-linux-gnu:/opt/ros/humble/lib'), ('MOTD_SHOWN', 'pam'), ('HOME', '/home/arno'), ('OLDPWD', '/home/arno'), ('SSH_TTY', '/dev/pts/0'), ('ROS_PYTHON_VERSION', '3'), ('LC_MONETARY', 'de_CH.UTF-8'), ('DBUS_SESSION_BUS_ADDRESS', 'unix:path=/run/user/1000/bus'), ('ROS_DISTRO', 'humble'), ('LOGNAME', 'arno'), ('_', '/usr/bin/colcon'), ('ROS_VERSION', '2'), ('XDG_SESSION_CLASS', 'user'), ('TERM', 'xterm-256color'), ('XDG_SESSION_ID', '1'), ('ROS_LOCALHOST_ONLY', '0'), ('PATH', '/opt/ros/humble/bin:/usr/local/sbin:/usr/local/bin:/usr/sbin:/usr/bin:/sbin:/bin:/usr/games:/usr/local/games:/snap/bin'), ('LC_ADDRESS', 'de_CH.UTF-8'), ('XDG_RUNTIME_DIR', '/run/user/1000'), ('LANG', 'en_US.UTF-8'), ('LC_TELEPHONE', 'de_CH.UTF-8'), ('LS_COLORS', 'rs=0:di=01;34:ln=01;36:mh=00:pi=40;33:so=01;35:do=01;35:bd=40;33;01:cd=40;33;01:or=40;31;01:mi=00:su=37;41:sg=30;43:ca=30;41:tw=30;42:ow=34;42:st=37;44:ex=01;32:*.tar=01;31:*.tgz=01;31:*.arc=01;31:*.arj=01;31:*.taz=01;31:*.lha=01;31:*.lz4=01;31:*.lzh=01;31:*.lzma=01;31:*.tlz=01;31:*.txz=01;31:*.tzo=01;31:*.t7z=01;31:*.zip=01;31:*.z=01;31:*.dz=01;31:*.gz=01;31:*.lrz=01;31:*.lz=01;31:*.lzo=01;31:*.xz=01;31:*.zst=01;31:*.tzst=01;31:*.bz2=01;31:*.bz=01;31:*.tbz=01;31:*.tbz2=01;31:*.tz=01;31:*.deb=01;31:*.rpm=01;31:*.jar=01;31:*.war=01;31:*.ear=01;31:*.sar=01;31:*.rar=01;31:*.alz=01;31:*.ace=01;31:*.zoo=01;31:*.cpio=01;31:*.7z=01;31:*.rz=01;31:*.cab=01;31:*.wim=01;31:*.swm=01;31:*.dwm=01;31:*.esd=01;31:*.jpg=01;35:*.jpeg=01;35:*.mjpg=01;35:*.mjpeg=01;35:*.gif=01;35:*.bmp=01;35:*.pbm=01;35:*.pgm=01;35:*.ppm=01;35:*.tga=01;35:*.xbm=01;35:*.xpm=01;35:*.tif=01;35:*.tiff=01;35:*.png=01;35:*.svg=01;35:*.svgz=01;35:*.mng=01;35:*.pcx=01;35:*.mov=01;35:*.mpg=01;35:*.mpeg=01;35:*.m2v=01;35:*.mkv=01;35:*.webm=01;35:*.webp=01;35:*.ogm=01;35:*.mp4=01;35:*.m4v=01;35:*.mp4v=01;35:*.vob=01;35:*.qt=01;35:*.nuv=01;35:*.wmv=01;35:*.asf=01;35:*.rm=01;35:*.rmvb=01;35:*.flc=01;35:*.avi=01;35:*.fli=01;35:*.flv=01;35:*.gl=01;35:*.dl=01;35:*.xcf=01;35:*.xwd=01;35:*.yuv=01;35:*.cgm=01;35:*.emf=01;35:*.ogv=01;35:*.ogx=01;35:*.aac=00;36:*.au=00;36:*.flac=00;36:*.m4a=00;36:*.mid=00;36:*.midi=00;36:*.mka=00;36:*.mp3=00;36:*.mpc=00;36:*.ogg=00;36:*.ra=00;36:*.wav=00;36:*.oga=00;36:*.opus=00;36:*.spx=00;36:*.xspf=00;36:'), ('AMENT_PREFIX_PATH', '/opt/ros/humble'), ('SHELL', '/bin/bash'), ('LC_NAME', 'de_CH.UTF-8'), ('LESSCLOSE', '/usr/bin/lesspipe %s %s'), ('LC_MEASUREMENT', 'de_CH.UTF-8'), ('LC_IDENTIFICATION', 'de_CH.UTF-8'), ('PWD', '/home/arno/RoombaV2Onboard/build/sllidar_ros2'), ('LC_ALL', 'en_US.UTF-8'), ('SSH_CONNECTION', '192.168.207.158 54042 192.168.207.79 22'), ('XDG_DATA_DIRS', '/usr/local/share:/usr/share:/var/lib/snapd/desktop'), ('PYTHONPATH', '/opt/ros/humble/lib/python3.10/site-packages:/opt/ros/humble/local/lib/python3.10/dist-packages'), ('LC_NUMERIC', 'de_CH.UTF-8'), ('LC_PAPER', 'de_CH.UTF-8'), ('COLCON', '1'), ('CMAKE_PREFIX_PATH', '/opt/ros/humble')]), 'shell': False}
[103.519372] (-) TimerEvent: {}
[103.541732] (sllidar_ros2) StdoutLine: {'line': b'-- Install configuration: ""\n'}
[103.550387] (sllidar_ros2) StdoutLine: {'line': b'-- Installing: /home/arno/RoombaV2Onboard/install/sllidar_ros2/share/sllidar_ros2/launch\n'}
[103.557903] (sllidar_ros2) StdoutLine: {'line': b'-- Installing: /home/arno/RoombaV2Onboard/install/sllidar_ros2/share/sllidar_ros2/launch/view_sllidar_a2m7_launch.py\n'}
[103.562010] (sllidar_ros2) StdoutLine: {'line': b'-- Installing: /home/arno/RoombaV2Onboard/install/sllidar_ros2/share/sllidar_ros2/launch/sllidar_a3_launch.py\n'}
[103.565783] (sllidar_ros2) StdoutLine: {'line': b'-- Installing: /home/arno/RoombaV2Onboard/install/sllidar_ros2/share/sllidar_ros2/launch/sllidar_c1_launch.py\n'}
[103.569506] (sllidar_ros2) StdoutLine: {'line': b'-- Installing: /home/arno/RoombaV2Onboard/install/sllidar_ros2/share/sllidar_ros2/launch/view_sllidar_s1_tcp_launch.py\n'}
[103.573200] (sllidar_ros2) StdoutLine: {'line': b'-- Installing: /home/arno/RoombaV2Onboard/install/sllidar_ros2/share/sllidar_ros2/launch/view_sllidar_s2_launch.py\n'}
[103.576598] (sllidar_ros2) StdoutLine: {'line': b'-- Installing: /home/arno/RoombaV2Onboard/install/sllidar_ros2/share/sllidar_ros2/launch/view_sllidar_a3_launch.py\n'}
[103.580118] (sllidar_ros2) StdoutLine: {'line': b'-- Installing: /home/arno/RoombaV2Onboard/install/sllidar_ros2/share/sllidar_ros2/launch/view_sllidar_s2e_launch.py\n'}
[103.584431] (sllidar_ros2) StdoutLine: {'line': b'-- Installing: /home/arno/RoombaV2Onboard/install/sllidar_ros2/share/sllidar_ros2/launch/sllidar_s3_launch.py\n'}
[103.588112] (sllidar_ros2) StdoutLine: {'line': b'-- Installing: /home/arno/RoombaV2Onboard/install/sllidar_ros2/share/sllidar_ros2/launch/view_sllidar_a2m8_launch.py\n'}
[103.592416] (sllidar_ros2) StdoutLine: {'line': b'-- Installing: /home/arno/RoombaV2Onboard/install/sllidar_ros2/share/sllidar_ros2/launch/sllidar_s2_launch.py\n'}
[103.597032] (sllidar_ros2) StdoutLine: {'line': b'-- Installing: /home/arno/RoombaV2Onboard/install/sllidar_ros2/share/sllidar_ros2/launch/view_sllidar_s3_launch.py\n'}
[103.600490] (sllidar_ros2) StdoutLine: {'line': b'-- Installing: /home/arno/RoombaV2Onboard/install/sllidar_ros2/share/sllidar_ros2/launch/sllidar_s1_tcp_launch.py\n'}
[103.603865] (sllidar_ros2) StdoutLine: {'line': b'-- Installing: /home/arno/RoombaV2Onboard/install/sllidar_ros2/share/sllidar_ros2/launch/sllidar_a2m8_launch.py\n'}
[103.607357] (sllidar_ros2) StdoutLine: {'line': b'-- Installing: /home/arno/RoombaV2Onboard/install/sllidar_ros2/share/sllidar_ros2/launch/view_sllidar_a1_launch.py\n'}
[103.610992] (sllidar_ros2) StdoutLine: {'line': b'-- Installing: /home/arno/RoombaV2Onboard/install/sllidar_ros2/share/sllidar_ros2/launch/sllidar_a1_launch.py\n'}
[103.614287] (sllidar_ros2) StdoutLine: {'line': b'-- Installing: /home/arno/RoombaV2Onboard/install/sllidar_ros2/share/sllidar_ros2/launch/sllidar_s1_launch.py\n'}
[103.617914] (sllidar_ros2) StdoutLine: {'line': b'-- Installing: /home/arno/RoombaV2Onboard/install/sllidar_ros2/share/sllidar_ros2/launch/sllidar_s2e_launch.py\n'}
[103.619630] (-) TimerEvent: {}
[103.622885] (sllidar_ros2) StdoutLine: {'line': b'-- Installing: /home/arno/RoombaV2Onboard/install/sllidar_ros2/share/sllidar_ros2/launch/sllidar_t1_launch.py\n'}
[103.626512] (sllidar_ros2) StdoutLine: {'line': b'-- Installing: /home/arno/RoombaV2Onboard/install/sllidar_ros2/share/sllidar_ros2/launch/view_sllidar_t1_launch.py\n'}
[103.631590] (sllidar_ros2) StdoutLine: {'line': b'-- Installing: /home/arno/RoombaV2Onboard/install/sllidar_ros2/share/sllidar_ros2/launch/view_sllidar_s1_launch.py\n'}
[103.641314] (sllidar_ros2) StdoutLine: {'line': b'-- Installing: /home/arno/RoombaV2Onboard/install/sllidar_ros2/share/sllidar_ros2/launch/view_sllidar_a2m12_launch.py\n'}
[103.645098] (sllidar_ros2) StdoutLine: {'line': b'-- Installing: /home/arno/RoombaV2Onboard/install/sllidar_ros2/share/sllidar_ros2/launch/sllidar_a2m7_launch.py\n'}
[103.651963] (sllidar_ros2) StdoutLine: {'line': b'-- Installing: /home/arno/RoombaV2Onboard/install/sllidar_ros2/share/sllidar_ros2/launch/view_sllidar_c1_launch.py\n'}
[103.656837] (sllidar_ros2) StdoutLine: {'line': b'-- Installing: /home/arno/RoombaV2Onboard/install/sllidar_ros2/share/sllidar_ros2/launch/sllidar_a2m12_launch .py\n'}
[103.660009] (sllidar_ros2) StdoutLine: {'line': b'-- Installing: /home/arno/RoombaV2Onboard/install/sllidar_ros2/share/sllidar_ros2/rviz\n'}
[103.663000] (sllidar_ros2) StdoutLine: {'line': b'-- Installing: /home/arno/RoombaV2Onboard/install/sllidar_ros2/share/sllidar_ros2/rviz/sllidar_ros2.rviz\n'}
[103.669011] (sllidar_ros2) StdoutLine: {'line': b'-- Installing: /home/arno/RoombaV2Onboard/install/sllidar_ros2/lib/sllidar_ros2/sllidar_node\n'}
[103.719864] (-) TimerEvent: {}
[103.732950] (sllidar_ros2) StdoutLine: {'line': b'-- Set runtime path of "/home/arno/RoombaV2Onboard/install/sllidar_ros2/lib/sllidar_ros2/sllidar_node" to ""\n'}
[103.736134] (sllidar_ros2) StdoutLine: {'line': b'-- Installing: /home/arno/RoombaV2Onboard/install/sllidar_ros2/lib/sllidar_ros2/sllidar_client\n'}
[103.820113] (-) TimerEvent: {}
[103.830872] (sllidar_ros2) StdoutLine: {'line': b'-- Set runtime path of "/home/arno/RoombaV2Onboard/install/sllidar_ros2/lib/sllidar_ros2/sllidar_client" to ""\n'}
[103.835798] (sllidar_ros2) StdoutLine: {'line': b'-- Installing: /home/arno/RoombaV2Onboard/install/sllidar_ros2/share/ament_index/resource_index/package_run_dependencies/sllidar_ros2\n'}
[103.839716] (sllidar_ros2) StdoutLine: {'line': b'-- Installing: /home/arno/RoombaV2Onboard/install/sllidar_ros2/share/ament_index/resource_index/parent_prefix_path/sllidar_ros2\n'}
[103.855926] (sllidar_ros2) StdoutLine: {'line': b'-- Installing: /home/arno/RoombaV2Onboard/install/sllidar_ros2/share/sllidar_ros2/environment/ament_prefix_path.sh\n'}
[103.858960] (sllidar_ros2) StdoutLine: {'line': b'-- Installing: /home/arno/RoombaV2Onboard/install/sllidar_ros2/share/sllidar_ros2/environment/ament_prefix_path.dsv\n'}
[103.861413] (sllidar_ros2) StdoutLine: {'line': b'-- Installing: /home/arno/RoombaV2Onboard/install/sllidar_ros2/share/sllidar_ros2/environment/path.sh\n'}
[103.863765] (sllidar_ros2) StdoutLine: {'line': b'-- Installing: /home/arno/RoombaV2Onboard/install/sllidar_ros2/share/sllidar_ros2/environment/path.dsv\n'}
[103.866047] (sllidar_ros2) StdoutLine: {'line': b'-- Installing: /home/arno/RoombaV2Onboard/install/sllidar_ros2/share/sllidar_ros2/local_setup.bash\n'}
[103.868181] (sllidar_ros2) StdoutLine: {'line': b'-- Installing: /home/arno/RoombaV2Onboard/install/sllidar_ros2/share/sllidar_ros2/local_setup.sh\n'}
[103.874407] (sllidar_ros2) StdoutLine: {'line': b'-- Installing: /home/arno/RoombaV2Onboard/install/sllidar_ros2/share/sllidar_ros2/local_setup.zsh\n'}
[103.878051] (sllidar_ros2) StdoutLine: {'line': b'-- Installing: /home/arno/RoombaV2Onboard/install/sllidar_ros2/share/sllidar_ros2/local_setup.dsv\n'}
[103.882187] (sllidar_ros2) StdoutLine: {'line': b'-- Installing: /home/arno/RoombaV2Onboard/install/sllidar_ros2/share/sllidar_ros2/package.dsv\n'}
[103.887861] (sllidar_ros2) StdoutLine: {'line': b'-- Installing: /home/arno/RoombaV2Onboard/install/sllidar_ros2/share/ament_index/resource_index/packages/sllidar_ros2\n'}
[103.892308] (sllidar_ros2) StdoutLine: {'line': b'-- Installing: /home/arno/RoombaV2Onboard/install/sllidar_ros2/share/sllidar_ros2/cmake/ament_cmake_export_dependencies-extras.cmake\n'}
[103.897114] (sllidar_ros2) StdoutLine: {'line': b'-- Installing: /home/arno/RoombaV2Onboard/install/sllidar_ros2/share/sllidar_ros2/cmake/ament_cmake_export_include_directories-extras.cmake\n'}
[103.901732] (sllidar_ros2) StdoutLine: {'line': b'-- Installing: /home/arno/RoombaV2Onboard/install/sllidar_ros2/share/sllidar_ros2/cmake/sllidar_ros2Config.cmake\n'}
[103.905428] (sllidar_ros2) StdoutLine: {'line': b'-- Installing: /home/arno/RoombaV2Onboard/install/sllidar_ros2/share/sllidar_ros2/cmake/sllidar_ros2Config-version.cmake\n'}
[103.909577] (sllidar_ros2) StdoutLine: {'line': b'-- Installing: /home/arno/RoombaV2Onboard/install/sllidar_ros2/share/sllidar_ros2/package.xml\n'}
[103.920309] (-) TimerEvent: {}
[103.930061] (sllidar_ros2) CommandEnded: {'returncode': 0}
[104.026436] (-) TimerEvent: {}
[104.135874] (-) TimerEvent: {}
[104.237656] (-) TimerEvent: {}
[104.359414] (-) TimerEvent: {}
[104.464682] (-) TimerEvent: {}
[104.566522] (-) TimerEvent: {}
[104.667716] (-) TimerEvent: {}
[104.769685] (-) TimerEvent: {}
[104.871540] (-) TimerEvent: {}
[104.983609] (-) TimerEvent: {}
[105.063809] (sllidar_ros2) JobEnded: {'identifier': 'sllidar_ros2', 'rc': 0}
[105.118652] (-) TimerEvent: {}
[105.220621] (-) TimerEvent: {}
[105.321574] (-) TimerEvent: {}
[105.422413] (-) TimerEvent: {}
[105.523308] (-) TimerEvent: {}
[105.624181] (-) TimerEvent: {}
[105.725100] (-) TimerEvent: {}
[105.825934] (-) TimerEvent: {}
[105.926857] (-) TimerEvent: {}
[106.027770] (-) TimerEvent: {}
[106.128633] (-) TimerEvent: {}
[106.229548] (-) TimerEvent: {}
[106.330396] (-) TimerEvent: {}
[106.431202] (-) TimerEvent: {}
[106.532073] (-) TimerEvent: {}
[106.632922] (-) TimerEvent: {}
[106.733803] (-) TimerEvent: {}
[106.834575] (-) TimerEvent: {}
[106.935358] (-) TimerEvent: {}
[107.036222] (-) TimerEvent: {}
[107.137249] (-) TimerEvent: {}
[107.238840] (-) TimerEvent: {}
[107.341316] (-) TimerEvent: {}
[107.443732] (-) TimerEvent: {}
[107.546152] (-) TimerEvent: {}
[107.648230] (-) TimerEvent: {}
[107.750082] (-) TimerEvent: {}
[107.851937] (-) TimerEvent: {}
[107.953719] (-) TimerEvent: {}
[108.055525] (-) TimerEvent: {}
[108.156547] (-) TimerEvent: {}
[108.258551] (-) TimerEvent: {}
[108.362435] (-) TimerEvent: {}
[108.464427] (-) TimerEvent: {}
[108.566274] (-) TimerEvent: {}
[108.668120] (-) TimerEvent: {}
[108.769940] (-) TimerEvent: {}
[108.871816] (-) TimerEvent: {}
[108.973826] (-) TimerEvent: {}
[109.075788] (-) TimerEvent: {}
[109.177781] (-) TimerEvent: {}
[109.279677] (-) TimerEvent: {}
[109.381481] (-) TimerEvent: {}
[109.483600] (-) TimerEvent: {}
[109.585718] (-) TimerEvent: {}
[109.687739] (-) TimerEvent: {}
[109.789756] (-) TimerEvent: {}
[109.891907] (-) TimerEvent: {}
[109.993885] (-) TimerEvent: {}
[110.095987] (-) TimerEvent: {}
[110.197906] (-) TimerEvent: {}
[110.299598] (-) TimerEvent: {}
[110.401730] (-) TimerEvent: {}
[110.503679] (-) TimerEvent: {}
[110.605887] (-) TimerEvent: {}
[110.707776] (-) TimerEvent: {}
[110.809764] (-) TimerEvent: {}
[110.910581] (-) TimerEvent: {}
[111.011631] (-) TimerEvent: {}
[111.112620] (-) TimerEvent: {}
[111.213474] (-) TimerEvent: {}
[111.314354] (-) TimerEvent: {}
[111.415184] (-) TimerEvent: {}
[111.516025] (-) TimerEvent: {}
[111.616863] (-) TimerEvent: {}
[111.717683] (-) TimerEvent: {}
[111.818621] (-) TimerEvent: {}
[111.919590] (-) TimerEvent: {}
[112.020556] (-) TimerEvent: {}
[112.121417] (-) TimerEvent: {}
[112.222411] (-) TimerEvent: {}
[112.323421] (-) TimerEvent: {}
[112.424424] (-) TimerEvent: {}
[112.525278] (-) TimerEvent: {}
[112.626237] (-) TimerEvent: {}
[112.727446] (-) TimerEvent: {}
[112.829209] (-) TimerEvent: {}
[112.930676] (-) TimerEvent: {}
[113.032122] (-) TimerEvent: {}
[113.133715] (-) TimerEvent: {}
[113.235720] (-) TimerEvent: {}
[113.337892] (-) TimerEvent: {}
[113.438726] (-) TimerEvent: {}
[113.540887] (-) TimerEvent: {}
[113.642954] (-) TimerEvent: {}
[113.744819] (-) TimerEvent: {}
[113.845559] (-) TimerEvent: {}
[113.946441] (-) TimerEvent: {}
[114.047123] (-) TimerEvent: {}
[114.147855] (-) TimerEvent: {}
[114.249507] (-) TimerEvent: {}
[114.351998] (-) TimerEvent: {}
[114.454253] (-) TimerEvent: {}
[114.555991] (-) TimerEvent: {}
[114.658071] (-) TimerEvent: {}
[114.760441] (-) TimerEvent: {}
[114.862463] (-) TimerEvent: {}
[114.963505] (-) TimerEvent: {}
[115.064838] (-) TimerEvent: {}
[115.166141] (-) TimerEvent: {}
[115.266988] (-) TimerEvent: {}
[115.368075] (-) TimerEvent: {}
[115.469385] (-) TimerEvent: {}
[115.570443] (-) TimerEvent: {}
[115.671494] (-) TimerEvent: {}
[115.772894] (-) TimerEvent: {}
[115.873920] (-) TimerEvent: {}
[115.975342] (-) TimerEvent: {}
[116.078164] (-) TimerEvent: {}
[116.180346] (-) TimerEvent: {}
[116.282442] (-) TimerEvent: {}
[116.384465] (-) TimerEvent: {}
[116.486650] (-) TimerEvent: {}
[116.588632] (-) TimerEvent: {}
[116.690712] (-) TimerEvent: {}
[116.791723] (-) TimerEvent: {}
[116.893602] (-) TimerEvent: {}
[117.001097] (-) TimerEvent: {}
[117.103665] (-) TimerEvent: {}
[117.206596] (-) TimerEvent: {}
[117.311476] (-) TimerEvent: {}
[117.412618] (-) TimerEvent: {}
[117.514565] (-) TimerEvent: {}
[117.615896] (-) TimerEvent: {}
[117.717771] (-) TimerEvent: {}
[117.818857] (-) TimerEvent: {}
[117.919815] (-) TimerEvent: {}
[118.021019] (-) TimerEvent: {}
[118.121890] (-) TimerEvent: {}
[118.222772] (-) TimerEvent: {}
[118.323609] (-) TimerEvent: {}
[118.428541] (-) TimerEvent: {}
[118.529590] (-) TimerEvent: {}
[118.631107] (-) TimerEvent: {}
[118.733190] (-) TimerEvent: {}
[118.835220] (-) TimerEvent: {}
[118.936271] (-) TimerEvent: {}
[119.037026] (-) TimerEvent: {}
[119.137901] (-) TimerEvent: {}
[119.240313] (-) TimerEvent: {}
[119.342809] (-) TimerEvent: {}
[119.443638] (-) TimerEvent: {}
[119.544530] (-) TimerEvent: {}
[119.646293] (-) TimerEvent: {}
[119.747316] (-) TimerEvent: {}
[119.848550] (-) TimerEvent: {}
[119.950542] (-) TimerEvent: {}
[120.051386] (-) TimerEvent: {}
[120.152225] (-) TimerEvent: {}
[120.254792] (-) TimerEvent: {}
[120.357458] (-) TimerEvent: {}
[120.459841] (-) TimerEvent: {}
[120.560924] (-) TimerEvent: {}
[120.662111] (-) TimerEvent: {}
[120.763620] (-) TimerEvent: {}
[120.865790] (-) TimerEvent: {}
[120.967001] (-) TimerEvent: {}
[121.068255] (-) TimerEvent: {}
[121.169879] (-) TimerEvent: {}
[121.271364] (-) TimerEvent: {}
[121.372965] (-) TimerEvent: {}
[121.473954] (-) TimerEvent: {}
[121.574822] (-) TimerEvent: {}
[121.675765] (-) TimerEvent: {}
[121.776949] (-) TimerEvent: {}
[121.878252] (-) TimerEvent: {}
[121.979554] (-) TimerEvent: {}
[122.081303] (-) TimerEvent: {}
[122.182586] (-) TimerEvent: {}
[122.283800] (-) TimerEvent: {}
[122.385096] (-) TimerEvent: {}
[122.486034] (-) TimerEvent: {}
[122.587357] (-) TimerEvent: {}
[122.688434] (-) TimerEvent: {}
[122.789608] (-) TimerEvent: {}
[122.890358] (-) TimerEvent: {}
[122.991331] (-) TimerEvent: {}
[123.092219] (-) TimerEvent: {}
[123.193030] (-) TimerEvent: {}
[123.294132] (-) TimerEvent: {}
[123.395150] (-) TimerEvent: {}
[123.649859] (-) TimerEvent: {}
[123.752128] (-) TimerEvent: {}
[123.854210] (-) TimerEvent: {}
[123.956074] (-) TimerEvent: {}
[124.057584] (-) TimerEvent: {}
[124.159130] (-) TimerEvent: {}
[124.261364] (-) TimerEvent: {}
[124.363528] (-) TimerEvent: {}
[124.465641] (-) TimerEvent: {}
[124.569481] (-) TimerEvent: {}
[124.671336] (-) TimerEvent: {}
[124.772376] (-) TimerEvent: {}
[124.873530] (-) TimerEvent: {}
[124.975580] (-) TimerEvent: {}
[125.079634] (-) TimerEvent: {}
[125.184292] (-) TimerEvent: {}
[125.285426] (-) TimerEvent: {}
[125.386469] (-) TimerEvent: {}
[125.487923] (-) TimerEvent: {}
[125.589016] (-) TimerEvent: {}
[125.690026] (-) TimerEvent: {}
[125.791049] (-) TimerEvent: {}
[125.892006] (-) TimerEvent: {}
[125.993290] (-) TimerEvent: {}
[126.094323] (-) TimerEvent: {}
[126.195297] (-) TimerEvent: {}
[126.296339] (-) TimerEvent: {}
[126.397603] (-) TimerEvent: {}
[126.498717] (-) TimerEvent: {}
[126.599808] (-) TimerEvent: {}
[126.700842] (-) TimerEvent: {}
[126.801939] (-) TimerEvent: {}
[126.902927] (-) TimerEvent: {}
[127.004132] (-) TimerEvent: {}
[127.105159] (-) TimerEvent: {}
[127.206188] (-) TimerEvent: {}
[127.307170] (-) TimerEvent: {}
[127.408121] (-) TimerEvent: {}
[127.509257] (-) TimerEvent: {}
[127.610463] (-) TimerEvent: {}
[127.711584] (-) TimerEvent: {}
[127.812700] (-) TimerEvent: {}
[127.914640] (-) TimerEvent: {}
[128.017083] (-) TimerEvent: {}
[128.119317] (-) TimerEvent: {}
[128.221603] (-) TimerEvent: {}
[128.324489] (-) TimerEvent: {}
[128.426430] (-) TimerEvent: {}
[128.528417] (-) TimerEvent: {}
[128.631266] (-) TimerEvent: {}
[128.732181] (-) TimerEvent: {}
[128.833150] (-) TimerEvent: {}
[128.933917] (-) TimerEvent: {}
[129.034948] (-) TimerEvent: {}
[129.136168] (-) TimerEvent: {}
[129.237231] (-) TimerEvent: {}
[129.338272] (-) TimerEvent: {}
[129.439450] (-) TimerEvent: {}
[129.540389] (-) TimerEvent: {}
[129.641236] (-) TimerEvent: {}
[129.742228] (-) TimerEvent: {}
[129.843241] (-) TimerEvent: {}
[129.944240] (-) TimerEvent: {}
[130.045256] (-) TimerEvent: {}
[130.146312] (-) TimerEvent: {}
[130.247390] (-) TimerEvent: {}
[130.348394] (-) TimerEvent: {}
[130.449332] (-) TimerEvent: {}
[130.550264] (-) TimerEvent: {}
[130.651349] (-) TimerEvent: {}
[130.752395] (-) TimerEvent: {}
[130.853603] (-) TimerEvent: {}
[130.954597] (-) TimerEvent: {}
[131.055657] (-) TimerEvent: {}
[131.156908] (-) TimerEvent: {}
[131.257957] (-) TimerEvent: {}
[131.358893] (-) TimerEvent: {}
[131.459847] (-) TimerEvent: {}
[131.560920] (-) TimerEvent: {}
[131.662020] (-) TimerEvent: {}
[131.764267] (-) TimerEvent: {}
[131.866807] (-) TimerEvent: {}
[131.968244] (-) TimerEvent: {}
[132.070555] (-) TimerEvent: {}
[132.171638] (-) TimerEvent: {}
[132.272814] (-) TimerEvent: {}
[132.381017] (-) TimerEvent: {}
[132.488970] (-) TimerEvent: {}
[132.593033] (-) TimerEvent: {}
[132.694861] (-) TimerEvent: {}
[132.795965] (-) TimerEvent: {}
[132.896834] (-) TimerEvent: {}
[132.997605] (-) TimerEvent: {}
[133.098422] (-) TimerEvent: {}
[133.199133] (-) TimerEvent: {}
[133.299821] (-) TimerEvent: {}
[133.400555] (-) TimerEvent: {}
[133.501381] (-) TimerEvent: {}
[133.602231] (-) TimerEvent: {}
[133.702956] (-) TimerEvent: {}
[133.803704] (-) TimerEvent: {}
[133.904446] (-) TimerEvent: {}
[134.005166] (-) TimerEvent: {}
[134.105861] (-) TimerEvent: {}
[134.206623] (-) TimerEvent: {}
[134.307351] (-) TimerEvent: {}
[134.408048] (-) TimerEvent: {}
[134.508808] (-) TimerEvent: {}
[134.609501] (-) TimerEvent: {}
[134.710290] (-) TimerEvent: {}
[134.810959] (-) TimerEvent: {}
[134.911724] (-) TimerEvent: {}
[135.012442] (-) TimerEvent: {}
[135.113376] (-) TimerEvent: {}
[135.214134] (-) TimerEvent: {}
[135.314841] (-) TimerEvent: {}
[135.415713] (-) TimerEvent: {}
[135.516468] (-) TimerEvent: {}
[135.617426] (-) TimerEvent: {}
[135.718268] (-) TimerEvent: {}
[135.819005] (-) TimerEvent: {}
[135.919827] (-) TimerEvent: {}
[136.020918] (-) TimerEvent: {}
[136.122093] (-) TimerEvent: {}
[136.223385] (-) TimerEvent: {}
[136.325048] (-) TimerEvent: {}
[136.426808] (-) TimerEvent: {}
[136.527542] (-) TimerEvent: {}
[136.628227] (-) TimerEvent: {}
[136.729272] (-) TimerEvent: {}
[136.830007] (-) TimerEvent: {}
[136.931000] (-) TimerEvent: {}
[137.031916] (-) TimerEvent: {}
[137.132862] (-) TimerEvent: {}
[137.233785] (-) TimerEvent: {}
[137.334825] (-) TimerEvent: {}
[137.435695] (-) TimerEvent: {}
[137.536428] (-) TimerEvent: {}
[137.637199] (-) TimerEvent: {}
[137.738173] (-) TimerEvent: {}
[137.838965] (-) TimerEvent: {}
[137.939897] (-) TimerEvent: {}
[138.040895] (-) TimerEvent: {}
[138.141800] (-) TimerEvent: {}
[138.242699] (-) TimerEvent: {}
[138.343663] (-) TimerEvent: {}
[138.444644] (-) TimerEvent: {}
[138.545494] (-) TimerEvent: {}
[138.646297] (-) TimerEvent: {}
[138.747190] (-) TimerEvent: {}
[138.848245] (-) TimerEvent: {}
[138.949183] (-) TimerEvent: {}
[139.049958] (-) TimerEvent: {}
[139.150995] (-) TimerEvent: {}
[139.251792] (-) TimerEvent: {}
[139.352768] (-) TimerEvent: {}
[139.453601] (-) TimerEvent: {}
[139.554595] (-) TimerEvent: {}
[139.655382] (-) TimerEvent: {}
[139.756115] (-) TimerEvent: {}
[139.857120] (-) TimerEvent: {}
[139.957979] (-) TimerEvent: {}
[140.059139] (-) TimerEvent: {}
[140.160007] (-) TimerEvent: {}
[140.260837] (-) TimerEvent: {}
[140.361653] (-) TimerEvent: {}
[140.462494] (-) TimerEvent: {}
[140.563529] (-) TimerEvent: {}
[140.664357] (-) TimerEvent: {}
[140.765345] (-) TimerEvent: {}
[140.866016] (-) TimerEvent: {}
[140.966990] (-) TimerEvent: {}
[141.067844] (-) TimerEvent: {}
[141.168673] (-) TimerEvent: {}
[141.269561] (-) TimerEvent: {}
[141.370508] (-) TimerEvent: {}
[141.471462] (-) TimerEvent: {}
[141.572365] (-) TimerEvent: {}
[141.673306] (-) TimerEvent: {}
[141.774213] (-) TimerEvent: {}
[141.875070] (-) TimerEvent: {}
[141.975856] (-) TimerEvent: {}
[142.076870] (-) TimerEvent: {}
[142.177682] (-) TimerEvent: {}
[142.278463] (-) TimerEvent: {}
[142.379367] (-) TimerEvent: {}
[142.480400] (-) TimerEvent: {}
[142.581369] (-) TimerEvent: {}
[142.682168] (-) TimerEvent: {}
[142.782948] (-) TimerEvent: {}
[142.883773] (-) TimerEvent: {}
[142.984701] (-) TimerEvent: {}
[143.085594] (-) TimerEvent: {}
[143.186582] (-) TimerEvent: {}
[143.287495] (-) TimerEvent: {}
[143.390130] (-) TimerEvent: {}
[143.491056] (-) TimerEvent: {}
[143.591931] (-) TimerEvent: {}
[143.692954] (-) TimerEvent: {}
[143.794187] (-) TimerEvent: {}
[143.895143] (-) TimerEvent: {}
[143.995998] (-) TimerEvent: {}
[144.096962] (-) TimerEvent: {}
[144.197898] (-) TimerEvent: {}
[144.298780] (-) TimerEvent: {}
[144.399812] (-) TimerEvent: {}
[144.500886] (-) TimerEvent: {}
[144.601843] (-) TimerEvent: {}
[144.702855] (-) TimerEvent: {}
[144.803844] (-) TimerEvent: {}
[144.904873] (-) TimerEvent: {}
[145.006076] (-) TimerEvent: {}
[145.107546] (-) TimerEvent: {}
[145.209308] (-) TimerEvent: {}
[145.310948] (-) TimerEvent: {}
[145.412408] (-) TimerEvent: {}
[145.514013] (-) TimerEvent: {}
[145.615061] (-) TimerEvent: {}
[145.716263] (-) TimerEvent: {}
[145.817507] (-) TimerEvent: {}
[145.918503] (-) TimerEvent: {}
[146.019361] (-) TimerEvent: {}
[146.120349] (-) TimerEvent: {}
[146.221125] (-) TimerEvent: {}
[146.321954] (-) TimerEvent: {}
[146.422809] (-) TimerEvent: {}
[146.523607] (-) TimerEvent: {}
[146.624500] (-) TimerEvent: {}
[146.725425] (-) TimerEvent: {}
[146.826361] (-) TimerEvent: {}
[146.927306] (-) TimerEvent: {}
[147.028254] (-) TimerEvent: {}
[147.129228] (-) TimerEvent: {}
[147.230279] (-) TimerEvent: {}
[147.331267] (-) TimerEvent: {}
[147.432138] (-) TimerEvent: {}
[147.533175] (-) TimerEvent: {}
[147.634084] (-) TimerEvent: {}
[147.735042] (-) TimerEvent: {}
[147.835966] (-) TimerEvent: {}
[147.936866] (-) TimerEvent: {}
[148.037794] (-) TimerEvent: {}
[148.138652] (-) TimerEvent: {}
[148.239607] (-) TimerEvent: {}
[148.340857] (-) TimerEvent: {}
[148.441787] (-) TimerEvent: {}
[148.542535] (-) TimerEvent: {}
[148.643315] (-) TimerEvent: {}
[148.744102] (-) TimerEvent: {}
[148.844960] (-) TimerEvent: {}
[148.945821] (-) TimerEvent: {}
[149.046633] (-) TimerEvent: {}
[149.147933] (-) TimerEvent: {}
[149.248863] (-) TimerEvent: {}
[149.350000] (-) TimerEvent: {}
[149.451093] (-) TimerEvent: {}
[149.552319] (-) TimerEvent: {}
[149.653502] (-) TimerEvent: {}
[149.754423] (-) TimerEvent: {}
[149.855744] (-) TimerEvent: {}
[149.957000] (-) TimerEvent: {}
[150.058421] (-) TimerEvent: {}
[150.159719] (-) TimerEvent: {}
[150.260779] (-) TimerEvent: {}
[150.361624] (-) TimerEvent: {}
[150.462480] (-) TimerEvent: {}
[150.563299] (-) TimerEvent: {}
[150.664127] (-) TimerEvent: {}
[150.765011] (-) TimerEvent: {}
[150.865861] (-) TimerEvent: {}
[150.966880] (-) TimerEvent: {}
[151.067635] (-) TimerEvent: {}
[151.168546] (-) TimerEvent: {}
[151.269497] (-) TimerEvent: {}
[151.370626] (-) TimerEvent: {}
[151.471849] (-) TimerEvent: {}
[151.573323] (-) TimerEvent: {}
[151.675281] (-) TimerEvent: {}
[151.777121] (-) TimerEvent: {}
[151.878685] (-) TimerEvent: {}
[151.979918] (-) TimerEvent: {}
[152.081122] (-) TimerEvent: {}
[152.181916] (-) TimerEvent: {}
[152.282731] (-) TimerEvent: {}
[152.383711] (-) TimerEvent: {}
[152.485784] (-) TimerEvent: {}
[152.586838] (-) TimerEvent: {}
[152.687681] (-) TimerEvent: {}
[152.788668] (-) TimerEvent: {}
[152.889558] (-) TimerEvent: {}
[152.990361] (-) TimerEvent: {}
[153.091254] (-) TimerEvent: {}
[153.192148] (-) TimerEvent: {}
[153.292968] (-) TimerEvent: {}
[153.393835] (-) TimerEvent: {}
[153.494917] (-) TimerEvent: {}
[153.595802] (-) TimerEvent: {}
[153.696668] (-) TimerEvent: {}
[153.797634] (-) TimerEvent: {}
[153.898669] (-) TimerEvent: {}
[153.999600] (-) TimerEvent: {}
[154.101449] (-) TimerEvent: {}
[154.202337] (-) TimerEvent: {}
[154.303199] (-) TimerEvent: {}
[154.404072] (-) TimerEvent: {}
[154.504922] (-) TimerEvent: {}
[154.605678] (-) TimerEvent: {}
[154.706479] (-) TimerEvent: {}
[154.807320] (-) TimerEvent: {}
[154.908132] (-) TimerEvent: {}
[155.008954] (-) TimerEvent: {}
[155.109702] (-) TimerEvent: {}
[155.210506] (-) TimerEvent: {}
[155.311341] (-) TimerEvent: {}
[155.412270] (-) TimerEvent: {}
[155.513199] (-) TimerEvent: {}
[155.614011] (-) TimerEvent: {}
[155.714817] (-) TimerEvent: {}
[155.815763] (-) TimerEvent: {}
[155.916591] (-) TimerEvent: {}
[156.017439] (-) TimerEvent: {}
[156.119189] (-) TimerEvent: {}
[156.220912] (-) TimerEvent: {}
[156.322460] (-) TimerEvent: {}
[156.424395] (-) TimerEvent: {}
[156.526140] (-) TimerEvent: {}
[156.627868] (-) TimerEvent: {}
[156.729539] (-) TimerEvent: {}
[156.831240] (-) TimerEvent: {}
[156.932870] (-) TimerEvent: {}
[157.034480] (-) TimerEvent: {}
[157.136149] (-) TimerEvent: {}
[157.237938] (-) TimerEvent: {}
[157.339676] (-) TimerEvent: {}
[157.441347] (-) TimerEvent: {}
[157.543057] (-) TimerEvent: {}
[157.644660] (-) TimerEvent: {}
[157.746385] (-) TimerEvent: {}
[157.848164] (-) TimerEvent: {}
[157.949899] (-) TimerEvent: {}
[158.051572] (-) TimerEvent: {}
[158.153265] (-) TimerEvent: {}
[158.254900] (-) TimerEvent: {}
[158.356642] (-) TimerEvent: {}
[158.458292] (-) TimerEvent: {}
[158.559968] (-) TimerEvent: {}
[158.661439] (-) TimerEvent: {}
[158.762363] (-) TimerEvent: {}
[158.863235] (-) TimerEvent: {}
[158.984953] (-) TimerEvent: {}
[159.085749] (-) TimerEvent: {}
[159.186584] (-) TimerEvent: {}
[159.287368] (-) TimerEvent: {}
[159.388218] (-) TimerEvent: {}
[159.489031] (-) TimerEvent: {}
[159.589881] (-) TimerEvent: {}
[159.690708] (-) TimerEvent: {}
[159.791513] (-) TimerEvent: {}
[159.892345] (-) TimerEvent: {}
[159.993231] (-) TimerEvent: {}
[160.094065] (-) TimerEvent: {}
[160.194884] (-) TimerEvent: {}
[160.295820] (-) TimerEvent: {}
[160.396703] (-) TimerEvent: {}
[160.497646] (-) TimerEvent: {}
[160.598548] (-) TimerEvent: {}
[160.699356] (-) TimerEvent: {}
[160.800211] (-) TimerEvent: {}
[160.901022] (-) TimerEvent: {}
[161.001832] (-) TimerEvent: {}
[161.102793] (-) TimerEvent: {}
[161.203978] (-) TimerEvent: {}
[161.306415] (-) TimerEvent: {}
[161.408147] (-) TimerEvent: {}
[161.509425] (-) TimerEvent: {}
[161.610611] (-) TimerEvent: {}
[161.711794] (-) TimerEvent: {}
[161.812970] (-) TimerEvent: {}
[161.913856] (-) TimerEvent: {}
[162.014631] (-) TimerEvent: {}
[162.115595] (-) TimerEvent: {}
[162.216420] (-) TimerEvent: {}
[162.317405] (-) TimerEvent: {}
[162.418227] (-) TimerEvent: {}
[162.519087] (-) TimerEvent: {}
[162.619898] (-) TimerEvent: {}
[162.720824] (-) TimerEvent: {}
[162.821592] (-) TimerEvent: {}
[162.922380] (-) TimerEvent: {}
[163.023209] (-) TimerEvent: {}
[163.124000] (-) TimerEvent: {}
[163.224876] (-) TimerEvent: {}
[163.325648] (-) TimerEvent: {}
[163.426527] (-) TimerEvent: {}
[163.527377] (-) TimerEvent: {}
[163.628223] (-) TimerEvent: {}
[163.729414] (-) TimerEvent: {}
[163.830584] (-) TimerEvent: {}
[163.931726] (-) TimerEvent: {}
[164.032854] (-) TimerEvent: {}
[164.133985] (-) TimerEvent: {}
[164.235104] (-) TimerEvent: {}
[164.336347] (-) TimerEvent: {}
[164.437819] (-) TimerEvent: {}
[164.539032] (-) TimerEvent: {}
[164.640119] (-) TimerEvent: {}
[164.741238] (-) TimerEvent: {}
[164.842368] (-) TimerEvent: {}
[164.943213] (-) TimerEvent: {}
[165.044516] (-) TimerEvent: {}
[165.145543] (-) TimerEvent: {}
[165.246299] (-) TimerEvent: {}
[165.347080] (-) TimerEvent: {}
[165.448315] (-) TimerEvent: {}
[165.549629] (-) TimerEvent: {}
[165.650767] (-) TimerEvent: {}
[165.751923] (-) TimerEvent: {}
[165.853057] (-) TimerEvent: {}
[165.954292] (-) TimerEvent: {}
[166.055464] (-) TimerEvent: {}
[166.156304] (-) TimerEvent: {}
[166.257295] (-) TimerEvent: {}
[166.358063] (-) TimerEvent: {}
[166.458862] (-) TimerEvent: {}
[166.559735] (-) TimerEvent: {}
[166.660486] (-) TimerEvent: {}
[166.761318] (-) TimerEvent: {}
[166.862083] (-) TimerEvent: {}
[166.963027] (-) TimerEvent: {}
[167.063886] (-) TimerEvent: {}
[167.164842] (-) TimerEvent: {}
[167.265625] (-) TimerEvent: {}
[167.366461] (-) TimerEvent: {}
[167.467329] (-) TimerEvent: {}
[167.568179] (-) TimerEvent: {}
[167.668944] (-) TimerEvent: {}
[167.769819] (-) TimerEvent: {}
[167.870632] (-) TimerEvent: {}
[167.971432] (-) TimerEvent: {}
[168.072360] (-) TimerEvent: {}
[168.173201] (-) TimerEvent: {}
[168.274084] (-) TimerEvent: {}
[168.374854] (-) TimerEvent: {}
[168.475565] (-) TimerEvent: {}
[168.576349] (-) TimerEvent: {}
[168.677093] (-) TimerEvent: {}
[168.777846] (-) TimerEvent: {}
[168.878662] (-) TimerEvent: {}
[168.982147] (-) TimerEvent: {}
[169.082942] (-) TimerEvent: {}
[169.183770] (-) TimerEvent: {}
[169.284533] (-) TimerEvent: {}
[169.385318] (-) TimerEvent: {}
[169.486144] (-) TimerEvent: {}
[169.586947] (-) TimerEvent: {}
[169.687736] (-) TimerEvent: {}
[169.788520] (-) TimerEvent: {}
[169.889383] (-) TimerEvent: {}
[169.990222] (-) TimerEvent: {}
[170.091069] (-) TimerEvent: {}
[170.191821] (-) TimerEvent: {}
[170.292604] (-) TimerEvent: {}
[170.393509] (-) TimerEvent: {}
[170.494313] (-) TimerEvent: {}
[170.595142] (-) TimerEvent: {}
[170.695980] (-) TimerEvent: {}
[170.796838] (-) TimerEvent: {}
[170.897583] (-) TimerEvent: {}
[170.998372] (-) TimerEvent: {}
[171.099130] (-) TimerEvent: {}
[171.199944] (-) TimerEvent: {}
[171.300953] (-) TimerEvent: {}
[171.402274] (-) TimerEvent: {}
[171.503527] (-) TimerEvent: {}
[171.604436] (-) TimerEvent: {}
[171.705545] (-) TimerEvent: {}
[171.806358] (-) TimerEvent: {}
[171.907216] (-) TimerEvent: {}
[172.008066] (-) TimerEvent: {}
[172.108818] (-) TimerEvent: {}
[172.209642] (-) TimerEvent: {}
[172.310430] (-) TimerEvent: {}
[172.411187] (-) TimerEvent: {}
[172.511987] (-) TimerEvent: {}
[172.612847] (-) TimerEvent: {}
[172.713619] (-) TimerEvent: {}
[172.814387] (-) TimerEvent: {}
[172.915165] (-) TimerEvent: {}
[173.015958] (-) TimerEvent: {}
[173.116767] (-) TimerEvent: {}
[173.217576] (-) TimerEvent: {}
[173.318403] (-) TimerEvent: {}
[173.419209] (-) TimerEvent: {}
[173.520060] (-) TimerEvent: {}
[173.620933] (-) TimerEvent: {}
[173.721722] (-) TimerEvent: {}
[173.822552] (-) TimerEvent: {}
[173.923403] (-) TimerEvent: {}
[174.029452] (-) TimerEvent: {}
[174.130304] (-) TimerEvent: {}
[174.231109] (-) TimerEvent: {}
[174.331876] (-) TimerEvent: {}
[174.432659] (-) TimerEvent: {}
[174.533436] (-) TimerEvent: {}
[174.634240] (-) TimerEvent: {}
[174.735129] (-) TimerEvent: {}
[174.836076] (-) TimerEvent: {}
[174.937535] (-) TimerEvent: {}
[175.039183] (-) TimerEvent: {}
[175.140346] (-) TimerEvent: {}
[175.241660] (-) TimerEvent: {}
[175.343691] (-) TimerEvent: {}
[175.444991] (-) TimerEvent: {}
[175.546166] (-) TimerEvent: {}
[175.647329] (-) TimerEvent: {}
[175.748409] (-) TimerEvent: {}
[175.849439] (-) TimerEvent: {}
[175.952356] (-) TimerEvent: {}
[176.054288] (-) TimerEvent: {}
[176.155185] (-) TimerEvent: {}
[176.256174] (-) TimerEvent: {}
[176.356981] (-) TimerEvent: {}
[176.457893] (-) TimerEvent: {}
[176.559132] (-) TimerEvent: {}
[176.626269] (rf2o_laser_odometry) StdoutLine: {'line': b'[100%] \x1b[32m\x1b[1mLinking CXX executable rf2o_laser_odometry_node\x1b[0m\n'}
[176.664209] (-) TimerEvent: {}
[176.664914] (rf2o_laser_odometry) StdoutLine: {'line': b'[100%] \x1b[32m\x1b[1mLinking CXX static library librf2o_laser_odometry.a\x1b[0m\n'}
[176.764425] (-) TimerEvent: {}
[176.865357] (-) TimerEvent: {}
[176.966755] (-) TimerEvent: {}
[177.067800] (-) TimerEvent: {}
[177.168493] (-) TimerEvent: {}
[177.269275] (-) TimerEvent: {}
[177.369987] (-) TimerEvent: {}
[177.470776] (-) TimerEvent: {}
[177.571716] (-) TimerEvent: {}
[177.672934] (-) TimerEvent: {}
[177.773888] (-) TimerEvent: {}
[177.874717] (-) TimerEvent: {}
[177.975819] (-) TimerEvent: {}
[178.076993] (-) TimerEvent: {}
[178.177890] (-) TimerEvent: {}
[178.279092] (-) TimerEvent: {}
[178.380279] (-) TimerEvent: {}
[178.481174] (-) TimerEvent: {}
[178.582383] (-) TimerEvent: {}
[178.683087] (-) TimerEvent: {}
[178.783946] (-) TimerEvent: {}
[178.885030] (-) TimerEvent: {}
[178.986004] (-) TimerEvent: {}
[179.155325] (-) TimerEvent: {}
[179.237659] (rf2o_laser_odometry) StdoutLine: {'line': b'[100%] Built target rf2o_laser_odometry\n'}
[179.255666] (-) TimerEvent: {}
[179.356489] (-) TimerEvent: {}
[179.457526] (-) TimerEvent: {}
[179.558472] (-) TimerEvent: {}
[179.659485] (-) TimerEvent: {}
[179.760293] (-) TimerEvent: {}
[179.861125] (-) TimerEvent: {}
[179.961891] (-) TimerEvent: {}
[180.063192] (-) TimerEvent: {}
[180.164044] (-) TimerEvent: {}
[180.265106] (-) TimerEvent: {}
[180.366004] (-) TimerEvent: {}
[180.466858] (-) TimerEvent: {}
[180.567865] (-) TimerEvent: {}
[180.668523] (-) TimerEvent: {}
[180.769330] (-) TimerEvent: {}
[180.870740] (-) TimerEvent: {}
[180.971626] (-) TimerEvent: {}
[181.072685] (-) TimerEvent: {}
[181.173560] (-) TimerEvent: {}
[181.274409] (-) TimerEvent: {}
[181.375520] (-) TimerEvent: {}
[181.476541] (-) TimerEvent: {}
[181.577301] (-) TimerEvent: {}
[181.678282] (-) TimerEvent: {}
[181.778939] (-) TimerEvent: {}
[181.879671] (-) TimerEvent: {}
[181.980546] (-) TimerEvent: {}
[182.081246] (-) TimerEvent: {}
[182.182137] (-) TimerEvent: {}
[182.283335] (-) TimerEvent: {}
[182.384108] (-) TimerEvent: {}
[182.485393] (-) TimerEvent: {}
[182.586678] (-) TimerEvent: {}
[182.687818] (-) TimerEvent: {}
[182.788718] (-) TimerEvent: {}
[182.889691] (-) TimerEvent: {}
[182.990675] (-) TimerEvent: {}
[183.091740] (-) TimerEvent: {}
[183.192875] (-) TimerEvent: {}
[183.293909] (-) TimerEvent: {}
[183.394769] (-) TimerEvent: {}
[183.495541] (-) TimerEvent: {}
[183.596478] (-) TimerEvent: {}
[183.697581] (-) TimerEvent: {}
[183.798396] (-) TimerEvent: {}
[183.899208] (-) TimerEvent: {}
[183.999973] (-) TimerEvent: {}
[184.100693] (-) TimerEvent: {}
[184.201388] (-) TimerEvent: {}
[184.302047] (-) TimerEvent: {}
[184.402672] (-) TimerEvent: {}
[184.503351] (-) TimerEvent: {}
[184.604020] (-) TimerEvent: {}
[184.704666] (-) TimerEvent: {}
[184.805508] (-) TimerEvent: {}
[184.906526] (-) TimerEvent: {}
[185.007182] (-) TimerEvent: {}
[185.107865] (-) TimerEvent: {}
[185.208499] (-) TimerEvent: {}
[185.309322] (-) TimerEvent: {}
[185.410416] (-) TimerEvent: {}
[185.511825] (-) TimerEvent: {}
[185.612774] (-) TimerEvent: {}
[185.713455] (-) TimerEvent: {}
[185.814247] (-) TimerEvent: {}
[185.914959] (-) TimerEvent: {}
[186.015831] (-) TimerEvent: {}
[186.116776] (-) TimerEvent: {}
[186.186692] (rf2o_laser_odometry) StdoutLine: {'line': b'[100%] Built target rf2o_laser_odometry_node\n'}
[186.216927] (-) TimerEvent: {}
[186.317757] (-) TimerEvent: {}
[186.365813] (rf2o_laser_odometry) CommandEnded: {'returncode': 0}
[186.417907] (-) TimerEvent: {}
[186.518623] (-) TimerEvent: {}
[186.526219] (rf2o_laser_odometry) JobProgress: {'identifier': 'rf2o_laser_odometry', 'progress': 'install'}
[186.530466] (rf2o_laser_odometry) Command: {'cmd': ['/usr/bin/cmake', '--install', '/home/arno/RoombaV2Onboard/build/rf2o_laser_odometry'], 'cwd': '/home/arno/RoombaV2Onboard/build/rf2o_laser_odometry', 'env': OrderedDict([('LESSOPEN', '| /usr/bin/lesspipe %s'), ('USER', 'arno'), ('SSH_CLIENT', '192.168.207.158 54042 22'), ('LC_TIME', 'de_CH.UTF-8'), ('XDG_SESSION_TYPE', 'tty'), ('SHLVL', '1'), ('LD_LIBRARY_PATH', '/opt/ros/humble/opt/rviz_ogre_vendor/lib:/opt/ros/humble/lib/aarch64-linux-gnu:/opt/ros/humble/lib'), ('MOTD_SHOWN', 'pam'), ('HOME', '/home/arno'), ('OLDPWD', '/home/arno'), ('SSH_TTY', '/dev/pts/0'), ('ROS_PYTHON_VERSION', '3'), ('LC_MONETARY', 'de_CH.UTF-8'), ('DBUS_SESSION_BUS_ADDRESS', 'unix:path=/run/user/1000/bus'), ('ROS_DISTRO', 'humble'), ('LOGNAME', 'arno'), ('_', '/usr/bin/colcon'), ('ROS_VERSION', '2'), ('XDG_SESSION_CLASS', 'user'), ('TERM', 'xterm-256color'), ('XDG_SESSION_ID', '1'), ('ROS_LOCALHOST_ONLY', '0'), ('PATH', '/opt/ros/humble/bin:/usr/local/sbin:/usr/local/bin:/usr/sbin:/usr/bin:/sbin:/bin:/usr/games:/usr/local/games:/snap/bin'), ('LC_ADDRESS', 'de_CH.UTF-8'), ('XDG_RUNTIME_DIR', '/run/user/1000'), ('LANG', 'en_US.UTF-8'), ('LC_TELEPHONE', 'de_CH.UTF-8'), ('LS_COLORS', 'rs=0:di=01;34:ln=01;36:mh=00:pi=40;33:so=01;35:do=01;35:bd=40;33;01:cd=40;33;01:or=40;31;01:mi=00:su=37;41:sg=30;43:ca=30;41:tw=30;42:ow=34;42:st=37;44:ex=01;32:*.tar=01;31:*.tgz=01;31:*.arc=01;31:*.arj=01;31:*.taz=01;31:*.lha=01;31:*.lz4=01;31:*.lzh=01;31:*.lzma=01;31:*.tlz=01;31:*.txz=01;31:*.tzo=01;31:*.t7z=01;31:*.zip=01;31:*.z=01;31:*.dz=01;31:*.gz=01;31:*.lrz=01;31:*.lz=01;31:*.lzo=01;31:*.xz=01;31:*.zst=01;31:*.tzst=01;31:*.bz2=01;31:*.bz=01;31:*.tbz=01;31:*.tbz2=01;31:*.tz=01;31:*.deb=01;31:*.rpm=01;31:*.jar=01;31:*.war=01;31:*.ear=01;31:*.sar=01;31:*.rar=01;31:*.alz=01;31:*.ace=01;31:*.zoo=01;31:*.cpio=01;31:*.7z=01;31:*.rz=01;31:*.cab=01;31:*.wim=01;31:*.swm=01;31:*.dwm=01;31:*.esd=01;31:*.jpg=01;35:*.jpeg=01;35:*.mjpg=01;35:*.mjpeg=01;35:*.gif=01;35:*.bmp=01;35:*.pbm=01;35:*.pgm=01;35:*.ppm=01;35:*.tga=01;35:*.xbm=01;35:*.xpm=01;35:*.tif=01;35:*.tiff=01;35:*.png=01;35:*.svg=01;35:*.svgz=01;35:*.mng=01;35:*.pcx=01;35:*.mov=01;35:*.mpg=01;35:*.mpeg=01;35:*.m2v=01;35:*.mkv=01;35:*.webm=01;35:*.webp=01;35:*.ogm=01;35:*.mp4=01;35:*.m4v=01;35:*.mp4v=01;35:*.vob=01;35:*.qt=01;35:*.nuv=01;35:*.wmv=01;35:*.asf=01;35:*.rm=01;35:*.rmvb=01;35:*.flc=01;35:*.avi=01;35:*.fli=01;35:*.flv=01;35:*.gl=01;35:*.dl=01;35:*.xcf=01;35:*.xwd=01;35:*.yuv=01;35:*.cgm=01;35:*.emf=01;35:*.ogv=01;35:*.ogx=01;35:*.aac=00;36:*.au=00;36:*.flac=00;36:*.m4a=00;36:*.mid=00;36:*.midi=00;36:*.mka=00;36:*.mp3=00;36:*.mpc=00;36:*.ogg=00;36:*.ra=00;36:*.wav=00;36:*.oga=00;36:*.opus=00;36:*.spx=00;36:*.xspf=00;36:'), ('AMENT_PREFIX_PATH', '/opt/ros/humble'), ('SHELL', '/bin/bash'), ('LC_NAME', 'de_CH.UTF-8'), ('LESSCLOSE', '/usr/bin/lesspipe %s %s'), ('LC_MEASUREMENT', 'de_CH.UTF-8'), ('LC_IDENTIFICATION', 'de_CH.UTF-8'), ('PWD', '/home/arno/RoombaV2Onboard/build/rf2o_laser_odometry'), ('LC_ALL', 'en_US.UTF-8'), ('SSH_CONNECTION', '192.168.207.158 54042 192.168.207.79 22'), ('XDG_DATA_DIRS', '/usr/local/share:/usr/share:/var/lib/snapd/desktop'), ('PYTHONPATH', '/opt/ros/humble/lib/python3.10/site-packages:/opt/ros/humble/local/lib/python3.10/dist-packages'), ('LC_NUMERIC', 'de_CH.UTF-8'), ('LC_PAPER', 'de_CH.UTF-8'), ('COLCON', '1'), ('CMAKE_PREFIX_PATH', '/opt/ros/humble')]), 'shell': False}
[186.562209] (rf2o_laser_odometry) StdoutLine: {'line': b'-- Install configuration: ""\n'}
[186.563829] (rf2o_laser_odometry) StdoutLine: {'line': b'-- Installing: /home/arno/RoombaV2Onboard/install/rf2o_laser_odometry/lib/rf2o_laser_odometry/rf2o_laser_odometry_node\n'}
[186.618822] (-) TimerEvent: {}
[186.644971] (rf2o_laser_odometry) StdoutLine: {'line': b'-- Set runtime path of "/home/arno/RoombaV2Onboard/install/rf2o_laser_odometry/lib/rf2o_laser_odometry/rf2o_laser_odometry_node" to ""\n'}
[186.645647] (rf2o_laser_odometry) StdoutLine: {'line': b'-- Installing: /home/arno/RoombaV2Onboard/install/rf2o_laser_odometry/share/rf2o_laser_odometry/launch\n'}
[186.646974] (rf2o_laser_odometry) StdoutLine: {'line': b'-- Installing: /home/arno/RoombaV2Onboard/install/rf2o_laser_odometry/share/rf2o_laser_odometry/launch/rf2o_laser_odometry.launch.py\n'}
[186.651231] (rf2o_laser_odometry) StdoutLine: {'line': b'-- Installing: /home/arno/RoombaV2Onboard/install/rf2o_laser_odometry/share/ament_index/resource_index/package_run_dependencies/rf2o_laser_odometry\n'}
[186.653969] (rf2o_laser_odometry) StdoutLine: {'line': b'-- Installing: /home/arno/RoombaV2Onboard/install/rf2o_laser_odometry/share/ament_index/resource_index/parent_prefix_path/rf2o_laser_odometry\n'}
[186.656253] (rf2o_laser_odometry) StdoutLine: {'line': b'-- Installing: /home/arno/RoombaV2Onboard/install/rf2o_laser_odometry/share/rf2o_laser_odometry/environment/ament_prefix_path.sh\n'}
[186.658748] (rf2o_laser_odometry) StdoutLine: {'line': b'-- Installing: /home/arno/RoombaV2Onboard/install/rf2o_laser_odometry/share/rf2o_laser_odometry/environment/ament_prefix_path.dsv\n'}
[186.660654] (rf2o_laser_odometry) StdoutLine: {'line': b'-- Installing: /home/arno/RoombaV2Onboard/install/rf2o_laser_odometry/share/rf2o_laser_odometry/environment/path.sh\n'}
[186.662581] (rf2o_laser_odometry) StdoutLine: {'line': b'-- Installing: /home/arno/RoombaV2Onboard/install/rf2o_laser_odometry/share/rf2o_laser_odometry/environment/path.dsv\n'}
[186.664476] (rf2o_laser_odometry) StdoutLine: {'line': b'-- Installing: /home/arno/RoombaV2Onboard/install/rf2o_laser_odometry/share/rf2o_laser_odometry/local_setup.bash\n'}
[186.666255] (rf2o_laser_odometry) StdoutLine: {'line': b'-- Installing: /home/arno/RoombaV2Onboard/install/rf2o_laser_odometry/share/rf2o_laser_odometry/local_setup.sh\n'}
[186.668170] (rf2o_laser_odometry) StdoutLine: {'line': b'-- Installing: /home/arno/RoombaV2Onboard/install/rf2o_laser_odometry/share/rf2o_laser_odometry/local_setup.zsh\n'}
[186.669903] (rf2o_laser_odometry) StdoutLine: {'line': b'-- Installing: /home/arno/RoombaV2Onboard/install/rf2o_laser_odometry/share/rf2o_laser_odometry/local_setup.dsv\n'}
[186.671573] (rf2o_laser_odometry) StdoutLine: {'line': b'-- Installing: /home/arno/RoombaV2Onboard/install/rf2o_laser_odometry/share/rf2o_laser_odometry/package.dsv\n'}
[186.674119] (rf2o_laser_odometry) StdoutLine: {'line': b'-- Installing: /home/arno/RoombaV2Onboard/install/rf2o_laser_odometry/share/ament_index/resource_index/packages/rf2o_laser_odometry\n'}
[186.676289] (rf2o_laser_odometry) StdoutLine: {'line': b'-- Installing: /home/arno/RoombaV2Onboard/install/rf2o_laser_odometry/share/rf2o_laser_odometry/cmake/rf2o_laser_odometryConfig.cmake\n'}
[186.678013] (rf2o_laser_odometry) StdoutLine: {'line': b'-- Installing: /home/arno/RoombaV2Onboard/install/rf2o_laser_odometry/share/rf2o_laser_odometry/cmake/rf2o_laser_odometryConfig-version.cmake\n'}
[186.679724] (rf2o_laser_odometry) StdoutLine: {'line': b'-- Installing: /home/arno/RoombaV2Onboard/install/rf2o_laser_odometry/share/rf2o_laser_odometry/package.xml\n'}
[186.688156] (rf2o_laser_odometry) CommandEnded: {'returncode': 0}
[186.719010] (-) TimerEvent: {}
[186.825720] (-) TimerEvent: {}
[186.927083] (-) TimerEvent: {}
[187.028054] (-) TimerEvent: {}
[187.128886] (-) TimerEvent: {}
[187.229675] (-) TimerEvent: {}
[187.347209] (-) TimerEvent: {}
[187.511522] (-) TimerEvent: {}
[187.633540] (-) TimerEvent: {}
[187.763366] (-) TimerEvent: {}
[187.880598] (-) TimerEvent: {}
[187.993994] (-) TimerEvent: {}
[188.121258] (rf2o_laser_odometry) JobEnded: {'identifier': 'rf2o_laser_odometry', 'rc': 0}
[188.156812] (-) TimerEvent: {}
[188.162958] (-) EventReactorShutdown: {}
