[0.000000] (-) TimerEvent: {}
[0.003253] (RoverReceive) JobQueued: {'identifier': 'RoverReceive', 'dependencies': OrderedDict()}
[0.004557] (roombav2) JobQueued: {'identifier': 'roombav2', 'dependencies': OrderedDict()}
[0.005574] (rover_stream) JobQueued: {'identifier': 'rover_stream', 'dependencies': OrderedDict()}
[0.005948] (sllidar_ros2) JobQueued: {'identifier': 'sllidar_ros2', 'dependencies': OrderedDict()}
[0.006417] (RoverReceive) JobStarted: {'identifier': 'RoverReceive'}
[0.098169] (-) TimerEvent: {}
[0.157165] (roombav2) JobStarted: {'identifier': 'roombav2'}
[0.198610] (-) TimerEvent: {}
[0.256132] (rover_stream) JobStarted: {'identifier': 'rover_stream'}
[0.298986] (-) TimerEvent: {}
[0.356168] (sllidar_ros2) JobStarted: {'identifier': 'sllidar_ros2'}
[0.399460] (-) TimerEvent: {}
[0.501932] (-) TimerEvent: {}
[0.604184] (-) TimerEvent: {}
[0.706286] (-) TimerEvent: {}
[0.808709] (-) TimerEvent: {}
[0.910867] (-) TimerEvent: {}
[1.013111] (-) TimerEvent: {}
[1.115463] (-) TimerEvent: {}
[1.217702] (-) TimerEvent: {}
[1.320021] (-) TimerEvent: {}
[1.423171] (-) TimerEvent: {}
[1.525321] (-) TimerEvent: {}
[1.627841] (-) TimerEvent: {}
[1.729831] (-) TimerEvent: {}
[1.832013] (-) TimerEvent: {}
[1.934251] (-) TimerEvent: {}
[2.036270] (-) TimerEvent: {}
[2.138288] (-) TimerEvent: {}
[2.240407] (-) TimerEvent: {}
[2.342375] (-) TimerEvent: {}
[2.444542] (-) TimerEvent: {}
[2.546913] (-) TimerEvent: {}
[2.649405] (-) TimerEvent: {}
[2.751443] (-) TimerEvent: {}
[2.853567] (-) TimerEvent: {}
[2.955743] (-) TimerEvent: {}
[3.057777] (-) TimerEvent: {}
[3.159879] (-) TimerEvent: {}
[3.261866] (-) TimerEvent: {}
[3.363863] (-) TimerEvent: {}
[3.465880] (-) TimerEvent: {}
[3.567880] (-) TimerEvent: {}
[3.669848] (-) TimerEvent: {}
[3.771881] (-) TimerEvent: {}
[3.873808] (-) TimerEvent: {}
[3.975976] (-) TimerEvent: {}
[4.078025] (-) TimerEvent: {}
[4.180303] (-) TimerEvent: {}
[4.282384] (-) TimerEvent: {}
[4.384496] (-) TimerEvent: {}
[4.486590] (-) TimerEvent: {}
[4.588710] (-) TimerEvent: {}
[4.690743] (-) TimerEvent: {}
[4.792598] (-) TimerEvent: {}
[4.893859] (-) TimerEvent: {}
[4.995236] (-) TimerEvent: {}
[5.096604] (-) TimerEvent: {}
[5.199025] (-) TimerEvent: {}
[5.301075] (-) TimerEvent: {}
[5.403043] (-) TimerEvent: {}
[5.505221] (-) TimerEvent: {}
[5.607358] (-) TimerEvent: {}
[5.709539] (-) TimerEvent: {}
[5.812802] (-) TimerEvent: {}
[5.923710] (-) TimerEvent: {}
[6.027967] (-) TimerEvent: {}
[6.132175] (-) TimerEvent: {}
[6.234490] (-) TimerEvent: {}
[6.336876] (-) TimerEvent: {}
[6.439272] (-) TimerEvent: {}
[6.541748] (-) TimerEvent: {}
[6.644091] (-) TimerEvent: {}
[6.746170] (-) TimerEvent: {}
[6.848285] (-) TimerEvent: {}
[6.950272] (-) TimerEvent: {}
[7.052501] (-) TimerEvent: {}
[7.154953] (-) TimerEvent: {}
[7.257409] (-) TimerEvent: {}
[7.359867] (-) TimerEvent: {}
[7.464077] (-) TimerEvent: {}
[7.568233] (-) TimerEvent: {}
[7.673169] (-) TimerEvent: {}
[7.778626] (-) TimerEvent: {}
[7.884192] (-) TimerEvent: {}
[7.986546] (-) TimerEvent: {}
[8.088711] (-) TimerEvent: {}
[8.190603] (-) TimerEvent: {}
[8.291773] (-) TimerEvent: {}
[8.393178] (-) TimerEvent: {}
[8.496015] (-) TimerEvent: {}
[8.600320] (-) TimerEvent: {}
[8.704295] (-) TimerEvent: {}
[8.808388] (-) TimerEvent: {}
[8.910764] (-) TimerEvent: {}
[9.013437] (-) TimerEvent: {}
[9.115876] (-) TimerEvent: {}
[9.217896] (-) TimerEvent: {}
[9.320021] (-) TimerEvent: {}
[9.422096] (-) TimerEvent: {}
[9.524220] (-) TimerEvent: {}
[9.626268] (-) TimerEvent: {}
[9.728486] (-) TimerEvent: {}
[9.830558] (-) TimerEvent: {}
[9.932695] (-) TimerEvent: {}
[10.034759] (-) TimerEvent: {}
[10.137152] (-) TimerEvent: {}
[10.239208] (-) TimerEvent: {}
[10.341399] (-) TimerEvent: {}
[10.443708] (-) TimerEvent: {}
[10.546005] (-) TimerEvent: {}
[10.648455] (-) TimerEvent: {}
[10.750555] (-) TimerEvent: {}
[10.852681] (-) TimerEvent: {}
[10.954075] (-) TimerEvent: {}
[11.055399] (-) TimerEvent: {}
[11.156747] (-) TimerEvent: {}
[11.257944] (-) TimerEvent: {}
[11.359119] (-) TimerEvent: {}
[11.460325] (-) TimerEvent: {}
[11.561477] (-) TimerEvent: {}
[11.662637] (-) TimerEvent: {}
[11.763958] (-) TimerEvent: {}
[11.865084] (-) TimerEvent: {}
[11.966321] (-) TimerEvent: {}
[12.067509] (-) TimerEvent: {}
[12.168776] (-) TimerEvent: {}
[12.269953] (-) TimerEvent: {}
[12.371180] (-) TimerEvent: {}
[12.472465] (-) TimerEvent: {}
[12.573664] (-) TimerEvent: {}
[12.674896] (-) TimerEvent: {}
[12.776115] (-) TimerEvent: {}
[12.877337] (-) TimerEvent: {}
[12.978688] (-) TimerEvent: {}
[13.080138] (-) TimerEvent: {}
[13.158700] (sllidar_ros2) JobProgress: {'identifier': 'sllidar_ros2', 'progress': 'cmake'}
[13.160765] (sllidar_ros2) Command: {'cmd': ['/usr/bin/cmake', '/home/arno/RoombaV2Onboard/src/sllidar_ros2', '-DCMAKE_INSTALL_PREFIX=/home/arno/RoombaV2Onboard/install/sllidar_ros2'], 'cwd': '/home/arno/RoombaV2Onboard/build/sllidar_ros2', 'env': OrderedDict([('LESSOPEN', '| /usr/bin/lesspipe %s'), ('USER', 'arno'), ('SSH_CLIENT', '192.168.113.158 42762 22'), ('LC_TIME', 'de_CH.UTF-8'), ('XDG_SESSION_TYPE', 'tty'), ('SHLVL', '1'), ('LD_LIBRARY_PATH', '/opt/ros/humble/opt/rviz_ogre_vendor/lib:/opt/ros/humble/lib/aarch64-linux-gnu:/opt/ros/humble/lib'), ('MOTD_SHOWN', 'pam'), ('HOME', '/home/arno'), ('OLDPWD', '/home/arno/RoombaV2Onboard/src/roombav2'), ('SSH_TTY', '/dev/pts/2'), ('ROS_PYTHON_VERSION', '3'), ('LC_MONETARY', 'de_CH.UTF-8'), ('DBUS_SESSION_BUS_ADDRESS', 'unix:path=/run/user/1000/bus'), ('COLCON_PREFIX_PATH', '/home/arno/RoombaV2Onboard/install'), ('ROS_DISTRO', 'humble'), ('LOGNAME', 'arno'), ('_', '/usr/bin/colcon'), ('ROS_VERSION', '2'), ('XDG_SESSION_CLASS', 'user'), ('TERM', 'xterm-256color'), ('XDG_SESSION_ID', '4'), ('ROS_LOCALHOST_ONLY', '0'), ('PATH', '/home/arno/.local/bin:/opt/ros/humble/bin:/usr/local/sbin:/usr/local/bin:/usr/sbin:/usr/bin:/sbin:/bin:/usr/games:/usr/local/games:/snap/bin'), ('LC_ADDRESS', 'de_CH.UTF-8'), ('XDG_RUNTIME_DIR', '/run/user/1000'), ('LANG', 'en_US.UTF-8'), ('LC_TELEPHONE', 'de_CH.UTF-8'), ('LS_COLORS', 'rs=0:di=01;34:ln=01;36:mh=00:pi=40;33:so=01;35:do=01;35:bd=40;33;01:cd=40;33;01:or=40;31;01:mi=00:su=37;41:sg=30;43:ca=30;41:tw=30;42:ow=34;42:st=37;44:ex=01;32:*.tar=01;31:*.tgz=01;31:*.arc=01;31:*.arj=01;31:*.taz=01;31:*.lha=01;31:*.lz4=01;31:*.lzh=01;31:*.lzma=01;31:*.tlz=01;31:*.txz=01;31:*.tzo=01;31:*.t7z=01;31:*.zip=01;31:*.z=01;31:*.dz=01;31:*.gz=01;31:*.lrz=01;31:*.lz=01;31:*.lzo=01;31:*.xz=01;31:*.zst=01;31:*.tzst=01;31:*.bz2=01;31:*.bz=01;31:*.tbz=01;31:*.tbz2=01;31:*.tz=01;31:*.deb=01;31:*.rpm=01;31:*.jar=01;31:*.war=01;31:*.ear=01;31:*.sar=01;31:*.rar=01;31:*.alz=01;31:*.ace=01;31:*.zoo=01;31:*.cpio=01;31:*.7z=01;31:*.rz=01;31:*.cab=01;31:*.wim=01;31:*.swm=01;31:*.dwm=01;31:*.esd=01;31:*.jpg=01;35:*.jpeg=01;35:*.mjpg=01;35:*.mjpeg=01;35:*.gif=01;35:*.bmp=01;35:*.pbm=01;35:*.pgm=01;35:*.ppm=01;35:*.tga=01;35:*.xbm=01;35:*.xpm=01;35:*.tif=01;35:*.tiff=01;35:*.png=01;35:*.svg=01;35:*.svgz=01;35:*.mng=01;35:*.pcx=01;35:*.mov=01;35:*.mpg=01;35:*.mpeg=01;35:*.m2v=01;35:*.mkv=01;35:*.webm=01;35:*.webp=01;35:*.ogm=01;35:*.mp4=01;35:*.m4v=01;35:*.mp4v=01;35:*.vob=01;35:*.qt=01;35:*.nuv=01;35:*.wmv=01;35:*.asf=01;35:*.rm=01;35:*.rmvb=01;35:*.flc=01;35:*.avi=01;35:*.fli=01;35:*.flv=01;35:*.gl=01;35:*.dl=01;35:*.xcf=01;35:*.xwd=01;35:*.yuv=01;35:*.cgm=01;35:*.emf=01;35:*.ogv=01;35:*.ogx=01;35:*.aac=00;36:*.au=00;36:*.flac=00;36:*.m4a=00;36:*.mid=00;36:*.midi=00;36:*.mka=00;36:*.mp3=00;36:*.mpc=00;36:*.ogg=00;36:*.ra=00;36:*.wav=00;36:*.oga=00;36:*.opus=00;36:*.spx=00;36:*.xspf=00;36:'), ('AMENT_PREFIX_PATH', '/home/arno/RoombaV2Onboard/install/sllidar_ros2:/home/arno/RoombaV2Onboard/install/rover_stream:/home/arno/RoombaV2Onboard/install/roombav2:/home/arno/RoombaV2Onboard/install/RoverReceive:/opt/ros/humble'), ('SHELL', '/bin/bash'), ('LC_NAME', 'de_CH.UTF-8'), ('LESSCLOSE', '/usr/bin/lesspipe %s %s'), ('LC_MEASUREMENT', 'de_CH.UTF-8'), ('LC_IDENTIFICATION', 'de_CH.UTF-8'), ('PWD', '/home/arno/RoombaV2Onboard/build/sllidar_ros2'), ('LC_ALL', 'en_US.UTF-8'), ('SSH_CONNECTION', '192.168.113.158 42762 192.168.113.115 22'), ('XDG_DATA_DIRS', '/usr/local/share:/usr/share:/var/lib/snapd/desktop'), ('PYTHONPATH', '/home/arno/RoombaV2Onboard/install/rover_stream/lib/python3.10/site-packages:/home/arno/RoombaV2Onboard/install/roombav2/lib/python3.10/site-packages:/home/arno/RoombaV2Onboard/install/RoverReceive/lib/python3.10/site-packages:/opt/ros/humble/lib/python3.10/site-packages:/opt/ros/humble/local/lib/python3.10/dist-packages'), ('LC_NUMERIC', 'de_CH.UTF-8'), ('LC_PAPER', 'de_CH.UTF-8'), ('COLCON', '1'), ('CMAKE_PREFIX_PATH', '/home/arno/RoombaV2Onboard/install/sllidar_ros2:/home/arno/RoombaV2Onboard/install/rover_stream:/home/arno/RoombaV2Onboard/install/roombav2:/home/arno/RoombaV2Onboard/install/RoverReceive:/opt/ros/humble')]), 'shell': False}
[13.182378] (-) TimerEvent: {}
[13.286088] (-) TimerEvent: {}
[13.387847] (-) TimerEvent: {}
[13.490245] (-) TimerEvent: {}
[13.594773] (-) TimerEvent: {}
[13.700208] (-) TimerEvent: {}
[13.805282] (-) TimerEvent: {}
[13.910924] (-) TimerEvent: {}
[14.017236] (-) TimerEvent: {}
[14.122206] (-) TimerEvent: {}
[14.227153] (-) TimerEvent: {}
[14.332072] (-) TimerEvent: {}
[14.439244] (-) TimerEvent: {}
[14.543906] (-) TimerEvent: {}
[14.648255] (-) TimerEvent: {}
[14.752605] (-) TimerEvent: {}
[14.856456] (-) TimerEvent: {}
[14.960683] (-) TimerEvent: {}
[15.065648] (-) TimerEvent: {}
[15.168059] (-) TimerEvent: {}
[15.270541] (-) TimerEvent: {}
[15.376208] (-) TimerEvent: {}
[15.482260] (-) TimerEvent: {}
[15.588385] (-) TimerEvent: {}
[15.690688] (-) TimerEvent: {}
[15.793357] (-) TimerEvent: {}
[15.900264] (-) TimerEvent: {}
[16.005905] (-) TimerEvent: {}
[16.110563] (-) TimerEvent: {}
[16.214872] (-) TimerEvent: {}
[16.320159] (-) TimerEvent: {}
[16.425511] (-) TimerEvent: {}
[16.530929] (-) TimerEvent: {}
[16.636248] (-) TimerEvent: {}
[16.741767] (-) TimerEvent: {}
[16.844737] (-) TimerEvent: {}
[16.948622] (-) TimerEvent: {}
[17.053885] (-) TimerEvent: {}
[17.159174] (-) TimerEvent: {}
[17.261615] (-) TimerEvent: {}
[17.367015] (-) TimerEvent: {}
[17.472214] (-) TimerEvent: {}
[17.576288] (-) TimerEvent: {}
[17.680614] (-) TimerEvent: {}
[17.785327] (-) TimerEvent: {}
[17.889900] (-) TimerEvent: {}
[17.965072] (sllidar_ros2) StdoutLine: {'line': b'-- The C compiler identification is GNU 11.4.0\n'}
[17.990428] (-) TimerEvent: {}
[18.092907] (-) TimerEvent: {}
[18.198657] (-) TimerEvent: {}
[18.304226] (-) TimerEvent: {}
[18.406966] (-) TimerEvent: {}
[18.510662] (-) TimerEvent: {}
[18.613232] (-) TimerEvent: {}
[18.717798] (-) TimerEvent: {}
[18.822953] (-) TimerEvent: {}
[18.928291] (-) TimerEvent: {}
[19.032867] (-) TimerEvent: {}
[19.137753] (-) TimerEvent: {}
[19.242139] (-) TimerEvent: {}
[19.345068] (-) TimerEvent: {}
[19.450767] (-) TimerEvent: {}
[19.569551] (-) TimerEvent: {}
[19.673247] (-) TimerEvent: {}
[19.776692] (-) TimerEvent: {}
[19.879487] (-) TimerEvent: {}
[19.982216] (-) TimerEvent: {}
[20.084963] (-) TimerEvent: {}
[20.132011] (sllidar_ros2) StdoutLine: {'line': b'-- The CXX compiler identification is GNU 11.4.0\n'}
[20.185388] (-) TimerEvent: {}
[20.289722] (-) TimerEvent: {}
[20.347086] (sllidar_ros2) StdoutLine: {'line': b'-- Detecting C compiler ABI info\n'}
[20.390135] (-) TimerEvent: {}
[20.492935] (-) TimerEvent: {}
[20.595334] (-) TimerEvent: {}
[20.697903] (-) TimerEvent: {}
[20.800183] (-) TimerEvent: {}
[20.902363] (-) TimerEvent: {}
[21.004807] (-) TimerEvent: {}
[21.107104] (-) TimerEvent: {}
[21.209817] (-) TimerEvent: {}
[21.313904] (-) TimerEvent: {}
[21.418440] (-) TimerEvent: {}
[21.522682] (-) TimerEvent: {}
[21.628042] (-) TimerEvent: {}
[21.733852] (-) TimerEvent: {}
[21.841091] (-) TimerEvent: {}
[21.946236] (-) TimerEvent: {}
[22.003776] (sllidar_ros2) StdoutLine: {'line': b'-- Detecting C compiler ABI info - done\n'}
[22.046609] (-) TimerEvent: {}
[22.149282] (-) TimerEvent: {}
[22.166863] (sllidar_ros2) StdoutLine: {'line': b'-- Check for working C compiler: /usr/bin/cc - skipped\n'}
[22.174588] (sllidar_ros2) StdoutLine: {'line': b'-- Detecting C compile features\n'}
[22.188226] (sllidar_ros2) StdoutLine: {'line': b'-- Detecting C compile features - done\n'}
[22.249736] (-) TimerEvent: {}
[22.270824] (sllidar_ros2) StdoutLine: {'line': b'-- Detecting CXX compiler ABI info\n'}
[22.350169] (-) TimerEvent: {}
[22.452753] (-) TimerEvent: {}
[22.555768] (-) TimerEvent: {}
[22.658761] (-) TimerEvent: {}
[22.761797] (-) TimerEvent: {}
[22.864259] (-) TimerEvent: {}
[22.966978] (-) TimerEvent: {}
[23.020136] (RoverReceive) Command: {'cmd': ['/usr/bin/python3', '-W', 'ignore:setup.py install is deprecated', 'setup.py', 'egg_info', '--egg-base', '../../build/RoverReceive', 'build', '--build-base', '/home/arno/RoombaV2Onboard/build/RoverReceive/build', 'install', '--record', '/home/arno/RoombaV2Onboard/build/RoverReceive/install.log', '--single-version-externally-managed', 'install_data'], 'cwd': '/home/arno/RoombaV2Onboard/src/RoverReceive', 'env': {'LESSOPEN': '| /usr/bin/lesspipe %s', 'USER': 'arno', 'SSH_CLIENT': '192.168.113.158 42762 22', 'LC_TIME': 'de_CH.UTF-8', 'XDG_SESSION_TYPE': 'tty', 'SHLVL': '1', 'LD_LIBRARY_PATH': '/opt/ros/humble/opt/rviz_ogre_vendor/lib:/opt/ros/humble/lib/aarch64-linux-gnu:/opt/ros/humble/lib', 'MOTD_SHOWN': 'pam', 'HOME': '/home/arno', 'OLDPWD': '/home/arno/RoombaV2Onboard/src/roombav2', 'SSH_TTY': '/dev/pts/2', 'ROS_PYTHON_VERSION': '3', 'LC_MONETARY': 'de_CH.UTF-8', 'DBUS_SESSION_BUS_ADDRESS': 'unix:path=/run/user/1000/bus', 'COLCON_PREFIX_PATH': '/home/arno/RoombaV2Onboard/install', 'ROS_DISTRO': 'humble', 'LOGNAME': 'arno', '_': '/usr/bin/colcon', 'ROS_VERSION': '2', 'XDG_SESSION_CLASS': 'user', 'TERM': 'xterm-256color', 'XDG_SESSION_ID': '4', 'ROS_LOCALHOST_ONLY': '0', 'PATH': '/home/arno/.local/bin:/opt/ros/humble/bin:/usr/local/sbin:/usr/local/bin:/usr/sbin:/usr/bin:/sbin:/bin:/usr/games:/usr/local/games:/snap/bin', 'LC_ADDRESS': 'de_CH.UTF-8', 'XDG_RUNTIME_DIR': '/run/user/1000', 'LANG': 'en_US.UTF-8', 'LC_TELEPHONE': 'de_CH.UTF-8', 'LS_COLORS': 'rs=0:di=01;34:ln=01;36:mh=00:pi=40;33:so=01;35:do=01;35:bd=40;33;01:cd=40;33;01:or=40;31;01:mi=00:su=37;41:sg=30;43:ca=30;41:tw=30;42:ow=34;42:st=37;44:ex=01;32:*.tar=01;31:*.tgz=01;31:*.arc=01;31:*.arj=01;31:*.taz=01;31:*.lha=01;31:*.lz4=01;31:*.lzh=01;31:*.lzma=01;31:*.tlz=01;31:*.txz=01;31:*.tzo=01;31:*.t7z=01;31:*.zip=01;31:*.z=01;31:*.dz=01;31:*.gz=01;31:*.lrz=01;31:*.lz=01;31:*.lzo=01;31:*.xz=01;31:*.zst=01;31:*.tzst=01;31:*.bz2=01;31:*.bz=01;31:*.tbz=01;31:*.tbz2=01;31:*.tz=01;31:*.deb=01;31:*.rpm=01;31:*.jar=01;31:*.war=01;31:*.ear=01;31:*.sar=01;31:*.rar=01;31:*.alz=01;31:*.ace=01;31:*.zoo=01;31:*.cpio=01;31:*.7z=01;31:*.rz=01;31:*.cab=01;31:*.wim=01;31:*.swm=01;31:*.dwm=01;31:*.esd=01;31:*.jpg=01;35:*.jpeg=01;35:*.mjpg=01;35:*.mjpeg=01;35:*.gif=01;35:*.bmp=01;35:*.pbm=01;35:*.pgm=01;35:*.ppm=01;35:*.tga=01;35:*.xbm=01;35:*.xpm=01;35:*.tif=01;35:*.tiff=01;35:*.png=01;35:*.svg=01;35:*.svgz=01;35:*.mng=01;35:*.pcx=01;35:*.mov=01;35:*.mpg=01;35:*.mpeg=01;35:*.m2v=01;35:*.mkv=01;35:*.webm=01;35:*.webp=01;35:*.ogm=01;35:*.mp4=01;35:*.m4v=01;35:*.mp4v=01;35:*.vob=01;35:*.qt=01;35:*.nuv=01;35:*.wmv=01;35:*.asf=01;35:*.rm=01;35:*.rmvb=01;35:*.flc=01;35:*.avi=01;35:*.fli=01;35:*.flv=01;35:*.gl=01;35:*.dl=01;35:*.xcf=01;35:*.xwd=01;35:*.yuv=01;35:*.cgm=01;35:*.emf=01;35:*.ogv=01;35:*.ogx=01;35:*.aac=00;36:*.au=00;36:*.flac=00;36:*.m4a=00;36:*.mid=00;36:*.midi=00;36:*.mka=00;36:*.mp3=00;36:*.mpc=00;36:*.ogg=00;36:*.ra=00;36:*.wav=00;36:*.oga=00;36:*.opus=00;36:*.spx=00;36:*.xspf=00;36:', 'AMENT_PREFIX_PATH': '/home/arno/RoombaV2Onboard/install/sllidar_ros2:/home/arno/RoombaV2Onboard/install/rover_stream:/home/arno/RoombaV2Onboard/install/roombav2:/home/arno/RoombaV2Onboard/install/RoverReceive:/opt/ros/humble', 'SHELL': '/bin/bash', 'LC_NAME': 'de_CH.UTF-8', 'LESSCLOSE': '/usr/bin/lesspipe %s %s', 'LC_MEASUREMENT': 'de_CH.UTF-8', 'LC_IDENTIFICATION': 'de_CH.UTF-8', 'PWD': '/home/arno/RoombaV2Onboard/build/RoverReceive', 'LC_ALL': 'en_US.UTF-8', 'SSH_CONNECTION': '192.168.113.158 42762 192.168.113.115 22', 'XDG_DATA_DIRS': '/usr/local/share:/usr/share:/var/lib/snapd/desktop', 'PYTHONPATH': '/home/arno/RoombaV2Onboard/build/RoverReceive/prefix_override:/usr/lib/python3/dist-packages/colcon_core/task/python/colcon_distutils_commands:/home/arno/RoombaV2Onboard/install/RoverReceive/lib/python3.10/site-packages:/home/arno/RoombaV2Onboard/install/rover_stream/lib/python3.10/site-packages:/home/arno/RoombaV2Onboard/install/roombav2/lib/python3.10/site-packages:/home/arno/RoombaV2Onboard/install/RoverReceive/lib/python3.10/site-packages:/opt/ros/humble/lib/python3.10/site-packages:/opt/ros/humble/local/lib/python3.10/dist-packages', 'LC_NUMERIC': 'de_CH.UTF-8', 'LC_PAPER': 'de_CH.UTF-8', 'COLCON': '1', 'CMAKE_PREFIX_PATH': '/home/arno/RoombaV2Onboard/install/sllidar_ros2'}, 'shell': False}
[23.055369] (roombav2) Command: {'cmd': ['/usr/bin/python3', '-W', 'ignore:setup.py install is deprecated', 'setup.py', 'egg_info', '--egg-base', '../../build/roombav2', 'build', '--build-base', '/home/arno/RoombaV2Onboard/build/roombav2/build', 'install', '--record', '/home/arno/RoombaV2Onboard/build/roombav2/install.log', '--single-version-externally-managed', 'install_data'], 'cwd': '/home/arno/RoombaV2Onboard/src/roombav2', 'env': {'LESSOPEN': '| /usr/bin/lesspipe %s', 'USER': 'arno', 'SSH_CLIENT': '192.168.113.158 42762 22', 'LC_TIME': 'de_CH.UTF-8', 'XDG_SESSION_TYPE': 'tty', 'SHLVL': '1', 'LD_LIBRARY_PATH': '/opt/ros/humble/opt/rviz_ogre_vendor/lib:/opt/ros/humble/lib/aarch64-linux-gnu:/opt/ros/humble/lib', 'MOTD_SHOWN': 'pam', 'HOME': '/home/arno', 'OLDPWD': '/home/arno/RoombaV2Onboard/src/roombav2', 'SSH_TTY': '/dev/pts/2', 'ROS_PYTHON_VERSION': '3', 'LC_MONETARY': 'de_CH.UTF-8', 'DBUS_SESSION_BUS_ADDRESS': 'unix:path=/run/user/1000/bus', 'COLCON_PREFIX_PATH': '/home/arno/RoombaV2Onboard/install', 'ROS_DISTRO': 'humble', 'LOGNAME': 'arno', '_': '/usr/bin/colcon', 'ROS_VERSION': '2', 'XDG_SESSION_CLASS': 'user', 'TERM': 'xterm-256color', 'XDG_SESSION_ID': '4', 'ROS_LOCALHOST_ONLY': '0', 'PATH': '/home/arno/.local/bin:/opt/ros/humble/bin:/usr/local/sbin:/usr/local/bin:/usr/sbin:/usr/bin:/sbin:/bin:/usr/games:/usr/local/games:/snap/bin', 'LC_ADDRESS': 'de_CH.UTF-8', 'XDG_RUNTIME_DIR': '/run/user/1000', 'LANG': 'en_US.UTF-8', 'LC_TELEPHONE': 'de_CH.UTF-8', 'LS_COLORS': 'rs=0:di=01;34:ln=01;36:mh=00:pi=40;33:so=01;35:do=01;35:bd=40;33;01:cd=40;33;01:or=40;31;01:mi=00:su=37;41:sg=30;43:ca=30;41:tw=30;42:ow=34;42:st=37;44:ex=01;32:*.tar=01;31:*.tgz=01;31:*.arc=01;31:*.arj=01;31:*.taz=01;31:*.lha=01;31:*.lz4=01;31:*.lzh=01;31:*.lzma=01;31:*.tlz=01;31:*.txz=01;31:*.tzo=01;31:*.t7z=01;31:*.zip=01;31:*.z=01;31:*.dz=01;31:*.gz=01;31:*.lrz=01;31:*.lz=01;31:*.lzo=01;31:*.xz=01;31:*.zst=01;31:*.tzst=01;31:*.bz2=01;31:*.bz=01;31:*.tbz=01;31:*.tbz2=01;31:*.tz=01;31:*.deb=01;31:*.rpm=01;31:*.jar=01;31:*.war=01;31:*.ear=01;31:*.sar=01;31:*.rar=01;31:*.alz=01;31:*.ace=01;31:*.zoo=01;31:*.cpio=01;31:*.7z=01;31:*.rz=01;31:*.cab=01;31:*.wim=01;31:*.swm=01;31:*.dwm=01;31:*.esd=01;31:*.jpg=01;35:*.jpeg=01;35:*.mjpg=01;35:*.mjpeg=01;35:*.gif=01;35:*.bmp=01;35:*.pbm=01;35:*.pgm=01;35:*.ppm=01;35:*.tga=01;35:*.xbm=01;35:*.xpm=01;35:*.tif=01;35:*.tiff=01;35:*.png=01;35:*.svg=01;35:*.svgz=01;35:*.mng=01;35:*.pcx=01;35:*.mov=01;35:*.mpg=01;35:*.mpeg=01;35:*.m2v=01;35:*.mkv=01;35:*.webm=01;35:*.webp=01;35:*.ogm=01;35:*.mp4=01;35:*.m4v=01;35:*.mp4v=01;35:*.vob=01;35:*.qt=01;35:*.nuv=01;35:*.wmv=01;35:*.asf=01;35:*.rm=01;35:*.rmvb=01;35:*.flc=01;35:*.avi=01;35:*.fli=01;35:*.flv=01;35:*.gl=01;35:*.dl=01;35:*.xcf=01;35:*.xwd=01;35:*.yuv=01;35:*.cgm=01;35:*.emf=01;35:*.ogv=01;35:*.ogx=01;35:*.aac=00;36:*.au=00;36:*.flac=00;36:*.m4a=00;36:*.mid=00;36:*.midi=00;36:*.mka=00;36:*.mp3=00;36:*.mpc=00;36:*.ogg=00;36:*.ra=00;36:*.wav=00;36:*.oga=00;36:*.opus=00;36:*.spx=00;36:*.xspf=00;36:', 'AMENT_PREFIX_PATH': '/home/arno/RoombaV2Onboard/install/sllidar_ros2:/home/arno/RoombaV2Onboard/install/rover_stream:/home/arno/RoombaV2Onboard/install/roombav2:/home/arno/RoombaV2Onboard/install/RoverReceive:/opt/ros/humble', 'SHELL': '/bin/bash', 'LC_NAME': 'de_CH.UTF-8', 'LESSCLOSE': '/usr/bin/lesspipe %s %s', 'LC_MEASUREMENT': 'de_CH.UTF-8', 'LC_IDENTIFICATION': 'de_CH.UTF-8', 'PWD': '/home/arno/RoombaV2Onboard/build/roombav2', 'LC_ALL': 'en_US.UTF-8', 'SSH_CONNECTION': '192.168.113.158 42762 192.168.113.115 22', 'XDG_DATA_DIRS': '/usr/local/share:/usr/share:/var/lib/snapd/desktop', 'PYTHONPATH': '/home/arno/RoombaV2Onboard/build/roombav2/prefix_override:/usr/lib/python3/dist-packages/colcon_core/task/python/colcon_distutils_commands:/home/arno/RoombaV2Onboard/install/roombav2/lib/python3.10/site-packages:/home/arno/RoombaV2Onboard/install/rover_stream/lib/python3.10/site-packages:/home/arno/RoombaV2Onboard/install/roombav2/lib/python3.10/site-packages:/home/arno/RoombaV2Onboard/install/RoverReceive/lib/python3.10/site-packages:/opt/ros/humble/lib/python3.10/site-packages:/opt/ros/humble/local/lib/python3.10/dist-packages', 'LC_NUMERIC': 'de_CH.UTF-8', 'LC_PAPER': 'de_CH.UTF-8', 'COLCON': '1', 'CMAKE_PREFIX_PATH': '/home/arno/RoombaV2Onboard/install/sllidar_ros2'}, 'shell': False}
[23.067278] (-) TimerEvent: {}
[23.087676] (rover_stream) Command: {'cmd': ['/usr/bin/python3', '-W', 'ignore:setup.py install is deprecated', 'setup.py', 'egg_info', '--egg-base', '../../build/rover_stream', 'build', '--build-base', '/home/arno/RoombaV2Onboard/build/rover_stream/build', 'install', '--record', '/home/arno/RoombaV2Onboard/build/rover_stream/install.log', '--single-version-externally-managed', 'install_data'], 'cwd': '/home/arno/RoombaV2Onboard/src/rover_stream', 'env': {'LESSOPEN': '| /usr/bin/lesspipe %s', 'USER': 'arno', 'SSH_CLIENT': '192.168.113.158 42762 22', 'LC_TIME': 'de_CH.UTF-8', 'XDG_SESSION_TYPE': 'tty', 'SHLVL': '1', 'LD_LIBRARY_PATH': '/opt/ros/humble/opt/rviz_ogre_vendor/lib:/opt/ros/humble/lib/aarch64-linux-gnu:/opt/ros/humble/lib', 'MOTD_SHOWN': 'pam', 'HOME': '/home/arno', 'OLDPWD': '/home/arno/RoombaV2Onboard/src/roombav2', 'SSH_TTY': '/dev/pts/2', 'ROS_PYTHON_VERSION': '3', 'LC_MONETARY': 'de_CH.UTF-8', 'DBUS_SESSION_BUS_ADDRESS': 'unix:path=/run/user/1000/bus', 'COLCON_PREFIX_PATH': '/home/arno/RoombaV2Onboard/install', 'ROS_DISTRO': 'humble', 'LOGNAME': 'arno', '_': '/usr/bin/colcon', 'ROS_VERSION': '2', 'XDG_SESSION_CLASS': 'user', 'TERM': 'xterm-256color', 'XDG_SESSION_ID': '4', 'ROS_LOCALHOST_ONLY': '0', 'PATH': '/home/arno/.local/bin:/opt/ros/humble/bin:/usr/local/sbin:/usr/local/bin:/usr/sbin:/usr/bin:/sbin:/bin:/usr/games:/usr/local/games:/snap/bin', 'LC_ADDRESS': 'de_CH.UTF-8', 'XDG_RUNTIME_DIR': '/run/user/1000', 'LANG': 'en_US.UTF-8', 'LC_TELEPHONE': 'de_CH.UTF-8', 'LS_COLORS': 'rs=0:di=01;34:ln=01;36:mh=00:pi=40;33:so=01;35:do=01;35:bd=40;33;01:cd=40;33;01:or=40;31;01:mi=00:su=37;41:sg=30;43:ca=30;41:tw=30;42:ow=34;42:st=37;44:ex=01;32:*.tar=01;31:*.tgz=01;31:*.arc=01;31:*.arj=01;31:*.taz=01;31:*.lha=01;31:*.lz4=01;31:*.lzh=01;31:*.lzma=01;31:*.tlz=01;31:*.txz=01;31:*.tzo=01;31:*.t7z=01;31:*.zip=01;31:*.z=01;31:*.dz=01;31:*.gz=01;31:*.lrz=01;31:*.lz=01;31:*.lzo=01;31:*.xz=01;31:*.zst=01;31:*.tzst=01;31:*.bz2=01;31:*.bz=01;31:*.tbz=01;31:*.tbz2=01;31:*.tz=01;31:*.deb=01;31:*.rpm=01;31:*.jar=01;31:*.war=01;31:*.ear=01;31:*.sar=01;31:*.rar=01;31:*.alz=01;31:*.ace=01;31:*.zoo=01;31:*.cpio=01;31:*.7z=01;31:*.rz=01;31:*.cab=01;31:*.wim=01;31:*.swm=01;31:*.dwm=01;31:*.esd=01;31:*.jpg=01;35:*.jpeg=01;35:*.mjpg=01;35:*.mjpeg=01;35:*.gif=01;35:*.bmp=01;35:*.pbm=01;35:*.pgm=01;35:*.ppm=01;35:*.tga=01;35:*.xbm=01;35:*.xpm=01;35:*.tif=01;35:*.tiff=01;35:*.png=01;35:*.svg=01;35:*.svgz=01;35:*.mng=01;35:*.pcx=01;35:*.mov=01;35:*.mpg=01;35:*.mpeg=01;35:*.m2v=01;35:*.mkv=01;35:*.webm=01;35:*.webp=01;35:*.ogm=01;35:*.mp4=01;35:*.m4v=01;35:*.mp4v=01;35:*.vob=01;35:*.qt=01;35:*.nuv=01;35:*.wmv=01;35:*.asf=01;35:*.rm=01;35:*.rmvb=01;35:*.flc=01;35:*.avi=01;35:*.fli=01;35:*.flv=01;35:*.gl=01;35:*.dl=01;35:*.xcf=01;35:*.xwd=01;35:*.yuv=01;35:*.cgm=01;35:*.emf=01;35:*.ogv=01;35:*.ogx=01;35:*.aac=00;36:*.au=00;36:*.flac=00;36:*.m4a=00;36:*.mid=00;36:*.midi=00;36:*.mka=00;36:*.mp3=00;36:*.mpc=00;36:*.ogg=00;36:*.ra=00;36:*.wav=00;36:*.oga=00;36:*.opus=00;36:*.spx=00;36:*.xspf=00;36:', 'AMENT_PREFIX_PATH': '/home/arno/RoombaV2Onboard/install/sllidar_ros2:/home/arno/RoombaV2Onboard/install/rover_stream:/home/arno/RoombaV2Onboard/install/roombav2:/home/arno/RoombaV2Onboard/install/RoverReceive:/opt/ros/humble', 'SHELL': '/bin/bash', 'LC_NAME': 'de_CH.UTF-8', 'LESSCLOSE': '/usr/bin/lesspipe %s %s', 'LC_MEASUREMENT': 'de_CH.UTF-8', 'LC_IDENTIFICATION': 'de_CH.UTF-8', 'PWD': '/home/arno/RoombaV2Onboard/build/rover_stream', 'LC_ALL': 'en_US.UTF-8', 'SSH_CONNECTION': '192.168.113.158 42762 192.168.113.115 22', 'XDG_DATA_DIRS': '/usr/local/share:/usr/share:/var/lib/snapd/desktop', 'PYTHONPATH': '/home/arno/RoombaV2Onboard/build/rover_stream/prefix_override:/usr/lib/python3/dist-packages/colcon_core/task/python/colcon_distutils_commands:/home/arno/RoombaV2Onboard/install/rover_stream/lib/python3.10/site-packages:/home/arno/RoombaV2Onboard/install/rover_stream/lib/python3.10/site-packages:/home/arno/RoombaV2Onboard/install/roombav2/lib/python3.10/site-packages:/home/arno/RoombaV2Onboard/install/RoverReceive/lib/python3.10/site-packages:/opt/ros/humble/lib/python3.10/site-packages:/opt/ros/humble/local/lib/python3.10/dist-packages', 'LC_NUMERIC': 'de_CH.UTF-8', 'LC_PAPER': 'de_CH.UTF-8', 'COLCON': '1', 'CMAKE_PREFIX_PATH': '/home/arno/RoombaV2Onboard/install/sllidar_ros2'}, 'shell': False}
[23.167907] (-) TimerEvent: {}
[23.270301] (-) TimerEvent: {}
[23.374945] (-) TimerEvent: {}
[23.480359] (-) TimerEvent: {}
[23.584996] (-) TimerEvent: {}
[23.596332] (sllidar_ros2) StdoutLine: {'line': b'-- Detecting CXX compiler ABI info - done\n'}
[23.685421] (-) TimerEvent: {}
[23.772568] (sllidar_ros2) StdoutLine: {'line': b'-- Check for working CXX compiler: /usr/bin/c++ - skipped\n'}
[23.781460] (sllidar_ros2) StdoutLine: {'line': b'-- Detecting CXX compile features\n'}
[23.785903] (-) TimerEvent: {}
[23.799171] (sllidar_ros2) StdoutLine: {'line': b'-- Detecting CXX compile features - done\n'}
[23.886452] (-) TimerEvent: {}
[23.991187] (-) TimerEvent: {}
[24.049778] (sllidar_ros2) StdoutLine: {'line': b'-- Found ament_cmake: 1.3.10 (/opt/ros/humble/share/ament_cmake/cmake)\n'}
[24.091771] (-) TimerEvent: {}
[24.196486] (-) TimerEvent: {}
[24.301086] (-) TimerEvent: {}
[24.406749] (-) TimerEvent: {}
[24.512078] (-) TimerEvent: {}
[24.616853] (-) TimerEvent: {}
[24.721455] (-) TimerEvent: {}
[24.825821] (-) TimerEvent: {}
[24.930471] (-) TimerEvent: {}
[25.034817] (-) TimerEvent: {}
[25.140630] (-) TimerEvent: {}
[25.243820] (-) TimerEvent: {}
[25.346429] (-) TimerEvent: {}
[25.449038] (-) TimerEvent: {}
[25.551481] (-) TimerEvent: {}
[25.654329] (-) TimerEvent: {}
[25.756853] (-) TimerEvent: {}
[25.859326] (-) TimerEvent: {}
[25.961754] (-) TimerEvent: {}
[26.064415] (-) TimerEvent: {}
[26.167277] (-) TimerEvent: {}
[26.272141] (-) TimerEvent: {}
[26.378156] (-) TimerEvent: {}
[26.481205] (-) TimerEvent: {}
[26.584498] (-) TimerEvent: {}
[26.689022] (-) TimerEvent: {}
[26.794229] (-) TimerEvent: {}
[26.899737] (-) TimerEvent: {}
[27.004139] (-) TimerEvent: {}
[27.108599] (-) TimerEvent: {}
[27.213146] (-) TimerEvent: {}
[27.317737] (-) TimerEvent: {}
[27.420728] (-) TimerEvent: {}
[27.523335] (-) TimerEvent: {}
[27.626232] (-) TimerEvent: {}
[27.729072] (-) TimerEvent: {}
[27.831939] (-) TimerEvent: {}
[27.850147] (sllidar_ros2) StdoutLine: {'line': b'-- Found Python3: /usr/bin/python3 (found version "3.10.12") found components: Interpreter \n'}
[27.932432] (-) TimerEvent: {}
[28.035277] (-) TimerEvent: {}
[28.140171] (-) TimerEvent: {}
[28.245121] (-) TimerEvent: {}
[28.347994] (-) TimerEvent: {}
[28.450757] (-) TimerEvent: {}
[28.555302] (-) TimerEvent: {}
[28.660359] (-) TimerEvent: {}
[28.765278] (-) TimerEvent: {}
[28.870568] (-) TimerEvent: {}
[28.973195] (-) TimerEvent: {}
[28.976214] (RoverReceive) StdoutLine: {'line': b'running egg_info\n'}
[28.979090] (roombav2) StdoutLine: {'line': b'running egg_info\n'}
[28.987120] (RoverReceive) StdoutLine: {'line': b'creating ../../build/RoverReceive/RoverReceive.egg-info\n'}
[28.989629] (roombav2) StdoutLine: {'line': b'creating ../../build/roombav2/roombav2.egg-info\n'}
[29.002362] (RoverReceive) StdoutLine: {'line': b'writing ../../build/RoverReceive/RoverReceive.egg-info/PKG-INFO\n'}
[29.005557] (roombav2) StdoutLine: {'line': b'writing ../../build/roombav2/roombav2.egg-info/PKG-INFO\n'}
[29.008215] (RoverReceive) StdoutLine: {'line': b'writing dependency_links to ../../build/RoverReceive/RoverReceive.egg-info/dependency_links.txt\n'}
[29.021000] (RoverReceive) StdoutLine: {'line': b'writing entry points to ../../build/RoverReceive/RoverReceive.egg-info/entry_points.txt\n'}
[29.023290] (roombav2) StdoutLine: {'line': b'writing dependency_links to ../../build/roombav2/roombav2.egg-info/dependency_links.txt\n'}
[29.025633] (RoverReceive) StdoutLine: {'line': b'writing requirements to ../../build/RoverReceive/RoverReceive.egg-info/requires.txt\n'}
[29.028142] (roombav2) StdoutLine: {'line': b'writing entry points to ../../build/roombav2/roombav2.egg-info/entry_points.txt\n'}
[29.030595] (RoverReceive) StdoutLine: {'line': b'writing top-level names to ../../build/RoverReceive/RoverReceive.egg-info/top_level.txt\n'}
[29.033065] (roombav2) StdoutLine: {'line': b'writing requirements to ../../build/roombav2/roombav2.egg-info/requires.txt\n'}
[29.035499] (roombav2) StdoutLine: {'line': b'writing top-level names to ../../build/roombav2/roombav2.egg-info/top_level.txt\n'}
[29.037993] (RoverReceive) StdoutLine: {'line': b"writing manifest file '../../build/RoverReceive/RoverReceive.egg-info/SOURCES.txt'\n"}
[29.053161] (roombav2) StdoutLine: {'line': b"writing manifest file '../../build/roombav2/roombav2.egg-info/SOURCES.txt'\n"}
[29.062004] (RoverReceive) StdoutLine: {'line': b"reading manifest file '../../build/RoverReceive/RoverReceive.egg-info/SOURCES.txt'\n"}
[29.064219] (RoverReceive) StdoutLine: {'line': b"adding license file 'LICENSE'\n"}
[29.066268] (roombav2) StdoutLine: {'line': b"reading manifest file '../../build/roombav2/roombav2.egg-info/SOURCES.txt'\n"}
[29.077269] (-) TimerEvent: {}
[29.079393] (RoverReceive) StdoutLine: {'line': b"writing manifest file '../../build/RoverReceive/RoverReceive.egg-info/SOURCES.txt'\n"}
[29.082806] (RoverReceive) StdoutLine: {'line': b'running build\n'}
[29.087117] (RoverReceive) StdoutLine: {'line': b'running build_py\n'}
[29.089550] (RoverReceive) StdoutLine: {'line': b'creating /home/arno/RoombaV2Onboard/build/RoverReceive/build\n'}
[29.101783] (RoverReceive) StdoutLine: {'line': b'creating /home/arno/RoombaV2Onboard/build/RoverReceive/build/lib\n'}
[29.110536] (RoverReceive) StdoutLine: {'line': b'creating /home/arno/RoombaV2Onboard/build/RoverReceive/build/lib/RoverReceive\n'}
[29.113430] (RoverReceive) StdoutLine: {'line': b'copying RoverReceive/__init__.py -> /home/arno/RoombaV2Onboard/build/RoverReceive/build/lib/RoverReceive\n'}
[29.116183] (RoverReceive) StdoutLine: {'line': b'copying RoverReceive/receive_node.py -> /home/arno/RoombaV2Onboard/build/RoverReceive/build/lib/RoverReceive\n'}
[29.118531] (roombav2) StdoutLine: {'line': b"writing manifest file '../../build/roombav2/roombav2.egg-info/SOURCES.txt'\n"}
[29.121062] (RoverReceive) StdoutLine: {'line': b'running install\n'}
[29.123317] (roombav2) StdoutLine: {'line': b'running build\n'}
[29.126856] (roombav2) StdoutLine: {'line': b'running build_py\n'}
[29.129338] (roombav2) StdoutLine: {'line': b'creating /home/arno/RoombaV2Onboard/build/roombav2/build\n'}
[29.132515] (roombav2) StdoutLine: {'line': b'creating /home/arno/RoombaV2Onboard/build/roombav2/build/lib\n'}
[29.137620] (roombav2) StdoutLine: {'line': b'creating /home/arno/RoombaV2Onboard/build/roombav2/build/lib/roombav2\n'}
[29.140032] (roombav2) StdoutLine: {'line': b'copying roombav2/encoder_reader.py -> /home/arno/RoombaV2Onboard/build/roombav2/build/lib/roombav2\n'}
[29.142973] (RoverReceive) StdoutLine: {'line': b'running install_lib\n'}
[29.145951] (roombav2) StdoutLine: {'line': b'copying roombav2/__init__.py -> /home/arno/RoombaV2Onboard/build/roombav2/build/lib/roombav2\n'}
[29.148129] (roombav2) StdoutLine: {'line': b'copying roombav2/joystick_motor_controller.py -> /home/arno/RoombaV2Onboard/build/roombav2/build/lib/roombav2\n'}
[29.150342] (roombav2) StdoutLine: {'line': b'copying roombav2/nav2_motor_controller.py -> /home/arno/RoombaV2Onboard/build/roombav2/build/lib/roombav2\n'}
[29.153775] (RoverReceive) StdoutLine: {'line': b'creating /home/arno/RoombaV2Onboard/install/RoverReceive/lib/python3.10/site-packages/RoverReceive\n'}
[29.157248] (roombav2) StdoutLine: {'line': b'running install\n'}
[29.160123] (RoverReceive) StdoutLine: {'line': b'copying /home/arno/RoombaV2Onboard/build/RoverReceive/build/lib/RoverReceive/__init__.py -> /home/arno/RoombaV2Onboard/install/RoverReceive/lib/python3.10/site-packages/RoverReceive\n'}
[29.162611] (RoverReceive) StdoutLine: {'line': b'copying /home/arno/RoombaV2Onboard/build/RoverReceive/build/lib/RoverReceive/receive_node.py -> /home/arno/RoombaV2Onboard/install/RoverReceive/lib/python3.10/site-packages/RoverReceive\n'}
[29.165403] (roombav2) StdoutLine: {'line': b'running install_lib\n'}
[29.167785] (RoverReceive) StdoutLine: {'line': b'byte-compiling /home/arno/RoombaV2Onboard/install/RoverReceive/lib/python3.10/site-packages/RoverReceive/__init__.py to __init__.cpython-310.pyc\n'}
[29.171128] (rover_stream) StdoutLine: {'line': b'running egg_info\n'}
[29.176851] (RoverReceive) StdoutLine: {'line': b'byte-compiling /home/arno/RoombaV2Onboard/install/RoverReceive/lib/python3.10/site-packages/RoverReceive/receive_node.py to receive_node.cpython-310.pyc\n'}
[29.181179] (-) TimerEvent: {}
[29.193792] (rover_stream) StdoutLine: {'line': b'creating ../../build/rover_stream/rover_stream.egg-info\n'}
[29.196143] (rover_stream) StdoutLine: {'line': b'writing ../../build/rover_stream/rover_stream.egg-info/PKG-INFO\n'}
[29.198315] (RoverReceive) StdoutLine: {'line': b'running install_data\n'}
[29.201987] (RoverReceive) StdoutLine: {'line': b'creating /home/arno/RoombaV2Onboard/install/RoverReceive/share/ament_index\n'}
[29.204475] (RoverReceive) StdoutLine: {'line': b'creating /home/arno/RoombaV2Onboard/install/RoverReceive/share/ament_index/resource_index\n'}
[29.206728] (RoverReceive) StdoutLine: {'line': b'creating /home/arno/RoombaV2Onboard/install/RoverReceive/share/ament_index/resource_index/packages\n'}
[29.218361] (roombav2) StdoutLine: {'line': b'creating /home/arno/RoombaV2Onboard/install/roombav2/lib/python3.10/site-packages/roombav2\n'}
[29.220933] (RoverReceive) StdoutLine: {'line': b'copying resource/RoverReceive -> /home/arno/RoombaV2Onboard/install/RoverReceive/share/ament_index/resource_index/packages\n'}
[29.233992] (rover_stream) StdoutLine: {'line': b'writing dependency_links to ../../build/rover_stream/rover_stream.egg-info/dependency_links.txt\n'}
[29.237038] (RoverReceive) StdoutLine: {'line': b'copying package.xml -> /home/arno/RoombaV2Onboard/install/RoverReceive/share/RoverReceive\n'}
[29.239215] (rover_stream) StdoutLine: {'line': b'writing entry points to ../../build/rover_stream/rover_stream.egg-info/entry_points.txt\n'}
[29.241405] (RoverReceive) StdoutLine: {'line': b'running install_egg_info\n'}
[29.243468] (roombav2) StdoutLine: {'line': b'copying /home/arno/RoombaV2Onboard/build/roombav2/build/lib/roombav2/encoder_reader.py -> /home/arno/RoombaV2Onboard/install/roombav2/lib/python3.10/site-packages/roombav2\n'}
[29.245708] (roombav2) StdoutLine: {'line': b'copying /home/arno/RoombaV2Onboard/build/roombav2/build/lib/roombav2/__init__.py -> /home/arno/RoombaV2Onboard/install/roombav2/lib/python3.10/site-packages/roombav2\n'}
[29.247929] (rover_stream) StdoutLine: {'line': b'writing requirements to ../../build/rover_stream/rover_stream.egg-info/requires.txt\n'}
[29.263289] (rover_stream) StdoutLine: {'line': b'writing top-level names to ../../build/rover_stream/rover_stream.egg-info/top_level.txt\n'}
[29.271844] (roombav2) StdoutLine: {'line': b'copying /home/arno/RoombaV2Onboard/build/roombav2/build/lib/roombav2/joystick_motor_controller.py -> /home/arno/RoombaV2Onboard/install/roombav2/lib/python3.10/site-packages/roombav2\n'}
[29.274076] (rover_stream) StdoutLine: {'line': b"writing manifest file '../../build/rover_stream/rover_stream.egg-info/SOURCES.txt'\n"}
[29.276938] (roombav2) StdoutLine: {'line': b'copying /home/arno/RoombaV2Onboard/build/roombav2/build/lib/roombav2/nav2_motor_controller.py -> /home/arno/RoombaV2Onboard/install/roombav2/lib/python3.10/site-packages/roombav2\n'}
[29.279520] (RoverReceive) StdoutLine: {'line': b'Copying ../../build/RoverReceive/RoverReceive.egg-info to /home/arno/RoombaV2Onboard/install/RoverReceive/lib/python3.10/site-packages/RoverReceive-0.0.0-py3.10.egg-info\n'}
[29.283781] (-) TimerEvent: {}
[29.286083] (roombav2) StdoutLine: {'line': b'byte-compiling /home/arno/RoombaV2Onboard/install/roombav2/lib/python3.10/site-packages/roombav2/encoder_reader.py to encoder_reader.cpython-310.pyc\n'}
[29.288614] (rover_stream) StdoutLine: {'line': b"reading manifest file '../../build/rover_stream/rover_stream.egg-info/SOURCES.txt'\n"}
[29.291266] (RoverReceive) StdoutLine: {'line': b'running install_scripts\n'}
[29.293659] (roombav2) StdoutLine: {'line': b'byte-compiling /home/arno/RoombaV2Onboard/install/roombav2/lib/python3.10/site-packages/roombav2/__init__.py to __init__.cpython-310.pyc\n'}
[29.297296] (roombav2) StdoutLine: {'line': b'byte-compiling /home/arno/RoombaV2Onboard/install/roombav2/lib/python3.10/site-packages/roombav2/joystick_motor_controller.py to joystick_motor_controller.cpython-310.pyc\n'}
[29.302014] (rover_stream) StdoutLine: {'line': b"writing manifest file '../../build/rover_stream/rover_stream.egg-info/SOURCES.txt'\n"}
[29.304309] (rover_stream) StdoutLine: {'line': b'running build\n'}
[29.307006] (rover_stream) StdoutLine: {'line': b'running build_py\n'}
[29.309584] (rover_stream) StdoutLine: {'line': b'creating /home/arno/RoombaV2Onboard/build/rover_stream/build\n'}
[29.316468] (rover_stream) StdoutLine: {'line': b'creating /home/arno/RoombaV2Onboard/build/rover_stream/build/lib\n'}
[29.319485] (rover_stream) StdoutLine: {'line': b'creating /home/arno/RoombaV2Onboard/build/rover_stream/build/lib/rover_stream\n'}
[29.325650] (rover_stream) StdoutLine: {'line': b'copying rover_stream/__init__.py -> /home/arno/RoombaV2Onboard/build/rover_stream/build/lib/rover_stream\n'}
[29.328047] (rover_stream) StdoutLine: {'line': b'copying rover_stream/webrtc_streamer.py -> /home/arno/RoombaV2Onboard/build/rover_stream/build/lib/rover_stream\n'}
[29.330376] (roombav2) StdoutLine: {'line': b'byte-compiling /home/arno/RoombaV2Onboard/install/roombav2/lib/python3.10/site-packages/roombav2/nav2_motor_controller.py to nav2_motor_controller.cpython-310.pyc\n'}
[29.332944] (rover_stream) StdoutLine: {'line': b'running install\n'}
[29.335401] (rover_stream) StdoutLine: {'line': b'running install_lib\n'}
[29.346451] (rover_stream) StdoutLine: {'line': b'creating /home/arno/RoombaV2Onboard/install/rover_stream/lib/python3.10/site-packages/rover_stream\n'}
[29.348810] (rover_stream) StdoutLine: {'line': b'copying /home/arno/RoombaV2Onboard/build/rover_stream/build/lib/rover_stream/__init__.py -> /home/arno/RoombaV2Onboard/install/rover_stream/lib/python3.10/site-packages/rover_stream\n'}
[29.350954] (roombav2) StdoutLine: {'line': b'running install_data\n'}
[29.353799] (roombav2) StdoutLine: {'line': b'creating /home/arno/RoombaV2Onboard/install/roombav2/share/ament_index\n'}
[29.364093] (roombav2) StdoutLine: {'line': b'creating /home/arno/RoombaV2Onboard/install/roombav2/share/ament_index/resource_index\n'}
[29.366492] (rover_stream) StdoutLine: {'line': b'copying /home/arno/RoombaV2Onboard/build/rover_stream/build/lib/rover_stream/webrtc_streamer.py -> /home/arno/RoombaV2Onboard/install/rover_stream/lib/python3.10/site-packages/rover_stream\n'}
[29.368898] (roombav2) StdoutLine: {'line': b'creating /home/arno/RoombaV2Onboard/install/roombav2/share/ament_index/resource_index/packages\n'}
[29.371287] (roombav2) StdoutLine: {'line': b'copying resource/roombav2 -> /home/arno/RoombaV2Onboard/install/roombav2/share/ament_index/resource_index/packages\n'}
[29.373779] (roombav2) StdoutLine: {'line': b'copying package.xml -> /home/arno/RoombaV2Onboard/install/roombav2/share/roombav2\n'}
[29.396452] (-) TimerEvent: {}
[29.400986] (roombav2) StdoutLine: {'line': b'running install_egg_info\n'}
[29.403409] (rover_stream) StdoutLine: {'line': b'byte-compiling /home/arno/RoombaV2Onboard/install/rover_stream/lib/python3.10/site-packages/rover_stream/__init__.py to __init__.cpython-310.pyc\n'}
[29.405720] (rover_stream) StdoutLine: {'line': b'byte-compiling /home/arno/RoombaV2Onboard/install/rover_stream/lib/python3.10/site-packages/rover_stream/webrtc_streamer.py to webrtc_streamer.cpython-310.pyc\n'}
[29.420417] (rover_stream) StdoutLine: {'line': b'running install_data\n'}
[29.423001] (rover_stream) StdoutLine: {'line': b'creating /home/arno/RoombaV2Onboard/install/rover_stream/share/ament_index\n'}
[29.425614] (roombav2) StdoutLine: {'line': b'Copying ../../build/roombav2/roombav2.egg-info to /home/arno/RoombaV2Onboard/install/roombav2/lib/python3.10/site-packages/roombav2-0.0.0-py3.10.egg-info\n'}
[29.428490] (rover_stream) StdoutLine: {'line': b'creating /home/arno/RoombaV2Onboard/install/rover_stream/share/ament_index/resource_index\n'}
[29.431042] (rover_stream) StdoutLine: {'line': b'creating /home/arno/RoombaV2Onboard/install/rover_stream/share/ament_index/resource_index/packages\n'}
[29.433803] (rover_stream) StdoutLine: {'line': b'copying resource/rover_stream -> /home/arno/RoombaV2Onboard/install/rover_stream/share/ament_index/resource_index/packages\n'}
[29.436677] (roombav2) StdoutLine: {'line': b'running install_scripts\n'}
[29.439724] (rover_stream) StdoutLine: {'line': b'copying package.xml -> /home/arno/RoombaV2Onboard/install/rover_stream/share/rover_stream\n'}
[29.442417] (rover_stream) StdoutLine: {'line': b'running install_egg_info\n'}
[29.450575] (rover_stream) StdoutLine: {'line': b'Copying ../../build/rover_stream/rover_stream.egg-info to /home/arno/RoombaV2Onboard/install/rover_stream/lib/python3.10/site-packages/rover_stream-0.0.0-py3.10.egg-info\n'}
[29.485065] (rover_stream) StdoutLine: {'line': b'running install_scripts\n'}
[29.497013] (-) TimerEvent: {}
[29.601906] (-) TimerEvent: {}
[29.706194] (-) TimerEvent: {}
[29.720291] (RoverReceive) StdoutLine: {'line': b'Installing receive_node script to /home/arno/RoombaV2Onboard/install/RoverReceive/lib/RoverReceive\n'}
[29.726690] (RoverReceive) StdoutLine: {'line': b"writing list of installed files to '/home/arno/RoombaV2Onboard/build/RoverReceive/install.log'\n"}
[29.806744] (-) TimerEvent: {}
[29.811590] (roombav2) StdoutLine: {'line': b'Installing encoder_reader script to /home/arno/RoombaV2Onboard/install/roombav2/lib/roombav2\n'}
[29.815822] (roombav2) StdoutLine: {'line': b'Installing joystick_motor_controller script to /home/arno/RoombaV2Onboard/install/roombav2/lib/roombav2\n'}
[29.820030] (roombav2) StdoutLine: {'line': b'Installing nav2_motor_controller script to /home/arno/RoombaV2Onboard/install/roombav2/lib/roombav2\n'}
[29.826223] (roombav2) StdoutLine: {'line': b"writing list of installed files to '/home/arno/RoombaV2Onboard/build/roombav2/install.log'\n"}
[29.877924] (rover_stream) StdoutLine: {'line': b'Installing webrtc_streamer script to /home/arno/RoombaV2Onboard/install/rover_stream/lib/rover_stream\n'}
[29.881907] (rover_stream) StdoutLine: {'line': b"writing list of installed files to '/home/arno/RoombaV2Onboard/build/rover_stream/install.log'\n"}
[29.907134] (-) TimerEvent: {}
[30.009338] (-) TimerEvent: {}
[30.114390] (-) TimerEvent: {}
[30.129154] (RoverReceive) CommandEnded: {'returncode': 0}
[30.214719] (-) TimerEvent: {}
[30.289445] (RoverReceive) JobEnded: {'identifier': 'RoverReceive', 'rc': 0}
[30.301333] (roombav2) CommandEnded: {'returncode': 0}
[30.315446] (-) TimerEvent: {}
[30.408339] (roombav2) JobEnded: {'identifier': 'roombav2', 'rc': 0}
[30.417701] (-) TimerEvent: {}
[30.419406] (rover_stream) CommandEnded: {'returncode': 0}
[30.518244] (-) TimerEvent: {}
[30.521448] (rover_stream) JobEnded: {'identifier': 'rover_stream', 'rc': 0}
[30.618672] (-) TimerEvent: {}
[30.679966] (sllidar_ros2) StdoutLine: {'line': b'-- Found rclcpp: 16.0.10 (/opt/ros/humble/share/rclcpp/cmake)\n'}
[30.719065] (-) TimerEvent: {}
[30.820927] (-) TimerEvent: {}
[30.922743] (-) TimerEvent: {}
[31.024764] (-) TimerEvent: {}
[31.126510] (-) TimerEvent: {}
[31.228029] (-) TimerEvent: {}
[31.329224] (-) TimerEvent: {}
[31.430427] (-) TimerEvent: {}
[31.531592] (-) TimerEvent: {}
[31.632850] (-) TimerEvent: {}
[31.734086] (-) TimerEvent: {}
[31.784408] (sllidar_ros2) StdoutLine: {'line': b'-- Found rosidl_generator_c: 3.1.5 (/opt/ros/humble/share/rosidl_generator_c/cmake)\n'}
[31.834337] (-) TimerEvent: {}
[31.895595] (sllidar_ros2) StdoutLine: {'line': b'-- Found rosidl_adapter: 3.1.5 (/opt/ros/humble/share/rosidl_adapter/cmake)\n'}
[31.934713] (-) TimerEvent: {}
[32.035862] (-) TimerEvent: {}
[32.044536] (sllidar_ros2) StdoutLine: {'line': b'-- Found rosidl_generator_cpp: 3.1.5 (/opt/ros/humble/share/rosidl_generator_cpp/cmake)\n'}
[32.136147] (-) TimerEvent: {}
[32.237349] (-) TimerEvent: {}
[32.239083] (sllidar_ros2) StdoutLine: {'line': b'-- Using all available rosidl_typesupport_c: rosidl_typesupport_fastrtps_c;rosidl_typesupport_introspection_c\n'}
[32.337635] (-) TimerEvent: {}
[32.438920] (-) TimerEvent: {}
[32.497563] (sllidar_ros2) StdoutLine: {'line': b'-- Using all available rosidl_typesupport_cpp: rosidl_typesupport_fastrtps_cpp;rosidl_typesupport_introspection_cpp\n'}
[32.539158] (-) TimerEvent: {}
[32.640371] (-) TimerEvent: {}
[32.741629] (-) TimerEvent: {}
[32.842832] (-) TimerEvent: {}
[32.944071] (-) TimerEvent: {}
[33.045317] (-) TimerEvent: {}
[33.146493] (-) TimerEvent: {}
[33.247597] (-) TimerEvent: {}
[33.265293] (sllidar_ros2) StdoutLine: {'line': b'-- Found rmw_implementation_cmake: 6.1.2 (/opt/ros/humble/share/rmw_implementation_cmake/cmake)\n'}
[33.327407] (sllidar_ros2) StdoutLine: {'line': b'-- Found rmw_fastrtps_cpp: 6.2.7 (/opt/ros/humble/share/rmw_fastrtps_cpp/cmake)\n'}
[33.347854] (-) TimerEvent: {}
[33.449025] (-) TimerEvent: {}
[33.550203] (-) TimerEvent: {}
[33.651345] (-) TimerEvent: {}
[33.752524] (-) TimerEvent: {}
[33.853713] (-) TimerEvent: {}
[33.954905] (-) TimerEvent: {}
[34.056118] (-) TimerEvent: {}
[34.157493] (-) TimerEvent: {}
[34.259157] (-) TimerEvent: {}
[34.360583] (-) TimerEvent: {}
[34.461794] (-) TimerEvent: {}
[34.537770] (sllidar_ros2) StdoutLine: {'line': b'-- Found OpenSSL: /usr/lib/aarch64-linux-gnu/libcrypto.so (found version "3.0.2")  \n'}
[34.562035] (-) TimerEvent: {}
[34.663206] (-) TimerEvent: {}
[34.764284] (-) TimerEvent: {}
[34.865387] (-) TimerEvent: {}
[34.912865] (sllidar_ros2) StdoutLine: {'line': b'-- Found FastRTPS: /opt/ros/humble/include  \n'}
[34.965623] (-) TimerEvent: {}
[35.066710] (-) TimerEvent: {}
[35.167845] (-) TimerEvent: {}
[35.268996] (-) TimerEvent: {}
[35.370071] (-) TimerEvent: {}
[35.471195] (-) TimerEvent: {}
[35.508178] (sllidar_ros2) StdoutLine: {'line': b"-- Using RMW implementation 'rmw_fastrtps_cpp' as default\n"}
[35.571431] (-) TimerEvent: {}
[35.672643] (-) TimerEvent: {}
[35.685437] (sllidar_ros2) StdoutLine: {'line': b'-- Looking for pthread.h\n'}
[35.772934] (-) TimerEvent: {}
[35.874268] (-) TimerEvent: {}
[35.975446] (-) TimerEvent: {}
[36.076906] (-) TimerEvent: {}
[36.178207] (-) TimerEvent: {}
[36.279440] (-) TimerEvent: {}
[36.374432] (sllidar_ros2) StdoutLine: {'line': b'-- Looking for pthread.h - found\n'}
[36.378204] (sllidar_ros2) StdoutLine: {'line': b'-- Performing Test CMAKE_HAVE_LIBC_PTHREAD\n'}
[36.379672] (-) TimerEvent: {}
[36.480860] (-) TimerEvent: {}
[36.582076] (-) TimerEvent: {}
[36.683210] (-) TimerEvent: {}
[36.784393] (-) TimerEvent: {}
[36.885713] (-) TimerEvent: {}
[36.986979] (-) TimerEvent: {}
[37.011329] (sllidar_ros2) StdoutLine: {'line': b'-- Performing Test CMAKE_HAVE_LIBC_PTHREAD - Success\n'}
[37.019184] (sllidar_ros2) StdoutLine: {'line': b'-- Found Threads: TRUE  \n'}
[37.087306] (-) TimerEvent: {}
[37.188771] (-) TimerEvent: {}
[37.289942] (-) TimerEvent: {}
[37.391168] (-) TimerEvent: {}
[37.492347] (-) TimerEvent: {}
[37.593905] (-) TimerEvent: {}
[37.695022] (-) TimerEvent: {}
[37.762794] (sllidar_ros2) StdoutLine: {'line': b'-- Found sensor_msgs: 4.2.4 (/opt/ros/humble/share/sensor_msgs/cmake)\n'}
[37.795314] (-) TimerEvent: {}
[37.896492] (-) TimerEvent: {}
[37.997901] (-) TimerEvent: {}
[38.099013] (-) TimerEvent: {}
[38.192593] (sllidar_ros2) StdoutLine: {'line': b'-- Found std_srvs: 4.2.4 (/opt/ros/humble/share/std_srvs/cmake)\n'}
[38.199378] (-) TimerEvent: {}
[38.300613] (-) TimerEvent: {}
[38.401715] (-) TimerEvent: {}
[38.502949] (-) TimerEvent: {}
[38.604186] (-) TimerEvent: {}
[38.705691] (-) TimerEvent: {}
[38.806826] (-) TimerEvent: {}
[38.908094] (-) TimerEvent: {}
[38.984157] (sllidar_ros2) StdoutLine: {'line': b'-- Configuring done\n'}
[39.008298] (-) TimerEvent: {}
[39.109373] (-) TimerEvent: {}
[39.167402] (sllidar_ros2) StdoutLine: {'line': b'-- Generating done\n'}
[39.182133] (sllidar_ros2) StdoutLine: {'line': b'-- Build files have been written to: /home/arno/RoombaV2Onboard/build/sllidar_ros2\n'}
[39.209701] (-) TimerEvent: {}
[39.267234] (sllidar_ros2) CommandEnded: {'returncode': 0}
[39.271290] (sllidar_ros2) JobProgress: {'identifier': 'sllidar_ros2', 'progress': 'build'}
[39.276500] (sllidar_ros2) Command: {'cmd': ['/usr/bin/cmake', '--build', '/home/arno/RoombaV2Onboard/build/sllidar_ros2', '--', '-j4', '-l4'], 'cwd': '/home/arno/RoombaV2Onboard/build/sllidar_ros2', 'env': OrderedDict([('LESSOPEN', '| /usr/bin/lesspipe %s'), ('USER', 'arno'), ('SSH_CLIENT', '192.168.113.158 42762 22'), ('LC_TIME', 'de_CH.UTF-8'), ('XDG_SESSION_TYPE', 'tty'), ('SHLVL', '1'), ('LD_LIBRARY_PATH', '/opt/ros/humble/opt/rviz_ogre_vendor/lib:/opt/ros/humble/lib/aarch64-linux-gnu:/opt/ros/humble/lib'), ('MOTD_SHOWN', 'pam'), ('HOME', '/home/arno'), ('OLDPWD', '/home/arno/RoombaV2Onboard/src/roombav2'), ('SSH_TTY', '/dev/pts/2'), ('ROS_PYTHON_VERSION', '3'), ('LC_MONETARY', 'de_CH.UTF-8'), ('DBUS_SESSION_BUS_ADDRESS', 'unix:path=/run/user/1000/bus'), ('COLCON_PREFIX_PATH', '/home/arno/RoombaV2Onboard/install'), ('ROS_DISTRO', 'humble'), ('LOGNAME', 'arno'), ('_', '/usr/bin/colcon'), ('ROS_VERSION', '2'), ('XDG_SESSION_CLASS', 'user'), ('TERM', 'xterm-256color'), ('XDG_SESSION_ID', '4'), ('ROS_LOCALHOST_ONLY', '0'), ('PATH', '/home/arno/.local/bin:/opt/ros/humble/bin:/usr/local/sbin:/usr/local/bin:/usr/sbin:/usr/bin:/sbin:/bin:/usr/games:/usr/local/games:/snap/bin'), ('LC_ADDRESS', 'de_CH.UTF-8'), ('XDG_RUNTIME_DIR', '/run/user/1000'), ('LANG', 'en_US.UTF-8'), ('LC_TELEPHONE', 'de_CH.UTF-8'), ('LS_COLORS', 'rs=0:di=01;34:ln=01;36:mh=00:pi=40;33:so=01;35:do=01;35:bd=40;33;01:cd=40;33;01:or=40;31;01:mi=00:su=37;41:sg=30;43:ca=30;41:tw=30;42:ow=34;42:st=37;44:ex=01;32:*.tar=01;31:*.tgz=01;31:*.arc=01;31:*.arj=01;31:*.taz=01;31:*.lha=01;31:*.lz4=01;31:*.lzh=01;31:*.lzma=01;31:*.tlz=01;31:*.txz=01;31:*.tzo=01;31:*.t7z=01;31:*.zip=01;31:*.z=01;31:*.dz=01;31:*.gz=01;31:*.lrz=01;31:*.lz=01;31:*.lzo=01;31:*.xz=01;31:*.zst=01;31:*.tzst=01;31:*.bz2=01;31:*.bz=01;31:*.tbz=01;31:*.tbz2=01;31:*.tz=01;31:*.deb=01;31:*.rpm=01;31:*.jar=01;31:*.war=01;31:*.ear=01;31:*.sar=01;31:*.rar=01;31:*.alz=01;31:*.ace=01;31:*.zoo=01;31:*.cpio=01;31:*.7z=01;31:*.rz=01;31:*.cab=01;31:*.wim=01;31:*.swm=01;31:*.dwm=01;31:*.esd=01;31:*.jpg=01;35:*.jpeg=01;35:*.mjpg=01;35:*.mjpeg=01;35:*.gif=01;35:*.bmp=01;35:*.pbm=01;35:*.pgm=01;35:*.ppm=01;35:*.tga=01;35:*.xbm=01;35:*.xpm=01;35:*.tif=01;35:*.tiff=01;35:*.png=01;35:*.svg=01;35:*.svgz=01;35:*.mng=01;35:*.pcx=01;35:*.mov=01;35:*.mpg=01;35:*.mpeg=01;35:*.m2v=01;35:*.mkv=01;35:*.webm=01;35:*.webp=01;35:*.ogm=01;35:*.mp4=01;35:*.m4v=01;35:*.mp4v=01;35:*.vob=01;35:*.qt=01;35:*.nuv=01;35:*.wmv=01;35:*.asf=01;35:*.rm=01;35:*.rmvb=01;35:*.flc=01;35:*.avi=01;35:*.fli=01;35:*.flv=01;35:*.gl=01;35:*.dl=01;35:*.xcf=01;35:*.xwd=01;35:*.yuv=01;35:*.cgm=01;35:*.emf=01;35:*.ogv=01;35:*.ogx=01;35:*.aac=00;36:*.au=00;36:*.flac=00;36:*.m4a=00;36:*.mid=00;36:*.midi=00;36:*.mka=00;36:*.mp3=00;36:*.mpc=00;36:*.ogg=00;36:*.ra=00;36:*.wav=00;36:*.oga=00;36:*.opus=00;36:*.spx=00;36:*.xspf=00;36:'), ('AMENT_PREFIX_PATH', '/home/arno/RoombaV2Onboard/install/sllidar_ros2:/home/arno/RoombaV2Onboard/install/rover_stream:/home/arno/RoombaV2Onboard/install/roombav2:/home/arno/RoombaV2Onboard/install/RoverReceive:/opt/ros/humble'), ('SHELL', '/bin/bash'), ('LC_NAME', 'de_CH.UTF-8'), ('LESSCLOSE', '/usr/bin/lesspipe %s %s'), ('LC_MEASUREMENT', 'de_CH.UTF-8'), ('LC_IDENTIFICATION', 'de_CH.UTF-8'), ('PWD', '/home/arno/RoombaV2Onboard/build/sllidar_ros2'), ('LC_ALL', 'en_US.UTF-8'), ('SSH_CONNECTION', '192.168.113.158 42762 192.168.113.115 22'), ('XDG_DATA_DIRS', '/usr/local/share:/usr/share:/var/lib/snapd/desktop'), ('PYTHONPATH', '/home/arno/RoombaV2Onboard/install/rover_stream/lib/python3.10/site-packages:/home/arno/RoombaV2Onboard/install/roombav2/lib/python3.10/site-packages:/home/arno/RoombaV2Onboard/install/RoverReceive/lib/python3.10/site-packages:/opt/ros/humble/lib/python3.10/site-packages:/opt/ros/humble/local/lib/python3.10/dist-packages'), ('LC_NUMERIC', 'de_CH.UTF-8'), ('LC_PAPER', 'de_CH.UTF-8'), ('COLCON', '1'), ('CMAKE_PREFIX_PATH', '/home/arno/RoombaV2Onboard/install/sllidar_ros2:/home/arno/RoombaV2Onboard/install/rover_stream:/home/arno/RoombaV2Onboard/install/roombav2:/home/arno/RoombaV2Onboard/install/RoverReceive:/opt/ros/humble')]), 'shell': False}
[39.310040] (-) TimerEvent: {}
[39.411216] (-) TimerEvent: {}
[39.512458] (-) TimerEvent: {}
[39.613662] (-) TimerEvent: {}
[39.693642] (sllidar_ros2) StdoutLine: {'line': b'[  5%] \x1b[32mBuilding CXX object CMakeFiles/sllidar_client.dir/src/sllidar_client.cpp.o\x1b[0m\n'}
[39.702545] (sllidar_ros2) StdoutLine: {'line': b'[ 10%] \x1b[32mBuilding CXX object CMakeFiles/sllidar_node.dir/src/sllidar_node.cpp.o\x1b[0m\n'}
[39.714246] (-) TimerEvent: {}
[39.722582] (sllidar_ros2) StdoutLine: {'line': b'[ 15%] \x1b[32mBuilding CXX object CMakeFiles/sllidar_node.dir/sdk/src/arch/linux/net_socket.cpp.o\x1b[0m\n'}
[39.726755] (sllidar_ros2) StdoutLine: {'line': b'[ 20%] \x1b[32mBuilding CXX object CMakeFiles/sllidar_node.dir/sdk/src/arch/linux/net_serial.cpp.o\x1b[0m\n'}
[39.814736] (-) TimerEvent: {}
[39.917526] (-) TimerEvent: {}
[40.021537] (-) TimerEvent: {}
[40.125155] (-) TimerEvent: {}
[40.244097] (-) TimerEvent: {}
[40.347490] (-) TimerEvent: {}
[40.449478] (-) TimerEvent: {}
[40.551517] (-) TimerEvent: {}
[40.653762] (-) TimerEvent: {}
[40.756192] (-) TimerEvent: {}
[40.859855] (-) TimerEvent: {}
[40.963178] (-) TimerEvent: {}
[41.066604] (-) TimerEvent: {}
[41.169860] (-) TimerEvent: {}
[41.272325] (-) TimerEvent: {}
[41.374165] (-) TimerEvent: {}
[41.477082] (-) TimerEvent: {}
[41.581136] (-) TimerEvent: {}
[41.685253] (-) TimerEvent: {}
[41.789583] (-) TimerEvent: {}
[41.899617] (-) TimerEvent: {}
[42.005988] (-) TimerEvent: {}
[42.109741] (-) TimerEvent: {}
[42.213240] (-) TimerEvent: {}
[42.317028] (-) TimerEvent: {}
[42.420642] (-) TimerEvent: {}
[42.524332] (-) TimerEvent: {}
[42.628177] (-) TimerEvent: {}
[42.733620] (-) TimerEvent: {}
[42.836516] (-) TimerEvent: {}
[42.941298] (-) TimerEvent: {}
[43.053996] (-) TimerEvent: {}
[43.161483] (-) TimerEvent: {}
[43.268158] (-) TimerEvent: {}
[43.370368] (-) TimerEvent: {}
[43.473091] (-) TimerEvent: {}
[43.575181] (-) TimerEvent: {}
[43.677412] (-) TimerEvent: {}
[43.779460] (-) TimerEvent: {}
[43.886741] (-) TimerEvent: {}
[43.990603] (-) TimerEvent: {}
[44.094474] (-) TimerEvent: {}
[44.198295] (-) TimerEvent: {}
[44.301950] (-) TimerEvent: {}
[44.405479] (-) TimerEvent: {}
[44.509085] (-) TimerEvent: {}
[44.613673] (-) TimerEvent: {}
[44.715939] (-) TimerEvent: {}
[44.817747] (-) TimerEvent: {}
[44.921364] (-) TimerEvent: {}
[45.025038] (-) TimerEvent: {}
[45.128801] (-) TimerEvent: {}
[45.233179] (-) TimerEvent: {}
[45.335479] (-) TimerEvent: {}
[45.440024] (-) TimerEvent: {}
[45.541990] (-) TimerEvent: {}
[45.644304] (-) TimerEvent: {}
[45.747231] (-) TimerEvent: {}
[45.857911] (-) TimerEvent: {}
[45.962548] (-) TimerEvent: {}
[46.068254] (-) TimerEvent: {}
[46.173863] (-) TimerEvent: {}
[46.277804] (-) TimerEvent: {}
[46.380352] (-) TimerEvent: {}
[46.482619] (-) TimerEvent: {}
[46.587348] (-) TimerEvent: {}
[46.692371] (-) TimerEvent: {}
[46.797251] (-) TimerEvent: {}
[46.900701] (-) TimerEvent: {}
[47.005173] (-) TimerEvent: {}
[47.109051] (-) TimerEvent: {}
[47.214236] (-) TimerEvent: {}
[47.316881] (-) TimerEvent: {}
[47.419912] (-) TimerEvent: {}
[47.522322] (-) TimerEvent: {}
[47.625224] (-) TimerEvent: {}
[47.728336] (-) TimerEvent: {}
[47.831786] (-) TimerEvent: {}
[47.936186] (-) TimerEvent: {}
[48.051274] (-) TimerEvent: {}
[48.154001] (-) TimerEvent: {}
[48.256521] (-) TimerEvent: {}
[48.358651] (-) TimerEvent: {}
[48.460825] (-) TimerEvent: {}
[48.563022] (-) TimerEvent: {}
[48.666412] (-) TimerEvent: {}
[48.770397] (-) TimerEvent: {}
[48.875271] (-) TimerEvent: {}
[48.978994] (-) TimerEvent: {}
[49.084235] (-) TimerEvent: {}
[49.199347] (-) TimerEvent: {}
[49.309135] (-) TimerEvent: {}
[49.411662] (-) TimerEvent: {}
[49.514174] (-) TimerEvent: {}
[49.619787] (-) TimerEvent: {}
[49.724816] (-) TimerEvent: {}
[49.827358] (-) TimerEvent: {}
[49.930264] (-) TimerEvent: {}
[50.032721] (-) TimerEvent: {}
[50.074206] (sllidar_ros2) StderrLine: {'line': b'In file included from \x1b[01m\x1b[K/home/arno/RoombaV2Onboard/src/sllidar_ros2/./sdk/include/rplidar_protocol.h:36\x1b[m\x1b[K,\n'}
[50.109091] (sllidar_ros2) StderrLine: {'line': b'                 from \x1b[01m\x1b[K/home/arno/RoombaV2Onboard/src/sllidar_ros2/./sdk/include/rplidar.h:39\x1b[m\x1b[K,\n'}
[50.113441] (sllidar_ros2) StderrLine: {'line': b'                 from \x1b[01m\x1b[K/home/arno/RoombaV2Onboard/src/sllidar_ros2/./sdk/src/sdkcommon.h:49\x1b[m\x1b[K,\n'}
[50.115381] (sllidar_ros2) StderrLine: {'line': b'                 from \x1b[01m\x1b[K/home/arno/RoombaV2Onboard/src/sllidar_ros2/sdk/src/arch/linux/net_socket.cpp:10\x1b[m\x1b[K:\n'}
[50.117608] (sllidar_ros2) StderrLine: {'line': b'\x1b[01m\x1b[K/home/arno/RoombaV2Onboard/src/sllidar_ros2/./sdk/include/sl_lidar_protocol.h:66:16:\x1b[m\x1b[K \x1b[01;35m\x1b[Kwarning: \x1b[m\x1b[KISO C++ forbids zero-size array \xe2\x80\x98\x1b[01m\x1b[Kdata\x1b[m\x1b[K\xe2\x80\x99 [\x1b[01;35m\x1b[K\x1b]8;;https://gcc.gnu.org/onlinedocs/gcc/Warning-Options.html#index-Wpedantic\x07-Wpedantic\x1b]8;;\x07\x1b[m\x1b[K]\n'}
[50.119833] (sllidar_ros2) StderrLine: {'line': b'   66 |     sl_u8 data[\x1b[01;35m\x1b[K0\x1b[m\x1b[K];\n'}
[50.122471] (sllidar_ros2) StderrLine: {'line': b'      |                \x1b[01;35m\x1b[K^\x1b[m\x1b[K\n'}
[50.125242] (sllidar_ros2) StderrLine: {'line': b'In file included from \x1b[01m\x1b[K/home/arno/RoombaV2Onboard/src/sllidar_ros2/./sdk/include/rplidar_cmd.h:36\x1b[m\x1b[K,\n'}
[50.128025] (sllidar_ros2) StderrLine: {'line': b'                 from \x1b[01m\x1b[K/home/arno/RoombaV2Onboard/src/sllidar_ros2/./sdk/include/rplidar.h:40\x1b[m\x1b[K,\n'}
[50.130782] (sllidar_ros2) StderrLine: {'line': b'                 from \x1b[01m\x1b[K/home/arno/RoombaV2Onboard/src/sllidar_ros2/./sdk/src/sdkcommon.h:49\x1b[m\x1b[K,\n'}
[50.133696] (-) TimerEvent: {}
[50.135821] (sllidar_ros2) StderrLine: {'line': b'                 from \x1b[01m\x1b[K/home/arno/RoombaV2Onboard/src/sllidar_ros2/sdk/src/arch/linux/net_socket.cpp:10\x1b[m\x1b[K:\n'}
[50.138306] (sllidar_ros2) StderrLine: {'line': b'\x1b[01m\x1b[K/home/arno/RoombaV2Onboard/src/sllidar_ros2/./sdk/include/sl_lidar_cmd.h:324:20:\x1b[m\x1b[K \x1b[01;35m\x1b[Kwarning: \x1b[m\x1b[KISO C++ forbids zero-size array \xe2\x80\x98\x1b[01m\x1b[Kpayload\x1b[m\x1b[K\xe2\x80\x99 [\x1b[01;35m\x1b[K\x1b]8;;https://gcc.gnu.org/onlinedocs/gcc/Warning-Options.html#index-Wpedantic\x07-Wpedantic\x1b]8;;\x07\x1b[m\x1b[K]\n'}
[50.147960] (sllidar_ros2) StderrLine: {'line': b'  324 |     sl_u8  payload[\x1b[01;35m\x1b[K0\x1b[m\x1b[K];\n'}
[50.150548] (sllidar_ros2) StderrLine: {'line': b'      |                    \x1b[01;35m\x1b[K^\x1b[m\x1b[K\n'}
[50.234307] (-) TimerEvent: {}
[50.338995] (-) TimerEvent: {}
[50.444582] (-) TimerEvent: {}
[50.547207] (-) TimerEvent: {}
[50.652346] (-) TimerEvent: {}
[50.756231] (-) TimerEvent: {}
[50.861914] (-) TimerEvent: {}
[50.967479] (-) TimerEvent: {}
[51.070872] (-) TimerEvent: {}
[51.173756] (-) TimerEvent: {}
[51.276296] (-) TimerEvent: {}
[51.378983] (-) TimerEvent: {}
[51.481997] (sllidar_ros2) StderrLine: {'line': b'In file included from \x1b[01m\x1b[K/home/arno/RoombaV2Onboard/src/sllidar_ros2/./sdk/src/arch/linux/arch_linux.h:42\x1b[m\x1b[K,\n'}
[51.486016] (-) TimerEvent: {}
[51.502694] (sllidar_ros2) StderrLine: {'line': b'                 from \x1b[01m\x1b[K/home/arno/RoombaV2Onboard/src/sllidar_ros2/./sdk/src/sdkcommon.h:41\x1b[m\x1b[K,\n'}
[51.505566] (sllidar_ros2) StderrLine: {'line': b'                 from \x1b[01m\x1b[K/home/arno/RoombaV2Onboard/src/sllidar_ros2/sdk/src/arch/linux/net_socket.cpp:10\x1b[m\x1b[K:\n'}
[51.508420] (sllidar_ros2) StderrLine: {'line': b'\x1b[01m\x1b[K/home/arno/RoombaV2Onboard/src/sllidar_ros2/sdk/src/arch/linux/net_socket.cpp:\x1b[m\x1b[K In member function \xe2\x80\x98\x1b[01m\x1b[Kvirtual u_result rp::arch::net::DGramSocketImpl::sendTo(const rp::net::SocketAddress*, const void*, size_t)\x1b[m\x1b[K\xe2\x80\x99:\n'}
[51.618785] (-) TimerEvent: {}
[51.622985] (sllidar_ros2) StderrLine: {'line': b'\x1b[01m\x1b[K/home/arno/RoombaV2Onboard/src/sllidar_ros2/sdk/src/arch/linux/net_socket.cpp:733:24:\x1b[m\x1b[K \x1b[01;35m\x1b[Kwarning: \x1b[m\x1b[Kcomparison of integer expressions of different signedness: \xe2\x80\x98\x1b[01m\x1b[Kint\x1b[m\x1b[K\xe2\x80\x99 and \xe2\x80\x98\x1b[01m\x1b[Ksize_t\x1b[m\x1b[K\xe2\x80\x99 {aka \xe2\x80\x98\x1b[01m\x1b[Klong unsigned int\x1b[m\x1b[K\xe2\x80\x99} [\x1b[01;35m\x1b[K\x1b]8;;https://gcc.gnu.org/onlinedocs/gcc/Warning-Options.html#index-Wsign-compare\x07-Wsign-compare\x1b]8;;\x07\x1b[m\x1b[K]\n'}
[51.635725] (sllidar_ros2) StderrLine: {'line': b'  733 |             assert(\x1b[01;35m\x1b[Kans == len\x1b[m\x1b[K);\n'}
[51.638096] (sllidar_ros2) StderrLine: {'line': b'      |                    \x1b[01;35m\x1b[K~~~~^~~~~~\x1b[m\x1b[K\n'}
[51.719678] (-) TimerEvent: {}
[51.835720] (-) TimerEvent: {}
[51.951370] (-) TimerEvent: {}
[52.054777] (-) TimerEvent: {}
[52.163171] (-) TimerEvent: {}
[52.265778] (-) TimerEvent: {}
[52.372178] (-) TimerEvent: {}
[52.476624] (-) TimerEvent: {}
[52.578864] (-) TimerEvent: {}
[52.681698] (-) TimerEvent: {}
[52.784448] (-) TimerEvent: {}
[52.886999] (-) TimerEvent: {}
[52.989454] (-) TimerEvent: {}
[53.091888] (-) TimerEvent: {}
[53.112774] (sllidar_ros2) StderrLine: {'line': b'\x1b[01m\x1b[K/home/arno/RoombaV2Onboard/src/sllidar_ros2/sdk/src/arch/linux/net_serial.cpp:\x1b[m\x1b[K In member function \xe2\x80\x98\x1b[01m\x1b[Kbool rp::arch::net::raw_serial::open(const char*, uint32_t, uint32_t)\x1b[m\x1b[K\xe2\x80\x99:\n'}
[53.116565] (sllidar_ros2) StderrLine: {'line': b'\x1b[01m\x1b[K/home/arno/RoombaV2Onboard/src/sllidar_ros2/sdk/src/arch/linux/net_serial.cpp:97:74:\x1b[m\x1b[K \x1b[01;35m\x1b[Kwarning: \x1b[m\x1b[Kunused parameter \xe2\x80\x98\x1b[01m\x1b[Kflags\x1b[m\x1b[K\xe2\x80\x99 [\x1b[01;35m\x1b[K\x1b]8;;https://gcc.gnu.org/onlinedocs/gcc/Warning-Options.html#index-Wunused-parameter\x07-Wunused-parameter\x1b]8;;\x07\x1b[m\x1b[K]\n'}
[53.121445] (sllidar_ros2) StderrLine: {'line': b'   97 | bool raw_serial::open(const char * portname, uint32_t baudrate, \x1b[01;35m\x1b[Kuint32_t flags\x1b[m\x1b[K)\n'}
[53.127272] (sllidar_ros2) StderrLine: {'line': b'      |                                                                 \x1b[01;35m\x1b[K~~~~~~~~~^~~~~\x1b[m\x1b[K\n'}
[53.150237] (sllidar_ros2) StderrLine: {'line': b'\x1b[01m\x1b[K/home/arno/RoombaV2Onboard/src/sllidar_ros2/sdk/src/arch/linux/net_serial.cpp:\x1b[m\x1b[K In member function \xe2\x80\x98\x1b[01m\x1b[Kvirtual void rp::arch::net::raw_serial::flush(_u32)\x1b[m\x1b[K\xe2\x80\x99:\n'}
[53.158740] (sllidar_ros2) StderrLine: {'line': b'\x1b[01m\x1b[K/home/arno/RoombaV2Onboard/src/sllidar_ros2/sdk/src/arch/linux/net_serial.cpp:281:30:\x1b[m\x1b[K \x1b[01;35m\x1b[Kwarning: \x1b[m\x1b[Kunused parameter \xe2\x80\x98\x1b[01m\x1b[Kflags\x1b[m\x1b[K\xe2\x80\x99 [\x1b[01;35m\x1b[K\x1b]8;;https://gcc.gnu.org/onlinedocs/gcc/Warning-Options.html#index-Wunused-parameter\x07-Wunused-parameter\x1b]8;;\x07\x1b[m\x1b[K]\n'}
[53.162874] (sllidar_ros2) StderrLine: {'line': b'  281 | void raw_serial::flush( \x1b[01;35m\x1b[K_u32 flags\x1b[m\x1b[K)\n'}
[53.166167] (sllidar_ros2) StderrLine: {'line': b'      |                         \x1b[01;35m\x1b[K~~~~~^~~~~\x1b[m\x1b[K\n'}
[53.169281] (sllidar_ros2) StderrLine: {'line': b'\x1b[01m\x1b[K/home/arno/RoombaV2Onboard/src/sllidar_ros2/sdk/src/arch/linux/net_serial.cpp:\x1b[m\x1b[K In member function \xe2\x80\x98\x1b[01m\x1b[Kvirtual int rp::arch::net::raw_serial::waitforsent(_u32, size_t*)\x1b[m\x1b[K\xe2\x80\x99:\n'}
[53.172648] (sllidar_ros2) StderrLine: {'line': b'\x1b[01m\x1b[K/home/arno/RoombaV2Onboard/src/sllidar_ros2/sdk/src/arch/linux/net_serial.cpp:286:34:\x1b[m\x1b[K \x1b[01;35m\x1b[Kwarning: \x1b[m\x1b[Kunused parameter \xe2\x80\x98\x1b[01m\x1b[Ktimeout\x1b[m\x1b[K\xe2\x80\x99 [\x1b[01;35m\x1b[K\x1b]8;;https://gcc.gnu.org/onlinedocs/gcc/Warning-Options.html#index-Wunused-parameter\x07-Wunused-parameter\x1b]8;;\x07\x1b[m\x1b[K]\n'}
[53.177583] (sllidar_ros2) StderrLine: {'line': b'  286 | int raw_serial::waitforsent(\x1b[01;35m\x1b[K_u32 timeout\x1b[m\x1b[K, size_t * returned_size)\n'}
[53.180334] (sllidar_ros2) StderrLine: {'line': b'      |                             \x1b[01;35m\x1b[K~~~~~^~~~~~~\x1b[m\x1b[K\n'}
[53.182853] (sllidar_ros2) StderrLine: {'line': b'\x1b[01m\x1b[K/home/arno/RoombaV2Onboard/src/sllidar_ros2/sdk/src/arch/linux/net_serial.cpp:\x1b[m\x1b[K In member function \xe2\x80\x98\x1b[01m\x1b[Kvirtual int rp::arch::net::raw_serial::waitforrecv(_u32, size_t*)\x1b[m\x1b[K\xe2\x80\x99:\n'}
[53.197881] (-) TimerEvent: {}
[53.200524] (sllidar_ros2) StderrLine: {'line': b'\x1b[01m\x1b[K/home/arno/RoombaV2Onboard/src/sllidar_ros2/sdk/src/arch/linux/net_serial.cpp:292:34:\x1b[m\x1b[K \x1b[01;35m\x1b[Kwarning: \x1b[m\x1b[Kunused parameter \xe2\x80\x98\x1b[01m\x1b[Ktimeout\x1b[m\x1b[K\xe2\x80\x99 [\x1b[01;35m\x1b[K\x1b]8;;https://gcc.gnu.org/onlinedocs/gcc/Warning-Options.html#index-Wunused-parameter\x07-Wunused-parameter\x1b]8;;\x07\x1b[m\x1b[K]\n'}
[53.203406] (sllidar_ros2) StderrLine: {'line': b'  292 | int raw_serial::waitforrecv(\x1b[01;35m\x1b[K_u32 timeout\x1b[m\x1b[K, size_t * returned_size)\n'}
[53.206374] (sllidar_ros2) StderrLine: {'line': b'      |                             \x1b[01;35m\x1b[K~~~~~^~~~~~~\x1b[m\x1b[K\n'}
[53.209254] (sllidar_ros2) StderrLine: {'line': b'\x1b[01m\x1b[K/home/arno/RoombaV2Onboard/src/sllidar_ros2/sdk/src/arch/linux/net_serial.cpp:\x1b[m\x1b[K In member function \xe2\x80\x98\x1b[01m\x1b[Kvirtual void rp::arch::net::raw_serial::cancelOperation()\x1b[m\x1b[K\xe2\x80\x99:\n'}
[53.220426] (sllidar_ros2) StderrLine: {'line': b'\x1b[01m\x1b[K/home/arno/RoombaV2Onboard/src/sllidar_ros2/sdk/src/arch/linux/net_serial.cpp:427:5:\x1b[m\x1b[K \x1b[01;35m\x1b[Kwarning: \x1b[m\x1b[Kvalue computed is not used [\x1b[01;35m\x1b[K\x1b]8;;https://gcc.gnu.org/onlinedocs/gcc/Warning-Options.html#index-Wunused-value\x07-Wunused-value\x1b]8;;\x07\x1b[m\x1b[K]\n'}
[53.235231] (sllidar_ros2) StderrLine: {'line': b'  427 |     \x1b[01;35m\x1b[K(int)::write(_selfpipe[1], "x", 1)\x1b[m\x1b[K;\n'}
[53.238552] (sllidar_ros2) StderrLine: {'line': b'      |     \x1b[01;35m\x1b[K^~~~~~~~~~~~~~~~~~~~~~~~~~~~~~~~~~\x1b[m\x1b[K\n'}
[53.298459] (-) TimerEvent: {}
[53.401207] (-) TimerEvent: {}
[53.506377] (-) TimerEvent: {}
[53.611485] (-) TimerEvent: {}
[53.716678] (-) TimerEvent: {}
[53.821313] (-) TimerEvent: {}
[53.926077] (-) TimerEvent: {}
[54.028859] (-) TimerEvent: {}
[54.132105] (-) TimerEvent: {}
[54.237293] (-) TimerEvent: {}
[54.339426] (-) TimerEvent: {}
[54.441924] (-) TimerEvent: {}
[54.544719] (-) TimerEvent: {}
[54.646934] (-) TimerEvent: {}
[54.750077] (-) TimerEvent: {}
[54.851833] (-) TimerEvent: {}
[54.953647] (-) TimerEvent: {}
[55.055883] (-) TimerEvent: {}
[55.157477] (-) TimerEvent: {}
[55.258775] (-) TimerEvent: {}
[55.360512] (-) TimerEvent: {}
[55.462074] (-) TimerEvent: {}
[55.563946] (-) TimerEvent: {}
[55.665565] (-) TimerEvent: {}
[55.767183] (-) TimerEvent: {}
[55.868951] (-) TimerEvent: {}
[55.970664] (-) TimerEvent: {}
[56.072253] (-) TimerEvent: {}
[56.173780] (-) TimerEvent: {}
[56.275216] (-) TimerEvent: {}
[56.378859] (-) TimerEvent: {}
[56.480475] (-) TimerEvent: {}
[56.582004] (-) TimerEvent: {}
[56.683595] (-) TimerEvent: {}
[56.785102] (-) TimerEvent: {}
[56.886655] (-) TimerEvent: {}
[56.988171] (-) TimerEvent: {}
[57.096075] (-) TimerEvent: {}
[57.198571] (-) TimerEvent: {}
[57.304861] (-) TimerEvent: {}
[57.410471] (-) TimerEvent: {}
[57.514226] (-) TimerEvent: {}
[57.617092] (-) TimerEvent: {}
[57.720675] (-) TimerEvent: {}
[57.824463] (-) TimerEvent: {}
[57.927624] (-) TimerEvent: {}
[58.030324] (-) TimerEvent: {}
[58.135946] (-) TimerEvent: {}
[58.240405] (-) TimerEvent: {}
[58.343239] (-) TimerEvent: {}
[58.445601] (-) TimerEvent: {}
[58.560292] (-) TimerEvent: {}
[58.668283] (-) TimerEvent: {}
[58.777651] (-) TimerEvent: {}
[58.881263] (-) TimerEvent: {}
[58.984403] (-) TimerEvent: {}
[59.088453] (-) TimerEvent: {}
[59.191163] (-) TimerEvent: {}
[59.296744] (-) TimerEvent: {}
[59.406419] (-) TimerEvent: {}
[59.510694] (-) TimerEvent: {}
[59.613222] (-) TimerEvent: {}
[59.715926] (-) TimerEvent: {}
[59.818295] (-) TimerEvent: {}
[59.921995] (-) TimerEvent: {}
[60.024435] (-) TimerEvent: {}
[60.127208] (-) TimerEvent: {}
[60.229833] (-) TimerEvent: {}
[60.332280] (-) TimerEvent: {}
[60.434830] (-) TimerEvent: {}
[60.503383] (sllidar_ros2) StdoutLine: {'line': b'[ 30%] \x1b[32mBuilding CXX object CMakeFiles/sllidar_node.dir/sdk/src/dataunpacker/dataunpacker.cpp.o\x1b[0m\n'}
[60.593934] (-) TimerEvent: {}
[60.648558] (sllidar_ros2) StdoutLine: {'line': b'[ 30%] \x1b[32mBuilding CXX object CMakeFiles/sllidar_node.dir/sdk/src/arch/linux/timer.cpp.o\x1b[0m\n'}
[60.695198] (-) TimerEvent: {}
[60.821495] (-) TimerEvent: {}
[60.925120] (-) TimerEvent: {}
[61.029245] (-) TimerEvent: {}
[61.134408] (-) TimerEvent: {}
[61.238919] (-) TimerEvent: {}
[61.343287] (-) TimerEvent: {}
[61.446334] (-) TimerEvent: {}
[61.550679] (-) TimerEvent: {}
[61.655634] (-) TimerEvent: {}
[61.761149] (-) TimerEvent: {}
[61.865207] (-) TimerEvent: {}
[61.967752] (-) TimerEvent: {}
[62.070209] (-) TimerEvent: {}
[62.172641] (-) TimerEvent: {}
[62.278091] (-) TimerEvent: {}
[62.383715] (-) TimerEvent: {}
[62.486108] (-) TimerEvent: {}
[62.588743] (-) TimerEvent: {}
[62.691300] (-) TimerEvent: {}
[62.793933] (-) TimerEvent: {}
[62.896465] (-) TimerEvent: {}
[62.998889] (-) TimerEvent: {}
[63.109435] (-) TimerEvent: {}
[63.214889] (-) TimerEvent: {}
[63.320881] (-) TimerEvent: {}
[63.423285] (-) TimerEvent: {}
[63.528447] (-) TimerEvent: {}
[63.632640] (-) TimerEvent: {}
[63.736617] (-) TimerEvent: {}
[63.838767] (-) TimerEvent: {}
[63.942457] (-) TimerEvent: {}
[64.045099] (-) TimerEvent: {}
[64.149897] (-) TimerEvent: {}
[64.254678] (-) TimerEvent: {}
[64.359507] (-) TimerEvent: {}
[64.462074] (-) TimerEvent: {}
[64.564527] (-) TimerEvent: {}
[64.670226] (-) TimerEvent: {}
[64.772875] (-) TimerEvent: {}
[64.875094] (-) TimerEvent: {}
[64.979831] (-) TimerEvent: {}
[65.085517] (-) TimerEvent: {}
[65.187883] (-) TimerEvent: {}
[65.290107] (-) TimerEvent: {}
[65.392071] (-) TimerEvent: {}
[65.494381] (-) TimerEvent: {}
[65.596702] (-) TimerEvent: {}
[65.698639] (-) TimerEvent: {}
[65.800984] (-) TimerEvent: {}
[65.903198] (-) TimerEvent: {}
[66.007514] (-) TimerEvent: {}
[66.109755] (-) TimerEvent: {}
[66.212602] (-) TimerEvent: {}
[66.315450] (-) TimerEvent: {}
[66.421546] (-) TimerEvent: {}
[66.523645] (-) TimerEvent: {}
[66.628292] (-) TimerEvent: {}
[66.734295] (-) TimerEvent: {}
[66.839363] (-) TimerEvent: {}
[66.942275] (-) TimerEvent: {}
[67.044974] (-) TimerEvent: {}
[67.147671] (-) TimerEvent: {}
[67.250275] (-) TimerEvent: {}
[67.352848] (-) TimerEvent: {}
[67.458279] (-) TimerEvent: {}
[67.561029] (-) TimerEvent: {}
[67.664409] (-) TimerEvent: {}
[67.766871] (-) TimerEvent: {}
[67.869247] (-) TimerEvent: {}
[67.971066] (-) TimerEvent: {}
[68.073090] (-) TimerEvent: {}
[68.682582] (-) TimerEvent: {}
[68.784375] (-) TimerEvent: {}
[68.885975] (-) TimerEvent: {}
[68.987533] (-) TimerEvent: {}
[69.089113] (-) TimerEvent: {}
[69.190598] (-) TimerEvent: {}
[69.292860] (-) TimerEvent: {}
[69.394358] (-) TimerEvent: {}
[69.496077] (-) TimerEvent: {}
[69.597646] (-) TimerEvent: {}
[69.699272] (-) TimerEvent: {}
[69.800974] (-) TimerEvent: {}
[69.902873] (-) TimerEvent: {}
[70.004534] (-) TimerEvent: {}
[70.106276] (-) TimerEvent: {}
[70.210254] (-) TimerEvent: {}
[70.314480] (-) TimerEvent: {}
[70.418763] (-) TimerEvent: {}
[70.524116] (-) TimerEvent: {}
[70.628415] (-) TimerEvent: {}
[70.733022] (-) TimerEvent: {}
[70.838286] (-) TimerEvent: {}
[70.943881] (-) TimerEvent: {}
[71.046538] (-) TimerEvent: {}
[71.149326] (-) TimerEvent: {}
[71.255229] (-) TimerEvent: {}
[71.360671] (-) TimerEvent: {}
[71.466801] (-) TimerEvent: {}
[71.572755] (-) TimerEvent: {}
[71.676027] (-) TimerEvent: {}
[71.781569] (-) TimerEvent: {}
[71.886342] (-) TimerEvent: {}
[71.989299] (-) TimerEvent: {}
[72.092684] (-) TimerEvent: {}
[72.199045] (-) TimerEvent: {}
[72.301330] (-) TimerEvent: {}
[72.403677] (-) TimerEvent: {}
[72.506596] (-) TimerEvent: {}
[72.609310] (-) TimerEvent: {}
[72.711396] (-) TimerEvent: {}
[72.813685] (-) TimerEvent: {}
[72.915885] (-) TimerEvent: {}
[73.017895] (-) TimerEvent: {}
[73.120015] (-) TimerEvent: {}
[73.222578] (-) TimerEvent: {}
[73.791980] (-) TimerEvent: {}
[73.894365] (-) TimerEvent: {}
[73.995923] (-) TimerEvent: {}
[74.097621] (-) TimerEvent: {}
[74.201840] (-) TimerEvent: {}
[74.304517] (-) TimerEvent: {}
[74.406266] (-) TimerEvent: {}
[74.511028] (-) TimerEvent: {}
[74.614504] (-) TimerEvent: {}
[74.718145] (-) TimerEvent: {}
[74.820772] (-) TimerEvent: {}
[74.922682] (-) TimerEvent: {}
[75.025057] (-) TimerEvent: {}
[75.128166] (-) TimerEvent: {}
[75.230664] (-) TimerEvent: {}
[75.333167] (-) TimerEvent: {}
[75.435362] (-) TimerEvent: {}
[75.537440] (-) TimerEvent: {}
[75.639698] (-) TimerEvent: {}
[75.740906] (-) TimerEvent: {}
[75.842241] (-) TimerEvent: {}
[75.944002] (-) TimerEvent: {}
[76.045830] (-) TimerEvent: {}
[76.147389] (-) TimerEvent: {}
[76.250337] (-) TimerEvent: {}
[76.352091] (-) TimerEvent: {}
[76.453562] (-) TimerEvent: {}
[76.555130] (-) TimerEvent: {}
[76.656996] (-) TimerEvent: {}
[76.758923] (-) TimerEvent: {}
[76.860821] (-) TimerEvent: {}
[76.962387] (-) TimerEvent: {}
[77.063895] (-) TimerEvent: {}
[77.165044] (-) TimerEvent: {}
[77.266633] (-) TimerEvent: {}
[77.368373] (-) TimerEvent: {}
[77.469905] (-) TimerEvent: {}
[77.571321] (-) TimerEvent: {}
[77.673053] (-) TimerEvent: {}
[77.774648] (-) TimerEvent: {}
[77.877439] (-) TimerEvent: {}
[77.982190] (-) TimerEvent: {}
[78.088182] (-) TimerEvent: {}
[78.192905] (-) TimerEvent: {}
[78.320803] (-) TimerEvent: {}
[78.385629] (sllidar_ros2) StderrLine: {'line': b'In file included from \x1b[01m\x1b[K/home/arno/RoombaV2Onboard/src/sllidar_ros2/./sdk/include/rplidar_protocol.h:36\x1b[m\x1b[K,\n'}
[78.585176] (-) TimerEvent: {}
[78.590095] (sllidar_ros2) StderrLine: {'line': b'                 from \x1b[01m\x1b[K/home/arno/RoombaV2Onboard/src/sllidar_ros2/./sdk/include/rplidar.h:39\x1b[m\x1b[K,\n'}
[78.595763] (sllidar_ros2) StderrLine: {'line': b'                 from \x1b[01m\x1b[K/home/arno/RoombaV2Onboard/src/sllidar_ros2/./sdk/src/sdkcommon.h:49\x1b[m\x1b[K,\n'}
[78.598783] (sllidar_ros2) StderrLine: {'line': b'                 from \x1b[01m\x1b[K/home/arno/RoombaV2Onboard/src/sllidar_ros2/sdk/src/dataunpacker/dataunnpacker_commondef.h:41\x1b[m\x1b[K,\n'}
[78.601840] (sllidar_ros2) StderrLine: {'line': b'                 from \x1b[01m\x1b[K/home/arno/RoombaV2Onboard/src/sllidar_ros2/sdk/src/dataunpacker/dataunpacker.cpp:39\x1b[m\x1b[K:\n'}
[78.605371] (sllidar_ros2) StderrLine: {'line': b'\x1b[01m\x1b[K/home/arno/RoombaV2Onboard/src/sllidar_ros2/./sdk/include/sl_lidar_protocol.h:66:16:\x1b[m\x1b[K \x1b[01;35m\x1b[Kwarning: \x1b[m\x1b[KISO C++ forbids zero-size array \xe2\x80\x98\x1b[01m\x1b[Kdata\x1b[m\x1b[K\xe2\x80\x99 [\x1b[01;35m\x1b[K\x1b]8;;https://gcc.gnu.org/onlinedocs/gcc/Warning-Options.html#index-Wpedantic\x07-Wpedantic\x1b]8;;\x07\x1b[m\x1b[K]\n'}
[78.612713] (sllidar_ros2) StderrLine: {'line': b'   66 |     sl_u8 data[\x1b[01;35m\x1b[K0\x1b[m\x1b[K];\n'}
[78.615779] (sllidar_ros2) StderrLine: {'line': b'      |                \x1b[01;35m\x1b[K^\x1b[m\x1b[K\n'}
[78.618521] (sllidar_ros2) StderrLine: {'line': b'In file included from \x1b[01m\x1b[K/home/arno/RoombaV2Onboard/src/sllidar_ros2/./sdk/include/rplidar_cmd.h:36\x1b[m\x1b[K,\n'}
[78.621403] (sllidar_ros2) StderrLine: {'line': b'                 from \x1b[01m\x1b[K/home/arno/RoombaV2Onboard/src/sllidar_ros2/./sdk/include/rplidar.h:40\x1b[m\x1b[K,\n'}
[78.624418] (sllidar_ros2) StderrLine: {'line': b'                 from \x1b[01m\x1b[K/home/arno/RoombaV2Onboard/src/sllidar_ros2/./sdk/src/sdkcommon.h:49\x1b[m\x1b[K,\n'}
[78.627073] (sllidar_ros2) StderrLine: {'line': b'                 from \x1b[01m\x1b[K/home/arno/RoombaV2Onboard/src/sllidar_ros2/sdk/src/dataunpacker/dataunnpacker_commondef.h:41\x1b[m\x1b[K,\n'}
[78.637143] (sllidar_ros2) StderrLine: {'line': b'                 from \x1b[01m\x1b[K/home/arno/RoombaV2Onboard/src/sllidar_ros2/sdk/src/dataunpacker/dataunpacker.cpp:39\x1b[m\x1b[K:\n'}
[78.639819] (sllidar_ros2) StderrLine: {'line': b'\x1b[01m\x1b[K/home/arno/RoombaV2Onboard/src/sllidar_ros2/./sdk/include/sl_lidar_cmd.h:324:20:\x1b[m\x1b[K \x1b[01;35m\x1b[Kwarning: \x1b[m\x1b[KISO C++ forbids zero-size array \xe2\x80\x98\x1b[01m\x1b[Kpayload\x1b[m\x1b[K\xe2\x80\x99 [\x1b[01;35m\x1b[K\x1b]8;;https://gcc.gnu.org/onlinedocs/gcc/Warning-Options.html#index-Wpedantic\x07-Wpedantic\x1b]8;;\x07\x1b[m\x1b[K]\n'}
[78.659385] (sllidar_ros2) StderrLine: {'line': b'  324 |     sl_u8  payload[\x1b[01;35m\x1b[K0\x1b[m\x1b[K];\n'}
[78.662098] (sllidar_ros2) StderrLine: {'line': b'      |                    \x1b[01;35m\x1b[K^\x1b[m\x1b[K\n'}
[78.685345] (-) TimerEvent: {}
[78.788182] (-) TimerEvent: {}
[78.890485] (-) TimerEvent: {}
[78.992931] (-) TimerEvent: {}
[79.095839] (-) TimerEvent: {}
[79.198030] (-) TimerEvent: {}
[79.300018] (-) TimerEvent: {}
[79.401837] (-) TimerEvent: {}
[79.503307] (-) TimerEvent: {}
[79.605158] (-) TimerEvent: {}
[79.707014] (-) TimerEvent: {}
[79.809154] (-) TimerEvent: {}
[79.911157] (-) TimerEvent: {}
[80.013227] (-) TimerEvent: {}
[80.116780] (-) TimerEvent: {}
[80.219088] (-) TimerEvent: {}
[80.321373] (-) TimerEvent: {}
[80.423176] (-) TimerEvent: {}
[80.524901] (-) TimerEvent: {}
[80.627176] (-) TimerEvent: {}
[80.729984] (-) TimerEvent: {}
[80.835667] (-) TimerEvent: {}
[80.937980] (-) TimerEvent: {}
[81.040722] (-) TimerEvent: {}
[81.144891] (-) TimerEvent: {}
[81.247962] (-) TimerEvent: {}
[81.351039] (-) TimerEvent: {}
[81.454023] (-) TimerEvent: {}
[81.556729] (-) TimerEvent: {}
[81.661716] (-) TimerEvent: {}
[81.766081] (-) TimerEvent: {}
[81.868645] (-) TimerEvent: {}
[81.972656] (-) TimerEvent: {}
[82.078320] (-) TimerEvent: {}
[82.185366] (-) TimerEvent: {}
[82.287662] (-) TimerEvent: {}
[82.389832] (-) TimerEvent: {}
[82.493371] (-) TimerEvent: {}
[82.620130] (-) TimerEvent: {}
[83.379020] (sllidar_ros2) StderrLine: {'line': b'In file included from \x1b[01m\x1b[K/home/arno/RoombaV2Onboard/src/sllidar_ros2/sdk/src/dataunpacker/dataunpacker.cpp:40\x1b[m\x1b[K:\n'}
[83.529556] (-) TimerEvent: {}
[83.563760] (sllidar_ros2) StderrLine: {'line': b'\x1b[01m\x1b[K/home/arno/RoombaV2Onboard/src/sllidar_ros2/sdk/src/dataunpacker/dataunpacker.h:\x1b[m\x1b[K In member function \xe2\x80\x98\x1b[01m\x1b[Kvirtual void sl::internal::LIDARSampleDataListener::onCustomSampleDataDecoded(_u8, _u32, const void*, size_t)\x1b[m\x1b[K\xe2\x80\x99:\n'}
[83.608733] (sllidar_ros2) StderrLine: {'line': b'\x1b[01m\x1b[K/home/arno/RoombaV2Onboard/src/sllidar_ros2/sdk/src/dataunpacker/dataunpacker.h:54:52:\x1b[m\x1b[K \x1b[01;35m\x1b[Kwarning: \x1b[m\x1b[Kunused parameter \xe2\x80\x98\x1b[01m\x1b[KansType\x1b[m\x1b[K\xe2\x80\x99 [\x1b[01;35m\x1b[K\x1b]8;;https://gcc.gnu.org/onlinedocs/gcc/Warning-Options.html#index-Wunused-parameter\x07-Wunused-parameter\x1b]8;;\x07\x1b[m\x1b[K]\n'}
[83.611459] (sllidar_ros2) StderrLine: {'line': b'   54 |         virtual void onCustomSampleDataDecoded(\x1b[01;35m\x1b[K_u8 ansType\x1b[m\x1b[K, _u32 customCode, const void* data, size_t size) {}\n'}
[83.614194] (sllidar_ros2) StderrLine: {'line': b'      |                                                \x1b[01;35m\x1b[K~~~~^~~~~~~\x1b[m\x1b[K\n'}
[83.616908] (sllidar_ros2) StderrLine: {'line': b'\x1b[01m\x1b[K/home/arno/RoombaV2Onboard/src/sllidar_ros2/sdk/src/dataunpacker/dataunpacker.h:54:66:\x1b[m\x1b[K \x1b[01;35m\x1b[Kwarning: \x1b[m\x1b[Kunused parameter \xe2\x80\x98\x1b[01m\x1b[KcustomCode\x1b[m\x1b[K\xe2\x80\x99 [\x1b[01;35m\x1b[K\x1b]8;;https://gcc.gnu.org/onlinedocs/gcc/Warning-Options.html#index-Wunused-parameter\x07-Wunused-parameter\x1b]8;;\x07\x1b[m\x1b[K]\n'}
[83.625227] (sllidar_ros2) StderrLine: {'line': b'   54 |         virtual void onCustomSampleDataDecoded(_u8 ansType, \x1b[01;35m\x1b[K_u32 customCode\x1b[m\x1b[K, const void* data, size_t size) {}\n'}
[83.629389] (sllidar_ros2) StderrLine: {'line': b'      |                                                             \x1b[01;35m\x1b[K~~~~~^~~~~~~~~~\x1b[m\x1b[K\n'}
[83.632089] (-) TimerEvent: {}
[83.638411] (sllidar_ros2) StderrLine: {'line': b'\x1b[01m\x1b[K/home/arno/RoombaV2Onboard/src/sllidar_ros2/sdk/src/dataunpacker/dataunpacker.h:54:90:\x1b[m\x1b[K \x1b[01;35m\x1b[Kwarning: \x1b[m\x1b[Kunused parameter \xe2\x80\x98\x1b[01m\x1b[Kdata\x1b[m\x1b[K\xe2\x80\x99 [\x1b[01;35m\x1b[K\x1b]8;;https://gcc.gnu.org/onlinedocs/gcc/Warning-Options.html#index-Wunused-parameter\x07-Wunused-parameter\x1b]8;;\x07\x1b[m\x1b[K]\n'}
[83.640790] (sllidar_ros2) StderrLine: {'line': b'   54 |         virtual void onCustomSampleDataDecoded(_u8 ansType, _u32 customCode, \x1b[01;35m\x1b[Kconst void* data\x1b[m\x1b[K, size_t size) {}\n'}
[83.646435] (sllidar_ros2) StderrLine: {'line': b'      |                                                                              \x1b[01;35m\x1b[K~~~~~~~~~~~~^~~~\x1b[m\x1b[K\n'}
[83.648958] (sllidar_ros2) StderrLine: {'line': b'\x1b[01m\x1b[K/home/arno/RoombaV2Onboard/src/sllidar_ros2/sdk/src/dataunpacker/dataunpacker.h:54:103:\x1b[m\x1b[K \x1b[01;35m\x1b[Kwarning: \x1b[m\x1b[Kunused parameter \xe2\x80\x98\x1b[01m\x1b[Ksize\x1b[m\x1b[K\xe2\x80\x99 [\x1b[01;35m\x1b[K\x1b]8;;https://gcc.gnu.org/onlinedocs/gcc/Warning-Options.html#index-Wunused-parameter\x07-Wunused-parameter\x1b]8;;\x07\x1b[m\x1b[K]\n'}
[83.650954] (sllidar_ros2) StderrLine: {'line': b'   54 |         virtual void onCustomSampleDataDecoded(_u8 ansType, _u32 customCode, const void* data, \x1b[01;35m\x1b[Ksize_t size\x1b[m\x1b[K) {}\n'}
[83.653264] (sllidar_ros2) StderrLine: {'line': b'      |                                                                                                \x1b[01;35m\x1b[K~~~~~~~^~~~\x1b[m\x1b[K\n'}
[83.655124] (sllidar_ros2) StderrLine: {'line': b'\x1b[01m\x1b[K/home/arno/RoombaV2Onboard/src/sllidar_ros2/sdk/src/dataunpacker/dataunpacker.h:\x1b[m\x1b[K In member function \xe2\x80\x98\x1b[01m\x1b[Kvirtual void sl::internal::LIDARSampleDataListener::onDecodingError(int, _u8, const void*, size_t)\x1b[m\x1b[K\xe2\x80\x99:\n'}
[83.706200] (sllidar_ros2) StderrLine: {'line': b'\x1b[01m\x1b[K/home/arno/RoombaV2Onboard/src/sllidar_ros2/sdk/src/dataunpacker/dataunpacker.h:56:42:\x1b[m\x1b[K \x1b[01;35m\x1b[Kwarning: \x1b[m\x1b[Kunused parameter \xe2\x80\x98\x1b[01m\x1b[KerrMsg\x1b[m\x1b[K\xe2\x80\x99 [\x1b[01;35m\x1b[K\x1b]8;;https://gcc.gnu.org/onlinedocs/gcc/Warning-Options.html#index-Wunused-parameter\x07-Wunused-parameter\x1b]8;;\x07\x1b[m\x1b[K]\n'}
[83.708160] (sllidar_ros2) StderrLine: {'line': b'   56 |         virtual void onDecodingError(\x1b[01;35m\x1b[Kint errMsg\x1b[m\x1b[K, _u8 ansType, const void* payload, size_t size) {}\n'}
[83.726617] (sllidar_ros2) StderrLine: {'line': b'      |                                      \x1b[01;35m\x1b[K~~~~^~~~~~\x1b[m\x1b[K\n'}
[83.728535] (sllidar_ros2) StderrLine: {'line': b'\x1b[01m\x1b[K/home/arno/RoombaV2Onboard/src/sllidar_ros2/sdk/src/dataunpacker/dataunpacker.h:56:54:\x1b[m\x1b[K \x1b[01;35m\x1b[Kwarning: \x1b[m\x1b[Kunused parameter \xe2\x80\x98\x1b[01m\x1b[KansType\x1b[m\x1b[K\xe2\x80\x99 [\x1b[01;35m\x1b[K\x1b]8;;https://gcc.gnu.org/onlinedocs/gcc/Warning-Options.html#index-Wunused-parameter\x07-Wunused-parameter\x1b]8;;\x07\x1b[m\x1b[K]\n'}
[83.746304] (-) TimerEvent: {}
[83.750084] (sllidar_ros2) StderrLine: {'line': b'   56 |         virtual void onDecodingError(int errMsg, \x1b[01;35m\x1b[K_u8 ansType\x1b[m\x1b[K, const void* payload, size_t size) {}\n'}
[83.768111] (sllidar_ros2) StderrLine: {'line': b'      |                                                  \x1b[01;35m\x1b[K~~~~^~~~~~~\x1b[m\x1b[K\n'}
[83.770965] (sllidar_ros2) StderrLine: {'line': b'\x1b[01m\x1b[K/home/arno/RoombaV2Onboard/src/sllidar_ros2/sdk/src/dataunpacker/dataunpacker.h:56:75:\x1b[m\x1b[K \x1b[01;35m\x1b[Kwarning: \x1b[m\x1b[Kunused parameter \xe2\x80\x98\x1b[01m\x1b[Kpayload\x1b[m\x1b[K\xe2\x80\x99 [\x1b[01;35m\x1b[K\x1b]8;;https://gcc.gnu.org/onlinedocs/gcc/Warning-Options.html#index-Wunused-parameter\x07-Wunused-parameter\x1b]8;;\x07\x1b[m\x1b[K]\n'}
[83.785518] (sllidar_ros2) StderrLine: {'line': b'   56 |         virtual void onDecodingError(int errMsg, _u8 ansType, \x1b[01;35m\x1b[Kconst void* payload\x1b[m\x1b[K, size_t size) {}\n'}
[83.788152] (sllidar_ros2) StderrLine: {'line': b'      |                                                               \x1b[01;35m\x1b[K~~~~~~~~~~~~^~~~~~~\x1b[m\x1b[K\n'}
[83.790421] (sllidar_ros2) StderrLine: {'line': b'\x1b[01m\x1b[K/home/arno/RoombaV2Onboard/src/sllidar_ros2/sdk/src/dataunpacker/dataunpacker.h:56:91:\x1b[m\x1b[K \x1b[01;35m\x1b[Kwarning: \x1b[m\x1b[Kunused parameter \xe2\x80\x98\x1b[01m\x1b[Ksize\x1b[m\x1b[K\xe2\x80\x99 [\x1b[01;35m\x1b[K\x1b]8;;https://gcc.gnu.org/onlinedocs/gcc/Warning-Options.html#index-Wunused-parameter\x07-Wunused-parameter\x1b]8;;\x07\x1b[m\x1b[K]\n'}
[83.792664] (sllidar_ros2) StderrLine: {'line': b'   56 |         virtual void onDecodingError(int errMsg, _u8 ansType, const void* payload, \x1b[01;35m\x1b[Ksize_t size\x1b[m\x1b[K) {}\n'}
[83.794579] (sllidar_ros2) StderrLine: {'line': b'      |                                                                                    \x1b[01;35m\x1b[K~~~~~~~^~~~\x1b[m\x1b[K\n'}
[83.846876] (-) TimerEvent: {}
[83.950979] (-) TimerEvent: {}
[84.055235] (-) TimerEvent: {}
[84.157260] (-) TimerEvent: {}
[84.259069] (-) TimerEvent: {}
[84.361287] (-) TimerEvent: {}
[84.463438] (-) TimerEvent: {}
[84.565153] (-) TimerEvent: {}
[84.666739] (-) TimerEvent: {}
[84.768353] (-) TimerEvent: {}
[84.869865] (-) TimerEvent: {}
[84.971401] (-) TimerEvent: {}
[85.072936] (-) TimerEvent: {}
[85.117608] (sllidar_ros2) StdoutLine: {'line': b'[ 35%] \x1b[32mBuilding CXX object CMakeFiles/sllidar_node.dir/sdk/src/dataunpacker/unpacker/handler_capsules.cpp.o\x1b[0m\n'}
[85.313579] (-) TimerEvent: {}
[85.415313] (-) TimerEvent: {}
[85.517141] (-) TimerEvent: {}
[85.619226] (-) TimerEvent: {}
[85.721730] (-) TimerEvent: {}
[85.824051] (-) TimerEvent: {}
[85.926548] (-) TimerEvent: {}
[86.029494] (-) TimerEvent: {}
[86.133933] (-) TimerEvent: {}
[86.237010] (-) TimerEvent: {}
[86.340658] (-) TimerEvent: {}
[86.442492] (-) TimerEvent: {}
[86.544352] (-) TimerEvent: {}
[86.645815] (-) TimerEvent: {}
[86.747443] (-) TimerEvent: {}
[86.848993] (-) TimerEvent: {}
[86.950552] (-) TimerEvent: {}
[87.052311] (-) TimerEvent: {}
[87.154186] (-) TimerEvent: {}
[87.255987] (-) TimerEvent: {}
[87.357390] (-) TimerEvent: {}
[87.458747] (-) TimerEvent: {}
[87.560292] (-) TimerEvent: {}
[87.663437] (-) TimerEvent: {}
[87.765137] (-) TimerEvent: {}
[87.866974] (-) TimerEvent: {}
[87.969492] (-) TimerEvent: {}
[88.071668] (-) TimerEvent: {}
[88.173366] (-) TimerEvent: {}
[88.275100] (-) TimerEvent: {}
[88.377144] (-) TimerEvent: {}
[88.534264] (-) TimerEvent: {}
[88.636264] (-) TimerEvent: {}
[88.737897] (-) TimerEvent: {}
[88.839318] (-) TimerEvent: {}
[88.941369] (-) TimerEvent: {}
[89.043181] (-) TimerEvent: {}
[89.145047] (-) TimerEvent: {}
[89.247000] (-) TimerEvent: {}
[89.349098] (-) TimerEvent: {}
[89.451441] (-) TimerEvent: {}
[89.553636] (-) TimerEvent: {}
[89.657206] (-) TimerEvent: {}
[89.759205] (-) TimerEvent: {}
[89.861262] (-) TimerEvent: {}
[89.963644] (-) TimerEvent: {}
[90.065092] (-) TimerEvent: {}
[90.166432] (-) TimerEvent: {}
[90.267867] (-) TimerEvent: {}
[90.369937] (-) TimerEvent: {}
[90.471945] (-) TimerEvent: {}
[90.573941] (-) TimerEvent: {}
[90.675873] (-) TimerEvent: {}
[90.778445] (-) TimerEvent: {}
[90.880513] (-) TimerEvent: {}
[91.374681] (-) TimerEvent: {}
[91.574460] (-) TimerEvent: {}
[91.763743] (-) TimerEvent: {}
[91.888794] (-) TimerEvent: {}
[92.083803] (-) TimerEvent: {}
[92.220896] (-) TimerEvent: {}
[92.350838] (-) TimerEvent: {}
[92.453264] (-) TimerEvent: {}
[92.555720] (-) TimerEvent: {}
[92.659178] (-) TimerEvent: {}
[92.761675] (-) TimerEvent: {}
[92.864870] (-) TimerEvent: {}
[92.969851] (-) TimerEvent: {}
[93.072101] (-) TimerEvent: {}
[93.174226] (-) TimerEvent: {}
[93.276503] (-) TimerEvent: {}
[93.378763] (-) TimerEvent: {}
[93.488077] (-) TimerEvent: {}
[93.590918] (-) TimerEvent: {}
[93.693229] (-) TimerEvent: {}
[93.795229] (-) TimerEvent: {}
[93.897550] (-) TimerEvent: {}
[94.000514] (-) TimerEvent: {}
[94.105615] (-) TimerEvent: {}
[94.210953] (-) TimerEvent: {}
[94.315863] (-) TimerEvent: {}
[94.420711] (-) TimerEvent: {}
[94.525555] (-) TimerEvent: {}
[94.630993] (-) TimerEvent: {}
[94.735762] (-) TimerEvent: {}
[94.840550] (-) TimerEvent: {}
[94.945583] (-) TimerEvent: {}
[95.050362] (-) TimerEvent: {}
[95.154749] (-) TimerEvent: {}
[95.259024] (-) TimerEvent: {}
[95.363508] (-) TimerEvent: {}
[95.468793] (-) TimerEvent: {}
[95.570805] (-) TimerEvent: {}
[95.673029] (-) TimerEvent: {}
[95.775905] (-) TimerEvent: {}
[95.880967] (-) TimerEvent: {}
[95.988193] (-) TimerEvent: {}
[96.093202] (-) TimerEvent: {}
[96.196075] (-) TimerEvent: {}
[96.298609] (-) TimerEvent: {}
[96.401613] (-) TimerEvent: {}
[96.504321] (-) TimerEvent: {}
[96.606989] (-) TimerEvent: {}
[96.713491] (-) TimerEvent: {}
[96.816799] (-) TimerEvent: {}
[96.921887] (-) TimerEvent: {}
[97.026645] (-) TimerEvent: {}
[97.131669] (-) TimerEvent: {}
[97.237325] (-) TimerEvent: {}
[97.340123] (-) TimerEvent: {}
[97.442917] (-) TimerEvent: {}
[97.545356] (-) TimerEvent: {}
[97.648033] (-) TimerEvent: {}
[97.751500] (-) TimerEvent: {}
[97.853114] (-) TimerEvent: {}
[97.954823] (-) TimerEvent: {}
[98.056743] (-) TimerEvent: {}
[98.162083] (-) TimerEvent: {}
[98.266679] (-) TimerEvent: {}
[98.371395] (-) TimerEvent: {}
[98.475354] (-) TimerEvent: {}
[98.668098] (-) TimerEvent: {}
[98.771946] (-) TimerEvent: {}
[98.886790] (-) TimerEvent: {}
[99.005997] (-) TimerEvent: {}
[99.109989] (-) TimerEvent: {}
[99.212226] (-) TimerEvent: {}
[99.314244] (-) TimerEvent: {}
[99.416341] (-) TimerEvent: {}
[99.518662] (-) TimerEvent: {}
[99.621158] (-) TimerEvent: {}
[99.723337] (-) TimerEvent: {}
[99.826523] (-) TimerEvent: {}
[99.928768] (-) TimerEvent: {}
[100.030832] (-) TimerEvent: {}
[100.133835] (-) TimerEvent: {}
[100.239133] (-) TimerEvent: {}
[100.343835] (-) TimerEvent: {}
[100.447890] (-) TimerEvent: {}
[100.549593] (-) TimerEvent: {}
[100.650672] (-) TimerEvent: {}
[100.752005] (-) TimerEvent: {}
[100.853183] (-) TimerEvent: {}
[100.954421] (-) TimerEvent: {}
[101.054007] (sllidar_ros2) StderrLine: {'line': b'In file included from \x1b[01m\x1b[K/home/arno/RoombaV2Onboard/src/sllidar_ros2/./sdk/include/rplidar_protocol.h:36\x1b[m\x1b[K,\n'}
[101.068312] (-) TimerEvent: {}
[101.069792] (sllidar_ros2) StderrLine: {'line': b'                 from \x1b[01m\x1b[K/home/arno/RoombaV2Onboard/src/sllidar_ros2/./sdk/include/rplidar.h:39\x1b[m\x1b[K,\n'}
[101.071471] (sllidar_ros2) StderrLine: {'line': b'                 from \x1b[01m\x1b[K/home/arno/RoombaV2Onboard/src/sllidar_ros2/./sdk/src/sdkcommon.h:49\x1b[m\x1b[K,\n'}
[101.073147] (sllidar_ros2) StderrLine: {'line': b'                 from \x1b[01m\x1b[K/home/arno/RoombaV2Onboard/src/sllidar_ros2/sdk/src/dataunpacker/unpacker/../dataunnpacker_commondef.h:41\x1b[m\x1b[K,\n'}
[101.077790] (sllidar_ros2) StderrLine: {'line': b'                 from \x1b[01m\x1b[K/home/arno/RoombaV2Onboard/src/sllidar_ros2/sdk/src/dataunpacker/unpacker/handler_capsules.cpp:39\x1b[m\x1b[K:\n'}
[101.078864] (sllidar_ros2) StderrLine: {'line': b'\x1b[01m\x1b[K/home/arno/RoombaV2Onboard/src/sllidar_ros2/./sdk/include/sl_lidar_protocol.h:66:16:\x1b[m\x1b[K \x1b[01;35m\x1b[Kwarning: \x1b[m\x1b[KISO C++ forbids zero-size array \xe2\x80\x98\x1b[01m\x1b[Kdata\x1b[m\x1b[K\xe2\x80\x99 [\x1b[01;35m\x1b[K\x1b]8;;https://gcc.gnu.org/onlinedocs/gcc/Warning-Options.html#index-Wpedantic\x07-Wpedantic\x1b]8;;\x07\x1b[m\x1b[K]\n'}
[101.080175] (sllidar_ros2) StderrLine: {'line': b'   66 |     sl_u8 data[\x1b[01;35m\x1b[K0\x1b[m\x1b[K];\n'}
[101.084867] (sllidar_ros2) StderrLine: {'line': b'      |                \x1b[01;35m\x1b[K^\x1b[m\x1b[K\n'}
[101.089910] (sllidar_ros2) StderrLine: {'line': b'In file included from \x1b[01m\x1b[K/home/arno/RoombaV2Onboard/src/sllidar_ros2/./sdk/include/rplidar_cmd.h:36\x1b[m\x1b[K,\n'}
[101.095176] (sllidar_ros2) StderrLine: {'line': b'                 from \x1b[01m\x1b[K/home/arno/RoombaV2Onboard/src/sllidar_ros2/./sdk/include/rplidar.h:40\x1b[m\x1b[K,\n'}
[101.098643] (sllidar_ros2) StderrLine: {'line': b'                 from \x1b[01m\x1b[K/home/arno/RoombaV2Onboard/src/sllidar_ros2/./sdk/src/sdkcommon.h:49\x1b[m\x1b[K,\n'}
[101.102326] (sllidar_ros2) StderrLine: {'line': b'                 from \x1b[01m\x1b[K/home/arno/RoombaV2Onboard/src/sllidar_ros2/sdk/src/dataunpacker/unpacker/../dataunnpacker_commondef.h:41\x1b[m\x1b[K,\n'}
[101.105735] (sllidar_ros2) StderrLine: {'line': b'                 from \x1b[01m\x1b[K/home/arno/RoombaV2Onboard/src/sllidar_ros2/sdk/src/dataunpacker/unpacker/handler_capsules.cpp:39\x1b[m\x1b[K:\n'}
[101.110173] (sllidar_ros2) StderrLine: {'line': b'\x1b[01m\x1b[K/home/arno/RoombaV2Onboard/src/sllidar_ros2/./sdk/include/sl_lidar_cmd.h:324:20:\x1b[m\x1b[K \x1b[01;35m\x1b[Kwarning: \x1b[m\x1b[KISO C++ forbids zero-size array \xe2\x80\x98\x1b[01m\x1b[Kpayload\x1b[m\x1b[K\xe2\x80\x99 [\x1b[01;35m\x1b[K\x1b]8;;https://gcc.gnu.org/onlinedocs/gcc/Warning-Options.html#index-Wpedantic\x07-Wpedantic\x1b]8;;\x07\x1b[m\x1b[K]\n'}
[101.113815] (sllidar_ros2) StderrLine: {'line': b'  324 |     sl_u8  payload[\x1b[01;35m\x1b[K0\x1b[m\x1b[K];\n'}
[101.117677] (sllidar_ros2) StderrLine: {'line': b'      |                    \x1b[01;35m\x1b[K^\x1b[m\x1b[K\n'}
[101.169507] (-) TimerEvent: {}
[101.270880] (-) TimerEvent: {}
[101.372477] (-) TimerEvent: {}
[101.475001] (-) TimerEvent: {}
[101.576858] (-) TimerEvent: {}
[101.679212] (-) TimerEvent: {}
[101.780583] (-) TimerEvent: {}
[101.882148] (-) TimerEvent: {}
[101.983646] (-) TimerEvent: {}
[102.084850] (-) TimerEvent: {}
[102.216352] (-) TimerEvent: {}
[102.317967] (-) TimerEvent: {}
[102.420064] (-) TimerEvent: {}
[102.522083] (-) TimerEvent: {}
[102.623942] (-) TimerEvent: {}
[102.630223] (sllidar_ros2) StderrLine: {'line': b'In file included from \x1b[01m\x1b[K/home/arno/RoombaV2Onboard/src/sllidar_ros2/sdk/src/dataunpacker/unpacker/handler_capsules.cpp:40\x1b[m\x1b[K:\n'}
[102.634045] (sllidar_ros2) StderrLine: {'line': b'\x1b[01m\x1b[K/home/arno/RoombaV2Onboard/src/sllidar_ros2/sdk/src/dataunpacker/unpacker/../dataunpacker.h:\x1b[m\x1b[K In member function \xe2\x80\x98\x1b[01m\x1b[Kvirtual void sl::internal::LIDARSampleDataListener::onCustomSampleDataDecoded(_u8, _u32, const void*, size_t)\x1b[m\x1b[K\xe2\x80\x99:\n'}
[102.645954] (sllidar_ros2) StderrLine: {'line': b'\x1b[01m\x1b[K/home/arno/RoombaV2Onboard/src/sllidar_ros2/sdk/src/dataunpacker/unpacker/../dataunpacker.h:54:52:\x1b[m\x1b[K \x1b[01;35m\x1b[Kwarning: \x1b[m\x1b[Kunused parameter \xe2\x80\x98\x1b[01m\x1b[KansType\x1b[m\x1b[K\xe2\x80\x99 [\x1b[01;35m\x1b[K\x1b]8;;https://gcc.gnu.org/onlinedocs/gcc/Warning-Options.html#index-Wunused-parameter\x07-Wunused-parameter\x1b]8;;\x07\x1b[m\x1b[K]\n'}
[102.647316] (sllidar_ros2) StderrLine: {'line': b'   54 |         virtual void onCustomSampleDataDecoded(\x1b[01;35m\x1b[K_u8 ansType\x1b[m\x1b[K, _u32 customCode, const void* data, size_t size) {}\n'}
[102.648779] (sllidar_ros2) StderrLine: {'line': b'      |                                                \x1b[01;35m\x1b[K~~~~^~~~~~~\x1b[m\x1b[K\n'}
[102.649910] (sllidar_ros2) StderrLine: {'line': b'\x1b[01m\x1b[K/home/arno/RoombaV2Onboard/src/sllidar_ros2/sdk/src/dataunpacker/unpacker/../dataunpacker.h:54:66:\x1b[m\x1b[K \x1b[01;35m\x1b[Kwarning: \x1b[m\x1b[Kunused parameter \xe2\x80\x98\x1b[01m\x1b[KcustomCode\x1b[m\x1b[K\xe2\x80\x99 [\x1b[01;35m\x1b[K\x1b]8;;https://gcc.gnu.org/onlinedocs/gcc/Warning-Options.html#index-Wunused-parameter\x07-Wunused-parameter\x1b]8;;\x07\x1b[m\x1b[K]\n'}
[102.651027] (sllidar_ros2) StderrLine: {'line': b'   54 |         virtual void onCustomSampleDataDecoded(_u8 ansType, \x1b[01;35m\x1b[K_u32 customCode\x1b[m\x1b[K, const void* data, size_t size) {}\n'}
[102.652240] (sllidar_ros2) StderrLine: {'line': b'      |                                                             \x1b[01;35m\x1b[K~~~~~^~~~~~~~~~\x1b[m\x1b[K\n'}
[102.653141] (sllidar_ros2) StderrLine: {'line': b'\x1b[01m\x1b[K/home/arno/RoombaV2Onboard/src/sllidar_ros2/sdk/src/dataunpacker/unpacker/../dataunpacker.h:54:90:\x1b[m\x1b[K \x1b[01;35m\x1b[Kwarning: \x1b[m\x1b[Kunused parameter \xe2\x80\x98\x1b[01m\x1b[Kdata\x1b[m\x1b[K\xe2\x80\x99 [\x1b[01;35m\x1b[K\x1b]8;;https://gcc.gnu.org/onlinedocs/gcc/Warning-Options.html#index-Wunused-parameter\x07-Wunused-parameter\x1b]8;;\x07\x1b[m\x1b[K]\n'}
[102.654334] (sllidar_ros2) StderrLine: {'line': b'   54 |         virtual void onCustomSampleDataDecoded(_u8 ansType, _u32 customCode, \x1b[01;35m\x1b[Kconst void* data\x1b[m\x1b[K, size_t size) {}\n'}
[102.655254] (sllidar_ros2) StderrLine: {'line': b'      |                                                                              \x1b[01;35m\x1b[K~~~~~~~~~~~~^~~~\x1b[m\x1b[K\n'}
[102.656335] (sllidar_ros2) StderrLine: {'line': b'\x1b[01m\x1b[K/home/arno/RoombaV2Onboard/src/sllidar_ros2/sdk/src/dataunpacker/unpacker/../dataunpacker.h:54:103:\x1b[m\x1b[K \x1b[01;35m\x1b[Kwarning: \x1b[m\x1b[Kunused parameter \xe2\x80\x98\x1b[01m\x1b[Ksize\x1b[m\x1b[K\xe2\x80\x99 [\x1b[01;35m\x1b[K\x1b]8;;https://gcc.gnu.org/onlinedocs/gcc/Warning-Options.html#index-Wunused-parameter\x07-Wunused-parameter\x1b]8;;\x07\x1b[m\x1b[K]\n'}
[102.657511] (sllidar_ros2) StderrLine: {'line': b'   54 |         virtual void onCustomSampleDataDecoded(_u8 ansType, _u32 customCode, const void* data, \x1b[01;35m\x1b[Ksize_t size\x1b[m\x1b[K) {}\n'}
[102.658488] (sllidar_ros2) StderrLine: {'line': b'      |                                                                                                \x1b[01;35m\x1b[K~~~~~~~^~~~\x1b[m\x1b[K\n'}
[102.659757] (sllidar_ros2) StderrLine: {'line': b'\x1b[01m\x1b[K/home/arno/RoombaV2Onboard/src/sllidar_ros2/sdk/src/dataunpacker/unpacker/../dataunpacker.h:\x1b[m\x1b[K In member function \xe2\x80\x98\x1b[01m\x1b[Kvirtual void sl::internal::LIDARSampleDataListener::onDecodingError(int, _u8, const void*, size_t)\x1b[m\x1b[K\xe2\x80\x99:\n'}
[102.661186] (sllidar_ros2) StderrLine: {'line': b'\x1b[01m\x1b[K/home/arno/RoombaV2Onboard/src/sllidar_ros2/sdk/src/dataunpacker/unpacker/../dataunpacker.h:56:42:\x1b[m\x1b[K \x1b[01;35m\x1b[Kwarning: \x1b[m\x1b[Kunused parameter \xe2\x80\x98\x1b[01m\x1b[KerrMsg\x1b[m\x1b[K\xe2\x80\x99 [\x1b[01;35m\x1b[K\x1b]8;;https://gcc.gnu.org/onlinedocs/gcc/Warning-Options.html#index-Wunused-parameter\x07-Wunused-parameter\x1b]8;;\x07\x1b[m\x1b[K]\n'}
[102.662374] (sllidar_ros2) StderrLine: {'line': b'   56 |         virtual void onDecodingError(\x1b[01;35m\x1b[Kint errMsg\x1b[m\x1b[K, _u8 ansType, const void* payload, size_t size) {}\n'}
[102.663744] (sllidar_ros2) StderrLine: {'line': b'      |                                      \x1b[01;35m\x1b[K~~~~^~~~~~\x1b[m\x1b[K\n'}
[102.665097] (sllidar_ros2) StderrLine: {'line': b'\x1b[01m\x1b[K/home/arno/RoombaV2Onboard/src/sllidar_ros2/sdk/src/dataunpacker/unpacker/../dataunpacker.h:56:54:\x1b[m\x1b[K \x1b[01;35m\x1b[Kwarning: \x1b[m\x1b[Kunused parameter \xe2\x80\x98\x1b[01m\x1b[KansType\x1b[m\x1b[K\xe2\x80\x99 [\x1b[01;35m\x1b[K\x1b]8;;https://gcc.gnu.org/onlinedocs/gcc/Warning-Options.html#index-Wunused-parameter\x07-Wunused-parameter\x1b]8;;\x07\x1b[m\x1b[K]\n'}
[102.666199] (sllidar_ros2) StderrLine: {'line': b'   56 |         virtual void onDecodingError(int errMsg, \x1b[01;35m\x1b[K_u8 ansType\x1b[m\x1b[K, const void* payload, size_t size) {}\n'}
[102.667182] (sllidar_ros2) StderrLine: {'line': b'      |                                                  \x1b[01;35m\x1b[K~~~~^~~~~~~\x1b[m\x1b[K\n'}
[102.668438] (sllidar_ros2) StderrLine: {'line': b'\x1b[01m\x1b[K/home/arno/RoombaV2Onboard/src/sllidar_ros2/sdk/src/dataunpacker/unpacker/../dataunpacker.h:56:75:\x1b[m\x1b[K \x1b[01;35m\x1b[Kwarning: \x1b[m\x1b[Kunused parameter \xe2\x80\x98\x1b[01m\x1b[Kpayload\x1b[m\x1b[K\xe2\x80\x99 [\x1b[01;35m\x1b[K\x1b]8;;https://gcc.gnu.org/onlinedocs/gcc/Warning-Options.html#index-Wunused-parameter\x07-Wunused-parameter\x1b]8;;\x07\x1b[m\x1b[K]\n'}
[102.677025] (sllidar_ros2) StderrLine: {'line': b'   56 |         virtual void onDecodingError(int errMsg, _u8 ansType, \x1b[01;35m\x1b[Kconst void* payload\x1b[m\x1b[K, size_t size) {}\n'}
[102.678723] (sllidar_ros2) StderrLine: {'line': b'      |                                                               \x1b[01;35m\x1b[K~~~~~~~~~~~~^~~~~~~\x1b[m\x1b[K\n'}
[102.679955] (sllidar_ros2) StderrLine: {'line': b'\x1b[01m\x1b[K/home/arno/RoombaV2Onboard/src/sllidar_ros2/sdk/src/dataunpacker/unpacker/../dataunpacker.h:56:91:\x1b[m\x1b[K \x1b[01;35m\x1b[Kwarning: \x1b[m\x1b[Kunused parameter \xe2\x80\x98\x1b[01m\x1b[Ksize\x1b[m\x1b[K\xe2\x80\x99 [\x1b[01;35m\x1b[K\x1b]8;;https://gcc.gnu.org/onlinedocs/gcc/Warning-Options.html#index-Wunused-parameter\x07-Wunused-parameter\x1b]8;;\x07\x1b[m\x1b[K]\n'}
[102.680905] (sllidar_ros2) StderrLine: {'line': b'   56 |         virtual void onDecodingError(int errMsg, _u8 ansType, const void* payload, \x1b[01;35m\x1b[Ksize_t size\x1b[m\x1b[K) {}\n'}
[102.681555] (sllidar_ros2) StderrLine: {'line': b'      |                                                                                    \x1b[01;35m\x1b[K~~~~~~~^~~~\x1b[m\x1b[K\n'}
[102.724229] (-) TimerEvent: {}
[102.727145] (sllidar_ros2) StderrLine: {'line': b'\x1b[01m\x1b[K/home/arno/RoombaV2Onboard/src/sllidar_ros2/sdk/src/dataunpacker/unpacker/handler_capsules.cpp:\x1b[m\x1b[K In member function \xe2\x80\x98\x1b[01m\x1b[Kvoid sl::internal::unpacker::UnpackerHandler_DenseCapsuleNode::_onScanNodeDenseCapsuleData(rplidar_response_dense_capsule_measurement_nodes_t&, sl::internal::LIDARSampleDataUnpackerInner*)\x1b[m\x1b[K\xe2\x80\x99:\n'}
[102.728647] (sllidar_ros2) StderrLine: {'line': b'\x1b[01m\x1b[K/home/arno/RoombaV2Onboard/src/sllidar_ros2/sdk/src/dataunpacker/unpacker/handler_capsules.cpp:763:30:\x1b[m\x1b[K \x1b[01;35m\x1b[Kwarning: \x1b[m\x1b[Ktype qualifiers ignored on cast result type [\x1b[01;35m\x1b[K\x1b]8;;https://gcc.gnu.org/onlinedocs/gcc/Warning-Options.html#index-Wignored-qualifiers\x07-Wignored-qualifiers\x1b]8;;\x07\x1b[m\x1b[K]\n'}
[102.731821] (sllidar_ros2) StderrLine: {'line': b'  763 |             const int dist = \x1b[01;35m\x1b[Kstatic_cast<const int>(_cached_previous_dense_capsuledata.cabins[pos].distance)\x1b[m\x1b[K;\n'}
[102.732973] (sllidar_ros2) StderrLine: {'line': b'      |                              \x1b[01;35m\x1b[K^~~~~~~~~~~~~~~~~~~~~~~~~~~~~~~~~~~~~~~~~~~~~~~~~~~~~~~~~~~~~~~~~~~~~~~~~~~~~~~\x1b[m\x1b[K\n'}
[102.824529] (-) TimerEvent: {}
[102.926761] (-) TimerEvent: {}
[103.028483] (-) TimerEvent: {}
[103.129972] (-) TimerEvent: {}
[103.231459] (-) TimerEvent: {}
[103.333331] (-) TimerEvent: {}
[103.435132] (-) TimerEvent: {}
[103.536641] (-) TimerEvent: {}
[103.640476] (-) TimerEvent: {}
[103.745323] (-) TimerEvent: {}
[103.847454] (-) TimerEvent: {}
[103.950924] (-) TimerEvent: {}
[104.053461] (-) TimerEvent: {}
[104.155643] (-) TimerEvent: {}
[104.259015] (-) TimerEvent: {}
[104.362226] (-) TimerEvent: {}
[104.463962] (-) TimerEvent: {}
[104.565423] (-) TimerEvent: {}
[104.666809] (-) TimerEvent: {}
[104.769969] (-) TimerEvent: {}
[104.873756] (-) TimerEvent: {}
[104.975895] (-) TimerEvent: {}
[105.077915] (-) TimerEvent: {}
[105.179887] (-) TimerEvent: {}
[105.281857] (-) TimerEvent: {}
[105.383741] (-) TimerEvent: {}
[105.485639] (-) TimerEvent: {}
[105.587823] (-) TimerEvent: {}
[105.692116] (-) TimerEvent: {}
[105.794087] (-) TimerEvent: {}
[105.896203] (-) TimerEvent: {}
[105.998218] (-) TimerEvent: {}
[106.100224] (-) TimerEvent: {}
[106.202271] (-) TimerEvent: {}
[106.304107] (-) TimerEvent: {}
[106.406113] (-) TimerEvent: {}
[106.508090] (-) TimerEvent: {}
[106.609795] (-) TimerEvent: {}
[106.711271] (-) TimerEvent: {}
[106.812655] (-) TimerEvent: {}
[106.914133] (-) TimerEvent: {}
[107.015848] (-) TimerEvent: {}
[107.117573] (-) TimerEvent: {}
[107.218977] (-) TimerEvent: {}
[107.320296] (-) TimerEvent: {}
[107.421575] (-) TimerEvent: {}
[107.522965] (-) TimerEvent: {}
[107.624286] (-) TimerEvent: {}
[107.726166] (-) TimerEvent: {}
[107.828860] (-) TimerEvent: {}
[107.930922] (-) TimerEvent: {}
[108.033118] (-) TimerEvent: {}
[108.135215] (-) TimerEvent: {}
[108.237350] (-) TimerEvent: {}
[108.339779] (-) TimerEvent: {}
[108.442084] (-) TimerEvent: {}
[108.544275] (-) TimerEvent: {}
[108.646585] (-) TimerEvent: {}
[108.748818] (-) TimerEvent: {}
[108.851253] (-) TimerEvent: {}
[108.953540] (-) TimerEvent: {}
[109.055645] (-) TimerEvent: {}
[109.157691] (-) TimerEvent: {}
[109.260468] (-) TimerEvent: {}
[109.368133] (-) TimerEvent: {}
[109.470240] (-) TimerEvent: {}
[109.575011] (-) TimerEvent: {}
[109.677167] (-) TimerEvent: {}
[109.779535] (-) TimerEvent: {}
[109.881087] (-) TimerEvent: {}
[109.982322] (-) TimerEvent: {}
[110.083762] (-) TimerEvent: {}
[110.184855] (-) TimerEvent: {}
[110.286066] (-) TimerEvent: {}
[110.387448] (-) TimerEvent: {}
[110.489440] (-) TimerEvent: {}
[110.591505] (-) TimerEvent: {}
[110.693944] (-) TimerEvent: {}
[110.797230] (-) TimerEvent: {}
[110.899659] (-) TimerEvent: {}
[111.001617] (-) TimerEvent: {}
[111.103718] (-) TimerEvent: {}
[111.206054] (-) TimerEvent: {}
[111.308179] (-) TimerEvent: {}
[111.410490] (-) TimerEvent: {}
[111.512829] (-) TimerEvent: {}
[111.614888] (-) TimerEvent: {}
[111.717092] (-) TimerEvent: {}
[111.819128] (-) TimerEvent: {}
[111.921014] (-) TimerEvent: {}
[112.023000] (-) TimerEvent: {}
[112.125272] (-) TimerEvent: {}
[112.227453] (-) TimerEvent: {}
[112.329913] (-) TimerEvent: {}
[112.431713] (-) TimerEvent: {}
[112.533539] (-) TimerEvent: {}
[112.635315] (-) TimerEvent: {}
[112.740246] (-) TimerEvent: {}
[112.843190] (-) TimerEvent: {}
[112.945285] (-) TimerEvent: {}
[113.049385] (-) TimerEvent: {}
[113.151327] (-) TimerEvent: {}
[113.253335] (-) TimerEvent: {}
[113.354517] (-) TimerEvent: {}
[113.455639] (-) TimerEvent: {}
[113.556782] (-) TimerEvent: {}
[113.657934] (-) TimerEvent: {}
[113.759293] (-) TimerEvent: {}
[113.860774] (-) TimerEvent: {}
[113.962771] (-) TimerEvent: {}
[114.066107] (-) TimerEvent: {}
[114.168609] (-) TimerEvent: {}
[114.271234] (-) TimerEvent: {}
[114.373281] (-) TimerEvent: {}
[114.477059] (-) TimerEvent: {}
[114.579365] (-) TimerEvent: {}
[114.682522] (-) TimerEvent: {}
[114.784675] (-) TimerEvent: {}
[114.886617] (-) TimerEvent: {}
[114.988642] (-) TimerEvent: {}
[115.090527] (-) TimerEvent: {}
[115.195330] (-) TimerEvent: {}
[115.300140] (-) TimerEvent: {}
[115.403075] (-) TimerEvent: {}
[115.505618] (-) TimerEvent: {}
[115.608984] (-) TimerEvent: {}
[115.710882] (-) TimerEvent: {}
[115.814282] (-) TimerEvent: {}
[115.916510] (-) TimerEvent: {}
[116.020718] (-) TimerEvent: {}
[116.123226] (-) TimerEvent: {}
[116.226040] (-) TimerEvent: {}
[116.329070] (-) TimerEvent: {}
[116.430929] (-) TimerEvent: {}
[116.532954] (-) TimerEvent: {}
[116.634637] (-) TimerEvent: {}
[116.736134] (-) TimerEvent: {}
[116.838055] (-) TimerEvent: {}
[116.939935] (-) TimerEvent: {}
[117.045323] (-) TimerEvent: {}
[117.147540] (-) TimerEvent: {}
[117.249597] (-) TimerEvent: {}
[117.354560] (-) TimerEvent: {}
[117.458786] (-) TimerEvent: {}
[117.562039] (-) TimerEvent: {}
[117.664257] (-) TimerEvent: {}
[117.766508] (-) TimerEvent: {}
[117.868878] (-) TimerEvent: {}
[117.971279] (-) TimerEvent: {}
[118.076146] (-) TimerEvent: {}
[118.181075] (-) TimerEvent: {}
[118.285185] (-) TimerEvent: {}
[118.389652] (-) TimerEvent: {}
[118.492828] (-) TimerEvent: {}
[118.597424] (-) TimerEvent: {}
[118.701423] (-) TimerEvent: {}
[118.805990] (-) TimerEvent: {}
[118.911387] (-) TimerEvent: {}
[119.015852] (-) TimerEvent: {}
[119.120899] (-) TimerEvent: {}
[119.226429] (-) TimerEvent: {}
[119.331220] (-) TimerEvent: {}
[119.435478] (-) TimerEvent: {}
[119.540005] (-) TimerEvent: {}
[119.642067] (-) TimerEvent: {}
[119.746481] (-) TimerEvent: {}
[119.850289] (-) TimerEvent: {}
[119.955241] (-) TimerEvent: {}
[120.058653] (-) TimerEvent: {}
[120.161577] (-) TimerEvent: {}
[120.266865] (-) TimerEvent: {}
[120.371483] (-) TimerEvent: {}
[120.476950] (-) TimerEvent: {}
[120.582281] (-) TimerEvent: {}
[120.687355] (-) TimerEvent: {}
[120.791994] (-) TimerEvent: {}
[120.903985] (-) TimerEvent: {}
[121.009157] (-) TimerEvent: {}
[121.117437] (-) TimerEvent: {}
[121.227789] (-) TimerEvent: {}
[121.332163] (-) TimerEvent: {}
[121.440062] (-) TimerEvent: {}
[121.552111] (-) TimerEvent: {}
[121.654465] (-) TimerEvent: {}
[121.756847] (-) TimerEvent: {}
[121.861304] (-) TimerEvent: {}
[121.963279] (-) TimerEvent: {}
[122.068036] (-) TimerEvent: {}
[122.173641] (-) TimerEvent: {}
[122.278666] (-) TimerEvent: {}
[122.391044] (-) TimerEvent: {}
[122.503968] (-) TimerEvent: {}
[122.614792] (-) TimerEvent: {}
[122.730180] (-) TimerEvent: {}
[122.835520] (-) TimerEvent: {}
[122.940543] (-) TimerEvent: {}
[123.045701] (-) TimerEvent: {}
[123.148282] (-) TimerEvent: {}
[123.253584] (-) TimerEvent: {}
[123.358452] (-) TimerEvent: {}
[123.460044] (-) TimerEvent: {}
[123.566084] (-) TimerEvent: {}
[123.669175] (-) TimerEvent: {}
[123.771471] (-) TimerEvent: {}
[123.877510] (-) TimerEvent: {}
[123.991715] (-) TimerEvent: {}
[124.096602] (-) TimerEvent: {}
[124.211836] (-) TimerEvent: {}
[124.314938] (-) TimerEvent: {}
[124.417084] (-) TimerEvent: {}
[124.519397] (-) TimerEvent: {}
[124.622125] (-) TimerEvent: {}
[124.726946] (-) TimerEvent: {}
[124.832022] (-) TimerEvent: {}
[124.935330] (-) TimerEvent: {}
[125.038920] (-) TimerEvent: {}
[125.141080] (-) TimerEvent: {}
[125.243241] (-) TimerEvent: {}
[125.346107] (-) TimerEvent: {}
[125.449780] (-) TimerEvent: {}
[125.556585] (-) TimerEvent: {}
[125.667644] (-) TimerEvent: {}
[125.771985] (-) TimerEvent: {}
[125.876047] (-) TimerEvent: {}
[125.984773] (-) TimerEvent: {}
[126.086978] (-) TimerEvent: {}
[126.190713] (-) TimerEvent: {}
[126.293128] (-) TimerEvent: {}
[126.395866] (-) TimerEvent: {}
[126.498015] (-) TimerEvent: {}
[126.600053] (-) TimerEvent: {}
[126.706005] (-) TimerEvent: {}
[126.810886] (-) TimerEvent: {}
[126.913270] (-) TimerEvent: {}
[127.017716] (-) TimerEvent: {}
[127.122423] (-) TimerEvent: {}
[127.228169] (-) TimerEvent: {}
[127.332772] (-) TimerEvent: {}
[127.440185] (-) TimerEvent: {}
[127.546208] (-) TimerEvent: {}
[127.649426] (-) TimerEvent: {}
[127.751209] (-) TimerEvent: {}
[127.852836] (-) TimerEvent: {}
[127.954689] (-) TimerEvent: {}
[128.056568] (-) TimerEvent: {}
[128.158417] (-) TimerEvent: {}
[128.261081] (-) TimerEvent: {}
[128.363406] (-) TimerEvent: {}
[128.465044] (-) TimerEvent: {}
[128.569120] (-) TimerEvent: {}
[128.673945] (-) TimerEvent: {}
[128.777000] (-) TimerEvent: {}
[128.882885] (-) TimerEvent: {}
[128.989042] (-) TimerEvent: {}
[129.093988] (-) TimerEvent: {}
[129.195940] (-) TimerEvent: {}
[129.297980] (-) TimerEvent: {}
[129.399827] (-) TimerEvent: {}
[129.500911] (-) TimerEvent: {}
[129.602254] (-) TimerEvent: {}
[129.704495] (-) TimerEvent: {}
[129.805812] (-) TimerEvent: {}
[129.907674] (-) TimerEvent: {}
[130.009525] (-) TimerEvent: {}
[130.111520] (-) TimerEvent: {}
[130.213401] (-) TimerEvent: {}
[130.315373] (-) TimerEvent: {}
[130.416986] (-) TimerEvent: {}
[130.518709] (-) TimerEvent: {}
[130.620161] (-) TimerEvent: {}
[130.721721] (-) TimerEvent: {}
[130.824218] (-) TimerEvent: {}
[130.927139] (-) TimerEvent: {}
[131.029551] (-) TimerEvent: {}
[131.131818] (-) TimerEvent: {}
[131.234230] (-) TimerEvent: {}
[131.337235] (-) TimerEvent: {}
[131.443009] (-) TimerEvent: {}
[131.547438] (-) TimerEvent: {}
[131.651623] (-) TimerEvent: {}
[131.753796] (-) TimerEvent: {}
[131.856960] (-) TimerEvent: {}
[131.959268] (-) TimerEvent: {}
[132.061492] (-) TimerEvent: {}
[132.163333] (-) TimerEvent: {}
[132.264503] (-) TimerEvent: {}
[132.366015] (-) TimerEvent: {}
[132.467937] (-) TimerEvent: {}
[132.570226] (-) TimerEvent: {}
[132.673781] (-) TimerEvent: {}
[132.775953] (-) TimerEvent: {}
[132.881600] (-) TimerEvent: {}
[132.986436] (-) TimerEvent: {}
[133.088808] (-) TimerEvent: {}
[133.190948] (-) TimerEvent: {}
[133.292397] (-) TimerEvent: {}
[133.393774] (-) TimerEvent: {}
[133.495479] (-) TimerEvent: {}
[133.597522] (-) TimerEvent: {}
[133.701130] (-) TimerEvent: {}
[133.803245] (-) TimerEvent: {}
[133.905120] (-) TimerEvent: {}
[134.007637] (-) TimerEvent: {}
[134.110915] (-) TimerEvent: {}
[134.212699] (-) TimerEvent: {}
[134.314197] (-) TimerEvent: {}
[134.415515] (-) TimerEvent: {}
[134.517055] (-) TimerEvent: {}
[134.618662] (-) TimerEvent: {}
[134.723640] (-) TimerEvent: {}
[134.828330] (-) TimerEvent: {}
[134.932807] (-) TimerEvent: {}
[135.037065] (-) TimerEvent: {}
[135.141378] (-) TimerEvent: {}
[135.245819] (-) TimerEvent: {}
[135.350810] (-) TimerEvent: {}
[135.454709] (-) TimerEvent: {}
[135.556802] (-) TimerEvent: {}
[135.659073] (-) TimerEvent: {}
[135.763926] (-) TimerEvent: {}
[135.869173] (-) TimerEvent: {}
[135.977521] (-) TimerEvent: {}
[136.079332] (-) TimerEvent: {}
[136.188782] (-) TimerEvent: {}
[136.291970] (-) TimerEvent: {}
[136.394566] (-) TimerEvent: {}
[136.496783] (-) TimerEvent: {}
[136.598682] (-) TimerEvent: {}
[136.700958] (-) TimerEvent: {}
[136.804601] (-) TimerEvent: {}
[136.924153] (-) TimerEvent: {}
[137.026739] (-) TimerEvent: {}
[137.129572] (-) TimerEvent: {}
[137.240039] (-) TimerEvent: {}
[137.342868] (-) TimerEvent: {}
[137.447762] (-) TimerEvent: {}
[137.551780] (-) TimerEvent: {}
[137.656187] (-) TimerEvent: {}
[137.758473] (-) TimerEvent: {}
[137.861951] (-) TimerEvent: {}
[137.963673] (-) TimerEvent: {}
[138.065073] (-) TimerEvent: {}
[138.166522] (-) TimerEvent: {}
[138.268064] (-) TimerEvent: {}
[138.369493] (-) TimerEvent: {}
[138.471181] (-) TimerEvent: {}
[138.573434] (-) TimerEvent: {}
[138.675394] (-) TimerEvent: {}
[138.777516] (-) TimerEvent: {}
[138.879478] (-) TimerEvent: {}
[138.981270] (-) TimerEvent: {}
[139.082968] (-) TimerEvent: {}
[139.184309] (-) TimerEvent: {}
[139.285637] (-) TimerEvent: {}
[139.387689] (-) TimerEvent: {}
[139.489689] (-) TimerEvent: {}
[139.591703] (-) TimerEvent: {}
[139.694043] (-) TimerEvent: {}
[139.796049] (-) TimerEvent: {}
[139.897766] (-) TimerEvent: {}
[139.998974] (-) TimerEvent: {}
[140.100605] (-) TimerEvent: {}
[140.202160] (-) TimerEvent: {}
[140.303513] (-) TimerEvent: {}
[140.405384] (-) TimerEvent: {}
[140.507378] (-) TimerEvent: {}
[140.610003] (-) TimerEvent: {}
[140.714840] (-) TimerEvent: {}
[140.816837] (-) TimerEvent: {}
[140.918362] (-) TimerEvent: {}
[141.019896] (-) TimerEvent: {}
[141.121518] (-) TimerEvent: {}
[141.226487] (-) TimerEvent: {}
[141.328025] (-) TimerEvent: {}
[141.429562] (-) TimerEvent: {}
[141.531098] (-) TimerEvent: {}
[141.632702] (-) TimerEvent: {}
[141.734212] (-) TimerEvent: {}
[141.835712] (-) TimerEvent: {}
[141.937400] (-) TimerEvent: {}
[142.039976] (-) TimerEvent: {}
[142.141502] (-) TimerEvent: {}
[142.242979] (-) TimerEvent: {}
[142.344597] (-) TimerEvent: {}
[142.446234] (-) TimerEvent: {}
[142.547879] (-) TimerEvent: {}
[142.650225] (-) TimerEvent: {}
[142.751793] (-) TimerEvent: {}
[142.853346] (-) TimerEvent: {}
[142.954841] (-) TimerEvent: {}
[143.056417] (-) TimerEvent: {}
[143.157916] (-) TimerEvent: {}
[143.259592] (-) TimerEvent: {}
[143.361104] (-) TimerEvent: {}
[143.462740] (-) TimerEvent: {}
[143.564407] (-) TimerEvent: {}
[143.665672] (-) TimerEvent: {}
[143.767356] (-) TimerEvent: {}
[143.869125] (-) TimerEvent: {}
[143.970706] (-) TimerEvent: {}
[144.072435] (-) TimerEvent: {}
[144.173959] (-) TimerEvent: {}
[144.275591] (-) TimerEvent: {}
[144.377185] (-) TimerEvent: {}
[144.478606] (-) TimerEvent: {}
[144.580262] (-) TimerEvent: {}
[144.684338] (-) TimerEvent: {}
[144.785850] (-) TimerEvent: {}
[144.887296] (-) TimerEvent: {}
[144.988882] (-) TimerEvent: {}
[145.090370] (-) TimerEvent: {}
[145.192130] (-) TimerEvent: {}
[145.293559] (-) TimerEvent: {}
[145.395067] (-) TimerEvent: {}
[145.497184] (-) TimerEvent: {}
[145.598626] (-) TimerEvent: {}
[145.700611] (-) TimerEvent: {}
[145.802143] (-) TimerEvent: {}
[145.903827] (-) TimerEvent: {}
[146.005417] (-) TimerEvent: {}
[146.106861] (-) TimerEvent: {}
[146.208509] (-) TimerEvent: {}
[146.310483] (-) TimerEvent: {}
[146.412210] (-) TimerEvent: {}
[146.514502] (-) TimerEvent: {}
[146.616702] (-) TimerEvent: {}
[146.719910] (-) TimerEvent: {}
[146.821173] (-) TimerEvent: {}
[146.922772] (-) TimerEvent: {}
[147.024150] (-) TimerEvent: {}
[147.125444] (-) TimerEvent: {}
[147.226975] (-) TimerEvent: {}
[147.329100] (-) TimerEvent: {}
[147.431002] (-) TimerEvent: {}
[147.533019] (-) TimerEvent: {}
[147.635454] (-) TimerEvent: {}
[147.737050] (-) TimerEvent: {}
[147.838589] (-) TimerEvent: {}
[147.940318] (-) TimerEvent: {}
[148.042111] (-) TimerEvent: {}
[148.143467] (-) TimerEvent: {}
[148.245200] (-) TimerEvent: {}
[148.346984] (-) TimerEvent: {}
[148.449891] (-) TimerEvent: {}
[148.551058] (-) TimerEvent: {}
[148.652674] (-) TimerEvent: {}
[148.755132] (-) TimerEvent: {}
[148.857306] (-) TimerEvent: {}
[148.959608] (-) TimerEvent: {}
[149.061583] (-) TimerEvent: {}
[149.163429] (-) TimerEvent: {}
[149.264809] (-) TimerEvent: {}
[149.366160] (-) TimerEvent: {}
[149.467869] (-) TimerEvent: {}
[149.569264] (-) TimerEvent: {}
[149.670701] (-) TimerEvent: {}
[149.771871] (-) TimerEvent: {}
[149.873368] (-) TimerEvent: {}
[149.974733] (-) TimerEvent: {}
[150.076399] (-) TimerEvent: {}
[150.178007] (-) TimerEvent: {}
[150.279670] (-) TimerEvent: {}
[150.381187] (-) TimerEvent: {}
[150.482628] (-) TimerEvent: {}
[150.584196] (-) TimerEvent: {}
[150.685627] (-) TimerEvent: {}
[150.786979] (-) TimerEvent: {}
[150.888381] (-) TimerEvent: {}
[150.990043] (-) TimerEvent: {}
[151.091508] (-) TimerEvent: {}
[151.193286] (-) TimerEvent: {}
[151.294639] (-) TimerEvent: {}
[151.396022] (-) TimerEvent: {}
[151.497489] (-) TimerEvent: {}
[151.599014] (-) TimerEvent: {}
[151.700644] (-) TimerEvent: {}
[151.802117] (-) TimerEvent: {}
[151.903711] (-) TimerEvent: {}
[152.005264] (-) TimerEvent: {}
[152.106849] (-) TimerEvent: {}
[152.209302] (-) TimerEvent: {}
[152.310739] (-) TimerEvent: {}
[152.412232] (-) TimerEvent: {}
[152.513616] (-) TimerEvent: {}
[152.615018] (-) TimerEvent: {}
[152.722041] (-) TimerEvent: {}
[152.880565] (-) TimerEvent: {}
[152.994010] (-) TimerEvent: {}
[153.095442] (-) TimerEvent: {}
[153.197091] (-) TimerEvent: {}
[153.298546] (-) TimerEvent: {}
[153.399962] (-) TimerEvent: {}
[153.501410] (-) TimerEvent: {}
[153.602608] (-) TimerEvent: {}
[153.704275] (-) TimerEvent: {}
[153.805785] (-) TimerEvent: {}
[153.907881] (-) TimerEvent: {}
[154.009365] (-) TimerEvent: {}
[154.110602] (-) TimerEvent: {}
[154.212077] (-) TimerEvent: {}
[154.313799] (-) TimerEvent: {}
[154.416062] (-) TimerEvent: {}
[154.518013] (-) TimerEvent: {}
[154.619465] (-) TimerEvent: {}
[154.721084] (-) TimerEvent: {}
[154.822440] (-) TimerEvent: {}
[154.923953] (-) TimerEvent: {}
[155.026984] (-) TimerEvent: {}
[155.129036] (-) TimerEvent: {}
[155.231082] (-) TimerEvent: {}
[155.333158] (-) TimerEvent: {}
[155.435476] (-) TimerEvent: {}
[155.536866] (-) TimerEvent: {}
[155.638210] (-) TimerEvent: {}
[155.739716] (-) TimerEvent: {}
[155.841238] (-) TimerEvent: {}
[155.969824] (-) TimerEvent: {}
[156.071837] (-) TimerEvent: {}
[156.173414] (-) TimerEvent: {}
[156.274761] (-) TimerEvent: {}
[156.376241] (-) TimerEvent: {}
[156.478166] (-) TimerEvent: {}
[156.579407] (-) TimerEvent: {}
[156.680808] (-) TimerEvent: {}
[156.782345] (-) TimerEvent: {}
[156.883796] (-) TimerEvent: {}
[156.985246] (-) TimerEvent: {}
[157.087131] (-) TimerEvent: {}
[157.188923] (-) TimerEvent: {}
[157.290546] (-) TimerEvent: {}
[157.392054] (-) TimerEvent: {}
[157.493462] (-) TimerEvent: {}
[157.595054] (-) TimerEvent: {}
[157.696657] (-) TimerEvent: {}
[157.798035] (-) TimerEvent: {}
[157.900361] (-) TimerEvent: {}
[158.003270] (-) TimerEvent: {}
[158.104586] (-) TimerEvent: {}
[158.206053] (-) TimerEvent: {}
[158.307367] (-) TimerEvent: {}
[158.408979] (-) TimerEvent: {}
[158.511014] (-) TimerEvent: {}
[158.612544] (-) TimerEvent: {}
[158.714025] (-) TimerEvent: {}
[158.815632] (-) TimerEvent: {}
[158.917084] (-) TimerEvent: {}
[159.018606] (-) TimerEvent: {}
[159.120146] (-) TimerEvent: {}
[159.221523] (-) TimerEvent: {}
[159.322976] (-) TimerEvent: {}
[159.424551] (-) TimerEvent: {}
[159.526156] (-) TimerEvent: {}
[159.627593] (-) TimerEvent: {}
[159.729077] (-) TimerEvent: {}
[159.830923] (-) TimerEvent: {}
[159.932424] (-) TimerEvent: {}
[160.033941] (-) TimerEvent: {}
[160.135253] (-) TimerEvent: {}
[160.236590] (-) TimerEvent: {}
[160.338105] (-) TimerEvent: {}
[160.439976] (-) TimerEvent: {}
[160.542164] (-) TimerEvent: {}
[160.645820] (-) TimerEvent: {}
[160.747369] (-) TimerEvent: {}
[160.848789] (-) TimerEvent: {}
[160.950408] (-) TimerEvent: {}
[161.052041] (-) TimerEvent: {}
[161.153460] (-) TimerEvent: {}
[161.254889] (-) TimerEvent: {}
[161.356488] (-) TimerEvent: {}
[161.458153] (-) TimerEvent: {}
[161.560837] (-) TimerEvent: {}
[161.662582] (-) TimerEvent: {}
[161.764335] (-) TimerEvent: {}
[161.865859] (-) TimerEvent: {}
[161.967387] (-) TimerEvent: {}
[162.069006] (-) TimerEvent: {}
[162.170517] (-) TimerEvent: {}
[162.272062] (-) TimerEvent: {}
[162.373554] (-) TimerEvent: {}
[162.474921] (-) TimerEvent: {}
[162.576190] (-) TimerEvent: {}
[162.677640] (-) TimerEvent: {}
[162.783246] (-) TimerEvent: {}
[162.885590] (-) TimerEvent: {}
[162.988480] (-) TimerEvent: {}
[163.090517] (-) TimerEvent: {}
[163.192982] (-) TimerEvent: {}
[163.294361] (-) TimerEvent: {}
[163.396320] (-) TimerEvent: {}
[163.497722] (-) TimerEvent: {}
[163.599260] (-) TimerEvent: {}
[163.700669] (-) TimerEvent: {}
[163.801995] (-) TimerEvent: {}
[163.903341] (-) TimerEvent: {}
[164.005370] (-) TimerEvent: {}
[164.107960] (-) TimerEvent: {}
[164.209810] (-) TimerEvent: {}
[164.311641] (-) TimerEvent: {}
[164.413536] (-) TimerEvent: {}
[164.522243] (-) TimerEvent: {}
[164.624131] (-) TimerEvent: {}
[164.725814] (-) TimerEvent: {}
[164.826954] (-) TimerEvent: {}
[164.928346] (-) TimerEvent: {}
[165.029701] (-) TimerEvent: {}
[165.131953] (-) TimerEvent: {}
[165.233734] (-) TimerEvent: {}
[165.335090] (-) TimerEvent: {}
[165.436572] (-) TimerEvent: {}
[165.537932] (-) TimerEvent: {}
[165.640161] (-) TimerEvent: {}
[165.742971] (-) TimerEvent: {}
[165.844588] (-) TimerEvent: {}
[165.946132] (-) TimerEvent: {}
[166.047859] (-) TimerEvent: {}
[166.149398] (-) TimerEvent: {}
[166.250917] (-) TimerEvent: {}
[166.353420] (-) TimerEvent: {}
[166.457612] (-) TimerEvent: {}
[166.560335] (-) TimerEvent: {}
[166.666238] (-) TimerEvent: {}
[166.770136] (-) TimerEvent: {}
[166.872026] (-) TimerEvent: {}
[166.973929] (-) TimerEvent: {}
[167.076094] (-) TimerEvent: {}
[167.178286] (-) TimerEvent: {}
[167.280085] (-) TimerEvent: {}
[167.406737] (sllidar_ros2) StderrLine: {'line': b'In file included from \x1b[01m\x1b[K/home/arno/RoombaV2Onboard/src/sllidar_ros2/./sdk/include/sl_lidar_cmd.h:41\x1b[m\x1b[K,\n'}
[168.061241] (-) TimerEvent: {}
[168.065413] (sllidar_ros2) StderrLine: {'line': b'                 from \x1b[01m\x1b[K/home/arno/RoombaV2Onboard/src/sllidar_ros2/./sdk/include/sl_lidar_driver.h:54\x1b[m\x1b[K,\n'}
[168.072883] (sllidar_ros2) StderrLine: {'line': b'                 from \x1b[01m\x1b[K/home/arno/RoombaV2Onboard/src/sllidar_ros2/./sdk/include/sl_lidar.h:36\x1b[m\x1b[K,\n'}
[168.074995] (sllidar_ros2) StderrLine: {'line': b'                 from \x1b[01m\x1b[K/home/arno/RoombaV2Onboard/src/sllidar_ros2/src/sllidar_node.cpp:38\x1b[m\x1b[K:\n'}
[168.080524] (sllidar_ros2) StderrLine: {'line': b'\x1b[01m\x1b[K/home/arno/RoombaV2Onboard/src/sllidar_ros2/./sdk/include/sl_lidar_protocol.h:66:16:\x1b[m\x1b[K \x1b[01;35m\x1b[Kwarning: \x1b[m\x1b[KISO C++ forbids zero-size array \xe2\x80\x98\x1b[01m\x1b[Kdata\x1b[m\x1b[K\xe2\x80\x99 [\x1b[01;35m\x1b[K\x1b]8;;https://gcc.gnu.org/onlinedocs/gcc/Warning-Options.html#index-Wpedantic\x07-Wpedantic\x1b]8;;\x07\x1b[m\x1b[K]\n'}
[168.088707] (sllidar_ros2) StderrLine: {'line': b'   66 |     sl_u8 data[\x1b[01;35m\x1b[K0\x1b[m\x1b[K];\n'}
[168.090726] (sllidar_ros2) StderrLine: {'line': b'      |                \x1b[01;35m\x1b[K^\x1b[m\x1b[K\n'}
[168.093278] (sllidar_ros2) StderrLine: {'line': b'In file included from \x1b[01m\x1b[K/home/arno/RoombaV2Onboard/src/sllidar_ros2/./sdk/include/sl_lidar_driver.h:54\x1b[m\x1b[K,\n'}
[168.095816] (sllidar_ros2) StderrLine: {'line': b'                 from \x1b[01m\x1b[K/home/arno/RoombaV2Onboard/src/sllidar_ros2/./sdk/include/sl_lidar.h:36\x1b[m\x1b[K,\n'}
[168.098016] (sllidar_ros2) StderrLine: {'line': b'                 from \x1b[01m\x1b[K/home/arno/RoombaV2Onboard/src/sllidar_ros2/src/sllidar_node.cpp:38\x1b[m\x1b[K:\n'}
[168.100243] (sllidar_ros2) StderrLine: {'line': b'\x1b[01m\x1b[K/home/arno/RoombaV2Onboard/src/sllidar_ros2/./sdk/include/sl_lidar_cmd.h:324:20:\x1b[m\x1b[K \x1b[01;35m\x1b[Kwarning: \x1b[m\x1b[KISO C++ forbids zero-size array \xe2\x80\x98\x1b[01m\x1b[Kpayload\x1b[m\x1b[K\xe2\x80\x99 [\x1b[01;35m\x1b[K\x1b]8;;https://gcc.gnu.org/onlinedocs/gcc/Warning-Options.html#index-Wpedantic\x07-Wpedantic\x1b]8;;\x07\x1b[m\x1b[K]\n'}
[168.102665] (sllidar_ros2) StderrLine: {'line': b'  324 |     sl_u8  payload[\x1b[01;35m\x1b[K0\x1b[m\x1b[K];\n'}
[168.104915] (sllidar_ros2) StderrLine: {'line': b'      |                    \x1b[01;35m\x1b[K^\x1b[m\x1b[K\n'}
[168.163015] (-) TimerEvent: {}
[168.268361] (-) TimerEvent: {}
[168.371068] (-) TimerEvent: {}
[168.473741] (-) TimerEvent: {}
[168.575225] (-) TimerEvent: {}
[168.676808] (-) TimerEvent: {}
[168.778403] (-) TimerEvent: {}
[168.880119] (-) TimerEvent: {}
[168.981574] (-) TimerEvent: {}
[169.083335] (-) TimerEvent: {}
[169.185161] (-) TimerEvent: {}
[169.286530] (-) TimerEvent: {}
[169.388282] (-) TimerEvent: {}
[169.490094] (-) TimerEvent: {}
[169.591697] (-) TimerEvent: {}
[169.693244] (-) TimerEvent: {}
[169.795848] (-) TimerEvent: {}
[169.897527] (-) TimerEvent: {}
[169.999284] (-) TimerEvent: {}
[170.100776] (-) TimerEvent: {}
[170.202392] (-) TimerEvent: {}
[170.304032] (-) TimerEvent: {}
[170.406054] (-) TimerEvent: {}
[170.507944] (-) TimerEvent: {}
[170.609943] (-) TimerEvent: {}
[170.711791] (-) TimerEvent: {}
[170.813559] (-) TimerEvent: {}
[170.915398] (-) TimerEvent: {}
[171.017096] (-) TimerEvent: {}
[171.118662] (-) TimerEvent: {}
[171.220350] (-) TimerEvent: {}
[171.322421] (-) TimerEvent: {}
[171.423604] (-) TimerEvent: {}
[171.524932] (-) TimerEvent: {}
[171.626421] (-) TimerEvent: {}
[171.728953] (-) TimerEvent: {}
[171.830223] (-) TimerEvent: {}
[171.931720] (-) TimerEvent: {}
[172.033156] (-) TimerEvent: {}
[172.134585] (-) TimerEvent: {}
[172.235826] (-) TimerEvent: {}
[172.337019] (-) TimerEvent: {}
[172.438581] (-) TimerEvent: {}
[172.540174] (-) TimerEvent: {}
[172.641730] (-) TimerEvent: {}
[172.743430] (-) TimerEvent: {}
[172.845190] (-) TimerEvent: {}
[172.946825] (-) TimerEvent: {}
[173.048375] (-) TimerEvent: {}
[173.149744] (-) TimerEvent: {}
[173.251343] (-) TimerEvent: {}
[173.353007] (-) TimerEvent: {}
[173.454446] (-) TimerEvent: {}
[173.556268] (-) TimerEvent: {}
[173.657768] (-) TimerEvent: {}
[173.759297] (-) TimerEvent: {}
[173.860967] (-) TimerEvent: {}
[173.962277] (-) TimerEvent: {}
[174.063973] (-) TimerEvent: {}
[174.165409] (-) TimerEvent: {}
[174.267622] (-) TimerEvent: {}
[174.369301] (-) TimerEvent: {}
[174.471537] (-) TimerEvent: {}
[174.573673] (-) TimerEvent: {}
[174.675210] (-) TimerEvent: {}
[174.776865] (-) TimerEvent: {}
[174.878492] (-) TimerEvent: {}
[174.980006] (-) TimerEvent: {}
[175.081543] (-) TimerEvent: {}
[175.183115] (-) TimerEvent: {}
[175.284647] (-) TimerEvent: {}
[175.386247] (-) TimerEvent: {}
[175.488227] (-) TimerEvent: {}
[175.589799] (-) TimerEvent: {}
[175.691530] (-) TimerEvent: {}
[175.793134] (-) TimerEvent: {}
[175.894325] (-) TimerEvent: {}
[175.995833] (-) TimerEvent: {}
[176.097346] (-) TimerEvent: {}
[176.198924] (-) TimerEvent: {}
[176.300713] (-) TimerEvent: {}
[176.402709] (-) TimerEvent: {}
[176.504056] (-) TimerEvent: {}
[176.605532] (-) TimerEvent: {}
[176.706872] (-) TimerEvent: {}
[176.808578] (-) TimerEvent: {}
[176.910231] (-) TimerEvent: {}
[177.042838] (-) TimerEvent: {}
[177.144891] (-) TimerEvent: {}
[177.246934] (-) TimerEvent: {}
[177.349168] (-) TimerEvent: {}
[177.451524] (-) TimerEvent: {}
[177.554963] (-) TimerEvent: {}
[177.656808] (-) TimerEvent: {}
[177.758419] (-) TimerEvent: {}
[177.859887] (-) TimerEvent: {}
[177.961502] (-) TimerEvent: {}
[178.123958] (-) TimerEvent: {}
[178.231521] (sllidar_ros2) StdoutLine: {'line': b'[ 45%] \x1b[32mBuilding CXX object CMakeFiles/sllidar_node.dir/sdk/src/dataunpacker/unpacker/handler_hqnode.cpp.o\x1b[0m\n'}
[178.425378] (-) TimerEvent: {}
[178.426981] (sllidar_ros2) StdoutLine: {'line': b'[ 45%] \x1b[32mBuilding CXX object CMakeFiles/sllidar_node.dir/sdk/src/dataunpacker/unpacker/handler_normalnode.cpp.o\x1b[0m\n'}
[178.525842] (-) TimerEvent: {}
[178.628217] (-) TimerEvent: {}
[178.730255] (-) TimerEvent: {}
[178.832463] (-) TimerEvent: {}
[178.934891] (-) TimerEvent: {}
[179.037659] (-) TimerEvent: {}
[179.139266] (-) TimerEvent: {}
[179.242609] (-) TimerEvent: {}
[179.347051] (-) TimerEvent: {}
[179.450441] (-) TimerEvent: {}
[179.552598] (-) TimerEvent: {}
[179.656838] (-) TimerEvent: {}
[179.760975] (-) TimerEvent: {}
[179.863149] (-) TimerEvent: {}
[179.965373] (-) TimerEvent: {}
[180.069716] (-) TimerEvent: {}
[180.173846] (-) TimerEvent: {}
[180.276083] (-) TimerEvent: {}
[180.381068] (-) TimerEvent: {}
[180.486057] (-) TimerEvent: {}
[180.589919] (-) TimerEvent: {}
[180.694444] (-) TimerEvent: {}
[180.799842] (-) TimerEvent: {}
[180.904654] (-) TimerEvent: {}
[181.009149] (-) TimerEvent: {}
[181.114284] (-) TimerEvent: {}
[181.219249] (-) TimerEvent: {}
[181.323842] (-) TimerEvent: {}
[181.430219] (-) TimerEvent: {}
[181.532426] (-) TimerEvent: {}
[181.634882] (-) TimerEvent: {}
[181.737349] (-) TimerEvent: {}
[181.839138] (-) TimerEvent: {}
[181.940981] (-) TimerEvent: {}
[182.043035] (-) TimerEvent: {}
[182.147644] (-) TimerEvent: {}
[182.252117] (-) TimerEvent: {}
[182.356484] (-) TimerEvent: {}
[182.460899] (-) TimerEvent: {}
[182.565233] (-) TimerEvent: {}
[182.669715] (-) TimerEvent: {}
[182.774076] (-) TimerEvent: {}
[182.875435] (-) TimerEvent: {}
[183.067870] (-) TimerEvent: {}
[183.227902] (-) TimerEvent: {}
[183.362250] (-) TimerEvent: {}
[183.500486] (-) TimerEvent: {}
[183.610197] (-) TimerEvent: {}
[183.712692] (-) TimerEvent: {}
[183.814624] (-) TimerEvent: {}
[183.916555] (-) TimerEvent: {}
[184.018196] (-) TimerEvent: {}
[184.119659] (-) TimerEvent: {}
[184.221825] (-) TimerEvent: {}
[184.328876] (-) TimerEvent: {}
[184.433393] (-) TimerEvent: {}
[184.535337] (-) TimerEvent: {}
[184.637266] (-) TimerEvent: {}
[184.739031] (-) TimerEvent: {}
[184.840862] (-) TimerEvent: {}
[184.942498] (-) TimerEvent: {}
[185.044639] (-) TimerEvent: {}
[185.147053] (-) TimerEvent: {}
[185.249519] (-) TimerEvent: {}
[185.351997] (-) TimerEvent: {}
[185.456169] (-) TimerEvent: {}
[185.558224] (-) TimerEvent: {}
[185.662320] (-) TimerEvent: {}
[185.767524] (-) TimerEvent: {}
[185.872345] (-) TimerEvent: {}
[185.975210] (-) TimerEvent: {}
[186.077195] (-) TimerEvent: {}
[186.179046] (-) TimerEvent: {}
[186.281419] (-) TimerEvent: {}
[186.383410] (-) TimerEvent: {}
[186.485209] (-) TimerEvent: {}
[186.586847] (-) TimerEvent: {}
[186.691868] (-) TimerEvent: {}
[186.794079] (-) TimerEvent: {}
[186.898204] (-) TimerEvent: {}
[187.000711] (-) TimerEvent: {}
[187.103027] (-) TimerEvent: {}
[187.205233] (-) TimerEvent: {}
[187.308532] (-) TimerEvent: {}
[187.411053] (-) TimerEvent: {}
[187.516256] (-) TimerEvent: {}
[187.621168] (-) TimerEvent: {}
[187.726932] (-) TimerEvent: {}
[187.829526] (-) TimerEvent: {}
[187.935940] (-) TimerEvent: {}
[188.040310] (-) TimerEvent: {}
[188.142828] (-) TimerEvent: {}
[188.244727] (-) TimerEvent: {}
[188.346141] (-) TimerEvent: {}
[188.447732] (-) TimerEvent: {}
[188.550813] (-) TimerEvent: {}
[188.654734] (-) TimerEvent: {}
[188.757320] (-) TimerEvent: {}
[188.860291] (-) TimerEvent: {}
[188.965858] (-) TimerEvent: {}
[189.070376] (-) TimerEvent: {}
[189.172259] (-) TimerEvent: {}
[189.274108] (-) TimerEvent: {}
[189.376066] (-) TimerEvent: {}
[189.477898] (-) TimerEvent: {}
[189.580492] (-) TimerEvent: {}
[189.683189] (-) TimerEvent: {}
[189.786024] (-) TimerEvent: {}
[189.891090] (-) TimerEvent: {}
[189.992854] (-) TimerEvent: {}
[190.094318] (-) TimerEvent: {}
[190.196460] (-) TimerEvent: {}
[190.304105] (-) TimerEvent: {}
[190.406352] (-) TimerEvent: {}
[190.508241] (-) TimerEvent: {}
[190.610163] (-) TimerEvent: {}
[190.712437] (-) TimerEvent: {}
[190.814490] (-) TimerEvent: {}
[190.920044] (-) TimerEvent: {}
[191.025847] (-) TimerEvent: {}
[191.132062] (-) TimerEvent: {}
[191.234292] (-) TimerEvent: {}
[191.338445] (-) TimerEvent: {}
[191.442706] (-) TimerEvent: {}
[191.544719] (-) TimerEvent: {}
[191.647906] (-) TimerEvent: {}
[191.750154] (-) TimerEvent: {}
[191.852260] (-) TimerEvent: {}
[191.954150] (-) TimerEvent: {}
[192.056035] (-) TimerEvent: {}
[192.159727] (-) TimerEvent: {}
[192.262986] (-) TimerEvent: {}
[192.365218] (-) TimerEvent: {}
[192.467033] (-) TimerEvent: {}
[192.569365] (-) TimerEvent: {}
[192.671168] (-) TimerEvent: {}
[192.773137] (-) TimerEvent: {}
[192.879050] (-) TimerEvent: {}
[192.981789] (-) TimerEvent: {}
[193.085430] (-) TimerEvent: {}
[193.188855] (-) TimerEvent: {}
[193.292901] (-) TimerEvent: {}
[193.395457] (-) TimerEvent: {}
[193.497481] (-) TimerEvent: {}
[193.600528] (-) TimerEvent: {}
[193.738737] (-) TimerEvent: {}
[193.840614] (-) TimerEvent: {}
[193.942387] (-) TimerEvent: {}
[194.044176] (-) TimerEvent: {}
[194.162813] (-) TimerEvent: {}
[194.232486] (sllidar_ros2) StderrLine: {'line': b'In file included from \x1b[01m\x1b[K/home/arno/RoombaV2Onboard/src/sllidar_ros2/./sdk/include/rplidar_protocol.h:36\x1b[m\x1b[K,\n'}
[194.452016] (-) TimerEvent: {}
[194.453825] (sllidar_ros2) StderrLine: {'line': b'                 from \x1b[01m\x1b[K/home/arno/RoombaV2Onboard/src/sllidar_ros2/./sdk/include/rplidar.h:39\x1b[m\x1b[K,\n'}
[194.459817] (sllidar_ros2) StderrLine: {'line': b'                 from \x1b[01m\x1b[K/home/arno/RoombaV2Onboard/src/sllidar_ros2/./sdk/src/sdkcommon.h:49\x1b[m\x1b[K,\n'}
[194.461605] (sllidar_ros2) StderrLine: {'line': b'                 from \x1b[01m\x1b[K/home/arno/RoombaV2Onboard/src/sllidar_ros2/sdk/src/dataunpacker/unpacker/../dataunnpacker_commondef.h:41\x1b[m\x1b[K,\n'}
[194.468974] (sllidar_ros2) StderrLine: {'line': b'                 from \x1b[01m\x1b[K/home/arno/RoombaV2Onboard/src/sllidar_ros2/sdk/src/dataunpacker/unpacker/handler_normalnode.cpp:39\x1b[m\x1b[K:\n'}
[194.470963] (sllidar_ros2) StderrLine: {'line': b'\x1b[01m\x1b[K/home/arno/RoombaV2Onboard/src/sllidar_ros2/./sdk/include/sl_lidar_protocol.h:66:16:\x1b[m\x1b[K \x1b[01;35m\x1b[Kwarning: \x1b[m\x1b[KISO C++ forbids zero-size array \xe2\x80\x98\x1b[01m\x1b[Kdata\x1b[m\x1b[K\xe2\x80\x99 [\x1b[01;35m\x1b[K\x1b]8;;https://gcc.gnu.org/onlinedocs/gcc/Warning-Options.html#index-Wpedantic\x07-Wpedantic\x1b]8;;\x07\x1b[m\x1b[K]\n'}
[194.479618] (sllidar_ros2) StderrLine: {'line': b'   66 |     sl_u8 data[\x1b[01;35m\x1b[K0\x1b[m\x1b[K];\n'}
[194.481409] (sllidar_ros2) StderrLine: {'line': b'      |                \x1b[01;35m\x1b[K^\x1b[m\x1b[K\n'}
[194.483108] (sllidar_ros2) StderrLine: {'line': b'In file included from \x1b[01m\x1b[K/home/arno/RoombaV2Onboard/src/sllidar_ros2/./sdk/include/rplidar_protocol.h:36\x1b[m\x1b[K,\n'}
[194.485275] (sllidar_ros2) StderrLine: {'line': b'                 from \x1b[01m\x1b[K/home/arno/RoombaV2Onboard/src/sllidar_ros2/./sdk/include/rplidar.h:39\x1b[m\x1b[K,\n'}
[194.487075] (sllidar_ros2) StderrLine: {'line': b'                 from \x1b[01m\x1b[K/home/arno/RoombaV2Onboard/src/sllidar_ros2/./sdk/src/sdkcommon.h:49\x1b[m\x1b[K,\n'}
[194.489120] (sllidar_ros2) StderrLine: {'line': b'                 from \x1b[01m\x1b[K/home/arno/RoombaV2Onboard/src/sllidar_ros2/sdk/src/dataunpacker/unpacker/../dataunnpacker_commondef.h:41\x1b[m\x1b[K,\n'}
[194.491043] (sllidar_ros2) StderrLine: {'line': b'                 from \x1b[01m\x1b[K/home/arno/RoombaV2Onboard/src/sllidar_ros2/sdk/src/dataunpacker/unpacker/handler_hqnode.cpp:39\x1b[m\x1b[K:\n'}
[194.493062] (sllidar_ros2) StderrLine: {'line': b'\x1b[01m\x1b[K/home/arno/RoombaV2Onboard/src/sllidar_ros2/./sdk/include/sl_lidar_protocol.h:66:16:\x1b[m\x1b[K \x1b[01;35m\x1b[Kwarning: \x1b[m\x1b[KISO C++ forbids zero-size array \xe2\x80\x98\x1b[01m\x1b[Kdata\x1b[m\x1b[K\xe2\x80\x99 [\x1b[01;35m\x1b[K\x1b]8;;https://gcc.gnu.org/onlinedocs/gcc/Warning-Options.html#index-Wpedantic\x07-Wpedantic\x1b]8;;\x07\x1b[m\x1b[K]\n'}
[194.494922] (sllidar_ros2) StderrLine: {'line': b'   66 |     sl_u8 data[\x1b[01;35m\x1b[K0\x1b[m\x1b[K];\n'}
[194.496717] (sllidar_ros2) StderrLine: {'line': b'      |                \x1b[01;35m\x1b[K^\x1b[m\x1b[K\n'}
[194.498736] (sllidar_ros2) StderrLine: {'line': b'In file included from \x1b[01m\x1b[K/home/arno/RoombaV2Onboard/src/sllidar_ros2/./sdk/include/rplidar_cmd.h:36\x1b[m\x1b[K,\n'}
[194.512551] (sllidar_ros2) StderrLine: {'line': b'                 from \x1b[01m\x1b[K/home/arno/RoombaV2Onboard/src/sllidar_ros2/./sdk/include/rplidar.h:40\x1b[m\x1b[K,\n'}
[194.514625] (sllidar_ros2) StderrLine: {'line': b'                 from \x1b[01m\x1b[K/home/arno/RoombaV2Onboard/src/sllidar_ros2/./sdk/src/sdkcommon.h:49\x1b[m\x1b[K,\n'}
[194.525016] (sllidar_ros2) StderrLine: {'line': b'                 from \x1b[01m\x1b[K/home/arno/RoombaV2Onboard/src/sllidar_ros2/sdk/src/dataunpacker/unpacker/../dataunnpacker_commondef.h:41\x1b[m\x1b[K,\n'}
[194.530620] (sllidar_ros2) StderrLine: {'line': b'                 from \x1b[01m\x1b[K/home/arno/RoombaV2Onboard/src/sllidar_ros2/sdk/src/dataunpacker/unpacker/handler_hqnode.cpp:39\x1b[m\x1b[K:\n'}
[194.532555] (sllidar_ros2) StderrLine: {'line': b'\x1b[01m\x1b[K/home/arno/RoombaV2Onboard/src/sllidar_ros2/./sdk/include/sl_lidar_cmd.h:324:20:\x1b[m\x1b[K \x1b[01;35m\x1b[Kwarning: \x1b[m\x1b[KISO C++ forbids zero-size array \xe2\x80\x98\x1b[01m\x1b[Kpayload\x1b[m\x1b[K\xe2\x80\x99 [\x1b[01;35m\x1b[K\x1b]8;;https://gcc.gnu.org/onlinedocs/gcc/Warning-Options.html#index-Wpedantic\x07-Wpedantic\x1b]8;;\x07\x1b[m\x1b[K]\n'}
[194.534257] (sllidar_ros2) StderrLine: {'line': b'  324 |     sl_u8  payload[\x1b[01;35m\x1b[K0\x1b[m\x1b[K];\n'}
[194.535924] (sllidar_ros2) StderrLine: {'line': b'      |                    \x1b[01;35m\x1b[K^\x1b[m\x1b[K\n'}
[194.538237] (sllidar_ros2) StderrLine: {'line': b'In file included from \x1b[01m\x1b[K/home/arno/RoombaV2Onboard/src/sllidar_ros2/./sdk/include/rplidar_cmd.h:36\x1b[m\x1b[K,\n'}
[194.539952] (sllidar_ros2) StderrLine: {'line': b'                 from \x1b[01m\x1b[K/home/arno/RoombaV2Onboard/src/sllidar_ros2/./sdk/include/rplidar.h:40\x1b[m\x1b[K,\n'}
[194.541520] (sllidar_ros2) StderrLine: {'line': b'                 from \x1b[01m\x1b[K/home/arno/RoombaV2Onboard/src/sllidar_ros2/./sdk/src/sdkcommon.h:49\x1b[m\x1b[K,\n'}
[194.542977] (sllidar_ros2) StderrLine: {'line': b'                 from \x1b[01m\x1b[K/home/arno/RoombaV2Onboard/src/sllidar_ros2/sdk/src/dataunpacker/unpacker/../dataunnpacker_commondef.h:41\x1b[m\x1b[K,\n'}
[194.544633] (sllidar_ros2) StderrLine: {'line': b'                 from \x1b[01m\x1b[K/home/arno/RoombaV2Onboard/src/sllidar_ros2/sdk/src/dataunpacker/unpacker/handler_normalnode.cpp:39\x1b[m\x1b[K:\n'}
[194.546318] (sllidar_ros2) StderrLine: {'line': b'\x1b[01m\x1b[K/home/arno/RoombaV2Onboard/src/sllidar_ros2/./sdk/include/sl_lidar_cmd.h:324:20:\x1b[m\x1b[K \x1b[01;35m\x1b[Kwarning: \x1b[m\x1b[KISO C++ forbids zero-size array \xe2\x80\x98\x1b[01m\x1b[Kpayload\x1b[m\x1b[K\xe2\x80\x99 [\x1b[01;35m\x1b[K\x1b]8;;https://gcc.gnu.org/onlinedocs/gcc/Warning-Options.html#index-Wpedantic\x07-Wpedantic\x1b]8;;\x07\x1b[m\x1b[K]\n'}
[194.547940] (sllidar_ros2) StderrLine: {'line': b'  324 |     sl_u8  payload[\x1b[01;35m\x1b[K0\x1b[m\x1b[K];\n'}
[194.549049] (sllidar_ros2) StderrLine: {'line': b'      |                    \x1b[01;35m\x1b[K^\x1b[m\x1b[K\n'}
[194.671489] (-) TimerEvent: {}
[195.414402] (-) TimerEvent: {}
[195.519190] (-) TimerEvent: {}
[195.621386] (-) TimerEvent: {}
[195.722928] (-) TimerEvent: {}
[195.824533] (-) TimerEvent: {}
[195.926028] (-) TimerEvent: {}
[196.027420] (-) TimerEvent: {}
[196.128885] (-) TimerEvent: {}
[196.230434] (-) TimerEvent: {}
[196.332136] (-) TimerEvent: {}
[196.433617] (-) TimerEvent: {}
[196.535154] (-) TimerEvent: {}
[196.637276] (-) TimerEvent: {}
[196.739987] (-) TimerEvent: {}
[196.842700] (-) TimerEvent: {}
[196.945232] (-) TimerEvent: {}
[197.047859] (-) TimerEvent: {}
[197.150511] (-) TimerEvent: {}
[197.256198] (-) TimerEvent: {}
[197.359023] (-) TimerEvent: {}
[197.461753] (-) TimerEvent: {}
[197.567821] (-) TimerEvent: {}
[197.672962] (-) TimerEvent: {}
[197.775800] (-) TimerEvent: {}
[197.881026] (-) TimerEvent: {}
[197.984205] (-) TimerEvent: {}
[198.090325] (-) TimerEvent: {}
[198.194711] (-) TimerEvent: {}
[198.297829] (-) TimerEvent: {}
[198.399495] (-) TimerEvent: {}
[198.500994] (-) TimerEvent: {}
[198.602173] (-) TimerEvent: {}
[198.703664] (-) TimerEvent: {}
[198.805677] (-) TimerEvent: {}
[198.907666] (-) TimerEvent: {}
[199.009758] (-) TimerEvent: {}
[199.309455] (-) TimerEvent: {}
[199.609225] (-) TimerEvent: {}
[199.710868] (-) TimerEvent: {}
[199.812769] (-) TimerEvent: {}
[199.915454] (-) TimerEvent: {}
[200.018896] (-) TimerEvent: {}
[200.121859] (-) TimerEvent: {}
[200.221731] (sllidar_ros2) StderrLine: {'line': b'In file included from \x1b[01m\x1b[K/home/arno/RoombaV2Onboard/src/sllidar_ros2/sdk/src/dataunpacker/unpacker/handler_hqnode.cpp:40\x1b[m\x1b[K:\n'}
[200.224476] (-) TimerEvent: {}
[200.241389] (sllidar_ros2) StderrLine: {'line': b'\x1b[01m\x1b[K/home/arno/RoombaV2Onboard/src/sllidar_ros2/sdk/src/dataunpacker/unpacker/../dataunpacker.h:\x1b[m\x1b[K In member function \xe2\x80\x98\x1b[01m\x1b[Kvirtual void sl::internal::LIDARSampleDataListener::onCustomSampleDataDecoded(_u8, _u32, const void*, size_t)\x1b[m\x1b[K\xe2\x80\x99:\n'}
[200.251512] (sllidar_ros2) StderrLine: {'line': b'\x1b[01m\x1b[K/home/arno/RoombaV2Onboard/src/sllidar_ros2/sdk/src/dataunpacker/unpacker/../dataunpacker.h:54:52:\x1b[m\x1b[K \x1b[01;35m\x1b[Kwarning: \x1b[m\x1b[Kunused parameter \xe2\x80\x98\x1b[01m\x1b[KansType\x1b[m\x1b[K\xe2\x80\x99 [\x1b[01;35m\x1b[K\x1b]8;;https://gcc.gnu.org/onlinedocs/gcc/Warning-Options.html#index-Wunused-parameter\x07-Wunused-parameter\x1b]8;;\x07\x1b[m\x1b[K]\n'}
[200.268573] (sllidar_ros2) StderrLine: {'line': b'   54 |         virtual void onCustomSampleDataDecoded(\x1b[01;35m\x1b[K_u8 ansType\x1b[m\x1b[K, _u32 customCode, const void* data, size_t size) {}\n'}
[200.271667] (sllidar_ros2) StderrLine: {'line': b'      |                                                \x1b[01;35m\x1b[K~~~~^~~~~~~\x1b[m\x1b[K\n'}
[200.274527] (sllidar_ros2) StderrLine: {'line': b'\x1b[01m\x1b[K/home/arno/RoombaV2Onboard/src/sllidar_ros2/sdk/src/dataunpacker/unpacker/../dataunpacker.h:54:66:\x1b[m\x1b[K \x1b[01;35m\x1b[Kwarning: \x1b[m\x1b[Kunused parameter \xe2\x80\x98\x1b[01m\x1b[KcustomCode\x1b[m\x1b[K\xe2\x80\x99 [\x1b[01;35m\x1b[K\x1b]8;;https://gcc.gnu.org/onlinedocs/gcc/Warning-Options.html#index-Wunused-parameter\x07-Wunused-parameter\x1b]8;;\x07\x1b[m\x1b[K]\n'}
[200.299196] (sllidar_ros2) StderrLine: {'line': b'   54 |         virtual void onCustomSampleDataDecoded(_u8 ansType, \x1b[01;35m\x1b[K_u32 customCode\x1b[m\x1b[K, const void* data, size_t size) {}\n'}
[200.300975] (sllidar_ros2) StderrLine: {'line': b'      |                                                             \x1b[01;35m\x1b[K~~~~~^~~~~~~~~~\x1b[m\x1b[K\n'}
[200.302347] (sllidar_ros2) StderrLine: {'line': b'In file included from \x1b[01m\x1b[K/home/arno/RoombaV2Onboard/src/sllidar_ros2/sdk/src/dataunpacker/unpacker/handler_normalnode.cpp:40\x1b[m\x1b[K:\n'}
[200.304572] (sllidar_ros2) StderrLine: {'line': b'\x1b[01m\x1b[K/home/arno/RoombaV2Onboard/src/sllidar_ros2/sdk/src/dataunpacker/unpacker/../dataunpacker.h:\x1b[m\x1b[K In member function \xe2\x80\x98\x1b[01m\x1b[Kvirtual void sl::internal::LIDARSampleDataListener::onCustomSampleDataDecoded(_u8, _u32, const void*, size_t)\x1b[m\x1b[K\xe2\x80\x99:\n'}
[200.307144] (sllidar_ros2) StderrLine: {'line': b'\x1b[01m\x1b[K/home/arno/RoombaV2Onboard/src/sllidar_ros2/sdk/src/dataunpacker/unpacker/../dataunpacker.h:54:52:\x1b[m\x1b[K \x1b[01;35m\x1b[Kwarning: \x1b[m\x1b[Kunused parameter \xe2\x80\x98\x1b[01m\x1b[KansType\x1b[m\x1b[K\xe2\x80\x99 [\x1b[01;35m\x1b[K\x1b]8;;https://gcc.gnu.org/onlinedocs/gcc/Warning-Options.html#index-Wunused-parameter\x07-Wunused-parameter\x1b]8;;\x07\x1b[m\x1b[K]\n'}
[200.309562] (sllidar_ros2) StderrLine: {'line': b'   54 |         virtual void onCustomSampleDataDecoded(\x1b[01;35m\x1b[K_u8 ansType\x1b[m\x1b[K, _u32 customCode, const void* data, size_t size) {}\n'}
[200.313035] (sllidar_ros2) StderrLine: {'line': b'      |                                                \x1b[01;35m\x1b[K~~~~^~~~~~~\x1b[m\x1b[K\n'}
[200.315331] (sllidar_ros2) StderrLine: {'line': b'\x1b[01m\x1b[K/home/arno/RoombaV2Onboard/src/sllidar_ros2/sdk/src/dataunpacker/unpacker/../dataunpacker.h:54:66:\x1b[m\x1b[K \x1b[01;35m\x1b[Kwarning: \x1b[m\x1b[Kunused parameter \xe2\x80\x98\x1b[01m\x1b[KcustomCode\x1b[m\x1b[K\xe2\x80\x99 [\x1b[01;35m\x1b[K\x1b]8;;https://gcc.gnu.org/onlinedocs/gcc/Warning-Options.html#index-Wunused-parameter\x07-Wunused-parameter\x1b]8;;\x07\x1b[m\x1b[K]\n'}
[200.319222] (sllidar_ros2) StderrLine: {'line': b'   54 |         virtual void onCustomSampleDataDecoded(_u8 ansType, \x1b[01;35m\x1b[K_u32 customCode\x1b[m\x1b[K, const void* data, size_t size) {}\n'}
[200.321881] (sllidar_ros2) StderrLine: {'line': b'      |                                                             \x1b[01;35m\x1b[K~~~~~^~~~~~~~~~\x1b[m\x1b[K\n'}
[200.323966] (sllidar_ros2) StderrLine: {'line': b'\x1b[01m\x1b[K/home/arno/RoombaV2Onboard/src/sllidar_ros2/sdk/src/dataunpacker/unpacker/../dataunpacker.h:54:90:\x1b[m\x1b[K \x1b[01;35m\x1b[Kwarning: \x1b[m\x1b[Kunused parameter \xe2\x80\x98\x1b[01m\x1b[Kdata\x1b[m\x1b[K\xe2\x80\x99 [\x1b[01;35m\x1b[K\x1b]8;;https://gcc.gnu.org/onlinedocs/gcc/Warning-Options.html#index-Wunused-parameter\x07-Wunused-parameter\x1b]8;;\x07\x1b[m\x1b[K]\n'}
[200.325695] (-) TimerEvent: {}
[200.331060] (sllidar_ros2) StderrLine: {'line': b'   54 |         virtual void onCustomSampleDataDecoded(_u8 ansType, _u32 customCode, \x1b[01;35m\x1b[Kconst void* data\x1b[m\x1b[K, size_t size) {}\n'}
[200.335920] (sllidar_ros2) StderrLine: {'line': b'      |                                                                              \x1b[01;35m\x1b[K~~~~~~~~~~~~^~~~\x1b[m\x1b[K\n'}
[200.338418] (sllidar_ros2) StderrLine: {'line': b'\x1b[01m\x1b[K/home/arno/RoombaV2Onboard/src/sllidar_ros2/sdk/src/dataunpacker/unpacker/../dataunpacker.h:54:90:\x1b[m\x1b[K \x1b[01;35m\x1b[Kwarning: \x1b[m\x1b[Kunused parameter \xe2\x80\x98\x1b[01m\x1b[Kdata\x1b[m\x1b[K\xe2\x80\x99 [\x1b[01;35m\x1b[K\x1b]8;;https://gcc.gnu.org/onlinedocs/gcc/Warning-Options.html#index-Wunused-parameter\x07-Wunused-parameter\x1b]8;;\x07\x1b[m\x1b[K]\n'}
[200.341595] (sllidar_ros2) StderrLine: {'line': b'   54 |         virtual void onCustomSampleDataDecoded(_u8 ansType, _u32 customCode, \x1b[01;35m\x1b[Kconst void* data\x1b[m\x1b[K, size_t size) {}\n'}
[200.345081] (sllidar_ros2) StderrLine: {'line': b'      |                                                                              \x1b[01;35m\x1b[K~~~~~~~~~~~~^~~~\x1b[m\x1b[K\n'}
[200.348168] (sllidar_ros2) StderrLine: {'line': b'\x1b[01m\x1b[K/home/arno/RoombaV2Onboard/src/sllidar_ros2/sdk/src/dataunpacker/unpacker/../dataunpacker.h:54:103:\x1b[m\x1b[K \x1b[01;35m\x1b[Kwarning: \x1b[m\x1b[Kunused parameter \xe2\x80\x98\x1b[01m\x1b[Ksize\x1b[m\x1b[K\xe2\x80\x99 [\x1b[01;35m\x1b[K\x1b]8;;https://gcc.gnu.org/onlinedocs/gcc/Warning-Options.html#index-Wunused-parameter\x07-Wunused-parameter\x1b]8;;\x07\x1b[m\x1b[K]\n'}
[200.351130] (sllidar_ros2) StderrLine: {'line': b'   54 |         virtual void onCustomSampleDataDecoded(_u8 ansType, _u32 customCode, const void* data, \x1b[01;35m\x1b[Ksize_t size\x1b[m\x1b[K) {}\n'}
[200.354681] (sllidar_ros2) StderrLine: {'line': b'      |                                                                                                \x1b[01;35m\x1b[K~~~~~~~^~~~\x1b[m\x1b[K\n'}
[200.357640] (sllidar_ros2) StderrLine: {'line': b'\x1b[01m\x1b[K/home/arno/RoombaV2Onboard/src/sllidar_ros2/sdk/src/dataunpacker/unpacker/../dataunpacker.h:54:103:\x1b[m\x1b[K \x1b[01;35m\x1b[Kwarning: \x1b[m\x1b[Kunused parameter \xe2\x80\x98\x1b[01m\x1b[Ksize\x1b[m\x1b[K\xe2\x80\x99 [\x1b[01;35m\x1b[K\x1b]8;;https://gcc.gnu.org/onlinedocs/gcc/Warning-Options.html#index-Wunused-parameter\x07-Wunused-parameter\x1b]8;;\x07\x1b[m\x1b[K]\n'}
[200.360541] (sllidar_ros2) StderrLine: {'line': b'   54 |         virtual void onCustomSampleDataDecoded(_u8 ansType, _u32 customCode, const void* data, \x1b[01;35m\x1b[Ksize_t size\x1b[m\x1b[K) {}\n'}
[200.363163] (sllidar_ros2) StderrLine: {'line': b'      |                                                                                                \x1b[01;35m\x1b[K~~~~~~~^~~~\x1b[m\x1b[K\n'}
[200.366493] (sllidar_ros2) StderrLine: {'line': b'\x1b[01m\x1b[K/home/arno/RoombaV2Onboard/src/sllidar_ros2/sdk/src/dataunpacker/unpacker/../dataunpacker.h:\x1b[m\x1b[K In member function \xe2\x80\x98\x1b[01m\x1b[Kvirtual void sl::internal::LIDARSampleDataListener::onDecodingError(int, _u8, const void*, size_t)\x1b[m\x1b[K\xe2\x80\x99:\n'}
[200.371150] (sllidar_ros2) StderrLine: {'line': b'\x1b[01m\x1b[K/home/arno/RoombaV2Onboard/src/sllidar_ros2/sdk/src/dataunpacker/unpacker/../dataunpacker.h:56:42:\x1b[m\x1b[K \x1b[01;35m\x1b[Kwarning: \x1b[m\x1b[Kunused parameter \xe2\x80\x98\x1b[01m\x1b[KerrMsg\x1b[m\x1b[K\xe2\x80\x99 [\x1b[01;35m\x1b[K\x1b]8;;https://gcc.gnu.org/onlinedocs/gcc/Warning-Options.html#index-Wunused-parameter\x07-Wunused-parameter\x1b]8;;\x07\x1b[m\x1b[K]\n'}
[200.376495] (sllidar_ros2) StderrLine: {'line': b'   56 |         virtual void onDecodingError(\x1b[01;35m\x1b[Kint errMsg\x1b[m\x1b[K, _u8 ansType, const void* payload, size_t size) {}\n'}
[200.378830] (sllidar_ros2) StderrLine: {'line': b'      |                                      \x1b[01;35m\x1b[K~~~~^~~~~~\x1b[m\x1b[K\n'}
[200.383280] (sllidar_ros2) StderrLine: {'line': b'\x1b[01m\x1b[K/home/arno/RoombaV2Onboard/src/sllidar_ros2/sdk/src/dataunpacker/unpacker/../dataunpacker.h:\x1b[m\x1b[K In member function \xe2\x80\x98\x1b[01m\x1b[Kvirtual void sl::internal::LIDARSampleDataListener::onDecodingError(int, _u8, const void*, size_t)\x1b[m\x1b[K\xe2\x80\x99:\n'}
[200.387167] (sllidar_ros2) StderrLine: {'line': b'\x1b[01m\x1b[K/home/arno/RoombaV2Onboard/src/sllidar_ros2/sdk/src/dataunpacker/unpacker/../dataunpacker.h:56:42:\x1b[m\x1b[K \x1b[01;35m\x1b[Kwarning: \x1b[m\x1b[Kunused parameter \xe2\x80\x98\x1b[01m\x1b[KerrMsg\x1b[m\x1b[K\xe2\x80\x99 [\x1b[01;35m\x1b[K\x1b]8;;https://gcc.gnu.org/onlinedocs/gcc/Warning-Options.html#index-Wunused-parameter\x07-Wunused-parameter\x1b]8;;\x07\x1b[m\x1b[K]\n'}
[200.389431] (sllidar_ros2) StderrLine: {'line': b'   56 |         virtual void onDecodingError(\x1b[01;35m\x1b[Kint errMsg\x1b[m\x1b[K, _u8 ansType, const void* payload, size_t size) {}\n'}
[200.391929] (sllidar_ros2) StderrLine: {'line': b'      |                                      \x1b[01;35m\x1b[K~~~~^~~~~~\x1b[m\x1b[K\n'}
[200.394065] (sllidar_ros2) StderrLine: {'line': b'\x1b[01m\x1b[K/home/arno/RoombaV2Onboard/src/sllidar_ros2/sdk/src/dataunpacker/unpacker/../dataunpacker.h:56:54:\x1b[m\x1b[K \x1b[01;35m\x1b[Kwarning: \x1b[m\x1b[Kunused parameter \xe2\x80\x98\x1b[01m\x1b[KansType\x1b[m\x1b[K\xe2\x80\x99 [\x1b[01;35m\x1b[K\x1b]8;;https://gcc.gnu.org/onlinedocs/gcc/Warning-Options.html#index-Wunused-parameter\x07-Wunused-parameter\x1b]8;;\x07\x1b[m\x1b[K]\n'}
[200.396341] (sllidar_ros2) StderrLine: {'line': b'   56 |         virtual void onDecodingError(int errMsg, \x1b[01;35m\x1b[K_u8 ansType\x1b[m\x1b[K, const void* payload, size_t size) {}\n'}
[200.398970] (sllidar_ros2) StderrLine: {'line': b'      |                                                  \x1b[01;35m\x1b[K~~~~^~~~~~~\x1b[m\x1b[K\n'}
[200.401761] (sllidar_ros2) StderrLine: {'line': b'\x1b[01m\x1b[K/home/arno/RoombaV2Onboard/src/sllidar_ros2/sdk/src/dataunpacker/unpacker/../dataunpacker.h:56:54:\x1b[m\x1b[K \x1b[01;35m\x1b[Kwarning: \x1b[m\x1b[Kunused parameter \xe2\x80\x98\x1b[01m\x1b[KansType\x1b[m\x1b[K\xe2\x80\x99 [\x1b[01;35m\x1b[K\x1b]8;;https://gcc.gnu.org/onlinedocs/gcc/Warning-Options.html#index-Wunused-parameter\x07-Wunused-parameter\x1b]8;;\x07\x1b[m\x1b[K]\n'}
[200.415110] (sllidar_ros2) StderrLine: {'line': b'   56 |         virtual void onDecodingError(int errMsg, \x1b[01;35m\x1b[K_u8 ansType\x1b[m\x1b[K, const void* payload, size_t size) {}\n'}
[200.417975] (sllidar_ros2) StderrLine: {'line': b'      |                                                  \x1b[01;35m\x1b[K~~~~^~~~~~~\x1b[m\x1b[K\n'}
[200.421600] (sllidar_ros2) StderrLine: {'line': b'\x1b[01m\x1b[K/home/arno/RoombaV2Onboard/src/sllidar_ros2/sdk/src/dataunpacker/unpacker/../dataunpacker.h:56:75:\x1b[m\x1b[K \x1b[01;35m\x1b[Kwarning: \x1b[m\x1b[Kunused parameter \xe2\x80\x98\x1b[01m\x1b[Kpayload\x1b[m\x1b[K\xe2\x80\x99 [\x1b[01;35m\x1b[K\x1b]8;;https://gcc.gnu.org/onlinedocs/gcc/Warning-Options.html#index-Wunused-parameter\x07-Wunused-parameter\x1b]8;;\x07\x1b[m\x1b[K]\n'}
[200.424639] (sllidar_ros2) StderrLine: {'line': b'   56 |         virtual void onDecodingError(int errMsg, _u8 ansType, \x1b[01;35m\x1b[Kconst void* payload\x1b[m\x1b[K, size_t size) {}\n'}
[200.427453] (-) TimerEvent: {}
[200.429608] (sllidar_ros2) StderrLine: {'line': b'      |                                                               \x1b[01;35m\x1b[K~~~~~~~~~~~~^~~~~~~\x1b[m\x1b[K\n'}
[200.432521] (sllidar_ros2) StderrLine: {'line': b'\x1b[01m\x1b[K/home/arno/RoombaV2Onboard/src/sllidar_ros2/sdk/src/dataunpacker/unpacker/../dataunpacker.h:56:75:\x1b[m\x1b[K \x1b[01;35m\x1b[Kwarning: \x1b[m\x1b[Kunused parameter \xe2\x80\x98\x1b[01m\x1b[Kpayload\x1b[m\x1b[K\xe2\x80\x99 [\x1b[01;35m\x1b[K\x1b]8;;https://gcc.gnu.org/onlinedocs/gcc/Warning-Options.html#index-Wunused-parameter\x07-Wunused-parameter\x1b]8;;\x07\x1b[m\x1b[K]\n'}
[200.437292] (sllidar_ros2) StderrLine: {'line': b'   56 |         virtual void onDecodingError(int errMsg, _u8 ansType, \x1b[01;35m\x1b[Kconst void* payload\x1b[m\x1b[K, size_t size) {}\n'}
[200.440160] (sllidar_ros2) StderrLine: {'line': b'      |                                                               \x1b[01;35m\x1b[K~~~~~~~~~~~~^~~~~~~\x1b[m\x1b[K\n'}
[200.442872] (sllidar_ros2) StderrLine: {'line': b'\x1b[01m\x1b[K/home/arno/RoombaV2Onboard/src/sllidar_ros2/sdk/src/dataunpacker/unpacker/../dataunpacker.h:56:91:\x1b[m\x1b[K \x1b[01;35m\x1b[Kwarning: \x1b[m\x1b[Kunused parameter \xe2\x80\x98\x1b[01m\x1b[Ksize\x1b[m\x1b[K\xe2\x80\x99 [\x1b[01;35m\x1b[K\x1b]8;;https://gcc.gnu.org/onlinedocs/gcc/Warning-Options.html#index-Wunused-parameter\x07-Wunused-parameter\x1b]8;;\x07\x1b[m\x1b[K]\n'}
[200.445721] (sllidar_ros2) StderrLine: {'line': b'   56 |         virtual void onDecodingError(int errMsg, _u8 ansType, const void* payload, \x1b[01;35m\x1b[Ksize_t size\x1b[m\x1b[K) {}\n'}
[200.448830] (sllidar_ros2) StderrLine: {'line': b'      |                                                                                    \x1b[01;35m\x1b[K~~~~~~~^~~~\x1b[m\x1b[K\n'}
[200.451481] (sllidar_ros2) StderrLine: {'line': b'\x1b[01m\x1b[K/home/arno/RoombaV2Onboard/src/sllidar_ros2/sdk/src/dataunpacker/unpacker/../dataunpacker.h:56:91:\x1b[m\x1b[K \x1b[01;35m\x1b[Kwarning: \x1b[m\x1b[Kunused parameter \xe2\x80\x98\x1b[01m\x1b[Ksize\x1b[m\x1b[K\xe2\x80\x99 [\x1b[01;35m\x1b[K\x1b]8;;https://gcc.gnu.org/onlinedocs/gcc/Warning-Options.html#index-Wunused-parameter\x07-Wunused-parameter\x1b]8;;\x07\x1b[m\x1b[K]\n'}
[200.454882] (sllidar_ros2) StderrLine: {'line': b'   56 |         virtual void onDecodingError(int errMsg, _u8 ansType, const void* payload, \x1b[01;35m\x1b[Ksize_t size\x1b[m\x1b[K) {}\n'}
[200.457530] (sllidar_ros2) StderrLine: {'line': b'      |                                                                                    \x1b[01;35m\x1b[K~~~~~~~^~~~\x1b[m\x1b[K\n'}
[200.528020] (-) TimerEvent: {}
[200.630814] (-) TimerEvent: {}
[200.733448] (-) TimerEvent: {}
[200.839518] (-) TimerEvent: {}
[200.944972] (-) TimerEvent: {}
[201.048866] (-) TimerEvent: {}
[201.151848] (-) TimerEvent: {}
[201.254952] (-) TimerEvent: {}
[201.356848] (-) TimerEvent: {}
[201.458808] (-) TimerEvent: {}
[201.560851] (-) TimerEvent: {}
[201.662717] (-) TimerEvent: {}
[201.764453] (-) TimerEvent: {}
[201.866184] (-) TimerEvent: {}
[201.967706] (-) TimerEvent: {}
[202.069630] (-) TimerEvent: {}
[202.171661] (-) TimerEvent: {}
[202.273334] (-) TimerEvent: {}
[202.374949] (-) TimerEvent: {}
[202.476608] (-) TimerEvent: {}
[202.578908] (-) TimerEvent: {}
[202.681532] (-) TimerEvent: {}
[202.784681] (-) TimerEvent: {}
[202.890069] (-) TimerEvent: {}
[202.995463] (-) TimerEvent: {}
[203.097957] (-) TimerEvent: {}
[203.199922] (-) TimerEvent: {}
[203.302619] (-) TimerEvent: {}
[203.404899] (-) TimerEvent: {}
[203.506819] (-) TimerEvent: {}
[203.608865] (-) TimerEvent: {}
[203.710896] (-) TimerEvent: {}
[203.812733] (-) TimerEvent: {}
[203.914315] (-) TimerEvent: {}
[204.016486] (-) TimerEvent: {}
[204.120434] (-) TimerEvent: {}
[204.227326] (-) TimerEvent: {}
[204.329438] (-) TimerEvent: {}
[204.431231] (-) TimerEvent: {}
[204.533308] (-) TimerEvent: {}
[204.635724] (-) TimerEvent: {}
[204.737767] (-) TimerEvent: {}
[204.840031] (-) TimerEvent: {}
[204.944134] (-) TimerEvent: {}
[205.046626] (-) TimerEvent: {}
[205.150892] (-) TimerEvent: {}
[205.256263] (-) TimerEvent: {}
[205.358495] (-) TimerEvent: {}
[205.460899] (-) TimerEvent: {}
[205.562822] (-) TimerEvent: {}
[205.664417] (-) TimerEvent: {}
[205.765957] (-) TimerEvent: {}
[205.867396] (-) TimerEvent: {}
[205.969040] (-) TimerEvent: {}
[206.070614] (-) TimerEvent: {}
[206.172544] (-) TimerEvent: {}
[206.274089] (-) TimerEvent: {}
[206.375428] (-) TimerEvent: {}
[206.477256] (-) TimerEvent: {}
[206.578776] (-) TimerEvent: {}
[206.680463] (-) TimerEvent: {}
[206.782141] (-) TimerEvent: {}
[206.883715] (-) TimerEvent: {}
[206.985103] (-) TimerEvent: {}
[207.086862] (-) TimerEvent: {}
[207.188553] (-) TimerEvent: {}
[207.290237] (-) TimerEvent: {}
[207.391681] (-) TimerEvent: {}
[207.493005] (-) TimerEvent: {}
[207.594403] (-) TimerEvent: {}
[207.696329] (-) TimerEvent: {}
[207.797645] (-) TimerEvent: {}
[207.898955] (-) TimerEvent: {}
[208.000414] (-) TimerEvent: {}
[208.102034] (-) TimerEvent: {}
[208.203635] (-) TimerEvent: {}
[208.305017] (-) TimerEvent: {}
[208.406288] (-) TimerEvent: {}
[208.507505] (-) TimerEvent: {}
[208.609889] (-) TimerEvent: {}
[208.712055] (-) TimerEvent: {}
[208.813356] (-) TimerEvent: {}
[208.914733] (-) TimerEvent: {}
[209.016302] (-) TimerEvent: {}
[209.118188] (-) TimerEvent: {}
[209.219646] (-) TimerEvent: {}
[209.321218] (-) TimerEvent: {}
[209.422892] (-) TimerEvent: {}
[209.524424] (-) TimerEvent: {}
[209.625736] (-) TimerEvent: {}
[209.727072] (-) TimerEvent: {}
[209.828562] (-) TimerEvent: {}
[209.930073] (-) TimerEvent: {}
[210.031789] (-) TimerEvent: {}
[210.133636] (-) TimerEvent: {}
[210.235180] (-) TimerEvent: {}
[210.336657] (-) TimerEvent: {}
[210.438137] (-) TimerEvent: {}
[210.539671] (-) TimerEvent: {}
[210.640961] (-) TimerEvent: {}
[210.742371] (-) TimerEvent: {}
[210.843845] (-) TimerEvent: {}
[210.945214] (-) TimerEvent: {}
[211.046536] (-) TimerEvent: {}
[211.148084] (-) TimerEvent: {}
[211.249433] (-) TimerEvent: {}
[211.350839] (-) TimerEvent: {}
[211.452329] (-) TimerEvent: {}
[211.553762] (-) TimerEvent: {}
[211.655182] (-) TimerEvent: {}
[211.756705] (-) TimerEvent: {}
[211.858227] (-) TimerEvent: {}
[211.959855] (-) TimerEvent: {}
[212.061306] (-) TimerEvent: {}
[212.162850] (-) TimerEvent: {}
[212.264364] (-) TimerEvent: {}
[212.365979] (-) TimerEvent: {}
[212.467507] (-) TimerEvent: {}
[212.569059] (-) TimerEvent: {}
[212.670518] (-) TimerEvent: {}
[212.772102] (-) TimerEvent: {}
[212.873578] (-) TimerEvent: {}
[212.974978] (-) TimerEvent: {}
[213.076501] (-) TimerEvent: {}
[213.178137] (-) TimerEvent: {}
[213.279713] (-) TimerEvent: {}
[213.381134] (-) TimerEvent: {}
[213.482657] (-) TimerEvent: {}
[213.595981] (-) TimerEvent: {}
[213.728848] (-) TimerEvent: {}
[213.830291] (-) TimerEvent: {}
[213.931838] (-) TimerEvent: {}
[214.033257] (-) TimerEvent: {}
[214.134900] (-) TimerEvent: {}
[214.236390] (-) TimerEvent: {}
[214.337841] (-) TimerEvent: {}
[214.439287] (-) TimerEvent: {}
[214.540841] (-) TimerEvent: {}
[214.642332] (-) TimerEvent: {}
[214.743800] (-) TimerEvent: {}
[214.845283] (-) TimerEvent: {}
[214.946682] (-) TimerEvent: {}
[215.048273] (-) TimerEvent: {}
[215.149700] (-) TimerEvent: {}
[215.251242] (-) TimerEvent: {}
[215.352828] (-) TimerEvent: {}
[215.454430] (-) TimerEvent: {}
[215.556160] (-) TimerEvent: {}
[215.657715] (-) TimerEvent: {}
[215.759221] (-) TimerEvent: {}
[215.860754] (-) TimerEvent: {}
[215.962323] (-) TimerEvent: {}
[216.063826] (-) TimerEvent: {}
[216.165281] (-) TimerEvent: {}
[216.266688] (-) TimerEvent: {}
[216.368141] (-) TimerEvent: {}
[216.469692] (-) TimerEvent: {}
[216.571338] (-) TimerEvent: {}
[216.672909] (-) TimerEvent: {}
[216.774251] (-) TimerEvent: {}
[216.875630] (-) TimerEvent: {}
[216.977346] (-) TimerEvent: {}
[217.079039] (-) TimerEvent: {}
[217.180581] (-) TimerEvent: {}
[217.282562] (-) TimerEvent: {}
[217.384512] (-) TimerEvent: {}
[217.417600] (sllidar_ros2) StdoutLine: {'line': b'[ 50%] \x1b[32mBuilding CXX object CMakeFiles/sllidar_node.dir/sdk/src/rplidar_driver.cpp.o\x1b[0m\n'}
[217.475396] (sllidar_ros2) StdoutLine: {'line': b'[ 55%] \x1b[32mBuilding CXX object CMakeFiles/sllidar_node.dir/sdk/src/hal/thread.cpp.o\x1b[0m\n'}
[217.484660] (-) TimerEvent: {}
[217.586762] (-) TimerEvent: {}
[217.691145] (-) TimerEvent: {}
[217.794744] (-) TimerEvent: {}
[217.896702] (-) TimerEvent: {}
[217.999258] (-) TimerEvent: {}
[218.102349] (-) TimerEvent: {}
[218.205292] (-) TimerEvent: {}
[218.307260] (-) TimerEvent: {}
[218.409589] (-) TimerEvent: {}
[218.512760] (-) TimerEvent: {}
[218.615532] (-) TimerEvent: {}
[218.746347] (-) TimerEvent: {}
[218.848574] (-) TimerEvent: {}
[218.950248] (-) TimerEvent: {}
[219.052078] (-) TimerEvent: {}
[219.153513] (-) TimerEvent: {}
[219.255166] (-) TimerEvent: {}
[219.357543] (-) TimerEvent: {}
[219.459803] (-) TimerEvent: {}
[219.563094] (-) TimerEvent: {}
[219.668048] (-) TimerEvent: {}
[219.772441] (-) TimerEvent: {}
[219.877358] (-) TimerEvent: {}
[219.979850] (-) TimerEvent: {}
[220.082836] (-) TimerEvent: {}
[220.185129] (-) TimerEvent: {}
[220.287325] (-) TimerEvent: {}
[220.391265] (-) TimerEvent: {}
[220.493464] (-) TimerEvent: {}
[220.595698] (-) TimerEvent: {}
[220.698158] (-) TimerEvent: {}
[220.803692] (-) TimerEvent: {}
[220.908510] (-) TimerEvent: {}
[221.010065] (-) TimerEvent: {}
[221.111897] (-) TimerEvent: {}
[221.213755] (-) TimerEvent: {}
[221.315523] (-) TimerEvent: {}
[221.417413] (-) TimerEvent: {}
[221.519197] (-) TimerEvent: {}
[221.621046] (-) TimerEvent: {}
[221.725242] (-) TimerEvent: {}
[221.827346] (-) TimerEvent: {}
[221.929582] (-) TimerEvent: {}
[222.033403] (-) TimerEvent: {}
[222.137667] (-) TimerEvent: {}
[222.241884] (-) TimerEvent: {}
[222.346990] (-) TimerEvent: {}
[222.449646] (-) TimerEvent: {}
[222.552216] (-) TimerEvent: {}
[222.654307] (-) TimerEvent: {}
[222.756666] (-) TimerEvent: {}
[222.858862] (-) TimerEvent: {}
[222.962523] (-) TimerEvent: {}
[223.064723] (-) TimerEvent: {}
[223.166813] (-) TimerEvent: {}
[223.269037] (-) TimerEvent: {}
[223.371955] (-) TimerEvent: {}
[223.480023] (-) TimerEvent: {}
[223.582213] (-) TimerEvent: {}
[223.684624] (-) TimerEvent: {}
[223.786849] (-) TimerEvent: {}
[223.889356] (-) TimerEvent: {}
[223.991957] (-) TimerEvent: {}
[224.098017] (-) TimerEvent: {}
[224.200563] (-) TimerEvent: {}
[224.303374] (-) TimerEvent: {}
[224.536689] (-) TimerEvent: {}
[224.638434] (-) TimerEvent: {}
[224.740838] (-) TimerEvent: {}
[224.842516] (-) TimerEvent: {}
[224.944047] (-) TimerEvent: {}
[225.045624] (-) TimerEvent: {}
[225.147876] (-) TimerEvent: {}
[225.250485] (-) TimerEvent: {}
[225.353441] (-) TimerEvent: {}
[225.456182] (-) TimerEvent: {}
[225.559139] (-) TimerEvent: {}
[225.661896] (-) TimerEvent: {}
[225.767279] (-) TimerEvent: {}
[225.872566] (-) TimerEvent: {}
[225.978495] (-) TimerEvent: {}
[226.082586] (-) TimerEvent: {}
[226.187148] (-) TimerEvent: {}
[226.291793] (-) TimerEvent: {}
[226.396642] (-) TimerEvent: {}
[226.501017] (-) TimerEvent: {}
[226.604671] (-) TimerEvent: {}
[226.707185] (-) TimerEvent: {}
[226.810506] (-) TimerEvent: {}
[226.915909] (-) TimerEvent: {}
[227.021760] (-) TimerEvent: {}
[227.128146] (-) TimerEvent: {}
[227.233798] (-) TimerEvent: {}
[227.339428] (-) TimerEvent: {}
[227.446745] (-) TimerEvent: {}
[227.552777] (-) TimerEvent: {}
[227.654891] (-) TimerEvent: {}
[227.756503] (-) TimerEvent: {}
[227.858403] (-) TimerEvent: {}
[227.960333] (-) TimerEvent: {}
[228.062131] (-) TimerEvent: {}
[228.163931] (-) TimerEvent: {}
[228.265788] (-) TimerEvent: {}
[228.367868] (-) TimerEvent: {}
[228.470043] (-) TimerEvent: {}
[228.575450] (-) TimerEvent: {}
[228.681686] (-) TimerEvent: {}
[228.787004] (-) TimerEvent: {}
[228.893347] (-) TimerEvent: {}
[228.999787] (-) TimerEvent: {}
[229.105479] (-) TimerEvent: {}
[229.211089] (-) TimerEvent: {}
[229.316670] (-) TimerEvent: {}
[229.419189] (-) TimerEvent: {}
[229.521776] (-) TimerEvent: {}
[229.626311] (-) TimerEvent: {}
[229.728508] (-) TimerEvent: {}
[229.830838] (-) TimerEvent: {}
[229.933671] (-) TimerEvent: {}
[230.148004] (-) TimerEvent: {}
[230.249846] (-) TimerEvent: {}
[230.351624] (-) TimerEvent: {}
[230.453206] (-) TimerEvent: {}
[230.554963] (-) TimerEvent: {}
[230.656675] (-) TimerEvent: {}
[230.758226] (-) TimerEvent: {}
[230.859865] (-) TimerEvent: {}
[230.961461] (-) TimerEvent: {}
[231.063023] (-) TimerEvent: {}
[231.164732] (-) TimerEvent: {}
[231.266507] (-) TimerEvent: {}
[231.368236] (-) TimerEvent: {}
[231.469982] (-) TimerEvent: {}
[231.571332] (-) TimerEvent: {}
[231.672695] (-) TimerEvent: {}
[231.774512] (-) TimerEvent: {}
[231.876429] (-) TimerEvent: {}
[231.978265] (-) TimerEvent: {}
[232.080954] (-) TimerEvent: {}
[232.183145] (-) TimerEvent: {}
[232.292824] (-) TimerEvent: {}
[232.395097] (-) TimerEvent: {}
[232.496851] (-) TimerEvent: {}
[232.599267] (-) TimerEvent: {}
[232.702285] (-) TimerEvent: {}
[232.805636] (-) TimerEvent: {}
[232.908248] (-) TimerEvent: {}
[233.010596] (-) TimerEvent: {}
[233.115032] (-) TimerEvent: {}
[233.220354] (-) TimerEvent: {}
[233.324931] (-) TimerEvent: {}
[233.429961] (-) TimerEvent: {}
[233.532736] (-) TimerEvent: {}
[233.635127] (-) TimerEvent: {}
[233.737742] (-) TimerEvent: {}
[233.842226] (-) TimerEvent: {}
[233.944999] (-) TimerEvent: {}
[234.047399] (-) TimerEvent: {}
[234.149304] (-) TimerEvent: {}
[234.251100] (-) TimerEvent: {}
[234.352915] (-) TimerEvent: {}
[234.454600] (-) TimerEvent: {}
[234.555883] (-) TimerEvent: {}
[234.657484] (-) TimerEvent: {}
[234.759027] (-) TimerEvent: {}
[234.863176] (-) TimerEvent: {}
[234.965494] (-) TimerEvent: {}
[235.068775] (-) TimerEvent: {}
[235.171998] (-) TimerEvent: {}
[235.276886] (-) TimerEvent: {}
[235.379318] (-) TimerEvent: {}
[235.503464] (-) TimerEvent: {}
[235.562131] (sllidar_ros2) StderrLine: {'line': b'In file included from \x1b[01m\x1b[K/home/arno/RoombaV2Onboard/src/sllidar_ros2/./sdk/include/rplidar_protocol.h:36\x1b[m\x1b[K,\n'}
[236.155640] (-) TimerEvent: {}
[236.160336] (sllidar_ros2) StderrLine: {'line': b'                 from \x1b[01m\x1b[K/home/arno/RoombaV2Onboard/src/sllidar_ros2/./sdk/include/rplidar.h:39\x1b[m\x1b[K,\n'}
[236.179926] (sllidar_ros2) StderrLine: {'line': b'                 from \x1b[01m\x1b[K/home/arno/RoombaV2Onboard/src/sllidar_ros2/sdk/src/sdkcommon.h:49\x1b[m\x1b[K,\n'}
[236.188314] (sllidar_ros2) StderrLine: {'line': b'                 from \x1b[01m\x1b[K/home/arno/RoombaV2Onboard/src/sllidar_ros2/sdk/src/rplidar_driver.cpp:33\x1b[m\x1b[K:\n'}
[236.191200] (sllidar_ros2) StderrLine: {'line': b'\x1b[01m\x1b[K/home/arno/RoombaV2Onboard/src/sllidar_ros2/./sdk/include/sl_lidar_protocol.h:66:16:\x1b[m\x1b[K \x1b[01;35m\x1b[Kwarning: \x1b[m\x1b[KISO C++ forbids zero-size array \xe2\x80\x98\x1b[01m\x1b[Kdata\x1b[m\x1b[K\xe2\x80\x99 [\x1b[01;35m\x1b[K\x1b]8;;https://gcc.gnu.org/onlinedocs/gcc/Warning-Options.html#index-Wpedantic\x07-Wpedantic\x1b]8;;\x07\x1b[m\x1b[K]\n'}
[236.202312] (sllidar_ros2) StderrLine: {'line': b'   66 |     sl_u8 data[\x1b[01;35m\x1b[K0\x1b[m\x1b[K];\n'}
[236.205745] (sllidar_ros2) StderrLine: {'line': b'      |                \x1b[01;35m\x1b[K^\x1b[m\x1b[K\n'}
[236.208600] (sllidar_ros2) StderrLine: {'line': b'In file included from \x1b[01m\x1b[K/home/arno/RoombaV2Onboard/src/sllidar_ros2/./sdk/include/rplidar_protocol.h:36\x1b[m\x1b[K,\n'}
[236.232157] (sllidar_ros2) StderrLine: {'line': b'                 from \x1b[01m\x1b[K/home/arno/RoombaV2Onboard/src/sllidar_ros2/./sdk/include/rplidar.h:39\x1b[m\x1b[K,\n'}
[236.234814] (sllidar_ros2) StderrLine: {'line': b'                 from \x1b[01m\x1b[K/home/arno/RoombaV2Onboard/src/sllidar_ros2/./sdk/src/sdkcommon.h:49\x1b[m\x1b[K,\n'}
[236.237528] (sllidar_ros2) StderrLine: {'line': b'                 from \x1b[01m\x1b[K/home/arno/RoombaV2Onboard/src/sllidar_ros2/sdk/src/hal/thread.cpp:35\x1b[m\x1b[K:\n'}
[236.239927] (sllidar_ros2) StderrLine: {'line': b'\x1b[01m\x1b[K/home/arno/RoombaV2Onboard/src/sllidar_ros2/./sdk/include/sl_lidar_protocol.h:66:16:\x1b[m\x1b[K \x1b[01;35m\x1b[Kwarning: \x1b[m\x1b[KISO C++ forbids zero-size array \xe2\x80\x98\x1b[01m\x1b[Kdata\x1b[m\x1b[K\xe2\x80\x99 [\x1b[01;35m\x1b[K\x1b]8;;https://gcc.gnu.org/onlinedocs/gcc/Warning-Options.html#index-Wpedantic\x07-Wpedantic\x1b]8;;\x07\x1b[m\x1b[K]\n'}
[236.242338] (sllidar_ros2) StderrLine: {'line': b'   66 |     sl_u8 data[\x1b[01;35m\x1b[K0\x1b[m\x1b[K];\n'}
[236.248805] (sllidar_ros2) StderrLine: {'line': b'      |                \x1b[01;35m\x1b[K^\x1b[m\x1b[K\n'}
[236.251426] (sllidar_ros2) StderrLine: {'line': b'In file included from \x1b[01m\x1b[K/home/arno/RoombaV2Onboard/src/sllidar_ros2/./sdk/include/rplidar_cmd.h:36\x1b[m\x1b[K,\n'}
[236.254217] (sllidar_ros2) StderrLine: {'line': b'                 from \x1b[01m\x1b[K/home/arno/RoombaV2Onboard/src/sllidar_ros2/./sdk/include/rplidar.h:40\x1b[m\x1b[K,\n'}
[236.256532] (-) TimerEvent: {}
[236.258428] (sllidar_ros2) StderrLine: {'line': b'                 from \x1b[01m\x1b[K/home/arno/RoombaV2Onboard/src/sllidar_ros2/sdk/src/sdkcommon.h:49\x1b[m\x1b[K,\n'}
[236.261165] (sllidar_ros2) StderrLine: {'line': b'                 from \x1b[01m\x1b[K/home/arno/RoombaV2Onboard/src/sllidar_ros2/sdk/src/rplidar_driver.cpp:33\x1b[m\x1b[K:\n'}
[236.263661] (sllidar_ros2) StderrLine: {'line': b'\x1b[01m\x1b[K/home/arno/RoombaV2Onboard/src/sllidar_ros2/./sdk/include/sl_lidar_cmd.h:324:20:\x1b[m\x1b[K \x1b[01;35m\x1b[Kwarning: \x1b[m\x1b[KISO C++ forbids zero-size array \xe2\x80\x98\x1b[01m\x1b[Kpayload\x1b[m\x1b[K\xe2\x80\x99 [\x1b[01;35m\x1b[K\x1b]8;;https://gcc.gnu.org/onlinedocs/gcc/Warning-Options.html#index-Wpedantic\x07-Wpedantic\x1b]8;;\x07\x1b[m\x1b[K]\n'}
[236.298138] (sllidar_ros2) StderrLine: {'line': b'  324 |     sl_u8  payload[\x1b[01;35m\x1b[K0\x1b[m\x1b[K];\n'}
[236.300135] (sllidar_ros2) StderrLine: {'line': b'      |                    \x1b[01;35m\x1b[K^\x1b[m\x1b[K\n'}
[236.302635] (sllidar_ros2) StderrLine: {'line': b'In file included from \x1b[01m\x1b[K/home/arno/RoombaV2Onboard/src/sllidar_ros2/./sdk/include/rplidar_cmd.h:36\x1b[m\x1b[K,\n'}
[236.305270] (sllidar_ros2) StderrLine: {'line': b'                 from \x1b[01m\x1b[K/home/arno/RoombaV2Onboard/src/sllidar_ros2/./sdk/include/rplidar.h:40\x1b[m\x1b[K,\n'}
[236.307696] (sllidar_ros2) StderrLine: {'line': b'                 from \x1b[01m\x1b[K/home/arno/RoombaV2Onboard/src/sllidar_ros2/./sdk/src/sdkcommon.h:49\x1b[m\x1b[K,\n'}
[236.310627] (sllidar_ros2) StderrLine: {'line': b'                 from \x1b[01m\x1b[K/home/arno/RoombaV2Onboard/src/sllidar_ros2/sdk/src/hal/thread.cpp:35\x1b[m\x1b[K:\n'}
[236.313112] (sllidar_ros2) StderrLine: {'line': b'\x1b[01m\x1b[K/home/arno/RoombaV2Onboard/src/sllidar_ros2/./sdk/include/sl_lidar_cmd.h:324:20:\x1b[m\x1b[K \x1b[01;35m\x1b[Kwarning: \x1b[m\x1b[KISO C++ forbids zero-size array \xe2\x80\x98\x1b[01m\x1b[Kpayload\x1b[m\x1b[K\xe2\x80\x99 [\x1b[01;35m\x1b[K\x1b]8;;https://gcc.gnu.org/onlinedocs/gcc/Warning-Options.html#index-Wpedantic\x07-Wpedantic\x1b]8;;\x07\x1b[m\x1b[K]\n'}
[236.315437] (sllidar_ros2) StderrLine: {'line': b'  324 |     sl_u8  payload[\x1b[01;35m\x1b[K0\x1b[m\x1b[K];\n'}
[236.317875] (sllidar_ros2) StderrLine: {'line': b'      |                    \x1b[01;35m\x1b[K^\x1b[m\x1b[K\n'}
[236.928271] (-) TimerEvent: {}
[237.259150] (-) TimerEvent: {}
[237.261172] (sllidar_ros2) StderrLine: {'line': b'In file included from \x1b[01m\x1b[K/home/arno/RoombaV2Onboard/src/sllidar_ros2/sdk/src/hal/thread.cpp:43\x1b[m\x1b[K:\n'}
[237.286325] (sllidar_ros2) StderrLine: {'line': b'\x1b[01m\x1b[K/home/arno/RoombaV2Onboard/src/sllidar_ros2/./sdk/src/arch/linux/thread.hpp:\x1b[m\x1b[K In static member function \xe2\x80\x98\x1b[01m\x1b[Kstatic rp::hal::Thread rp::hal::Thread::create(thread_proc_t, void*)\x1b[m\x1b[K\xe2\x80\x99:\n'}
[237.299029] (sllidar_ros2) StderrLine: {'line': b'\x1b[01m\x1b[K/home/arno/RoombaV2Onboard/src/sllidar_ros2/./sdk/src/arch/linux/thread.hpp:52:57:\x1b[m\x1b[K \x1b[01;35m\x1b[Kwarning: \x1b[m\x1b[Kcast between incompatible function types from \xe2\x80\x98\x1b[01m\x1b[Kthread_proc_t\x1b[m\x1b[K\xe2\x80\x99 {aka \xe2\x80\x98\x1b[01m\x1b[Klong unsigned int (*)(void*)\x1b[m\x1b[K\xe2\x80\x99} to \xe2\x80\x98\x1b[01m\x1b[Kvoid* (*)(void*)\x1b[m\x1b[K\xe2\x80\x99 [\x1b[01;35m\x1b[K\x1b]8;;https://gcc.gnu.org/onlinedocs/gcc/Warning-Options.html#index-Wcast-function-type\x07-Wcast-function-type\x1b]8;;\x07\x1b[m\x1b[K]\n'}
[237.314056] (sllidar_ros2) StderrLine: {'line': b'   52 |     pthread_create((pthread_t *)&newborn._handle, NULL, \x1b[01;35m\x1b[K(void * (*)(void *))proc\x1b[m\x1b[K, data);\n'}
[237.315736] (sllidar_ros2) StderrLine: {'line': b'      |                                                         \x1b[01;35m\x1b[K^~~~~~~~~~~~~~~~~~~~~~~~\x1b[m\x1b[K\n'}
[237.317071] (sllidar_ros2) StderrLine: {'line': b'\x1b[01m\x1b[K/home/arno/RoombaV2Onboard/src/sllidar_ros2/./sdk/src/arch/linux/thread.hpp:\x1b[m\x1b[K In member function \xe2\x80\x98\x1b[01m\x1b[Ku_result rp::hal::Thread::join(long unsigned int)\x1b[m\x1b[K\xe2\x80\x99:\n'}
[237.340034] (sllidar_ros2) StderrLine: {'line': b'\x1b[01m\x1b[K/home/arno/RoombaV2Onboard/src/sllidar_ros2/./sdk/src/arch/linux/thread.hpp:176:37:\x1b[m\x1b[K \x1b[01;35m\x1b[Kwarning: \x1b[m\x1b[Kunused parameter \xe2\x80\x98\x1b[01m\x1b[Ktimeout\x1b[m\x1b[K\xe2\x80\x99 [\x1b[01;35m\x1b[K\x1b]8;;https://gcc.gnu.org/onlinedocs/gcc/Warning-Options.html#index-Wunused-parameter\x07-Wunused-parameter\x1b]8;;\x07\x1b[m\x1b[K]\n'}
[237.341155] (sllidar_ros2) StderrLine: {'line': b'  176 | u_result Thread::join(\x1b[01;35m\x1b[Kunsigned long timeout\x1b[m\x1b[K)\n'}
[237.342179] (sllidar_ros2) StderrLine: {'line': b'      |                       \x1b[01;35m\x1b[K~~~~~~~~~~~~~~^~~~~~~\x1b[m\x1b[K\n'}
[237.359747] (-) TimerEvent: {}
[237.461863] (-) TimerEvent: {}
[237.565377] (-) TimerEvent: {}
[237.668356] (-) TimerEvent: {}
[237.772221] (-) TimerEvent: {}
[237.874695] (-) TimerEvent: {}
[237.976531] (-) TimerEvent: {}
[238.078343] (-) TimerEvent: {}
[238.180167] (-) TimerEvent: {}
[238.282052] (-) TimerEvent: {}
[238.384066] (-) TimerEvent: {}
[238.485907] (-) TimerEvent: {}
[238.587533] (-) TimerEvent: {}
[238.689336] (-) TimerEvent: {}
[238.790875] (-) TimerEvent: {}
[238.892409] (-) TimerEvent: {}
[238.994007] (-) TimerEvent: {}
[239.095483] (-) TimerEvent: {}
[239.197284] (-) TimerEvent: {}
[239.299258] (-) TimerEvent: {}
[239.401197] (-) TimerEvent: {}
[239.507152] (-) TimerEvent: {}
[239.613312] (-) TimerEvent: {}
[239.717906] (-) TimerEvent: {}
[239.820382] (-) TimerEvent: {}
[239.922701] (-) TimerEvent: {}
[240.025386] (-) TimerEvent: {}
[240.128431] (-) TimerEvent: {}
[240.233992] (-) TimerEvent: {}
[240.339030] (-) TimerEvent: {}
[240.441590] (-) TimerEvent: {}
[240.478008] (sllidar_ros2) StderrLine: {'line': b'\x1b[01m\x1b[K/home/arno/RoombaV2Onboard/src/sllidar_ros2/sdk/src/rplidar_driver.cpp:\x1b[m\x1b[K In member function \xe2\x80\x98\x1b[01m\x1b[Ku_result rp::standalone::rplidar::RPlidarDriver::connect(const char*, _u32, _u32)\x1b[m\x1b[K\xe2\x80\x99:\n'}
[240.487312] (sllidar_ros2) StderrLine: {'line': b'\x1b[01m\x1b[K/home/arno/RoombaV2Onboard/src/sllidar_ros2/sdk/src/rplidar_driver.cpp:67:77:\x1b[m\x1b[K \x1b[01;35m\x1b[Kwarning: \x1b[m\x1b[Kunused parameter \xe2\x80\x98\x1b[01m\x1b[Kflag\x1b[m\x1b[K\xe2\x80\x99 [\x1b[01;35m\x1b[K\x1b]8;;https://gcc.gnu.org/onlinedocs/gcc/Warning-Options.html#index-Wunused-parameter\x07-Wunused-parameter\x1b]8;;\x07\x1b[m\x1b[K]\n'}
[240.495173] (sllidar_ros2) StderrLine: {'line': b'   67 |     u_result RPlidarDriver::connect(const char *path, _u32 portOrBaud, \x1b[01;35m\x1b[K_u32 flag\x1b[m\x1b[K)\n'}
[240.497422] (sllidar_ros2) StderrLine: {'line': b'      |                                                                        \x1b[01;35m\x1b[K~~~~~^~~~\x1b[m\x1b[K\n'}
[240.500657] (sllidar_ros2) StderrLine: {'line': b'\x1b[01m\x1b[K/home/arno/RoombaV2Onboard/src/sllidar_ros2/sdk/src/rplidar_driver.cpp:\x1b[m\x1b[K In member function \xe2\x80\x98\x1b[01m\x1b[Ku_result rp::standalone::rplidar::RPlidarDriver::reset(_u32)\x1b[m\x1b[K\xe2\x80\x99:\n'}
[240.503119] (sllidar_ros2) StderrLine: {'line': b'\x1b[01m\x1b[K/home/arno/RoombaV2Onboard/src/sllidar_ros2/sdk/src/rplidar_driver.cpp:101:40:\x1b[m\x1b[K \x1b[01;35m\x1b[Kwarning: \x1b[m\x1b[Kunused parameter \xe2\x80\x98\x1b[01m\x1b[Ktimeout\x1b[m\x1b[K\xe2\x80\x99 [\x1b[01;35m\x1b[K\x1b]8;;https://gcc.gnu.org/onlinedocs/gcc/Warning-Options.html#index-Wunused-parameter\x07-Wunused-parameter\x1b]8;;\x07\x1b[m\x1b[K]\n'}
[240.506321] (sllidar_ros2) StderrLine: {'line': b'  101 |     u_result RPlidarDriver::reset(\x1b[01;35m\x1b[K_u32 timeout\x1b[m\x1b[K)\n'}
[240.509087] (sllidar_ros2) StderrLine: {'line': b'      |                                   \x1b[01;35m\x1b[K~~~~~^~~~~~~\x1b[m\x1b[K\n'}
[240.512084] (sllidar_ros2) StderrLine: {'line': b'\x1b[01m\x1b[K/home/arno/RoombaV2Onboard/src/sllidar_ros2/sdk/src/rplidar_driver.cpp:\x1b[m\x1b[K In member function \xe2\x80\x98\x1b[01m\x1b[Ku_result rp::standalone::rplidar::RPlidarDriver::getScanDataWithInterval(rplidar_response_measurement_node_t*, size_t&)\x1b[m\x1b[K\xe2\x80\x99:\n'}
[240.515489] (sllidar_ros2) StderrLine: {'line': b'\x1b[01m\x1b[K/home/arno/RoombaV2Onboard/src/sllidar_ros2/sdk/src/rplidar_driver.cpp:180:91:\x1b[m\x1b[K \x1b[01;35m\x1b[Kwarning: \x1b[m\x1b[Kunused parameter \xe2\x80\x98\x1b[01m\x1b[Knodebuffer\x1b[m\x1b[K\xe2\x80\x99 [\x1b[01;35m\x1b[K\x1b]8;;https://gcc.gnu.org/onlinedocs/gcc/Warning-Options.html#index-Wunused-parameter\x07-Wunused-parameter\x1b]8;;\x07\x1b[m\x1b[K]\n'}
[240.519420] (sllidar_ros2) StderrLine: {'line': b'  180 |     u_result RPlidarDriver::getScanDataWithInterval(\x1b[01;35m\x1b[Krplidar_response_measurement_node_t * nodebuffer\x1b[m\x1b[K, size_t & count)\n'}
[240.526910] (sllidar_ros2) StderrLine: {'line': b'      |                                                     \x1b[01;35m\x1b[K~~~~~~~~~~~~~~~~~~~~~~~~~~~~~~~~~~~~~~^~~~~~~~~~\x1b[m\x1b[K\n'}
[240.529321] (sllidar_ros2) StderrLine: {'line': b'\x1b[01m\x1b[K/home/arno/RoombaV2Onboard/src/sllidar_ros2/sdk/src/rplidar_driver.cpp:180:112:\x1b[m\x1b[K \x1b[01;35m\x1b[Kwarning: \x1b[m\x1b[Kunused parameter \xe2\x80\x98\x1b[01m\x1b[Kcount\x1b[m\x1b[K\xe2\x80\x99 [\x1b[01;35m\x1b[K\x1b]8;;https://gcc.gnu.org/onlinedocs/gcc/Warning-Options.html#index-Wunused-parameter\x07-Wunused-parameter\x1b]8;;\x07\x1b[m\x1b[K]\n'}
[240.531619] (sllidar_ros2) StderrLine: {'line': b'  180 |     u_result RPlidarDriver::getScanDataWithInterval(rplidar_response_measurement_node_t * nodebuffer, \x1b[01;35m\x1b[Ksize_t & count\x1b[m\x1b[K)\n'}
[240.534501] (sllidar_ros2) StderrLine: {'line': b'      |                                                                                                       \x1b[01;35m\x1b[K~~~~~~~~~^~~~~\x1b[m\x1b[K\n'}
[240.542214] (-) TimerEvent: {}
[240.648035] (-) TimerEvent: {}
[240.750245] (-) TimerEvent: {}
[240.853112] (-) TimerEvent: {}
[240.955790] (-) TimerEvent: {}
[241.060853] (-) TimerEvent: {}
[241.165506] (-) TimerEvent: {}
[241.270519] (-) TimerEvent: {}
[241.372884] (-) TimerEvent: {}
[241.474957] (-) TimerEvent: {}
[241.577760] (-) TimerEvent: {}
[241.680087] (-) TimerEvent: {}
[241.781953] (-) TimerEvent: {}
[241.883741] (-) TimerEvent: {}
[241.986368] (-) TimerEvent: {}
[242.088504] (-) TimerEvent: {}
[242.190591] (-) TimerEvent: {}
[242.293853] (-) TimerEvent: {}
[242.396043] (-) TimerEvent: {}
[242.498258] (-) TimerEvent: {}
[242.600017] (-) TimerEvent: {}
[242.701579] (-) TimerEvent: {}
[242.803246] (-) TimerEvent: {}
[242.904605] (-) TimerEvent: {}
[243.006119] (-) TimerEvent: {}
[243.107674] (-) TimerEvent: {}
[243.209140] (-) TimerEvent: {}
[243.310554] (-) TimerEvent: {}
[243.412315] (-) TimerEvent: {}
[243.513721] (-) TimerEvent: {}
[243.615514] (-) TimerEvent: {}
[243.722303] (-) TimerEvent: {}
[243.860065] (-) TimerEvent: {}
[243.961337] (-) TimerEvent: {}
[244.062815] (-) TimerEvent: {}
[244.164289] (-) TimerEvent: {}
[244.265484] (-) TimerEvent: {}
[244.366734] (-) TimerEvent: {}
[244.468788] (-) TimerEvent: {}
[244.570120] (-) TimerEvent: {}
[244.671736] (-) TimerEvent: {}
[244.773166] (-) TimerEvent: {}
[244.874618] (-) TimerEvent: {}
[244.976088] (-) TimerEvent: {}
[245.077720] (-) TimerEvent: {}
[245.179204] (-) TimerEvent: {}
[245.280676] (-) TimerEvent: {}
[245.382167] (-) TimerEvent: {}
[245.483635] (-) TimerEvent: {}
[245.585618] (-) TimerEvent: {}
[245.687090] (-) TimerEvent: {}
[245.788971] (-) TimerEvent: {}
[245.890597] (-) TimerEvent: {}
[245.992041] (-) TimerEvent: {}
[246.093671] (-) TimerEvent: {}
[246.195115] (-) TimerEvent: {}
[246.296597] (-) TimerEvent: {}
[246.398031] (-) TimerEvent: {}
[246.499517] (-) TimerEvent: {}
[246.600895] (-) TimerEvent: {}
[246.702615] (-) TimerEvent: {}
[246.804343] (-) TimerEvent: {}
[246.905690] (-) TimerEvent: {}
[247.007010] (-) TimerEvent: {}
[247.108286] (-) TimerEvent: {}
[247.209889] (-) TimerEvent: {}
[247.311218] (-) TimerEvent: {}
[247.412808] (-) TimerEvent: {}
[247.514025] (-) TimerEvent: {}
[247.616986] (-) TimerEvent: {}
[247.721157] (-) TimerEvent: {}
[247.823118] (-) TimerEvent: {}
[247.924668] (-) TimerEvent: {}
[248.026572] (-) TimerEvent: {}
[248.129046] (-) TimerEvent: {}
[248.230657] (-) TimerEvent: {}
[248.332576] (-) TimerEvent: {}
[248.434216] (-) TimerEvent: {}
[248.535744] (-) TimerEvent: {}
[248.637045] (-) TimerEvent: {}
[248.738620] (-) TimerEvent: {}
[248.840612] (-) TimerEvent: {}
[248.942723] (-) TimerEvent: {}
[249.045251] (-) TimerEvent: {}
[249.147771] (-) TimerEvent: {}
[249.249957] (-) TimerEvent: {}
[249.351539] (-) TimerEvent: {}
[249.453340] (-) TimerEvent: {}
[249.554865] (-) TimerEvent: {}
[249.656468] (-) TimerEvent: {}
[249.758088] (-) TimerEvent: {}
[249.859667] (-) TimerEvent: {}
[249.961123] (-) TimerEvent: {}
[250.062585] (-) TimerEvent: {}
[250.163885] (-) TimerEvent: {}
[250.265360] (-) TimerEvent: {}
[250.367246] (-) TimerEvent: {}
[250.468928] (-) TimerEvent: {}
[250.570486] (-) TimerEvent: {}
[250.672447] (-) TimerEvent: {}
[250.775054] (-) TimerEvent: {}
[250.877700] (-) TimerEvent: {}
[250.980190] (-) TimerEvent: {}
[251.082320] (-) TimerEvent: {}
[251.183818] (-) TimerEvent: {}
[251.285347] (-) TimerEvent: {}
[251.386871] (-) TimerEvent: {}
[251.488392] (-) TimerEvent: {}
[251.590414] (-) TimerEvent: {}
[251.691935] (-) TimerEvent: {}
[251.793448] (-) TimerEvent: {}
[251.895003] (-) TimerEvent: {}
[251.996684] (-) TimerEvent: {}
[252.098247] (-) TimerEvent: {}
[252.199803] (-) TimerEvent: {}
[252.301559] (-) TimerEvent: {}
[252.403214] (-) TimerEvent: {}
[252.504959] (-) TimerEvent: {}
[252.606431] (-) TimerEvent: {}
[252.707960] (-) TimerEvent: {}
[252.809417] (-) TimerEvent: {}
[252.910872] (-) TimerEvent: {}
[253.012246] (-) TimerEvent: {}
[253.113731] (-) TimerEvent: {}
[253.215285] (-) TimerEvent: {}
[253.317169] (-) TimerEvent: {}
[253.418619] (-) TimerEvent: {}
[253.520341] (-) TimerEvent: {}
[253.621686] (-) TimerEvent: {}
[253.723179] (-) TimerEvent: {}
[253.824650] (-) TimerEvent: {}
[253.926116] (-) TimerEvent: {}
[254.027904] (-) TimerEvent: {}
[254.129556] (-) TimerEvent: {}
[254.230952] (-) TimerEvent: {}
[254.332589] (-) TimerEvent: {}
[254.433943] (-) TimerEvent: {}
[254.535792] (-) TimerEvent: {}
[254.638322] (-) TimerEvent: {}
[254.741046] (-) TimerEvent: {}
[254.843425] (-) TimerEvent: {}
[254.945737] (-) TimerEvent: {}
[255.047510] (-) TimerEvent: {}
[255.149020] (-) TimerEvent: {}
[255.250458] (-) TimerEvent: {}
[255.352290] (-) TimerEvent: {}
[255.454311] (-) TimerEvent: {}
[255.556168] (-) TimerEvent: {}
[255.657932] (-) TimerEvent: {}
[255.759723] (-) TimerEvent: {}
[255.861499] (-) TimerEvent: {}
[255.963248] (-) TimerEvent: {}
[256.065133] (-) TimerEvent: {}
[256.166920] (-) TimerEvent: {}
[256.268625] (-) TimerEvent: {}
[256.370523] (-) TimerEvent: {}
[256.472340] (-) TimerEvent: {}
[256.573796] (-) TimerEvent: {}
[256.675272] (-) TimerEvent: {}
[256.776829] (-) TimerEvent: {}
[256.878280] (-) TimerEvent: {}
[256.979732] (-) TimerEvent: {}
[257.081117] (-) TimerEvent: {}
[257.183146] (-) TimerEvent: {}
[257.284416] (-) TimerEvent: {}
[257.386002] (-) TimerEvent: {}
[257.487749] (-) TimerEvent: {}
[257.590205] (-) TimerEvent: {}
[257.692029] (-) TimerEvent: {}
[257.793704] (-) TimerEvent: {}
[257.895759] (-) TimerEvent: {}
[257.998428] (-) TimerEvent: {}
[258.101110] (-) TimerEvent: {}
[258.202649] (-) TimerEvent: {}
[258.304360] (-) TimerEvent: {}
[258.405815] (-) TimerEvent: {}
[258.507635] (-) TimerEvent: {}
[258.609904] (-) TimerEvent: {}
[258.711963] (-) TimerEvent: {}
[258.814459] (-) TimerEvent: {}
[258.915927] (-) TimerEvent: {}
[259.017524] (-) TimerEvent: {}
[259.119070] (-) TimerEvent: {}
[259.221400] (-) TimerEvent: {}
[259.323287] (-) TimerEvent: {}
[259.427723] (-) TimerEvent: {}
[259.529590] (-) TimerEvent: {}
[259.631608] (-) TimerEvent: {}
[259.733281] (-) TimerEvent: {}
[259.834809] (-) TimerEvent: {}
[259.936241] (-) TimerEvent: {}
[260.037735] (-) TimerEvent: {}
[260.139265] (-) TimerEvent: {}
[260.240806] (-) TimerEvent: {}
[260.342219] (-) TimerEvent: {}
[260.443592] (-) TimerEvent: {}
[260.545023] (-) TimerEvent: {}
[260.646472] (-) TimerEvent: {}
[260.748171] (-) TimerEvent: {}
[260.849581] (-) TimerEvent: {}
[260.951022] (-) TimerEvent: {}
[261.052585] (-) TimerEvent: {}
[261.153899] (-) TimerEvent: {}
[261.255801] (-) TimerEvent: {}
[261.357963] (-) TimerEvent: {}
[261.460652] (-) TimerEvent: {}
[261.564492] (-) TimerEvent: {}
[261.666243] (-) TimerEvent: {}
[261.767788] (-) TimerEvent: {}
[261.869140] (-) TimerEvent: {}
[261.970535] (-) TimerEvent: {}
[262.072094] (-) TimerEvent: {}
[262.173752] (-) TimerEvent: {}
[262.275531] (-) TimerEvent: {}
[262.377756] (-) TimerEvent: {}
[262.480552] (-) TimerEvent: {}
[262.582529] (-) TimerEvent: {}
[262.684477] (-) TimerEvent: {}
[262.786590] (-) TimerEvent: {}
[262.888151] (-) TimerEvent: {}
[262.989800] (-) TimerEvent: {}
[263.091865] (-) TimerEvent: {}
[263.193839] (-) TimerEvent: {}
[263.296179] (-) TimerEvent: {}
[263.399717] (-) TimerEvent: {}
[263.502206] (-) TimerEvent: {}
[263.603891] (-) TimerEvent: {}
[263.705044] (-) TimerEvent: {}
[263.806531] (-) TimerEvent: {}
[263.907835] (-) TimerEvent: {}
[264.009096] (-) TimerEvent: {}
[264.110418] (-) TimerEvent: {}
[264.211671] (-) TimerEvent: {}
[264.313150] (-) TimerEvent: {}
[264.418528] (-) TimerEvent: {}
[264.520703] (-) TimerEvent: {}
[264.622925] (-) TimerEvent: {}
[264.725235] (-) TimerEvent: {}
[264.827524] (-) TimerEvent: {}
[264.929667] (-) TimerEvent: {}
[265.031541] (-) TimerEvent: {}
[265.133723] (-) TimerEvent: {}
[265.235978] (-) TimerEvent: {}
[265.338287] (-) TimerEvent: {}
[265.440477] (-) TimerEvent: {}
[265.542741] (-) TimerEvent: {}
[265.644945] (-) TimerEvent: {}
[265.746872] (-) TimerEvent: {}
[265.849296] (-) TimerEvent: {}
[265.951252] (-) TimerEvent: {}
[266.053295] (-) TimerEvent: {}
[266.156251] (-) TimerEvent: {}
[266.258453] (-) TimerEvent: {}
[266.361269] (-) TimerEvent: {}
[266.463507] (-) TimerEvent: {}
[266.565762] (-) TimerEvent: {}
[266.667827] (-) TimerEvent: {}
[266.770191] (-) TimerEvent: {}
[266.872104] (-) TimerEvent: {}
[266.973329] (-) TimerEvent: {}
[267.074741] (-) TimerEvent: {}
[267.177028] (-) TimerEvent: {}
[267.279114] (-) TimerEvent: {}
[267.381293] (-) TimerEvent: {}
[267.483711] (-) TimerEvent: {}
[267.585775] (-) TimerEvent: {}
[267.687986] (-) TimerEvent: {}
[267.790097] (-) TimerEvent: {}
[267.892075] (-) TimerEvent: {}
[267.993957] (-) TimerEvent: {}
[268.096130] (-) TimerEvent: {}
[268.198134] (-) TimerEvent: {}
[268.300344] (-) TimerEvent: {}
[268.402450] (-) TimerEvent: {}
[268.504863] (-) TimerEvent: {}
[268.606964] (-) TimerEvent: {}
[268.709008] (-) TimerEvent: {}
[268.811221] (-) TimerEvent: {}
[268.915398] (-) TimerEvent: {}
[269.022236] (-) TimerEvent: {}
[269.126700] (-) TimerEvent: {}
[269.229626] (-) TimerEvent: {}
[269.332404] (-) TimerEvent: {}
[269.435272] (-) TimerEvent: {}
[269.537574] (-) TimerEvent: {}
[269.639843] (-) TimerEvent: {}
[269.741758] (-) TimerEvent: {}
[269.843979] (-) TimerEvent: {}
[269.946311] (-) TimerEvent: {}
[270.048726] (-) TimerEvent: {}
[270.150691] (-) TimerEvent: {}
[270.253101] (-) TimerEvent: {}
[270.355389] (-) TimerEvent: {}
[270.457280] (-) TimerEvent: {}
[270.558878] (-) TimerEvent: {}
[270.660394] (-) TimerEvent: {}
[270.762347] (-) TimerEvent: {}
[270.863823] (-) TimerEvent: {}
[270.965271] (-) TimerEvent: {}
[271.067070] (-) TimerEvent: {}
[271.168629] (-) TimerEvent: {}
[271.270150] (-) TimerEvent: {}
[271.371670] (-) TimerEvent: {}
[271.473247] (-) TimerEvent: {}
[271.569180] (sllidar_ros2) StdoutLine: {'line': b'[ 60%] \x1b[32mBuilding CXX object CMakeFiles/sllidar_node.dir/sdk/src/sl_crc.cpp.o\x1b[0m\n'}
[271.629846] (-) TimerEvent: {}
[271.731406] (-) TimerEvent: {}
[271.833026] (-) TimerEvent: {}
[271.934590] (-) TimerEvent: {}
[272.036009] (-) TimerEvent: {}
[272.137480] (-) TimerEvent: {}
[272.238915] (-) TimerEvent: {}
[272.340404] (-) TimerEvent: {}
[272.442312] (-) TimerEvent: {}
[272.485742] (sllidar_ros2) StderrLine: {'line': b'In file included from \x1b[01m\x1b[K/home/arno/RoombaV2Onboard/src/sllidar_ros2/./sdk/include/sl_lidar_cmd.h:41\x1b[m\x1b[K,\n'}
[272.491717] (sllidar_ros2) StderrLine: {'line': b'                 from \x1b[01m\x1b[K/home/arno/RoombaV2Onboard/src/sllidar_ros2/./sdk/include/sl_crc.h:36\x1b[m\x1b[K,\n'}
[272.493916] (sllidar_ros2) StderrLine: {'line': b'                 from \x1b[01m\x1b[K/home/arno/RoombaV2Onboard/src/sllidar_ros2/sdk/src/sl_crc.cpp:33\x1b[m\x1b[K:\n'}
[272.498618] (sllidar_ros2) StderrLine: {'line': b'\x1b[01m\x1b[K/home/arno/RoombaV2Onboard/src/sllidar_ros2/./sdk/include/sl_lidar_protocol.h:66:16:\x1b[m\x1b[K \x1b[01;35m\x1b[Kwarning: \x1b[m\x1b[KISO C++ forbids zero-size array \xe2\x80\x98\x1b[01m\x1b[Kdata\x1b[m\x1b[K\xe2\x80\x99 [\x1b[01;35m\x1b[K\x1b]8;;https://gcc.gnu.org/onlinedocs/gcc/Warning-Options.html#index-Wpedantic\x07-Wpedantic\x1b]8;;\x07\x1b[m\x1b[K]\n'}
[272.501381] (sllidar_ros2) StderrLine: {'line': b'   66 |     sl_u8 data[\x1b[01;35m\x1b[K0\x1b[m\x1b[K];\n'}
[272.503418] (sllidar_ros2) StderrLine: {'line': b'      |                \x1b[01;35m\x1b[K^\x1b[m\x1b[K\n'}
[272.505622] (sllidar_ros2) StderrLine: {'line': b'In file included from \x1b[01m\x1b[K/home/arno/RoombaV2Onboard/src/sllidar_ros2/./sdk/include/sl_crc.h:36\x1b[m\x1b[K,\n'}
[272.508102] (sllidar_ros2) StderrLine: {'line': b'                 from \x1b[01m\x1b[K/home/arno/RoombaV2Onboard/src/sllidar_ros2/sdk/src/sl_crc.cpp:33\x1b[m\x1b[K:\n'}
[272.510186] (sllidar_ros2) StderrLine: {'line': b'\x1b[01m\x1b[K/home/arno/RoombaV2Onboard/src/sllidar_ros2/./sdk/include/sl_lidar_cmd.h:324:20:\x1b[m\x1b[K \x1b[01;35m\x1b[Kwarning: \x1b[m\x1b[KISO C++ forbids zero-size array \xe2\x80\x98\x1b[01m\x1b[Kpayload\x1b[m\x1b[K\xe2\x80\x99 [\x1b[01;35m\x1b[K\x1b]8;;https://gcc.gnu.org/onlinedocs/gcc/Warning-Options.html#index-Wpedantic\x07-Wpedantic\x1b]8;;\x07\x1b[m\x1b[K]\n'}
[272.512471] (sllidar_ros2) StderrLine: {'line': b'  324 |     sl_u8  payload[\x1b[01;35m\x1b[K0\x1b[m\x1b[K];\n'}
[272.514459] (sllidar_ros2) StderrLine: {'line': b'      |                    \x1b[01;35m\x1b[K^\x1b[m\x1b[K\n'}
[272.542753] (-) TimerEvent: {}
[272.645815] (-) TimerEvent: {}
[272.747089] (-) TimerEvent: {}
[272.849445] (-) TimerEvent: {}
[272.873170] (sllidar_ros2) StdoutLine: {'line': b'[ 65%] \x1b[32mBuilding CXX object CMakeFiles/sllidar_node.dir/sdk/src/sl_lidar_driver.cpp.o\x1b[0m\n'}
[272.949827] (-) TimerEvent: {}
[273.051930] (-) TimerEvent: {}
[273.153969] (-) TimerEvent: {}
[273.256398] (-) TimerEvent: {}
[273.358774] (-) TimerEvent: {}
[273.460846] (-) TimerEvent: {}
[273.562079] (-) TimerEvent: {}
[273.663244] (-) TimerEvent: {}
[273.764543] (-) TimerEvent: {}
[273.865938] (-) TimerEvent: {}
[273.967619] (-) TimerEvent: {}
[274.069907] (-) TimerEvent: {}
[274.172086] (-) TimerEvent: {}
[274.274099] (-) TimerEvent: {}
[274.376319] (-) TimerEvent: {}
[274.477415] (-) TimerEvent: {}
[274.578650] (-) TimerEvent: {}
[274.679964] (-) TimerEvent: {}
[274.781335] (-) TimerEvent: {}
[274.882611] (-) TimerEvent: {}
[274.983868] (-) TimerEvent: {}
[275.085232] (-) TimerEvent: {}
[275.186916] (-) TimerEvent: {}
[275.288529] (-) TimerEvent: {}
[275.390475] (-) TimerEvent: {}
[275.492562] (-) TimerEvent: {}
[275.595815] (-) TimerEvent: {}
[275.697653] (-) TimerEvent: {}
[275.798805] (-) TimerEvent: {}
[275.900429] (-) TimerEvent: {}
[276.001866] (-) TimerEvent: {}
[276.026855] (sllidar_ros2) StdoutLine: {'line': b'[ 70%] \x1b[32mBuilding CXX object CMakeFiles/sllidar_node.dir/sdk/src/sl_lidarprotocol_codec.cpp.o\x1b[0m\n'}
[276.103248] (-) TimerEvent: {}
[276.206717] (sllidar_ros2) StdoutLine: {'line': b'[ 75%] \x1b[32mBuilding CXX object CMakeFiles/sllidar_node.dir/sdk/src/sl_async_transceiver.cpp.o\x1b[0m\n'}
[276.209302] (-) TimerEvent: {}
[276.313744] (-) TimerEvent: {}
[276.419512] (-) TimerEvent: {}
[276.523938] (-) TimerEvent: {}
[276.628910] (-) TimerEvent: {}
[276.730777] (-) TimerEvent: {}
[276.832687] (-) TimerEvent: {}
[276.934668] (-) TimerEvent: {}
[277.041137] (-) TimerEvent: {}
[277.145400] (-) TimerEvent: {}
[277.249989] (-) TimerEvent: {}
[277.354702] (-) TimerEvent: {}
[277.456942] (-) TimerEvent: {}
[277.559339] (-) TimerEvent: {}
[277.664406] (-) TimerEvent: {}
[277.769358] (-) TimerEvent: {}
[277.873343] (-) TimerEvent: {}
[277.977997] (-) TimerEvent: {}
[278.080192] (-) TimerEvent: {}
[278.182380] (-) TimerEvent: {}
[278.284425] (-) TimerEvent: {}
[278.386444] (-) TimerEvent: {}
[278.488653] (-) TimerEvent: {}
[278.590668] (-) TimerEvent: {}
[278.693021] (-) TimerEvent: {}
[278.797263] (-) TimerEvent: {}
[278.901137] (-) TimerEvent: {}
[279.004384] (-) TimerEvent: {}
[279.108637] (-) TimerEvent: {}
[279.213449] (-) TimerEvent: {}
[279.318059] (-) TimerEvent: {}
[279.420076] (-) TimerEvent: {}
[279.522426] (-) TimerEvent: {}
[279.627167] (-) TimerEvent: {}
[279.731745] (-) TimerEvent: {}
[279.834259] (-) TimerEvent: {}
[279.939235] (-) TimerEvent: {}
[280.041499] (-) TimerEvent: {}
[280.143514] (-) TimerEvent: {}
[280.245835] (-) TimerEvent: {}
[280.348752] (-) TimerEvent: {}
[280.451112] (-) TimerEvent: {}
[280.555341] (-) TimerEvent: {}
[280.660994] (-) TimerEvent: {}
[280.765511] (-) TimerEvent: {}
[280.868178] (-) TimerEvent: {}
[280.972406] (-) TimerEvent: {}
[281.077443] (-) TimerEvent: {}
[281.182574] (-) TimerEvent: {}
[281.287714] (-) TimerEvent: {}
[281.392310] (-) TimerEvent: {}
[281.497880] (-) TimerEvent: {}
[281.602428] (-) TimerEvent: {}
[281.707415] (-) TimerEvent: {}
[281.812639] (-) TimerEvent: {}
[281.915401] (-) TimerEvent: {}
[281.926528] (sllidar_ros2) StderrLine: {'line': b'In file included from \x1b[01m\x1b[K/home/arno/RoombaV2Onboard/src/sllidar_ros2/./sdk/include/rplidar_protocol.h:36\x1b[m\x1b[K,\n'}
[281.929646] (sllidar_ros2) StderrLine: {'line': b'                 from \x1b[01m\x1b[K/home/arno/RoombaV2Onboard/src/sllidar_ros2/./sdk/include/rplidar.h:39\x1b[m\x1b[K,\n'}
[281.932456] (sllidar_ros2) StderrLine: {'line': b'                 from \x1b[01m\x1b[K/home/arno/RoombaV2Onboard/src/sllidar_ros2/sdk/src/sdkcommon.h:49\x1b[m\x1b[K,\n'}
[281.945592] (sllidar_ros2) StderrLine: {'line': b'                 from \x1b[01m\x1b[K/home/arno/RoombaV2Onboard/src/sllidar_ros2/sdk/src/sl_lidar_driver.cpp:33\x1b[m\x1b[K:\n'}
[281.948525] (sllidar_ros2) StderrLine: {'line': b'\x1b[01m\x1b[K/home/arno/RoombaV2Onboard/src/sllidar_ros2/./sdk/include/sl_lidar_protocol.h:66:16:\x1b[m\x1b[K \x1b[01;35m\x1b[Kwarning: \x1b[m\x1b[KISO C++ forbids zero-size array \xe2\x80\x98\x1b[01m\x1b[Kdata\x1b[m\x1b[K\xe2\x80\x99 [\x1b[01;35m\x1b[K\x1b]8;;https://gcc.gnu.org/onlinedocs/gcc/Warning-Options.html#index-Wpedantic\x07-Wpedantic\x1b]8;;\x07\x1b[m\x1b[K]\n'}
[281.951901] (sllidar_ros2) StderrLine: {'line': b'   66 |     sl_u8 data[\x1b[01;35m\x1b[K0\x1b[m\x1b[K];\n'}
[281.954584] (sllidar_ros2) StderrLine: {'line': b'      |                \x1b[01;35m\x1b[K^\x1b[m\x1b[K\n'}
[281.959009] (sllidar_ros2) StderrLine: {'line': b'In file included from \x1b[01m\x1b[K/home/arno/RoombaV2Onboard/src/sllidar_ros2/./sdk/include/rplidar_cmd.h:36\x1b[m\x1b[K,\n'}
[281.962340] (sllidar_ros2) StderrLine: {'line': b'                 from \x1b[01m\x1b[K/home/arno/RoombaV2Onboard/src/sllidar_ros2/./sdk/include/rplidar.h:40\x1b[m\x1b[K,\n'}
[281.972813] (sllidar_ros2) StderrLine: {'line': b'                 from \x1b[01m\x1b[K/home/arno/RoombaV2Onboard/src/sllidar_ros2/sdk/src/sdkcommon.h:49\x1b[m\x1b[K,\n'}
[281.981530] (sllidar_ros2) StderrLine: {'line': b'                 from \x1b[01m\x1b[K/home/arno/RoombaV2Onboard/src/sllidar_ros2/sdk/src/sl_lidar_driver.cpp:33\x1b[m\x1b[K:\n'}
[281.984702] (sllidar_ros2) StderrLine: {'line': b'\x1b[01m\x1b[K/home/arno/RoombaV2Onboard/src/sllidar_ros2/./sdk/include/sl_lidar_cmd.h:324:20:\x1b[m\x1b[K \x1b[01;35m\x1b[Kwarning: \x1b[m\x1b[KISO C++ forbids zero-size array \xe2\x80\x98\x1b[01m\x1b[Kpayload\x1b[m\x1b[K\xe2\x80\x99 [\x1b[01;35m\x1b[K\x1b]8;;https://gcc.gnu.org/onlinedocs/gcc/Warning-Options.html#index-Wpedantic\x07-Wpedantic\x1b]8;;\x07\x1b[m\x1b[K]\n'}
[281.999240] (sllidar_ros2) StderrLine: {'line': b'  324 |     sl_u8  payload[\x1b[01;35m\x1b[K0\x1b[m\x1b[K];\n'}
[282.002114] (sllidar_ros2) StderrLine: {'line': b'      |                    \x1b[01;35m\x1b[K^\x1b[m\x1b[K\n'}
[282.015961] (-) TimerEvent: {}
[282.118736] (-) TimerEvent: {}
[282.223383] (-) TimerEvent: {}
[282.326841] (-) TimerEvent: {}
[282.431750] (-) TimerEvent: {}
[282.537088] (-) TimerEvent: {}
[282.642172] (-) TimerEvent: {}
[282.748141] (-) TimerEvent: {}
[282.854832] (-) TimerEvent: {}
[282.970407] (-) TimerEvent: {}
[283.073364] (-) TimerEvent: {}
[283.178535] (-) TimerEvent: {}
[283.283235] (-) TimerEvent: {}
[283.388501] (-) TimerEvent: {}
[283.492686] (-) TimerEvent: {}
[283.595193] (-) TimerEvent: {}
[283.697251] (-) TimerEvent: {}
[283.800972] (-) TimerEvent: {}
[283.904581] (-) TimerEvent: {}
[284.007165] (-) TimerEvent: {}
[284.119804] (-) TimerEvent: {}
[284.225763] (-) TimerEvent: {}
[284.329800] (-) TimerEvent: {}
[284.436657] (-) TimerEvent: {}
[284.539434] (-) TimerEvent: {}
[284.644409] (-) TimerEvent: {}
[284.751682] (-) TimerEvent: {}
[284.855409] (-) TimerEvent: {}
[284.960423] (-) TimerEvent: {}
[285.062313] (-) TimerEvent: {}
[285.164311] (-) TimerEvent: {}
[285.266849] (-) TimerEvent: {}
[285.369952] (-) TimerEvent: {}
[285.474658] (-) TimerEvent: {}
[285.579290] (-) TimerEvent: {}
[285.684001] (-) TimerEvent: {}
[285.786043] (-) TimerEvent: {}
[285.887926] (-) TimerEvent: {}
[285.989267] (-) TimerEvent: {}
[286.091091] (-) TimerEvent: {}
[286.193276] (-) TimerEvent: {}
[286.295295] (-) TimerEvent: {}
[286.397464] (-) TimerEvent: {}
[286.499413] (-) TimerEvent: {}
[286.601251] (-) TimerEvent: {}
[286.703169] (-) TimerEvent: {}
[286.806252] (-) TimerEvent: {}
[286.908721] (-) TimerEvent: {}
[287.014516] (-) TimerEvent: {}
[287.119824] (-) TimerEvent: {}
[287.222220] (-) TimerEvent: {}
[287.324773] (-) TimerEvent: {}
[287.431083] (-) TimerEvent: {}
[287.501870] (sllidar_ros2) StderrLine: {'line': b'In file included from \x1b[01m\x1b[K/home/arno/RoombaV2Onboard/src/sllidar_ros2/sdk/src/sl_lidar_driver.cpp:50\x1b[m\x1b[K:\n'}
[287.528918] (sllidar_ros2) StderrLine: {'line': b'\x1b[01m\x1b[K/home/arno/RoombaV2Onboard/src/sllidar_ros2/sdk/src/dataunpacker/dataunpacker.h:\x1b[m\x1b[K In member function \xe2\x80\x98\x1b[01m\x1b[Kvirtual void sl::internal::LIDARSampleDataListener::onCustomSampleDataDecoded(_u8, _u32, const void*, size_t)\x1b[m\x1b[K\xe2\x80\x99:\n'}
[287.533869] (-) TimerEvent: {}
[287.536455] (sllidar_ros2) StderrLine: {'line': b'\x1b[01m\x1b[K/home/arno/RoombaV2Onboard/src/sllidar_ros2/sdk/src/dataunpacker/dataunpacker.h:54:52:\x1b[m\x1b[K \x1b[01;35m\x1b[Kwarning: \x1b[m\x1b[Kunused parameter \xe2\x80\x98\x1b[01m\x1b[KansType\x1b[m\x1b[K\xe2\x80\x99 [\x1b[01;35m\x1b[K\x1b]8;;https://gcc.gnu.org/onlinedocs/gcc/Warning-Options.html#index-Wunused-parameter\x07-Wunused-parameter\x1b]8;;\x07\x1b[m\x1b[K]\n'}
[287.539158] (sllidar_ros2) StderrLine: {'line': b'   54 |         virtual void onCustomSampleDataDecoded(\x1b[01;35m\x1b[K_u8 ansType\x1b[m\x1b[K, _u32 customCode, const void* data, size_t size) {}\n'}
[287.542081] (sllidar_ros2) StderrLine: {'line': b'      |                                                \x1b[01;35m\x1b[K~~~~^~~~~~~\x1b[m\x1b[K\n'}
[287.544753] (sllidar_ros2) StderrLine: {'line': b'\x1b[01m\x1b[K/home/arno/RoombaV2Onboard/src/sllidar_ros2/sdk/src/dataunpacker/dataunpacker.h:54:66:\x1b[m\x1b[K \x1b[01;35m\x1b[Kwarning: \x1b[m\x1b[Kunused parameter \xe2\x80\x98\x1b[01m\x1b[KcustomCode\x1b[m\x1b[K\xe2\x80\x99 [\x1b[01;35m\x1b[K\x1b]8;;https://gcc.gnu.org/onlinedocs/gcc/Warning-Options.html#index-Wunused-parameter\x07-Wunused-parameter\x1b]8;;\x07\x1b[m\x1b[K]\n'}
[287.552604] (sllidar_ros2) StderrLine: {'line': b'   54 |         virtual void onCustomSampleDataDecoded(_u8 ansType, \x1b[01;35m\x1b[K_u32 customCode\x1b[m\x1b[K, const void* data, size_t size) {}\n'}
[287.555654] (sllidar_ros2) StderrLine: {'line': b'      |                                                             \x1b[01;35m\x1b[K~~~~~^~~~~~~~~~\x1b[m\x1b[K\n'}
[287.558436] (sllidar_ros2) StderrLine: {'line': b'\x1b[01m\x1b[K/home/arno/RoombaV2Onboard/src/sllidar_ros2/sdk/src/dataunpacker/dataunpacker.h:54:90:\x1b[m\x1b[K \x1b[01;35m\x1b[Kwarning: \x1b[m\x1b[Kunused parameter \xe2\x80\x98\x1b[01m\x1b[Kdata\x1b[m\x1b[K\xe2\x80\x99 [\x1b[01;35m\x1b[K\x1b]8;;https://gcc.gnu.org/onlinedocs/gcc/Warning-Options.html#index-Wunused-parameter\x07-Wunused-parameter\x1b]8;;\x07\x1b[m\x1b[K]\n'}
[287.566476] (sllidar_ros2) StderrLine: {'line': b'   54 |         virtual void onCustomSampleDataDecoded(_u8 ansType, _u32 customCode, \x1b[01;35m\x1b[Kconst void* data\x1b[m\x1b[K, size_t size) {}\n'}
[287.578002] (sllidar_ros2) StderrLine: {'line': b'      |                                                                              \x1b[01;35m\x1b[K~~~~~~~~~~~~^~~~\x1b[m\x1b[K\n'}
[287.581285] (sllidar_ros2) StderrLine: {'line': b'\x1b[01m\x1b[K/home/arno/RoombaV2Onboard/src/sllidar_ros2/sdk/src/dataunpacker/dataunpacker.h:54:103:\x1b[m\x1b[K \x1b[01;35m\x1b[Kwarning: \x1b[m\x1b[Kunused parameter \xe2\x80\x98\x1b[01m\x1b[Ksize\x1b[m\x1b[K\xe2\x80\x99 [\x1b[01;35m\x1b[K\x1b]8;;https://gcc.gnu.org/onlinedocs/gcc/Warning-Options.html#index-Wunused-parameter\x07-Wunused-parameter\x1b]8;;\x07\x1b[m\x1b[K]\n'}
[287.591484] (sllidar_ros2) StderrLine: {'line': b'   54 |        virtual void onCustomSampleDataDecoded(_u8 ansType, _u32 customCode, const void* data, \x1b[01;35m\x1b[Ksize_t size\x1b[m\x1b[K) {}\n'}
[287.600756] (sllidar_ros2) StderrLine: {'line': b'      |                                                                                               \x1b[01;35m\x1b[K~~~~~~~^~~~\x1b[m\x1b[K\n'}
[287.606457] (sllidar_ros2) StderrLine: {'line': b'\n'}
[287.610748] (sllidar_ros2) StderrLine: {'line': b'\x1b[01m\x1b[K/home/arno/RoombaV2Onboard/src/sllidar_ros2/sdk/src/dataunpacker/dataunpacker.h:\x1b[m\x1b[K In member function \xe2\x80\x98\x1b[01m\x1b[Kvirtual void sl::internal::LIDARSampleDataListener::onDecodingError(int, _u8, const void*, size_t)\x1b[m\x1b[K\xe2\x80\x99:\n'}
[287.620120] (sllidar_ros2) StderrLine: {'line': b'\x1b[01m\x1b[K/home/arno/RoombaV2Onboard/src/sllidar_ros2/sdk/src/dataunpacker/dataunpacker.h:56:42:\x1b[m\x1b[K \x1b[01;35m\x1b[Kwarning: \x1b[m\x1b[Kunused parameter \xe2\x80\x98\x1b[01m\x1b[KerrMsg\x1b[m\x1b[K\xe2\x80\x99 [\x1b[01;35m\x1b[K\x1b]8;;https://gcc.gnu.org/onlinedocs/gcc/Warning-Options.html#index-Wunused-parameter\x07-Wunused-parameter\x1b]8;;\x07\x1b[m\x1b[K]\n'}
[287.624331] (sllidar_ros2) StderrLine: {'line': b'   56 |         virtual void onDecodingError(\x1b[01;35m\x1b[Kint errMsg\x1b[m\x1b[K, _u8 ansType, const void* payload, size_t size) {}\n'}
[287.628297] (sllidar_ros2) StderrLine: {'line': b'      |                                      \x1b[01;35m\x1b[K~~~~^~~~~~\x1b[m\x1b[K\n'}
[287.631026] (sllidar_ros2) StderrLine: {'line': b'\x1b[01m\x1b[K/home/arno/RoombaV2Onboard/src/sllidar_ros2/sdk/src/dataunpacker/dataunpacker.h:56:54:\x1b[m\x1b[K \x1b[01;35m\x1b[Kwarning: \x1b[m\x1b[Kunused parameter \xe2\x80\x98\x1b[01m\x1b[KansType\x1b[m\x1b[K\xe2\x80\x99 [\x1b[01;35m\x1b[K\x1b]8;;https://gcc.gnu.org/onlinedocs/gcc/Warning-Options.html#index-Wunused-parameter\x07-Wunused-parameter\x1b]8;;\x07\x1b[m\x1b[K]\n'}
[287.633914] (sllidar_ros2) StderrLine: {'line': b'   56 |         virtual void onDecodingError(int errMsg, \x1b[01;35m\x1b[K_u8 ansType\x1b[m\x1b[K, const void* payload, size_t size) {}\n'}
[287.637121] (-) TimerEvent: {}
[287.639734] (sllidar_ros2) StderrLine: {'line': b'      |                                                  \x1b[01;35m\x1b[K~~~~^~~~~~~\x1b[m\x1b[K\n'}
[287.642599] (sllidar_ros2) StderrLine: {'line': b'\x1b[01m\x1b[K/home/arno/RoombaV2Onboard/src/sllidar_ros2/sdk/src/dataunpacker/dataunpacker.h:56:75:\x1b[m\x1b[K \x1b[01;35m\x1b[Kwarning: \x1b[m\x1b[Kunused parameter \xe2\x80\x98\x1b[01m\x1b[Kpayload\x1b[m\x1b[K\xe2\x80\x99 [\x1b[01;35m\x1b[K\x1b]8;;https://gcc.gnu.org/onlinedocs/gcc/Warning-Options.html#index-Wunused-parameter\x07-Wunused-parameter\x1b]8;;\x07\x1b[m\x1b[K]\n'}
[287.645676] (sllidar_ros2) StderrLine: {'line': b'   56 |         virtual void onDecodingError(int errMsg, _u8 ansType, \x1b[01;35m\x1b[Kconst void* payload\x1b[m\x1b[K, size_t size) {}\n'}
[287.648991] (sllidar_ros2) StderrLine: {'line': b'      |                                                               \x1b[01;35m\x1b[K~~~~~~~~~~~~^~~~~~~\x1b[m\x1b[K\n'}
[287.656260] (sllidar_ros2) StderrLine: {'line': b'\x1b[01m\x1b[K/home/arno/RoombaV2Onboard/src/sllidar_ros2/sdk/src/dataunpacker/dataunpacker.h:56:91:\x1b[m\x1b[K \x1b[01;35m\x1b[Kwarning: \x1b[m\x1b[Kunused parameter \xe2\x80\x98\x1b[01m\x1b[Ksize\x1b[m\x1b[K\xe2\x80\x99 [\x1b[01;35m\x1b[K\x1b]8;;https://gcc.gnu.org/onlinedocs/gcc/Warning-Options.html#index-Wunused-parameter\x07-Wunused-parameter\x1b]8;;\x07\x1b[m\x1b[K]\n'}
[287.658955] (sllidar_ros2) StderrLine: {'line': b'   56 |         virtual void onDecodingError(int errMsg, _u8 ansType, const void* payload, \x1b[01;35m\x1b[Ksize_t size\x1b[m\x1b[K) {}\n'}
[287.661386] (sllidar_ros2) StderrLine: {'line': b'      |                                                                                    \x1b[01;35m\x1b[K~~~~~~~^~~~\x1b[m\x1b[K\n'}
[287.664714] (sllidar_ros2) StderrLine: {'line': b'In file included from \x1b[01m\x1b[K/home/arno/RoombaV2Onboard/src/sllidar_ros2/./sdk/include/rplidar_protocol.h:36\x1b[m\x1b[K,\n'}
[287.667382] (sllidar_ros2) StderrLine: {'line': b'                 from \x1b[01m\x1b[K/home/arno/RoombaV2Onboard/src/sllidar_ros2/./sdk/include/rplidar.h:39\x1b[m\x1b[K,\n'}
[287.670725] (sllidar_ros2) StderrLine: {'line': b'                 from \x1b[01m\x1b[K/home/arno/RoombaV2Onboard/src/sllidar_ros2/sdk/src/sdkcommon.h:49\x1b[m\x1b[K,\n'}
[287.674466] (sllidar_ros2) StderrLine: {'line': b'                 from \x1b[01m\x1b[K/home/arno/RoombaV2Onboard/src/sllidar_ros2/sdk/src/sl_async_transceiver.cpp:35\x1b[m\x1b[K:\n'}
[287.677711] (sllidar_ros2) StderrLine: {'line': b'\x1b[01m\x1b[K/home/arno/RoombaV2Onboard/src/sllidar_ros2/./sdk/include/sl_lidar_protocol.h:66:16:\x1b[m\x1b[K \x1b[01;35m\x1b[Kwarning: \x1b[m\x1b[KISO C++ forbids zero-size array \xe2\x80\x98\x1b[01m\x1b[Kdata\x1b[m\x1b[K\xe2\x80\x99 [\x1b[01;35m\x1b[K\x1b]8;;https://gcc.gnu.org/onlinedocs/gcc/Warning-Options.html#index-Wpedantic\x07-Wpedantic\x1b]8;;\x07\x1b[m\x1b[K]\n'}
[287.680555] (sllidar_ros2) StderrLine: {'line': b'   66 |     sl_u8 data[\x1b[01;35m\x1b[K0\x1b[m\x1b[K];\n'}
[287.682863] (sllidar_ros2) StderrLine: {'line': b'      |                \x1b[01;35m\x1b[K^\x1b[m\x1b[K\n'}
[287.687062] (sllidar_ros2) StderrLine: {'line': b'In file included from \x1b[01m\x1b[K/home/arno/RoombaV2Onboard/src/sllidar_ros2/./sdk/include/rplidar_protocol.h:36\x1b[m\x1b[K,\n'}
[287.689758] (sllidar_ros2) StderrLine: {'line': b'                 from \x1b[01m\x1b[K/home/arno/RoombaV2Onboard/src/sllidar_ros2/./sdk/include/rplidar.h:39\x1b[m\x1b[K,\n'}
[287.692355] (sllidar_ros2) StderrLine: {'line': b'                 from \x1b[01m\x1b[K/home/arno/RoombaV2Onboard/src/sllidar_ros2/sdk/src/sdkcommon.h:49\x1b[m\x1b[K,\n'}
[287.694676] (sllidar_ros2) StderrLine: {'line': b'                 from \x1b[01m\x1b[K/home/arno/RoombaV2Onboard/src/sllidar_ros2/sdk/src/sl_lidarprotocol_codec.cpp:35\x1b[m\x1b[K:\n'}
[287.703030] (sllidar_ros2) StderrLine: {'line': b'\x1b[01m\x1b[K/home/arno/RoombaV2Onboard/src/sllidar_ros2/./sdk/include/sl_lidar_protocol.h:66:16:\x1b[m\x1b[K \x1b[01;35m\x1b[Kwarning: \x1b[m\x1b[KISO C++ forbids zero-size array \xe2\x80\x98\x1b[01m\x1b[Kdata\x1b[m\x1b[K\xe2\x80\x99 [\x1b[01;35m\x1b[K\x1b]8;;https://gcc.gnu.org/onlinedocs/gcc/Warning-Options.html#index-Wpedantic\x07-Wpedantic\x1b]8;;\x07\x1b[m\x1b[K]\n'}
[287.714375] (sllidar_ros2) StderrLine: {'line': b'   66 |     sl_u8 data[\x1b[01;35m\x1b[K0\x1b[m\x1b[K];\n'}
[287.721767] (sllidar_ros2) StderrLine: {'line': b'      |                \x1b[01;35m\x1b[K^\x1b[m\x1b[K\n'}
[287.724207] (sllidar_ros2) StderrLine: {'line': b'In file included from \x1b[01m\x1b[K/home/arno/RoombaV2Onboard/src/sllidar_ros2/./sdk/include/rplidar_cmd.h:36\x1b[m\x1b[K,\n'}
[287.727055] (sllidar_ros2) StderrLine: {'line': b'                 from \x1b[01m\x1b[K/home/arno/RoombaV2Onboard/src/sllidar_ros2/./sdk/include/rplidar.h:40\x1b[m\x1b[K,\n'}
[287.729639] (sllidar_ros2) StderrLine: {'line': b'                 from \x1b[01m\x1b[K/home/arno/RoombaV2Onboard/src/sllidar_ros2/sdk/src/sdkcommon.h:49\x1b[m\x1b[K,\n'}
[287.732255] (sllidar_ros2) StderrLine: {'line': b'                 from \x1b[01m\x1b[K/home/arno/RoombaV2Onboard/src/sllidar_ros2/sdk/src/sl_async_transceiver.cpp:35\x1b[m\x1b[K:\n'}
[287.736343] (sllidar_ros2) StderrLine: {'line': b'\x1b[01m\x1b[K/home/arno/RoombaV2Onboard/src/sllidar_ros2/./sdk/include/sl_lidar_cmd.h:324:20:\x1b[m\x1b[K \x1b[01;35m\x1b[Kwarning: \x1b[m\x1b[KISO C++ forbids zero-size array \xe2\x80\x98\x1b[01m\x1b[Kpayload\x1b[m\x1b[K\xe2\x80\x99 [\x1b[01;35m\x1b[K\x1b]8;;https://gcc.gnu.org/onlinedocs/gcc/Warning-Options.html#index-Wpedantic\x07-Wpedantic\x1b]8;;\x07\x1b[m\x1b[K]\n'}
[287.740313] (-) TimerEvent: {}
[287.742626] (sllidar_ros2) StderrLine: {'line': b'  324 |     sl_u8  payload[\x1b[01;35m\x1b[K0\x1b[m\x1b[K];\n'}
[287.745961] (sllidar_ros2) StderrLine: {'line': b'      |                    \x1b[01;35m\x1b[K^\x1b[m\x1b[K\n'}
[287.750761] (sllidar_ros2) StderrLine: {'line': b'In file included from \x1b[01m\x1b[K/home/arno/RoombaV2Onboard/src/sllidar_ros2/./sdk/include/rplidar_cmd.h:36\x1b[m\x1b[K,\n'}
[287.753518] (sllidar_ros2) StderrLine: {'line': b'                 from \x1b[01m\x1b[K/home/arno/RoombaV2Onboard/src/sllidar_ros2/./sdk/include/rplidar.h:40\x1b[m\x1b[K,\n'}
[287.755535] (sllidar_ros2) StderrLine: {'line': b'                 from \x1b[01m\x1b[K/home/arno/RoombaV2Onboard/src/sllidar_ros2/sdk/src/sdkcommon.h:49\x1b[m\x1b[K,\n'}
[287.761520] (sllidar_ros2) StderrLine: {'line': b'                 from \x1b[01m\x1b[K/home/arno/RoombaV2Onboard/src/sllidar_ros2/sdk/src/sl_lidarprotocol_codec.cpp:35\x1b[m\x1b[K:\n'}
[287.764155] (sllidar_ros2) StderrLine: {'line': b'\x1b[01m\x1b[K/home/arno/RoombaV2Onboard/src/sllidar_ros2/./sdk/include/sl_lidar_cmd.h:324:20:\x1b[m\x1b[K \x1b[01;35m\x1b[Kwarning: \x1b[m\x1b[KISO C++ forbids zero-size array \xe2\x80\x98\x1b[01m\x1b[Kpayload\x1b[m\x1b[K\xe2\x80\x99 [\x1b[01;35m\x1b[K\x1b]8;;https://gcc.gnu.org/onlinedocs/gcc/Warning-Options.html#index-Wpedantic\x07-Wpedantic\x1b]8;;\x07\x1b[m\x1b[K]\n'}
[287.770702] (sllidar_ros2) StderrLine: {'line': b'  324 |     sl_u8  payload[\x1b[01;35m\x1b[K0\x1b[m\x1b[K];\n'}
[287.780834] (sllidar_ros2) StderrLine: {'line': b'      |                    \x1b[01;35m\x1b[K^\x1b[m\x1b[K\n'}
[287.783366] (sllidar_ros2) StderrLine: {'line': b'In file included from \x1b[01m\x1b[K/home/arno/RoombaV2Onboard/src/sllidar_ros2/sdk/src/sl_lidar_driver.cpp:51\x1b[m\x1b[K:\n'}
[287.786144] (sllidar_ros2) StderrLine: {'line': b'\x1b[01m\x1b[K/home/arno/RoombaV2Onboard/src/sllidar_ros2/sdk/src/sl_async_transceiver.h:\x1b[m\x1b[K In member function \xe2\x80\x98\x1b[01m\x1b[Kvirtual void sl::internal::IAsyncProtocolCodec::onChannelError(u_result)\x1b[m\x1b[K\xe2\x80\x99:\n'}
[287.793776] (sllidar_ros2) StderrLine: {'line': b'\x1b[01m\x1b[K/home/arno/RoombaV2Onboard/src/sllidar_ros2/sdk/src/sl_async_transceiver.h:90:48:\x1b[m\x1b[K \x1b[01;35m\x1b[Kwarning: \x1b[m\x1b[Kunused parameter \xe2\x80\x98\x1b[01m\x1b[KerrCode\x1b[m\x1b[K\xe2\x80\x99 [\x1b[01;35m\x1b[K\x1b]8;;https://gcc.gnu.org/onlinedocs/gcc/Warning-Options.html#index-Wunused-parameter\x07-Wunused-parameter\x1b]8;;\x07\x1b[m\x1b[K]\n'}
[287.796403] (sllidar_ros2) StderrLine: {'line': b'   90 |         virtual void   onChannelError(\x1b[01;35m\x1b[Ku_result errCode\x1b[m\x1b[K) {}\n'}
[287.814325] (sllidar_ros2) StderrLine: {'line': b'      |                                       \x1b[01;35m\x1b[K~~~~~~~~~^~~~~~~\x1b[m\x1b[K\n'}
[287.841890] (-) TimerEvent: {}
[287.950621] (-) TimerEvent: {}
[288.056247] (-) TimerEvent: {}
[288.162035] (-) TimerEvent: {}
[288.268718] (-) TimerEvent: {}
[288.377489] (-) TimerEvent: {}
[288.404754] (sllidar_ros2) StderrLine: {'line': b'\x1b[01m\x1b[K/home/arno/RoombaV2Onboard/src/sllidar_ros2/sdk/src/sl_lidar_driver.cpp:\x1b[m\x1b[K In member function \xe2\x80\x98\x1b[01m\x1b[Kvirtual sl_result sl::SlamtecLidarDriver::reset(sl_u32)\x1b[m\x1b[K\xe2\x80\x99:\n'}
[288.408067] (sllidar_ros2) StderrLine: {'line': b'\x1b[01m\x1b[K/home/arno/RoombaV2Onboard/src/sllidar_ros2/sdk/src/sl_lidar_driver.cpp:511:32:\x1b[m\x1b[K \x1b[01;35m\x1b[Kwarning: \x1b[m\x1b[Kunused parameter \xe2\x80\x98\x1b[01m\x1b[KtimeoutInMs\x1b[m\x1b[K\xe2\x80\x99 [\x1b[01;35m\x1b[K\x1b]8;;https://gcc.gnu.org/onlinedocs/gcc/Warning-Options.html#index-Wunused-parameter\x07-Wunused-parameter\x1b]8;;\x07\x1b[m\x1b[K]\n'}
[288.410628] (sllidar_ros2) StderrLine: {'line': b'  511 |         sl_result reset(\x1b[01;35m\x1b[Ksl_u32 timeoutInMs = DEFAULT_TIMEOUT\x1b[m\x1b[K)\n'}
[288.413292] (sllidar_ros2) StderrLine: {'line': b'      |                         \x1b[01;35m\x1b[K~~~~~~~^~~~~~~~~~~~~~~~~~~~~~~~~~~~~\x1b[m\x1b[K\n'}
[288.477263] (sllidar_ros2) StderrLine: {'line': b'\x1b[01m\x1b[K/home/arno/RoombaV2Onboard/src/sllidar_ros2/sdk/src/sl_lidar_driver.cpp:\x1b[m\x1b[K In member function \xe2\x80\x98\x1b[01m\x1b[Kvirtual sl_result sl::SlamtecLidarDriver::startScan(bool, bool, sl_u32, sl::LidarScanMode*)\x1b[m\x1b[K\xe2\x80\x99:\n'}
[288.480115] (-) TimerEvent: {}
[288.481858] (sllidar_ros2) StderrLine: {'line': b'\x1b[01m\x1b[K/home/arno/RoombaV2Onboard/src/sllidar_ros2/sdk/src/sl_lidar_driver.cpp:586:69:\x1b[m\x1b[K \x1b[01;35m\x1b[Kwarning: \x1b[m\x1b[Kunused parameter \xe2\x80\x98\x1b[01m\x1b[Koptions\x1b[m\x1b[K\xe2\x80\x99 [\x1b[01;35m\x1b[K\x1b]8;;https://gcc.gnu.org/onlinedocs/gcc/Warning-Options.html#index-Wunused-parameter\x07-Wunused-parameter\x1b]8;;\x07\x1b[m\x1b[K]\n'}
[288.484255] (sllidar_ros2) StderrLine: {'line': b'  586 |         sl_result startScan(bool force, bool useTypicalScan, \x1b[01;35m\x1b[Ksl_u32 options = 0\x1b[m\x1b[K, LidarScanMode* outUsedScanMode = nullptr)\n'}
[288.486210] (sllidar_ros2) StderrLine: {'line': b'      |                                                              \x1b[01;35m\x1b[K~~~~~~~^~~~~~~~~~~\x1b[m\x1b[K\n'}
[288.511232] (sllidar_ros2) StderrLine: {'line': b'\x1b[01m\x1b[K/home/arno/RoombaV2Onboard/src/sllidar_ros2/sdk/src/sl_lidar_driver.cpp:\x1b[m\x1b[K In member function \xe2\x80\x98\x1b[01m\x1b[Kvirtual sl_result sl::SlamtecLidarDriver::stop(sl_u32)\x1b[m\x1b[K\xe2\x80\x99:\n'}
[288.513356] (sllidar_ros2) StderrLine: {'line': b'\x1b[01m\x1b[K/home/arno/RoombaV2Onboard/src/sllidar_ros2/sdk/src/sl_lidar_driver.cpp:763:31:\x1b[m\x1b[K \x1b[01;35m\x1b[Kwarning: \x1b[m\x1b[Kunused parameter \xe2\x80\x98\x1b[01m\x1b[Ktimeout\x1b[m\x1b[K\xe2\x80\x99 [\x1b[01;35m\x1b[K\x1b]8;;https://gcc.gnu.org/onlinedocs/gcc/Warning-Options.html#index-Wunused-parameter\x07-Wunused-parameter\x1b]8;;\x07\x1b[m\x1b[K]\n'}
[290.016068] (-) TimerEvent: {}
[290.017964] (sllidar_ros2) StderrLine: {'line': b'  763 |         sl_result stop(\x1b[01;35m\x1b[Ksl_u32 timeout = DEFAULT_TIMEOUT\x1b[m\x1b[K)\n'}
[290.021281] (sllidar_ros2) StderrLine: {'line': b'      |                        \x1b[01;35m\x1b[K~~~~~~~^~~~~~~~~~~~~~~~~~~~~~~~~\x1b[m\x1b[K\n'}
[290.026100] (sllidar_ros2) StderrLine: {'line': b'\x1b[01m\x1b[K/home/arno/RoombaV2Onboard/src/sllidar_ros2/sdk/src/sl_lidar_driver.cpp:\x1b[m\x1b[K In member function \xe2\x80\x98\x1b[01m\x1b[Kvirtual sl_result sl::SlamtecLidarDriver::getFrequency(const sl::LidarScanMode&, const sl_lidar_response_measurement_node_hq_t*, size_t, float&)\x1b[m\x1b[K\xe2\x80\x99:\n'}
[290.029396] (sllidar_ros2) StderrLine: {'line': b'\x1b[01m\x1b[K/home/arno/RoombaV2Onboard/src/sllidar_ros2/sdk/src/sl_lidar_driver.cpp:880:110:\x1b[m\x1b[K \x1b[01;35m\x1b[Kwarning: \x1b[m\x1b[Kunused parameter \xe2\x80\x98\x1b[01m\x1b[Knodes\x1b[m\x1b[K\xe2\x80\x99 [\x1b[01;35m\x1b[K\x1b]8;;https://gcc.gnu.org/onlinedocs/gcc/Warning-Options.html#index-Wunused-parameter\x07-Wunused-parameter\x1b]8;;\x07\x1b[m\x1b[K]\n'}
[290.031445] (sllidar_ros2) StderrLine: {'line': b'  880 | result getFrequency(const LidarScanMode& scanMode, \x1b[01;35m\x1b[Kconst sl_lidar_response_measurement_node_hq_t* nodes\x1b[m\x1b[K, size_t count, float& frequency)\n'}
[290.037050] (sllidar_ros2) StderrLine: {'line': b'      |                                                    \x1b[01;35m\x1b[K~~~~~~~~~~~~~~~~~~~~~~~~~~~~~~~~~~~~~~~~~~~~~~~^~~~~\x1b[m\x1b[K\n'}
[290.038996] (sllidar_ros2) StderrLine: {'line': b'\n'}
[290.041678] (sllidar_ros2) StderrLine: {'line': b'\x1b[01m\x1b[K/home/arno/RoombaV2Onboard/src/sllidar_ros2/sdk/src/sl_lidar_driver.cpp:\x1b[m\x1b[K In member function \xe2\x80\x98\x1b[01m\x1b[Kvirtual sl_result sl::SlamtecLidarDriver::getMotorInfo(sl::LidarMotorInfo&, sl_u32)\x1b[m\x1b[K\xe2\x80\x99:\n'}
[290.050519] (sllidar_ros2) StderrLine: {'line': b'\x1b[01m\x1b[K/home/arno/RoombaV2Onboard/src/sllidar_ros2/sdk/src/sl_lidar_driver.cpp:1023:66:\x1b[m\x1b[K \x1b[01;35m\x1b[Kwarning: \x1b[m\x1b[Kunused parameter \xe2\x80\x98\x1b[01m\x1b[KtimeoutInMs\x1b[m\x1b[K\xe2\x80\x99 [\x1b[01;35m\x1b[K\x1b]8;;https://gcc.gnu.org/onlinedocs/gcc/Warning-Options.html#index-Wunused-parameter\x07-Wunused-parameter\x1b]8;;\x07\x1b[m\x1b[K]\n'}
[290.053901] (sllidar_ros2) StderrLine: {'line': b' 1023 |         sl_result getMotorInfo(LidarMotorInfo &motorInfo, \x1b[01;35m\x1b[Ksl_u32 timeoutInMs\x1b[m\x1b[K)\n'}
[290.056562] (sllidar_ros2) StderrLine: {'line': b'      |                                                           \x1b[01;35m\x1b[K~~~~~~~^~~~~~~~~~~\x1b[m\x1b[K\n'}
[290.058836] (sllidar_ros2) StderrLine: {'line': b'\x1b[01m\x1b[K/home/arno/RoombaV2Onboard/src/sllidar_ros2/sdk/src/sl_lidar_driver.cpp:\x1b[m\x1b[K In member function \xe2\x80\x98\x1b[01m\x1b[Ku_result sl::SlamtecLidarDriver::getScanModeCount(sl_u16&, sl_u32)\x1b[m\x1b[K\xe2\x80\x99:\n'}
[290.061369] (sllidar_ros2) StderrLine: {'line': b'\x1b[01m\x1b[K/home/arno/RoombaV2Onboard/src/sllidar_ros2/sdk/src/sl_lidar_driver.cpp:1199:61:\x1b[m\x1b[K \x1b[01;35m\x1b[Kwarning: \x1b[m\x1b[Kunused parameter \xe2\x80\x98\x1b[01m\x1b[KtimeoutInMs\x1b[m\x1b[K\xe2\x80\x99 [\x1b[01;35m\x1b[K\x1b]8;;https://gcc.gnu.org/onlinedocs/gcc/Warning-Options.html#index-Wunused-parameter\x07-Wunused-parameter\x1b]8;;\x07\x1b[m\x1b[K]\n'}
[290.063736] (sllidar_ros2) StderrLine: {'line': b' 1199 |         u_result getScanModeCount(sl_u16& modeCount, \x1b[01;35m\x1b[Ksl_u32 timeoutInMs = DEFAULT_TIMEOUT\x1b[m\x1b[K)\n'}
[290.065975] (sllidar_ros2) StderrLine: {'line': b'      |                                                      \x1b[01;35m\x1b[K~~~~~~~^~~~~~~~~~~~~~~~~~~~~~~~~~~~~\x1b[m\x1b[K\n'}
[290.116584] (-) TimerEvent: {}
[290.219019] (-) TimerEvent: {}
[290.324699] (-) TimerEvent: {}
[290.429337] (-) TimerEvent: {}
[290.531114] (-) TimerEvent: {}
[290.636557] (-) TimerEvent: {}
[290.744201] (-) TimerEvent: {}
[290.849053] (-) TimerEvent: {}
[290.946350] (sllidar_ros2) StderrLine: {'line': b'/home/arno/RoombaV2Onboard/src/sllidar_ros2/sdk/src/sl_lidar_driver.cpp: In instantiation of \xe2\x80\x98\x1b[01m\x1b[Kvoid sl::RawSampleNodeHolder<T>::pushNode(_u64, const T*) [with T = sl_lidar_response_measurement_node_hq_t; _u64 = long unsigned int]\x1b[m\x1b[K\xe2\x80\x99:\n'}
[290.949751] (-) TimerEvent: {}
[290.954799] (sllidar_ros2) StderrLine: {'line': b'\x1b[01m\x1b[K/home/arno/RoombaV2Onboard/src/sllidar_ros2/sdk/src/sl_lidar_driver.cpp:1648:42:\x1b[m\x1b[K   required from here\n'}
[290.959394] (sllidar_ros2) StderrLine: {'line': b'\x1b[01m\x1b[K/home/arno/RoombaV2Onboard/src/sllidar_ros2/sdk/src/sl_lidar_driver.cpp:202:28:\x1b[m\x1b[K \x1b[01;35m\x1b[Kwarning: \x1b[m\x1b[Kunused parameter \xe2\x80\x98\x1b[01m\x1b[Ktimestamp_uS\x1b[m\x1b[K\xe2\x80\x99 [\x1b[01;35m\x1b[K\x1b]8;;https://gcc.gnu.org/onlinedocs/gcc/Warning-Options.html#index-Wunused-parameter\x07-Wunused-parameter\x1b]8;;\x07\x1b[m\x1b[K]\n'}
[290.963204] (sllidar_ros2) StderrLine: {'line': b'  202 |         void pushNode(\x1b[01;35m\x1b[K_u64 timestamp_uS\x1b[m\x1b[K, const T* node)\n'}
[290.966143] (sllidar_ros2) StderrLine: {'line': b'      |                       \x1b[01;35m\x1b[K~~~~~^~~~~~~~~~~~\x1b[m\x1b[K\n'}
[291.050557] (-) TimerEvent: {}
[291.156433] (-) TimerEvent: {}
[291.261832] (-) TimerEvent: {}
[291.277587] (sllidar_ros2) StderrLine: {'line': b'In file included from \x1b[01m\x1b[K/home/arno/RoombaV2Onboard/src/sllidar_ros2/sdk/src/sl_async_transceiver.cpp:44\x1b[m\x1b[K:\n'}
[291.280421] (sllidar_ros2) StderrLine: {'line': b'\x1b[01m\x1b[K/home/arno/RoombaV2Onboard/src/sllidar_ros2/sdk/src/sl_async_transceiver.h:\x1b[m\x1b[K In member function \xe2\x80\x98\x1b[01m\x1b[Kvirtual void sl::internal::IAsyncProtocolCodec::onChannelError(u_result)\x1b[m\x1b[K\xe2\x80\x99:\n'}
[291.282128] (sllidar_ros2) StderrLine: {'line': b'\x1b[01m\x1b[K/home/arno/RoombaV2Onboard/src/sllidar_ros2/sdk/src/sl_async_transceiver.h:90:48:\x1b[m\x1b[K \x1b[01;35m\x1b[Kwarning: \x1b[m\x1b[Kunused parameter \xe2\x80\x98\x1b[01m\x1b[KerrCode\x1b[m\x1b[K\xe2\x80\x99 [\x1b[01;35m\x1b[K\x1b]8;;https://gcc.gnu.org/onlinedocs/gcc/Warning-Options.html#index-Wunused-parameter\x07-Wunused-parameter\x1b]8;;\x07\x1b[m\x1b[K]\n'}
[291.284364] (sllidar_ros2) StderrLine: {'line': b'   90 |         virtual void   onChannelError(\x1b[01;35m\x1b[Ku_result errCode\x1b[m\x1b[K) {}\n'}
[291.286132] (sllidar_ros2) StderrLine: {'line': b'      |                                       \x1b[01;35m\x1b[K~~~~~~~~~^~~~~~~\x1b[m\x1b[K\n'}
[291.362270] (-) TimerEvent: {}
[291.465238] (-) TimerEvent: {}
[291.567211] (-) TimerEvent: {}
[291.669063] (-) TimerEvent: {}
[291.770889] (-) TimerEvent: {}
[291.875944] (-) TimerEvent: {}
[291.980648] (-) TimerEvent: {}
[292.085729] (-) TimerEvent: {}
[292.190965] (-) TimerEvent: {}
[292.296561] (-) TimerEvent: {}
[292.402738] (-) TimerEvent: {}
[292.507852] (-) TimerEvent: {}
[292.613207] (-) TimerEvent: {}
[292.718465] (-) TimerEvent: {}
[292.821677] (-) TimerEvent: {}
[292.923820] (-) TimerEvent: {}
[293.025903] (-) TimerEvent: {}
[293.128135] (-) TimerEvent: {}
[293.230340] (sllidar_ros2) StderrLine: {'line': b'In file included from \x1b[01m\x1b[K/home/arno/RoombaV2Onboard/src/sllidar_ros2/sdk/src/sl_lidarprotocol_codec.cpp:49\x1b[m\x1b[K:\n'}
[293.233908] (-) TimerEvent: {}
[293.235759] (sllidar_ros2) StderrLine: {'line': b'\x1b[01m\x1b[K/home/arno/RoombaV2Onboard/src/sllidar_ros2/sdk/src/sl_async_transceiver.h:\x1b[m\x1b[K In member function \xe2\x80\x98\x1b[01m\x1b[Kvirtual void sl::internal::IAsyncProtocolCodec::onChannelError(u_result)\x1b[m\x1b[K\xe2\x80\x99:\n'}
[293.238171] (sllidar_ros2) StderrLine: {'line': b'\x1b[01m\x1b[K/home/arno/RoombaV2Onboard/src/sllidar_ros2/sdk/src/sl_async_transceiver.h:90:48:\x1b[m\x1b[K \x1b[01;35m\x1b[Kwarning: \x1b[m\x1b[Kunused parameter \xe2\x80\x98\x1b[01m\x1b[KerrCode\x1b[m\x1b[K\xe2\x80\x99 [\x1b[01;35m\x1b[K\x1b]8;;https://gcc.gnu.org/onlinedocs/gcc/Warning-Options.html#index-Wunused-parameter\x07-Wunused-parameter\x1b]8;;\x07\x1b[m\x1b[K]\n'}
[293.256363] (sllidar_ros2) StderrLine: {'line': b'   90 |         virtual void   onChannelError(\x1b[01;35m\x1b[Ku_result errCode\x1b[m\x1b[K) {}\n'}
[293.288475] (sllidar_ros2) StderrLine: {'line': b'      |                                       \x1b[01;35m\x1b[K~~~~~~~~~^~~~~~~\x1b[m\x1b[K\n'}
[293.334338] (-) TimerEvent: {}
[293.441802] (-) TimerEvent: {}
[293.553630] (-) TimerEvent: {}
[293.663280] (-) TimerEvent: {}
[293.773683] (-) TimerEvent: {}
[293.881889] (-) TimerEvent: {}
[293.989421] (-) TimerEvent: {}
[294.097298] (-) TimerEvent: {}
[294.205917] (-) TimerEvent: {}
[294.313185] (-) TimerEvent: {}
[294.415084] (-) TimerEvent: {}
[294.516928] (-) TimerEvent: {}
[294.618772] (-) TimerEvent: {}
[294.720519] (-) TimerEvent: {}
[294.824140] (-) TimerEvent: {}
[294.929898] (-) TimerEvent: {}
[295.036645] (-) TimerEvent: {}
[295.141825] (-) TimerEvent: {}
[295.251414] (-) TimerEvent: {}
[295.301685] (sllidar_ros2) StderrLine: {'line': b'\x1b[01m\x1b[K/home/arno/RoombaV2Onboard/src/sllidar_ros2/sdk/src/sl_lidar_driver.cpp:\x1b[m\x1b[K At global scope:\n'}
[295.308061] (sllidar_ros2) StderrLine: {'line': b'\x1b[01m\x1b[K/home/arno/RoombaV2Onboard/src/sllidar_ros2/sdk/src/sl_lidar_driver.cpp:83:17:\x1b[m\x1b[K \x1b[01;35m\x1b[Kwarning: \x1b[m\x1b[K\xe2\x80\x98\x1b[01m\x1b[Kvoid sl::convert(const sl_lidar_response_measurement_node_hq_t&, sl_lidar_response_measurement_node_t&)\x1b[m\x1b[K\xe2\x80\x99 defined but not used [\x1b[01;35m\x1b[K\x1b]8;;https://gcc.gnu.org/onlinedocs/gcc/Warning-Options.html#index-Wunused-function\x07-Wunused-function\x1b]8;;\x07\x1b[m\x1b[K]\n'}
[295.312731] (sllidar_ros2) StderrLine: {'line': b'   83 |     static void \x1b[01;35m\x1b[Kconvert\x1b[m\x1b[K(const sl_lidar_response_measurement_node_hq_t& from, sl_lidar_response_measurement_node_t& to)\n'}
[295.315722] (sllidar_ros2) StderrLine: {'line': b'      |                 \x1b[01;35m\x1b[K^~~~~~~\x1b[m\x1b[K\n'}
[295.319052] (sllidar_ros2) StderrLine: {'line': b'\x1b[01m\x1b[K/home/arno/RoombaV2Onboard/src/sllidar_ros2/sdk/src/sl_lidar_driver.cpp:75:17:\x1b[m\x1b[K \x1b[01;35m\x1b[Kwarning: \x1b[m\x1b[K\xe2\x80\x98\x1b[01m\x1b[Kvoid sl::convert(const sl_lidar_response_measurement_node_t&, sl_lidar_response_measurement_node_hq_t&)\x1b[m\x1b[K\xe2\x80\x99 defined but not used [\x1b[01;35m\x1b[K\x1b]8;;https://gcc.gnu.org/onlinedocs/gcc/Warning-Options.html#index-Wunused-function\x07-Wunused-function\x1b]8;;\x07\x1b[m\x1b[K]\n'}
[295.321783] (sllidar_ros2) StderrLine: {'line': b'   75 |     static void \x1b[01;35m\x1b[Kconvert\x1b[m\x1b[K(const sl_lidar_response_measurement_node_t& from, sl_lidar_response_measurement_node_hq_t& to)\n'}
[295.324885] (sllidar_ros2) StderrLine: {'line': b'      |                 \x1b[01;35m\x1b[K^~~~~~~\x1b[m\x1b[K\n'}
[295.328350] (sllidar_ros2) StderrLine: {'line': b'\x1b[01m\x1b[K/home/arno/RoombaV2Onboard/src/sllidar_ros2/sdk/src/sl_lidar_driver.cpp:70:17:\x1b[m\x1b[K \x1b[01;35m\x1b[Kwarning: \x1b[m\x1b[K\xe2\x80\x98\x1b[01m\x1b[Kvoid sl::printDeprecationWarn(const char*, const char*)\x1b[m\x1b[K\xe2\x80\x99 defined but not used [\x1b[01;35m\x1b[K\x1b]8;;https://gcc.gnu.org/onlinedocs/gcc/Warning-Options.html#index-Wunused-function\x07-Wunused-function\x1b]8;;\x07\x1b[m\x1b[K]\n'}
[295.331875] (sllidar_ros2) StderrLine: {'line': b'   70 |     static void \x1b[01;35m\x1b[KprintDeprecationWarn\x1b[m\x1b[K(const char* fn, const char* replacement)\n'}
[295.335928] (sllidar_ros2) StderrLine: {'line': b'      |                 \x1b[01;35m\x1b[K^~~~~~~~~~~~~~~~~~~~\x1b[m\x1b[K\n'}
[295.351966] (-) TimerEvent: {}
[295.457458] (-) TimerEvent: {}
[295.560149] (-) TimerEvent: {}
[295.662521] (-) TimerEvent: {}
[295.764750] (-) TimerEvent: {}
[295.867345] (-) TimerEvent: {}
[295.971654] (-) TimerEvent: {}
[296.076451] (-) TimerEvent: {}
[296.180725] (-) TimerEvent: {}
[296.283623] (-) TimerEvent: {}
[296.385992] (-) TimerEvent: {}
[296.488056] (-) TimerEvent: {}
[296.590246] (-) TimerEvent: {}
[296.692720] (-) TimerEvent: {}
[296.794860] (-) TimerEvent: {}
[296.897254] (-) TimerEvent: {}
[297.016546] (-) TimerEvent: {}
[297.118655] (-) TimerEvent: {}
[297.223127] (-) TimerEvent: {}
[297.325459] (-) TimerEvent: {}
[297.427712] (-) TimerEvent: {}
[297.529778] (-) TimerEvent: {}
[297.632130] (-) TimerEvent: {}
[297.733632] (-) TimerEvent: {}
[297.835117] (-) TimerEvent: {}
[297.936555] (-) TimerEvent: {}
[298.037844] (-) TimerEvent: {}
[298.139198] (-) TimerEvent: {}
[298.240708] (-) TimerEvent: {}
[298.342206] (-) TimerEvent: {}
[298.443843] (-) TimerEvent: {}
[298.545173] (-) TimerEvent: {}
[298.646988] (-) TimerEvent: {}
[298.748485] (-) TimerEvent: {}
[298.849869] (-) TimerEvent: {}
[298.951237] (-) TimerEvent: {}
[299.052785] (-) TimerEvent: {}
[299.154365] (-) TimerEvent: {}
[299.256085] (-) TimerEvent: {}
[299.357381] (-) TimerEvent: {}
[299.458764] (-) TimerEvent: {}
[299.560029] (-) TimerEvent: {}
[299.661384] (-) TimerEvent: {}
[299.762996] (-) TimerEvent: {}
[299.864309] (-) TimerEvent: {}
[299.965744] (-) TimerEvent: {}
[300.067262] (-) TimerEvent: {}
[300.168822] (-) TimerEvent: {}
[300.270246] (-) TimerEvent: {}
[300.372105] (-) TimerEvent: {}
[300.473717] (-) TimerEvent: {}
[300.575016] (-) TimerEvent: {}
[300.677151] (-) TimerEvent: {}
[300.778808] (-) TimerEvent: {}
[300.880325] (-) TimerEvent: {}
[300.935421] (sllidar_ros2) StdoutLine: {'line': b'[ 80%] \x1b[32mBuilding CXX object CMakeFiles/sllidar_node.dir/sdk/src/sl_tcp_channel.cpp.o\x1b[0m\n'}
[300.997218] (-) TimerEvent: {}
[301.098780] (-) TimerEvent: {}
[301.200348] (-) TimerEvent: {}
[301.302142] (-) TimerEvent: {}
[301.404059] (-) TimerEvent: {}
[301.506704] (-) TimerEvent: {}
[301.608574] (-) TimerEvent: {}
[301.709898] (-) TimerEvent: {}
[301.811151] (-) TimerEvent: {}
[301.912366] (-) TimerEvent: {}
[302.013819] (-) TimerEvent: {}
[302.115876] (-) TimerEvent: {}
[302.217924] (-) TimerEvent: {}
[302.320076] (-) TimerEvent: {}
[302.421970] (-) TimerEvent: {}
[302.523206] (-) TimerEvent: {}
[302.624500] (-) TimerEvent: {}
[302.725936] (-) TimerEvent: {}
[302.827417] (-) TimerEvent: {}
[302.928818] (-) TimerEvent: {}
[303.030250] (-) TimerEvent: {}
[303.131720] (-) TimerEvent: {}
[303.234209] (-) TimerEvent: {}
[303.336509] (-) TimerEvent: {}
[303.438577] (-) TimerEvent: {}
[303.540441] (-) TimerEvent: {}
[303.641939] (-) TimerEvent: {}
[303.744241] (-) TimerEvent: {}
[303.845807] (-) TimerEvent: {}
[303.954703] (-) TimerEvent: {}
[304.059499] (-) TimerEvent: {}
[304.161705] (-) TimerEvent: {}
[304.264510] (-) TimerEvent: {}
[304.367035] (-) TimerEvent: {}
[304.469449] (-) TimerEvent: {}
[304.571857] (-) TimerEvent: {}
[304.674481] (-) TimerEvent: {}
[304.777423] (-) TimerEvent: {}
[304.883733] (-) TimerEvent: {}
[304.986212] (-) TimerEvent: {}
[305.088856] (-) TimerEvent: {}
[305.191428] (-) TimerEvent: {}
[305.295151] (-) TimerEvent: {}
[305.398003] (-) TimerEvent: {}
[305.500147] (-) TimerEvent: {}
[305.602372] (-) TimerEvent: {}
[305.704501] (-) TimerEvent: {}
[305.807345] (-) TimerEvent: {}
[305.909794] (-) TimerEvent: {}
[306.012134] (-) TimerEvent: {}
[306.115793] (-) TimerEvent: {}
[306.217884] (-) TimerEvent: {}
[306.320392] (-) TimerEvent: {}
[306.422482] (-) TimerEvent: {}
[306.434096] (sllidar_ros2) StderrLine: {'line': b'In file included from \x1b[01m\x1b[K/home/arno/RoombaV2Onboard/src/sllidar_ros2/./sdk/include/sl_lidar_cmd.h:41\x1b[m\x1b[K,\n'}
[306.438001] (sllidar_ros2) StderrLine: {'line': b'                 from \x1b[01m\x1b[K/home/arno/RoombaV2Onboard/src/sllidar_ros2/./sdk/include/sl_lidar_driver.h:54\x1b[m\x1b[K,\n'}
[306.440294] (sllidar_ros2) StderrLine: {'line': b'                 from \x1b[01m\x1b[K/home/arno/RoombaV2Onboard/src/sllidar_ros2/sdk/src/sl_tcp_channel.cpp:33\x1b[m\x1b[K:\n'}
[306.442849] (sllidar_ros2) StderrLine: {'line': b'\x1b[01m\x1b[K/home/arno/RoombaV2Onboard/src/sllidar_ros2/./sdk/include/sl_lidar_protocol.h:66:16:\x1b[m\x1b[K \x1b[01;35m\x1b[Kwarning: \x1b[m\x1b[KISO C++ forbids zero-size array \xe2\x80\x98\x1b[01m\x1b[Kdata\x1b[m\x1b[K\xe2\x80\x99 [\x1b[01;35m\x1b[K\x1b]8;;https://gcc.gnu.org/onlinedocs/gcc/Warning-Options.html#index-Wpedantic\x07-Wpedantic\x1b]8;;\x07\x1b[m\x1b[K]\n'}
[306.446204] (sllidar_ros2) StderrLine: {'line': b'   66 |     sl_u8 data[\x1b[01;35m\x1b[K0\x1b[m\x1b[K];\n'}
[306.448694] (sllidar_ros2) StderrLine: {'line': b'      |                \x1b[01;35m\x1b[K^\x1b[m\x1b[K\n'}
[306.453691] (sllidar_ros2) StderrLine: {'line': b'In file included from \x1b[01m\x1b[K/home/arno/RoombaV2Onboard/src/sllidar_ros2/./sdk/include/sl_lidar_driver.h:54\x1b[m\x1b[K,\n'}
[306.456115] (sllidar_ros2) StderrLine: {'line': b'                 from \x1b[01m\x1b[K/home/arno/RoombaV2Onboard/src/sllidar_ros2/sdk/src/sl_tcp_channel.cpp:33\x1b[m\x1b[K:\n'}
[306.458278] (sllidar_ros2) StderrLine: {'line': b'\x1b[01m\x1b[K/home/arno/RoombaV2Onboard/src/sllidar_ros2/./sdk/include/sl_lidar_cmd.h:324:20:\x1b[m\x1b[K \x1b[01;35m\x1b[Kwarning: \x1b[m\x1b[KISO C++ forbids zero-size array \xe2\x80\x98\x1b[01m\x1b[Kpayload\x1b[m\x1b[K\xe2\x80\x99 [\x1b[01;35m\x1b[K\x1b]8;;https://gcc.gnu.org/onlinedocs/gcc/Warning-Options.html#index-Wpedantic\x07-Wpedantic\x1b]8;;\x07\x1b[m\x1b[K]\n'}
[306.460585] (sllidar_ros2) StderrLine: {'line': b'  324 |     sl_u8  payload[\x1b[01;35m\x1b[K0\x1b[m\x1b[K];\n'}
[306.462998] (sllidar_ros2) StderrLine: {'line': b'      |                    \x1b[01;35m\x1b[K^\x1b[m\x1b[K\n'}
[306.517363] (sllidar_ros2) StderrLine: {'line': b'\x1b[01m\x1b[K/home/arno/RoombaV2Onboard/src/sllidar_ros2/sdk/src/sl_tcp_channel.cpp:\x1b[m\x1b[K In member function \xe2\x80\x98\x1b[01m\x1b[Kvoid sl::TcpChannel::setStatus(_u32)\x1b[m\x1b[K\xe2\x80\x99:\n'}
[306.520124] (sllidar_ros2) StderrLine: {'line': b'\x1b[01m\x1b[K/home/arno/RoombaV2Onboard/src/sllidar_ros2/sdk/src/sl_tcp_channel.cpp:109:29:\x1b[m\x1b[K \x1b[01;35m\x1b[Kwarning: \x1b[m\x1b[Kunused parameter \xe2\x80\x98\x1b[01m\x1b[Kflag\x1b[m\x1b[K\xe2\x80\x99 [\x1b[01;35m\x1b[K\x1b]8;;https://gcc.gnu.org/onlinedocs/gcc/Warning-Options.html#index-Wunused-parameter\x07-Wunused-parameter\x1b]8;;\x07\x1b[m\x1b[K]\n'}
[306.522424] (sllidar_ros2) StderrLine: {'line': b'  109 |         void setStatus(\x1b[01;35m\x1b[K_u32 flag\x1b[m\x1b[K){}\n'}
[306.524854] (-) TimerEvent: {}
[306.526917] (sllidar_ros2) StderrLine: {'line': b'      |                        \x1b[01;35m\x1b[K~~~~~^~~~\x1b[m\x1b[K\n'}
[306.625317] (-) TimerEvent: {}
[306.727264] (-) TimerEvent: {}
[306.828618] (-) TimerEvent: {}
[306.929853] (-) TimerEvent: {}
[307.031200] (-) TimerEvent: {}
[307.125522] (sllidar_ros2) StdoutLine: {'line': b'[ 85%] \x1b[32mBuilding CXX object CMakeFiles/sllidar_node.dir/sdk/src/sl_udp_channel.cpp.o\x1b[0m\n'}
[307.131641] (-) TimerEvent: {}
[307.233608] (-) TimerEvent: {}
[307.335823] (-) TimerEvent: {}
[307.437723] (-) TimerEvent: {}
[307.539845] (-) TimerEvent: {}
[307.641781] (-) TimerEvent: {}
[307.744140] (-) TimerEvent: {}
[307.846338] (-) TimerEvent: {}
[307.948932] (-) TimerEvent: {}
[308.050990] (-) TimerEvent: {}
[308.152963] (-) TimerEvent: {}
[308.254888] (-) TimerEvent: {}
[308.357671] (-) TimerEvent: {}
[308.460987] (-) TimerEvent: {}
[308.562871] (-) TimerEvent: {}
[308.665024] (-) TimerEvent: {}
[308.767267] (-) TimerEvent: {}
[308.869453] (-) TimerEvent: {}
[308.971317] (-) TimerEvent: {}
[309.073296] (-) TimerEvent: {}
[309.175195] (-) TimerEvent: {}
[309.277201] (-) TimerEvent: {}
[309.379636] (-) TimerEvent: {}
[309.480950] (-) TimerEvent: {}
[309.582956] (-) TimerEvent: {}
[309.685525] (-) TimerEvent: {}
[309.787882] (-) TimerEvent: {}
[309.890628] (-) TimerEvent: {}
[309.992947] (-) TimerEvent: {}
[310.095194] (-) TimerEvent: {}
[310.197773] (-) TimerEvent: {}
[310.299953] (-) TimerEvent: {}
[310.402935] (-) TimerEvent: {}
[310.505247] (-) TimerEvent: {}
[310.607497] (-) TimerEvent: {}
[310.709781] (-) TimerEvent: {}
[310.812347] (-) TimerEvent: {}
[310.914417] (-) TimerEvent: {}
[311.016654] (-) TimerEvent: {}
[311.119050] (-) TimerEvent: {}
[311.221326] (-) TimerEvent: {}
[311.324075] (-) TimerEvent: {}
[311.426314] (-) TimerEvent: {}
[311.528470] (-) TimerEvent: {}
[311.630615] (-) TimerEvent: {}
[311.732981] (-) TimerEvent: {}
[311.835441] (-) TimerEvent: {}
[311.937621] (-) TimerEvent: {}
[312.039859] (-) TimerEvent: {}
[312.142129] (-) TimerEvent: {}
[312.244319] (-) TimerEvent: {}
[312.346462] (-) TimerEvent: {}
[312.449044] (-) TimerEvent: {}
[312.551661] (-) TimerEvent: {}
[312.557877] (sllidar_ros2) StderrLine: {'line': b'In file included from \x1b[01m\x1b[K/home/arno/RoombaV2Onboard/src/sllidar_ros2/./sdk/include/sl_lidar_cmd.h:41\x1b[m\x1b[K,\n'}
[312.560801] (sllidar_ros2) StderrLine: {'line': b'                 from \x1b[01m\x1b[K/home/arno/RoombaV2Onboard/src/sllidar_ros2/./sdk/include/sl_lidar_driver.h:54\x1b[m\x1b[K,\n'}
[312.563205] (sllidar_ros2) StderrLine: {'line': b'                 from \x1b[01m\x1b[K/home/arno/RoombaV2Onboard/src/sllidar_ros2/sdk/src/sl_udp_channel.cpp:33\x1b[m\x1b[K:\n'}
[312.565453] (sllidar_ros2) StderrLine: {'line': b'\x1b[01m\x1b[K/home/arno/RoombaV2Onboard/src/sllidar_ros2/./sdk/include/sl_lidar_protocol.h:66:16:\x1b[m\x1b[K \x1b[01;35m\x1b[Kwarning: \x1b[m\x1b[KISO C++ forbids zero-size array \xe2\x80\x98\x1b[01m\x1b[Kdata\x1b[m\x1b[K\xe2\x80\x99 [\x1b[01;35m\x1b[K\x1b]8;;https://gcc.gnu.org/onlinedocs/gcc/Warning-Options.html#index-Wpedantic\x07-Wpedantic\x1b]8;;\x07\x1b[m\x1b[K]\n'}
[312.568070] (sllidar_ros2) StderrLine: {'line': b'   66 |     sl_u8 data[\x1b[01;35m\x1b[K0\x1b[m\x1b[K];\n'}
[312.571323] (sllidar_ros2) StderrLine: {'line': b'      |                \x1b[01;35m\x1b[K^\x1b[m\x1b[K\n'}
[312.574848] (sllidar_ros2) StderrLine: {'line': b'In file included from \x1b[01m\x1b[K/home/arno/RoombaV2Onboard/src/sllidar_ros2/./sdk/include/sl_lidar_driver.h:54\x1b[m\x1b[K,\n'}
[312.577636] (sllidar_ros2) StderrLine: {'line': b'                 from \x1b[01m\x1b[K/home/arno/RoombaV2Onboard/src/sllidar_ros2/sdk/src/sl_udp_channel.cpp:33\x1b[m\x1b[K:\n'}
[312.579851] (sllidar_ros2) StderrLine: {'line': b'\x1b[01m\x1b[K/home/arno/RoombaV2Onboard/src/sllidar_ros2/./sdk/include/sl_lidar_cmd.h:324:20:\x1b[m\x1b[K \x1b[01;35m\x1b[Kwarning: \x1b[m\x1b[KISO C++ forbids zero-size array \xe2\x80\x98\x1b[01m\x1b[Kpayload\x1b[m\x1b[K\xe2\x80\x99 [\x1b[01;35m\x1b[K\x1b]8;;https://gcc.gnu.org/onlinedocs/gcc/Warning-Options.html#index-Wpedantic\x07-Wpedantic\x1b]8;;\x07\x1b[m\x1b[K]\n'}
[312.582475] (sllidar_ros2) StderrLine: {'line': b'  324 |     sl_u8  payload[\x1b[01;35m\x1b[K0\x1b[m\x1b[K];\n'}
[312.584635] (sllidar_ros2) StderrLine: {'line': b'      |                    \x1b[01;35m\x1b[K^\x1b[m\x1b[K\n'}
[312.643102] (sllidar_ros2) StderrLine: {'line': b'\x1b[01m\x1b[K/home/arno/RoombaV2Onboard/src/sllidar_ros2/sdk/src/sl_udp_channel.cpp:\x1b[m\x1b[K In member function \xe2\x80\x98\x1b[01m\x1b[Kvoid sl::UdpChannel::setStatus(_u32)\x1b[m\x1b[K\xe2\x80\x99:\n'}
[312.645923] (sllidar_ros2) StderrLine: {'line': b'\x1b[01m\x1b[K/home/arno/RoombaV2Onboard/src/sllidar_ros2/sdk/src/sl_udp_channel.cpp:112:29:\x1b[m\x1b[K \x1b[01;35m\x1b[Kwarning: \x1b[m\x1b[Kunused parameter \xe2\x80\x98\x1b[01m\x1b[Kflag\x1b[m\x1b[K\xe2\x80\x99 [\x1b[01;35m\x1b[K\x1b]8;;https://gcc.gnu.org/onlinedocs/gcc/Warning-Options.html#index-Wunused-parameter\x07-Wunused-parameter\x1b]8;;\x07\x1b[m\x1b[K]\n'}
[312.648743] (sllidar_ros2) StderrLine: {'line': b'  112 |         void setStatus(\x1b[01;35m\x1b[K_u32 flag\x1b[m\x1b[K){}\n'}
[312.651172] (sllidar_ros2) StderrLine: {'line': b'      |                        \x1b[01;35m\x1b[K~~~~~^~~~\x1b[m\x1b[K\n'}
[312.653379] (-) TimerEvent: {}
[312.755819] (-) TimerEvent: {}
[312.857130] (-) TimerEvent: {}
[312.958573] (-) TimerEvent: {}
[313.060469] (-) TimerEvent: {}
[313.162557] (-) TimerEvent: {}
[313.264765] (-) TimerEvent: {}
[313.275373] (sllidar_ros2) StdoutLine: {'line': b'[ 90%] \x1b[32mBuilding CXX object CMakeFiles/sllidar_node.dir/sdk/src/sl_serial_channel.cpp.o\x1b[0m\n'}
[313.365202] (-) TimerEvent: {}
[313.467963] (-) TimerEvent: {}
[313.570413] (-) TimerEvent: {}
[313.672693] (-) TimerEvent: {}
[313.774740] (-) TimerEvent: {}
[313.876792] (-) TimerEvent: {}
[313.978689] (-) TimerEvent: {}
[314.081001] (-) TimerEvent: {}
[314.183235] (-) TimerEvent: {}
[314.285915] (-) TimerEvent: {}
[314.387936] (-) TimerEvent: {}
[314.489846] (-) TimerEvent: {}
[314.591914] (-) TimerEvent: {}
[314.693907] (-) TimerEvent: {}
[314.796032] (-) TimerEvent: {}
[314.897873] (-) TimerEvent: {}
[314.998994] (-) TimerEvent: {}
[315.100580] (-) TimerEvent: {}
[315.203061] (-) TimerEvent: {}
[315.305066] (-) TimerEvent: {}
[315.407316] (-) TimerEvent: {}
[315.509279] (-) TimerEvent: {}
[315.612179] (-) TimerEvent: {}
[315.714772] (-) TimerEvent: {}
[315.818416] (-) TimerEvent: {}
[315.920756] (-) TimerEvent: {}
[316.023206] (-) TimerEvent: {}
[316.125547] (-) TimerEvent: {}
[316.228105] (-) TimerEvent: {}
[316.330200] (-) TimerEvent: {}
[316.432661] (-) TimerEvent: {}
[316.534793] (-) TimerEvent: {}
[316.637664] (-) TimerEvent: {}
[316.739839] (-) TimerEvent: {}
[316.842079] (-) TimerEvent: {}
[316.944713] (-) TimerEvent: {}
[317.047379] (-) TimerEvent: {}
[317.149641] (-) TimerEvent: {}
[317.252412] (-) TimerEvent: {}
[317.355097] (-) TimerEvent: {}
[317.457475] (-) TimerEvent: {}
[317.559747] (-) TimerEvent: {}
[317.662284] (-) TimerEvent: {}
[317.764550] (-) TimerEvent: {}
[317.867219] (-) TimerEvent: {}
[317.969773] (-) TimerEvent: {}
[318.071771] (-) TimerEvent: {}
[318.173126] (-) TimerEvent: {}
[318.274568] (-) TimerEvent: {}
[318.310008] (sllidar_ros2) StderrLine: {'line': b'In file included from \x1b[01m\x1b[K/home/arno/RoombaV2Onboard/src/sllidar_ros2/./sdk/include/sl_lidar_cmd.h:41\x1b[m\x1b[K,\n'}
[318.311649] (sllidar_ros2) StderrLine: {'line': b'                 from \x1b[01m\x1b[K/home/arno/RoombaV2Onboard/src/sllidar_ros2/./sdk/include/sl_lidar_driver.h:54\x1b[m\x1b[K,\n'}
[318.312812] (sllidar_ros2) StderrLine: {'line': b'                 from \x1b[01m\x1b[K/home/arno/RoombaV2Onboard/src/sllidar_ros2/sdk/src/sl_serial_channel.cpp:33\x1b[m\x1b[K:\n'}
[318.313883] (sllidar_ros2) StderrLine: {'line': b'\x1b[01m\x1b[K/home/arno/RoombaV2Onboard/src/sllidar_ros2/./sdk/include/sl_lidar_protocol.h:66:16:\x1b[m\x1b[K \x1b[01;35m\x1b[Kwarning: \x1b[m\x1b[KISO C++ forbids zero-size array \xe2\x80\x98\x1b[01m\x1b[Kdata\x1b[m\x1b[K\xe2\x80\x99 [\x1b[01;35m\x1b[K\x1b]8;;https://gcc.gnu.org/onlinedocs/gcc/Warning-Options.html#index-Wpedantic\x07-Wpedantic\x1b]8;;\x07\x1b[m\x1b[K]\n'}
[318.315143] (sllidar_ros2) StderrLine: {'line': b'   66 |     sl_u8 data[\x1b[01;35m\x1b[K0\x1b[m\x1b[K];\n'}
[318.318581] (sllidar_ros2) StderrLine: {'line': b'      |                \x1b[01;35m\x1b[K^\x1b[m\x1b[K\n'}
[318.320184] (sllidar_ros2) StderrLine: {'line': b'In file included from \x1b[01m\x1b[K/home/arno/RoombaV2Onboard/src/sllidar_ros2/./sdk/include/sl_lidar_driver.h:54\x1b[m\x1b[K,\n'}
[318.321602] (sllidar_ros2) StderrLine: {'line': b'                 from \x1b[01m\x1b[K/home/arno/RoombaV2Onboard/src/sllidar_ros2/sdk/src/sl_serial_channel.cpp:33\x1b[m\x1b[K:\n'}
[318.322988] (sllidar_ros2) StderrLine: {'line': b'\x1b[01m\x1b[K/home/arno/RoombaV2Onboard/src/sllidar_ros2/./sdk/include/sl_lidar_cmd.h:324:20:\x1b[m\x1b[K \x1b[01;35m\x1b[Kwarning: \x1b[m\x1b[KISO C++ forbids zero-size array \xe2\x80\x98\x1b[01m\x1b[Kpayload\x1b[m\x1b[K\xe2\x80\x99 [\x1b[01;35m\x1b[K\x1b]8;;https://gcc.gnu.org/onlinedocs/gcc/Warning-Options.html#index-Wpedantic\x07-Wpedantic\x1b]8;;\x07\x1b[m\x1b[K]\n'}
[318.324352] (sllidar_ros2) StderrLine: {'line': b'  324 |     sl_u8  payload[\x1b[01;35m\x1b[K0\x1b[m\x1b[K];\n'}
[318.325476] (sllidar_ros2) StderrLine: {'line': b'      |                    \x1b[01;35m\x1b[K^\x1b[m\x1b[K\n'}
[318.374838] (-) TimerEvent: {}
[318.476262] (-) TimerEvent: {}
[318.577861] (-) TimerEvent: {}
[318.679456] (-) TimerEvent: {}
[318.781034] (-) TimerEvent: {}
[318.821502] (sllidar_ros2) StdoutLine: {'line': b'[ 95%] \x1b[32m\x1b[1mLinking CXX executable sllidar_node\x1b[0m\n'}
[318.881150] (-) TimerEvent: {}
[318.982579] (-) TimerEvent: {}
[319.084091] (-) TimerEvent: {}
[319.185509] (-) TimerEvent: {}
[319.286702] (-) TimerEvent: {}
[319.388074] (-) TimerEvent: {}
[319.489591] (-) TimerEvent: {}
[319.591203] (-) TimerEvent: {}
[319.692860] (-) TimerEvent: {}
[319.794434] (-) TimerEvent: {}
[319.895706] (-) TimerEvent: {}
[319.997096] (-) TimerEvent: {}
[320.098716] (-) TimerEvent: {}
[320.199962] (-) TimerEvent: {}
[320.301602] (-) TimerEvent: {}
[320.403335] (-) TimerEvent: {}
[320.505080] (-) TimerEvent: {}
[320.606379] (-) TimerEvent: {}
[320.708038] (-) TimerEvent: {}
[320.809993] (-) TimerEvent: {}
[320.911153] (-) TimerEvent: {}
[321.012403] (-) TimerEvent: {}
[321.113518] (-) TimerEvent: {}
[321.214798] (-) TimerEvent: {}
[321.316261] (-) TimerEvent: {}
[321.417535] (-) TimerEvent: {}
[321.519144] (-) TimerEvent: {}
[321.621443] (-) TimerEvent: {}
[321.723407] (-) TimerEvent: {}
[321.825506] (-) TimerEvent: {}
[321.927412] (-) TimerEvent: {}
[322.029468] (-) TimerEvent: {}
[322.131474] (-) TimerEvent: {}
[322.233807] (-) TimerEvent: {}
[322.335980] (-) TimerEvent: {}
[322.438246] (-) TimerEvent: {}
[322.540259] (-) TimerEvent: {}
[322.642286] (-) TimerEvent: {}
[322.744286] (-) TimerEvent: {}
[322.846222] (-) TimerEvent: {}
[322.948270] (-) TimerEvent: {}
[323.050437] (-) TimerEvent: {}
[323.152658] (-) TimerEvent: {}
[323.254690] (-) TimerEvent: {}
[323.356699] (-) TimerEvent: {}
[323.458247] (-) TimerEvent: {}
[323.559513] (-) TimerEvent: {}
[323.660912] (-) TimerEvent: {}
[323.762988] (-) TimerEvent: {}
[323.865185] (-) TimerEvent: {}
[323.967811] (-) TimerEvent: {}
[324.069832] (-) TimerEvent: {}
[324.171938] (-) TimerEvent: {}
[324.251462] (sllidar_ros2) StdoutLine: {'line': b'[ 95%] Built target sllidar_node\n'}
[324.272322] (-) TimerEvent: {}
[324.375793] (-) TimerEvent: {}
[324.477738] (-) TimerEvent: {}
[324.579488] (-) TimerEvent: {}
[324.680925] (-) TimerEvent: {}
[324.782388] (-) TimerEvent: {}
[324.883855] (-) TimerEvent: {}
[324.985309] (-) TimerEvent: {}
[325.086887] (-) TimerEvent: {}
[325.188430] (-) TimerEvent: {}
[325.289916] (-) TimerEvent: {}
[325.391641] (-) TimerEvent: {}
[325.493089] (-) TimerEvent: {}
[325.594775] (-) TimerEvent: {}
[325.696251] (-) TimerEvent: {}
[325.797679] (-) TimerEvent: {}
[325.899400] (-) TimerEvent: {}
[326.000823] (-) TimerEvent: {}
[326.102487] (-) TimerEvent: {}
[326.204570] (-) TimerEvent: {}
[326.306448] (-) TimerEvent: {}
[326.408403] (-) TimerEvent: {}
[326.510303] (-) TimerEvent: {}
[326.612670] (-) TimerEvent: {}
[326.714388] (-) TimerEvent: {}
[326.816038] (-) TimerEvent: {}
[326.917437] (-) TimerEvent: {}
[327.018821] (-) TimerEvent: {}
[327.120339] (-) TimerEvent: {}
[327.221786] (-) TimerEvent: {}
[327.323385] (-) TimerEvent: {}
[327.425086] (-) TimerEvent: {}
[327.526794] (-) TimerEvent: {}
[327.628605] (-) TimerEvent: {}
[327.729974] (-) TimerEvent: {}
[327.831391] (-) TimerEvent: {}
[327.932902] (-) TimerEvent: {}
[328.034301] (-) TimerEvent: {}
[328.135889] (-) TimerEvent: {}
[328.237736] (-) TimerEvent: {}
[328.339119] (-) TimerEvent: {}
[328.440584] (-) TimerEvent: {}
[328.542065] (-) TimerEvent: {}
[328.643520] (-) TimerEvent: {}
[328.745134] (-) TimerEvent: {}
[328.846745] (-) TimerEvent: {}
[328.948303] (-) TimerEvent: {}
[329.049712] (-) TimerEvent: {}
[329.151085] (-) TimerEvent: {}
[329.252543] (-) TimerEvent: {}
[329.353987] (-) TimerEvent: {}
[329.455388] (-) TimerEvent: {}
[329.556855] (-) TimerEvent: {}
[329.658326] (-) TimerEvent: {}
[329.759837] (-) TimerEvent: {}
[329.861336] (-) TimerEvent: {}
[329.962762] (-) TimerEvent: {}
[330.064241] (-) TimerEvent: {}
[330.165596] (-) TimerEvent: {}
[330.267021] (-) TimerEvent: {}
[330.368576] (-) TimerEvent: {}
[330.470028] (-) TimerEvent: {}
[330.571619] (-) TimerEvent: {}
[330.673048] (-) TimerEvent: {}
[330.774445] (-) TimerEvent: {}
[330.875861] (-) TimerEvent: {}
[330.977329] (-) TimerEvent: {}
[331.078878] (-) TimerEvent: {}
[331.180402] (-) TimerEvent: {}
[331.282083] (-) TimerEvent: {}
[331.383756] (-) TimerEvent: {}
[331.485218] (-) TimerEvent: {}
[331.586648] (-) TimerEvent: {}
[331.688212] (-) TimerEvent: {}
[331.789966] (-) TimerEvent: {}
[331.891755] (-) TimerEvent: {}
[331.993437] (-) TimerEvent: {}
[332.095042] (-) TimerEvent: {}
[332.196737] (-) TimerEvent: {}
[332.298224] (-) TimerEvent: {}
[332.399756] (-) TimerEvent: {}
[332.501299] (-) TimerEvent: {}
[332.602768] (-) TimerEvent: {}
[332.704375] (-) TimerEvent: {}
[332.805827] (-) TimerEvent: {}
[332.907222] (-) TimerEvent: {}
[333.008931] (-) TimerEvent: {}
[333.110374] (-) TimerEvent: {}
[333.211902] (-) TimerEvent: {}
[333.313514] (-) TimerEvent: {}
[333.414896] (-) TimerEvent: {}
[333.516465] (-) TimerEvent: {}
[333.618320] (-) TimerEvent: {}
[333.719823] (-) TimerEvent: {}
[333.821384] (-) TimerEvent: {}
[333.922894] (-) TimerEvent: {}
[334.024342] (-) TimerEvent: {}
[334.125627] (-) TimerEvent: {}
[334.226981] (-) TimerEvent: {}
[334.328537] (-) TimerEvent: {}
[334.430354] (-) TimerEvent: {}
[334.531845] (-) TimerEvent: {}
[334.633244] (-) TimerEvent: {}
[334.734708] (-) TimerEvent: {}
[334.836433] (-) TimerEvent: {}
[334.937908] (-) TimerEvent: {}
[335.039280] (-) TimerEvent: {}
[335.140762] (-) TimerEvent: {}
[335.242084] (-) TimerEvent: {}
[335.343671] (-) TimerEvent: {}
[335.444903] (-) TimerEvent: {}
[335.546535] (-) TimerEvent: {}
[335.647912] (-) TimerEvent: {}
[335.749201] (-) TimerEvent: {}
[335.850533] (-) TimerEvent: {}
[335.951986] (-) TimerEvent: {}
[336.053364] (-) TimerEvent: {}
[336.154838] (-) TimerEvent: {}
[336.256509] (-) TimerEvent: {}
[336.358115] (-) TimerEvent: {}
[336.459833] (-) TimerEvent: {}
[336.561222] (-) TimerEvent: {}
[336.662717] (-) TimerEvent: {}
[336.764192] (-) TimerEvent: {}
[336.865529] (-) TimerEvent: {}
[336.966741] (-) TimerEvent: {}
[337.068090] (-) TimerEvent: {}
[337.169586] (-) TimerEvent: {}
[337.270901] (-) TimerEvent: {}
[337.372355] (-) TimerEvent: {}
[337.473579] (-) TimerEvent: {}
[337.574879] (-) TimerEvent: {}
[337.676221] (-) TimerEvent: {}
[337.777686] (-) TimerEvent: {}
[337.879183] (-) TimerEvent: {}
[337.980592] (-) TimerEvent: {}
[338.082173] (-) TimerEvent: {}
[338.183466] (-) TimerEvent: {}
[338.284780] (-) TimerEvent: {}
[338.386148] (-) TimerEvent: {}
[338.487535] (-) TimerEvent: {}
[338.588843] (-) TimerEvent: {}
[338.690191] (-) TimerEvent: {}
[338.791688] (-) TimerEvent: {}
[338.892990] (-) TimerEvent: {}
[338.994233] (-) TimerEvent: {}
[339.095520] (-) TimerEvent: {}
[339.196900] (-) TimerEvent: {}
[339.298224] (-) TimerEvent: {}
[339.399419] (-) TimerEvent: {}
[339.500799] (-) TimerEvent: {}
[339.602026] (-) TimerEvent: {}
[339.703418] (-) TimerEvent: {}
[339.804912] (-) TimerEvent: {}
[339.906260] (-) TimerEvent: {}
[340.007508] (-) TimerEvent: {}
[340.109036] (-) TimerEvent: {}
[340.210290] (-) TimerEvent: {}
[340.311505] (-) TimerEvent: {}
[340.412830] (-) TimerEvent: {}
[340.514051] (-) TimerEvent: {}
[340.615196] (-) TimerEvent: {}
[340.716804] (-) TimerEvent: {}
[340.818181] (-) TimerEvent: {}
[340.919418] (-) TimerEvent: {}
[341.020613] (-) TimerEvent: {}
[341.121751] (-) TimerEvent: {}
[341.223045] (-) TimerEvent: {}
[341.324360] (-) TimerEvent: {}
[341.425470] (-) TimerEvent: {}
[341.526768] (-) TimerEvent: {}
[341.628765] (-) TimerEvent: {}
[341.730568] (-) TimerEvent: {}
[341.832474] (-) TimerEvent: {}
[341.934332] (-) TimerEvent: {}
[342.036303] (-) TimerEvent: {}
[342.138353] (-) TimerEvent: {}
[342.240769] (-) TimerEvent: {}
[342.342614] (-) TimerEvent: {}
[342.444616] (-) TimerEvent: {}
[342.546343] (-) TimerEvent: {}
[342.647672] (-) TimerEvent: {}
[342.749178] (-) TimerEvent: {}
[342.850615] (-) TimerEvent: {}
[342.952257] (-) TimerEvent: {}
[343.053682] (-) TimerEvent: {}
[343.155128] (-) TimerEvent: {}
[343.256515] (-) TimerEvent: {}
[343.357785] (-) TimerEvent: {}
[343.459137] (-) TimerEvent: {}
[343.560489] (-) TimerEvent: {}
[343.661734] (-) TimerEvent: {}
[343.763154] (-) TimerEvent: {}
[343.864488] (-) TimerEvent: {}
[343.965748] (-) TimerEvent: {}
[344.067148] (-) TimerEvent: {}
[344.168474] (-) TimerEvent: {}
[344.269747] (-) TimerEvent: {}
[344.371034] (-) TimerEvent: {}
[344.472376] (-) TimerEvent: {}
[344.573737] (-) TimerEvent: {}
[344.675009] (-) TimerEvent: {}
[344.776349] (-) TimerEvent: {}
[344.877717] (-) TimerEvent: {}
[344.979059] (-) TimerEvent: {}
[345.080424] (-) TimerEvent: {}
[345.181670] (-) TimerEvent: {}
[345.282796] (-) TimerEvent: {}
[345.384024] (-) TimerEvent: {}
[345.485241] (-) TimerEvent: {}
[345.586569] (-) TimerEvent: {}
[345.687874] (-) TimerEvent: {}
[345.789098] (-) TimerEvent: {}
[345.890363] (-) TimerEvent: {}
[345.991536] (-) TimerEvent: {}
[346.092790] (-) TimerEvent: {}
[346.193963] (-) TimerEvent: {}
[346.295109] (-) TimerEvent: {}
[346.396365] (-) TimerEvent: {}
[346.497904] (-) TimerEvent: {}
[346.599170] (-) TimerEvent: {}
[346.700359] (-) TimerEvent: {}
[346.801461] (-) TimerEvent: {}
[346.902684] (-) TimerEvent: {}
[347.003974] (-) TimerEvent: {}
[347.105107] (-) TimerEvent: {}
[347.206410] (-) TimerEvent: {}
[347.308042] (-) TimerEvent: {}
[347.410423] (-) TimerEvent: {}
[347.511816] (-) TimerEvent: {}
[347.613068] (-) TimerEvent: {}
[347.714333] (-) TimerEvent: {}
[347.815625] (-) TimerEvent: {}
[347.916885] (-) TimerEvent: {}
[348.018177] (-) TimerEvent: {}
[348.119464] (-) TimerEvent: {}
[348.220750] (-) TimerEvent: {}
[348.322020] (-) TimerEvent: {}
[348.423376] (-) TimerEvent: {}
[348.525508] (-) TimerEvent: {}
[348.627436] (-) TimerEvent: {}
[348.729586] (-) TimerEvent: {}
[348.831673] (-) TimerEvent: {}
[348.933804] (-) TimerEvent: {}
[349.036142] (-) TimerEvent: {}
[349.138235] (-) TimerEvent: {}
[349.240162] (-) TimerEvent: {}
[349.341450] (-) TimerEvent: {}
[349.442809] (-) TimerEvent: {}
[349.544198] (-) TimerEvent: {}
[349.645585] (-) TimerEvent: {}
[349.746863] (-) TimerEvent: {}
[349.848225] (-) TimerEvent: {}
[349.949389] (-) TimerEvent: {}
[350.050666] (-) TimerEvent: {}
[350.152083] (-) TimerEvent: {}
[350.253173] (-) TimerEvent: {}
[350.354399] (-) TimerEvent: {}
[350.455715] (-) TimerEvent: {}
[350.556966] (-) TimerEvent: {}
[350.658358] (-) TimerEvent: {}
[350.759650] (-) TimerEvent: {}
[350.860973] (-) TimerEvent: {}
[350.962245] (-) TimerEvent: {}
[351.063496] (-) TimerEvent: {}
[351.164816] (-) TimerEvent: {}
[351.266119] (-) TimerEvent: {}
[351.367614] (-) TimerEvent: {}
[351.469028] (-) TimerEvent: {}
[351.570205] (-) TimerEvent: {}
[351.671354] (-) TimerEvent: {}
[351.772642] (-) TimerEvent: {}
[351.873906] (-) TimerEvent: {}
[351.975163] (-) TimerEvent: {}
[352.076584] (-) TimerEvent: {}
[352.177939] (-) TimerEvent: {}
[352.279539] (-) TimerEvent: {}
[352.380952] (-) TimerEvent: {}
[352.482223] (-) TimerEvent: {}
[352.583488] (-) TimerEvent: {}
[352.684766] (-) TimerEvent: {}
[352.785998] (-) TimerEvent: {}
[352.887317] (-) TimerEvent: {}
[352.988585] (-) TimerEvent: {}
[353.089750] (-) TimerEvent: {}
[353.190995] (-) TimerEvent: {}
[353.292320] (-) TimerEvent: {}
[353.393535] (-) TimerEvent: {}
[353.496700] (-) TimerEvent: {}
[353.601093] (-) TimerEvent: {}
[353.703711] (-) TimerEvent: {}
[353.805757] (-) TimerEvent: {}
[353.907804] (-) TimerEvent: {}
[354.009811] (-) TimerEvent: {}
[354.111920] (-) TimerEvent: {}
[354.214055] (-) TimerEvent: {}
[354.316589] (-) TimerEvent: {}
[354.418633] (-) TimerEvent: {}
[354.520743] (-) TimerEvent: {}
[354.622805] (-) TimerEvent: {}
[354.724944] (-) TimerEvent: {}
[354.827113] (-) TimerEvent: {}
[354.929190] (-) TimerEvent: {}
[355.031064] (-) TimerEvent: {}
[355.132821] (-) TimerEvent: {}
[355.234033] (-) TimerEvent: {}
[355.335260] (-) TimerEvent: {}
[355.436522] (-) TimerEvent: {}
[355.537786] (-) TimerEvent: {}
[355.639058] (-) TimerEvent: {}
[355.740349] (-) TimerEvent: {}
[355.841564] (-) TimerEvent: {}
[355.942907] (-) TimerEvent: {}
[356.044189] (-) TimerEvent: {}
[356.145444] (-) TimerEvent: {}
[356.246832] (-) TimerEvent: {}
[356.348166] (-) TimerEvent: {}
[356.449421] (-) TimerEvent: {}
[356.550818] (-) TimerEvent: {}
[356.652971] (-) TimerEvent: {}
[356.755013] (-) TimerEvent: {}
[356.857128] (-) TimerEvent: {}
[356.959293] (-) TimerEvent: {}
[357.061375] (-) TimerEvent: {}
[357.163243] (-) TimerEvent: {}
[357.264512] (-) TimerEvent: {}
[357.365828] (-) TimerEvent: {}
[357.467212] (-) TimerEvent: {}
[357.568539] (-) TimerEvent: {}
[357.669875] (-) TimerEvent: {}
[357.771117] (-) TimerEvent: {}
[357.872549] (-) TimerEvent: {}
[357.974125] (-) TimerEvent: {}
[358.075361] (-) TimerEvent: {}
[358.176791] (-) TimerEvent: {}
[358.277962] (-) TimerEvent: {}
[358.379198] (-) TimerEvent: {}
[358.480777] (-) TimerEvent: {}
[358.582268] (-) TimerEvent: {}
[358.684231] (-) TimerEvent: {}
[358.847530] (-) TimerEvent: {}
[358.949674] (-) TimerEvent: {}
[359.051869] (-) TimerEvent: {}
[359.154282] (-) TimerEvent: {}
[359.256281] (-) TimerEvent: {}
[359.358564] (-) TimerEvent: {}
[359.460490] (-) TimerEvent: {}
[359.561748] (-) TimerEvent: {}
[359.662988] (-) TimerEvent: {}
[359.764333] (-) TimerEvent: {}
[359.865601] (-) TimerEvent: {}
[359.966819] (-) TimerEvent: {}
[360.068178] (-) TimerEvent: {}
[360.169332] (-) TimerEvent: {}
[360.270661] (-) TimerEvent: {}
[360.371983] (-) TimerEvent: {}
[360.473656] (-) TimerEvent: {}
[360.574902] (-) TimerEvent: {}
[360.676273] (-) TimerEvent: {}
[360.777624] (-) TimerEvent: {}
[360.878808] (-) TimerEvent: {}
[360.980264] (-) TimerEvent: {}
[361.081853] (-) TimerEvent: {}
[361.183158] (-) TimerEvent: {}
[361.284502] (-) TimerEvent: {}
[361.385788] (-) TimerEvent: {}
[361.487043] (-) TimerEvent: {}
[361.588490] (-) TimerEvent: {}
[361.690307] (-) TimerEvent: {}
[361.792407] (-) TimerEvent: {}
[361.894429] (-) TimerEvent: {}
[361.996563] (-) TimerEvent: {}
[362.098511] (-) TimerEvent: {}
[362.200543] (-) TimerEvent: {}
[362.302433] (-) TimerEvent: {}
[362.404312] (-) TimerEvent: {}
[362.506333] (-) TimerEvent: {}
[362.608612] (-) TimerEvent: {}
[362.710534] (-) TimerEvent: {}
[362.811880] (-) TimerEvent: {}
[362.913033] (-) TimerEvent: {}
[363.014299] (-) TimerEvent: {}
[363.115600] (-) TimerEvent: {}
[363.216959] (-) TimerEvent: {}
[363.318369] (-) TimerEvent: {}
[363.420485] (-) TimerEvent: {}
[363.522478] (-) TimerEvent: {}
[363.624608] (-) TimerEvent: {}
[363.726642] (-) TimerEvent: {}
[363.828870] (-) TimerEvent: {}
[363.931062] (-) TimerEvent: {}
[364.033434] (-) TimerEvent: {}
[364.135451] (-) TimerEvent: {}
[364.237591] (-) TimerEvent: {}
[364.339821] (-) TimerEvent: {}
[364.441834] (-) TimerEvent: {}
[364.543960] (-) TimerEvent: {}
[364.646051] (-) TimerEvent: {}
[364.747842] (-) TimerEvent: {}
[364.849030] (-) TimerEvent: {}
[364.950208] (-) TimerEvent: {}
[365.051440] (-) TimerEvent: {}
[365.152756] (-) TimerEvent: {}
[365.254197] (-) TimerEvent: {}
[365.356310] (-) TimerEvent: {}
[365.458724] (-) TimerEvent: {}
[365.560795] (-) TimerEvent: {}
[365.662785] (-) TimerEvent: {}
[365.764965] (-) TimerEvent: {}
[365.866855] (-) TimerEvent: {}
[365.969047] (-) TimerEvent: {}
[366.071380] (-) TimerEvent: {}
[366.173627] (-) TimerEvent: {}
[366.275658] (-) TimerEvent: {}
[366.377664] (-) TimerEvent: {}
[366.479791] (-) TimerEvent: {}
[366.581775] (-) TimerEvent: {}
[366.683788] (-) TimerEvent: {}
[366.785810] (-) TimerEvent: {}
[366.887996] (-) TimerEvent: {}
[366.989832] (-) TimerEvent: {}
[367.091166] (-) TimerEvent: {}
[367.192624] (-) TimerEvent: {}
[367.293915] (-) TimerEvent: {}
[367.395194] (-) TimerEvent: {}
[367.496716] (-) TimerEvent: {}
[367.598086] (-) TimerEvent: {}
[367.699305] (-) TimerEvent: {}
[367.800630] (-) TimerEvent: {}
[367.901741] (-) TimerEvent: {}
[368.003049] (-) TimerEvent: {}
[368.104386] (-) TimerEvent: {}
[368.205612] (-) TimerEvent: {}
[368.306905] (-) TimerEvent: {}
[368.408319] (-) TimerEvent: {}
[368.509546] (-) TimerEvent: {}
[368.610811] (-) TimerEvent: {}
[368.712199] (-) TimerEvent: {}
[368.813431] (-) TimerEvent: {}
[368.914722] (-) TimerEvent: {}
[369.016040] (-) TimerEvent: {}
[369.117304] (-) TimerEvent: {}
[369.218883] (-) TimerEvent: {}
[369.320976] (-) TimerEvent: {}
[369.423414] (-) TimerEvent: {}
[369.525713] (-) TimerEvent: {}
[369.627819] (-) TimerEvent: {}
[369.729671] (-) TimerEvent: {}
[369.831765] (-) TimerEvent: {}
[369.933942] (-) TimerEvent: {}
[370.036050] (-) TimerEvent: {}
[370.138039] (-) TimerEvent: {}
[370.240260] (-) TimerEvent: {}
[370.342262] (-) TimerEvent: {}
[370.444246] (-) TimerEvent: {}
[370.546243] (-) TimerEvent: {}
[370.648224] (-) TimerEvent: {}
[370.750212] (-) TimerEvent: {}
[370.852272] (-) TimerEvent: {}
[370.954278] (-) TimerEvent: {}
[371.056326] (-) TimerEvent: {}
[371.158319] (-) TimerEvent: {}
[371.260419] (-) TimerEvent: {}
[371.362362] (-) TimerEvent: {}
[371.464491] (-) TimerEvent: {}
[371.566571] (-) TimerEvent: {}
[371.668693] (-) TimerEvent: {}
[371.770578] (-) TimerEvent: {}
[371.871850] (-) TimerEvent: {}
[371.973084] (-) TimerEvent: {}
[372.074299] (-) TimerEvent: {}
[372.175967] (-) TimerEvent: {}
[372.277631] (-) TimerEvent: {}
[372.378828] (-) TimerEvent: {}
[372.480453] (-) TimerEvent: {}
[372.582065] (-) TimerEvent: {}
[372.683541] (-) TimerEvent: {}
[372.785004] (-) TimerEvent: {}
[372.886631] (-) TimerEvent: {}
[372.988329] (-) TimerEvent: {}
[373.090124] (-) TimerEvent: {}
[373.191846] (-) TimerEvent: {}
[373.293015] (-) TimerEvent: {}
[373.394145] (-) TimerEvent: {}
[373.495609] (-) TimerEvent: {}
[373.597070] (-) TimerEvent: {}
[373.698489] (-) TimerEvent: {}
[373.799914] (-) TimerEvent: {}
[373.901314] (-) TimerEvent: {}
[374.002706] (-) TimerEvent: {}
[374.103991] (-) TimerEvent: {}
[374.205454] (-) TimerEvent: {}
[374.306708] (-) TimerEvent: {}
[374.408009] (-) TimerEvent: {}
[374.509265] (-) TimerEvent: {}
[374.610571] (-) TimerEvent: {}
[374.712236] (-) TimerEvent: {}
[374.813649] (-) TimerEvent: {}
[374.915042] (-) TimerEvent: {}
[375.016259] (-) TimerEvent: {}
[375.117364] (-) TimerEvent: {}
[375.218542] (-) TimerEvent: {}
[375.319765] (-) TimerEvent: {}
[375.421062] (-) TimerEvent: {}
[375.522305] (-) TimerEvent: {}
[375.623484] (-) TimerEvent: {}
[375.724973] (-) TimerEvent: {}
[375.826532] (-) TimerEvent: {}
[375.927960] (-) TimerEvent: {}
[376.029422] (-) TimerEvent: {}
[376.130543] (-) TimerEvent: {}
[376.231797] (-) TimerEvent: {}
[376.332928] (-) TimerEvent: {}
[376.434055] (-) TimerEvent: {}
[376.535405] (-) TimerEvent: {}
[376.637357] (-) TimerEvent: {}
[376.739252] (-) TimerEvent: {}
[376.841146] (-) TimerEvent: {}
[376.943036] (-) TimerEvent: {}
[377.045048] (-) TimerEvent: {}
[377.146937] (-) TimerEvent: {}
[377.248924] (-) TimerEvent: {}
[377.350798] (-) TimerEvent: {}
[377.452790] (-) TimerEvent: {}
[377.554595] (-) TimerEvent: {}
[377.656513] (-) TimerEvent: {}
[377.758388] (-) TimerEvent: {}
[377.861597] (-) TimerEvent: {}
[377.963486] (-) TimerEvent: {}
[378.065464] (-) TimerEvent: {}
[378.167287] (-) TimerEvent: {}
[378.269262] (-) TimerEvent: {}
[378.371123] (-) TimerEvent: {}
[378.473096] (-) TimerEvent: {}
[378.574915] (-) TimerEvent: {}
[378.676860] (-) TimerEvent: {}
[378.778691] (-) TimerEvent: {}
[378.880680] (-) TimerEvent: {}
[378.982518] (-) TimerEvent: {}
[379.084594] (-) TimerEvent: {}
[379.186426] (-) TimerEvent: {}
[379.288402] (-) TimerEvent: {}
[379.390317] (-) TimerEvent: {}
[379.492270] (-) TimerEvent: {}
[379.594013] (-) TimerEvent: {}
[379.695158] (-) TimerEvent: {}
[379.796429] (-) TimerEvent: {}
[379.897540] (-) TimerEvent: {}
[379.998648] (-) TimerEvent: {}
[380.099843] (-) TimerEvent: {}
[380.201001] (-) TimerEvent: {}
[380.302181] (-) TimerEvent: {}
[380.403327] (-) TimerEvent: {}
[380.504561] (-) TimerEvent: {}
[380.606130] (-) TimerEvent: {}
[380.708427] (-) TimerEvent: {}
[380.810396] (-) TimerEvent: {}
[380.912873] (-) TimerEvent: {}
[381.014857] (-) TimerEvent: {}
[381.116786] (-) TimerEvent: {}
[381.218958] (-) TimerEvent: {}
[381.320922] (-) TimerEvent: {}
[381.422785] (-) TimerEvent: {}
[381.524765] (-) TimerEvent: {}
[381.626641] (-) TimerEvent: {}
[381.728592] (-) TimerEvent: {}
[381.830454] (-) TimerEvent: {}
[381.932369] (-) TimerEvent: {}
[382.034276] (-) TimerEvent: {}
[382.136229] (-) TimerEvent: {}
[382.238073] (-) TimerEvent: {}
[382.339951] (-) TimerEvent: {}
[382.441696] (-) TimerEvent: {}
[382.542916] (-) TimerEvent: {}
[382.644180] (-) TimerEvent: {}
[382.745458] (-) TimerEvent: {}
[382.846858] (-) TimerEvent: {}
[382.948294] (-) TimerEvent: {}
[383.049710] (-) TimerEvent: {}
[383.150806] (-) TimerEvent: {}
[383.252090] (-) TimerEvent: {}
[383.353897] (-) TimerEvent: {}
[383.455850] (-) TimerEvent: {}
[383.557783] (-) TimerEvent: {}
[383.659860] (-) TimerEvent: {}
[383.761783] (-) TimerEvent: {}
[383.863738] (-) TimerEvent: {}
[383.965681] (-) TimerEvent: {}
[384.067745] (-) TimerEvent: {}
[384.169746] (-) TimerEvent: {}
[384.271987] (-) TimerEvent: {}
[384.373946] (-) TimerEvent: {}
[384.476040] (-) TimerEvent: {}
[384.578291] (-) TimerEvent: {}
[384.680236] (-) TimerEvent: {}
[384.782242] (-) TimerEvent: {}
[384.884181] (-) TimerEvent: {}
[384.986162] (-) TimerEvent: {}
[385.088042] (-) TimerEvent: {}
[385.189870] (-) TimerEvent: {}
[385.291745] (-) TimerEvent: {}
[385.393251] (-) TimerEvent: {}
[385.494788] (-) TimerEvent: {}
[385.596295] (-) TimerEvent: {}
[385.697687] (-) TimerEvent: {}
[385.799308] (-) TimerEvent: {}
[385.900970] (-) TimerEvent: {}
[386.002443] (-) TimerEvent: {}
[386.103956] (-) TimerEvent: {}
[386.229510] (-) TimerEvent: {}
[386.247837] (sllidar_ros2) StdoutLine: {'line': b'[100%] \x1b[32m\x1b[1mLinking CXX executable sllidar_client\x1b[0m\n'}
[386.354844] (-) TimerEvent: {}
[386.456302] (-) TimerEvent: {}
[386.557482] (-) TimerEvent: {}
[386.659048] (-) TimerEvent: {}
[386.760276] (-) TimerEvent: {}
[386.861513] (-) TimerEvent: {}
[386.963041] (-) TimerEvent: {}
[387.065222] (-) TimerEvent: {}
[387.167952] (-) TimerEvent: {}
[387.270828] (-) TimerEvent: {}
[387.372878] (-) TimerEvent: {}
[387.474218] (-) TimerEvent: {}
[387.576242] (-) TimerEvent: {}
[387.677898] (-) TimerEvent: {}
[387.779464] (-) TimerEvent: {}
[387.881111] (-) TimerEvent: {}
[387.982291] (-) TimerEvent: {}
[388.083890] (-) TimerEvent: {}
[388.185675] (-) TimerEvent: {}
[388.287502] (-) TimerEvent: {}
[388.389227] (-) TimerEvent: {}
[388.491069] (-) TimerEvent: {}
[388.592555] (-) TimerEvent: {}
[388.694218] (-) TimerEvent: {}
[388.795523] (-) TimerEvent: {}
[388.897425] (-) TimerEvent: {}
[388.998850] (-) TimerEvent: {}
[389.100307] (-) TimerEvent: {}
[389.202320] (-) TimerEvent: {}
[389.304459] (-) TimerEvent: {}
[389.406296] (-) TimerEvent: {}
[389.508310] (-) TimerEvent: {}
[389.610284] (-) TimerEvent: {}
[389.712225] (-) TimerEvent: {}
[389.814037] (-) TimerEvent: {}
[389.915862] (-) TimerEvent: {}
[390.017616] (-) TimerEvent: {}
[390.119524] (-) TimerEvent: {}
[390.221430] (-) TimerEvent: {}
[390.323288] (-) TimerEvent: {}
[390.425071] (-) TimerEvent: {}
[390.526953] (-) TimerEvent: {}
[390.628781] (-) TimerEvent: {}
[390.730685] (-) TimerEvent: {}
[390.832526] (-) TimerEvent: {}
[390.933666] (-) TimerEvent: {}
[391.034816] (-) TimerEvent: {}
[391.136697] (-) TimerEvent: {}
[391.238561] (-) TimerEvent: {}
[391.340384] (-) TimerEvent: {}
[391.442102] (-) TimerEvent: {}
[391.543944] (-) TimerEvent: {}
[391.645676] (-) TimerEvent: {}
[391.747430] (-) TimerEvent: {}
[391.849425] (-) TimerEvent: {}
[391.951328] (-) TimerEvent: {}
[392.053784] (-) TimerEvent: {}
[392.155965] (-) TimerEvent: {}
[392.257907] (-) TimerEvent: {}
[392.360791] (-) TimerEvent: {}
[392.463008] (-) TimerEvent: {}
[392.565405] (-) TimerEvent: {}
[392.667704] (-) TimerEvent: {}
[392.769757] (-) TimerEvent: {}
[392.871482] (-) TimerEvent: {}
[392.973271] (-) TimerEvent: {}
[393.074979] (-) TimerEvent: {}
[393.176929] (-) TimerEvent: {}
[393.278788] (-) TimerEvent: {}
[393.380821] (-) TimerEvent: {}
[393.482625] (-) TimerEvent: {}
[393.584592] (-) TimerEvent: {}
[393.650286] (sllidar_ros2) StdoutLine: {'line': b'[100%] Built target sllidar_client\n'}
[393.685010] (-) TimerEvent: {}
[393.786532] (-) TimerEvent: {}
[393.888492] (-) TimerEvent: {}
[394.009445] (-) TimerEvent: {}
[394.174487] (-) TimerEvent: {}
[394.222674] (sllidar_ros2) CommandEnded: {'returncode': 0}
[394.496700] (-) TimerEvent: {}
[394.618518] (-) TimerEvent: {}
[394.720371] (-) TimerEvent: {}
[394.821508] (-) TimerEvent: {}
[394.922801] (-) TimerEvent: {}
[395.024607] (-) TimerEvent: {}
[395.126511] (-) TimerEvent: {}
[395.228381] (-) TimerEvent: {}
[395.330056] (-) TimerEvent: {}
[395.436586] (-) TimerEvent: {}
[395.456782] (sllidar_ros2) JobProgress: {'identifier': 'sllidar_ros2', 'progress': 'install'}
[395.542786] (-) TimerEvent: {}
[395.661799] (sllidar_ros2) Command: {'cmd': ['/usr/bin/cmake', '--install', '/home/arno/RoombaV2Onboard/build/sllidar_ros2'], 'cwd': '/home/arno/RoombaV2Onboard/build/sllidar_ros2', 'env': OrderedDict([('LESSOPEN', '| /usr/bin/lesspipe %s'), ('USER', 'arno'), ('SSH_CLIENT', '192.168.113.158 42762 22'), ('LC_TIME', 'de_CH.UTF-8'), ('XDG_SESSION_TYPE', 'tty'), ('SHLVL', '1'), ('LD_LIBRARY_PATH', '/opt/ros/humble/opt/rviz_ogre_vendor/lib:/opt/ros/humble/lib/aarch64-linux-gnu:/opt/ros/humble/lib'), ('MOTD_SHOWN', 'pam'), ('HOME', '/home/arno'), ('OLDPWD', '/home/arno/RoombaV2Onboard/src/roombav2'), ('SSH_TTY', '/dev/pts/2'), ('ROS_PYTHON_VERSION', '3'), ('LC_MONETARY', 'de_CH.UTF-8'), ('DBUS_SESSION_BUS_ADDRESS', 'unix:path=/run/user/1000/bus'), ('COLCON_PREFIX_PATH', '/home/arno/RoombaV2Onboard/install'), ('ROS_DISTRO', 'humble'), ('LOGNAME', 'arno'), ('_', '/usr/bin/colcon'), ('ROS_VERSION', '2'), ('XDG_SESSION_CLASS', 'user'), ('TERM', 'xterm-256color'), ('XDG_SESSION_ID', '4'), ('ROS_LOCALHOST_ONLY', '0'), ('PATH', '/home/arno/.local/bin:/opt/ros/humble/bin:/usr/local/sbin:/usr/local/bin:/usr/sbin:/usr/bin:/sbin:/bin:/usr/games:/usr/local/games:/snap/bin'), ('LC_ADDRESS', 'de_CH.UTF-8'), ('XDG_RUNTIME_DIR', '/run/user/1000'), ('LANG', 'en_US.UTF-8'), ('LC_TELEPHONE', 'de_CH.UTF-8'), ('LS_COLORS', 'rs=0:di=01;34:ln=01;36:mh=00:pi=40;33:so=01;35:do=01;35:bd=40;33;01:cd=40;33;01:or=40;31;01:mi=00:su=37;41:sg=30;43:ca=30;41:tw=30;42:ow=34;42:st=37;44:ex=01;32:*.tar=01;31:*.tgz=01;31:*.arc=01;31:*.arj=01;31:*.taz=01;31:*.lha=01;31:*.lz4=01;31:*.lzh=01;31:*.lzma=01;31:*.tlz=01;31:*.txz=01;31:*.tzo=01;31:*.t7z=01;31:*.zip=01;31:*.z=01;31:*.dz=01;31:*.gz=01;31:*.lrz=01;31:*.lz=01;31:*.lzo=01;31:*.xz=01;31:*.zst=01;31:*.tzst=01;31:*.bz2=01;31:*.bz=01;31:*.tbz=01;31:*.tbz2=01;31:*.tz=01;31:*.deb=01;31:*.rpm=01;31:*.jar=01;31:*.war=01;31:*.ear=01;31:*.sar=01;31:*.rar=01;31:*.alz=01;31:*.ace=01;31:*.zoo=01;31:*.cpio=01;31:*.7z=01;31:*.rz=01;31:*.cab=01;31:*.wim=01;31:*.swm=01;31:*.dwm=01;31:*.esd=01;31:*.jpg=01;35:*.jpeg=01;35:*.mjpg=01;35:*.mjpeg=01;35:*.gif=01;35:*.bmp=01;35:*.pbm=01;35:*.pgm=01;35:*.ppm=01;35:*.tga=01;35:*.xbm=01;35:*.xpm=01;35:*.tif=01;35:*.tiff=01;35:*.png=01;35:*.svg=01;35:*.svgz=01;35:*.mng=01;35:*.pcx=01;35:*.mov=01;35:*.mpg=01;35:*.mpeg=01;35:*.m2v=01;35:*.mkv=01;35:*.webm=01;35:*.webp=01;35:*.ogm=01;35:*.mp4=01;35:*.m4v=01;35:*.mp4v=01;35:*.vob=01;35:*.qt=01;35:*.nuv=01;35:*.wmv=01;35:*.asf=01;35:*.rm=01;35:*.rmvb=01;35:*.flc=01;35:*.avi=01;35:*.fli=01;35:*.flv=01;35:*.gl=01;35:*.dl=01;35:*.xcf=01;35:*.xwd=01;35:*.yuv=01;35:*.cgm=01;35:*.emf=01;35:*.ogv=01;35:*.ogx=01;35:*.aac=00;36:*.au=00;36:*.flac=00;36:*.m4a=00;36:*.mid=00;36:*.midi=00;36:*.mka=00;36:*.mp3=00;36:*.mpc=00;36:*.ogg=00;36:*.ra=00;36:*.wav=00;36:*.oga=00;36:*.opus=00;36:*.spx=00;36:*.xspf=00;36:'), ('AMENT_PREFIX_PATH', '/home/arno/RoombaV2Onboard/install/sllidar_ros2:/home/arno/RoombaV2Onboard/install/rover_stream:/home/arno/RoombaV2Onboard/install/roombav2:/home/arno/RoombaV2Onboard/install/RoverReceive:/opt/ros/humble'), ('SHELL', '/bin/bash'), ('LC_NAME', 'de_CH.UTF-8'), ('LESSCLOSE', '/usr/bin/lesspipe %s %s'), ('LC_MEASUREMENT', 'de_CH.UTF-8'), ('LC_IDENTIFICATION', 'de_CH.UTF-8'), ('PWD', '/home/arno/RoombaV2Onboard/build/sllidar_ros2'), ('LC_ALL', 'en_US.UTF-8'), ('SSH_CONNECTION', '192.168.113.158 42762 192.168.113.115 22'), ('XDG_DATA_DIRS', '/usr/local/share:/usr/share:/var/lib/snapd/desktop'), ('PYTHONPATH', '/home/arno/RoombaV2Onboard/install/rover_stream/lib/python3.10/site-packages:/home/arno/RoombaV2Onboard/install/roombav2/lib/python3.10/site-packages:/home/arno/RoombaV2Onboard/install/RoverReceive/lib/python3.10/site-packages:/opt/ros/humble/lib/python3.10/site-packages:/opt/ros/humble/local/lib/python3.10/dist-packages'), ('LC_NUMERIC', 'de_CH.UTF-8'), ('LC_PAPER', 'de_CH.UTF-8'), ('COLCON', '1'), ('CMAKE_PREFIX_PATH', '/home/arno/RoombaV2Onboard/install/sllidar_ros2:/home/arno/RoombaV2Onboard/install/rover_stream:/home/arno/RoombaV2Onboard/install/roombav2:/home/arno/RoombaV2Onboard/install/RoverReceive:/opt/ros/humble')]), 'shell': False}
[395.688625] (-) TimerEvent: {}
[395.741497] (sllidar_ros2) StdoutLine: {'line': b'-- Install configuration: ""\n'}
[395.747213] (sllidar_ros2) StdoutLine: {'line': b'-- Installing: /home/arno/RoombaV2Onboard/install/sllidar_ros2/share/sllidar_ros2/launch\n'}
[395.758796] (sllidar_ros2) StdoutLine: {'line': b'-- Installing: /home/arno/RoombaV2Onboard/install/sllidar_ros2/share/sllidar_ros2/launch/view_sllidar_a2m7_launch.py\n'}
[395.765525] (sllidar_ros2) StdoutLine: {'line': b'-- Installing: /home/arno/RoombaV2Onboard/install/sllidar_ros2/share/sllidar_ros2/launch/sllidar_a3_launch.py\n'}
[395.769302] (sllidar_ros2) StdoutLine: {'line': b'-- Installing: /home/arno/RoombaV2Onboard/install/sllidar_ros2/share/sllidar_ros2/launch/sllidar_c1_launch.py\n'}
[395.772765] (sllidar_ros2) StdoutLine: {'line': b'-- Installing: /home/arno/RoombaV2Onboard/install/sllidar_ros2/share/sllidar_ros2/launch/view_sllidar_s1_tcp_launch.py\n'}
[395.776035] (sllidar_ros2) StdoutLine: {'line': b'-- Installing: /home/arno/RoombaV2Onboard/install/sllidar_ros2/share/sllidar_ros2/launch/view_sllidar_s2_launch.py\n'}
[395.779296] (sllidar_ros2) StdoutLine: {'line': b'-- Installing: /home/arno/RoombaV2Onboard/install/sllidar_ros2/share/sllidar_ros2/launch/view_sllidar_a3_launch.py\n'}
[395.782605] (sllidar_ros2) StdoutLine: {'line': b'-- Installing: /home/arno/RoombaV2Onboard/install/sllidar_ros2/share/sllidar_ros2/launch/view_sllidar_s2e_launch.py\n'}
[395.785529] (sllidar_ros2) StdoutLine: {'line': b'-- Installing: /home/arno/RoombaV2Onboard/install/sllidar_ros2/share/sllidar_ros2/launch/sllidar_s3_launch.py\n'}
[395.788323] (sllidar_ros2) StdoutLine: {'line': b'-- Installing: /home/arno/RoombaV2Onboard/install/sllidar_ros2/share/sllidar_ros2/launch/view_sllidar_a2m8_launch.py\n'}
[395.789492] (-) TimerEvent: {}
[395.792542] (sllidar_ros2) StdoutLine: {'line': b'-- Installing: /home/arno/RoombaV2Onboard/install/sllidar_ros2/share/sllidar_ros2/launch/sllidar_s2_launch.py\n'}
[395.794832] (sllidar_ros2) StdoutLine: {'line': b'-- Installing: /home/arno/RoombaV2Onboard/install/sllidar_ros2/share/sllidar_ros2/launch/view_sllidar_s3_launch.py\n'}
[395.798025] (sllidar_ros2) StdoutLine: {'line': b'-- Installing: /home/arno/RoombaV2Onboard/install/sllidar_ros2/share/sllidar_ros2/launch/sllidar_s1_tcp_launch.py\n'}
[395.801039] (sllidar_ros2) StdoutLine: {'line': b'-- Installing: /home/arno/RoombaV2Onboard/install/sllidar_ros2/share/sllidar_ros2/launch/sllidar_a2m8_launch.py\n'}
[395.803814] (sllidar_ros2) StdoutLine: {'line': b'-- Installing: /home/arno/RoombaV2Onboard/install/sllidar_ros2/share/sllidar_ros2/launch/view_sllidar_a1_launch.py\n'}
[395.806520] (sllidar_ros2) StdoutLine: {'line': b'-- Installing: /home/arno/RoombaV2Onboard/install/sllidar_ros2/share/sllidar_ros2/launch/sllidar_a1_launch.py\n'}
[395.809182] (sllidar_ros2) StdoutLine: {'line': b'-- Installing: /home/arno/RoombaV2Onboard/install/sllidar_ros2/share/sllidar_ros2/launch/sllidar_s1_launch.py\n'}
[395.811875] (sllidar_ros2) StdoutLine: {'line': b'-- Installing: /home/arno/RoombaV2Onboard/install/sllidar_ros2/share/sllidar_ros2/launch/sllidar_s2e_launch.py\n'}
[395.814874] (sllidar_ros2) StdoutLine: {'line': b'-- Installing: /home/arno/RoombaV2Onboard/install/sllidar_ros2/share/sllidar_ros2/launch/sllidar_t1_launch.py\n'}
[395.817749] (sllidar_ros2) StdoutLine: {'line': b'-- Installing: /home/arno/RoombaV2Onboard/install/sllidar_ros2/share/sllidar_ros2/launch/view_sllidar_t1_launch.py\n'}
[395.820850] (sllidar_ros2) StdoutLine: {'line': b'-- Installing: /home/arno/RoombaV2Onboard/install/sllidar_ros2/share/sllidar_ros2/launch/view_sllidar_s1_launch.py\n'}
[395.823873] (sllidar_ros2) StdoutLine: {'line': b'-- Installing: /home/arno/RoombaV2Onboard/install/sllidar_ros2/share/sllidar_ros2/launch/view_sllidar_a2m12_launch.py\n'}
[395.826904] (sllidar_ros2) StdoutLine: {'line': b'-- Installing: /home/arno/RoombaV2Onboard/install/sllidar_ros2/share/sllidar_ros2/launch/sllidar_a2m7_launch.py\n'}
[395.829983] (sllidar_ros2) StdoutLine: {'line': b'-- Installing: /home/arno/RoombaV2Onboard/install/sllidar_ros2/share/sllidar_ros2/launch/view_sllidar_c1_launch.py\n'}
[395.833014] (sllidar_ros2) StdoutLine: {'line': b'-- Installing: /home/arno/RoombaV2Onboard/install/sllidar_ros2/share/sllidar_ros2/launch/sllidar_a2m12_launch .py\n'}
[395.835797] (sllidar_ros2) StdoutLine: {'line': b'-- Installing: /home/arno/RoombaV2Onboard/install/sllidar_ros2/share/sllidar_ros2/rviz\n'}
[395.837885] (sllidar_ros2) StdoutLine: {'line': b'-- Installing: /home/arno/RoombaV2Onboard/install/sllidar_ros2/share/sllidar_ros2/rviz/sllidar_ros2.rviz\n'}
[395.842133] (sllidar_ros2) StdoutLine: {'line': b'-- Installing: /home/arno/RoombaV2Onboard/install/sllidar_ros2/lib/sllidar_ros2/sllidar_node\n'}
[395.889839] (-) TimerEvent: {}
[395.927458] (sllidar_ros2) StdoutLine: {'line': b'-- Set runtime path of "/home/arno/RoombaV2Onboard/install/sllidar_ros2/lib/sllidar_ros2/sllidar_node" to ""\n'}
[395.928970] (sllidar_ros2) StdoutLine: {'line': b'-- Installing: /home/arno/RoombaV2Onboard/install/sllidar_ros2/lib/sllidar_ros2/sllidar_client\n'}
[395.975233] (sllidar_ros2) StdoutLine: {'line': b'-- Set runtime path of "/home/arno/RoombaV2Onboard/install/sllidar_ros2/lib/sllidar_ros2/sllidar_client" to ""\n'}
[395.979952] (sllidar_ros2) StdoutLine: {'line': b'-- Installing: /home/arno/RoombaV2Onboard/install/sllidar_ros2/share/ament_index/resource_index/package_run_dependencies/sllidar_ros2\n'}
[395.984599] (sllidar_ros2) StdoutLine: {'line': b'-- Installing: /home/arno/RoombaV2Onboard/install/sllidar_ros2/share/ament_index/resource_index/parent_prefix_path/sllidar_ros2\n'}
[395.990072] (-) TimerEvent: {}
[396.013158] (sllidar_ros2) StdoutLine: {'line': b'-- Installing: /home/arno/RoombaV2Onboard/install/sllidar_ros2/share/sllidar_ros2/environment/ament_prefix_path.sh\n'}
[396.020033] (sllidar_ros2) StdoutLine: {'line': b'-- Installing: /home/arno/RoombaV2Onboard/install/sllidar_ros2/share/sllidar_ros2/environment/ament_prefix_path.dsv\n'}
[396.024579] (sllidar_ros2) StdoutLine: {'line': b'-- Installing: /home/arno/RoombaV2Onboard/install/sllidar_ros2/share/sllidar_ros2/environment/path.sh\n'}
[396.028689] (sllidar_ros2) StdoutLine: {'line': b'-- Installing: /home/arno/RoombaV2Onboard/install/sllidar_ros2/share/sllidar_ros2/environment/path.dsv\n'}
[396.031918] (sllidar_ros2) StdoutLine: {'line': b'-- Installing: /home/arno/RoombaV2Onboard/install/sllidar_ros2/share/sllidar_ros2/local_setup.bash\n'}
[396.034908] (sllidar_ros2) StdoutLine: {'line': b'-- Installing: /home/arno/RoombaV2Onboard/install/sllidar_ros2/share/sllidar_ros2/local_setup.sh\n'}
[396.038468] (sllidar_ros2) StdoutLine: {'line': b'-- Installing: /home/arno/RoombaV2Onboard/install/sllidar_ros2/share/sllidar_ros2/local_setup.zsh\n'}
[396.041811] (sllidar_ros2) StdoutLine: {'line': b'-- Installing: /home/arno/RoombaV2Onboard/install/sllidar_ros2/share/sllidar_ros2/local_setup.dsv\n'}
[396.045286] (sllidar_ros2) StdoutLine: {'line': b'-- Installing: /home/arno/RoombaV2Onboard/install/sllidar_ros2/share/sllidar_ros2/package.dsv\n'}
[396.050287] (sllidar_ros2) StdoutLine: {'line': b'-- Installing: /home/arno/RoombaV2Onboard/install/sllidar_ros2/share/ament_index/resource_index/packages/sllidar_ros2\n'}
[396.054362] (sllidar_ros2) StdoutLine: {'line': b'-- Installing: /home/arno/RoombaV2Onboard/install/sllidar_ros2/share/sllidar_ros2/cmake/ament_cmake_export_dependencies-extras.cmake\n'}
[396.059043] (sllidar_ros2) StdoutLine: {'line': b'-- Installing: /home/arno/RoombaV2Onboard/install/sllidar_ros2/share/sllidar_ros2/cmake/ament_cmake_export_include_directories-extras.cmake\n'}
[396.063723] (sllidar_ros2) StdoutLine: {'line': b'-- Installing: /home/arno/RoombaV2Onboard/install/sllidar_ros2/share/sllidar_ros2/cmake/sllidar_ros2Config.cmake\n'}
[396.067004] (sllidar_ros2) StdoutLine: {'line': b'-- Installing: /home/arno/RoombaV2Onboard/install/sllidar_ros2/share/sllidar_ros2/cmake/sllidar_ros2Config-version.cmake\n'}
[396.075700] (sllidar_ros2) StdoutLine: {'line': b'-- Installing: /home/arno/RoombaV2Onboard/install/sllidar_ros2/share/sllidar_ros2/package.xml\n'}
[396.090517] (-) TimerEvent: {}
[396.104105] (sllidar_ros2) CommandEnded: {'returncode': 0}
[396.198098] (-) TimerEvent: {}
[396.324286] (-) TimerEvent: {}
[396.455920] (-) TimerEvent: {}
[396.565386] (-) TimerEvent: {}
[396.666886] (-) TimerEvent: {}
[396.768097] (-) TimerEvent: {}
[396.869992] (-) TimerEvent: {}
[396.971229] (-) TimerEvent: {}
[397.072497] (-) TimerEvent: {}
[397.174055] (-) TimerEvent: {}
[397.276388] (-) TimerEvent: {}
[397.400128] (-) TimerEvent: {}
[397.459144] (sllidar_ros2) JobEnded: {'identifier': 'sllidar_ros2', 'rc': 0}
[397.562804] (-) TimerEvent: {}
[397.564664] (-) EventReactorShutdown: {}
