[0.000000] (-) TimerEvent: {}
[0.003377] (RoverReceive) JobQueued: {'identifier': 'RoverReceive', 'dependencies': OrderedDict()}
[0.004710] (rf2o_laser_odometry) JobQueued: {'identifier': 'rf2o_laser_odometry', 'dependencies': OrderedDict()}
[0.005762] (roombav2) JobQueued: {'identifier': 'roombav2', 'dependencies': OrderedDict()}
[0.006174] (rover_stream) JobQueued: {'identifier': 'rover_stream', 'dependencies': OrderedDict()}
[0.006775] (sllidar_ros2) JobQueued: {'identifier': 'sllidar_ros2', 'dependencies': OrderedDict()}
[0.007138] (RoverReceive) JobStarted: {'identifier': 'RoverReceive'}
[0.098018] (-) TimerEvent: {}
[0.099786] (rf2o_laser_odometry) JobStarted: {'identifier': 'rf2o_laser_odometry'}
[0.139926] (roombav2) JobStarted: {'identifier': 'roombav2'}
[0.192700] (rover_stream) JobStarted: {'identifier': 'rover_stream'}
[0.199130] (-) TimerEvent: {}
[0.300498] (-) TimerEvent: {}
[0.401626] (-) TimerEvent: {}
[0.502778] (-) TimerEvent: {}
[0.604068] (-) TimerEvent: {}
[0.705283] (-) TimerEvent: {}
[0.806508] (-) TimerEvent: {}
[0.907843] (-) TimerEvent: {}
[1.009131] (-) TimerEvent: {}
[1.110330] (-) TimerEvent: {}
[1.211613] (-) TimerEvent: {}
[1.312787] (-) TimerEvent: {}
[1.414013] (-) TimerEvent: {}
[1.515216] (-) TimerEvent: {}
[1.616495] (-) TimerEvent: {}
[1.717670] (-) TimerEvent: {}
[1.818834] (-) TimerEvent: {}
[1.920099] (-) TimerEvent: {}
[2.021331] (-) TimerEvent: {}
[2.122619] (-) TimerEvent: {}
[2.223890] (-) TimerEvent: {}
[2.325143] (-) TimerEvent: {}
[2.426402] (-) TimerEvent: {}
[2.527785] (-) TimerEvent: {}
[2.629379] (-) TimerEvent: {}
[2.716208] (rf2o_laser_odometry) JobProgress: {'identifier': 'rf2o_laser_odometry', 'progress': 'cmake'}
[2.729589] (-) TimerEvent: {}
[2.762026] (rf2o_laser_odometry) Command: {'cmd': ['/usr/bin/cmake', '/home/arno/RoombaV2Onboard/src/rf2o_laser_odometry', '-DAMENT_CMAKE_SYMLINK_INSTALL=1', '-DCMAKE_INSTALL_PREFIX=/home/arno/RoombaV2Onboard/install/rf2o_laser_odometry'], 'cwd': '/home/arno/RoombaV2Onboard/build/rf2o_laser_odometry', 'env': OrderedDict([('LESSOPEN', '| /usr/bin/lesspipe %s'), ('USER', 'arno'), ('SSH_CLIENT', '192.168.177.158 53836 22'), ('LC_TIME', 'de_CH.UTF-8'), ('XDG_SESSION_TYPE', 'tty'), ('SHLVL', '1'), ('LD_LIBRARY_PATH', '/opt/ros/humble/opt/rviz_ogre_vendor/lib:/opt/ros/humble/lib/aarch64-linux-gnu:/opt/ros/humble/lib'), ('MOTD_SHOWN', 'pam'), ('HOME', '/home/arno'), ('OLDPWD', '/home/arno/RoombaV2Onboard/src/rf2o_laser_odometry'), ('SSH_TTY', '/dev/pts/0'), ('ROS_PYTHON_VERSION', '3'), ('LC_MONETARY', 'de_CH.UTF-8'), ('DBUS_SESSION_BUS_ADDRESS', 'unix:path=/run/user/1000/bus'), ('COLCON_PREFIX_PATH', '/home/arno/RoombaV2Onboard/install'), ('ROS_DISTRO', 'humble'), ('LOGNAME', 'arno'), ('_', '/usr/bin/colcon'), ('ROS_VERSION', '2'), ('XDG_SESSION_CLASS', 'user'), ('TERM', 'xterm-256color'), ('XDG_SESSION_ID', '1'), ('ROS_LOCALHOST_ONLY', '0'), ('PATH', '/home/arno/.local/bin:/opt/ros/humble/bin:/usr/local/sbin:/usr/local/bin:/usr/sbin:/usr/bin:/sbin:/bin:/usr/games:/usr/local/games:/snap/bin'), ('LC_ADDRESS', 'de_CH.UTF-8'), ('XDG_RUNTIME_DIR', '/run/user/1000'), ('LANG', 'en_US.UTF-8'), ('LC_TELEPHONE', 'de_CH.UTF-8'), ('LS_COLORS', 'rs=0:di=01;34:ln=01;36:mh=00:pi=40;33:so=01;35:do=01;35:bd=40;33;01:cd=40;33;01:or=40;31;01:mi=00:su=37;41:sg=30;43:ca=30;41:tw=30;42:ow=34;42:st=37;44:ex=01;32:*.tar=01;31:*.tgz=01;31:*.arc=01;31:*.arj=01;31:*.taz=01;31:*.lha=01;31:*.lz4=01;31:*.lzh=01;31:*.lzma=01;31:*.tlz=01;31:*.txz=01;31:*.tzo=01;31:*.t7z=01;31:*.zip=01;31:*.z=01;31:*.dz=01;31:*.gz=01;31:*.lrz=01;31:*.lz=01;31:*.lzo=01;31:*.xz=01;31:*.zst=01;31:*.tzst=01;31:*.bz2=01;31:*.bz=01;31:*.tbz=01;31:*.tbz2=01;31:*.tz=01;31:*.deb=01;31:*.rpm=01;31:*.jar=01;31:*.war=01;31:*.ear=01;31:*.sar=01;31:*.rar=01;31:*.alz=01;31:*.ace=01;31:*.zoo=01;31:*.cpio=01;31:*.7z=01;31:*.rz=01;31:*.cab=01;31:*.wim=01;31:*.swm=01;31:*.dwm=01;31:*.esd=01;31:*.jpg=01;35:*.jpeg=01;35:*.mjpg=01;35:*.mjpeg=01;35:*.gif=01;35:*.bmp=01;35:*.pbm=01;35:*.pgm=01;35:*.ppm=01;35:*.tga=01;35:*.xbm=01;35:*.xpm=01;35:*.tif=01;35:*.tiff=01;35:*.png=01;35:*.svg=01;35:*.svgz=01;35:*.mng=01;35:*.pcx=01;35:*.mov=01;35:*.mpg=01;35:*.mpeg=01;35:*.m2v=01;35:*.mkv=01;35:*.webm=01;35:*.webp=01;35:*.ogm=01;35:*.mp4=01;35:*.m4v=01;35:*.mp4v=01;35:*.vob=01;35:*.qt=01;35:*.nuv=01;35:*.wmv=01;35:*.asf=01;35:*.rm=01;35:*.rmvb=01;35:*.flc=01;35:*.avi=01;35:*.fli=01;35:*.flv=01;35:*.gl=01;35:*.dl=01;35:*.xcf=01;35:*.xwd=01;35:*.yuv=01;35:*.cgm=01;35:*.emf=01;35:*.ogv=01;35:*.ogx=01;35:*.aac=00;36:*.au=00;36:*.flac=00;36:*.m4a=00;36:*.mid=00;36:*.midi=00;36:*.mka=00;36:*.mp3=00;36:*.mpc=00;36:*.ogg=00;36:*.ra=00;36:*.wav=00;36:*.oga=00;36:*.opus=00;36:*.spx=00;36:*.xspf=00;36:'), ('AMENT_PREFIX_PATH', '/home/arno/RoombaV2Onboard/install/sllidar_ros2:/home/arno/RoombaV2Onboard/install/rover_stream:/home/arno/RoombaV2Onboard/install/roombav2:/home/arno/RoombaV2Onboard/install/RoverReceive:/opt/ros/humble'), ('SHELL', '/bin/bash'), ('LC_NAME', 'de_CH.UTF-8'), ('LESSCLOSE', '/usr/bin/lesspipe %s %s'), ('LC_MEASUREMENT', 'de_CH.UTF-8'), ('LC_IDENTIFICATION', 'de_CH.UTF-8'), ('PWD', '/home/arno/RoombaV2Onboard/build/rf2o_laser_odometry'), ('LC_ALL', 'en_US.UTF-8'), ('SSH_CONNECTION', '192.168.177.158 53836 192.168.177.115 22'), ('XDG_DATA_DIRS', '/usr/local/share:/usr/share:/var/lib/snapd/desktop'), ('PYTHONPATH', '/home/arno/RoombaV2Onboard/install/rover_stream/lib/python3.10/site-packages:/home/arno/RoombaV2Onboard/install/roombav2/lib/python3.10/site-packages:/home/arno/RoombaV2Onboard/install/RoverReceive/lib/python3.10/site-packages:/opt/ros/humble/lib/python3.10/site-packages:/opt/ros/humble/local/lib/python3.10/dist-packages'), ('LC_NUMERIC', 'de_CH.UTF-8'), ('LC_PAPER', 'de_CH.UTF-8'), ('COLCON', '1'), ('CMAKE_PREFIX_PATH', '/home/arno/RoombaV2Onboard/install/sllidar_ros2:/home/arno/RoombaV2Onboard/install/rover_stream:/home/arno/RoombaV2Onboard/install/roombav2:/home/arno/RoombaV2Onboard/install/RoverReceive:/opt/ros/humble')]), 'shell': False}
[2.829890] (-) TimerEvent: {}
[2.931166] (-) TimerEvent: {}
[3.032562] (-) TimerEvent: {}
[3.133826] (-) TimerEvent: {}
[3.235067] (-) TimerEvent: {}
[3.336340] (-) TimerEvent: {}
[3.437625] (-) TimerEvent: {}
[3.538912] (-) TimerEvent: {}
[3.640176] (-) TimerEvent: {}
[3.741397] (-) TimerEvent: {}
[3.842635] (-) TimerEvent: {}
[3.943855] (-) TimerEvent: {}
[4.045091] (-) TimerEvent: {}
[4.146330] (-) TimerEvent: {}
[4.247629] (-) TimerEvent: {}
[4.348837] (-) TimerEvent: {}
[4.450066] (-) TimerEvent: {}
[4.551258] (-) TimerEvent: {}
[4.652547] (-) TimerEvent: {}
[4.753769] (-) TimerEvent: {}
[4.855029] (-) TimerEvent: {}
[4.956826] (-) TimerEvent: {}
[5.070753] (-) TimerEvent: {}
[5.172080] (-) TimerEvent: {}
[5.273627] (-) TimerEvent: {}
[5.374909] (-) TimerEvent: {}
[5.476751] (-) TimerEvent: {}
[5.578450] (-) TimerEvent: {}
[5.643735] (rf2o_laser_odometry) StdoutLine: {'line': b'-- Found ament_cmake: 1.3.10 (/opt/ros/humble/share/ament_cmake/cmake)\n'}
[5.678917] (-) TimerEvent: {}
[5.780457] (-) TimerEvent: {}
[5.881934] (-) TimerEvent: {}
[5.983128] (-) TimerEvent: {}
[6.084544] (-) TimerEvent: {}
[6.185798] (-) TimerEvent: {}
[6.287068] (-) TimerEvent: {}
[6.388409] (-) TimerEvent: {}
[6.489610] (-) TimerEvent: {}
[6.590824] (-) TimerEvent: {}
[6.692097] (-) TimerEvent: {}
[6.793337] (-) TimerEvent: {}
[6.894630] (-) TimerEvent: {}
[6.996058] (-) TimerEvent: {}
[7.097254] (-) TimerEvent: {}
[7.198488] (-) TimerEvent: {}
[7.299727] (-) TimerEvent: {}
[7.401025] (-) TimerEvent: {}
[7.502417] (-) TimerEvent: {}
[7.603746] (-) TimerEvent: {}
[7.705186] (-) TimerEvent: {}
[7.806757] (-) TimerEvent: {}
[7.908555] (-) TimerEvent: {}
[8.010655] (-) TimerEvent: {}
[8.111956] (-) TimerEvent: {}
[8.213539] (-) TimerEvent: {}
[8.316099] (-) TimerEvent: {}
[8.417532] (-) TimerEvent: {}
[8.519499] (-) TimerEvent: {}
[8.620934] (-) TimerEvent: {}
[8.722891] (-) TimerEvent: {}
[8.824896] (-) TimerEvent: {}
[8.926428] (-) TimerEvent: {}
[9.028134] (-) TimerEvent: {}
[9.129569] (-) TimerEvent: {}
[9.231566] (-) TimerEvent: {}
[9.333165] (-) TimerEvent: {}
[9.436409] (-) TimerEvent: {}
[9.539870] (-) TimerEvent: {}
[9.642982] (-) TimerEvent: {}
[9.715625] (rf2o_laser_odometry) StdoutLine: {'line': b'-- Override CMake install command with custom implementation using symlinks instead of copying resources\n'}
[9.743303] (-) TimerEvent: {}
[9.845860] (-) TimerEvent: {}
[9.949376] (-) TimerEvent: {}
[10.069251] (-) TimerEvent: {}
[10.170946] (-) TimerEvent: {}
[10.258589] (rf2o_laser_odometry) StdoutLine: {'line': b'-- Found rclcpp: 16.0.10 (/opt/ros/humble/share/rclcpp/cmake)\n'}
[10.271296] (-) TimerEvent: {}
[10.373080] (-) TimerEvent: {}
[10.474931] (-) TimerEvent: {}
[10.576834] (-) TimerEvent: {}
[10.678611] (-) TimerEvent: {}
[10.780353] (-) TimerEvent: {}
[10.826351] (rf2o_laser_odometry) StdoutLine: {'line': b'-- Found rosidl_generator_c: 3.1.5 (/opt/ros/humble/share/rosidl_generator_c/cmake)\n'}
[10.870471] (rf2o_laser_odometry) StdoutLine: {'line': b'-- Found rosidl_adapter: 3.1.5 (/opt/ros/humble/share/rosidl_adapter/cmake)\n'}
[10.880697] (-) TimerEvent: {}
[10.968194] (rf2o_laser_odometry) StdoutLine: {'line': b'-- Found rosidl_generator_cpp: 3.1.5 (/opt/ros/humble/share/rosidl_generator_cpp/cmake)\n'}
[10.981047] (-) TimerEvent: {}
[11.083541] (-) TimerEvent: {}
[11.119647] (rf2o_laser_odometry) StdoutLine: {'line': b'-- Using all available rosidl_typesupport_c: rosidl_typesupport_fastrtps_c;rosidl_typesupport_introspection_c\n'}
[11.183749] (-) TimerEvent: {}
[11.286381] (-) TimerEvent: {}
[11.310770] (rf2o_laser_odometry) StdoutLine: {'line': b'-- Using all available rosidl_typesupport_cpp: rosidl_typesupport_fastrtps_cpp;rosidl_typesupport_introspection_cpp\n'}
[11.386688] (-) TimerEvent: {}
[11.489335] (-) TimerEvent: {}
[11.592941] (-) TimerEvent: {}
[11.694659] (-) TimerEvent: {}
[11.796475] (-) TimerEvent: {}
[11.898276] (-) TimerEvent: {}
[11.935776] (rf2o_laser_odometry) StdoutLine: {'line': b'-- Found rmw_implementation_cmake: 6.1.2 (/opt/ros/humble/share/rmw_implementation_cmake/cmake)\n'}
[11.969804] (rf2o_laser_odometry) StdoutLine: {'line': b'-- Found rmw_fastrtps_cpp: 6.2.7 (/opt/ros/humble/share/rmw_fastrtps_cpp/cmake)\n'}
[11.998617] (-) TimerEvent: {}
[12.100895] (-) TimerEvent: {}
[12.203906] (-) TimerEvent: {}
[12.307115] (-) TimerEvent: {}
[12.410175] (-) TimerEvent: {}
[12.512543] (-) TimerEvent: {}
[12.614882] (-) TimerEvent: {}
[12.716292] (-) TimerEvent: {}
[12.818036] (-) TimerEvent: {}
[12.919261] (-) TimerEvent: {}
[13.020601] (-) TimerEvent: {}
[13.122098] (-) TimerEvent: {}
[13.223711] (-) TimerEvent: {}
[13.326527] (-) TimerEvent: {}
[13.427933] (-) TimerEvent: {}
[13.530619] (-) TimerEvent: {}
[13.633326] (-) TimerEvent: {}
[13.735380] (-) TimerEvent: {}
[13.837562] (-) TimerEvent: {}
[13.851376] (rf2o_laser_odometry) StdoutLine: {'line': b"-- Using RMW implementation 'rmw_fastrtps_cpp' as default\n"}
[13.938148] (-) TimerEvent: {}
[14.041420] (-) TimerEvent: {}
[14.145041] (-) TimerEvent: {}
[14.249308] (-) TimerEvent: {}
[14.296472] (rover_stream) Command: {'cmd': ['/usr/bin/python3', '-W', 'ignore:setup.py install is deprecated', 'setup.py', 'develop', '--editable', '--build-directory', '/home/arno/RoombaV2Onboard/build/rover_stream/build', '--no-deps', 'symlink_data', '--force'], 'cwd': '/home/arno/RoombaV2Onboard/build/rover_stream', 'env': {'LESSOPEN': '| /usr/bin/lesspipe %s', 'USER': 'arno', 'SSH_CLIENT': '192.168.177.158 53836 22', 'LC_TIME': 'de_CH.UTF-8', 'XDG_SESSION_TYPE': 'tty', 'SHLVL': '1', 'LD_LIBRARY_PATH': '/opt/ros/humble/opt/rviz_ogre_vendor/lib:/opt/ros/humble/lib/aarch64-linux-gnu:/opt/ros/humble/lib', 'MOTD_SHOWN': 'pam', 'HOME': '/home/arno', 'OLDPWD': '/home/arno/RoombaV2Onboard/src/rf2o_laser_odometry', 'SSH_TTY': '/dev/pts/0', 'ROS_PYTHON_VERSION': '3', 'LC_MONETARY': 'de_CH.UTF-8', 'DBUS_SESSION_BUS_ADDRESS': 'unix:path=/run/user/1000/bus', 'COLCON_PREFIX_PATH': '/home/arno/RoombaV2Onboard/install', 'ROS_DISTRO': 'humble', 'LOGNAME': 'arno', '_': '/usr/bin/colcon', 'ROS_VERSION': '2', 'XDG_SESSION_CLASS': 'user', 'TERM': 'xterm-256color', 'XDG_SESSION_ID': '1', 'ROS_LOCALHOST_ONLY': '0', 'PATH': '/home/arno/.local/bin:/opt/ros/humble/bin:/usr/local/sbin:/usr/local/bin:/usr/sbin:/usr/bin:/sbin:/bin:/usr/games:/usr/local/games:/snap/bin', 'LC_ADDRESS': 'de_CH.UTF-8', 'XDG_RUNTIME_DIR': '/run/user/1000', 'LANG': 'en_US.UTF-8', 'LC_TELEPHONE': 'de_CH.UTF-8', 'LS_COLORS': 'rs=0:di=01;34:ln=01;36:mh=00:pi=40;33:so=01;35:do=01;35:bd=40;33;01:cd=40;33;01:or=40;31;01:mi=00:su=37;41:sg=30;43:ca=30;41:tw=30;42:ow=34;42:st=37;44:ex=01;32:*.tar=01;31:*.tgz=01;31:*.arc=01;31:*.arj=01;31:*.taz=01;31:*.lha=01;31:*.lz4=01;31:*.lzh=01;31:*.lzma=01;31:*.tlz=01;31:*.txz=01;31:*.tzo=01;31:*.t7z=01;31:*.zip=01;31:*.z=01;31:*.dz=01;31:*.gz=01;31:*.lrz=01;31:*.lz=01;31:*.lzo=01;31:*.xz=01;31:*.zst=01;31:*.tzst=01;31:*.bz2=01;31:*.bz=01;31:*.tbz=01;31:*.tbz2=01;31:*.tz=01;31:*.deb=01;31:*.rpm=01;31:*.jar=01;31:*.war=01;31:*.ear=01;31:*.sar=01;31:*.rar=01;31:*.alz=01;31:*.ace=01;31:*.zoo=01;31:*.cpio=01;31:*.7z=01;31:*.rz=01;31:*.cab=01;31:*.wim=01;31:*.swm=01;31:*.dwm=01;31:*.esd=01;31:*.jpg=01;35:*.jpeg=01;35:*.mjpg=01;35:*.mjpeg=01;35:*.gif=01;35:*.bmp=01;35:*.pbm=01;35:*.pgm=01;35:*.ppm=01;35:*.tga=01;35:*.xbm=01;35:*.xpm=01;35:*.tif=01;35:*.tiff=01;35:*.png=01;35:*.svg=01;35:*.svgz=01;35:*.mng=01;35:*.pcx=01;35:*.mov=01;35:*.mpg=01;35:*.mpeg=01;35:*.m2v=01;35:*.mkv=01;35:*.webm=01;35:*.webp=01;35:*.ogm=01;35:*.mp4=01;35:*.m4v=01;35:*.mp4v=01;35:*.vob=01;35:*.qt=01;35:*.nuv=01;35:*.wmv=01;35:*.asf=01;35:*.rm=01;35:*.rmvb=01;35:*.flc=01;35:*.avi=01;35:*.fli=01;35:*.flv=01;35:*.gl=01;35:*.dl=01;35:*.xcf=01;35:*.xwd=01;35:*.yuv=01;35:*.cgm=01;35:*.emf=01;35:*.ogv=01;35:*.ogx=01;35:*.aac=00;36:*.au=00;36:*.flac=00;36:*.m4a=00;36:*.mid=00;36:*.midi=00;36:*.mka=00;36:*.mp3=00;36:*.mpc=00;36:*.ogg=00;36:*.ra=00;36:*.wav=00;36:*.oga=00;36:*.opus=00;36:*.spx=00;36:*.xspf=00;36:', 'AMENT_PREFIX_PATH': '/home/arno/RoombaV2Onboard/install/sllidar_ros2:/home/arno/RoombaV2Onboard/install/rover_stream:/home/arno/RoombaV2Onboard/install/roombav2:/home/arno/RoombaV2Onboard/install/RoverReceive:/opt/ros/humble', 'SHELL': '/bin/bash', 'LC_NAME': 'de_CH.UTF-8', 'LESSCLOSE': '/usr/bin/lesspipe %s %s', 'LC_MEASUREMENT': 'de_CH.UTF-8', 'LC_IDENTIFICATION': 'de_CH.UTF-8', 'PWD': '/home/arno/RoombaV2Onboard/build/rover_stream', 'LC_ALL': 'en_US.UTF-8', 'SSH_CONNECTION': '192.168.177.158 53836 192.168.177.115 22', 'XDG_DATA_DIRS': '/usr/local/share:/usr/share:/var/lib/snapd/desktop', 'PYTHONPATH': '/home/arno/RoombaV2Onboard/build/rover_stream/prefix_override:/usr/lib/python3/dist-packages/colcon_core/task/python/colcon_distutils_commands:/home/arno/RoombaV2Onboard/install/rover_stream/lib/python3.10/site-packages:/home/arno/RoombaV2Onboard/install/rover_stream/lib/python3.10/site-packages:/home/arno/RoombaV2Onboard/install/roombav2/lib/python3.10/site-packages:/home/arno/RoombaV2Onboard/install/RoverReceive/lib/python3.10/site-packages:/opt/ros/humble/lib/python3.10/site-packages:/opt/ros/humble/local/lib/python3.10/dist-packages', 'LC_NUMERIC': 'de_CH.UTF-8', 'LC_PAPER': 'de_CH.UTF-8', 'COLCON': '1', 'CMAKE_PREFIX_PATH': '/home/arno/RoombaV2Onboard/install/sllidar_ros2'}, 'shell': False}
[14.349573] (-) TimerEvent: {}
[14.357052] (RoverReceive) Command: {'cmd': ['/usr/bin/python3', '-W', 'ignore:setup.py install is deprecated', 'setup.py', 'develop', '--editable', '--build-directory', '/home/arno/RoombaV2Onboard/build/RoverReceive/build', '--no-deps', 'symlink_data', '--force'], 'cwd': '/home/arno/RoombaV2Onboard/build/RoverReceive', 'env': {'LESSOPEN': '| /usr/bin/lesspipe %s', 'USER': 'arno', 'SSH_CLIENT': '192.168.177.158 53836 22', 'LC_TIME': 'de_CH.UTF-8', 'XDG_SESSION_TYPE': 'tty', 'SHLVL': '1', 'LD_LIBRARY_PATH': '/opt/ros/humble/opt/rviz_ogre_vendor/lib:/opt/ros/humble/lib/aarch64-linux-gnu:/opt/ros/humble/lib', 'MOTD_SHOWN': 'pam', 'HOME': '/home/arno', 'OLDPWD': '/home/arno/RoombaV2Onboard/src/rf2o_laser_odometry', 'SSH_TTY': '/dev/pts/0', 'ROS_PYTHON_VERSION': '3', 'LC_MONETARY': 'de_CH.UTF-8', 'DBUS_SESSION_BUS_ADDRESS': 'unix:path=/run/user/1000/bus', 'COLCON_PREFIX_PATH': '/home/arno/RoombaV2Onboard/install', 'ROS_DISTRO': 'humble', 'LOGNAME': 'arno', '_': '/usr/bin/colcon', 'ROS_VERSION': '2', 'XDG_SESSION_CLASS': 'user', 'TERM': 'xterm-256color', 'XDG_SESSION_ID': '1', 'ROS_LOCALHOST_ONLY': '0', 'PATH': '/home/arno/.local/bin:/opt/ros/humble/bin:/usr/local/sbin:/usr/local/bin:/usr/sbin:/usr/bin:/sbin:/bin:/usr/games:/usr/local/games:/snap/bin', 'LC_ADDRESS': 'de_CH.UTF-8', 'XDG_RUNTIME_DIR': '/run/user/1000', 'LANG': 'en_US.UTF-8', 'LC_TELEPHONE': 'de_CH.UTF-8', 'LS_COLORS': 'rs=0:di=01;34:ln=01;36:mh=00:pi=40;33:so=01;35:do=01;35:bd=40;33;01:cd=40;33;01:or=40;31;01:mi=00:su=37;41:sg=30;43:ca=30;41:tw=30;42:ow=34;42:st=37;44:ex=01;32:*.tar=01;31:*.tgz=01;31:*.arc=01;31:*.arj=01;31:*.taz=01;31:*.lha=01;31:*.lz4=01;31:*.lzh=01;31:*.lzma=01;31:*.tlz=01;31:*.txz=01;31:*.tzo=01;31:*.t7z=01;31:*.zip=01;31:*.z=01;31:*.dz=01;31:*.gz=01;31:*.lrz=01;31:*.lz=01;31:*.lzo=01;31:*.xz=01;31:*.zst=01;31:*.tzst=01;31:*.bz2=01;31:*.bz=01;31:*.tbz=01;31:*.tbz2=01;31:*.tz=01;31:*.deb=01;31:*.rpm=01;31:*.jar=01;31:*.war=01;31:*.ear=01;31:*.sar=01;31:*.rar=01;31:*.alz=01;31:*.ace=01;31:*.zoo=01;31:*.cpio=01;31:*.7z=01;31:*.rz=01;31:*.cab=01;31:*.wim=01;31:*.swm=01;31:*.dwm=01;31:*.esd=01;31:*.jpg=01;35:*.jpeg=01;35:*.mjpg=01;35:*.mjpeg=01;35:*.gif=01;35:*.bmp=01;35:*.pbm=01;35:*.pgm=01;35:*.ppm=01;35:*.tga=01;35:*.xbm=01;35:*.xpm=01;35:*.tif=01;35:*.tiff=01;35:*.png=01;35:*.svg=01;35:*.svgz=01;35:*.mng=01;35:*.pcx=01;35:*.mov=01;35:*.mpg=01;35:*.mpeg=01;35:*.m2v=01;35:*.mkv=01;35:*.webm=01;35:*.webp=01;35:*.ogm=01;35:*.mp4=01;35:*.m4v=01;35:*.mp4v=01;35:*.vob=01;35:*.qt=01;35:*.nuv=01;35:*.wmv=01;35:*.asf=01;35:*.rm=01;35:*.rmvb=01;35:*.flc=01;35:*.avi=01;35:*.fli=01;35:*.flv=01;35:*.gl=01;35:*.dl=01;35:*.xcf=01;35:*.xwd=01;35:*.yuv=01;35:*.cgm=01;35:*.emf=01;35:*.ogv=01;35:*.ogx=01;35:*.aac=00;36:*.au=00;36:*.flac=00;36:*.m4a=00;36:*.mid=00;36:*.midi=00;36:*.mka=00;36:*.mp3=00;36:*.mpc=00;36:*.ogg=00;36:*.ra=00;36:*.wav=00;36:*.oga=00;36:*.opus=00;36:*.spx=00;36:*.xspf=00;36:', 'AMENT_PREFIX_PATH': '/home/arno/RoombaV2Onboard/install/sllidar_ros2:/home/arno/RoombaV2Onboard/install/rover_stream:/home/arno/RoombaV2Onboard/install/roombav2:/home/arno/RoombaV2Onboard/install/RoverReceive:/opt/ros/humble', 'SHELL': '/bin/bash', 'LC_NAME': 'de_CH.UTF-8', 'LESSCLOSE': '/usr/bin/lesspipe %s %s', 'LC_MEASUREMENT': 'de_CH.UTF-8', 'LC_IDENTIFICATION': 'de_CH.UTF-8', 'PWD': '/home/arno/RoombaV2Onboard/build/RoverReceive', 'LC_ALL': 'en_US.UTF-8', 'SSH_CONNECTION': '192.168.177.158 53836 192.168.177.115 22', 'XDG_DATA_DIRS': '/usr/local/share:/usr/share:/var/lib/snapd/desktop', 'PYTHONPATH': '/home/arno/RoombaV2Onboard/build/RoverReceive/prefix_override:/usr/lib/python3/dist-packages/colcon_core/task/python/colcon_distutils_commands:/home/arno/RoombaV2Onboard/install/RoverReceive/lib/python3.10/site-packages:/home/arno/RoombaV2Onboard/install/rover_stream/lib/python3.10/site-packages:/home/arno/RoombaV2Onboard/install/roombav2/lib/python3.10/site-packages:/home/arno/RoombaV2Onboard/install/RoverReceive/lib/python3.10/site-packages:/opt/ros/humble/lib/python3.10/site-packages:/opt/ros/humble/local/lib/python3.10/dist-packages', 'LC_NUMERIC': 'de_CH.UTF-8', 'LC_PAPER': 'de_CH.UTF-8', 'COLCON': '1', 'CMAKE_PREFIX_PATH': '/home/arno/RoombaV2Onboard/install/sllidar_ros2'}, 'shell': False}
[14.441004] (roombav2) Command: {'cmd': ['/usr/bin/python3', '-W', 'ignore:setup.py install is deprecated', 'setup.py', 'develop', '--editable', '--build-directory', '/home/arno/RoombaV2Onboard/build/roombav2/build', '--no-deps', 'symlink_data', '--force'], 'cwd': '/home/arno/RoombaV2Onboard/build/roombav2', 'env': {'LESSOPEN': '| /usr/bin/lesspipe %s', 'USER': 'arno', 'SSH_CLIENT': '192.168.177.158 53836 22', 'LC_TIME': 'de_CH.UTF-8', 'XDG_SESSION_TYPE': 'tty', 'SHLVL': '1', 'LD_LIBRARY_PATH': '/opt/ros/humble/opt/rviz_ogre_vendor/lib:/opt/ros/humble/lib/aarch64-linux-gnu:/opt/ros/humble/lib', 'MOTD_SHOWN': 'pam', 'HOME': '/home/arno', 'OLDPWD': '/home/arno/RoombaV2Onboard/src/rf2o_laser_odometry', 'SSH_TTY': '/dev/pts/0', 'ROS_PYTHON_VERSION': '3', 'LC_MONETARY': 'de_CH.UTF-8', 'DBUS_SESSION_BUS_ADDRESS': 'unix:path=/run/user/1000/bus', 'COLCON_PREFIX_PATH': '/home/arno/RoombaV2Onboard/install', 'ROS_DISTRO': 'humble', 'LOGNAME': 'arno', '_': '/usr/bin/colcon', 'ROS_VERSION': '2', 'XDG_SESSION_CLASS': 'user', 'TERM': 'xterm-256color', 'XDG_SESSION_ID': '1', 'ROS_LOCALHOST_ONLY': '0', 'PATH': '/home/arno/.local/bin:/opt/ros/humble/bin:/usr/local/sbin:/usr/local/bin:/usr/sbin:/usr/bin:/sbin:/bin:/usr/games:/usr/local/games:/snap/bin', 'LC_ADDRESS': 'de_CH.UTF-8', 'XDG_RUNTIME_DIR': '/run/user/1000', 'LANG': 'en_US.UTF-8', 'LC_TELEPHONE': 'de_CH.UTF-8', 'LS_COLORS': 'rs=0:di=01;34:ln=01;36:mh=00:pi=40;33:so=01;35:do=01;35:bd=40;33;01:cd=40;33;01:or=40;31;01:mi=00:su=37;41:sg=30;43:ca=30;41:tw=30;42:ow=34;42:st=37;44:ex=01;32:*.tar=01;31:*.tgz=01;31:*.arc=01;31:*.arj=01;31:*.taz=01;31:*.lha=01;31:*.lz4=01;31:*.lzh=01;31:*.lzma=01;31:*.tlz=01;31:*.txz=01;31:*.tzo=01;31:*.t7z=01;31:*.zip=01;31:*.z=01;31:*.dz=01;31:*.gz=01;31:*.lrz=01;31:*.lz=01;31:*.lzo=01;31:*.xz=01;31:*.zst=01;31:*.tzst=01;31:*.bz2=01;31:*.bz=01;31:*.tbz=01;31:*.tbz2=01;31:*.tz=01;31:*.deb=01;31:*.rpm=01;31:*.jar=01;31:*.war=01;31:*.ear=01;31:*.sar=01;31:*.rar=01;31:*.alz=01;31:*.ace=01;31:*.zoo=01;31:*.cpio=01;31:*.7z=01;31:*.rz=01;31:*.cab=01;31:*.wim=01;31:*.swm=01;31:*.dwm=01;31:*.esd=01;31:*.jpg=01;35:*.jpeg=01;35:*.mjpg=01;35:*.mjpeg=01;35:*.gif=01;35:*.bmp=01;35:*.pbm=01;35:*.pgm=01;35:*.ppm=01;35:*.tga=01;35:*.xbm=01;35:*.xpm=01;35:*.tif=01;35:*.tiff=01;35:*.png=01;35:*.svg=01;35:*.svgz=01;35:*.mng=01;35:*.pcx=01;35:*.mov=01;35:*.mpg=01;35:*.mpeg=01;35:*.m2v=01;35:*.mkv=01;35:*.webm=01;35:*.webp=01;35:*.ogm=01;35:*.mp4=01;35:*.m4v=01;35:*.mp4v=01;35:*.vob=01;35:*.qt=01;35:*.nuv=01;35:*.wmv=01;35:*.asf=01;35:*.rm=01;35:*.rmvb=01;35:*.flc=01;35:*.avi=01;35:*.fli=01;35:*.flv=01;35:*.gl=01;35:*.dl=01;35:*.xcf=01;35:*.xwd=01;35:*.yuv=01;35:*.cgm=01;35:*.emf=01;35:*.ogv=01;35:*.ogx=01;35:*.aac=00;36:*.au=00;36:*.flac=00;36:*.m4a=00;36:*.mid=00;36:*.midi=00;36:*.mka=00;36:*.mp3=00;36:*.mpc=00;36:*.ogg=00;36:*.ra=00;36:*.wav=00;36:*.oga=00;36:*.opus=00;36:*.spx=00;36:*.xspf=00;36:', 'AMENT_PREFIX_PATH': '/home/arno/RoombaV2Onboard/install/sllidar_ros2:/home/arno/RoombaV2Onboard/install/rover_stream:/home/arno/RoombaV2Onboard/install/roombav2:/home/arno/RoombaV2Onboard/install/RoverReceive:/opt/ros/humble', 'SHELL': '/bin/bash', 'LC_NAME': 'de_CH.UTF-8', 'LESSCLOSE': '/usr/bin/lesspipe %s %s', 'LC_MEASUREMENT': 'de_CH.UTF-8', 'LC_IDENTIFICATION': 'de_CH.UTF-8', 'PWD': '/home/arno/RoombaV2Onboard/build/roombav2', 'LC_ALL': 'en_US.UTF-8', 'SSH_CONNECTION': '192.168.177.158 53836 192.168.177.115 22', 'XDG_DATA_DIRS': '/usr/local/share:/usr/share:/var/lib/snapd/desktop', 'PYTHONPATH': '/home/arno/RoombaV2Onboard/build/roombav2/prefix_override:/usr/lib/python3/dist-packages/colcon_core/task/python/colcon_distutils_commands:/home/arno/RoombaV2Onboard/install/roombav2/lib/python3.10/site-packages:/home/arno/RoombaV2Onboard/install/rover_stream/lib/python3.10/site-packages:/home/arno/RoombaV2Onboard/install/roombav2/lib/python3.10/site-packages:/home/arno/RoombaV2Onboard/install/RoverReceive/lib/python3.10/site-packages:/opt/ros/humble/lib/python3.10/site-packages:/opt/ros/humble/local/lib/python3.10/dist-packages', 'LC_NUMERIC': 'de_CH.UTF-8', 'LC_PAPER': 'de_CH.UTF-8', 'COLCON': '1', 'CMAKE_PREFIX_PATH': '/home/arno/RoombaV2Onboard/install/sllidar_ros2'}, 'shell': False}
[14.460006] (-) TimerEvent: {}
[14.561705] (-) TimerEvent: {}
[14.663369] (-) TimerEvent: {}
[14.701188] (rf2o_laser_odometry) StdoutLine: {'line': b'-- Found geometry_msgs: 4.2.4 (/opt/ros/humble/share/geometry_msgs/cmake)\n'}
[14.763765] (-) TimerEvent: {}
[14.865367] (-) TimerEvent: {}
[14.914318] (rf2o_laser_odometry) StdoutLine: {'line': b'-- Found tf2_geometry_msgs: 0.25.7 (/opt/ros/humble/share/tf2_geometry_msgs/cmake)\n'}
[14.965656] (-) TimerEvent: {}
[15.015874] (rf2o_laser_odometry) StdoutLine: {'line': b'-- Found eigen3_cmake_module: 0.1.1 (/opt/ros/humble/share/eigen3_cmake_module/cmake)\n'}
[15.036264] (rf2o_laser_odometry) StdoutLine: {'line': b'-- Ensuring Eigen3 include directory is part of orocos-kdl CMake target\n'}
[15.066073] (-) TimerEvent: {}
[15.168428] (-) TimerEvent: {}
[15.271677] (-) TimerEvent: {}
[15.374768] (-) TimerEvent: {}
[15.477595] (-) TimerEvent: {}
[15.580315] (-) TimerEvent: {}
[15.683177] (-) TimerEvent: {}
[15.786096] (-) TimerEvent: {}
[15.888917] (-) TimerEvent: {}
[15.991656] (-) TimerEvent: {}
[16.095041] (-) TimerEvent: {}
[16.198700] (-) TimerEvent: {}
[16.302412] (-) TimerEvent: {}
[16.405795] (-) TimerEvent: {}
[16.508985] (-) TimerEvent: {}
[16.612444] (-) TimerEvent: {}
[16.685997] (rf2o_laser_odometry) StdoutLine: {'line': b'-- Found sensor_msgs: 4.2.4 (/opt/ros/humble/share/sensor_msgs/cmake)\n'}
[16.713016] (-) TimerEvent: {}
[16.814456] (-) TimerEvent: {}
[16.916475] (-) TimerEvent: {}
[16.933555] (rf2o_laser_odometry) StdoutLine: {'line': b'-- Found nav_msgs: 4.2.4 (/opt/ros/humble/share/nav_msgs/cmake)\n'}
[17.016794] (-) TimerEvent: {}
[17.118567] (-) TimerEvent: {}
[17.222184] (-) TimerEvent: {}
[17.326423] (-) TimerEvent: {}
[17.429884] (-) TimerEvent: {}
[17.533444] (-) TimerEvent: {}
[17.637043] (-) TimerEvent: {}
[17.740408] (-) TimerEvent: {}
[17.843876] (-) TimerEvent: {}
[17.868234] (rover_stream) StdoutLine: {'line': b'running develop\n'}
[17.872144] (RoverReceive) StdoutLine: {'line': b'running develop\n'}
[17.878796] (rover_stream) StderrLine: {'line': b'/usr/lib/python3/dist-packages/setuptools/command/easy_install.py:158: EasyInstallDeprecationWarning: easy_install command is deprecated. Use build and pip and other standards-based tools.\n'}
[17.882517] (rover_stream) StderrLine: {'line': b'  warnings.warn(\n'}
[17.885298] (RoverReceive) StderrLine: {'line': b'/usr/lib/python3/dist-packages/setuptools/command/easy_install.py:158: EasyInstallDeprecationWarning: easy_install command is deprecated. Use build and pip and other standards-based tools.\n'}
[17.888236] (RoverReceive) StderrLine: {'line': b'  warnings.warn(\n'}
[17.944183] (-) TimerEvent: {}
[18.046623] (-) TimerEvent: {}
[18.050243] (roombav2) StdoutLine: {'line': b'running develop\n'}
[18.054917] (roombav2) StderrLine: {'line': b'/usr/lib/python3/dist-packages/setuptools/command/easy_install.py:158: EasyInstallDeprecationWarning: easy_install command is deprecated. Use build and pip and other standards-based tools.\n'}
[18.058010] (roombav2) StderrLine: {'line': b'  warnings.warn(\n'}
[18.147002] (-) TimerEvent: {}
[18.249331] (-) TimerEvent: {}
[18.265244] (rf2o_laser_odometry) StdoutLine: {'line': b'-- Configuring done\n'}
[18.349639] (-) TimerEvent: {}
[18.451722] (-) TimerEvent: {}
[18.554580] (-) TimerEvent: {}
[18.564277] (rf2o_laser_odometry) StdoutLine: {'line': b'-- Generating done\n'}
[18.601275] (rf2o_laser_odometry) StdoutLine: {'line': b'-- Build files have been written to: /home/arno/RoombaV2Onboard/build/rf2o_laser_odometry\n'}
[18.654974] (-) TimerEvent: {}
[18.724656] (rf2o_laser_odometry) CommandEnded: {'returncode': 0}
[18.728250] (rf2o_laser_odometry) JobProgress: {'identifier': 'rf2o_laser_odometry', 'progress': 'build'}
[18.728822] (rf2o_laser_odometry) Command: {'cmd': ['/usr/bin/cmake', '--build', '/home/arno/RoombaV2Onboard/build/rf2o_laser_odometry', '--', '-j4', '-l4'], 'cwd': '/home/arno/RoombaV2Onboard/build/rf2o_laser_odometry', 'env': OrderedDict([('LESSOPEN', '| /usr/bin/lesspipe %s'), ('USER', 'arno'), ('SSH_CLIENT', '192.168.177.158 53836 22'), ('LC_TIME', 'de_CH.UTF-8'), ('XDG_SESSION_TYPE', 'tty'), ('SHLVL', '1'), ('LD_LIBRARY_PATH', '/opt/ros/humble/opt/rviz_ogre_vendor/lib:/opt/ros/humble/lib/aarch64-linux-gnu:/opt/ros/humble/lib'), ('MOTD_SHOWN', 'pam'), ('HOME', '/home/arno'), ('OLDPWD', '/home/arno/RoombaV2Onboard/src/rf2o_laser_odometry'), ('SSH_TTY', '/dev/pts/0'), ('ROS_PYTHON_VERSION', '3'), ('LC_MONETARY', 'de_CH.UTF-8'), ('DBUS_SESSION_BUS_ADDRESS', 'unix:path=/run/user/1000/bus'), ('COLCON_PREFIX_PATH', '/home/arno/RoombaV2Onboard/install'), ('ROS_DISTRO', 'humble'), ('LOGNAME', 'arno'), ('_', '/usr/bin/colcon'), ('ROS_VERSION', '2'), ('XDG_SESSION_CLASS', 'user'), ('TERM', 'xterm-256color'), ('XDG_SESSION_ID', '1'), ('ROS_LOCALHOST_ONLY', '0'), ('PATH', '/home/arno/.local/bin:/opt/ros/humble/bin:/usr/local/sbin:/usr/local/bin:/usr/sbin:/usr/bin:/sbin:/bin:/usr/games:/usr/local/games:/snap/bin'), ('LC_ADDRESS', 'de_CH.UTF-8'), ('XDG_RUNTIME_DIR', '/run/user/1000'), ('LANG', 'en_US.UTF-8'), ('LC_TELEPHONE', 'de_CH.UTF-8'), ('LS_COLORS', 'rs=0:di=01;34:ln=01;36:mh=00:pi=40;33:so=01;35:do=01;35:bd=40;33;01:cd=40;33;01:or=40;31;01:mi=00:su=37;41:sg=30;43:ca=30;41:tw=30;42:ow=34;42:st=37;44:ex=01;32:*.tar=01;31:*.tgz=01;31:*.arc=01;31:*.arj=01;31:*.taz=01;31:*.lha=01;31:*.lz4=01;31:*.lzh=01;31:*.lzma=01;31:*.tlz=01;31:*.txz=01;31:*.tzo=01;31:*.t7z=01;31:*.zip=01;31:*.z=01;31:*.dz=01;31:*.gz=01;31:*.lrz=01;31:*.lz=01;31:*.lzo=01;31:*.xz=01;31:*.zst=01;31:*.tzst=01;31:*.bz2=01;31:*.bz=01;31:*.tbz=01;31:*.tbz2=01;31:*.tz=01;31:*.deb=01;31:*.rpm=01;31:*.jar=01;31:*.war=01;31:*.ear=01;31:*.sar=01;31:*.rar=01;31:*.alz=01;31:*.ace=01;31:*.zoo=01;31:*.cpio=01;31:*.7z=01;31:*.rz=01;31:*.cab=01;31:*.wim=01;31:*.swm=01;31:*.dwm=01;31:*.esd=01;31:*.jpg=01;35:*.jpeg=01;35:*.mjpg=01;35:*.mjpeg=01;35:*.gif=01;35:*.bmp=01;35:*.pbm=01;35:*.pgm=01;35:*.ppm=01;35:*.tga=01;35:*.xbm=01;35:*.xpm=01;35:*.tif=01;35:*.tiff=01;35:*.png=01;35:*.svg=01;35:*.svgz=01;35:*.mng=01;35:*.pcx=01;35:*.mov=01;35:*.mpg=01;35:*.mpeg=01;35:*.m2v=01;35:*.mkv=01;35:*.webm=01;35:*.webp=01;35:*.ogm=01;35:*.mp4=01;35:*.m4v=01;35:*.mp4v=01;35:*.vob=01;35:*.qt=01;35:*.nuv=01;35:*.wmv=01;35:*.asf=01;35:*.rm=01;35:*.rmvb=01;35:*.flc=01;35:*.avi=01;35:*.fli=01;35:*.flv=01;35:*.gl=01;35:*.dl=01;35:*.xcf=01;35:*.xwd=01;35:*.yuv=01;35:*.cgm=01;35:*.emf=01;35:*.ogv=01;35:*.ogx=01;35:*.aac=00;36:*.au=00;36:*.flac=00;36:*.m4a=00;36:*.mid=00;36:*.midi=00;36:*.mka=00;36:*.mp3=00;36:*.mpc=00;36:*.ogg=00;36:*.ra=00;36:*.wav=00;36:*.oga=00;36:*.opus=00;36:*.spx=00;36:*.xspf=00;36:'), ('AMENT_PREFIX_PATH', '/home/arno/RoombaV2Onboard/install/sllidar_ros2:/home/arno/RoombaV2Onboard/install/rover_stream:/home/arno/RoombaV2Onboard/install/roombav2:/home/arno/RoombaV2Onboard/install/RoverReceive:/opt/ros/humble'), ('SHELL', '/bin/bash'), ('LC_NAME', 'de_CH.UTF-8'), ('LESSCLOSE', '/usr/bin/lesspipe %s %s'), ('LC_MEASUREMENT', 'de_CH.UTF-8'), ('LC_IDENTIFICATION', 'de_CH.UTF-8'), ('PWD', '/home/arno/RoombaV2Onboard/build/rf2o_laser_odometry'), ('LC_ALL', 'en_US.UTF-8'), ('SSH_CONNECTION', '192.168.177.158 53836 192.168.177.115 22'), ('XDG_DATA_DIRS', '/usr/local/share:/usr/share:/var/lib/snapd/desktop'), ('PYTHONPATH', '/home/arno/RoombaV2Onboard/install/rover_stream/lib/python3.10/site-packages:/home/arno/RoombaV2Onboard/install/roombav2/lib/python3.10/site-packages:/home/arno/RoombaV2Onboard/install/RoverReceive/lib/python3.10/site-packages:/opt/ros/humble/lib/python3.10/site-packages:/opt/ros/humble/local/lib/python3.10/dist-packages'), ('LC_NUMERIC', 'de_CH.UTF-8'), ('LC_PAPER', 'de_CH.UTF-8'), ('COLCON', '1'), ('CMAKE_PREFIX_PATH', '/home/arno/RoombaV2Onboard/install/sllidar_ros2:/home/arno/RoombaV2Onboard/install/rover_stream:/home/arno/RoombaV2Onboard/install/roombav2:/home/arno/RoombaV2Onboard/install/RoverReceive:/opt/ros/humble')]), 'shell': False}
[18.755581] (-) TimerEvent: {}
[18.857410] (-) TimerEvent: {}
[18.959229] (-) TimerEvent: {}
[19.060929] (-) TimerEvent: {}
[19.163931] (-) TimerEvent: {}
[19.267506] (-) TimerEvent: {}
[19.370518] (-) TimerEvent: {}
[19.443244] (rf2o_laser_odometry) StdoutLine: {'line': b'[ 20%] \x1b[32mBuilding CXX object CMakeFiles/rf2o_laser_odometry_node.dir/src/CLaserOdometry2DNode.cpp.o\x1b[0m\n'}
[19.470890] (-) TimerEvent: {}
[19.478476] (rf2o_laser_odometry) StdoutLine: {'line': b'[ 40%] \x1b[32mBuilding CXX object CMakeFiles/rf2o_laser_odometry_node.dir/src/CLaserOdometry2D.cpp.o\x1b[0m\n'}
[19.499596] (rf2o_laser_odometry) StdoutLine: {'line': b'[ 60%] \x1b[32mBuilding CXX object CMakeFiles/rf2o_laser_odometry.dir/src/CLaserOdometry2D.cpp.o\x1b[0m\n'}
[19.571218] (-) TimerEvent: {}
[19.673861] (-) TimerEvent: {}
[19.776899] (-) TimerEvent: {}
[19.879687] (-) TimerEvent: {}
[19.994692] (-) TimerEvent: {}
[20.103769] (-) TimerEvent: {}
[20.206887] (-) TimerEvent: {}
[20.309535] (-) TimerEvent: {}
[20.412454] (-) TimerEvent: {}
[20.455213] (rover_stream) StdoutLine: {'line': b'running egg_info\n'}
[20.458784] (rover_stream) StdoutLine: {'line': b'writing rover_stream.egg-info/PKG-INFO\n'}
[20.479207] (rover_stream) StdoutLine: {'line': b'writing dependency_links to rover_stream.egg-info/dependency_links.txt\n'}
[20.485484] (rover_stream) StdoutLine: {'line': b'writing entry points to rover_stream.egg-info/entry_points.txt\n'}
[20.489770] (rover_stream) StdoutLine: {'line': b'writing requirements to rover_stream.egg-info/requires.txt\n'}
[20.492340] (rover_stream) StdoutLine: {'line': b'writing top-level names to rover_stream.egg-info/top_level.txt\n'}
[20.512775] (-) TimerEvent: {}
[20.528648] (rover_stream) StdoutLine: {'line': b"reading manifest file 'rover_stream.egg-info/SOURCES.txt'\n"}
[20.539134] (rover_stream) StdoutLine: {'line': b"writing manifest file 'rover_stream.egg-info/SOURCES.txt'\n"}
[20.553041] (rover_stream) StdoutLine: {'line': b'running build_ext\n'}
[20.555760] (rover_stream) StdoutLine: {'line': b'Creating /home/arno/RoombaV2Onboard/install/rover_stream/lib/python3.10/site-packages/rover-stream.egg-link (link to .)\n'}
[20.565291] (rover_stream) StdoutLine: {'line': b'Installing webrtc_streamer script to /home/arno/RoombaV2Onboard/install/rover_stream/lib/rover_stream\n'}
[20.568010] (rover_stream) StdoutLine: {'line': b'\n'}
[20.570136] (rover_stream) StdoutLine: {'line': b'Installed /home/arno/RoombaV2Onboard/build/rover_stream\n'}
[20.572785] (rover_stream) StdoutLine: {'line': b'running symlink_data\n'}
[20.574800] (rover_stream) StdoutLine: {'line': b'symbolically linking /home/arno/RoombaV2Onboard/build/rover_stream/resource/rover_stream -> /home/arno/RoombaV2Onboard/install/rover_stream/share/ament_index/resource_index/packages\n'}
[20.577489] (rover_stream) StdoutLine: {'line': b'symbolically linking /home/arno/RoombaV2Onboard/build/rover_stream/package.xml -> /home/arno/RoombaV2Onboard/install/rover_stream/share/rover_stream\n'}
[20.601751] (RoverReceive) StdoutLine: {'line': b'running egg_info\n'}
[20.606507] (RoverReceive) StdoutLine: {'line': b'writing RoverReceive.egg-info/PKG-INFO\n'}
[20.613150] (-) TimerEvent: {}
[20.617733] (RoverReceive) StdoutLine: {'line': b'writing dependency_links to RoverReceive.egg-info/dependency_links.txt\n'}
[20.634215] (RoverReceive) StdoutLine: {'line': b'writing entry points to RoverReceive.egg-info/entry_points.txt\n'}
[20.646373] (RoverReceive) StdoutLine: {'line': b'writing requirements to RoverReceive.egg-info/requires.txt\n'}
[20.651063] (RoverReceive) StdoutLine: {'line': b'writing top-level names to RoverReceive.egg-info/top_level.txt\n'}
[20.671990] (RoverReceive) StdoutLine: {'line': b"reading manifest file 'RoverReceive.egg-info/SOURCES.txt'\n"}
[20.678264] (roombav2) StdoutLine: {'line': b'running egg_info\n'}
[20.680641] (roombav2) StdoutLine: {'line': b'writing roombav2.egg-info/PKG-INFO\n'}
[20.686948] (roombav2) StdoutLine: {'line': b'writing dependency_links to roombav2.egg-info/dependency_links.txt\n'}
[20.692098] (roombav2) StdoutLine: {'line': b'writing entry points to roombav2.egg-info/entry_points.txt\n'}
[20.694499] (RoverReceive) StdoutLine: {'line': b"writing manifest file 'RoverReceive.egg-info/SOURCES.txt'\n"}
[20.698841] (roombav2) StdoutLine: {'line': b'writing requirements to roombav2.egg-info/requires.txt\n'}
[20.701991] (roombav2) StdoutLine: {'line': b'writing top-level names to roombav2.egg-info/top_level.txt\n'}
[20.711033] (RoverReceive) StdoutLine: {'line': b'running build_ext\n'}
[20.723475] (-) TimerEvent: {}
[20.724843] (RoverReceive) StdoutLine: {'line': b'Creating /home/arno/RoombaV2Onboard/install/RoverReceive/lib/python3.10/site-packages/RoverReceive.egg-link (link to .)\n'}
[20.729691] (roombav2) StdoutLine: {'line': b"reading manifest file 'roombav2.egg-info/SOURCES.txt'\n"}
[20.733619] (RoverReceive) StdoutLine: {'line': b'Installing receive_node script to /home/arno/RoombaV2Onboard/install/RoverReceive/lib/RoverReceive\n'}
[20.737417] (RoverReceive) StdoutLine: {'line': b'\n'}
[20.741170] (RoverReceive) StdoutLine: {'line': b'Installed /home/arno/RoombaV2Onboard/build/RoverReceive\n'}
[20.742630] (RoverReceive) StdoutLine: {'line': b'running symlink_data\n'}
[20.747806] (RoverReceive) StdoutLine: {'line': b'symbolically linking /home/arno/RoombaV2Onboard/build/RoverReceive/resource/RoverReceive -> /home/arno/RoombaV2Onboard/install/RoverReceive/share/ament_index/resource_index/packages\n'}
[20.759993] (RoverReceive) StdoutLine: {'line': b'symbolically linking /home/arno/RoombaV2Onboard/build/RoverReceive/package.xml -> /home/arno/RoombaV2Onboard/install/RoverReceive/share/RoverReceive\n'}
[20.762001] (roombav2) StdoutLine: {'line': b"writing manifest file 'roombav2.egg-info/SOURCES.txt'\n"}
[20.780388] (roombav2) StdoutLine: {'line': b'running build_ext\n'}
[20.783244] (roombav2) StdoutLine: {'line': b'Creating /home/arno/RoombaV2Onboard/install/roombav2/lib/python3.10/site-packages/roombav2.egg-link (link to .)\n'}
[20.806841] (roombav2) StdoutLine: {'line': b'Installing encoder_reader script to /home/arno/RoombaV2Onboard/install/roombav2/lib/roombav2\n'}
[20.810049] (roombav2) StdoutLine: {'line': b'Installing joystick_motor_controller script to /home/arno/RoombaV2Onboard/install/roombav2/lib/roombav2\n'}
[20.812197] (roombav2) StdoutLine: {'line': b'Installing nav2_motor_controller script to /home/arno/RoombaV2Onboard/install/roombav2/lib/roombav2\n'}
[20.815325] (roombav2) StdoutLine: {'line': b'\n'}
[20.817810] (roombav2) StdoutLine: {'line': b'Installed /home/arno/RoombaV2Onboard/build/roombav2\n'}
[20.820810] (roombav2) StdoutLine: {'line': b'running symlink_data\n'}
[20.830154] (-) TimerEvent: {}
[20.837730] (roombav2) StdoutLine: {'line': b'symbolically linking /home/arno/RoombaV2Onboard/build/roombav2/resource/roombav2 -> /home/arno/RoombaV2Onboard/install/roombav2/share/ament_index/resource_index/packages\n'}
[20.845211] (roombav2) StdoutLine: {'line': b'symbolically linking /home/arno/RoombaV2Onboard/build/roombav2/package.xml -> /home/arno/RoombaV2Onboard/install/roombav2/share/roombav2\n'}
[20.846828] (roombav2) StdoutLine: {'line': b'symbolically linking /home/arno/RoombaV2Onboard/build/roombav2/roombav2/encoder_reader.py -> /home/arno/RoombaV2Onboard/install/roombav2/share/roombav2\n'}
[20.860544] (roombav2) StdoutLine: {'line': b'symbolically linking /home/arno/RoombaV2Onboard/build/roombav2/roombav2/joystick_motor_controller.py -> /home/arno/RoombaV2Onboard/install/roombav2/share/roombav2\n'}
[20.861884] (roombav2) StdoutLine: {'line': b'symbolically linking /home/arno/RoombaV2Onboard/build/roombav2/roombav2/nav2_motor_controller.py -> /home/arno/RoombaV2Onboard/install/roombav2/share/roombav2\n'}
[20.863180] (roombav2) StdoutLine: {'line': b'symbolically linking /home/arno/RoombaV2Onboard/build/roombav2/launch/nav2_bringup.launch.py -> /home/arno/RoombaV2Onboard/install/roombav2/share/roombav2/launch\n'}
[20.893050] (roombav2) StdoutLine: {'line': b'symbolically linking /home/arno/RoombaV2Onboard/build/roombav2/launch/microver.launch.py -> /home/arno/RoombaV2Onboard/install/roombav2/share/roombav2/launch\n'}
[20.894615] (roombav2) StdoutLine: {'line': b'symbolically linking /home/arno/RoombaV2Onboard/build/roombav2/config/amcl_params.yaml -> /home/arno/RoombaV2Onboard/install/roombav2/share/roombav2/config\n'}
[20.896163] (roombav2) StdoutLine: {'line': b'symbolically linking /home/arno/RoombaV2Onboard/build/roombav2/config/costmap_params.yaml -> /home/arno/RoombaV2Onboard/install/roombav2/share/roombav2/config\n'}
[20.897719] (roombav2) StdoutLine: {'line': b'symbolically linking /home/arno/RoombaV2Onboard/build/roombav2/config/planner_params.yaml -> /home/arno/RoombaV2Onboard/install/roombav2/share/roombav2/config\n'}
[20.899398] (roombav2) StdoutLine: {'line': b'symbolically linking /home/arno/RoombaV2Onboard/build/roombav2/config/slam_toolbox_params.yaml -> /home/arno/RoombaV2Onboard/install/roombav2/share/roombav2/config\n'}
[20.901092] (roombav2) StdoutLine: {'line': b'symbolically linking /home/arno/RoombaV2Onboard/build/roombav2/models/microver.urdf.xacro -> /home/arno/RoombaV2Onboard/install/roombav2/share/roombav2/models\n'}
[20.908221] (roombav2) StdoutLine: {'line': b'symbolically linking /home/arno/RoombaV2Onboard/build/roombav2/models/constants.xacro -> /home/arno/RoombaV2Onboard/install/roombav2/share/roombav2/models\n'}
[20.909687] (roombav2) StdoutLine: {'line': b'symbolically linking /home/arno/RoombaV2Onboard/build/roombav2/models/inertial_macros.xacro -> /home/arno/RoombaV2Onboard/install/roombav2/share/roombav2/models\n'}
[20.930673] (-) TimerEvent: {}
[21.032623] (-) TimerEvent: {}
[21.071760] (rover_stream) CommandEnded: {'returncode': 0}
[21.133228] (-) TimerEvent: {}
[21.239342] (-) TimerEvent: {}
[21.322478] (rover_stream) JobEnded: {'identifier': 'rover_stream', 'rc': 0}
[21.330061] (sllidar_ros2) JobStarted: {'identifier': 'sllidar_ros2'}
[21.339628] (-) TimerEvent: {}
[21.396534] (RoverReceive) CommandEnded: {'returncode': 0}
[21.440679] (-) TimerEvent: {}
[21.478328] (RoverReceive) JobEnded: {'identifier': 'RoverReceive', 'rc': 0}
[21.486101] (roombav2) CommandEnded: {'returncode': 0}
[21.540907] (-) TimerEvent: {}
[21.565413] (roombav2) JobEnded: {'identifier': 'roombav2', 'rc': 0}
[21.576369] (sllidar_ros2) JobProgress: {'identifier': 'sllidar_ros2', 'progress': 'cmake'}
[21.586351] (sllidar_ros2) Command: {'cmd': ['/usr/bin/cmake', '/home/arno/RoombaV2Onboard/src/sllidar_ros2', '-DAMENT_CMAKE_SYMLINK_INSTALL=1', '-DCMAKE_INSTALL_PREFIX=/home/arno/RoombaV2Onboard/install/sllidar_ros2'], 'cwd': '/home/arno/RoombaV2Onboard/build/sllidar_ros2', 'env': OrderedDict([('LESSOPEN', '| /usr/bin/lesspipe %s'), ('USER', 'arno'), ('SSH_CLIENT', '192.168.177.158 53836 22'), ('LC_TIME', 'de_CH.UTF-8'), ('XDG_SESSION_TYPE', 'tty'), ('SHLVL', '1'), ('LD_LIBRARY_PATH', '/opt/ros/humble/opt/rviz_ogre_vendor/lib:/opt/ros/humble/lib/aarch64-linux-gnu:/opt/ros/humble/lib'), ('MOTD_SHOWN', 'pam'), ('HOME', '/home/arno'), ('OLDPWD', '/home/arno/RoombaV2Onboard/src/rf2o_laser_odometry'), ('SSH_TTY', '/dev/pts/0'), ('ROS_PYTHON_VERSION', '3'), ('LC_MONETARY', 'de_CH.UTF-8'), ('DBUS_SESSION_BUS_ADDRESS', 'unix:path=/run/user/1000/bus'), ('COLCON_PREFIX_PATH', '/home/arno/RoombaV2Onboard/install'), ('ROS_DISTRO', 'humble'), ('LOGNAME', 'arno'), ('_', '/usr/bin/colcon'), ('ROS_VERSION', '2'), ('XDG_SESSION_CLASS', 'user'), ('TERM', 'xterm-256color'), ('XDG_SESSION_ID', '1'), ('ROS_LOCALHOST_ONLY', '0'), ('PATH', '/home/arno/.local/bin:/opt/ros/humble/bin:/usr/local/sbin:/usr/local/bin:/usr/sbin:/usr/bin:/sbin:/bin:/usr/games:/usr/local/games:/snap/bin'), ('LC_ADDRESS', 'de_CH.UTF-8'), ('XDG_RUNTIME_DIR', '/run/user/1000'), ('LANG', 'en_US.UTF-8'), ('LC_TELEPHONE', 'de_CH.UTF-8'), ('LS_COLORS', 'rs=0:di=01;34:ln=01;36:mh=00:pi=40;33:so=01;35:do=01;35:bd=40;33;01:cd=40;33;01:or=40;31;01:mi=00:su=37;41:sg=30;43:ca=30;41:tw=30;42:ow=34;42:st=37;44:ex=01;32:*.tar=01;31:*.tgz=01;31:*.arc=01;31:*.arj=01;31:*.taz=01;31:*.lha=01;31:*.lz4=01;31:*.lzh=01;31:*.lzma=01;31:*.tlz=01;31:*.txz=01;31:*.tzo=01;31:*.t7z=01;31:*.zip=01;31:*.z=01;31:*.dz=01;31:*.gz=01;31:*.lrz=01;31:*.lz=01;31:*.lzo=01;31:*.xz=01;31:*.zst=01;31:*.tzst=01;31:*.bz2=01;31:*.bz=01;31:*.tbz=01;31:*.tbz2=01;31:*.tz=01;31:*.deb=01;31:*.rpm=01;31:*.jar=01;31:*.war=01;31:*.ear=01;31:*.sar=01;31:*.rar=01;31:*.alz=01;31:*.ace=01;31:*.zoo=01;31:*.cpio=01;31:*.7z=01;31:*.rz=01;31:*.cab=01;31:*.wim=01;31:*.swm=01;31:*.dwm=01;31:*.esd=01;31:*.jpg=01;35:*.jpeg=01;35:*.mjpg=01;35:*.mjpeg=01;35:*.gif=01;35:*.bmp=01;35:*.pbm=01;35:*.pgm=01;35:*.ppm=01;35:*.tga=01;35:*.xbm=01;35:*.xpm=01;35:*.tif=01;35:*.tiff=01;35:*.png=01;35:*.svg=01;35:*.svgz=01;35:*.mng=01;35:*.pcx=01;35:*.mov=01;35:*.mpg=01;35:*.mpeg=01;35:*.m2v=01;35:*.mkv=01;35:*.webm=01;35:*.webp=01;35:*.ogm=01;35:*.mp4=01;35:*.m4v=01;35:*.mp4v=01;35:*.vob=01;35:*.qt=01;35:*.nuv=01;35:*.wmv=01;35:*.asf=01;35:*.rm=01;35:*.rmvb=01;35:*.flc=01;35:*.avi=01;35:*.fli=01;35:*.flv=01;35:*.gl=01;35:*.dl=01;35:*.xcf=01;35:*.xwd=01;35:*.yuv=01;35:*.cgm=01;35:*.emf=01;35:*.ogv=01;35:*.ogx=01;35:*.aac=00;36:*.au=00;36:*.flac=00;36:*.m4a=00;36:*.mid=00;36:*.midi=00;36:*.mka=00;36:*.mp3=00;36:*.mpc=00;36:*.ogg=00;36:*.ra=00;36:*.wav=00;36:*.oga=00;36:*.opus=00;36:*.spx=00;36:*.xspf=00;36:'), ('AMENT_PREFIX_PATH', '/home/arno/RoombaV2Onboard/install/sllidar_ros2:/home/arno/RoombaV2Onboard/install/rover_stream:/home/arno/RoombaV2Onboard/install/roombav2:/home/arno/RoombaV2Onboard/install/RoverReceive:/opt/ros/humble'), ('SHELL', '/bin/bash'), ('LC_NAME', 'de_CH.UTF-8'), ('LESSCLOSE', '/usr/bin/lesspipe %s %s'), ('LC_MEASUREMENT', 'de_CH.UTF-8'), ('LC_IDENTIFICATION', 'de_CH.UTF-8'), ('PWD', '/home/arno/RoombaV2Onboard/build/sllidar_ros2'), ('LC_ALL', 'en_US.UTF-8'), ('SSH_CONNECTION', '192.168.177.158 53836 192.168.177.115 22'), ('XDG_DATA_DIRS', '/usr/local/share:/usr/share:/var/lib/snapd/desktop'), ('PYTHONPATH', '/home/arno/RoombaV2Onboard/install/rover_stream/lib/python3.10/site-packages:/home/arno/RoombaV2Onboard/install/roombav2/lib/python3.10/site-packages:/home/arno/RoombaV2Onboard/install/RoverReceive/lib/python3.10/site-packages:/opt/ros/humble/lib/python3.10/site-packages:/opt/ros/humble/local/lib/python3.10/dist-packages'), ('LC_NUMERIC', 'de_CH.UTF-8'), ('LC_PAPER', 'de_CH.UTF-8'), ('COLCON', '1'), ('CMAKE_PREFIX_PATH', '/home/arno/RoombaV2Onboard/install/sllidar_ros2:/home/arno/RoombaV2Onboard/install/rover_stream:/home/arno/RoombaV2Onboard/install/roombav2:/home/arno/RoombaV2Onboard/install/RoverReceive:/opt/ros/humble')]), 'shell': False}
[21.641199] (-) TimerEvent: {}
[21.704808] (sllidar_ros2) StdoutLine: {'line': b'-- Found ament_cmake: 1.3.10 (/opt/ros/humble/share/ament_cmake/cmake)\n'}
[21.741512] (-) TimerEvent: {}
[21.842820] (-) TimerEvent: {}
[21.944000] (-) TimerEvent: {}
[22.045189] (-) TimerEvent: {}
[22.146424] (-) TimerEvent: {}
[22.248691] (-) TimerEvent: {}
[22.349913] (-) TimerEvent: {}
[22.451106] (-) TimerEvent: {}
[22.552953] (-) TimerEvent: {}
[22.654355] (-) TimerEvent: {}
[22.756284] (-) TimerEvent: {}
[22.857615] (-) TimerEvent: {}
[22.924610] (sllidar_ros2) StdoutLine: {'line': b'-- Override CMake install command with custom implementation using symlinks instead of copying resources\n'}
[22.957948] (-) TimerEvent: {}
[23.002977] (sllidar_ros2) StdoutLine: {'line': b'-- Found rclcpp: 16.0.10 (/opt/ros/humble/share/rclcpp/cmake)\n'}
[23.058341] (-) TimerEvent: {}
[23.159864] (-) TimerEvent: {}
[23.261170] (-) TimerEvent: {}
[23.336152] (sllidar_ros2) StdoutLine: {'line': b'-- Found rosidl_generator_c: 3.1.5 (/opt/ros/humble/share/rosidl_generator_c/cmake)\n'}
[23.360337] (sllidar_ros2) StdoutLine: {'line': b'-- Found rosidl_adapter: 3.1.5 (/opt/ros/humble/share/rosidl_adapter/cmake)\n'}
[23.362196] (-) TimerEvent: {}
[23.413845] (sllidar_ros2) StdoutLine: {'line': b'-- Found rosidl_generator_cpp: 3.1.5 (/opt/ros/humble/share/rosidl_generator_cpp/cmake)\n'}
[23.462489] (-) TimerEvent: {}
[23.507862] (sllidar_ros2) StdoutLine: {'line': b'-- Using all available rosidl_typesupport_c: rosidl_typesupport_fastrtps_c;rosidl_typesupport_introspection_c\n'}
[23.562807] (-) TimerEvent: {}
[23.624166] (sllidar_ros2) StdoutLine: {'line': b'-- Using all available rosidl_typesupport_cpp: rosidl_typesupport_fastrtps_cpp;rosidl_typesupport_introspection_cpp\n'}
[23.663156] (-) TimerEvent: {}
[23.764710] (-) TimerEvent: {}
[23.866340] (-) TimerEvent: {}
[23.931871] (sllidar_ros2) StdoutLine: {'line': b'-- Found rmw_implementation_cmake: 6.1.2 (/opt/ros/humble/share/rmw_implementation_cmake/cmake)\n'}
[23.948379] (sllidar_ros2) StdoutLine: {'line': b'-- Found rmw_fastrtps_cpp: 6.2.7 (/opt/ros/humble/share/rmw_fastrtps_cpp/cmake)\n'}
[23.966647] (-) TimerEvent: {}
[24.068677] (-) TimerEvent: {}
[24.170030] (-) TimerEvent: {}
[24.271355] (-) TimerEvent: {}
[24.373563] (-) TimerEvent: {}
[24.475857] (-) TimerEvent: {}
[24.578028] (-) TimerEvent: {}
[24.680270] (-) TimerEvent: {}
[24.782662] (-) TimerEvent: {}
[24.884980] (-) TimerEvent: {}
[24.988774] (-) TimerEvent: {}
[25.090044] (-) TimerEvent: {}
[25.191312] (-) TimerEvent: {}
[25.292824] (-) TimerEvent: {}
[25.394106] (-) TimerEvent: {}
[25.411820] (sllidar_ros2) StdoutLine: {'line': b"-- Using RMW implementation 'rmw_fastrtps_cpp' as default\n"}
[25.494367] (-) TimerEvent: {}
[25.596526] (-) TimerEvent: {}
[25.698756] (-) TimerEvent: {}
[25.800373] (-) TimerEvent: {}
[25.886649] (sllidar_ros2) StdoutLine: {'line': b'-- Found sensor_msgs: 4.2.4 (/opt/ros/humble/share/sensor_msgs/cmake)\n'}
[25.900743] (-) TimerEvent: {}
[26.002904] (-) TimerEvent: {}
[26.105766] (-) TimerEvent: {}
[26.189598] (sllidar_ros2) StdoutLine: {'line': b'-- Found std_srvs: 4.2.4 (/opt/ros/humble/share/std_srvs/cmake)\n'}
[26.206268] (-) TimerEvent: {}
[26.308535] (-) TimerEvent: {}
[26.411508] (-) TimerEvent: {}
[26.514785] (-) TimerEvent: {}
[26.618307] (-) TimerEvent: {}
[26.722691] (-) TimerEvent: {}
[26.826252] (-) TimerEvent: {}
[26.929866] (-) TimerEvent: {}
[27.032718] (-) TimerEvent: {}
[27.135336] (-) TimerEvent: {}
[27.238364] (-) TimerEvent: {}
[27.269168] (sllidar_ros2) StdoutLine: {'line': b'-- Configuring done\n'}
[27.338741] (-) TimerEvent: {}
[27.441076] (-) TimerEvent: {}
[27.542803] (-) TimerEvent: {}
[27.568755] (sllidar_ros2) StdoutLine: {'line': b'-- Generating done\n'}
[27.597019] (sllidar_ros2) StdoutLine: {'line': b'-- Build files have been written to: /home/arno/RoombaV2Onboard/build/sllidar_ros2\n'}
[27.643177] (-) TimerEvent: {}
[27.679363] (sllidar_ros2) CommandEnded: {'returncode': 0}
[27.693938] (sllidar_ros2) JobProgress: {'identifier': 'sllidar_ros2', 'progress': 'build'}
[27.694533] (sllidar_ros2) Command: {'cmd': ['/usr/bin/cmake', '--build', '/home/arno/RoombaV2Onboard/build/sllidar_ros2', '--', '-j4', '-l4'], 'cwd': '/home/arno/RoombaV2Onboard/build/sllidar_ros2', 'env': OrderedDict([('LESSOPEN', '| /usr/bin/lesspipe %s'), ('USER', 'arno'), ('SSH_CLIENT', '192.168.177.158 53836 22'), ('LC_TIME', 'de_CH.UTF-8'), ('XDG_SESSION_TYPE', 'tty'), ('SHLVL', '1'), ('LD_LIBRARY_PATH', '/opt/ros/humble/opt/rviz_ogre_vendor/lib:/opt/ros/humble/lib/aarch64-linux-gnu:/opt/ros/humble/lib'), ('MOTD_SHOWN', 'pam'), ('HOME', '/home/arno'), ('OLDPWD', '/home/arno/RoombaV2Onboard/src/rf2o_laser_odometry'), ('SSH_TTY', '/dev/pts/0'), ('ROS_PYTHON_VERSION', '3'), ('LC_MONETARY', 'de_CH.UTF-8'), ('DBUS_SESSION_BUS_ADDRESS', 'unix:path=/run/user/1000/bus'), ('COLCON_PREFIX_PATH', '/home/arno/RoombaV2Onboard/install'), ('ROS_DISTRO', 'humble'), ('LOGNAME', 'arno'), ('_', '/usr/bin/colcon'), ('ROS_VERSION', '2'), ('XDG_SESSION_CLASS', 'user'), ('TERM', 'xterm-256color'), ('XDG_SESSION_ID', '1'), ('ROS_LOCALHOST_ONLY', '0'), ('PATH', '/home/arno/.local/bin:/opt/ros/humble/bin:/usr/local/sbin:/usr/local/bin:/usr/sbin:/usr/bin:/sbin:/bin:/usr/games:/usr/local/games:/snap/bin'), ('LC_ADDRESS', 'de_CH.UTF-8'), ('XDG_RUNTIME_DIR', '/run/user/1000'), ('LANG', 'en_US.UTF-8'), ('LC_TELEPHONE', 'de_CH.UTF-8'), ('LS_COLORS', 'rs=0:di=01;34:ln=01;36:mh=00:pi=40;33:so=01;35:do=01;35:bd=40;33;01:cd=40;33;01:or=40;31;01:mi=00:su=37;41:sg=30;43:ca=30;41:tw=30;42:ow=34;42:st=37;44:ex=01;32:*.tar=01;31:*.tgz=01;31:*.arc=01;31:*.arj=01;31:*.taz=01;31:*.lha=01;31:*.lz4=01;31:*.lzh=01;31:*.lzma=01;31:*.tlz=01;31:*.txz=01;31:*.tzo=01;31:*.t7z=01;31:*.zip=01;31:*.z=01;31:*.dz=01;31:*.gz=01;31:*.lrz=01;31:*.lz=01;31:*.lzo=01;31:*.xz=01;31:*.zst=01;31:*.tzst=01;31:*.bz2=01;31:*.bz=01;31:*.tbz=01;31:*.tbz2=01;31:*.tz=01;31:*.deb=01;31:*.rpm=01;31:*.jar=01;31:*.war=01;31:*.ear=01;31:*.sar=01;31:*.rar=01;31:*.alz=01;31:*.ace=01;31:*.zoo=01;31:*.cpio=01;31:*.7z=01;31:*.rz=01;31:*.cab=01;31:*.wim=01;31:*.swm=01;31:*.dwm=01;31:*.esd=01;31:*.jpg=01;35:*.jpeg=01;35:*.mjpg=01;35:*.mjpeg=01;35:*.gif=01;35:*.bmp=01;35:*.pbm=01;35:*.pgm=01;35:*.ppm=01;35:*.tga=01;35:*.xbm=01;35:*.xpm=01;35:*.tif=01;35:*.tiff=01;35:*.png=01;35:*.svg=01;35:*.svgz=01;35:*.mng=01;35:*.pcx=01;35:*.mov=01;35:*.mpg=01;35:*.mpeg=01;35:*.m2v=01;35:*.mkv=01;35:*.webm=01;35:*.webp=01;35:*.ogm=01;35:*.mp4=01;35:*.m4v=01;35:*.mp4v=01;35:*.vob=01;35:*.qt=01;35:*.nuv=01;35:*.wmv=01;35:*.asf=01;35:*.rm=01;35:*.rmvb=01;35:*.flc=01;35:*.avi=01;35:*.fli=01;35:*.flv=01;35:*.gl=01;35:*.dl=01;35:*.xcf=01;35:*.xwd=01;35:*.yuv=01;35:*.cgm=01;35:*.emf=01;35:*.ogv=01;35:*.ogx=01;35:*.aac=00;36:*.au=00;36:*.flac=00;36:*.m4a=00;36:*.mid=00;36:*.midi=00;36:*.mka=00;36:*.mp3=00;36:*.mpc=00;36:*.ogg=00;36:*.ra=00;36:*.wav=00;36:*.oga=00;36:*.opus=00;36:*.spx=00;36:*.xspf=00;36:'), ('AMENT_PREFIX_PATH', '/home/arno/RoombaV2Onboard/install/sllidar_ros2:/home/arno/RoombaV2Onboard/install/rover_stream:/home/arno/RoombaV2Onboard/install/roombav2:/home/arno/RoombaV2Onboard/install/RoverReceive:/opt/ros/humble'), ('SHELL', '/bin/bash'), ('LC_NAME', 'de_CH.UTF-8'), ('LESSCLOSE', '/usr/bin/lesspipe %s %s'), ('LC_MEASUREMENT', 'de_CH.UTF-8'), ('LC_IDENTIFICATION', 'de_CH.UTF-8'), ('PWD', '/home/arno/RoombaV2Onboard/build/sllidar_ros2'), ('LC_ALL', 'en_US.UTF-8'), ('SSH_CONNECTION', '192.168.177.158 53836 192.168.177.115 22'), ('XDG_DATA_DIRS', '/usr/local/share:/usr/share:/var/lib/snapd/desktop'), ('PYTHONPATH', '/home/arno/RoombaV2Onboard/install/rover_stream/lib/python3.10/site-packages:/home/arno/RoombaV2Onboard/install/roombav2/lib/python3.10/site-packages:/home/arno/RoombaV2Onboard/install/RoverReceive/lib/python3.10/site-packages:/opt/ros/humble/lib/python3.10/site-packages:/opt/ros/humble/local/lib/python3.10/dist-packages'), ('LC_NUMERIC', 'de_CH.UTF-8'), ('LC_PAPER', 'de_CH.UTF-8'), ('COLCON', '1'), ('CMAKE_PREFIX_PATH', '/home/arno/RoombaV2Onboard/install/sllidar_ros2:/home/arno/RoombaV2Onboard/install/rover_stream:/home/arno/RoombaV2Onboard/install/roombav2:/home/arno/RoombaV2Onboard/install/RoverReceive:/opt/ros/humble')]), 'shell': False}
[27.747239] (-) TimerEvent: {}
[27.850841] (-) TimerEvent: {}
[27.953925] (-) TimerEvent: {}
[28.056792] (-) TimerEvent: {}
[28.128440] (sllidar_ros2) StdoutLine: {'line': b'\x1b[35m\x1b[1mConsolidate compiler generated dependencies of target sllidar_node\x1b[0m\n'}
[28.157108] (-) TimerEvent: {}
[28.258593] (-) TimerEvent: {}
[28.360262] (-) TimerEvent: {}
[28.462019] (-) TimerEvent: {}
[28.563675] (-) TimerEvent: {}
[28.664974] (-) TimerEvent: {}
[28.759007] (sllidar_ros2) StdoutLine: {'line': b'[  5%] \x1b[32m\x1b[1mLinking CXX executable sllidar_node\x1b[0m\n'}
[28.765413] (-) TimerEvent: {}
[28.867696] (-) TimerEvent: {}
[28.969757] (-) TimerEvent: {}
[29.071644] (-) TimerEvent: {}
[29.174988] (-) TimerEvent: {}
[29.278421] (-) TimerEvent: {}
[29.381578] (-) TimerEvent: {}
[29.484788] (-) TimerEvent: {}
[29.586362] (-) TimerEvent: {}
[29.689455] (-) TimerEvent: {}
[29.792662] (-) TimerEvent: {}
[29.895780] (-) TimerEvent: {}
[30.119227] (-) TimerEvent: {}
[30.222996] (-) TimerEvent: {}
[30.326768] (-) TimerEvent: {}
[30.430479] (-) TimerEvent: {}
[30.534298] (-) TimerEvent: {}
[30.638126] (-) TimerEvent: {}
[30.742113] (-) TimerEvent: {}
[30.845093] (-) TimerEvent: {}
[30.949061] (-) TimerEvent: {}
[31.051088] (-) TimerEvent: {}
[31.152941] (-) TimerEvent: {}
[31.254636] (-) TimerEvent: {}
[31.357734] (-) TimerEvent: {}
[31.459323] (-) TimerEvent: {}
[31.562797] (-) TimerEvent: {}
[31.666711] (-) TimerEvent: {}
[31.770770] (-) TimerEvent: {}
[31.874773] (-) TimerEvent: {}
[31.978729] (-) TimerEvent: {}
[32.082907] (-) TimerEvent: {}
[32.186967] (-) TimerEvent: {}
[32.290717] (-) TimerEvent: {}
[32.395502] (-) TimerEvent: {}
[32.500878] (-) TimerEvent: {}
[32.604386] (-) TimerEvent: {}
[32.707880] (-) TimerEvent: {}
[32.811603] (-) TimerEvent: {}
[32.914385] (-) TimerEvent: {}
[33.016692] (-) TimerEvent: {}
[33.119767] (-) TimerEvent: {}
[33.221363] (-) TimerEvent: {}
[33.325251] (-) TimerEvent: {}
[33.429235] (-) TimerEvent: {}
[33.533539] (-) TimerEvent: {}
[33.637934] (-) TimerEvent: {}
[33.742001] (-) TimerEvent: {}
[33.845599] (-) TimerEvent: {}
[33.949861] (-) TimerEvent: {}
[34.070115] (-) TimerEvent: {}
[34.173439] (-) TimerEvent: {}
[34.275874] (-) TimerEvent: {}
[34.379335] (-) TimerEvent: {}
[34.482834] (-) TimerEvent: {}
[34.584535] (-) TimerEvent: {}
[34.685962] (-) TimerEvent: {}
[34.787781] (-) TimerEvent: {}
[34.889393] (-) TimerEvent: {}
[34.991094] (-) TimerEvent: {}
[35.093045] (-) TimerEvent: {}
[35.194837] (-) TimerEvent: {}
[35.296884] (-) TimerEvent: {}
[35.398487] (-) TimerEvent: {}
[35.500229] (-) TimerEvent: {}
[35.601904] (-) TimerEvent: {}
[35.703810] (-) TimerEvent: {}
[35.805432] (-) TimerEvent: {}
[35.907122] (-) TimerEvent: {}
[36.008670] (-) TimerEvent: {}
[36.110163] (-) TimerEvent: {}
[36.211987] (-) TimerEvent: {}
[36.313830] (-) TimerEvent: {}
[36.415863] (-) TimerEvent: {}
[36.517717] (-) TimerEvent: {}
[36.619474] (-) TimerEvent: {}
[36.721387] (-) TimerEvent: {}
[36.823145] (-) TimerEvent: {}
[36.924862] (-) TimerEvent: {}
[37.026690] (-) TimerEvent: {}
[37.129892] (-) TimerEvent: {}
[37.233906] (-) TimerEvent: {}
[37.337676] (-) TimerEvent: {}
[37.438980] (-) TimerEvent: {}
[37.540876] (-) TimerEvent: {}
[37.643152] (-) TimerEvent: {}
[37.745636] (-) TimerEvent: {}
[37.848284] (-) TimerEvent: {}
[37.952416] (-) TimerEvent: {}
[38.056406] (-) TimerEvent: {}
[38.159988] (-) TimerEvent: {}
[38.262165] (-) TimerEvent: {}
[38.364979] (-) TimerEvent: {}
[38.470191] (-) TimerEvent: {}
[38.573109] (-) TimerEvent: {}
[38.676187] (-) TimerEvent: {}
[38.778158] (-) TimerEvent: {}
[38.882088] (-) TimerEvent: {}
[38.990675] (-) TimerEvent: {}
[39.104837] (-) TimerEvent: {}
[39.209452] (-) TimerEvent: {}
[39.324517] (-) TimerEvent: {}
[39.427253] (-) TimerEvent: {}
[39.529237] (-) TimerEvent: {}
[39.630882] (-) TimerEvent: {}
[39.732786] (-) TimerEvent: {}
[39.834473] (-) TimerEvent: {}
[39.936627] (-) TimerEvent: {}
[40.793280] (-) TimerEvent: {}
[40.897488] (-) TimerEvent: {}
[41.001035] (-) TimerEvent: {}
[41.104548] (-) TimerEvent: {}
[41.207765] (-) TimerEvent: {}
[41.310756] (-) TimerEvent: {}
[41.413634] (-) TimerEvent: {}
[41.516873] (-) TimerEvent: {}
[41.620558] (-) TimerEvent: {}
[41.721838] (-) TimerEvent: {}
[41.823211] (-) TimerEvent: {}
[42.644226] (-) TimerEvent: {}
[42.746041] (-) TimerEvent: {}
[42.847877] (-) TimerEvent: {}
[42.949718] (-) TimerEvent: {}
[43.051542] (-) TimerEvent: {}
[43.153328] (-) TimerEvent: {}
[43.254783] (-) TimerEvent: {}
[43.356123] (-) TimerEvent: {}
[43.457761] (-) TimerEvent: {}
[43.559461] (-) TimerEvent: {}
[43.661086] (-) TimerEvent: {}
[43.762402] (-) TimerEvent: {}
[43.865671] (-) TimerEvent: {}
[43.968361] (-) TimerEvent: {}
[44.071247] (-) TimerEvent: {}
[44.174601] (-) TimerEvent: {}
[44.278135] (-) TimerEvent: {}
[44.381557] (-) TimerEvent: {}
[44.484344] (-) TimerEvent: {}
[44.587112] (-) TimerEvent: {}
[44.689081] (-) TimerEvent: {}
[44.790837] (-) TimerEvent: {}
[44.892753] (-) TimerEvent: {}
[44.994087] (-) TimerEvent: {}
[46.891646] (-) TimerEvent: {}
[46.992990] (-) TimerEvent: {}
[47.094653] (-) TimerEvent: {}
[47.197127] (-) TimerEvent: {}
[47.301282] (-) TimerEvent: {}
[47.404722] (-) TimerEvent: {}
[47.507561] (-) TimerEvent: {}
[47.610961] (-) TimerEvent: {}
[47.714454] (-) TimerEvent: {}
[47.817769] (-) TimerEvent: {}
[47.919864] (-) TimerEvent: {}
[48.021383] (-) TimerEvent: {}
[48.123391] (-) TimerEvent: {}
[48.224976] (-) TimerEvent: {}
[48.327287] (-) TimerEvent: {}
[48.429029] (-) TimerEvent: {}
[48.530318] (-) TimerEvent: {}
[48.631758] (-) TimerEvent: {}
[48.733215] (-) TimerEvent: {}
[48.834524] (-) TimerEvent: {}
[48.937149] (-) TimerEvent: {}
[49.119086] (-) TimerEvent: {}
[49.277892] (sllidar_ros2) StdoutLine: {'line': b'[ 90%] Built target sllidar_node\n'}
[49.711910] (-) TimerEvent: {}
[49.718909] (sllidar_ros2) StdoutLine: {'line': b'\x1b[35m\x1b[1mConsolidate compiler generated dependencies of target sllidar_client\x1b[0m\n'}
[49.812263] (-) TimerEvent: {}
[49.913832] (-) TimerEvent: {}
[50.015379] (-) TimerEvent: {}
[50.117169] (-) TimerEvent: {}
[50.199068] (sllidar_ros2) StdoutLine: {'line': b'[ 95%] \x1b[32m\x1b[1mLinking CXX executable sllidar_client\x1b[0m\n'}
[50.217465] (-) TimerEvent: {}
[50.318859] (-) TimerEvent: {}
[50.420888] (-) TimerEvent: {}
[50.522627] (-) TimerEvent: {}
[50.624536] (-) TimerEvent: {}
[50.726236] (-) TimerEvent: {}
[50.827797] (-) TimerEvent: {}
[50.929739] (-) TimerEvent: {}
[51.031762] (-) TimerEvent: {}
[51.133449] (-) TimerEvent: {}
[51.234681] (-) TimerEvent: {}
[51.336498] (-) TimerEvent: {}
[51.438440] (-) TimerEvent: {}
[51.540125] (-) TimerEvent: {}
[51.642155] (-) TimerEvent: {}
[51.744478] (-) TimerEvent: {}
[51.846242] (-) TimerEvent: {}
[51.948076] (-) TimerEvent: {}
[52.049643] (-) TimerEvent: {}
[52.151253] (-) TimerEvent: {}
[52.252906] (-) TimerEvent: {}
[52.354498] (-) TimerEvent: {}
[52.456243] (-) TimerEvent: {}
[52.653711] (-) TimerEvent: {}
[52.933175] (-) TimerEvent: {}
[53.187542] (-) TimerEvent: {}
[53.563627] (-) TimerEvent: {}
[53.704206] (-) TimerEvent: {}
[53.885418] (-) TimerEvent: {}
[54.030742] (-) TimerEvent: {}
[54.153610] (-) TimerEvent: {}
[54.258909] (-) TimerEvent: {}
[54.362444] (-) TimerEvent: {}
[54.464261] (-) TimerEvent: {}
[54.565954] (-) TimerEvent: {}
[54.667524] (-) TimerEvent: {}
[54.769143] (-) TimerEvent: {}
[54.870470] (-) TimerEvent: {}
[54.971629] (-) TimerEvent: {}
[55.073616] (-) TimerEvent: {}
[55.175707] (-) TimerEvent: {}
[55.277619] (-) TimerEvent: {}
[55.381021] (-) TimerEvent: {}
[55.483082] (-) TimerEvent: {}
[55.584591] (-) TimerEvent: {}
[55.685870] (-) TimerEvent: {}
[55.787510] (-) TimerEvent: {}
[55.889453] (-) TimerEvent: {}
[55.991008] (-) TimerEvent: {}
[56.093189] (-) TimerEvent: {}
[56.196789] (-) TimerEvent: {}
[56.299600] (-) TimerEvent: {}
[56.403649] (-) TimerEvent: {}
[56.505687] (-) TimerEvent: {}
[56.606970] (-) TimerEvent: {}
[56.708551] (-) TimerEvent: {}
[56.810050] (-) TimerEvent: {}
[56.912031] (-) TimerEvent: {}
[57.013996] (-) TimerEvent: {}
[57.117396] (-) TimerEvent: {}
[57.218698] (-) TimerEvent: {}
[57.320919] (-) TimerEvent: {}
[57.423073] (-) TimerEvent: {}
[57.525003] (-) TimerEvent: {}
[57.627091] (-) TimerEvent: {}
[57.728453] (-) TimerEvent: {}
[57.829861] (-) TimerEvent: {}
[57.931352] (-) TimerEvent: {}
[58.033054] (-) TimerEvent: {}
[58.134762] (-) TimerEvent: {}
[58.236353] (-) TimerEvent: {}
[58.338207] (-) TimerEvent: {}
[58.440090] (-) TimerEvent: {}
[58.541775] (-) TimerEvent: {}
[58.643535] (-) TimerEvent: {}
[58.745250] (-) TimerEvent: {}
[58.846499] (-) TimerEvent: {}
[58.947895] (-) TimerEvent: {}
[59.049602] (-) TimerEvent: {}
[59.151140] (-) TimerEvent: {}
[59.252967] (-) TimerEvent: {}
[59.354677] (-) TimerEvent: {}
[59.456563] (-) TimerEvent: {}
[59.558237] (-) TimerEvent: {}
[59.659924] (-) TimerEvent: {}
[59.761473] (-) TimerEvent: {}
[59.863150] (-) TimerEvent: {}
[59.964421] (-) TimerEvent: {}
[60.065580] (-) TimerEvent: {}
[60.166949] (-) TimerEvent: {}
[60.268412] (-) TimerEvent: {}
[60.369845] (-) TimerEvent: {}
[60.471069] (-) TimerEvent: {}
[60.572837] (-) TimerEvent: {}
[60.674638] (-) TimerEvent: {}
[60.776440] (-) TimerEvent: {}
[60.877734] (-) TimerEvent: {}
[60.979485] (-) TimerEvent: {}
[61.080753] (-) TimerEvent: {}
[61.181999] (-) TimerEvent: {}
[61.283872] (-) TimerEvent: {}
[61.385147] (-) TimerEvent: {}
[61.486665] (-) TimerEvent: {}
[61.588265] (-) TimerEvent: {}
[61.689944] (-) TimerEvent: {}
[61.791807] (-) TimerEvent: {}
[61.893278] (-) TimerEvent: {}
[61.994583] (-) TimerEvent: {}
[62.095970] (-) TimerEvent: {}
[62.197899] (-) TimerEvent: {}
[62.299230] (-) TimerEvent: {}
[62.400726] (-) TimerEvent: {}
[62.502514] (-) TimerEvent: {}
[62.604308] (-) TimerEvent: {}
[62.705426] (-) TimerEvent: {}
[62.806703] (-) TimerEvent: {}
[62.908051] (-) TimerEvent: {}
[63.009728] (-) TimerEvent: {}
[63.111302] (-) TimerEvent: {}
[63.212939] (-) TimerEvent: {}
[63.314593] (-) TimerEvent: {}
[63.416650] (-) TimerEvent: {}
[63.518272] (-) TimerEvent: {}
[63.620501] (-) TimerEvent: {}
[63.721982] (-) TimerEvent: {}
[63.824174] (-) TimerEvent: {}
[63.925608] (-) TimerEvent: {}
[64.027070] (-) TimerEvent: {}
[64.129028] (-) TimerEvent: {}
[64.231104] (-) TimerEvent: {}
[64.333543] (-) TimerEvent: {}
[64.435288] (-) TimerEvent: {}
[64.536883] (-) TimerEvent: {}
[64.638870] (-) TimerEvent: {}
[64.740542] (-) TimerEvent: {}
[64.842259] (-) TimerEvent: {}
[64.945570] (-) TimerEvent: {}
[65.028505] (sllidar_ros2) StdoutLine: {'line': b'[100%] Built target sllidar_client\n'}
[65.170388] (-) TimerEvent: {}
[65.272350] (-) TimerEvent: {}
[65.378452] (-) TimerEvent: {}
[65.480140] (-) TimerEvent: {}
[65.581607] (-) TimerEvent: {}
[65.683198] (-) TimerEvent: {}
[65.784936] (-) TimerEvent: {}
[65.886584] (-) TimerEvent: {}
[65.988744] (-) TimerEvent: {}
[66.090345] (-) TimerEvent: {}
[66.193384] (-) TimerEvent: {}
[66.295205] (-) TimerEvent: {}
[66.475585] (-) TimerEvent: {}
[66.741470] (-) TimerEvent: {}
[68.448791] (-) TimerEvent: {}
[68.601791] (-) TimerEvent: {}
[68.778051] (-) TimerEvent: {}
[68.920146] (-) TimerEvent: {}
[68.968742] (sllidar_ros2) CommandEnded: {'returncode': 0}
[69.878915] (-) TimerEvent: {}
[70.004253] (-) TimerEvent: {}
[70.120908] (-) TimerEvent: {}
[70.223537] (-) TimerEvent: {}
[70.324950] (-) TimerEvent: {}
[70.426463] (-) TimerEvent: {}
[70.527959] (-) TimerEvent: {}
[70.646842] (sllidar_ros2) JobProgress: {'identifier': 'sllidar_ros2', 'progress': 'install'}
[70.655961] (-) TimerEvent: {}
[70.773950] (-) TimerEvent: {}
[70.922058] (-) TimerEvent: {}
[71.058161] (-) TimerEvent: {}
[71.130958] (sllidar_ros2) Command: {'cmd': ['/usr/bin/cmake', '--install', '/home/arno/RoombaV2Onboard/build/sllidar_ros2'], 'cwd': '/home/arno/RoombaV2Onboard/build/sllidar_ros2', 'env': OrderedDict([('LESSOPEN', '| /usr/bin/lesspipe %s'), ('USER', 'arno'), ('SSH_CLIENT', '192.168.177.158 53836 22'), ('LC_TIME', 'de_CH.UTF-8'), ('XDG_SESSION_TYPE', 'tty'), ('SHLVL', '1'), ('LD_LIBRARY_PATH', '/opt/ros/humble/opt/rviz_ogre_vendor/lib:/opt/ros/humble/lib/aarch64-linux-gnu:/opt/ros/humble/lib'), ('MOTD_SHOWN', 'pam'), ('HOME', '/home/arno'), ('OLDPWD', '/home/arno/RoombaV2Onboard/src/rf2o_laser_odometry'), ('SSH_TTY', '/dev/pts/0'), ('ROS_PYTHON_VERSION', '3'), ('LC_MONETARY', 'de_CH.UTF-8'), ('DBUS_SESSION_BUS_ADDRESS', 'unix:path=/run/user/1000/bus'), ('COLCON_PREFIX_PATH', '/home/arno/RoombaV2Onboard/install'), ('ROS_DISTRO', 'humble'), ('LOGNAME', 'arno'), ('_', '/usr/bin/colcon'), ('ROS_VERSION', '2'), ('XDG_SESSION_CLASS', 'user'), ('TERM', 'xterm-256color'), ('XDG_SESSION_ID', '1'), ('ROS_LOCALHOST_ONLY', '0'), ('PATH', '/home/arno/.local/bin:/opt/ros/humble/bin:/usr/local/sbin:/usr/local/bin:/usr/sbin:/usr/bin:/sbin:/bin:/usr/games:/usr/local/games:/snap/bin'), ('LC_ADDRESS', 'de_CH.UTF-8'), ('XDG_RUNTIME_DIR', '/run/user/1000'), ('LANG', 'en_US.UTF-8'), ('LC_TELEPHONE', 'de_CH.UTF-8'), ('LS_COLORS', 'rs=0:di=01;34:ln=01;36:mh=00:pi=40;33:so=01;35:do=01;35:bd=40;33;01:cd=40;33;01:or=40;31;01:mi=00:su=37;41:sg=30;43:ca=30;41:tw=30;42:ow=34;42:st=37;44:ex=01;32:*.tar=01;31:*.tgz=01;31:*.arc=01;31:*.arj=01;31:*.taz=01;31:*.lha=01;31:*.lz4=01;31:*.lzh=01;31:*.lzma=01;31:*.tlz=01;31:*.txz=01;31:*.tzo=01;31:*.t7z=01;31:*.zip=01;31:*.z=01;31:*.dz=01;31:*.gz=01;31:*.lrz=01;31:*.lz=01;31:*.lzo=01;31:*.xz=01;31:*.zst=01;31:*.tzst=01;31:*.bz2=01;31:*.bz=01;31:*.tbz=01;31:*.tbz2=01;31:*.tz=01;31:*.deb=01;31:*.rpm=01;31:*.jar=01;31:*.war=01;31:*.ear=01;31:*.sar=01;31:*.rar=01;31:*.alz=01;31:*.ace=01;31:*.zoo=01;31:*.cpio=01;31:*.7z=01;31:*.rz=01;31:*.cab=01;31:*.wim=01;31:*.swm=01;31:*.dwm=01;31:*.esd=01;31:*.jpg=01;35:*.jpeg=01;35:*.mjpg=01;35:*.mjpeg=01;35:*.gif=01;35:*.bmp=01;35:*.pbm=01;35:*.pgm=01;35:*.ppm=01;35:*.tga=01;35:*.xbm=01;35:*.xpm=01;35:*.tif=01;35:*.tiff=01;35:*.png=01;35:*.svg=01;35:*.svgz=01;35:*.mng=01;35:*.pcx=01;35:*.mov=01;35:*.mpg=01;35:*.mpeg=01;35:*.m2v=01;35:*.mkv=01;35:*.webm=01;35:*.webp=01;35:*.ogm=01;35:*.mp4=01;35:*.m4v=01;35:*.mp4v=01;35:*.vob=01;35:*.qt=01;35:*.nuv=01;35:*.wmv=01;35:*.asf=01;35:*.rm=01;35:*.rmvb=01;35:*.flc=01;35:*.avi=01;35:*.fli=01;35:*.flv=01;35:*.gl=01;35:*.dl=01;35:*.xcf=01;35:*.xwd=01;35:*.yuv=01;35:*.cgm=01;35:*.emf=01;35:*.ogv=01;35:*.ogx=01;35:*.aac=00;36:*.au=00;36:*.flac=00;36:*.m4a=00;36:*.mid=00;36:*.midi=00;36:*.mka=00;36:*.mp3=00;36:*.mpc=00;36:*.ogg=00;36:*.ra=00;36:*.wav=00;36:*.oga=00;36:*.opus=00;36:*.spx=00;36:*.xspf=00;36:'), ('AMENT_PREFIX_PATH', '/home/arno/RoombaV2Onboard/install/sllidar_ros2:/home/arno/RoombaV2Onboard/install/rover_stream:/home/arno/RoombaV2Onboard/install/roombav2:/home/arno/RoombaV2Onboard/install/RoverReceive:/opt/ros/humble'), ('SHELL', '/bin/bash'), ('LC_NAME', 'de_CH.UTF-8'), ('LESSCLOSE', '/usr/bin/lesspipe %s %s'), ('LC_MEASUREMENT', 'de_CH.UTF-8'), ('LC_IDENTIFICATION', 'de_CH.UTF-8'), ('PWD', '/home/arno/RoombaV2Onboard/build/sllidar_ros2'), ('LC_ALL', 'en_US.UTF-8'), ('SSH_CONNECTION', '192.168.177.158 53836 192.168.177.115 22'), ('XDG_DATA_DIRS', '/usr/local/share:/usr/share:/var/lib/snapd/desktop'), ('PYTHONPATH', '/home/arno/RoombaV2Onboard/install/rover_stream/lib/python3.10/site-packages:/home/arno/RoombaV2Onboard/install/roombav2/lib/python3.10/site-packages:/home/arno/RoombaV2Onboard/install/RoverReceive/lib/python3.10/site-packages:/opt/ros/humble/lib/python3.10/site-packages:/opt/ros/humble/local/lib/python3.10/dist-packages'), ('LC_NUMERIC', 'de_CH.UTF-8'), ('LC_PAPER', 'de_CH.UTF-8'), ('COLCON', '1'), ('CMAKE_PREFIX_PATH', '/home/arno/RoombaV2Onboard/install/sllidar_ros2:/home/arno/RoombaV2Onboard/install/rover_stream:/home/arno/RoombaV2Onboard/install/roombav2:/home/arno/RoombaV2Onboard/install/RoverReceive:/opt/ros/humble')]), 'shell': False}
[71.222249] (-) TimerEvent: {}
[71.343917] (sllidar_ros2) StdoutLine: {'line': b'-- Install configuration: ""\n'}
[71.350186] (-) TimerEvent: {}
[71.351192] (sllidar_ros2) StdoutLine: {'line': b'-- Execute custom install script\n'}
[71.379576] (sllidar_ros2) StdoutLine: {'line': b'-- Symlinking: /home/arno/RoombaV2Onboard/install/sllidar_ros2/share/sllidar_ros2/launch/sllidar_a1_launch.py\n'}
[71.442313] (sllidar_ros2) StdoutLine: {'line': b'-- Symlinking: /home/arno/RoombaV2Onboard/install/sllidar_ros2/share/sllidar_ros2/launch/sllidar_a2m12_launch .py\n'}
[71.450499] (-) TimerEvent: {}
[71.505442] (sllidar_ros2) StdoutLine: {'line': b'-- Symlinking: /home/arno/RoombaV2Onboard/install/sllidar_ros2/share/sllidar_ros2/launch/sllidar_a2m7_launch.py\n'}
[71.550843] (-) TimerEvent: {}
[71.566068] (sllidar_ros2) StdoutLine: {'line': b'-- Symlinking: /home/arno/RoombaV2Onboard/install/sllidar_ros2/share/sllidar_ros2/launch/sllidar_a2m8_launch.py\n'}
[71.626028] (sllidar_ros2) StdoutLine: {'line': b'-- Symlinking: /home/arno/RoombaV2Onboard/install/sllidar_ros2/share/sllidar_ros2/launch/sllidar_a3_launch.py\n'}
[71.651237] (-) TimerEvent: {}
[71.683945] (sllidar_ros2) StdoutLine: {'line': b'-- Symlinking: /home/arno/RoombaV2Onboard/install/sllidar_ros2/share/sllidar_ros2/launch/sllidar_c1_launch.py\n'}
[71.742369] (sllidar_ros2) StdoutLine: {'line': b'-- Symlinking: /home/arno/RoombaV2Onboard/install/sllidar_ros2/share/sllidar_ros2/launch/sllidar_s1_launch.py\n'}
[71.751538] (-) TimerEvent: {}
[71.802099] (sllidar_ros2) StdoutLine: {'line': b'-- Symlinking: /home/arno/RoombaV2Onboard/install/sllidar_ros2/share/sllidar_ros2/launch/sllidar_s1_tcp_launch.py\n'}
[71.851831] (-) TimerEvent: {}
[71.859898] (sllidar_ros2) StdoutLine: {'line': b'-- Symlinking: /home/arno/RoombaV2Onboard/install/sllidar_ros2/share/sllidar_ros2/launch/sllidar_s2_launch.py\n'}
[71.917375] (sllidar_ros2) StdoutLine: {'line': b'-- Symlinking: /home/arno/RoombaV2Onboard/install/sllidar_ros2/share/sllidar_ros2/launch/sllidar_s2e_launch.py\n'}
[71.952100] (-) TimerEvent: {}
[71.975169] (sllidar_ros2) StdoutLine: {'line': b'-- Symlinking: /home/arno/RoombaV2Onboard/install/sllidar_ros2/share/sllidar_ros2/launch/sllidar_s3_launch.py\n'}
[72.033175] (sllidar_ros2) StdoutLine: {'line': b'-- Symlinking: /home/arno/RoombaV2Onboard/install/sllidar_ros2/share/sllidar_ros2/launch/sllidar_t1_launch.py\n'}
[72.052385] (-) TimerEvent: {}
[72.091747] (sllidar_ros2) StdoutLine: {'line': b'-- Symlinking: /home/arno/RoombaV2Onboard/install/sllidar_ros2/share/sllidar_ros2/launch/view_sllidar_a1_launch.py\n'}
[72.149848] (sllidar_ros2) StdoutLine: {'line': b'-- Symlinking: /home/arno/RoombaV2Onboard/install/sllidar_ros2/share/sllidar_ros2/launch/view_sllidar_a2m12_launch.py\n'}
[72.152614] (-) TimerEvent: {}
[72.208773] (sllidar_ros2) StdoutLine: {'line': b'-- Symlinking: /home/arno/RoombaV2Onboard/install/sllidar_ros2/share/sllidar_ros2/launch/view_sllidar_a2m7_launch.py\n'}
[72.252906] (-) TimerEvent: {}
[72.265883] (sllidar_ros2) StdoutLine: {'line': b'-- Symlinking: /home/arno/RoombaV2Onboard/install/sllidar_ros2/share/sllidar_ros2/launch/view_sllidar_a2m8_launch.py\n'}
[72.321280] (sllidar_ros2) StdoutLine: {'line': b'-- Symlinking: /home/arno/RoombaV2Onboard/install/sllidar_ros2/share/sllidar_ros2/launch/view_sllidar_a3_launch.py\n'}
[72.353189] (-) TimerEvent: {}
[72.380808] (sllidar_ros2) StdoutLine: {'line': b'-- Symlinking: /home/arno/RoombaV2Onboard/install/sllidar_ros2/share/sllidar_ros2/launch/view_sllidar_c1_launch.py\n'}
[72.438609] (sllidar_ros2) StdoutLine: {'line': b'-- Symlinking: /home/arno/RoombaV2Onboard/install/sllidar_ros2/share/sllidar_ros2/launch/view_sllidar_s1_launch.py\n'}
[72.453475] (-) TimerEvent: {}
[72.496766] (sllidar_ros2) StdoutLine: {'line': b'-- Symlinking: /home/arno/RoombaV2Onboard/install/sllidar_ros2/share/sllidar_ros2/launch/view_sllidar_s1_tcp_launch.py\n'}
[72.553745] (-) TimerEvent: {}
[72.654948] (-) TimerEvent: {}
[72.669887] (sllidar_ros2) StdoutLine: {'line': b'-- Symlinking: /home/arno/RoombaV2Onboard/install/sllidar_ros2/share/sllidar_ros2/launch/view_sllidar_s2_launch.py\n'}
[72.672396] (sllidar_ros2) StdoutLine: {'line': b'-- Symlinking: /home/arno/RoombaV2Onboard/install/sllidar_ros2/share/sllidar_ros2/launch/view_sllidar_s2e_launch.py\n'}
[72.674720] (sllidar_ros2) StdoutLine: {'line': b'-- Symlinking: /home/arno/RoombaV2Onboard/install/sllidar_ros2/share/sllidar_ros2/launch/view_sllidar_s3_launch.py\n'}
[72.737096] (sllidar_ros2) StdoutLine: {'line': b'-- Symlinking: /home/arno/RoombaV2Onboard/install/sllidar_ros2/share/sllidar_ros2/launch/view_sllidar_t1_launch.py\n'}
[72.755241] (-) TimerEvent: {}
[72.812798] (sllidar_ros2) StdoutLine: {'line': b'-- Symlinking: /home/arno/RoombaV2Onboard/install/sllidar_ros2/share/sllidar_ros2/rviz/sllidar_ros2.rviz\n'}
[72.856031] (-) TimerEvent: {}
[72.891867] (sllidar_ros2) StdoutLine: {'line': b'-- Symlinking: /home/arno/RoombaV2Onboard/install/sllidar_ros2/lib/sllidar_ros2/sllidar_node\n'}
[72.956416] (-) TimerEvent: {}
[72.961858] (sllidar_ros2) StdoutLine: {'line': b'-- Symlinking: /home/arno/RoombaV2Onboard/install/sllidar_ros2/lib/sllidar_ros2/sllidar_client\n'}
[73.054786] (sllidar_ros2) StdoutLine: {'line': b'-- Symlinking: /home/arno/RoombaV2Onboard/install/sllidar_ros2/share/ament_index/resource_index/package_run_dependencies/sllidar_ros2\n'}
[73.056918] (-) TimerEvent: {}
[73.127831] (sllidar_ros2) StdoutLine: {'line': b'-- Symlinking: /home/arno/RoombaV2Onboard/install/sllidar_ros2/share/ament_index/resource_index/parent_prefix_path/sllidar_ros2\n'}
[73.157174] (-) TimerEvent: {}
[73.220737] (sllidar_ros2) StdoutLine: {'line': b'-- Symlinking: /home/arno/RoombaV2Onboard/install/sllidar_ros2/share/sllidar_ros2/environment/ament_prefix_path.sh\n'}
[73.257504] (-) TimerEvent: {}
[73.296090] (sllidar_ros2) StdoutLine: {'line': b'-- Symlinking: /home/arno/RoombaV2Onboard/install/sllidar_ros2/share/sllidar_ros2/environment/ament_prefix_path.dsv\n'}
[73.357959] (-) TimerEvent: {}
[73.371075] (sllidar_ros2) StdoutLine: {'line': b'-- Symlinking: /home/arno/RoombaV2Onboard/install/sllidar_ros2/share/sllidar_ros2/environment/path.sh\n'}
[73.449763] (sllidar_ros2) StdoutLine: {'line': b'-- Symlinking: /home/arno/RoombaV2Onboard/install/sllidar_ros2/share/sllidar_ros2/environment/path.dsv\n'}
[73.458306] (-) TimerEvent: {}
[73.526745] (sllidar_ros2) StdoutLine: {'line': b'-- Symlinking: /home/arno/RoombaV2Onboard/install/sllidar_ros2/share/sllidar_ros2/local_setup.bash\n'}
[73.558939] (-) TimerEvent: {}
[73.612063] (sllidar_ros2) StdoutLine: {'line': b'-- Symlinking: /home/arno/RoombaV2Onboard/install/sllidar_ros2/share/sllidar_ros2/local_setup.sh\n'}
[73.659368] (-) TimerEvent: {}
[73.689586] (sllidar_ros2) StdoutLine: {'line': b'-- Symlinking: /home/arno/RoombaV2Onboard/install/sllidar_ros2/share/sllidar_ros2/local_setup.zsh\n'}
[73.757045] (sllidar_ros2) StdoutLine: {'line': b'-- Symlinking: /home/arno/RoombaV2Onboard/install/sllidar_ros2/share/sllidar_ros2/local_setup.dsv\n'}
[73.759700] (-) TimerEvent: {}
[73.827755] (sllidar_ros2) StdoutLine: {'line': b'-- Symlinking: /home/arno/RoombaV2Onboard/install/sllidar_ros2/share/sllidar_ros2/package.dsv\n'}
[73.860053] (-) TimerEvent: {}
[73.916630] (sllidar_ros2) StdoutLine: {'line': b'-- Symlinking: /home/arno/RoombaV2Onboard/install/sllidar_ros2/share/ament_index/resource_index/packages/sllidar_ros2\n'}
[73.960617] (-) TimerEvent: {}
[73.996871] (sllidar_ros2) StdoutLine: {'line': b'-- Symlinking: /home/arno/RoombaV2Onboard/install/sllidar_ros2/share/sllidar_ros2/cmake/ament_cmake_export_dependencies-extras.cmake\n'}
[74.060956] (-) TimerEvent: {}
[74.072382] (sllidar_ros2) StdoutLine: {'line': b'-- Symlinking: /home/arno/RoombaV2Onboard/install/sllidar_ros2/share/sllidar_ros2/cmake/ament_cmake_export_include_directories-extras.cmake\n'}
[74.155923] (sllidar_ros2) StdoutLine: {'line': b'-- Symlinking: /home/arno/RoombaV2Onboard/install/sllidar_ros2/share/sllidar_ros2/cmake/sllidar_ros2Config.cmake\n'}
[74.161477] (-) TimerEvent: {}
[74.225193] (sllidar_ros2) StdoutLine: {'line': b'-- Symlinking: /home/arno/RoombaV2Onboard/install/sllidar_ros2/share/sllidar_ros2/cmake/sllidar_ros2Config-version.cmake\n'}
[74.261721] (-) TimerEvent: {}
[74.305672] (sllidar_ros2) StdoutLine: {'line': b'-- Symlinking: /home/arno/RoombaV2Onboard/install/sllidar_ros2/share/sllidar_ros2/package.xml\n'}
[74.362321] (-) TimerEvent: {}
[74.423709] (sllidar_ros2) CommandEnded: {'returncode': 0}
[74.471840] (-) TimerEvent: {}
[74.606882] (-) TimerEvent: {}
[74.741619] (-) TimerEvent: {}
[74.867147] (-) TimerEvent: {}
[74.989913] (-) TimerEvent: {}
[75.138515] (-) TimerEvent: {}
[76.385736] (-) TimerEvent: {}
[76.516727] (-) TimerEvent: {}
[76.645495] (-) TimerEvent: {}
[76.749416] (-) TimerEvent: {}
[76.862831] (-) TimerEvent: {}
[77.014979] (-) TimerEvent: {}
[77.128852] (-) TimerEvent: {}
[77.252469] (-) TimerEvent: {}
[77.373246] (-) TimerEvent: {}
[77.479566] (-) TimerEvent: {}
[77.580894] (-) TimerEvent: {}
[77.683376] (-) TimerEvent: {}
[77.785677] (-) TimerEvent: {}
[77.887756] (-) TimerEvent: {}
[78.063993] (-) TimerEvent: {}
[78.168204] (-) TimerEvent: {}
[78.269562] (-) TimerEvent: {}
[78.374046] (-) TimerEvent: {}
[78.456555] (sllidar_ros2) JobEnded: {'identifier': 'sllidar_ros2', 'rc': 0}
[78.522210] (-) TimerEvent: {}
[78.623695] (-) TimerEvent: {}
[78.724987] (-) TimerEvent: {}
[78.827475] (-) TimerEvent: {}
[78.928952] (-) TimerEvent: {}
[79.030741] (-) TimerEvent: {}
[79.132673] (-) TimerEvent: {}
[79.233909] (-) TimerEvent: {}
[79.335305] (-) TimerEvent: {}
[79.436839] (-) TimerEvent: {}
[79.538358] (-) TimerEvent: {}
[79.639915] (-) TimerEvent: {}
[79.741244] (-) TimerEvent: {}
[79.842525] (-) TimerEvent: {}
[79.944357] (-) TimerEvent: {}
[80.046112] (-) TimerEvent: {}
[80.147826] (-) TimerEvent: {}
[80.249307] (-) TimerEvent: {}
[80.350866] (-) TimerEvent: {}
[80.452181] (-) TimerEvent: {}
[80.553566] (-) TimerEvent: {}
[80.655126] (-) TimerEvent: {}
[80.756909] (-) TimerEvent: {}
[80.858404] (-) TimerEvent: {}
[80.960147] (-) TimerEvent: {}
[81.061938] (-) TimerEvent: {}
[81.163033] (-) TimerEvent: {}
[81.264527] (-) TimerEvent: {}
[81.366358] (-) TimerEvent: {}
[81.467684] (-) TimerEvent: {}
[81.568808] (-) TimerEvent: {}
[81.670057] (-) TimerEvent: {}
[81.771458] (-) TimerEvent: {}
[81.872788] (-) TimerEvent: {}
[81.974007] (-) TimerEvent: {}
[82.075675] (-) TimerEvent: {}
[82.177409] (-) TimerEvent: {}
[82.279457] (-) TimerEvent: {}
[82.381000] (-) TimerEvent: {}
[82.482758] (-) TimerEvent: {}
[82.584521] (-) TimerEvent: {}
[82.686210] (-) TimerEvent: {}
[82.787721] (-) TimerEvent: {}
[82.890145] (-) TimerEvent: {}
[82.991385] (-) TimerEvent: {}
[83.093179] (-) TimerEvent: {}
[83.194595] (-) TimerEvent: {}
[83.296470] (-) TimerEvent: {}
[83.398195] (-) TimerEvent: {}
[83.499762] (-) TimerEvent: {}
[83.601187] (-) TimerEvent: {}
[83.702608] (-) TimerEvent: {}
[83.804678] (-) TimerEvent: {}
[83.906053] (-) TimerEvent: {}
[84.007353] (-) TimerEvent: {}
[84.109001] (-) TimerEvent: {}
[84.212092] (-) TimerEvent: {}
[84.313814] (-) TimerEvent: {}
[84.415673] (-) TimerEvent: {}
[84.517360] (-) TimerEvent: {}
[84.619155] (-) TimerEvent: {}
[84.721040] (-) TimerEvent: {}
[84.822704] (-) TimerEvent: {}
[84.924191] (-) TimerEvent: {}
[85.025850] (-) TimerEvent: {}
[85.127321] (-) TimerEvent: {}
[85.229138] (-) TimerEvent: {}
[85.330806] (-) TimerEvent: {}
[85.432526] (-) TimerEvent: {}
[85.533968] (-) TimerEvent: {}
[85.635518] (-) TimerEvent: {}
[85.737026] (-) TimerEvent: {}
[85.838780] (-) TimerEvent: {}
[85.942045] (-) TimerEvent: {}
[86.043763] (-) TimerEvent: {}
[86.146011] (-) TimerEvent: {}
[86.247987] (-) TimerEvent: {}
[86.349994] (-) TimerEvent: {}
[86.451941] (-) TimerEvent: {}
[86.553223] (-) TimerEvent: {}
[86.654564] (-) TimerEvent: {}
[86.755883] (-) TimerEvent: {}
[86.857113] (-) TimerEvent: {}
[86.959461] (-) TimerEvent: {}
[87.061254] (-) TimerEvent: {}
[87.162828] (-) TimerEvent: {}
[87.264488] (-) TimerEvent: {}
[87.366022] (-) TimerEvent: {}
[87.467929] (-) TimerEvent: {}
[87.569821] (-) TimerEvent: {}
[87.671670] (-) TimerEvent: {}
[87.773721] (-) TimerEvent: {}
[87.875624] (-) TimerEvent: {}
[87.977372] (-) TimerEvent: {}
[88.079348] (-) TimerEvent: {}
[88.180851] (-) TimerEvent: {}
[88.282350] (-) TimerEvent: {}
[88.384145] (-) TimerEvent: {}
[88.485649] (-) TimerEvent: {}
[88.587356] (-) TimerEvent: {}
[88.689071] (-) TimerEvent: {}
[88.790561] (-) TimerEvent: {}
[88.892372] (-) TimerEvent: {}
[88.993777] (-) TimerEvent: {}
[89.095712] (-) TimerEvent: {}
[89.197146] (-) TimerEvent: {}
[89.298291] (-) TimerEvent: {}
[89.399748] (-) TimerEvent: {}
[89.501520] (-) TimerEvent: {}
[89.603998] (-) TimerEvent: {}
[89.705517] (-) TimerEvent: {}
[89.807116] (-) TimerEvent: {}
[89.908798] (-) TimerEvent: {}
[90.010299] (-) TimerEvent: {}
[90.111815] (-) TimerEvent: {}
[90.213328] (-) TimerEvent: {}
[90.315059] (-) TimerEvent: {}
[90.417004] (-) TimerEvent: {}
[90.518852] (-) TimerEvent: {}
[90.620585] (-) TimerEvent: {}
[90.722077] (-) TimerEvent: {}
[90.823639] (-) TimerEvent: {}
[90.925174] (-) TimerEvent: {}
[91.026764] (-) TimerEvent: {}
[91.128567] (-) TimerEvent: {}
[91.230144] (-) TimerEvent: {}
[91.331763] (-) TimerEvent: {}
[91.433442] (-) TimerEvent: {}
[91.534732] (-) TimerEvent: {}
[91.636498] (-) TimerEvent: {}
[91.738417] (-) TimerEvent: {}
[91.840165] (-) TimerEvent: {}
[91.942345] (-) TimerEvent: {}
[92.043848] (-) TimerEvent: {}
[92.145289] (-) TimerEvent: {}
[92.246779] (-) TimerEvent: {}
[92.348454] (-) TimerEvent: {}
[92.450320] (-) TimerEvent: {}
[92.552054] (-) TimerEvent: {}
[92.653874] (-) TimerEvent: {}
[92.755381] (-) TimerEvent: {}
[92.857171] (-) TimerEvent: {}
[92.958756] (-) TimerEvent: {}
[93.060289] (-) TimerEvent: {}
[93.161950] (-) TimerEvent: {}
[93.263667] (-) TimerEvent: {}
[93.365211] (-) TimerEvent: {}
[93.466705] (-) TimerEvent: {}
[93.568210] (-) TimerEvent: {}
[93.670079] (-) TimerEvent: {}
[93.771825] (-) TimerEvent: {}
[93.873220] (-) TimerEvent: {}
[93.974497] (-) TimerEvent: {}
[94.077861] (-) TimerEvent: {}
[94.179306] (-) TimerEvent: {}
[94.280733] (-) TimerEvent: {}
[94.382001] (-) TimerEvent: {}
[94.483483] (-) TimerEvent: {}
[94.585290] (-) TimerEvent: {}
[94.688534] (-) TimerEvent: {}
[94.791271] (-) TimerEvent: {}
[94.892782] (-) TimerEvent: {}
[94.996100] (-) TimerEvent: {}
[95.097596] (-) TimerEvent: {}
[95.199161] (-) TimerEvent: {}
[95.301299] (-) TimerEvent: {}
[95.403002] (-) TimerEvent: {}
[95.504810] (-) TimerEvent: {}
[95.606443] (-) TimerEvent: {}
[95.708269] (-) TimerEvent: {}
[95.811745] (-) TimerEvent: {}
[95.913410] (-) TimerEvent: {}
[96.015208] (-) TimerEvent: {}
[96.117134] (-) TimerEvent: {}
[96.218813] (-) TimerEvent: {}
[96.320437] (-) TimerEvent: {}
[96.421962] (-) TimerEvent: {}
[96.523738] (-) TimerEvent: {}
[96.625609] (-) TimerEvent: {}
[96.728078] (-) TimerEvent: {}
[96.829738] (-) TimerEvent: {}
[96.931851] (-) TimerEvent: {}
[97.033708] (-) TimerEvent: {}
[97.135577] (-) TimerEvent: {}
[97.237063] (-) TimerEvent: {}
[97.339073] (-) TimerEvent: {}
[97.442035] (-) TimerEvent: {}
[97.543617] (-) TimerEvent: {}
[97.644897] (-) TimerEvent: {}
[97.746448] (-) TimerEvent: {}
[97.849597] (-) TimerEvent: {}
[97.951003] (-) TimerEvent: {}
[98.053648] (-) TimerEvent: {}
[98.156946] (-) TimerEvent: {}
[98.258780] (-) TimerEvent: {}
[98.360512] (-) TimerEvent: {}
[98.462380] (-) TimerEvent: {}
[98.564225] (-) TimerEvent: {}
[98.666224] (-) TimerEvent: {}
[98.767919] (-) TimerEvent: {}
[98.869308] (-) TimerEvent: {}
[98.970940] (-) TimerEvent: {}
[99.072646] (-) TimerEvent: {}
[99.174375] (-) TimerEvent: {}
[99.276306] (-) TimerEvent: {}
[99.378036] (-) TimerEvent: {}
[99.479864] (-) TimerEvent: {}
[99.581617] (-) TimerEvent: {}
[99.684146] (-) TimerEvent: {}
[99.785692] (-) TimerEvent: {}
[99.887966] (-) TimerEvent: {}
[99.989525] (-) TimerEvent: {}
[100.091393] (-) TimerEvent: {}
[100.193338] (-) TimerEvent: {}
[100.294780] (-) TimerEvent: {}
[100.396315] (-) TimerEvent: {}
[100.497920] (-) TimerEvent: {}
[100.599659] (-) TimerEvent: {}
[100.701277] (-) TimerEvent: {}
[100.802649] (-) TimerEvent: {}
[100.903849] (-) TimerEvent: {}
[101.005486] (-) TimerEvent: {}
[101.107477] (-) TimerEvent: {}
[101.211209] (-) TimerEvent: {}
[101.313930] (-) TimerEvent: {}
[101.420532] (-) TimerEvent: {}
[101.523827] (-) TimerEvent: {}
[101.625167] (-) TimerEvent: {}
[101.726677] (-) TimerEvent: {}
[101.829605] (-) TimerEvent: {}
[101.933451] (-) TimerEvent: {}
[102.056630] (-) TimerEvent: {}
[102.158311] (-) TimerEvent: {}
[102.259946] (-) TimerEvent: {}
[102.361516] (-) TimerEvent: {}
[102.463089] (-) TimerEvent: {}
[102.564812] (-) TimerEvent: {}
[102.666221] (-) TimerEvent: {}
[102.767974] (-) TimerEvent: {}
[102.870196] (-) TimerEvent: {}
[102.971926] (-) TimerEvent: {}
[103.074376] (-) TimerEvent: {}
[103.178227] (-) TimerEvent: {}
[103.280334] (-) TimerEvent: {}
[103.381912] (-) TimerEvent: {}
[103.483149] (-) TimerEvent: {}
[103.584513] (-) TimerEvent: {}
[103.688018] (-) TimerEvent: {}
[103.789909] (-) TimerEvent: {}
[103.891002] (-) TimerEvent: {}
[103.992685] (-) TimerEvent: {}
[104.094086] (-) TimerEvent: {}
[104.196708] (-) TimerEvent: {}
[104.298447] (-) TimerEvent: {}
[104.400406] (-) TimerEvent: {}
[104.502984] (-) TimerEvent: {}
[104.604653] (-) TimerEvent: {}
[104.706355] (-) TimerEvent: {}
[104.808222] (-) TimerEvent: {}
[104.909571] (-) TimerEvent: {}
[105.010794] (-) TimerEvent: {}
[105.112247] (-) TimerEvent: {}
[105.214025] (-) TimerEvent: {}
[105.316003] (-) TimerEvent: {}
[105.417807] (-) TimerEvent: {}
[105.519462] (-) TimerEvent: {}
[105.621007] (-) TimerEvent: {}
[105.722554] (-) TimerEvent: {}
[105.824575] (-) TimerEvent: {}
[105.926217] (-) TimerEvent: {}
[106.027954] (-) TimerEvent: {}
[106.129765] (-) TimerEvent: {}
[106.233373] (-) TimerEvent: {}
[106.335976] (-) TimerEvent: {}
[106.437623] (-) TimerEvent: {}
[106.539029] (-) TimerEvent: {}
[106.640299] (-) TimerEvent: {}
[106.741909] (-) TimerEvent: {}
[106.843607] (-) TimerEvent: {}
[106.945144] (-) TimerEvent: {}
[107.046882] (-) TimerEvent: {}
[107.148061] (-) TimerEvent: {}
[107.249543] (-) TimerEvent: {}
[107.351304] (-) TimerEvent: {}
[107.452946] (-) TimerEvent: {}
[107.554453] (-) TimerEvent: {}
[107.656029] (-) TimerEvent: {}
[108.405722] (-) TimerEvent: {}
[108.507340] (-) TimerEvent: {}
[108.609113] (-) TimerEvent: {}
[108.710670] (-) TimerEvent: {}
[108.812631] (-) TimerEvent: {}
[108.914179] (-) TimerEvent: {}
[109.016033] (-) TimerEvent: {}
[109.141028] (-) TimerEvent: {}
[109.286569] (-) TimerEvent: {}
[109.396943] (-) TimerEvent: {}
[109.498400] (-) TimerEvent: {}
[109.600076] (-) TimerEvent: {}
[109.701668] (-) TimerEvent: {}
[109.803260] (-) TimerEvent: {}
[109.904827] (-) TimerEvent: {}
[110.006314] (-) TimerEvent: {}
[110.107809] (-) TimerEvent: {}
[110.209309] (-) TimerEvent: {}
[110.310898] (-) TimerEvent: {}
[110.412662] (-) TimerEvent: {}
[110.514531] (-) TimerEvent: {}
[110.617455] (-) TimerEvent: {}
[110.720088] (-) TimerEvent: {}
[110.821409] (-) TimerEvent: {}
[110.922927] (-) TimerEvent: {}
[111.024402] (-) TimerEvent: {}
[111.126164] (-) TimerEvent: {}
[111.227646] (-) TimerEvent: {}
[111.329193] (-) TimerEvent: {}
[111.431978] (-) TimerEvent: {}
[111.533913] (-) TimerEvent: {}
[111.636861] (-) TimerEvent: {}
[111.738870] (-) TimerEvent: {}
[111.840926] (-) TimerEvent: {}
[111.942551] (-) TimerEvent: {}
[112.044395] (-) TimerEvent: {}
[112.146097] (-) TimerEvent: {}
[112.247614] (-) TimerEvent: {}
[112.349256] (-) TimerEvent: {}
[112.451070] (-) TimerEvent: {}
[112.552779] (-) TimerEvent: {}
[112.654302] (-) TimerEvent: {}
[112.758396] (-) TimerEvent: {}
[112.863913] (-) TimerEvent: {}
[112.965334] (-) TimerEvent: {}
[113.067775] (-) TimerEvent: {}
[113.168911] (-) TimerEvent: {}
[113.270159] (-) TimerEvent: {}
[113.371500] (-) TimerEvent: {}
[113.473103] (-) TimerEvent: {}
[113.574410] (-) TimerEvent: {}
[113.676042] (-) TimerEvent: {}
[113.777569] (-) TimerEvent: {}
[113.879211] (-) TimerEvent: {}
[113.981194] (-) TimerEvent: {}
[114.082663] (-) TimerEvent: {}
[114.184269] (-) TimerEvent: {}
[114.286001] (-) TimerEvent: {}
[114.387600] (-) TimerEvent: {}
[114.489282] (-) TimerEvent: {}
[114.590867] (-) TimerEvent: {}
[114.692511] (-) TimerEvent: {}
[114.794048] (-) TimerEvent: {}
[114.895640] (-) TimerEvent: {}
[114.997053] (-) TimerEvent: {}
[115.098962] (-) TimerEvent: {}
[115.200465] (-) TimerEvent: {}
[115.316366] (-) TimerEvent: {}
[115.418310] (-) TimerEvent: {}
[115.520595] (-) TimerEvent: {}
[115.622763] (-) TimerEvent: {}
[115.725273] (-) TimerEvent: {}
[115.833214] (-) TimerEvent: {}
[115.934741] (-) TimerEvent: {}
[116.036693] (-) TimerEvent: {}
[116.138082] (-) TimerEvent: {}
[116.239320] (-) TimerEvent: {}
[116.340933] (-) TimerEvent: {}
[116.442317] (-) TimerEvent: {}
[116.543945] (-) TimerEvent: {}
[116.646366] (-) TimerEvent: {}
[116.750174] (-) TimerEvent: {}
[116.852458] (-) TimerEvent: {}
[116.954002] (-) TimerEvent: {}
[117.055582] (-) TimerEvent: {}
[117.157203] (-) TimerEvent: {}
[117.499631] (-) TimerEvent: {}
[117.601247] (-) TimerEvent: {}
[117.703195] (-) TimerEvent: {}
[117.805088] (-) TimerEvent: {}
[117.906756] (-) TimerEvent: {}
[118.008307] (-) TimerEvent: {}
[118.110765] (-) TimerEvent: {}
[118.212286] (-) TimerEvent: {}
[118.313709] (-) TimerEvent: {}
[118.415892] (-) TimerEvent: {}
[118.517768] (-) TimerEvent: {}
[118.619316] (-) TimerEvent: {}
[118.720890] (-) TimerEvent: {}
[118.822590] (-) TimerEvent: {}
[118.924677] (-) TimerEvent: {}
[119.026466] (-) TimerEvent: {}
[119.128176] (-) TimerEvent: {}
[119.229766] (-) TimerEvent: {}
[119.331465] (-) TimerEvent: {}
[119.433131] (-) TimerEvent: {}
[119.534583] (-) TimerEvent: {}
[119.636177] (-) TimerEvent: {}
[119.737627] (-) TimerEvent: {}
[119.839152] (-) TimerEvent: {}
[119.940793] (-) TimerEvent: {}
[120.042366] (-) TimerEvent: {}
[120.144005] (-) TimerEvent: {}
[120.245469] (-) TimerEvent: {}
[120.348783] (-) TimerEvent: {}
[120.451877] (-) TimerEvent: {}
[120.562295] (-) TimerEvent: {}
[120.670290] (-) TimerEvent: {}
[120.771911] (-) TimerEvent: {}
[120.873554] (-) TimerEvent: {}
[120.974860] (-) TimerEvent: {}
[121.076880] (-) TimerEvent: {}
[121.178319] (-) TimerEvent: {}
[121.280240] (-) TimerEvent: {}
[121.381654] (-) TimerEvent: {}
[121.483362] (-) TimerEvent: {}
[121.584949] (-) TimerEvent: {}
[121.686511] (-) TimerEvent: {}
[121.788156] (-) TimerEvent: {}
[121.890199] (-) TimerEvent: {}
[121.993476] (-) TimerEvent: {}
[122.095525] (-) TimerEvent: {}
[122.197389] (-) TimerEvent: {}
[122.298949] (-) TimerEvent: {}
[122.400535] (-) TimerEvent: {}
[122.502457] (-) TimerEvent: {}
[122.604082] (-) TimerEvent: {}
[122.705637] (-) TimerEvent: {}
[122.807207] (-) TimerEvent: {}
[122.908912] (-) TimerEvent: {}
[123.010721] (-) TimerEvent: {}
[123.112421] (-) TimerEvent: {}
[123.213916] (-) TimerEvent: {}
[123.315494] (-) TimerEvent: {}
[123.417026] (-) TimerEvent: {}
[123.518616] (-) TimerEvent: {}
[123.620624] (-) TimerEvent: {}
[123.721886] (-) TimerEvent: {}
[123.823349] (-) TimerEvent: {}
[123.924921] (-) TimerEvent: {}
[124.026549] (-) TimerEvent: {}
[124.128151] (-) TimerEvent: {}
[124.229549] (-) TimerEvent: {}
[124.331056] (-) TimerEvent: {}
[124.432537] (-) TimerEvent: {}
[124.534098] (-) TimerEvent: {}
[124.635682] (-) TimerEvent: {}
[124.737197] (-) TimerEvent: {}
[124.838873] (-) TimerEvent: {}
[124.940479] (-) TimerEvent: {}
[125.041931] (-) TimerEvent: {}
[125.143249] (-) TimerEvent: {}
[125.244994] (-) TimerEvent: {}
[125.346778] (-) TimerEvent: {}
[125.448683] (-) TimerEvent: {}
[125.550283] (-) TimerEvent: {}
[125.652373] (-) TimerEvent: {}
[125.753927] (-) TimerEvent: {}
[125.856064] (-) TimerEvent: {}
[125.958818] (-) TimerEvent: {}
[126.060813] (-) TimerEvent: {}
[126.162666] (-) TimerEvent: {}
[126.264357] (-) TimerEvent: {}
[126.365944] (-) TimerEvent: {}
[126.467500] (-) TimerEvent: {}
[126.569020] (-) TimerEvent: {}
[126.670534] (-) TimerEvent: {}
[126.771867] (-) TimerEvent: {}
[126.878784] (-) TimerEvent: {}
[126.980640] (-) TimerEvent: {}
[127.083906] (-) TimerEvent: {}
[127.186362] (-) TimerEvent: {}
[127.288264] (-) TimerEvent: {}
[127.390977] (-) TimerEvent: {}
[127.492705] (-) TimerEvent: {}
[127.594591] (-) TimerEvent: {}
[127.696249] (-) TimerEvent: {}
[127.797734] (-) TimerEvent: {}
[127.899659] (-) TimerEvent: {}
[128.001626] (-) TimerEvent: {}
[128.103777] (-) TimerEvent: {}
[128.205324] (-) TimerEvent: {}
[128.306895] (-) TimerEvent: {}
[128.408709] (-) TimerEvent: {}
[128.511175] (-) TimerEvent: {}
[128.612727] (-) TimerEvent: {}
[128.714224] (-) TimerEvent: {}
[128.816414] (-) TimerEvent: {}
[128.918010] (-) TimerEvent: {}
[129.019453] (-) TimerEvent: {}
[129.121210] (-) TimerEvent: {}
[129.223710] (-) TimerEvent: {}
[129.325287] (-) TimerEvent: {}
[129.427674] (-) TimerEvent: {}
[129.529351] (-) TimerEvent: {}
[129.631855] (-) TimerEvent: {}
[129.734135] (-) TimerEvent: {}
[129.835575] (-) TimerEvent: {}
[129.936878] (-) TimerEvent: {}
[130.038299] (-) TimerEvent: {}
[130.139550] (-) TimerEvent: {}
[130.241022] (-) TimerEvent: {}
[130.342846] (-) TimerEvent: {}
[130.445346] (-) TimerEvent: {}
[130.546757] (-) TimerEvent: {}
[130.648612] (-) TimerEvent: {}
[130.750399] (-) TimerEvent: {}
[130.851998] (-) TimerEvent: {}
[130.953648] (-) TimerEvent: {}
[131.055517] (-) TimerEvent: {}
[131.157123] (-) TimerEvent: {}
[131.258663] (-) TimerEvent: {}
[131.360380] (-) TimerEvent: {}
[131.461924] (-) TimerEvent: {}
[131.563292] (-) TimerEvent: {}
[131.664887] (-) TimerEvent: {}
[131.766329] (-) TimerEvent: {}
[131.867974] (-) TimerEvent: {}
[131.969522] (-) TimerEvent: {}
[132.071211] (-) TimerEvent: {}
[132.173981] (-) TimerEvent: {}
[132.275709] (-) TimerEvent: {}
[132.377721] (-) TimerEvent: {}
[132.479146] (-) TimerEvent: {}
[132.580742] (-) TimerEvent: {}
[132.682271] (-) TimerEvent: {}
[132.783880] (-) TimerEvent: {}
[132.885437] (-) TimerEvent: {}
[132.986951] (-) TimerEvent: {}
[133.088403] (-) TimerEvent: {}
[133.190262] (-) TimerEvent: {}
[133.292015] (-) TimerEvent: {}
[133.393395] (-) TimerEvent: {}
[133.494958] (-) TimerEvent: {}
[133.664659] (-) TimerEvent: {}
[133.766149] (-) TimerEvent: {}
[133.867642] (-) TimerEvent: {}
[133.969410] (-) TimerEvent: {}
[134.071636] (-) TimerEvent: {}
[134.173148] (-) TimerEvent: {}
[134.274729] (-) TimerEvent: {}
[134.376497] (-) TimerEvent: {}
[134.478017] (-) TimerEvent: {}
[134.579529] (-) TimerEvent: {}
[134.681301] (-) TimerEvent: {}
[134.782781] (-) TimerEvent: {}
[134.884504] (-) TimerEvent: {}
[134.986088] (-) TimerEvent: {}
[135.087669] (-) TimerEvent: {}
[135.189353] (-) TimerEvent: {}
[135.290901] (-) TimerEvent: {}
[135.392553] (-) TimerEvent: {}
[135.493985] (-) TimerEvent: {}
[135.595794] (-) TimerEvent: {}
[135.697377] (-) TimerEvent: {}
[135.798908] (-) TimerEvent: {}
[135.900491] (-) TimerEvent: {}
[136.002178] (-) TimerEvent: {}
[136.103757] (-) TimerEvent: {}
[136.205345] (-) TimerEvent: {}
[136.307097] (-) TimerEvent: {}
[136.408954] (-) TimerEvent: {}
[136.510503] (-) TimerEvent: {}
[136.612190] (-) TimerEvent: {}
[136.713974] (-) TimerEvent: {}
[136.815797] (-) TimerEvent: {}
[136.917486] (-) TimerEvent: {}
[137.019011] (-) TimerEvent: {}
[137.120452] (-) TimerEvent: {}
[137.222003] (-) TimerEvent: {}
[137.323517] (-) TimerEvent: {}
[137.424906] (-) TimerEvent: {}
[137.526476] (-) TimerEvent: {}
[137.628148] (-) TimerEvent: {}
[137.730505] (-) TimerEvent: {}
[137.831776] (-) TimerEvent: {}
[137.933248] (-) TimerEvent: {}
[138.034746] (-) TimerEvent: {}
[138.136472] (-) TimerEvent: {}
[138.237940] (-) TimerEvent: {}
[138.340044] (-) TimerEvent: {}
[138.441608] (-) TimerEvent: {}
[138.543185] (-) TimerEvent: {}
[138.644929] (-) TimerEvent: {}
[138.746638] (-) TimerEvent: {}
[138.848238] (-) TimerEvent: {}
[138.949849] (-) TimerEvent: {}
[139.051516] (-) TimerEvent: {}
[139.153005] (-) TimerEvent: {}
[139.254448] (-) TimerEvent: {}
[139.376434] (-) TimerEvent: {}
[139.511691] (-) TimerEvent: {}
[139.627201] (-) TimerEvent: {}
[139.728781] (-) TimerEvent: {}
[139.830299] (-) TimerEvent: {}
[139.931824] (-) TimerEvent: {}
[140.033302] (-) TimerEvent: {}
[140.134617] (-) TimerEvent: {}
[140.236289] (-) TimerEvent: {}
[140.338940] (-) TimerEvent: {}
[140.440629] (-) TimerEvent: {}
[140.542040] (-) TimerEvent: {}
[140.643501] (-) TimerEvent: {}
[140.745006] (-) TimerEvent: {}
[140.846479] (-) TimerEvent: {}
[140.947722] (-) TimerEvent: {}
[141.049217] (-) TimerEvent: {}
[141.150965] (-) TimerEvent: {}
[141.253263] (-) TimerEvent: {}
[141.355685] (-) TimerEvent: {}
[141.457969] (-) TimerEvent: {}
[141.559593] (-) TimerEvent: {}
[141.662789] (-) TimerEvent: {}
[141.764416] (-) TimerEvent: {}
[141.865927] (-) TimerEvent: {}
[141.967386] (-) TimerEvent: {}
[142.068914] (-) TimerEvent: {}
[142.170378] (-) TimerEvent: {}
[142.271975] (-) TimerEvent: {}
[142.373645] (-) TimerEvent: {}
[142.475210] (-) TimerEvent: {}
[142.576654] (-) TimerEvent: {}
[142.975284] (-) TimerEvent: {}
[143.076925] (-) TimerEvent: {}
[143.178426] (-) TimerEvent: {}
[143.280084] (-) TimerEvent: {}
[143.381617] (-) TimerEvent: {}
[143.483108] (-) TimerEvent: {}
[143.584682] (-) TimerEvent: {}
[143.686286] (-) TimerEvent: {}
[143.787916] (-) TimerEvent: {}
[143.889733] (-) TimerEvent: {}
[143.991906] (-) TimerEvent: {}
[144.094243] (-) TimerEvent: {}
[144.196581] (-) TimerEvent: {}
[144.298127] (-) TimerEvent: {}
[144.399650] (-) TimerEvent: {}
[144.501209] (-) TimerEvent: {}
[144.602976] (-) TimerEvent: {}
[144.705744] (-) TimerEvent: {}
[144.808627] (-) TimerEvent: {}
[144.910440] (-) TimerEvent: {}
[145.012502] (-) TimerEvent: {}
[145.113979] (-) TimerEvent: {}
[145.215580] (-) TimerEvent: {}
[145.317912] (-) TimerEvent: {}
[145.420428] (-) TimerEvent: {}
[145.521986] (-) TimerEvent: {}
[145.623362] (-) TimerEvent: {}
[145.724937] (-) TimerEvent: {}
[145.826425] (-) TimerEvent: {}
[145.928112] (-) TimerEvent: {}
[146.029730] (-) TimerEvent: {}
[146.131155] (-) TimerEvent: {}
[146.232667] (-) TimerEvent: {}
[146.335157] (-) TimerEvent: {}
[146.436546] (-) TimerEvent: {}
[146.538155] (-) TimerEvent: {}
[146.639744] (-) TimerEvent: {}
[146.741456] (-) TimerEvent: {}
[146.842742] (-) TimerEvent: {}
[146.944328] (-) TimerEvent: {}
[147.045980] (-) TimerEvent: {}
[147.147586] (-) TimerEvent: {}
[147.248958] (-) TimerEvent: {}
[147.350401] (-) TimerEvent: {}
[147.452086] (-) TimerEvent: {}
[147.553682] (-) TimerEvent: {}
[147.655319] (-) TimerEvent: {}
[147.757378] (-) TimerEvent: {}
[147.858969] (-) TimerEvent: {}
[147.960737] (-) TimerEvent: {}
[148.062332] (-) TimerEvent: {}
[148.164164] (-) TimerEvent: {}
[148.266048] (-) TimerEvent: {}
[148.367895] (-) TimerEvent: {}
[148.469385] (-) TimerEvent: {}
[148.570942] (-) TimerEvent: {}
[148.672619] (-) TimerEvent: {}
[148.774163] (-) TimerEvent: {}
[148.875394] (-) TimerEvent: {}
[148.977195] (-) TimerEvent: {}
[149.078716] (-) TimerEvent: {}
[149.180461] (-) TimerEvent: {}
[149.282032] (-) TimerEvent: {}
[149.383483] (-) TimerEvent: {}
[149.484905] (-) TimerEvent: {}
[149.586385] (-) TimerEvent: {}
[149.687994] (-) TimerEvent: {}
[149.789644] (-) TimerEvent: {}
[149.891137] (-) TimerEvent: {}
[149.992938] (-) TimerEvent: {}
[150.094399] (-) TimerEvent: {}
[150.195951] (-) TimerEvent: {}
[150.297500] (-) TimerEvent: {}
[150.398804] (-) TimerEvent: {}
[150.500378] (-) TimerEvent: {}
[150.601876] (-) TimerEvent: {}
[150.703516] (-) TimerEvent: {}
[150.805113] (-) TimerEvent: {}
[150.906658] (-) TimerEvent: {}
[151.008320] (-) TimerEvent: {}
[151.109769] (-) TimerEvent: {}
[151.211232] (-) TimerEvent: {}
[151.312946] (-) TimerEvent: {}
[151.414618] (-) TimerEvent: {}
[151.516171] (-) TimerEvent: {}
[151.617527] (-) TimerEvent: {}
[151.719063] (-) TimerEvent: {}
[151.820603] (-) TimerEvent: {}
[151.922369] (-) TimerEvent: {}
[152.024708] (-) TimerEvent: {}
[152.126385] (-) TimerEvent: {}
[152.227946] (-) TimerEvent: {}
[152.329436] (-) TimerEvent: {}
[152.431506] (-) TimerEvent: {}
[152.533064] (-) TimerEvent: {}
[152.634348] (-) TimerEvent: {}
[152.736017] (-) TimerEvent: {}
[152.842624] (-) TimerEvent: {}
[152.944731] (-) TimerEvent: {}
[153.046306] (-) TimerEvent: {}
[153.147943] (-) TimerEvent: {}
[153.249448] (-) TimerEvent: {}
[153.351106] (-) TimerEvent: {}
[153.452634] (-) TimerEvent: {}
[153.553910] (-) TimerEvent: {}
[153.655641] (-) TimerEvent: {}
[153.757890] (-) TimerEvent: {}
[153.859521] (-) TimerEvent: {}
[153.961413] (-) TimerEvent: {}
[154.063256] (-) TimerEvent: {}
[154.165066] (-) TimerEvent: {}
[154.266743] (-) TimerEvent: {}
[154.368500] (-) TimerEvent: {}
[154.470194] (-) TimerEvent: {}
[154.572008] (-) TimerEvent: {}
[154.673756] (-) TimerEvent: {}
[154.775280] (-) TimerEvent: {}
[154.876862] (-) TimerEvent: {}
[154.978451] (-) TimerEvent: {}
[155.080296] (-) TimerEvent: {}
[155.181576] (-) TimerEvent: {}
[155.283127] (-) TimerEvent: {}
[155.384989] (-) TimerEvent: {}
[155.486692] (-) TimerEvent: {}
[155.588578] (-) TimerEvent: {}
[155.689997] (-) TimerEvent: {}
[155.791461] (-) TimerEvent: {}
[155.893427] (-) TimerEvent: {}
[155.995015] (-) TimerEvent: {}
[156.096957] (-) TimerEvent: {}
[156.198610] (-) TimerEvent: {}
[156.300188] (-) TimerEvent: {}
[156.401609] (-) TimerEvent: {}
[156.503138] (-) TimerEvent: {}
[156.604852] (-) TimerEvent: {}
[156.706472] (-) TimerEvent: {}
[156.808352] (-) TimerEvent: {}
[156.910022] (-) TimerEvent: {}
[157.011475] (-) TimerEvent: {}
[157.112987] (-) TimerEvent: {}
[157.215321] (-) TimerEvent: {}
[157.316936] (-) TimerEvent: {}
[157.419008] (-) TimerEvent: {}
[157.521355] (-) TimerEvent: {}
[157.622864] (-) TimerEvent: {}
[157.724524] (-) TimerEvent: {}
[157.826032] (-) TimerEvent: {}
[157.928483] (-) TimerEvent: {}
[158.029912] (-) TimerEvent: {}
[158.131337] (-) TimerEvent: {}
[158.233256] (-) TimerEvent: {}
[158.334811] (-) TimerEvent: {}
[158.436857] (-) TimerEvent: {}
[158.538323] (-) TimerEvent: {}
[158.640395] (-) TimerEvent: {}
[158.742188] (-) TimerEvent: {}
[158.843760] (-) TimerEvent: {}
[158.945411] (-) TimerEvent: {}
[159.047037] (-) TimerEvent: {}
[159.148927] (-) TimerEvent: {}
[159.250571] (-) TimerEvent: {}
[159.352417] (-) TimerEvent: {}
[159.453970] (-) TimerEvent: {}
[159.555580] (-) TimerEvent: {}
[159.657297] (-) TimerEvent: {}
[159.758879] (-) TimerEvent: {}
[159.860172] (-) TimerEvent: {}
[159.961620] (-) TimerEvent: {}
[160.063197] (-) TimerEvent: {}
[160.164796] (-) TimerEvent: {}
[160.266402] (-) TimerEvent: {}
[160.368081] (-) TimerEvent: {}
[160.469633] (-) TimerEvent: {}
[160.571724] (-) TimerEvent: {}
[160.673659] (-) TimerEvent: {}
[160.775478] (-) TimerEvent: {}
[160.877035] (-) TimerEvent: {}
[160.978606] (-) TimerEvent: {}
[161.080371] (-) TimerEvent: {}
[161.181846] (-) TimerEvent: {}
[161.283342] (-) TimerEvent: {}
[161.384950] (-) TimerEvent: {}
[161.486262] (-) TimerEvent: {}
[161.588129] (-) TimerEvent: {}
[161.690267] (-) TimerEvent: {}
[161.792756] (-) TimerEvent: {}
[161.894339] (-) TimerEvent: {}
[161.996059] (-) TimerEvent: {}
[162.097397] (-) TimerEvent: {}
[162.198937] (-) TimerEvent: {}
[162.300608] (-) TimerEvent: {}
[162.402114] (-) TimerEvent: {}
[162.503891] (-) TimerEvent: {}
[162.606077] (-) TimerEvent: {}
[162.707777] (-) TimerEvent: {}
[162.809282] (-) TimerEvent: {}
[162.911081] (-) TimerEvent: {}
[163.012562] (-) TimerEvent: {}
[163.114283] (-) TimerEvent: {}
[163.215818] (-) TimerEvent: {}
[163.317187] (-) TimerEvent: {}
[163.418863] (-) TimerEvent: {}
[163.520715] (-) TimerEvent: {}
[163.622634] (-) TimerEvent: {}
[163.724639] (-) TimerEvent: {}
[163.826405] (-) TimerEvent: {}
[163.928167] (-) TimerEvent: {}
[164.029858] (-) TimerEvent: {}
[164.131599] (-) TimerEvent: {}
[164.233525] (-) TimerEvent: {}
[164.335263] (-) TimerEvent: {}
[164.436974] (-) TimerEvent: {}
[164.538591] (-) TimerEvent: {}
[164.639935] (-) TimerEvent: {}
[164.741606] (-) TimerEvent: {}
[164.843210] (-) TimerEvent: {}
[164.945085] (-) TimerEvent: {}
[165.046810] (-) TimerEvent: {}
[165.148406] (-) TimerEvent: {}
[165.250214] (-) TimerEvent: {}
[165.352697] (-) TimerEvent: {}
[165.454195] (-) TimerEvent: {}
[165.555839] (-) TimerEvent: {}
[165.657545] (-) TimerEvent: {}
[165.759192] (-) TimerEvent: {}
[165.860893] (-) TimerEvent: {}
[165.962603] (-) TimerEvent: {}
[166.064395] (-) TimerEvent: {}
[166.165953] (-) TimerEvent: {}
[166.267710] (-) TimerEvent: {}
[166.369184] (-) TimerEvent: {}
[166.470705] (-) TimerEvent: {}
[166.572226] (-) TimerEvent: {}
[166.673674] (-) TimerEvent: {}
[166.775353] (-) TimerEvent: {}
[166.877098] (-) TimerEvent: {}
[166.978606] (-) TimerEvent: {}
[167.080241] (-) TimerEvent: {}
[167.181724] (-) TimerEvent: {}
[167.283272] (-) TimerEvent: {}
[167.384852] (-) TimerEvent: {}
[167.487155] (-) TimerEvent: {}
[167.589733] (-) TimerEvent: {}
[167.691278] (-) TimerEvent: {}
[167.792985] (-) TimerEvent: {}
[167.895601] (-) TimerEvent: {}
[167.997341] (-) TimerEvent: {}
[168.099646] (-) TimerEvent: {}
[168.201191] (-) TimerEvent: {}
[168.302794] (-) TimerEvent: {}
[168.404365] (-) TimerEvent: {}
[168.506104] (-) TimerEvent: {}
[168.608856] (-) TimerEvent: {}
[168.711631] (-) TimerEvent: {}
[168.813271] (-) TimerEvent: {}
[168.915015] (-) TimerEvent: {}
[169.016554] (-) TimerEvent: {}
[169.118137] (-) TimerEvent: {}
[169.219648] (-) TimerEvent: {}
[169.321391] (-) TimerEvent: {}
[169.422998] (-) TimerEvent: {}
[169.524723] (-) TimerEvent: {}
[169.636296] (-) TimerEvent: {}
[169.763324] (-) TimerEvent: {}
[169.864845] (-) TimerEvent: {}
[169.966502] (-) TimerEvent: {}
[170.068053] (-) TimerEvent: {}
[170.169515] (-) TimerEvent: {}
[170.271145] (-) TimerEvent: {}
[170.372727] (-) TimerEvent: {}
[170.474344] (-) TimerEvent: {}
[170.576518] (-) TimerEvent: {}
[170.678074] (-) TimerEvent: {}
[170.779595] (-) TimerEvent: {}
[170.881092] (-) TimerEvent: {}
[170.982541] (-) TimerEvent: {}
[171.084384] (-) TimerEvent: {}
[171.186045] (-) TimerEvent: {}
[171.287778] (-) TimerEvent: {}
[171.389616] (-) TimerEvent: {}
[171.491296] (-) TimerEvent: {}
[171.592874] (-) TimerEvent: {}
[171.694765] (-) TimerEvent: {}
[171.796329] (-) TimerEvent: {}
[171.897839] (-) TimerEvent: {}
[171.999375] (-) TimerEvent: {}
[172.101038] (-) TimerEvent: {}
[172.202716] (-) TimerEvent: {}
[172.304470] (-) TimerEvent: {}
[172.406360] (-) TimerEvent: {}
[172.507705] (-) TimerEvent: {}
[172.609015] (-) TimerEvent: {}
[172.710960] (-) TimerEvent: {}
[172.813725] (-) TimerEvent: {}
[172.915456] (-) TimerEvent: {}
[173.016968] (-) TimerEvent: {}
[173.118599] (-) TimerEvent: {}
[173.220301] (-) TimerEvent: {}
[173.321959] (-) TimerEvent: {}
[173.423661] (-) TimerEvent: {}
[173.525364] (-) TimerEvent: {}
[173.627179] (-) TimerEvent: {}
[173.728833] (-) TimerEvent: {}
[173.831227] (-) TimerEvent: {}
[173.933868] (-) TimerEvent: {}
[174.035208] (-) TimerEvent: {}
[174.137009] (-) TimerEvent: {}
[174.238838] (-) TimerEvent: {}
[174.340654] (-) TimerEvent: {}
[174.442472] (-) TimerEvent: {}
[174.544416] (-) TimerEvent: {}
[174.646285] (-) TimerEvent: {}
[174.748077] (-) TimerEvent: {}
[174.850017] (-) TimerEvent: {}
[174.951886] (-) TimerEvent: {}
[175.053618] (-) TimerEvent: {}
[175.155131] (-) TimerEvent: {}
[175.256807] (-) TimerEvent: {}
[175.358496] (-) TimerEvent: {}
[175.460351] (-) TimerEvent: {}
[175.561979] (-) TimerEvent: {}
[175.663397] (-) TimerEvent: {}
[175.765193] (-) TimerEvent: {}
[175.866781] (-) TimerEvent: {}
[175.968399] (-) TimerEvent: {}
[176.070049] (-) TimerEvent: {}
[176.172073] (-) TimerEvent: {}
[176.273674] (-) TimerEvent: {}
[176.376050] (-) TimerEvent: {}
[176.477572] (-) TimerEvent: {}
[176.579327] (-) TimerEvent: {}
[176.681008] (-) TimerEvent: {}
[176.782793] (-) TimerEvent: {}
[176.884813] (-) TimerEvent: {}
[176.986232] (-) TimerEvent: {}
[177.087839] (-) TimerEvent: {}
[177.189041] (-) TimerEvent: {}
[177.291542] (-) TimerEvent: {}
[177.393073] (-) TimerEvent: {}
[177.494244] (-) TimerEvent: {}
[177.595964] (-) TimerEvent: {}
[177.698218] (-) TimerEvent: {}
[177.799770] (-) TimerEvent: {}
[177.901388] (-) TimerEvent: {}
[178.003137] (-) TimerEvent: {}
[178.105304] (-) TimerEvent: {}
[178.206846] (-) TimerEvent: {}
[178.308570] (-) TimerEvent: {}
[179.175675] (-) TimerEvent: {}
[179.277245] (-) TimerEvent: {}
[179.378999] (-) TimerEvent: {}
[179.481316] (-) TimerEvent: {}
[179.582884] (-) TimerEvent: {}
[179.687760] (-) TimerEvent: {}
[179.789290] (-) TimerEvent: {}
[179.890747] (-) TimerEvent: {}
[179.992284] (-) TimerEvent: {}
[180.093695] (-) TimerEvent: {}
[180.195651] (-) TimerEvent: {}
[180.297298] (-) TimerEvent: {}
[180.399402] (-) TimerEvent: {}
[180.501667] (-) TimerEvent: {}
[180.603221] (-) TimerEvent: {}
[180.705123] (-) TimerEvent: {}
[180.806934] (-) TimerEvent: {}
[180.909238] (-) TimerEvent: {}
[181.010730] (-) TimerEvent: {}
[181.112340] (-) TimerEvent: {}
[181.213938] (-) TimerEvent: {}
[181.315366] (-) TimerEvent: {}
[181.416762] (-) TimerEvent: {}
[181.518490] (-) TimerEvent: {}
[181.620309] (-) TimerEvent: {}
[181.721803] (-) TimerEvent: {}
[181.823395] (-) TimerEvent: {}
[181.924774] (-) TimerEvent: {}
[182.026215] (-) TimerEvent: {}
[182.128411] (-) TimerEvent: {}
[182.229813] (-) TimerEvent: {}
[182.331364] (-) TimerEvent: {}
[182.432998] (-) TimerEvent: {}
[182.534499] (-) TimerEvent: {}
[182.636105] (-) TimerEvent: {}
[182.737753] (-) TimerEvent: {}
[182.839273] (-) TimerEvent: {}
[182.940884] (-) TimerEvent: {}
[183.042576] (-) TimerEvent: {}
[183.144319] (-) TimerEvent: {}
[183.245962] (-) TimerEvent: {}
[183.347694] (-) TimerEvent: {}
[183.449178] (-) TimerEvent: {}
[183.550781] (-) TimerEvent: {}
[183.652743] (-) TimerEvent: {}
[183.754135] (-) TimerEvent: {}
[183.855627] (-) TimerEvent: {}
[183.957245] (-) TimerEvent: {}
[184.058944] (-) TimerEvent: {}
[184.160725] (-) TimerEvent: {}
[184.262628] (-) TimerEvent: {}
[184.364504] (-) TimerEvent: {}
[184.465901] (-) TimerEvent: {}
[184.567503] (-) TimerEvent: {}
[184.669289] (-) TimerEvent: {}
[184.771359] (-) TimerEvent: {}
[184.872969] (-) TimerEvent: {}
[184.974420] (-) TimerEvent: {}
[185.075694] (-) TimerEvent: {}
[185.177201] (-) TimerEvent: {}
[185.278769] (-) TimerEvent: {}
[185.380545] (-) TimerEvent: {}
[185.482064] (-) TimerEvent: {}
[185.583696] (-) TimerEvent: {}
[185.685231] (-) TimerEvent: {}
[185.786786] (-) TimerEvent: {}
[185.888527] (-) TimerEvent: {}
[185.990576] (-) TimerEvent: {}
[186.092183] (-) TimerEvent: {}
[186.193710] (-) TimerEvent: {}
[186.295519] (-) TimerEvent: {}
[186.397012] (-) TimerEvent: {}
[186.498619] (-) TimerEvent: {}
[186.600410] (-) TimerEvent: {}
[186.702175] (-) TimerEvent: {}
[186.803788] (-) TimerEvent: {}
[186.905604] (-) TimerEvent: {}
[187.007160] (-) TimerEvent: {}
[187.108744] (-) TimerEvent: {}
[187.210272] (-) TimerEvent: {}
[187.311728] (-) TimerEvent: {}
[187.414447] (-) TimerEvent: {}
[187.516143] (-) TimerEvent: {}
[187.617707] (-) TimerEvent: {}
[187.719229] (-) TimerEvent: {}
[187.820828] (-) TimerEvent: {}
[187.922339] (-) TimerEvent: {}
[188.024071] (-) TimerEvent: {}
[188.125668] (-) TimerEvent: {}
[188.227394] (-) TimerEvent: {}
[188.329679] (-) TimerEvent: {}
[188.431257] (-) TimerEvent: {}
[188.532876] (-) TimerEvent: {}
[188.634172] (-) TimerEvent: {}
[188.735703] (-) TimerEvent: {}
[188.837360] (-) TimerEvent: {}
[188.938871] (-) TimerEvent: {}
[189.040459] (-) TimerEvent: {}
[189.142047] (-) TimerEvent: {}
[189.243702] (-) TimerEvent: {}
[189.345357] (-) TimerEvent: {}
[189.446861] (-) TimerEvent: {}
[189.548634] (-) TimerEvent: {}
[189.650987] (-) TimerEvent: {}
[189.753681] (-) TimerEvent: {}
[189.856076] (-) TimerEvent: {}
[189.957589] (-) TimerEvent: {}
[190.059295] (-) TimerEvent: {}
[190.160777] (-) TimerEvent: {}
[190.262367] (-) TimerEvent: {}
[190.364068] (-) TimerEvent: {}
[190.465489] (-) TimerEvent: {}
[190.567369] (-) TimerEvent: {}
[190.670113] (-) TimerEvent: {}
[190.772040] (-) TimerEvent: {}
[190.873762] (-) TimerEvent: {}
[190.975370] (-) TimerEvent: {}
[191.076965] (-) TimerEvent: {}
[191.178288] (-) TimerEvent: {}
[191.280038] (-) TimerEvent: {}
[191.381657] (-) TimerEvent: {}
[191.483393] (-) TimerEvent: {}
[191.585107] (-) TimerEvent: {}
[191.686802] (-) TimerEvent: {}
[191.788145] (-) TimerEvent: {}
[191.889710] (-) TimerEvent: {}
[191.991216] (-) TimerEvent: {}
[192.092801] (-) TimerEvent: {}
[192.194341] (-) TimerEvent: {}
[192.295897] (-) TimerEvent: {}
[192.397509] (-) TimerEvent: {}
[192.499056] (-) TimerEvent: {}
[192.600684] (-) TimerEvent: {}
[192.702200] (-) TimerEvent: {}
[192.804006] (-) TimerEvent: {}
[192.905903] (-) TimerEvent: {}
[193.008283] (-) TimerEvent: {}
[193.110210] (-) TimerEvent: {}
[193.212773] (-) TimerEvent: {}
[193.314638] (-) TimerEvent: {}
[193.416884] (-) TimerEvent: {}
[193.518659] (-) TimerEvent: {}
[193.620234] (-) TimerEvent: {}
[193.721815] (-) TimerEvent: {}
[193.823387] (-) TimerEvent: {}
[193.925020] (-) TimerEvent: {}
[194.026569] (-) TimerEvent: {}
[194.128224] (-) TimerEvent: {}
[194.229801] (-) TimerEvent: {}
[194.331311] (-) TimerEvent: {}
[194.432816] (-) TimerEvent: {}
[194.534248] (-) TimerEvent: {}
[194.636047] (-) TimerEvent: {}
[194.737822] (-) TimerEvent: {}
[194.839360] (-) TimerEvent: {}
[194.940711] (-) TimerEvent: {}
[195.042241] (-) TimerEvent: {}
[195.144631] (-) TimerEvent: {}
[195.246195] (-) TimerEvent: {}
[195.347877] (-) TimerEvent: {}
[195.449448] (-) TimerEvent: {}
[195.550704] (-) TimerEvent: {}
[195.652483] (-) TimerEvent: {}
[195.754204] (-) TimerEvent: {}
[195.856537] (-) TimerEvent: {}
[195.958239] (-) TimerEvent: {}
[196.060768] (-) TimerEvent: {}
[196.162201] (-) TimerEvent: {}
[196.263736] (-) TimerEvent: {}
[196.365260] (-) TimerEvent: {}
[196.467079] (-) TimerEvent: {}
[196.570057] (-) TimerEvent: {}
[196.671590] (-) TimerEvent: {}
[196.773081] (-) TimerEvent: {}
[196.874594] (-) TimerEvent: {}
[196.976296] (-) TimerEvent: {}
[197.077837] (-) TimerEvent: {}
[197.179384] (-) TimerEvent: {}
[197.281034] (-) TimerEvent: {}
[197.382605] (-) TimerEvent: {}
[197.484645] (-) TimerEvent: {}
[197.586296] (-) TimerEvent: {}
[197.687853] (-) TimerEvent: {}
[197.789465] (-) TimerEvent: {}
[197.891009] (-) TimerEvent: {}
[197.992638] (-) TimerEvent: {}
[198.094185] (-) TimerEvent: {}
[198.196476] (-) TimerEvent: {}
[198.299041] (-) TimerEvent: {}
[198.400833] (-) TimerEvent: {}
[198.502402] (-) TimerEvent: {}
[198.604124] (-) TimerEvent: {}
[198.706624] (-) TimerEvent: {}
[198.808125] (-) TimerEvent: {}
[198.909784] (-) TimerEvent: {}
[199.011228] (-) TimerEvent: {}
[199.112849] (-) TimerEvent: {}
[199.214398] (-) TimerEvent: {}
[199.316043] (-) TimerEvent: {}
[199.417638] (-) TimerEvent: {}
[199.519273] (-) TimerEvent: {}
[199.621858] (-) TimerEvent: {}
[199.723056] (-) TimerEvent: {}
[199.860601] (-) TimerEvent: {}
[200.013284] (-) TimerEvent: {}
[200.152621] (-) TimerEvent: {}
[200.254211] (-) TimerEvent: {}
[200.355876] (-) TimerEvent: {}
[200.458024] (-) TimerEvent: {}
[200.560223] (-) TimerEvent: {}
[200.662512] (-) TimerEvent: {}
[200.764147] (-) TimerEvent: {}
[200.865652] (-) TimerEvent: {}
[200.967206] (-) TimerEvent: {}
[201.068930] (-) TimerEvent: {}
[201.171087] (-) TimerEvent: {}
[201.272810] (-) TimerEvent: {}
[201.374625] (-) TimerEvent: {}
[201.476473] (-) TimerEvent: {}
[201.578189] (-) TimerEvent: {}
[201.679860] (-) TimerEvent: {}
[201.781561] (-) TimerEvent: {}
[201.883117] (-) TimerEvent: {}
[201.984788] (-) TimerEvent: {}
[202.086523] (-) TimerEvent: {}
[202.188752] (-) TimerEvent: {}
[202.290240] (-) TimerEvent: {}
[202.391875] (-) TimerEvent: {}
[202.493429] (-) TimerEvent: {}
[202.595160] (-) TimerEvent: {}
[202.697451] (-) TimerEvent: {}
[202.799070] (-) TimerEvent: {}
[202.900595] (-) TimerEvent: {}
[203.002159] (-) TimerEvent: {}
[203.103814] (-) TimerEvent: {}
[203.205501] (-) TimerEvent: {}
[203.306920] (-) TimerEvent: {}
[203.408480] (-) TimerEvent: {}
[203.510021] (-) TimerEvent: {}
[203.611647] (-) TimerEvent: {}
[203.713132] (-) TimerEvent: {}
[203.814707] (-) TimerEvent: {}
[203.916347] (-) TimerEvent: {}
[204.017964] (-) TimerEvent: {}
[204.119679] (-) TimerEvent: {}
[204.221262] (-) TimerEvent: {}
[204.322756] (-) TimerEvent: {}
[204.424257] (-) TimerEvent: {}
[204.525789] (-) TimerEvent: {}
[204.627388] (-) TimerEvent: {}
[204.729849] (-) TimerEvent: {}
[204.831749] (-) TimerEvent: {}
[204.933593] (-) TimerEvent: {}
[205.035554] (-) TimerEvent: {}
[205.137000] (-) TimerEvent: {}
[205.238658] (-) TimerEvent: {}
[205.340197] (-) TimerEvent: {}
[205.441856] (-) TimerEvent: {}
[205.543525] (-) TimerEvent: {}
[205.645082] (-) TimerEvent: {}
[205.747064] (-) TimerEvent: {}
[205.849964] (-) TimerEvent: {}
[205.951233] (-) TimerEvent: {}
[206.053095] (-) TimerEvent: {}
[206.154870] (-) TimerEvent: {}
[206.256591] (-) TimerEvent: {}
[206.358477] (-) TimerEvent: {}
[206.460119] (-) TimerEvent: {}
[206.561660] (-) TimerEvent: {}
[206.663200] (-) TimerEvent: {}
[206.764878] (-) TimerEvent: {}
[206.866400] (-) TimerEvent: {}
[206.967932] (-) TimerEvent: {}
[207.069426] (-) TimerEvent: {}
[207.170713] (-) TimerEvent: {}
[207.272432] (-) TimerEvent: {}
[207.374040] (-) TimerEvent: {}
[207.475931] (-) TimerEvent: {}
[207.577517] (-) TimerEvent: {}
[207.678949] (-) TimerEvent: {}
[207.780531] (-) TimerEvent: {}
[207.882132] (-) TimerEvent: {}
[207.983736] (-) TimerEvent: {}
[208.085295] (-) TimerEvent: {}
[208.187050] (-) TimerEvent: {}
[208.288797] (-) TimerEvent: {}
[208.390390] (-) TimerEvent: {}
[208.492343] (-) TimerEvent: {}
[208.593743] (-) TimerEvent: {}
[208.695181] (-) TimerEvent: {}
[208.796724] (-) TimerEvent: {}
[208.898251] (-) TimerEvent: {}
[208.999874] (-) TimerEvent: {}
[209.101289] (-) TimerEvent: {}
[209.202891] (-) TimerEvent: {}
[209.304520] (-) TimerEvent: {}
[209.406039] (-) TimerEvent: {}
[209.507646] (-) TimerEvent: {}
[209.609184] (-) TimerEvent: {}
[209.710879] (-) TimerEvent: {}
[209.812723] (-) TimerEvent: {}
[209.914814] (-) TimerEvent: {}
[210.016722] (-) TimerEvent: {}
[210.118454] (-) TimerEvent: {}
[210.221705] (-) TimerEvent: {}
[210.323513] (-) TimerEvent: {}
[210.425258] (-) TimerEvent: {}
[210.527616] (-) TimerEvent: {}
[210.629365] (-) TimerEvent: {}
[210.730772] (-) TimerEvent: {}
[210.832358] (-) TimerEvent: {}
[210.934948] (-) TimerEvent: {}
[211.036445] (-) TimerEvent: {}
[211.138788] (-) TimerEvent: {}
[211.240381] (-) TimerEvent: {}
[211.341915] (-) TimerEvent: {}
[211.443770] (-) TimerEvent: {}
[211.545334] (-) TimerEvent: {}
[211.646998] (-) TimerEvent: {}
[211.748660] (-) TimerEvent: {}
[211.850668] (-) TimerEvent: {}
[211.952240] (-) TimerEvent: {}
[212.053950] (-) TimerEvent: {}
[212.155600] (-) TimerEvent: {}
[212.256772] (-) TimerEvent: {}
[212.358127] (-) TimerEvent: {}
[212.460229] (-) TimerEvent: {}
[212.561778] (-) TimerEvent: {}
[212.663333] (-) TimerEvent: {}
[212.765399] (-) TimerEvent: {}
[212.866852] (-) TimerEvent: {}
[212.968434] (-) TimerEvent: {}
[213.069944] (-) TimerEvent: {}
[213.171197] (-) TimerEvent: {}
[213.273334] (-) TimerEvent: {}
[213.374825] (-) TimerEvent: {}
[213.476379] (-) TimerEvent: {}
[213.577987] (-) TimerEvent: {}
[213.679566] (-) TimerEvent: {}
[213.781208] (-) TimerEvent: {}
[213.883120] (-) TimerEvent: {}
[213.985601] (-) TimerEvent: {}
[214.087063] (-) TimerEvent: {}
[214.188700] (-) TimerEvent: {}
[214.290285] (-) TimerEvent: {}
[214.391747] (-) TimerEvent: {}
[214.493321] (-) TimerEvent: {}
[214.596034] (-) TimerEvent: {}
[214.697544] (-) TimerEvent: {}
[214.799075] (-) TimerEvent: {}
[214.900838] (-) TimerEvent: {}
[215.003135] (-) TimerEvent: {}
[215.104711] (-) TimerEvent: {}
[215.206283] (-) TimerEvent: {}
[215.307836] (-) TimerEvent: {}
[215.409274] (-) TimerEvent: {}
[215.510800] (-) TimerEvent: {}
[215.612510] (-) TimerEvent: {}
[215.714076] (-) TimerEvent: {}
[215.815623] (-) TimerEvent: {}
[215.917168] (-) TimerEvent: {}
[216.018636] (-) TimerEvent: {}
[216.120245] (-) TimerEvent: {}
[216.221737] (-) TimerEvent: {}
[216.323345] (-) TimerEvent: {}
[216.424961] (-) TimerEvent: {}
[216.526550] (-) TimerEvent: {}
[216.628174] (-) TimerEvent: {}
[216.729787] (-) TimerEvent: {}
[216.831452] (-) TimerEvent: {}
[216.933226] (-) TimerEvent: {}
[217.035861] (-) TimerEvent: {}
[217.138169] (-) TimerEvent: {}
[217.240082] (-) TimerEvent: {}
[217.342020] (-) TimerEvent: {}
[217.444875] (-) TimerEvent: {}
[217.546501] (-) TimerEvent: {}
[217.647968] (-) TimerEvent: {}
[217.749622] (-) TimerEvent: {}
[217.851199] (-) TimerEvent: {}
[217.953009] (-) TimerEvent: {}
[218.054548] (-) TimerEvent: {}
[218.155997] (-) TimerEvent: {}
[218.257520] (-) TimerEvent: {}
[218.359055] (-) TimerEvent: {}
[218.460756] (-) TimerEvent: {}
[218.562263] (-) TimerEvent: {}
[218.664194] (-) TimerEvent: {}
[218.765736] (-) TimerEvent: {}
[218.867254] (-) TimerEvent: {}
[218.968801] (-) TimerEvent: {}
[219.070313] (-) TimerEvent: {}
[219.172817] (-) TimerEvent: {}
[219.274398] (-) TimerEvent: {}
[219.376023] (-) TimerEvent: {}
[219.477361] (-) TimerEvent: {}
[219.578926] (-) TimerEvent: {}
[219.680930] (-) TimerEvent: {}
[219.782563] (-) TimerEvent: {}
[219.884160] (-) TimerEvent: {}
[219.985669] (-) TimerEvent: {}
[220.087234] (-) TimerEvent: {}
[220.188671] (-) TimerEvent: {}
[220.290154] (-) TimerEvent: {}
[220.391854] (-) TimerEvent: {}
[220.493495] (-) TimerEvent: {}
[220.595619] (-) TimerEvent: {}
[220.698066] (-) TimerEvent: {}
[220.799679] (-) TimerEvent: {}
[220.901340] (-) TimerEvent: {}
[221.003566] (-) TimerEvent: {}
[221.106042] (-) TimerEvent: {}
[221.207603] (-) TimerEvent: {}
[221.309143] (-) TimerEvent: {}
[221.411337] (-) TimerEvent: {}
[221.514256] (-) TimerEvent: {}
[221.616918] (-) TimerEvent: {}
[221.718177] (-) TimerEvent: {}
[221.819643] (-) TimerEvent: {}
[221.921351] (-) TimerEvent: {}
[222.022932] (-) TimerEvent: {}
[222.124532] (-) TimerEvent: {}
[222.226122] (-) TimerEvent: {}
[222.327671] (-) TimerEvent: {}
[222.429143] (-) TimerEvent: {}
[222.530762] (-) TimerEvent: {}
[222.632156] (-) TimerEvent: {}
[222.733715] (-) TimerEvent: {}
[222.835625] (-) TimerEvent: {}
[222.937821] (-) TimerEvent: {}
[223.039485] (-) TimerEvent: {}
[223.141671] (-) TimerEvent: {}
[223.243187] (-) TimerEvent: {}
[223.344803] (-) TimerEvent: {}
[223.446580] (-) TimerEvent: {}
[223.548332] (-) TimerEvent: {}
[223.650877] (-) TimerEvent: {}
[223.752758] (-) TimerEvent: {}
[223.854353] (-) TimerEvent: {}
[223.955986] (-) TimerEvent: {}
[224.057619] (-) TimerEvent: {}
[224.159142] (-) TimerEvent: {}
[224.261093] (-) TimerEvent: {}
[224.363625] (-) TimerEvent: {}
[224.466341] (-) TimerEvent: {}
[224.567886] (-) TimerEvent: {}
[224.669553] (-) TimerEvent: {}
[224.771173] (-) TimerEvent: {}
[224.872558] (-) TimerEvent: {}
[224.974059] (-) TimerEvent: {}
[225.075634] (-) TimerEvent: {}
[225.177295] (-) TimerEvent: {}
[225.278725] (-) TimerEvent: {}
[225.380473] (-) TimerEvent: {}
[225.482048] (-) TimerEvent: {}
[225.583946] (-) TimerEvent: {}
[225.686436] (-) TimerEvent: {}
[225.788072] (-) TimerEvent: {}
[225.889610] (-) TimerEvent: {}
[225.991088] (-) TimerEvent: {}
[226.092674] (-) TimerEvent: {}
[226.194264] (-) TimerEvent: {}
[226.295833] (-) TimerEvent: {}
[226.397501] (-) TimerEvent: {}
[226.498917] (-) TimerEvent: {}
[226.600548] (-) TimerEvent: {}
[226.702534] (-) TimerEvent: {}
[226.804209] (-) TimerEvent: {}
[226.905546] (-) TimerEvent: {}
[227.006997] (-) TimerEvent: {}
[227.108656] (-) TimerEvent: {}
[227.210274] (-) TimerEvent: {}
[227.311692] (-) TimerEvent: {}
[227.413172] (-) TimerEvent: {}
[227.514861] (-) TimerEvent: {}
[227.616473] (-) TimerEvent: {}
[227.717982] (-) TimerEvent: {}
[227.819532] (-) TimerEvent: {}
[227.921599] (-) TimerEvent: {}
[228.023122] (-) TimerEvent: {}
[228.124803] (-) TimerEvent: {}
[228.226518] (-) TimerEvent: {}
[228.328712] (-) TimerEvent: {}
[228.430413] (-) TimerEvent: {}
[228.531963] (-) TimerEvent: {}
[228.633541] (-) TimerEvent: {}
[228.735367] (-) TimerEvent: {}
[228.837258] (-) TimerEvent: {}
[228.938851] (-) TimerEvent: {}
[229.040435] (-) TimerEvent: {}
[229.142145] (-) TimerEvent: {}
[229.243735] (-) TimerEvent: {}
[229.345368] (-) TimerEvent: {}
[229.446933] (-) TimerEvent: {}
[229.549481] (-) TimerEvent: {}
[229.650992] (-) TimerEvent: {}
[229.752529] (-) TimerEvent: {}
[229.854068] (-) TimerEvent: {}
[229.955691] (-) TimerEvent: {}
[230.057286] (-) TimerEvent: {}
[230.174193] (-) TimerEvent: {}
[230.310343] (-) TimerEvent: {}
[230.419668] (-) TimerEvent: {}
[230.521371] (-) TimerEvent: {}
[230.623369] (-) TimerEvent: {}
[230.724972] (-) TimerEvent: {}
[230.826418] (-) TimerEvent: {}
[230.928283] (-) TimerEvent: {}
[231.030014] (-) TimerEvent: {}
[231.131395] (-) TimerEvent: {}
[231.232928] (-) TimerEvent: {}
[231.334440] (-) TimerEvent: {}
[231.435988] (-) TimerEvent: {}
[231.537660] (-) TimerEvent: {}
[231.639168] (-) TimerEvent: {}
[231.740795] (-) TimerEvent: {}
[231.842362] (-) TimerEvent: {}
[231.943893] (-) TimerEvent: {}
[232.045405] (-) TimerEvent: {}
[232.146974] (-) TimerEvent: {}
[232.248987] (-) TimerEvent: {}
[232.350544] (-) TimerEvent: {}
[232.452861] (-) TimerEvent: {}
[232.554631] (-) TimerEvent: {}
[232.656190] (-) TimerEvent: {}
[232.757435] (-) TimerEvent: {}
[232.858973] (-) TimerEvent: {}
[232.960687] (-) TimerEvent: {}
[233.062784] (-) TimerEvent: {}
[233.164865] (-) TimerEvent: {}
[233.266836] (-) TimerEvent: {}
[233.368372] (-) TimerEvent: {}
[233.469843] (-) TimerEvent: {}
[233.571739] (-) TimerEvent: {}
[233.673435] (-) TimerEvent: {}
[233.775588] (-) TimerEvent: {}
[233.878109] (-) TimerEvent: {}
[233.981160] (-) TimerEvent: {}
[234.082695] (-) TimerEvent: {}
[234.184401] (-) TimerEvent: {}
[234.285806] (-) TimerEvent: {}
[234.387380] (-) TimerEvent: {}
[234.489113] (-) TimerEvent: {}
[234.590775] (-) TimerEvent: {}
[234.692256] (-) TimerEvent: {}
[234.793774] (-) TimerEvent: {}
[234.895266] (-) TimerEvent: {}
[234.997036] (-) TimerEvent: {}
[235.098858] (-) TimerEvent: {}
[235.200516] (-) TimerEvent: {}
[235.302112] (-) TimerEvent: {}
[235.403818] (-) TimerEvent: {}
[235.505494] (-) TimerEvent: {}
[235.607194] (-) TimerEvent: {}
[235.708932] (-) TimerEvent: {}
[235.810563] (-) TimerEvent: {}
[235.912001] (-) TimerEvent: {}
[236.013419] (-) TimerEvent: {}
[236.115125] (-) TimerEvent: {}
[236.217427] (-) TimerEvent: {}
[236.318989] (-) TimerEvent: {}
[236.420715] (-) TimerEvent: {}
[236.522338] (-) TimerEvent: {}
[236.624429] (-) TimerEvent: {}
[236.727291] (-) TimerEvent: {}
[236.830631] (-) TimerEvent: {}
[236.932226] (-) TimerEvent: {}
[237.033938] (-) TimerEvent: {}
[237.135619] (-) TimerEvent: {}
[237.237225] (-) TimerEvent: {}
[237.339184] (-) TimerEvent: {}
[237.440978] (-) TimerEvent: {}
[237.542773] (-) TimerEvent: {}
[237.645194] (-) TimerEvent: {}
[237.746887] (-) TimerEvent: {}
[237.849277] (-) TimerEvent: {}
[237.952221] (-) TimerEvent: {}
[238.054396] (-) TimerEvent: {}
[238.155930] (-) TimerEvent: {}
[238.257373] (-) TimerEvent: {}
[238.358770] (-) TimerEvent: {}
[238.460260] (-) TimerEvent: {}
[238.561966] (-) TimerEvent: {}
[238.664023] (-) TimerEvent: {}
[238.765880] (-) TimerEvent: {}
[238.868251] (-) TimerEvent: {}
[238.969824] (-) TimerEvent: {}
[239.071202] (-) TimerEvent: {}
[239.172742] (-) TimerEvent: {}
[239.274290] (-) TimerEvent: {}
[239.375814] (-) TimerEvent: {}
[239.477320] (-) TimerEvent: {}
[239.578912] (-) TimerEvent: {}
[239.680660] (-) TimerEvent: {}
[239.783218] (-) TimerEvent: {}
[239.884904] (-) TimerEvent: {}
[239.986519] (-) TimerEvent: {}
[240.088217] (-) TimerEvent: {}
[240.189702] (-) TimerEvent: {}
[240.291511] (-) TimerEvent: {}
[240.392954] (-) TimerEvent: {}
[240.494469] (-) TimerEvent: {}
[240.596345] (-) TimerEvent: {}
[240.697985] (-) TimerEvent: {}
[240.799630] (-) TimerEvent: {}
[240.901754] (-) TimerEvent: {}
[241.003313] (-) TimerEvent: {}
[241.104829] (-) TimerEvent: {}
[241.206324] (-) TimerEvent: {}
[241.307834] (-) TimerEvent: {}
[241.408981] (-) TimerEvent: {}
[241.510481] (-) TimerEvent: {}
[241.612079] (-) TimerEvent: {}
[241.713608] (-) TimerEvent: {}
[241.815015] (-) TimerEvent: {}
[241.916566] (-) TimerEvent: {}
[242.018024] (-) TimerEvent: {}
[242.119529] (-) TimerEvent: {}
[242.220724] (-) TimerEvent: {}
[242.322135] (-) TimerEvent: {}
[242.424044] (-) TimerEvent: {}
[242.526981] (-) TimerEvent: {}
[242.629426] (-) TimerEvent: {}
[242.731075] (-) TimerEvent: {}
[242.832690] (-) TimerEvent: {}
[242.934089] (-) TimerEvent: {}
[243.035275] (-) TimerEvent: {}
[243.137072] (-) TimerEvent: {}
[243.238912] (-) TimerEvent: {}
[243.340565] (-) TimerEvent: {}
[243.442099] (-) TimerEvent: {}
[243.543690] (-) TimerEvent: {}
[243.645819] (-) TimerEvent: {}
[243.747309] (-) TimerEvent: {}
[243.849138] (-) TimerEvent: {}
[243.951385] (-) TimerEvent: {}
[244.053280] (-) TimerEvent: {}
[244.154743] (-) TimerEvent: {}
[244.256381] (-) TimerEvent: {}
[244.359023] (-) TimerEvent: {}
[244.460748] (-) TimerEvent: {}
[244.562619] (-) TimerEvent: {}
[244.664269] (-) TimerEvent: {}
[244.766085] (-) TimerEvent: {}
[244.868115] (-) TimerEvent: {}
[244.969347] (-) TimerEvent: {}
[245.070826] (-) TimerEvent: {}
[245.172519] (-) TimerEvent: {}
[245.274320] (-) TimerEvent: {}
[245.375755] (-) TimerEvent: {}
[245.477798] (-) TimerEvent: {}
[245.579608] (-) TimerEvent: {}
[245.681585] (-) TimerEvent: {}
[245.783355] (-) TimerEvent: {}
[245.884881] (-) TimerEvent: {}
[245.986623] (-) TimerEvent: {}
[246.088830] (-) TimerEvent: {}
[246.190488] (-) TimerEvent: {}
[246.292007] (-) TimerEvent: {}
[246.394439] (-) TimerEvent: {}
[246.496242] (-) TimerEvent: {}
[246.597721] (-) TimerEvent: {}
[246.699289] (-) TimerEvent: {}
[246.800901] (-) TimerEvent: {}
[246.902154] (-) TimerEvent: {}
[247.003728] (-) TimerEvent: {}
[247.105204] (-) TimerEvent: {}
[247.206767] (-) TimerEvent: {}
[247.308478] (-) TimerEvent: {}
[247.410101] (-) TimerEvent: {}
[247.512000] (-) TimerEvent: {}
[247.613777] (-) TimerEvent: {}
[247.715555] (-) TimerEvent: {}
[247.817057] (-) TimerEvent: {}
[247.918755] (-) TimerEvent: {}
[248.020598] (-) TimerEvent: {}
[248.122057] (-) TimerEvent: {}
[248.223527] (-) TimerEvent: {}
[248.325299] (-) TimerEvent: {}
[248.427623] (-) TimerEvent: {}
[248.528983] (-) TimerEvent: {}
[248.630473] (-) TimerEvent: {}
[248.732389] (-) TimerEvent: {}
[248.834149] (-) TimerEvent: {}
[248.935618] (-) TimerEvent: {}
[249.037429] (-) TimerEvent: {}
[249.138869] (-) TimerEvent: {}
[249.240576] (-) TimerEvent: {}
[249.342646] (-) TimerEvent: {}
[249.444420] (-) TimerEvent: {}
[249.546107] (-) TimerEvent: {}
[249.647595] (-) TimerEvent: {}
[249.749380] (-) TimerEvent: {}
[249.851768] (-) TimerEvent: {}
[249.953257] (-) TimerEvent: {}
[250.054779] (-) TimerEvent: {}
[250.156928] (-) TimerEvent: {}
[250.258753] (-) TimerEvent: {}
[250.360383] (-) TimerEvent: {}
[250.462200] (-) TimerEvent: {}
[250.563735] (-) TimerEvent: {}
[250.665394] (-) TimerEvent: {}
[250.766896] (-) TimerEvent: {}
[250.868986] (-) TimerEvent: {}
[250.970666] (-) TimerEvent: {}
[251.072518] (-) TimerEvent: {}
[251.174334] (-) TimerEvent: {}
[251.276483] (-) TimerEvent: {}
[251.378048] (-) TimerEvent: {}
[251.479534] (-) TimerEvent: {}
[251.581083] (-) TimerEvent: {}
[251.682428] (-) TimerEvent: {}
[251.784106] (-) TimerEvent: {}
[251.885639] (-) TimerEvent: {}
[251.987349] (-) TimerEvent: {}
[252.089288] (-) TimerEvent: {}
[252.191203] (-) TimerEvent: {}
[252.293133] (-) TimerEvent: {}
[252.394780] (-) TimerEvent: {}
[252.496262] (-) TimerEvent: {}
[252.598115] (-) TimerEvent: {}
[252.700401] (-) TimerEvent: {}
[252.802040] (-) TimerEvent: {}
[252.903863] (-) TimerEvent: {}
[253.005461] (-) TimerEvent: {}
[253.106954] (-) TimerEvent: {}
[253.208611] (-) TimerEvent: {}
[253.310447] (-) TimerEvent: {}
[253.412838] (-) TimerEvent: {}
[253.514483] (-) TimerEvent: {}
[253.616730] (-) TimerEvent: {}
[253.718186] (-) TimerEvent: {}
[253.819835] (-) TimerEvent: {}
[253.921369] (-) TimerEvent: {}
[254.023890] (-) TimerEvent: {}
[254.127455] (-) TimerEvent: {}
[254.229136] (-) TimerEvent: {}
[254.330787] (-) TimerEvent: {}
[254.432117] (-) TimerEvent: {}
[254.533780] (-) TimerEvent: {}
[254.637362] (-) TimerEvent: {}
[254.738780] (-) TimerEvent: {}
[254.840138] (-) TimerEvent: {}
[254.941573] (-) TimerEvent: {}
[255.043159] (-) TimerEvent: {}
[255.146485] (-) TimerEvent: {}
[255.248211] (-) TimerEvent: {}
[255.349716] (-) TimerEvent: {}
[255.451312] (-) TimerEvent: {}
[255.553228] (-) TimerEvent: {}
[255.654687] (-) TimerEvent: {}
[255.756493] (-) TimerEvent: {}
[255.858455] (-) TimerEvent: {}
[255.960236] (-) TimerEvent: {}
[256.061832] (-) TimerEvent: {}
[256.163481] (-) TimerEvent: {}
[256.265170] (-) TimerEvent: {}
[256.366508] (-) TimerEvent: {}
[256.468215] (-) TimerEvent: {}
[256.569825] (-) TimerEvent: {}
[256.671573] (-) TimerEvent: {}
[256.773202] (-) TimerEvent: {}
[256.874928] (-) TimerEvent: {}
[256.976692] (-) TimerEvent: {}
[257.078260] (-) TimerEvent: {}
[257.180085] (-) TimerEvent: {}
[257.281521] (-) TimerEvent: {}
[257.383042] (-) TimerEvent: {}
[257.485001] (-) TimerEvent: {}
[257.586633] (-) TimerEvent: {}
[257.688224] (-) TimerEvent: {}
[257.789711] (-) TimerEvent: {}
[257.891383] (-) TimerEvent: {}
[257.993542] (-) TimerEvent: {}
[258.094996] (-) TimerEvent: {}
[258.196725] (-) TimerEvent: {}
[258.298219] (-) TimerEvent: {}
[258.400921] (-) TimerEvent: {}
[258.503190] (-) TimerEvent: {}
[258.604874] (-) TimerEvent: {}
[258.706338] (-) TimerEvent: {}
[258.808644] (-) TimerEvent: {}
[258.910093] (-) TimerEvent: {}
[259.011717] (-) TimerEvent: {}
[259.113283] (-) TimerEvent: {}
[259.216134] (-) TimerEvent: {}
[259.317789] (-) TimerEvent: {}
[259.419386] (-) TimerEvent: {}
[259.521482] (-) TimerEvent: {}
[259.622942] (-) TimerEvent: {}
[259.724569] (-) TimerEvent: {}
[259.826067] (-) TimerEvent: {}
[259.927831] (-) TimerEvent: {}
[260.029809] (-) TimerEvent: {}
[260.132215] (-) TimerEvent: {}
[260.233932] (-) TimerEvent: {}
[260.335332] (-) TimerEvent: {}
[260.443680] (-) TimerEvent: {}
[260.565572] (-) TimerEvent: {}
[260.666971] (-) TimerEvent: {}
[260.768465] (-) TimerEvent: {}
[260.869954] (-) TimerEvent: {}
[260.972767] (-) TimerEvent: {}
[261.074884] (-) TimerEvent: {}
[261.176305] (-) TimerEvent: {}
[261.277855] (-) TimerEvent: {}
[261.379201] (-) TimerEvent: {}
[261.480767] (-) TimerEvent: {}
[261.582166] (-) TimerEvent: {}
[261.683665] (-) TimerEvent: {}
[261.785028] (-) TimerEvent: {}
[261.886747] (-) TimerEvent: {}
[261.988687] (-) TimerEvent: {}
[262.090242] (-) TimerEvent: {}
[262.192107] (-) TimerEvent: {}
[262.293441] (-) TimerEvent: {}
[262.394728] (-) TimerEvent: {}
[262.496640] (-) TimerEvent: {}
[262.598289] (-) TimerEvent: {}
[262.699808] (-) TimerEvent: {}
[262.801136] (-) TimerEvent: {}
[262.902652] (-) TimerEvent: {}
[263.004096] (-) TimerEvent: {}
[263.105364] (-) TimerEvent: {}
[263.206844] (-) TimerEvent: {}
[263.308769] (-) TimerEvent: {}
[263.410956] (-) TimerEvent: {}
[263.512836] (-) TimerEvent: {}
[263.615474] (-) TimerEvent: {}
[263.717184] (-) TimerEvent: {}
[263.818824] (-) TimerEvent: {}
[263.920726] (-) TimerEvent: {}
[264.022546] (-) TimerEvent: {}
[264.124259] (-) TimerEvent: {}
[264.229028] (-) TimerEvent: {}
[264.331149] (-) TimerEvent: {}
[264.432686] (-) TimerEvent: {}
[264.534223] (-) TimerEvent: {}
[264.635959] (-) TimerEvent: {}
[264.738019] (-) TimerEvent: {}
[264.839615] (-) TimerEvent: {}
[264.941139] (-) TimerEvent: {}
[265.042645] (-) TimerEvent: {}
[265.144460] (-) TimerEvent: {}
[265.246364] (-) TimerEvent: {}
[265.348536] (-) TimerEvent: {}
[265.450261] (-) TimerEvent: {}
[265.551865] (-) TimerEvent: {}
[265.653494] (-) TimerEvent: {}
[265.755313] (-) TimerEvent: {}
[265.857162] (-) TimerEvent: {}
[265.958609] (-) TimerEvent: {}
[266.060082] (-) TimerEvent: {}
[266.161861] (-) TimerEvent: {}
[266.264056] (-) TimerEvent: {}
[266.365531] (-) TimerEvent: {}
[266.467043] (-) TimerEvent: {}
[266.569051] (-) TimerEvent: {}
[266.670475] (-) TimerEvent: {}
[266.772089] (-) TimerEvent: {}
[266.873535] (-) TimerEvent: {}
[266.975045] (-) TimerEvent: {}
[267.076831] (-) TimerEvent: {}
[267.178671] (-) TimerEvent: {}
[267.280737] (-) TimerEvent: {}
[267.382416] (-) TimerEvent: {}
[267.484186] (-) TimerEvent: {}
[267.585649] (-) TimerEvent: {}
[267.687320] (-) TimerEvent: {}
[267.789511] (-) TimerEvent: {}
[267.891176] (-) TimerEvent: {}
[267.992918] (-) TimerEvent: {}
[268.094624] (-) TimerEvent: {}
[268.196396] (-) TimerEvent: {}
[268.297989] (-) TimerEvent: {}
[268.399565] (-) TimerEvent: {}
[268.501038] (-) TimerEvent: {}
[268.602716] (-) TimerEvent: {}
[268.704470] (-) TimerEvent: {}
[268.806028] (-) TimerEvent: {}
[268.907728] (-) TimerEvent: {}
[269.009821] (-) TimerEvent: {}
[269.111334] (-) TimerEvent: {}
[269.213024] (-) TimerEvent: {}
[269.314831] (-) TimerEvent: {}
[269.416479] (-) TimerEvent: {}
[269.518413] (-) TimerEvent: {}
[269.621247] (-) TimerEvent: {}
[269.722976] (-) TimerEvent: {}
[269.824664] (-) TimerEvent: {}
[269.926346] (-) TimerEvent: {}
[270.028075] (-) TimerEvent: {}
[270.129614] (-) TimerEvent: {}
[270.231084] (-) TimerEvent: {}
[270.332684] (-) TimerEvent: {}
[270.435301] (-) TimerEvent: {}
[270.537385] (-) TimerEvent: {}
[270.639148] (-) TimerEvent: {}
[270.740688] (-) TimerEvent: {}
[270.842391] (-) TimerEvent: {}
[270.943976] (-) TimerEvent: {}
[271.046318] (-) TimerEvent: {}
[271.148456] (-) TimerEvent: {}
[271.250181] (-) TimerEvent: {}
[271.352051] (-) TimerEvent: {}
[271.453551] (-) TimerEvent: {}
[271.555661] (-) TimerEvent: {}
[271.657425] (-) TimerEvent: {}
[271.759146] (-) TimerEvent: {}
[271.860831] (-) TimerEvent: {}
[271.962349] (-) TimerEvent: {}
[272.063965] (-) TimerEvent: {}
[272.165382] (-) TimerEvent: {}
[272.267004] (-) TimerEvent: {}
[272.368588] (-) TimerEvent: {}
[272.469867] (-) TimerEvent: {}
[272.571536] (-) TimerEvent: {}
[272.673044] (-) TimerEvent: {}
[272.774525] (-) TimerEvent: {}
[272.877404] (-) TimerEvent: {}
[272.979325] (-) TimerEvent: {}
[273.081101] (-) TimerEvent: {}
[273.182486] (-) TimerEvent: {}
[273.284032] (-) TimerEvent: {}
[273.386017] (-) TimerEvent: {}
[273.487573] (-) TimerEvent: {}
[273.589132] (-) TimerEvent: {}
[273.690636] (-) TimerEvent: {}
[273.792396] (-) TimerEvent: {}
[273.894183] (-) TimerEvent: {}
[273.995830] (-) TimerEvent: {}
[274.097502] (-) TimerEvent: {}
[274.199010] (-) TimerEvent: {}
[274.301101] (-) TimerEvent: {}
[274.403873] (-) TimerEvent: {}
[274.505976] (-) TimerEvent: {}
[274.607737] (-) TimerEvent: {}
[274.709145] (-) TimerEvent: {}
[274.810709] (-) TimerEvent: {}
[274.913470] (-) TimerEvent: {}
[275.015898] (-) TimerEvent: {}
[275.117510] (-) TimerEvent: {}
[275.219258] (-) TimerEvent: {}
[275.321285] (-) TimerEvent: {}
[275.423113] (-) TimerEvent: {}
[275.524969] (-) TimerEvent: {}
[275.627053] (-) TimerEvent: {}
[275.728861] (-) TimerEvent: {}
[275.830380] (-) TimerEvent: {}
[275.932108] (-) TimerEvent: {}
[276.033586] (-) TimerEvent: {}
[276.135272] (-) TimerEvent: {}
[276.237020] (-) TimerEvent: {}
[276.338679] (-) TimerEvent: {}
[276.440576] (-) TimerEvent: {}
[276.544037] (-) TimerEvent: {}
[276.645732] (-) TimerEvent: {}
[276.748114] (-) TimerEvent: {}
[276.849822] (-) TimerEvent: {}
[276.951779] (-) TimerEvent: {}
[277.055977] (-) TimerEvent: {}
[277.158233] (-) TimerEvent: {}
[277.259746] (-) TimerEvent: {}
[277.361302] (-) TimerEvent: {}
[277.462823] (-) TimerEvent: {}
[277.564393] (-) TimerEvent: {}
[277.665862] (-) TimerEvent: {}
[277.767712] (-) TimerEvent: {}
[277.870131] (-) TimerEvent: {}
[277.971988] (-) TimerEvent: {}
[278.073671] (-) TimerEvent: {}
[278.175197] (-) TimerEvent: {}
[278.276481] (-) TimerEvent: {}
[278.377915] (-) TimerEvent: {}
[278.479648] (-) TimerEvent: {}
[278.581330] (-) TimerEvent: {}
[278.682850] (-) TimerEvent: {}
[278.784995] (-) TimerEvent: {}
[278.886741] (-) TimerEvent: {}
[278.988340] (-) TimerEvent: {}
[279.089613] (-) TimerEvent: {}
[279.191497] (-) TimerEvent: {}
[279.292958] (-) TimerEvent: {}
[279.394660] (-) TimerEvent: {}
[279.496020] (-) TimerEvent: {}
[279.597603] (-) TimerEvent: {}
[279.700314] (-) TimerEvent: {}
[279.803497] (-) TimerEvent: {}
[279.905784] (-) TimerEvent: {}
[280.008740] (-) TimerEvent: {}
[280.110462] (-) TimerEvent: {}
[280.213250] (-) TimerEvent: {}
[280.315023] (-) TimerEvent: {}
[280.418672] (-) TimerEvent: {}
[280.520190] (-) TimerEvent: {}
[280.626111] (-) TimerEvent: {}
[280.727930] (-) TimerEvent: {}
[280.830262] (-) TimerEvent: {}
[280.932186] (-) TimerEvent: {}
[281.033600] (-) TimerEvent: {}
[281.135549] (-) TimerEvent: {}
[281.236982] (-) TimerEvent: {}
[281.340590] (-) TimerEvent: {}
[281.443446] (-) TimerEvent: {}
[281.545979] (-) TimerEvent: {}
[281.647497] (-) TimerEvent: {}
[281.749018] (-) TimerEvent: {}
[281.850573] (-) TimerEvent: {}
[281.952267] (-) TimerEvent: {}
[282.054065] (-) TimerEvent: {}
[282.155662] (-) TimerEvent: {}
[282.257408] (-) TimerEvent: {}
[282.359098] (-) TimerEvent: {}
[282.460712] (-) TimerEvent: {}
[282.562258] (-) TimerEvent: {}
[282.663960] (-) TimerEvent: {}
[282.765908] (-) TimerEvent: {}
[282.867321] (-) TimerEvent: {}
[282.969001] (-) TimerEvent: {}
[283.070556] (-) TimerEvent: {}
[283.172258] (-) TimerEvent: {}
[283.274173] (-) TimerEvent: {}
[283.375697] (-) TimerEvent: {}
[283.477224] (-) TimerEvent: {}
[283.578759] (-) TimerEvent: {}
[283.680195] (-) TimerEvent: {}
[283.782210] (-) TimerEvent: {}
[283.883724] (-) TimerEvent: {}
[283.985935] (-) TimerEvent: {}
[284.087194] (-) TimerEvent: {}
[284.188912] (-) TimerEvent: {}
[284.290557] (-) TimerEvent: {}
[284.392053] (-) TimerEvent: {}
[284.493921] (-) TimerEvent: {}
[284.595516] (-) TimerEvent: {}
[284.698068] (-) TimerEvent: {}
[284.800799] (-) TimerEvent: {}
[284.902525] (-) TimerEvent: {}
[285.003994] (-) TimerEvent: {}
[285.105335] (-) TimerEvent: {}
[285.206858] (-) TimerEvent: {}
[285.308263] (-) TimerEvent: {}
[285.409753] (-) TimerEvent: {}
[285.511227] (-) TimerEvent: {}
[285.612999] (-) TimerEvent: {}
[285.714696] (-) TimerEvent: {}
[285.816373] (-) TimerEvent: {}
[285.917958] (-) TimerEvent: {}
[286.019577] (-) TimerEvent: {}
[286.121190] (-) TimerEvent: {}
[286.222958] (-) TimerEvent: {}
[286.324512] (-) TimerEvent: {}
[286.426064] (-) TimerEvent: {}
[286.527654] (-) TimerEvent: {}
[286.629248] (-) TimerEvent: {}
[286.730888] (-) TimerEvent: {}
[286.832755] (-) TimerEvent: {}
[286.934266] (-) TimerEvent: {}
[287.035815] (-) TimerEvent: {}
[287.137598] (-) TimerEvent: {}
[287.239159] (-) TimerEvent: {}
[287.340780] (-) TimerEvent: {}
[287.442417] (-) TimerEvent: {}
[287.544020] (-) TimerEvent: {}
[287.645535] (-) TimerEvent: {}
[287.747228] (-) TimerEvent: {}
[287.849057] (-) TimerEvent: {}
[287.950303] (-) TimerEvent: {}
[288.051616] (-) TimerEvent: {}
[288.153389] (-) TimerEvent: {}
[288.254980] (-) TimerEvent: {}
[288.356869] (-) TimerEvent: {}
[288.458187] (-) TimerEvent: {}
[288.559822] (-) TimerEvent: {}
[288.661496] (-) TimerEvent: {}
[288.763067] (-) TimerEvent: {}
[288.864689] (-) TimerEvent: {}
[288.966289] (-) TimerEvent: {}
[289.067972] (-) TimerEvent: {}
[289.169596] (-) TimerEvent: {}
[289.271071] (-) TimerEvent: {}
[289.373531] (-) TimerEvent: {}
[289.476536] (-) TimerEvent: {}
[289.579364] (-) TimerEvent: {}
[289.682437] (-) TimerEvent: {}
[289.783992] (-) TimerEvent: {}
[289.885852] (-) TimerEvent: {}
[289.987625] (-) TimerEvent: {}
[290.090677] (-) TimerEvent: {}
[290.192465] (-) TimerEvent: {}
[290.294180] (-) TimerEvent: {}
[290.396288] (-) TimerEvent: {}
[290.498023] (-) TimerEvent: {}
[290.607945] (-) TimerEvent: {}
[290.759830] (-) TimerEvent: {}
[290.872010] (-) TimerEvent: {}
[290.974002] (-) TimerEvent: {}
[291.075795] (-) TimerEvent: {}
[291.177459] (-) TimerEvent: {}
[291.280182] (-) TimerEvent: {}
[291.384043] (-) TimerEvent: {}
[291.488079] (-) TimerEvent: {}
[291.589804] (-) TimerEvent: {}
[291.691686] (-) TimerEvent: {}
[291.793734] (-) TimerEvent: {}
[291.896065] (-) TimerEvent: {}
[291.998307] (-) TimerEvent: {}
[292.100351] (-) TimerEvent: {}
[292.202150] (-) TimerEvent: {}
[292.304029] (-) TimerEvent: {}
[292.405652] (-) TimerEvent: {}
[292.508068] (-) TimerEvent: {}
[292.609893] (-) TimerEvent: {}
[292.711776] (-) TimerEvent: {}
[292.814282] (-) TimerEvent: {}
[292.915732] (-) TimerEvent: {}
[293.017092] (-) TimerEvent: {}
[293.119004] (-) TimerEvent: {}
[293.221013] (-) TimerEvent: {}
[293.322614] (-) TimerEvent: {}
[293.424419] (-) TimerEvent: {}
[293.525808] (-) TimerEvent: {}
[293.627518] (-) TimerEvent: {}
[293.730133] (-) TimerEvent: {}
[293.831646] (-) TimerEvent: {}
[293.933909] (-) TimerEvent: {}
[294.037210] (-) TimerEvent: {}
[294.138502] (-) TimerEvent: {}
[294.240155] (-) TimerEvent: {}
[294.342054] (-) TimerEvent: {}
[294.443776] (-) TimerEvent: {}
[294.545157] (-) TimerEvent: {}
[294.646973] (-) TimerEvent: {}
[294.748680] (-) TimerEvent: {}
[294.850542] (-) TimerEvent: {}
[294.952298] (-) TimerEvent: {}
[295.053900] (-) TimerEvent: {}
[295.155611] (-) TimerEvent: {}
[295.257281] (-) TimerEvent: {}
[295.358867] (-) TimerEvent: {}
[295.460421] (-) TimerEvent: {}
[295.561939] (-) TimerEvent: {}
[295.663642] (-) TimerEvent: {}
[295.765206] (-) TimerEvent: {}
[296.291051] (-) TimerEvent: {}
[296.393292] (-) TimerEvent: {}
[296.495083] (-) TimerEvent: {}
[296.597504] (-) TimerEvent: {}
[296.699153] (-) TimerEvent: {}
[296.801040] (-) TimerEvent: {}
[296.902770] (-) TimerEvent: {}
[297.004603] (-) TimerEvent: {}
[297.106249] (-) TimerEvent: {}
[297.207659] (-) TimerEvent: {}
[297.309304] (-) TimerEvent: {}
[297.410714] (-) TimerEvent: {}
[297.512290] (-) TimerEvent: {}
[297.613545] (-) TimerEvent: {}
[297.715351] (-) TimerEvent: {}
[297.816802] (-) TimerEvent: {}
[297.918235] (-) TimerEvent: {}
[298.019988] (-) TimerEvent: {}
[298.122143] (-) TimerEvent: {}
[298.225125] (-) TimerEvent: {}
[298.326854] (-) TimerEvent: {}
[298.428685] (-) TimerEvent: {}
[298.530625] (-) TimerEvent: {}
[298.632502] (-) TimerEvent: {}
[298.733940] (-) TimerEvent: {}
[298.835563] (-) TimerEvent: {}
[298.937303] (-) TimerEvent: {}
[299.039654] (-) TimerEvent: {}
[299.141602] (-) TimerEvent: {}
[299.243482] (-) TimerEvent: {}
[299.346224] (-) TimerEvent: {}
[299.448005] (-) TimerEvent: {}
[299.550160] (-) TimerEvent: {}
[299.652003] (-) TimerEvent: {}
[299.753572] (-) TimerEvent: {}
[299.856153] (-) TimerEvent: {}
[299.957893] (-) TimerEvent: {}
[300.059509] (-) TimerEvent: {}
[300.166205] (-) TimerEvent: {}
[300.268029] (-) TimerEvent: {}
[300.370109] (-) TimerEvent: {}
[300.473357] (-) TimerEvent: {}
[300.574856] (-) TimerEvent: {}
[300.676440] (-) TimerEvent: {}
[300.778518] (-) TimerEvent: {}
[300.880004] (-) TimerEvent: {}
[300.981898] (-) TimerEvent: {}
[301.083649] (-) TimerEvent: {}
[301.185374] (-) TimerEvent: {}
[301.287277] (-) TimerEvent: {}
[301.389439] (-) TimerEvent: {}
[301.491244] (-) TimerEvent: {}
[301.592610] (-) TimerEvent: {}
[301.694320] (-) TimerEvent: {}
[301.796603] (-) TimerEvent: {}
[301.898156] (-) TimerEvent: {}
[301.999816] (-) TimerEvent: {}
[302.101019] (-) TimerEvent: {}
[302.202594] (-) TimerEvent: {}
[302.304247] (-) TimerEvent: {}
[302.405910] (-) TimerEvent: {}
[302.507468] (-) TimerEvent: {}
[302.609101] (-) TimerEvent: {}
[302.710510] (-) TimerEvent: {}
[302.812119] (-) TimerEvent: {}
[302.913793] (-) TimerEvent: {}
[303.015376] (-) TimerEvent: {}
[303.117214] (-) TimerEvent: {}
[303.219074] (-) TimerEvent: {}
[303.320968] (-) TimerEvent: {}
[303.422787] (-) TimerEvent: {}
[303.524528] (-) TimerEvent: {}
[303.625975] (-) TimerEvent: {}
[303.727204] (-) TimerEvent: {}
[303.828854] (-) TimerEvent: {}
[303.930683] (-) TimerEvent: {}
[304.032589] (-) TimerEvent: {}
[304.134064] (-) TimerEvent: {}
[304.235765] (-) TimerEvent: {}
[304.337650] (-) TimerEvent: {}
[304.439528] (-) TimerEvent: {}
[304.541193] (-) TimerEvent: {}
[304.642835] (-) TimerEvent: {}
[304.744299] (-) TimerEvent: {}
[304.846052] (-) TimerEvent: {}
[304.947875] (-) TimerEvent: {}
[305.050074] (-) TimerEvent: {}
[305.151805] (-) TimerEvent: {}
[305.253258] (-) TimerEvent: {}
[305.355091] (-) TimerEvent: {}
[305.456657] (-) TimerEvent: {}
[305.558512] (-) TimerEvent: {}
[305.662146] (-) TimerEvent: {}
[305.764620] (-) TimerEvent: {}
[305.866148] (-) TimerEvent: {}
[305.967763] (-) TimerEvent: {}
[306.069542] (-) TimerEvent: {}
[306.171170] (-) TimerEvent: {}
[306.273047] (-) TimerEvent: {}
[306.375992] (-) TimerEvent: {}
[306.478215] (-) TimerEvent: {}
[306.580424] (-) TimerEvent: {}
[306.682107] (-) TimerEvent: {}
[306.783954] (-) TimerEvent: {}
[306.885930] (-) TimerEvent: {}
[306.987318] (-) TimerEvent: {}
[307.090865] (-) TimerEvent: {}
[307.193227] (-) TimerEvent: {}
[307.294772] (-) TimerEvent: {}
[307.398009] (-) TimerEvent: {}
[307.501074] (-) TimerEvent: {}
[307.605086] (-) TimerEvent: {}
[307.708217] (-) TimerEvent: {}
[307.812178] (-) TimerEvent: {}
[307.915887] (-) TimerEvent: {}
[308.019086] (-) TimerEvent: {}
[308.122914] (-) TimerEvent: {}
[308.226001] (-) TimerEvent: {}
[308.329768] (-) TimerEvent: {}
[308.432437] (-) TimerEvent: {}
[308.535010] (-) TimerEvent: {}
[308.636621] (-) TimerEvent: {}
[308.737963] (-) TimerEvent: {}
[308.839733] (-) TimerEvent: {}
[308.941537] (-) TimerEvent: {}
[309.043313] (-) TimerEvent: {}
[309.145899] (-) TimerEvent: {}
[309.247333] (-) TimerEvent: {}
[309.348730] (-) TimerEvent: {}
[309.450146] (-) TimerEvent: {}
[309.551456] (-) TimerEvent: {}
[309.653313] (-) TimerEvent: {}
[312.737867] (-) TimerEvent: {}
[312.839587] (-) TimerEvent: {}
[312.941247] (-) TimerEvent: {}
[313.043072] (-) TimerEvent: {}
[313.144957] (-) TimerEvent: {}
[313.246725] (-) TimerEvent: {}
[313.349587] (-) TimerEvent: {}
[313.452051] (-) TimerEvent: {}
[313.553847] (-) TimerEvent: {}
[313.655299] (-) TimerEvent: {}
[313.756767] (-) TimerEvent: {}
[313.858289] (-) TimerEvent: {}
[313.960105] (-) TimerEvent: {}
[314.061830] (-) TimerEvent: {}
[314.164140] (-) TimerEvent: {}
[314.265715] (-) TimerEvent: {}
[314.367662] (-) TimerEvent: {}
[314.469423] (-) TimerEvent: {}
[314.570882] (-) TimerEvent: {}
[314.672918] (-) TimerEvent: {}
[314.774602] (-) TimerEvent: {}
[314.876212] (-) TimerEvent: {}
[314.977917] (-) TimerEvent: {}
[315.080603] (-) TimerEvent: {}
[315.182265] (-) TimerEvent: {}
[315.283827] (-) TimerEvent: {}
[315.386704] (-) TimerEvent: {}
[315.488363] (-) TimerEvent: {}
[315.589969] (-) TimerEvent: {}
[315.691616] (-) TimerEvent: {}
[315.793389] (-) TimerEvent: {}
[315.895105] (-) TimerEvent: {}
[315.996572] (-) TimerEvent: {}
[316.098068] (-) TimerEvent: {}
[316.199786] (-) TimerEvent: {}
[316.301444] (-) TimerEvent: {}
[316.405206] (-) TimerEvent: {}
[316.507935] (-) TimerEvent: {}
[316.609642] (-) TimerEvent: {}
[316.711337] (-) TimerEvent: {}
[316.813122] (-) TimerEvent: {}
[316.915248] (-) TimerEvent: {}
[317.017005] (-) TimerEvent: {}
[317.118767] (-) TimerEvent: {}
[317.220388] (-) TimerEvent: {}
[317.321903] (-) TimerEvent: {}
[317.423578] (-) TimerEvent: {}
[317.525138] (-) TimerEvent: {}
[317.627094] (-) TimerEvent: {}
[317.728891] (-) TimerEvent: {}
[317.830748] (-) TimerEvent: {}
[317.932738] (-) TimerEvent: {}
[318.035151] (-) TimerEvent: {}
[318.136836] (-) TimerEvent: {}
[318.239117] (-) TimerEvent: {}
[318.342574] (-) TimerEvent: {}
[318.444231] (-) TimerEvent: {}
[318.546030] (-) TimerEvent: {}
[318.648015] (-) TimerEvent: {}
[318.749617] (-) TimerEvent: {}
[318.851019] (-) TimerEvent: {}
[318.952570] (-) TimerEvent: {}
[319.054395] (-) TimerEvent: {}
[319.156465] (-) TimerEvent: {}
[319.257914] (-) TimerEvent: {}
[319.359545] (-) TimerEvent: {}
[319.461017] (-) TimerEvent: {}
[319.562258] (-) TimerEvent: {}
[319.663775] (-) TimerEvent: {}
[320.584075] (-) TimerEvent: {}
[320.685889] (-) TimerEvent: {}
[320.787362] (-) TimerEvent: {}
[320.899356] (-) TimerEvent: {}
[321.031588] (-) TimerEvent: {}
[321.133735] (-) TimerEvent: {}
[321.235557] (-) TimerEvent: {}
[321.337341] (-) TimerEvent: {}
[321.439038] (-) TimerEvent: {}
[321.540430] (-) TimerEvent: {}
[321.641909] (-) TimerEvent: {}
[321.744069] (-) TimerEvent: {}
[321.846775] (-) TimerEvent: {}
[321.948397] (-) TimerEvent: {}
[322.049811] (-) TimerEvent: {}
[322.151280] (-) TimerEvent: {}
[322.254780] (-) TimerEvent: {}
[322.356200] (-) TimerEvent: {}
[322.457746] (-) TimerEvent: {}
[322.559221] (-) TimerEvent: {}
[322.660779] (-) TimerEvent: {}
[322.762291] (-) TimerEvent: {}
[322.863995] (-) TimerEvent: {}
[322.965654] (-) TimerEvent: {}
[323.067286] (-) TimerEvent: {}
[323.168967] (-) TimerEvent: {}
[323.270727] (-) TimerEvent: {}
[323.372403] (-) TimerEvent: {}
[323.474237] (-) TimerEvent: {}
[323.575962] (-) TimerEvent: {}
[323.677674] (-) TimerEvent: {}
[323.779226] (-) TimerEvent: {}
[323.880848] (-) TimerEvent: {}
[323.982446] (-) TimerEvent: {}
[324.084243] (-) TimerEvent: {}
[324.186178] (-) TimerEvent: {}
[324.287836] (-) TimerEvent: {}
[324.389371] (-) TimerEvent: {}
[324.491220] (-) TimerEvent: {}
[324.592953] (-) TimerEvent: {}
[324.694506] (-) TimerEvent: {}
[324.796483] (-) TimerEvent: {}
[324.898140] (-) TimerEvent: {}
[324.999915] (-) TimerEvent: {}
[325.101361] (-) TimerEvent: {}
[325.203104] (-) TimerEvent: {}
[325.305667] (-) TimerEvent: {}
[325.407384] (-) TimerEvent: {}
[325.509133] (-) TimerEvent: {}
[325.611017] (-) TimerEvent: {}
[325.712548] (-) TimerEvent: {}
[325.814839] (-) TimerEvent: {}
[325.917091] (-) TimerEvent: {}
[326.019013] (-) TimerEvent: {}
[326.120614] (-) TimerEvent: {}
[326.221978] (-) TimerEvent: {}
[326.323250] (-) TimerEvent: {}
[326.425334] (-) TimerEvent: {}
[326.527696] (-) TimerEvent: {}
[326.630361] (-) TimerEvent: {}
[326.732421] (-) TimerEvent: {}
[326.834230] (-) TimerEvent: {}
[326.935986] (-) TimerEvent: {}
[327.037240] (-) TimerEvent: {}
[327.138876] (-) TimerEvent: {}
[327.240698] (-) TimerEvent: {}
[327.342135] (-) TimerEvent: {}
[327.443368] (-) TimerEvent: {}
[327.545092] (-) TimerEvent: {}
[327.646882] (-) TimerEvent: {}
[327.748610] (-) TimerEvent: {}
[327.850162] (-) TimerEvent: {}
[327.951729] (-) TimerEvent: {}
[328.053408] (-) TimerEvent: {}
[328.155095] (-) TimerEvent: {}
[328.256694] (-) TimerEvent: {}
[328.358149] (-) TimerEvent: {}
[328.459724] (-) TimerEvent: {}
[328.561208] (-) TimerEvent: {}
[328.663061] (-) TimerEvent: {}
[328.765083] (-) TimerEvent: {}
[328.866548] (-) TimerEvent: {}
[328.968214] (-) TimerEvent: {}
[329.069769] (-) TimerEvent: {}
[329.171294] (-) TimerEvent: {}
[329.273123] (-) TimerEvent: {}
[329.374788] (-) TimerEvent: {}
[329.476499] (-) TimerEvent: {}
[329.578007] (-) TimerEvent: {}
[329.679714] (-) TimerEvent: {}
[329.781131] (-) TimerEvent: {}
[329.886566] (-) TimerEvent: {}
[329.988047] (-) TimerEvent: {}
[330.089842] (-) TimerEvent: {}
[330.191231] (-) TimerEvent: {}
[330.293076] (-) TimerEvent: {}
[330.394437] (-) TimerEvent: {}
[330.496030] (-) TimerEvent: {}
[330.597693] (-) TimerEvent: {}
[330.699775] (-) TimerEvent: {}
[330.801391] (-) TimerEvent: {}
[330.902743] (-) TimerEvent: {}
[331.004273] (-) TimerEvent: {}
[331.106084] (-) TimerEvent: {}
[331.207911] (-) TimerEvent: {}
[331.309303] (-) TimerEvent: {}
[331.410740] (-) TimerEvent: {}
[331.512423] (-) TimerEvent: {}
[331.614200] (-) TimerEvent: {}
[331.716058] (-) TimerEvent: {}
[331.817666] (-) TimerEvent: {}
[331.919503] (-) TimerEvent: {}
[332.021052] (-) TimerEvent: {}
[332.122581] (-) TimerEvent: {}
[332.227609] (-) TimerEvent: {}
[332.329117] (-) TimerEvent: {}
[332.430710] (-) TimerEvent: {}
[332.532288] (-) TimerEvent: {}
[332.633497] (-) TimerEvent: {}
[332.734719] (-) TimerEvent: {}
[332.836415] (-) TimerEvent: {}
[332.937854] (-) TimerEvent: {}
[333.039830] (-) TimerEvent: {}
[333.141413] (-) TimerEvent: {}
[333.243471] (-) TimerEvent: {}
[333.345513] (-) TimerEvent: {}
[333.447713] (-) TimerEvent: {}
[333.549322] (-) TimerEvent: {}
[333.650862] (-) TimerEvent: {}
[333.752570] (-) TimerEvent: {}
[333.854197] (-) TimerEvent: {}
[333.956134] (-) TimerEvent: {}
[334.057828] (-) TimerEvent: {}
[334.160638] (-) TimerEvent: {}
[334.262813] (-) TimerEvent: {}
[334.366395] (-) TimerEvent: {}
[334.467973] (-) TimerEvent: {}
[334.569770] (-) TimerEvent: {}
[334.671087] (-) TimerEvent: {}
[334.773571] (-) TimerEvent: {}
[334.874941] (-) TimerEvent: {}
[334.976833] (-) TimerEvent: {}
[335.078423] (-) TimerEvent: {}
[335.180313] (-) TimerEvent: {}
[335.281971] (-) TimerEvent: {}
[335.383215] (-) TimerEvent: {}
[335.484996] (-) TimerEvent: {}
[335.586465] (-) TimerEvent: {}
[335.687839] (-) TimerEvent: {}
[335.789430] (-) TimerEvent: {}
[335.891173] (-) TimerEvent: {}
[335.993021] (-) TimerEvent: {}
[336.094583] (-) TimerEvent: {}
[336.196229] (-) TimerEvent: {}
[336.297816] (-) TimerEvent: {}
[336.399674] (-) TimerEvent: {}
[336.501224] (-) TimerEvent: {}
[336.602766] (-) TimerEvent: {}
[336.704799] (-) TimerEvent: {}
[336.806263] (-) TimerEvent: {}
[336.907889] (-) TimerEvent: {}
[337.009320] (-) TimerEvent: {}
[337.110852] (-) TimerEvent: {}
[337.212449] (-) TimerEvent: {}
[337.314011] (-) TimerEvent: {}
[337.415789] (-) TimerEvent: {}
[337.517306] (-) TimerEvent: {}
[337.618754] (-) TimerEvent: {}
[337.720887] (-) TimerEvent: {}
[337.823318] (-) TimerEvent: {}
[337.926377] (-) TimerEvent: {}
[338.029675] (-) TimerEvent: {}
[338.131111] (-) TimerEvent: {}
[338.233678] (-) TimerEvent: {}
[338.335254] (-) TimerEvent: {}
[338.438948] (-) TimerEvent: {}
[338.540228] (-) TimerEvent: {}
[338.641985] (-) TimerEvent: {}
[338.743595] (-) TimerEvent: {}
[338.845265] (-) TimerEvent: {}
[338.946832] (-) TimerEvent: {}
[339.048755] (-) TimerEvent: {}
[339.150250] (-) TimerEvent: {}
[339.252605] (-) TimerEvent: {}
[339.354063] (-) TimerEvent: {}
[339.455831] (-) TimerEvent: {}
[339.558193] (-) TimerEvent: {}
[339.660119] (-) TimerEvent: {}
[339.761819] (-) TimerEvent: {}
[339.863354] (-) TimerEvent: {}
[339.964976] (-) TimerEvent: {}
[340.066665] (-) TimerEvent: {}
[340.168847] (-) TimerEvent: {}
[340.270614] (-) TimerEvent: {}
[340.372445] (-) TimerEvent: {}
[340.473749] (-) TimerEvent: {}
[340.575276] (-) TimerEvent: {}
[340.677411] (-) TimerEvent: {}
[340.778946] (-) TimerEvent: {}
[340.880610] (-) TimerEvent: {}
[340.982364] (-) TimerEvent: {}
[341.083976] (-) TimerEvent: {}
[341.185514] (-) TimerEvent: {}
[341.287160] (-) TimerEvent: {}
[341.388682] (-) TimerEvent: {}
[341.490349] (-) TimerEvent: {}
[341.592084] (-) TimerEvent: {}
[341.693318] (-) TimerEvent: {}
[341.795080] (-) TimerEvent: {}
[341.896671] (-) TimerEvent: {}
[341.998243] (-) TimerEvent: {}
[342.099959] (-) TimerEvent: {}
[342.201473] (-) TimerEvent: {}
[342.303042] (-) TimerEvent: {}
[342.404784] (-) TimerEvent: {}
[342.506345] (-) TimerEvent: {}
[342.608145] (-) TimerEvent: {}
[342.709830] (-) TimerEvent: {}
[342.811457] (-) TimerEvent: {}
[342.913085] (-) TimerEvent: {}
[343.014853] (-) TimerEvent: {}
[343.116471] (-) TimerEvent: {}
[343.218216] (-) TimerEvent: {}
[343.320063] (-) TimerEvent: {}
[343.422325] (-) TimerEvent: {}
[343.523926] (-) TimerEvent: {}
[343.625564] (-) TimerEvent: {}
[343.727192] (-) TimerEvent: {}
[343.828785] (-) TimerEvent: {}
[343.930410] (-) TimerEvent: {}
[344.032024] (-) TimerEvent: {}
[344.133664] (-) TimerEvent: {}
[344.235289] (-) TimerEvent: {}
[344.338128] (-) TimerEvent: {}
[344.439900] (-) TimerEvent: {}
[344.541558] (-) TimerEvent: {}
[344.643338] (-) TimerEvent: {}
[344.745312] (-) TimerEvent: {}
[344.846789] (-) TimerEvent: {}
[344.948297] (-) TimerEvent: {}
[345.049852] (-) TimerEvent: {}
[345.151378] (-) TimerEvent: {}
[345.253909] (-) TimerEvent: {}
[345.355226] (-) TimerEvent: {}
[345.456835] (-) TimerEvent: {}
[345.558408] (-) TimerEvent: {}
[345.659853] (-) TimerEvent: {}
[345.761148] (-) TimerEvent: {}
[345.862991] (-) TimerEvent: {}
[345.964983] (-) TimerEvent: {}
[346.066600] (-) TimerEvent: {}
[346.168281] (-) TimerEvent: {}
[346.269754] (-) TimerEvent: {}
[346.371291] (-) TimerEvent: {}
[346.473192] (-) TimerEvent: {}
[346.574574] (-) TimerEvent: {}
[346.676181] (-) TimerEvent: {}
[346.777706] (-) TimerEvent: {}
[346.879235] (-) TimerEvent: {}
[346.980875] (-) TimerEvent: {}
[347.082692] (-) TimerEvent: {}
[347.184225] (-) TimerEvent: {}
[347.286231] (-) TimerEvent: {}
[347.389145] (-) TimerEvent: {}
[347.490858] (-) TimerEvent: {}
[347.593776] (-) TimerEvent: {}
[347.695873] (-) TimerEvent: {}
[347.798365] (-) TimerEvent: {}
[347.900105] (-) TimerEvent: {}
[348.001483] (-) TimerEvent: {}
[348.102972] (-) TimerEvent: {}
[348.204740] (-) TimerEvent: {}
[348.306533] (-) TimerEvent: {}
[348.408474] (-) TimerEvent: {}
[348.510234] (-) TimerEvent: {}
[348.611885] (-) TimerEvent: {}
[348.713703] (-) TimerEvent: {}
[348.815226] (-) TimerEvent: {}
[348.917438] (-) TimerEvent: {}
[349.019008] (-) TimerEvent: {}
[349.120672] (-) TimerEvent: {}
[349.223493] (-) TimerEvent: {}
[349.325090] (-) TimerEvent: {}
[349.426675] (-) TimerEvent: {}
[349.528484] (-) TimerEvent: {}
[349.630407] (-) TimerEvent: {}
[349.731974] (-) TimerEvent: {}
[349.833474] (-) TimerEvent: {}
[349.935486] (-) TimerEvent: {}
[350.037505] (-) TimerEvent: {}
[350.139164] (-) TimerEvent: {}
[350.240851] (-) TimerEvent: {}
[350.342670] (-) TimerEvent: {}
[350.444352] (-) TimerEvent: {}
[350.545928] (-) TimerEvent: {}
[350.647531] (-) TimerEvent: {}
[350.748983] (-) TimerEvent: {}
[350.850527] (-) TimerEvent: {}
[350.952539] (-) TimerEvent: {}
[351.722287] (-) TimerEvent: {}
[351.859061] (-) TimerEvent: {}
[351.960649] (-) TimerEvent: {}
[352.062851] (-) TimerEvent: {}
[352.165791] (-) TimerEvent: {}
[352.269120] (-) TimerEvent: {}
[352.371811] (-) TimerEvent: {}
[352.473493] (-) TimerEvent: {}
[352.575232] (-) TimerEvent: {}
[352.677924] (-) TimerEvent: {}
[352.779399] (-) TimerEvent: {}
[352.881214] (-) TimerEvent: {}
[352.983019] (-) TimerEvent: {}
[353.084733] (-) TimerEvent: {}
[353.186333] (-) TimerEvent: {}
[353.288071] (-) TimerEvent: {}
[353.389598] (-) TimerEvent: {}
[353.491042] (-) TimerEvent: {}
[353.592730] (-) TimerEvent: {}
[353.694242] (-) TimerEvent: {}
[353.795731] (-) TimerEvent: {}
[353.897394] (-) TimerEvent: {}
[353.998833] (-) TimerEvent: {}
[354.100345] (-) TimerEvent: {}
[354.201791] (-) TimerEvent: {}
[354.303004] (-) TimerEvent: {}
[354.404572] (-) TimerEvent: {}
[354.506354] (-) TimerEvent: {}
[354.608224] (-) TimerEvent: {}
[354.710351] (-) TimerEvent: {}
[354.812056] (-) TimerEvent: {}
[354.913470] (-) TimerEvent: {}
[355.015190] (-) TimerEvent: {}
[355.117104] (-) TimerEvent: {}
[355.218666] (-) TimerEvent: {}
[355.320394] (-) TimerEvent: {}
[355.421979] (-) TimerEvent: {}
[355.523589] (-) TimerEvent: {}
[355.625025] (-) TimerEvent: {}
[355.726570] (-) TimerEvent: {}
[355.828253] (-) TimerEvent: {}
[355.930022] (-) TimerEvent: {}
[356.033549] (-) TimerEvent: {}
[356.136659] (-) TimerEvent: {}
[356.237903] (-) TimerEvent: {}
[356.339310] (-) TimerEvent: {}
[356.442431] (-) TimerEvent: {}
[356.544095] (-) TimerEvent: {}
[356.647729] (-) TimerEvent: {}
[356.749567] (-) TimerEvent: {}
[356.851338] (-) TimerEvent: {}
[356.952877] (-) TimerEvent: {}
[357.054337] (-) TimerEvent: {}
[357.155796] (-) TimerEvent: {}
[357.257461] (-) TimerEvent: {}
[357.358870] (-) TimerEvent: {}
[357.460204] (-) TimerEvent: {}
[357.561939] (-) TimerEvent: {}
[357.663717] (-) TimerEvent: {}
[357.765633] (-) TimerEvent: {}
[357.867515] (-) TimerEvent: {}
[357.969048] (-) TimerEvent: {}
[358.070566] (-) TimerEvent: {}
[358.172143] (-) TimerEvent: {}
[358.273792] (-) TimerEvent: {}
[358.375551] (-) TimerEvent: {}
[358.477118] (-) TimerEvent: {}
[358.578741] (-) TimerEvent: {}
[358.680585] (-) TimerEvent: {}
[358.782144] (-) TimerEvent: {}
[358.883666] (-) TimerEvent: {}
[358.985125] (-) TimerEvent: {}
[359.086689] (-) TimerEvent: {}
[359.188416] (-) TimerEvent: {}
[359.290355] (-) TimerEvent: {}
[359.392071] (-) TimerEvent: {}
[359.493595] (-) TimerEvent: {}
[359.595611] (-) TimerEvent: {}
[359.697469] (-) TimerEvent: {}
[359.799265] (-) TimerEvent: {}
[359.900988] (-) TimerEvent: {}
[360.002700] (-) TimerEvent: {}
[360.105054] (-) TimerEvent: {}
[360.207394] (-) TimerEvent: {}
[360.308997] (-) TimerEvent: {}
[360.411566] (-) TimerEvent: {}
[360.513961] (-) TimerEvent: {}
[360.615306] (-) TimerEvent: {}
[360.717118] (-) TimerEvent: {}
[360.818841] (-) TimerEvent: {}
[360.924015] (-) TimerEvent: {}
[361.025723] (-) TimerEvent: {}
[361.127516] (-) TimerEvent: {}
[361.228967] (-) TimerEvent: {}
[361.330505] (-) TimerEvent: {}
[361.432145] (-) TimerEvent: {}
[361.533678] (-) TimerEvent: {}
[361.635400] (-) TimerEvent: {}
[361.737135] (-) TimerEvent: {}
[361.838758] (-) TimerEvent: {}
[361.940411] (-) TimerEvent: {}
[362.041877] (-) TimerEvent: {}
[362.143623] (-) TimerEvent: {}
[362.245131] (-) TimerEvent: {}
[362.346699] (-) TimerEvent: {}
[362.448282] (-) TimerEvent: {}
[362.549812] (-) TimerEvent: {}
[362.651664] (-) TimerEvent: {}
[362.753460] (-) TimerEvent: {}
[362.856135] (-) TimerEvent: {}
[362.958339] (-) TimerEvent: {}
[363.059970] (-) TimerEvent: {}
[363.161470] (-) TimerEvent: {}
[363.262969] (-) TimerEvent: {}
[363.364460] (-) TimerEvent: {}
[363.466145] (-) TimerEvent: {}
[363.568538] (-) TimerEvent: {}
[363.670213] (-) TimerEvent: {}
[363.771912] (-) TimerEvent: {}
[363.873576] (-) TimerEvent: {}
[363.975048] (-) TimerEvent: {}
[364.076624] (-) TimerEvent: {}
[364.178455] (-) TimerEvent: {}
[364.281061] (-) TimerEvent: {}
[364.382579] (-) TimerEvent: {}
[364.484225] (-) TimerEvent: {}
[364.586252] (-) TimerEvent: {}
[364.689328] (-) TimerEvent: {}
[364.792313] (-) TimerEvent: {}
[364.895448] (-) TimerEvent: {}
[364.998141] (-) TimerEvent: {}
[365.099635] (-) TimerEvent: {}
[365.201320] (-) TimerEvent: {}
[365.302673] (-) TimerEvent: {}
[365.404120] (-) TimerEvent: {}
[365.506168] (-) TimerEvent: {}
[365.608386] (-) TimerEvent: {}
[365.710110] (-) TimerEvent: {}
[365.811731] (-) TimerEvent: {}
[365.913370] (-) TimerEvent: {}
[366.014828] (-) TimerEvent: {}
[366.116590] (-) TimerEvent: {}
[366.218031] (-) TimerEvent: {}
[366.320709] (-) TimerEvent: {}
[366.422169] (-) TimerEvent: {}
[366.523569] (-) TimerEvent: {}
[366.625475] (-) TimerEvent: {}
[366.727749] (-) TimerEvent: {}
[366.829718] (-) TimerEvent: {}
[366.931324] (-) TimerEvent: {}
[367.032752] (-) TimerEvent: {}
[367.134151] (-) TimerEvent: {}
[367.235665] (-) TimerEvent: {}
[367.337176] (-) TimerEvent: {}
[367.438837] (-) TimerEvent: {}
[367.540393] (-) TimerEvent: {}
[367.642094] (-) TimerEvent: {}
[367.743644] (-) TimerEvent: {}
[367.845307] (-) TimerEvent: {}
[367.948134] (-) TimerEvent: {}
[368.050137] (-) TimerEvent: {}
[368.151841] (-) TimerEvent: {}
[368.253510] (-) TimerEvent: {}
[368.354924] (-) TimerEvent: {}
[368.456187] (-) TimerEvent: {}
[368.557811] (-) TimerEvent: {}
[368.659794] (-) TimerEvent: {}
[368.761322] (-) TimerEvent: {}
[368.862956] (-) TimerEvent: {}
[368.964767] (-) TimerEvent: {}
[369.066635] (-) TimerEvent: {}
[369.168837] (-) TimerEvent: {}
[369.270404] (-) TimerEvent: {}
[369.372939] (-) TimerEvent: {}
[369.475493] (-) TimerEvent: {}
[369.576865] (-) TimerEvent: {}
[369.678385] (-) TimerEvent: {}
[369.779970] (-) TimerEvent: {}
[369.881585] (-) TimerEvent: {}
[369.983141] (-) TimerEvent: {}
[370.084495] (-) TimerEvent: {}
[370.185938] (-) TimerEvent: {}
[370.287637] (-) TimerEvent: {}
[370.389385] (-) TimerEvent: {}
[370.490849] (-) TimerEvent: {}
[370.592521] (-) TimerEvent: {}
[370.694055] (-) TimerEvent: {}
[370.795637] (-) TimerEvent: {}
[370.897143] (-) TimerEvent: {}
[370.999165] (-) TimerEvent: {}
[371.100642] (-) TimerEvent: {}
[371.202230] (-) TimerEvent: {}
[371.303973] (-) TimerEvent: {}
[371.405549] (-) TimerEvent: {}
[371.507131] (-) TimerEvent: {}
[371.608313] (-) TimerEvent: {}
[371.709649] (-) TimerEvent: {}
[371.811473] (-) TimerEvent: {}
[371.914044] (-) TimerEvent: {}
[372.015690] (-) TimerEvent: {}
[372.117241] (-) TimerEvent: {}
[372.221580] (-) TimerEvent: {}
[372.323648] (-) TimerEvent: {}
[372.425149] (-) TimerEvent: {}
[372.526455] (-) TimerEvent: {}
[372.629217] (-) TimerEvent: {}
[372.730706] (-) TimerEvent: {}
[372.832210] (-) TimerEvent: {}
[372.933764] (-) TimerEvent: {}
[373.035054] (-) TimerEvent: {}
[373.136594] (-) TimerEvent: {}
[373.238740] (-) TimerEvent: {}
[373.340362] (-) TimerEvent: {}
[373.441898] (-) TimerEvent: {}
[373.543732] (-) TimerEvent: {}
[373.645488] (-) TimerEvent: {}
[373.747050] (-) TimerEvent: {}
[373.848915] (-) TimerEvent: {}
[373.950820] (-) TimerEvent: {}
[374.052670] (-) TimerEvent: {}
[374.154307] (-) TimerEvent: {}
[374.255894] (-) TimerEvent: {}
[374.357413] (-) TimerEvent: {}
[374.458902] (-) TimerEvent: {}
[374.560499] (-) TimerEvent: {}
[374.662225] (-) TimerEvent: {}
[374.764082] (-) TimerEvent: {}
[374.865817] (-) TimerEvent: {}
[374.967465] (-) TimerEvent: {}
[375.069193] (-) TimerEvent: {}
[375.170808] (-) TimerEvent: {}
[375.272495] (-) TimerEvent: {}
[375.374314] (-) TimerEvent: {}
[375.475983] (-) TimerEvent: {}
[375.577887] (-) TimerEvent: {}
[375.680334] (-) TimerEvent: {}
[375.782298] (-) TimerEvent: {}
[375.884039] (-) TimerEvent: {}
[375.985528] (-) TimerEvent: {}
[376.087147] (-) TimerEvent: {}
[376.189086] (-) TimerEvent: {}
[376.291687] (-) TimerEvent: {}
[376.393004] (-) TimerEvent: {}
[376.494291] (-) TimerEvent: {}
[376.595692] (-) TimerEvent: {}
[376.697019] (-) TimerEvent: {}
[376.798526] (-) TimerEvent: {}
[376.900119] (-) TimerEvent: {}
[377.001861] (-) TimerEvent: {}
[377.103619] (-) TimerEvent: {}
[377.205147] (-) TimerEvent: {}
[377.306840] (-) TimerEvent: {}
[377.408294] (-) TimerEvent: {}
[377.509763] (-) TimerEvent: {}
[377.611454] (-) TimerEvent: {}
[377.713013] (-) TimerEvent: {}
[377.814553] (-) TimerEvent: {}
[377.916353] (-) TimerEvent: {}
[378.017680] (-) TimerEvent: {}
[378.119101] (-) TimerEvent: {}
[378.221329] (-) TimerEvent: {}
[378.323718] (-) TimerEvent: {}
[378.425321] (-) TimerEvent: {}
[378.526778] (-) TimerEvent: {}
[378.628715] (-) TimerEvent: {}
[378.730536] (-) TimerEvent: {}
[378.832150] (-) TimerEvent: {}
[378.933915] (-) TimerEvent: {}
[379.035536] (-) TimerEvent: {}
[379.137254] (-) TimerEvent: {}
[379.238893] (-) TimerEvent: {}
[379.340543] (-) TimerEvent: {}
[379.442128] (-) TimerEvent: {}
[379.543453] (-) TimerEvent: {}
[379.645018] (-) TimerEvent: {}
[379.746529] (-) TimerEvent: {}
[379.848064] (-) TimerEvent: {}
[379.949602] (-) TimerEvent: {}
[380.051264] (-) TimerEvent: {}
[380.152872] (-) TimerEvent: {}
[380.254566] (-) TimerEvent: {}
[380.355931] (-) TimerEvent: {}
[380.457720] (-) TimerEvent: {}
[380.559253] (-) TimerEvent: {}
[380.660825] (-) TimerEvent: {}
[380.762443] (-) TimerEvent: {}
[380.864402] (-) TimerEvent: {}
[380.966863] (-) TimerEvent: {}
[381.068154] (-) TimerEvent: {}
[381.169648] (-) TimerEvent: {}
[381.271227] (-) TimerEvent: {}
[381.373293] (-) TimerEvent: {}
[381.474882] (-) TimerEvent: {}
[381.576559] (-) TimerEvent: {}
[381.677866] (-) TimerEvent: {}
[381.779292] (-) TimerEvent: {}
[381.901377] (-) TimerEvent: {}
[382.091362] (-) TimerEvent: {}
[382.650666] (-) TimerEvent: {}
[382.751945] (-) TimerEvent: {}
[382.853422] (-) TimerEvent: {}
[382.955523] (-) TimerEvent: {}
[383.057140] (-) TimerEvent: {}
[383.158751] (-) TimerEvent: {}
[383.260026] (-) TimerEvent: {}
[383.361590] (-) TimerEvent: {}
[383.463108] (-) TimerEvent: {}
[383.564719] (-) TimerEvent: {}
[383.666292] (-) TimerEvent: {}
[383.767857] (-) TimerEvent: {}
[383.869407] (-) TimerEvent: {}
[383.970838] (-) TimerEvent: {}
[384.072387] (-) TimerEvent: {}
[384.173919] (-) TimerEvent: {}
[384.275835] (-) TimerEvent: {}
[384.378131] (-) TimerEvent: {}
[384.479961] (-) TimerEvent: {}
[384.581724] (-) TimerEvent: {}
[384.683788] (-) TimerEvent: {}
[384.786427] (-) TimerEvent: {}
[384.888306] (-) TimerEvent: {}
[384.989883] (-) TimerEvent: {}
[385.091380] (-) TimerEvent: {}
[385.193072] (-) TimerEvent: {}
[385.294619] (-) TimerEvent: {}
[385.396151] (-) TimerEvent: {}
[385.497766] (-) TimerEvent: {}
[385.599394] (-) TimerEvent: {}
[385.700799] (-) TimerEvent: {}
[385.802143] (-) TimerEvent: {}
[385.903703] (-) TimerEvent: {}
[386.005100] (-) TimerEvent: {}
[386.106635] (-) TimerEvent: {}
[386.208192] (-) TimerEvent: {}
[386.309652] (-) TimerEvent: {}
[386.411084] (-) TimerEvent: {}
[386.512660] (-) TimerEvent: {}
[386.614157] (-) TimerEvent: {}
[386.715646] (-) TimerEvent: {}
[386.817261] (-) TimerEvent: {}
[386.918666] (-) TimerEvent: {}
[387.020666] (-) TimerEvent: {}
[387.122246] (-) TimerEvent: {}
[387.224067] (-) TimerEvent: {}
[387.325566] (-) TimerEvent: {}
[387.426822] (-) TimerEvent: {}
[387.528389] (-) TimerEvent: {}
[387.629976] (-) TimerEvent: {}
[387.731581] (-) TimerEvent: {}
[387.833079] (-) TimerEvent: {}
[387.934543] (-) TimerEvent: {}
[388.036160] (-) TimerEvent: {}
[388.137756] (-) TimerEvent: {}
[388.239353] (-) TimerEvent: {}
[388.340852] (-) TimerEvent: {}
[388.442631] (-) TimerEvent: {}
[388.544549] (-) TimerEvent: {}
[388.646045] (-) TimerEvent: {}
[388.747658] (-) TimerEvent: {}
[388.849084] (-) TimerEvent: {}
[388.950443] (-) TimerEvent: {}
[389.053481] (-) TimerEvent: {}
[389.156180] (-) TimerEvent: {}
[389.257692] (-) TimerEvent: {}
[389.359121] (-) TimerEvent: {}
[389.460619] (-) TimerEvent: {}
[389.562136] (-) TimerEvent: {}
[389.663567] (-) TimerEvent: {}
[389.765131] (-) TimerEvent: {}
[389.866514] (-) TimerEvent: {}
[389.968182] (-) TimerEvent: {}
[390.070080] (-) TimerEvent: {}
[390.171755] (-) TimerEvent: {}
[390.273304] (-) TimerEvent: {}
[390.374777] (-) TimerEvent: {}
[390.476336] (-) TimerEvent: {}
[390.577950] (-) TimerEvent: {}
[390.679487] (-) TimerEvent: {}
[390.781212] (-) TimerEvent: {}
[390.882997] (-) TimerEvent: {}
[390.984761] (-) TimerEvent: {}
[391.086285] (-) TimerEvent: {}
[391.188122] (-) TimerEvent: {}
[391.289973] (-) TimerEvent: {}
[391.391764] (-) TimerEvent: {}
[391.493331] (-) TimerEvent: {}
[391.594997] (-) TimerEvent: {}
[391.697587] (-) TimerEvent: {}
[391.800265] (-) TimerEvent: {}
[391.902645] (-) TimerEvent: {}
[392.004414] (-) TimerEvent: {}
[392.105693] (-) TimerEvent: {}
[392.207206] (-) TimerEvent: {}
[392.309016] (-) TimerEvent: {}
[392.411682] (-) TimerEvent: {}
[392.514327] (-) TimerEvent: {}
[392.616229] (-) TimerEvent: {}
[392.718188] (-) TimerEvent: {}
[392.819747] (-) TimerEvent: {}
[392.922112] (-) TimerEvent: {}
[393.023644] (-) TimerEvent: {}
[393.125603] (-) TimerEvent: {}
[393.227820] (-) TimerEvent: {}
[393.329372] (-) TimerEvent: {}
[393.431207] (-) TimerEvent: {}
[393.533040] (-) TimerEvent: {}
[393.634887] (-) TimerEvent: {}
[393.736920] (-) TimerEvent: {}
[393.838377] (-) TimerEvent: {}
[393.939934] (-) TimerEvent: {}
[394.041494] (-) TimerEvent: {}
[394.143015] (-) TimerEvent: {}
[394.244532] (-) TimerEvent: {}
[394.346069] (-) TimerEvent: {}
[394.448555] (-) TimerEvent: {}
[394.551142] (-) TimerEvent: {}
[394.653030] (-) TimerEvent: {}
[394.754730] (-) TimerEvent: {}
[394.856578] (-) TimerEvent: {}
[394.958204] (-) TimerEvent: {}
[395.059777] (-) TimerEvent: {}
[395.161509] (-) TimerEvent: {}
[395.262886] (-) TimerEvent: {}
[395.364753] (-) TimerEvent: {}
[395.466406] (-) TimerEvent: {}
[395.568224] (-) TimerEvent: {}
[395.670018] (-) TimerEvent: {}
[395.771498] (-) TimerEvent: {}
[395.872974] (-) TimerEvent: {}
[395.974452] (-) TimerEvent: {}
[396.076219] (-) TimerEvent: {}
[396.177805] (-) TimerEvent: {}
[396.279024] (-) TimerEvent: {}
[396.380537] (-) TimerEvent: {}
[396.482111] (-) TimerEvent: {}
[396.583739] (-) TimerEvent: {}
[396.685149] (-) TimerEvent: {}
[396.786762] (-) TimerEvent: {}
[396.888830] (-) TimerEvent: {}
[396.990376] (-) TimerEvent: {}
[397.091946] (-) TimerEvent: {}
[397.193467] (-) TimerEvent: {}
[397.295077] (-) TimerEvent: {}
[397.396578] (-) TimerEvent: {}
[397.498188] (-) TimerEvent: {}
[397.599737] (-) TimerEvent: {}
[397.701189] (-) TimerEvent: {}
[397.802719] (-) TimerEvent: {}
[397.904385] (-) TimerEvent: {}
[398.006061] (-) TimerEvent: {}
[398.107541] (-) TimerEvent: {}
[398.209084] (-) TimerEvent: {}
[398.310587] (-) TimerEvent: {}
[398.412131] (-) TimerEvent: {}
[398.514875] (-) TimerEvent: {}
[398.617324] (-) TimerEvent: {}
[398.718950] (-) TimerEvent: {}
[398.820567] (-) TimerEvent: {}
[398.922043] (-) TimerEvent: {}
[399.023561] (-) TimerEvent: {}
[399.125044] (-) TimerEvent: {}
[399.226713] (-) TimerEvent: {}
[399.328474] (-) TimerEvent: {}
[399.430079] (-) TimerEvent: {}
[399.531640] (-) TimerEvent: {}
[399.633151] (-) TimerEvent: {}
[399.734639] (-) TimerEvent: {}
[399.836211] (-) TimerEvent: {}
[399.937706] (-) TimerEvent: {}
[400.039180] (-) TimerEvent: {}
[400.140973] (-) TimerEvent: {}
[400.243829] (-) TimerEvent: {}
[400.346587] (-) TimerEvent: {}
[400.448381] (-) TimerEvent: {}
[400.549813] (-) TimerEvent: {}
[400.651256] (-) TimerEvent: {}
[400.752882] (-) TimerEvent: {}
[400.854411] (-) TimerEvent: {}
[400.956067] (-) TimerEvent: {}
[401.057736] (-) TimerEvent: {}
[401.159302] (-) TimerEvent: {}
[401.260913] (-) TimerEvent: {}
[401.362636] (-) TimerEvent: {}
[401.464364] (-) TimerEvent: {}
[401.565603] (-) TimerEvent: {}
[401.667311] (-) TimerEvent: {}
[401.769983] (-) TimerEvent: {}
[401.871768] (-) TimerEvent: {}
[401.973356] (-) TimerEvent: {}
[402.074787] (-) TimerEvent: {}
[402.176268] (-) TimerEvent: {}
[402.277849] (-) TimerEvent: {}
[402.379444] (-) TimerEvent: {}
[402.480931] (-) TimerEvent: {}
[402.583240] (-) TimerEvent: {}
[402.684905] (-) TimerEvent: {}
[402.786383] (-) TimerEvent: {}
[402.887979] (-) TimerEvent: {}
[402.989561] (-) TimerEvent: {}
[403.091334] (-) TimerEvent: {}
[403.192781] (-) TimerEvent: {}
[403.294236] (-) TimerEvent: {}
[403.395783] (-) TimerEvent: {}
[403.497250] (-) TimerEvent: {}
[403.598813] (-) TimerEvent: {}
[403.700466] (-) TimerEvent: {}
[403.801937] (-) TimerEvent: {}
[403.903517] (-) TimerEvent: {}
[404.004999] (-) TimerEvent: {}
[404.106415] (-) TimerEvent: {}
[404.207920] (-) TimerEvent: {}
[404.309575] (-) TimerEvent: {}
[404.411904] (-) TimerEvent: {}
[404.514186] (-) TimerEvent: {}
[404.615760] (-) TimerEvent: {}
[404.717049] (-) TimerEvent: {}
[404.819465] (-) TimerEvent: {}
[404.921016] (-) TimerEvent: {}
[405.022539] (-) TimerEvent: {}
[405.124148] (-) TimerEvent: {}
[405.225600] (-) TimerEvent: {}
[405.327093] (-) TimerEvent: {}
[405.428735] (-) TimerEvent: {}
[405.531049] (-) TimerEvent: {}
[405.632996] (-) TimerEvent: {}
[405.734600] (-) TimerEvent: {}
[405.836485] (-) TimerEvent: {}
[405.938169] (-) TimerEvent: {}
[406.039742] (-) TimerEvent: {}
[406.141448] (-) TimerEvent: {}
[406.243050] (-) TimerEvent: {}
[406.344624] (-) TimerEvent: {}
[406.446338] (-) TimerEvent: {}
[406.549263] (-) TimerEvent: {}
[406.651771] (-) TimerEvent: {}
[406.753309] (-) TimerEvent: {}
[406.854678] (-) TimerEvent: {}
[406.956364] (-) TimerEvent: {}
[407.058079] (-) TimerEvent: {}
[407.159591] (-) TimerEvent: {}
[407.261047] (-) TimerEvent: {}
[407.362712] (-) TimerEvent: {}
[407.464713] (-) TimerEvent: {}
[407.566418] (-) TimerEvent: {}
[407.669040] (-) TimerEvent: {}
[407.770569] (-) TimerEvent: {}
[407.872116] (-) TimerEvent: {}
[407.973495] (-) TimerEvent: {}
[408.075306] (-) TimerEvent: {}
[408.177408] (-) TimerEvent: {}
[408.278942] (-) TimerEvent: {}
[408.380505] (-) TimerEvent: {}
[408.482059] (-) TimerEvent: {}
[408.583747] (-) TimerEvent: {}
[408.685569] (-) TimerEvent: {}
[408.787189] (-) TimerEvent: {}
[408.889037] (-) TimerEvent: {}
[408.990779] (-) TimerEvent: {}
[409.092694] (-) TimerEvent: {}
[409.194224] (-) TimerEvent: {}
[409.295961] (-) TimerEvent: {}
[409.397505] (-) TimerEvent: {}
[409.499170] (-) TimerEvent: {}
[409.601397] (-) TimerEvent: {}
[409.703050] (-) TimerEvent: {}
[409.804681] (-) TimerEvent: {}
[409.906168] (-) TimerEvent: {}
[410.007741] (-) TimerEvent: {}
[410.109372] (-) TimerEvent: {}
[410.210894] (-) TimerEvent: {}
[410.312584] (-) TimerEvent: {}
[410.414206] (-) TimerEvent: {}
[410.515766] (-) TimerEvent: {}
[410.617255] (-) TimerEvent: {}
[410.719069] (-) TimerEvent: {}
[410.821226] (-) TimerEvent: {}
[410.923319] (-) TimerEvent: {}
[411.024735] (-) TimerEvent: {}
[411.126444] (-) TimerEvent: {}
[411.228236] (-) TimerEvent: {}
[411.329733] (-) TimerEvent: {}
[411.431109] (-) TimerEvent: {}
[411.533347] (-) TimerEvent: {}
[411.635556] (-) TimerEvent: {}
[411.737158] (-) TimerEvent: {}
[411.838924] (-) TimerEvent: {}
[411.940515] (-) TimerEvent: {}
[412.042003] (-) TimerEvent: {}
[412.143623] (-) TimerEvent: {}
[412.245261] (-) TimerEvent: {}
[412.346917] (-) TimerEvent: {}
[412.448896] (-) TimerEvent: {}
[412.550582] (-) TimerEvent: {}
[412.666053] (-) TimerEvent: {}
[412.808494] (-) TimerEvent: {}
[412.910252] (-) TimerEvent: {}
[413.012670] (-) TimerEvent: {}
[413.321544] (-) TimerEvent: {}
[413.423135] (-) TimerEvent: {}
[413.524775] (-) TimerEvent: {}
[413.626357] (-) TimerEvent: {}
[413.728110] (-) TimerEvent: {}
[413.829585] (-) TimerEvent: {}
[413.931237] (-) TimerEvent: {}
[414.032556] (-) TimerEvent: {}
[414.134146] (-) TimerEvent: {}
[414.235770] (-) TimerEvent: {}
[414.338411] (-) TimerEvent: {}
[414.440988] (-) TimerEvent: {}
[414.542620] (-) TimerEvent: {}
[414.644224] (-) TimerEvent: {}
[414.745689] (-) TimerEvent: {}
[414.847309] (-) TimerEvent: {}
[414.948995] (-) TimerEvent: {}
[415.050979] (-) TimerEvent: {}
[415.152344] (-) TimerEvent: {}
[415.253652] (-) TimerEvent: {}
[415.355272] (-) TimerEvent: {}
[415.457091] (-) TimerEvent: {}
[415.558576] (-) TimerEvent: {}
[415.660074] (-) TimerEvent: {}
[415.761437] (-) TimerEvent: {}
[415.863217] (-) TimerEvent: {}
[415.964981] (-) TimerEvent: {}
[416.067177] (-) TimerEvent: {}
[416.168992] (-) TimerEvent: {}
[416.270556] (-) TimerEvent: {}
[416.374310] (-) TimerEvent: {}
[416.475968] (-) TimerEvent: {}
[416.578494] (-) TimerEvent: {}
[416.681271] (-) TimerEvent: {}
[416.783204] (-) TimerEvent: {}
[416.884934] (-) TimerEvent: {}
[416.986254] (-) TimerEvent: {}
[417.088315] (-) TimerEvent: {}
[417.189914] (-) TimerEvent: {}
[417.291640] (-) TimerEvent: {}
[417.393365] (-) TimerEvent: {}
[417.497210] (-) TimerEvent: {}
[417.599286] (-) TimerEvent: {}
[417.700859] (-) TimerEvent: {}
[417.802322] (-) TimerEvent: {}
[417.903803] (-) TimerEvent: {}
[418.006433] (-) TimerEvent: {}
[418.108222] (-) TimerEvent: {}
[418.209870] (-) TimerEvent: {}
[418.311296] (-) TimerEvent: {}
[418.412630] (-) TimerEvent: {}
[418.514431] (-) TimerEvent: {}
[418.616214] (-) TimerEvent: {}
[418.717878] (-) TimerEvent: {}
[418.820331] (-) TimerEvent: {}
[418.921682] (-) TimerEvent: {}
[419.023244] (-) TimerEvent: {}
[419.124897] (-) TimerEvent: {}
[419.226550] (-) TimerEvent: {}
[419.328544] (-) TimerEvent: {}
[419.431023] (-) TimerEvent: {}
[419.533407] (-) TimerEvent: {}
[419.635234] (-) TimerEvent: {}
[419.736949] (-) TimerEvent: {}
[419.838601] (-) TimerEvent: {}
[419.940174] (-) TimerEvent: {}
[420.041529] (-) TimerEvent: {}
[420.142771] (-) TimerEvent: {}
[420.244083] (-) TimerEvent: {}
[420.345470] (-) TimerEvent: {}
[420.446823] (-) TimerEvent: {}
[420.548231] (-) TimerEvent: {}
[420.649827] (-) TimerEvent: {}
[420.751644] (-) TimerEvent: {}
[420.853465] (-) TimerEvent: {}
[420.955020] (-) TimerEvent: {}
[421.056764] (-) TimerEvent: {}
[421.454224] (-) TimerEvent: {}
[421.556071] (-) TimerEvent: {}
[421.658639] (-) TimerEvent: {}
[421.761206] (-) TimerEvent: {}
[421.862695] (-) TimerEvent: {}
[421.964228] (-) TimerEvent: {}
[422.065682] (-) TimerEvent: {}
[422.167357] (-) TimerEvent: {}
[422.269035] (-) TimerEvent: {}
[422.370582] (-) TimerEvent: {}
[422.472158] (-) TimerEvent: {}
[422.573693] (-) TimerEvent: {}
[422.675292] (-) TimerEvent: {}
[422.776831] (-) TimerEvent: {}
[422.878206] (-) TimerEvent: {}
[422.979857] (-) TimerEvent: {}
[423.082305] (-) TimerEvent: {}
[423.183858] (-) TimerEvent: {}
[423.285513] (-) TimerEvent: {}
[423.387281] (-) TimerEvent: {}
[423.489589] (-) TimerEvent: {}
[423.590958] (-) TimerEvent: {}
[423.692597] (-) TimerEvent: {}
[423.794061] (-) TimerEvent: {}
[423.895537] (-) TimerEvent: {}
[423.997051] (-) TimerEvent: {}
[424.098560] (-) TimerEvent: {}
[424.200184] (-) TimerEvent: {}
[424.301626] (-) TimerEvent: {}
[424.403323] (-) TimerEvent: {}
[424.505029] (-) TimerEvent: {}
[424.606580] (-) TimerEvent: {}
[424.708174] (-) TimerEvent: {}
[424.810018] (-) TimerEvent: {}
[424.911690] (-) TimerEvent: {}
[425.013166] (-) TimerEvent: {}
[425.114553] (-) TimerEvent: {}
[425.216815] (-) TimerEvent: {}
[425.318437] (-) TimerEvent: {}
[425.420490] (-) TimerEvent: {}
[425.522437] (-) TimerEvent: {}
[425.625014] (-) TimerEvent: {}
[425.726801] (-) TimerEvent: {}
[425.828518] (-) TimerEvent: {}
[425.929975] (-) TimerEvent: {}
[426.031721] (-) TimerEvent: {}
[426.133692] (-) TimerEvent: {}
[426.235607] (-) TimerEvent: {}
[426.338024] (-) TimerEvent: {}
[426.439664] (-) TimerEvent: {}
[426.541609] (-) TimerEvent: {}
[426.643334] (-) TimerEvent: {}
[426.745113] (-) TimerEvent: {}
[426.846852] (-) TimerEvent: {}
[426.948548] (-) TimerEvent: {}
[427.050249] (-) TimerEvent: {}
[427.152814] (-) TimerEvent: {}
[427.254415] (-) TimerEvent: {}
[427.355942] (-) TimerEvent: {}
[427.457672] (-) TimerEvent: {}
[427.559367] (-) TimerEvent: {}
[427.661342] (-) TimerEvent: {}
[427.763013] (-) TimerEvent: {}
[427.864730] (-) TimerEvent: {}
[427.966269] (-) TimerEvent: {}
[428.068207] (-) TimerEvent: {}
[428.170879] (-) TimerEvent: {}
[428.273171] (-) TimerEvent: {}
[428.374481] (-) TimerEvent: {}
[428.476333] (-) TimerEvent: {}
[428.577852] (-) TimerEvent: {}
[428.679518] (-) TimerEvent: {}
[428.781315] (-) TimerEvent: {}
[428.883859] (-) TimerEvent: {}
[428.985436] (-) TimerEvent: {}
[429.088458] (-) TimerEvent: {}
[429.190776] (-) TimerEvent: {}
[429.292345] (-) TimerEvent: {}
[429.393856] (-) TimerEvent: {}
[429.495356] (-) TimerEvent: {}
[429.596842] (-) TimerEvent: {}
[429.698435] (-) TimerEvent: {}
[429.800790] (-) TimerEvent: {}
[429.902469] (-) TimerEvent: {}
[430.004380] (-) TimerEvent: {}
[430.106911] (-) TimerEvent: {}
[430.209119] (-) TimerEvent: {}
[430.310688] (-) TimerEvent: {}
[430.412494] (-) TimerEvent: {}
[430.514301] (-) TimerEvent: {}
[430.615796] (-) TimerEvent: {}
[430.717340] (-) TimerEvent: {}
[430.818930] (-) TimerEvent: {}
[430.920445] (-) TimerEvent: {}
[431.021977] (-) TimerEvent: {}
[431.123264] (-) TimerEvent: {}
[431.224692] (-) TimerEvent: {}
[431.326224] (-) TimerEvent: {}
[431.427752] (-) TimerEvent: {}
[431.529085] (-) TimerEvent: {}
[431.630639] (-) TimerEvent: {}
[431.732184] (-) TimerEvent: {}
[431.833826] (-) TimerEvent: {}
[431.936539] (-) TimerEvent: {}
[432.038820] (-) TimerEvent: {}
[432.140546] (-) TimerEvent: {}
[432.242195] (-) TimerEvent: {}
[432.343871] (-) TimerEvent: {}
[432.445879] (-) TimerEvent: {}
[432.547393] (-) TimerEvent: {}
[432.650050] (-) TimerEvent: {}
[432.751757] (-) TimerEvent: {}
[432.854277] (-) TimerEvent: {}
[432.956022] (-) TimerEvent: {}
[433.058865] (-) TimerEvent: {}
[433.163114] (-) TimerEvent: {}
[433.264943] (-) TimerEvent: {}
[433.366501] (-) TimerEvent: {}
[433.468322] (-) TimerEvent: {}
[433.570822] (-) TimerEvent: {}
[433.672508] (-) TimerEvent: {}
[433.774184] (-) TimerEvent: {}
[433.875928] (-) TimerEvent: {}
[433.977709] (-) TimerEvent: {}
[434.082052] (-) TimerEvent: {}
[434.187000] (-) TimerEvent: {}
[434.288534] (-) TimerEvent: {}
[434.389969] (-) TimerEvent: {}
[434.491456] (-) TimerEvent: {}
[434.592939] (-) TimerEvent: {}
[434.694110] (-) TimerEvent: {}
[434.795733] (-) TimerEvent: {}
[434.897266] (-) TimerEvent: {}
[434.999506] (-) TimerEvent: {}
[435.101304] (-) TimerEvent: {}
[435.203363] (-) TimerEvent: {}
[435.305243] (-) TimerEvent: {}
[435.407939] (-) TimerEvent: {}
[435.509312] (-) TimerEvent: {}
[435.611032] (-) TimerEvent: {}
[435.712414] (-) TimerEvent: {}
[435.813948] (-) TimerEvent: {}
[435.915497] (-) TimerEvent: {}
[436.017030] (-) TimerEvent: {}
[436.118723] (-) TimerEvent: {}
[436.220319] (-) TimerEvent: {}
[436.322050] (-) TimerEvent: {}
[436.423570] (-) TimerEvent: {}
[436.525274] (-) TimerEvent: {}
[436.626777] (-) TimerEvent: {}
[436.728097] (-) TimerEvent: {}
[436.829719] (-) TimerEvent: {}
[436.931548] (-) TimerEvent: {}
[437.033306] (-) TimerEvent: {}
[437.135458] (-) TimerEvent: {}
[437.236977] (-) TimerEvent: {}
[437.338915] (-) TimerEvent: {}
[437.440589] (-) TimerEvent: {}
[437.542057] (-) TimerEvent: {}
[437.643835] (-) TimerEvent: {}
[437.745155] (-) TimerEvent: {}
[437.846445] (-) TimerEvent: {}
[437.948120] (-) TimerEvent: {}
[438.050680] (-) TimerEvent: {}
[438.152347] (-) TimerEvent: {}
[438.253860] (-) TimerEvent: {}
[438.355293] (-) TimerEvent: {}
[438.456920] (-) TimerEvent: {}
[438.558538] (-) TimerEvent: {}
[438.660361] (-) TimerEvent: {}
[438.762093] (-) TimerEvent: {}
[438.863728] (-) TimerEvent: {}
[438.965512] (-) TimerEvent: {}
[439.068204] (-) TimerEvent: {}
[439.169744] (-) TimerEvent: {}
[439.271220] (-) TimerEvent: {}
[439.373031] (-) TimerEvent: {}
[439.474546] (-) TimerEvent: {}
[439.576102] (-) TimerEvent: {}
[439.677622] (-) TimerEvent: {}
[439.779094] (-) TimerEvent: {}
[439.880575] (-) TimerEvent: {}
[439.982009] (-) TimerEvent: {}
[440.083795] (-) TimerEvent: {}
[440.185476] (-) TimerEvent: {}
[440.287071] (-) TimerEvent: {}
[440.388799] (-) TimerEvent: {}
[440.490316] (-) TimerEvent: {}
[440.591716] (-) TimerEvent: {}
[440.693284] (-) TimerEvent: {}
[440.795122] (-) TimerEvent: {}
[440.897554] (-) TimerEvent: {}
[440.999212] (-) TimerEvent: {}
[441.100744] (-) TimerEvent: {}
[441.202326] (-) TimerEvent: {}
[441.303983] (-) TimerEvent: {}
[441.405649] (-) TimerEvent: {}
[441.507452] (-) TimerEvent: {}
[441.609598] (-) TimerEvent: {}
[441.711054] (-) TimerEvent: {}
[441.812773] (-) TimerEvent: {}
[441.914385] (-) TimerEvent: {}
[442.016346] (-) TimerEvent: {}
[442.118080] (-) TimerEvent: {}
[442.219672] (-) TimerEvent: {}
[442.321087] (-) TimerEvent: {}
[442.422820] (-) TimerEvent: {}
[442.524504] (-) TimerEvent: {}
[442.626520] (-) TimerEvent: {}
[442.728204] (-) TimerEvent: {}
[442.847325] (-) TimerEvent: {}
[442.973813] (-) TimerEvent: {}
[443.075182] (-) TimerEvent: {}
[443.176819] (-) TimerEvent: {}
[443.278521] (-) TimerEvent: {}
[443.380330] (-) TimerEvent: {}
[443.482083] (-) TimerEvent: {}
[443.583621] (-) TimerEvent: {}
[443.685187] (-) TimerEvent: {}
[443.786783] (-) TimerEvent: {}
[443.888440] (-) TimerEvent: {}
[443.990003] (-) TimerEvent: {}
[444.091488] (-) TimerEvent: {}
[444.193004] (-) TimerEvent: {}
[444.294744] (-) TimerEvent: {}
[444.397256] (-) TimerEvent: {}
[444.498748] (-) TimerEvent: {}
[444.600301] (-) TimerEvent: {}
[444.701839] (-) TimerEvent: {}
[444.803276] (-) TimerEvent: {}
[444.904780] (-) TimerEvent: {}
[445.006314] (-) TimerEvent: {}
[445.107853] (-) TimerEvent: {}
[445.209378] (-) TimerEvent: {}
[445.310929] (-) TimerEvent: {}
[445.412500] (-) TimerEvent: {}
[445.514147] (-) TimerEvent: {}
[445.616401] (-) TimerEvent: {}
[445.718342] (-) TimerEvent: {}
[445.820178] (-) TimerEvent: {}
[445.921595] (-) TimerEvent: {}
[446.023191] (-) TimerEvent: {}
[446.124917] (-) TimerEvent: {}
[446.226519] (-) TimerEvent: {}
[446.328218] (-) TimerEvent: {}
[446.429946] (-) TimerEvent: {}
[446.531657] (-) TimerEvent: {}
[446.633623] (-) TimerEvent: {}
[446.735198] (-) TimerEvent: {}
[446.837089] (-) TimerEvent: {}
[446.938506] (-) TimerEvent: {}
[447.040106] (-) TimerEvent: {}
[447.141451] (-) TimerEvent: {}
[447.242888] (-) TimerEvent: {}
[447.344593] (-) TimerEvent: {}
[447.446121] (-) TimerEvent: {}
[447.547620] (-) TimerEvent: {}
[447.649059] (-) TimerEvent: {}
[447.750350] (-) TimerEvent: {}
[447.851924] (-) TimerEvent: {}
[447.953261] (-) TimerEvent: {}
[448.054731] (-) TimerEvent: {}
[448.156618] (-) TimerEvent: {}
[448.258821] (-) TimerEvent: {}
[448.360472] (-) TimerEvent: {}
[448.462275] (-) TimerEvent: {}
[448.563782] (-) TimerEvent: {}
[448.665818] (-) TimerEvent: {}
[448.768197] (-) TimerEvent: {}
[448.869603] (-) TimerEvent: {}
[448.971014] (-) TimerEvent: {}
[449.072736] (-) TimerEvent: {}
[449.175389] (-) TimerEvent: {}
[449.277226] (-) TimerEvent: {}
[449.378595] (-) TimerEvent: {}
[449.480499] (-) TimerEvent: {}
[449.583518] (-) TimerEvent: {}
[449.685107] (-) TimerEvent: {}
[449.786824] (-) TimerEvent: {}
[449.888546] (-) TimerEvent: {}
[449.990081] (-) TimerEvent: {}
[450.091696] (-) TimerEvent: {}
[450.193267] (-) TimerEvent: {}
[450.294868] (-) TimerEvent: {}
[450.396352] (-) TimerEvent: {}
[450.497853] (-) TimerEvent: {}
[450.599300] (-) TimerEvent: {}
[450.701306] (-) TimerEvent: {}
[450.802891] (-) TimerEvent: {}
[450.904572] (-) TimerEvent: {}
[451.006161] (-) TimerEvent: {}
[451.107894] (-) TimerEvent: {}
[451.209524] (-) TimerEvent: {}
[451.311356] (-) TimerEvent: {}
[451.412806] (-) TimerEvent: {}
[451.514337] (-) TimerEvent: {}
[451.616162] (-) TimerEvent: {}
[451.718693] (-) TimerEvent: {}
[451.820327] (-) TimerEvent: {}
[451.922512] (-) TimerEvent: {}
[452.023992] (-) TimerEvent: {}
[452.126144] (-) TimerEvent: {}
[452.227746] (-) TimerEvent: {}
[452.329706] (-) TimerEvent: {}
[452.431981] (-) TimerEvent: {}
[452.533472] (-) TimerEvent: {}
[452.635065] (-) TimerEvent: {}
[452.736960] (-) TimerEvent: {}
[452.838787] (-) TimerEvent: {}
[452.940842] (-) TimerEvent: {}
[453.042497] (-) TimerEvent: {}
[453.143997] (-) TimerEvent: {}
[453.245765] (-) TimerEvent: {}
[453.347155] (-) TimerEvent: {}
[453.448673] (-) TimerEvent: {}
[453.550145] (-) TimerEvent: {}
[453.652578] (-) TimerEvent: {}
[453.754072] (-) TimerEvent: {}
[453.855540] (-) TimerEvent: {}
[453.956949] (-) TimerEvent: {}
[454.058164] (-) TimerEvent: {}
[454.159699] (-) TimerEvent: {}
[454.261195] (-) TimerEvent: {}
[454.362664] (-) TimerEvent: {}
[454.464246] (-) TimerEvent: {}
[454.565816] (-) TimerEvent: {}
[454.668210] (-) TimerEvent: {}
[454.769927] (-) TimerEvent: {}
[454.871689] (-) TimerEvent: {}
[454.973195] (-) TimerEvent: {}
[455.074777] (-) TimerEvent: {}
[455.176177] (-) TimerEvent: {}
[455.277847] (-) TimerEvent: {}
[455.379342] (-) TimerEvent: {}
[455.480950] (-) TimerEvent: {}
[455.582489] (-) TimerEvent: {}
[455.684353] (-) TimerEvent: {}
[455.786788] (-) TimerEvent: {}
[455.888603] (-) TimerEvent: {}
[455.990059] (-) TimerEvent: {}
[456.091584] (-) TimerEvent: {}
[456.193056] (-) TimerEvent: {}
[456.294973] (-) TimerEvent: {}
[456.397235] (-) TimerEvent: {}
[456.499076] (-) TimerEvent: {}
[456.600741] (-) TimerEvent: {}
[456.702159] (-) TimerEvent: {}
[456.803827] (-) TimerEvent: {}
[456.905702] (-) TimerEvent: {}
[457.007482] (-) TimerEvent: {}
[457.109680] (-) TimerEvent: {}
[457.213361] (-) TimerEvent: {}
[457.316751] (-) TimerEvent: {}
[457.418464] (-) TimerEvent: {}
[457.520090] (-) TimerEvent: {}
[457.621622] (-) TimerEvent: {}
[457.723107] (-) TimerEvent: {}
[457.824904] (-) TimerEvent: {}
[457.927009] (-) TimerEvent: {}
[458.028632] (-) TimerEvent: {}
[458.130357] (-) TimerEvent: {}
[458.232678] (-) TimerEvent: {}
[458.333956] (-) TimerEvent: {}
[458.435284] (-) TimerEvent: {}
[458.537222] (-) TimerEvent: {}
[458.638810] (-) TimerEvent: {}
[458.740644] (-) TimerEvent: {}
[458.842150] (-) TimerEvent: {}
[458.943986] (-) TimerEvent: {}
[459.045687] (-) TimerEvent: {}
[459.147683] (-) TimerEvent: {}
[459.249433] (-) TimerEvent: {}
[459.351372] (-) TimerEvent: {}
[459.452889] (-) TimerEvent: {}
[459.554523] (-) TimerEvent: {}
[459.656309] (-) TimerEvent: {}
[459.757694] (-) TimerEvent: {}
[459.859399] (-) TimerEvent: {}
[459.961267] (-) TimerEvent: {}
[460.062750] (-) TimerEvent: {}
[460.164652] (-) TimerEvent: {}
[460.266189] (-) TimerEvent: {}
[460.367926] (-) TimerEvent: {}
[460.469397] (-) TimerEvent: {}
[460.571060] (-) TimerEvent: {}
[460.672465] (-) TimerEvent: {}
[460.774159] (-) TimerEvent: {}
[460.875801] (-) TimerEvent: {}
[460.977232] (-) TimerEvent: {}
[461.078844] (-) TimerEvent: {}
[461.180677] (-) TimerEvent: {}
[461.282232] (-) TimerEvent: {}
[461.383687] (-) TimerEvent: {}
[461.484885] (-) TimerEvent: {}
[461.586586] (-) TimerEvent: {}
[461.688355] (-) TimerEvent: {}
[461.790337] (-) TimerEvent: {}
[461.892107] (-) TimerEvent: {}
[461.993565] (-) TimerEvent: {}
[462.095022] (-) TimerEvent: {}
[462.196485] (-) TimerEvent: {}
[462.297805] (-) TimerEvent: {}
[462.399556] (-) TimerEvent: {}
[462.501508] (-) TimerEvent: {}
[462.603548] (-) TimerEvent: {}
[462.706832] (-) TimerEvent: {}
[462.808456] (-) TimerEvent: {}
[462.909753] (-) TimerEvent: {}
[463.011063] (-) TimerEvent: {}
[463.112634] (-) TimerEvent: {}
[463.214282] (-) TimerEvent: {}
[463.315932] (-) TimerEvent: {}
[463.417633] (-) TimerEvent: {}
[463.519859] (-) TimerEvent: {}
[463.621513] (-) TimerEvent: {}
[463.723166] (-) TimerEvent: {}
[463.824982] (-) TimerEvent: {}
[463.926579] (-) TimerEvent: {}
[464.028361] (-) TimerEvent: {}
[464.129746] (-) TimerEvent: {}
[464.231186] (-) TimerEvent: {}
[464.332708] (-) TimerEvent: {}
[464.434199] (-) TimerEvent: {}
[464.535776] (-) TimerEvent: {}
[464.637714] (-) TimerEvent: {}
[464.739260] (-) TimerEvent: {}
[464.840903] (-) TimerEvent: {}
[464.942526] (-) TimerEvent: {}
[465.044031] (-) TimerEvent: {}
[465.145521] (-) TimerEvent: {}
[465.247085] (-) TimerEvent: {}
[465.348893] (-) TimerEvent: {}
[465.450482] (-) TimerEvent: {}
[465.552932] (-) TimerEvent: {}
[465.655384] (-) TimerEvent: {}
[465.757441] (-) TimerEvent: {}
[465.859074] (-) TimerEvent: {}
[465.960646] (-) TimerEvent: {}
[466.062213] (-) TimerEvent: {}
[466.163601] (-) TimerEvent: {}
[466.265141] (-) TimerEvent: {}
[466.366615] (-) TimerEvent: {}
[466.468239] (-) TimerEvent: {}
[466.569695] (-) TimerEvent: {}
[466.671401] (-) TimerEvent: {}
[466.773124] (-) TimerEvent: {}
[466.874664] (-) TimerEvent: {}
[466.976375] (-) TimerEvent: {}
[467.077891] (-) TimerEvent: {}
[467.179385] (-) TimerEvent: {}
[467.280925] (-) TimerEvent: {}
[467.382433] (-) TimerEvent: {}
[467.484160] (-) TimerEvent: {}
[467.585700] (-) TimerEvent: {}
[467.687184] (-) TimerEvent: {}
[467.788823] (-) TimerEvent: {}
[467.890238] (-) TimerEvent: {}
[467.991766] (-) TimerEvent: {}
[468.093332] (-) TimerEvent: {}
[468.194991] (-) TimerEvent: {}
[468.296722] (-) TimerEvent: {}
[468.398143] (-) TimerEvent: {}
[468.499339] (-) TimerEvent: {}
[468.600949] (-) TimerEvent: {}
[468.703375] (-) TimerEvent: {}
[468.805021] (-) TimerEvent: {}
[468.906821] (-) TimerEvent: {}
[469.008465] (-) TimerEvent: {}
[469.110134] (-) TimerEvent: {}
[469.212699] (-) TimerEvent: {}
[469.314440] (-) TimerEvent: {}
[469.416324] (-) TimerEvent: {}
[469.517856] (-) TimerEvent: {}
[469.619627] (-) TimerEvent: {}
[469.721469] (-) TimerEvent: {}
[469.823001] (-) TimerEvent: {}
[469.924620] (-) TimerEvent: {}
[470.026023] (-) TimerEvent: {}
[470.127496] (-) TimerEvent: {}
[470.229113] (-) TimerEvent: {}
[470.330716] (-) TimerEvent: {}
[470.432509] (-) TimerEvent: {}
[470.534363] (-) TimerEvent: {}
[470.635960] (-) TimerEvent: {}
[470.737319] (-) TimerEvent: {}
[470.838757] (-) TimerEvent: {}
[470.940339] (-) TimerEvent: {}
[471.041692] (-) TimerEvent: {}
[471.143243] (-) TimerEvent: {}
[471.245423] (-) TimerEvent: {}
[471.347524] (-) TimerEvent: {}
[471.448839] (-) TimerEvent: {}
[471.550501] (-) TimerEvent: {}
[471.652431] (-) TimerEvent: {}
[471.753983] (-) TimerEvent: {}
[471.855761] (-) TimerEvent: {}
[471.957498] (-) TimerEvent: {}
[472.058903] (-) TimerEvent: {}
[472.160705] (-) TimerEvent: {}
[472.262399] (-) TimerEvent: {}
[472.364158] (-) TimerEvent: {}
[472.465549] (-) TimerEvent: {}
[472.567352] (-) TimerEvent: {}
[472.669362] (-) TimerEvent: {}
[472.772503] (-) TimerEvent: {}
[472.873834] (-) TimerEvent: {}
[472.990708] (-) TimerEvent: {}
[473.151625] (-) TimerEvent: {}
[473.266571] (-) TimerEvent: {}
[473.368162] (-) TimerEvent: {}
[473.469702] (-) TimerEvent: {}
[473.571320] (-) TimerEvent: {}
[473.672751] (-) TimerEvent: {}
[473.774138] (-) TimerEvent: {}
[473.875522] (-) TimerEvent: {}
[473.977129] (-) TimerEvent: {}
[474.078368] (-) TimerEvent: {}
[474.179952] (-) TimerEvent: {}
[474.281740] (-) TimerEvent: {}
[474.383352] (-) TimerEvent: {}
[474.485071] (-) TimerEvent: {}
[474.586715] (-) TimerEvent: {}
[474.688278] (-) TimerEvent: {}
[474.789856] (-) TimerEvent: {}
[474.892009] (-) TimerEvent: {}
[474.994883] (-) TimerEvent: {}
[475.096407] (-) TimerEvent: {}
[475.198039] (-) TimerEvent: {}
[475.299620] (-) TimerEvent: {}
[475.401471] (-) TimerEvent: {}
[475.503072] (-) TimerEvent: {}
[475.604735] (-) TimerEvent: {}
[475.706582] (-) TimerEvent: {}
[475.809731] (-) TimerEvent: {}
[475.911217] (-) TimerEvent: {}
[476.012792] (-) TimerEvent: {}
[476.114379] (-) TimerEvent: {}
[476.216130] (-) TimerEvent: {}
[476.317672] (-) TimerEvent: {}
[476.419251] (-) TimerEvent: {}
[476.521244] (-) TimerEvent: {}
[476.622914] (-) TimerEvent: {}
[476.724150] (-) TimerEvent: {}
[476.825866] (-) TimerEvent: {}
[476.927507] (-) TimerEvent: {}
[477.030625] (-) TimerEvent: {}
[477.134622] (-) TimerEvent: {}
[477.236171] (-) TimerEvent: {}
[477.337668] (-) TimerEvent: {}
[477.439488] (-) TimerEvent: {}
[477.541269] (-) TimerEvent: {}
[477.642779] (-) TimerEvent: {}
[477.744606] (-) TimerEvent: {}
[477.846149] (-) TimerEvent: {}
[477.947638] (-) TimerEvent: {}
[478.049281] (-) TimerEvent: {}
[478.150650] (-) TimerEvent: {}
[478.252128] (-) TimerEvent: {}
[478.353641] (-) TimerEvent: {}
[478.455195] (-) TimerEvent: {}
[478.557181] (-) TimerEvent: {}
[478.658748] (-) TimerEvent: {}
[478.760157] (-) TimerEvent: {}
[478.861746] (-) TimerEvent: {}
[478.963306] (-) TimerEvent: {}
[479.064903] (-) TimerEvent: {}
[479.166462] (-) TimerEvent: {}
[479.268003] (-) TimerEvent: {}
[479.369904] (-) TimerEvent: {}
[479.471372] (-) TimerEvent: {}
[479.573070] (-) TimerEvent: {}
[479.674727] (-) TimerEvent: {}
[479.776326] (-) TimerEvent: {}
[479.877822] (-) TimerEvent: {}
[479.979187] (-) TimerEvent: {}
[480.081180] (-) TimerEvent: {}
[480.184310] (-) TimerEvent: {}
[480.285772] (-) TimerEvent: {}
[480.387214] (-) TimerEvent: {}
[480.488928] (-) TimerEvent: {}
[480.590588] (-) TimerEvent: {}
[480.692655] (-) TimerEvent: {}
[480.794403] (-) TimerEvent: {}
[480.896367] (-) TimerEvent: {}
[480.997899] (-) TimerEvent: {}
[481.099511] (-) TimerEvent: {}
[481.200989] (-) TimerEvent: {}
[481.302487] (-) TimerEvent: {}
[481.404297] (-) TimerEvent: {}
[481.506872] (-) TimerEvent: {}
[481.609140] (-) TimerEvent: {}
[481.710772] (-) TimerEvent: {}
[481.812573] (-) TimerEvent: {}
[481.914181] (-) TimerEvent: {}
[482.015769] (-) TimerEvent: {}
[482.117247] (-) TimerEvent: {}
[482.218802] (-) TimerEvent: {}
[482.320410] (-) TimerEvent: {}
[482.422152] (-) TimerEvent: {}
[482.523693] (-) TimerEvent: {}
[482.625676] (-) TimerEvent: {}
[482.728132] (-) TimerEvent: {}
[482.829661] (-) TimerEvent: {}
[482.931239] (-) TimerEvent: {}
[483.032880] (-) TimerEvent: {}
[483.134635] (-) TimerEvent: {}
[483.236412] (-) TimerEvent: {}
[483.338016] (-) TimerEvent: {}
[483.439504] (-) TimerEvent: {}
[483.541017] (-) TimerEvent: {}
[483.643212] (-) TimerEvent: {}
[483.746439] (-) TimerEvent: {}
[483.848502] (-) TimerEvent: {}
[483.950809] (-) TimerEvent: {}
[484.052534] (-) TimerEvent: {}
[484.154063] (-) TimerEvent: {}
[484.255976] (-) TimerEvent: {}
[484.357570] (-) TimerEvent: {}
[484.458834] (-) TimerEvent: {}
[484.560519] (-) TimerEvent: {}
[484.662075] (-) TimerEvent: {}
[484.763635] (-) TimerEvent: {}
[484.865231] (-) TimerEvent: {}
[484.966855] (-) TimerEvent: {}
[485.069680] (-) TimerEvent: {}
[485.171520] (-) TimerEvent: {}
[485.273289] (-) TimerEvent: {}
[485.375069] (-) TimerEvent: {}
[485.476690] (-) TimerEvent: {}
[485.578474] (-) TimerEvent: {}
[485.679984] (-) TimerEvent: {}
[485.781523] (-) TimerEvent: {}
[485.883040] (-) TimerEvent: {}
[485.984674] (-) TimerEvent: {}
[486.086319] (-) TimerEvent: {}
[486.187833] (-) TimerEvent: {}
[486.289573] (-) TimerEvent: {}
[486.391754] (-) TimerEvent: {}
[486.494391] (-) TimerEvent: {}
[486.595647] (-) TimerEvent: {}
[486.697149] (-) TimerEvent: {}
[486.798604] (-) TimerEvent: {}
[486.900190] (-) TimerEvent: {}
[487.001594] (-) TimerEvent: {}
[487.103150] (-) TimerEvent: {}
[487.204945] (-) TimerEvent: {}
[487.306819] (-) TimerEvent: {}
[487.409033] (-) TimerEvent: {}
[487.510734] (-) TimerEvent: {}
[487.612503] (-) TimerEvent: {}
[487.714249] (-) TimerEvent: {}
[487.815897] (-) TimerEvent: {}
[487.918224] (-) TimerEvent: {}
[488.020857] (-) TimerEvent: {}
[488.123084] (-) TimerEvent: {}
[488.224536] (-) TimerEvent: {}
[488.325946] (-) TimerEvent: {}
[488.427653] (-) TimerEvent: {}
[488.529214] (-) TimerEvent: {}
[488.630844] (-) TimerEvent: {}
[488.732713] (-) TimerEvent: {}
[488.834142] (-) TimerEvent: {}
[488.935795] (-) TimerEvent: {}
[489.037457] (-) TimerEvent: {}
[489.138963] (-) TimerEvent: {}
[489.240548] (-) TimerEvent: {}
[489.342185] (-) TimerEvent: {}
[489.444156] (-) TimerEvent: {}
[489.551937] (-) TimerEvent: {}
[489.653374] (-) TimerEvent: {}
[489.755051] (-) TimerEvent: {}
[489.857442] (-) TimerEvent: {}
[489.959016] (-) TimerEvent: {}
[490.061679] (-) TimerEvent: {}
[490.163237] (-) TimerEvent: {}
[490.264910] (-) TimerEvent: {}
[490.366470] (-) TimerEvent: {}
[490.467904] (-) TimerEvent: {}
[490.569465] (-) TimerEvent: {}
[490.671264] (-) TimerEvent: {}
[490.772945] (-) TimerEvent: {}
[490.874459] (-) TimerEvent: {}
[490.976028] (-) TimerEvent: {}
[491.077593] (-) TimerEvent: {}
[491.179068] (-) TimerEvent: {}
[491.280613] (-) TimerEvent: {}
[491.381993] (-) TimerEvent: {}
[491.483720] (-) TimerEvent: {}
[491.586748] (-) TimerEvent: {}
[491.688255] (-) TimerEvent: {}
[491.789995] (-) TimerEvent: {}
[491.891519] (-) TimerEvent: {}
[491.993249] (-) TimerEvent: {}
[492.095975] (-) TimerEvent: {}
[492.197835] (-) TimerEvent: {}
[492.299451] (-) TimerEvent: {}
[492.401083] (-) TimerEvent: {}
[492.502594] (-) TimerEvent: {}
[492.604181] (-) TimerEvent: {}
[492.705672] (-) TimerEvent: {}
[492.807322] (-) TimerEvent: {}
[492.908698] (-) TimerEvent: {}
[493.010233] (-) TimerEvent: {}
[493.112046] (-) TimerEvent: {}
[493.213588] (-) TimerEvent: {}
[493.315150] (-) TimerEvent: {}
[493.416645] (-) TimerEvent: {}
[493.518144] (-) TimerEvent: {}
[493.620140] (-) TimerEvent: {}
[493.721518] (-) TimerEvent: {}
[493.823245] (-) TimerEvent: {}
[493.925184] (-) TimerEvent: {}
[494.027525] (-) TimerEvent: {}
[494.129146] (-) TimerEvent: {}
[494.230621] (-) TimerEvent: {}
[494.332252] (-) TimerEvent: {}
[494.433879] (-) TimerEvent: {}
[494.535287] (-) TimerEvent: {}
[494.637041] (-) TimerEvent: {}
[494.738525] (-) TimerEvent: {}
[494.840601] (-) TimerEvent: {}
[494.943077] (-) TimerEvent: {}
[495.044776] (-) TimerEvent: {}
[495.146837] (-) TimerEvent: {}
[495.248431] (-) TimerEvent: {}
[495.349938] (-) TimerEvent: {}
[495.451676] (-) TimerEvent: {}
[495.553293] (-) TimerEvent: {}
[495.655122] (-) TimerEvent: {}
[495.756695] (-) TimerEvent: {}
[495.858183] (-) TimerEvent: {}
[495.959915] (-) TimerEvent: {}
[496.061243] (-) TimerEvent: {}
[496.162867] (-) TimerEvent: {}
[496.264215] (-) TimerEvent: {}
[496.365736] (-) TimerEvent: {}
[496.467358] (-) TimerEvent: {}
[496.569466] (-) TimerEvent: {}
[496.670969] (-) TimerEvent: {}
[496.773110] (-) TimerEvent: {}
[496.875691] (-) TimerEvent: {}
[496.977284] (-) TimerEvent: {}
[497.078972] (-) TimerEvent: {}
[497.181903] (-) TimerEvent: {}
[497.283309] (-) TimerEvent: {}
[497.385044] (-) TimerEvent: {}
[497.486255] (-) TimerEvent: {}
[497.587720] (-) TimerEvent: {}
[497.689208] (-) TimerEvent: {}
[497.791004] (-) TimerEvent: {}
[497.893415] (-) TimerEvent: {}
[497.994957] (-) TimerEvent: {}
[498.096703] (-) TimerEvent: {}
[498.198307] (-) TimerEvent: {}
[498.300261] (-) TimerEvent: {}
[498.403692] (-) TimerEvent: {}
[498.505560] (-) TimerEvent: {}
[498.607943] (-) TimerEvent: {}
[498.709492] (-) TimerEvent: {}
[498.812126] (-) TimerEvent: {}
[498.914123] (-) TimerEvent: {}
[499.015924] (-) TimerEvent: {}
[499.117416] (-) TimerEvent: {}
[499.219082] (-) TimerEvent: {}
[499.321426] (-) TimerEvent: {}
[499.423844] (-) TimerEvent: {}
[499.525596] (-) TimerEvent: {}
[499.627196] (-) TimerEvent: {}
[499.728981] (-) TimerEvent: {}
[499.830616] (-) TimerEvent: {}
[499.933301] (-) TimerEvent: {}
[500.034784] (-) TimerEvent: {}
[500.136370] (-) TimerEvent: {}
[500.238168] (-) TimerEvent: {}
[500.340877] (-) TimerEvent: {}
[500.443059] (-) TimerEvent: {}
[500.544752] (-) TimerEvent: {}
[500.646704] (-) TimerEvent: {}
[500.748354] (-) TimerEvent: {}
[500.850037] (-) TimerEvent: {}
[500.951839] (-) TimerEvent: {}
[501.053702] (-) TimerEvent: {}
[501.155846] (-) TimerEvent: {}
[501.257518] (-) TimerEvent: {}
[501.359966] (-) TimerEvent: {}
[501.461399] (-) TimerEvent: {}
[501.562925] (-) TimerEvent: {}
[501.664606] (-) TimerEvent: {}
[501.766424] (-) TimerEvent: {}
[501.867896] (-) TimerEvent: {}
[501.969648] (-) TimerEvent: {}
[502.072059] (-) TimerEvent: {}
[502.173582] (-) TimerEvent: {}
[502.275380] (-) TimerEvent: {}
[502.377025] (-) TimerEvent: {}
[502.478444] (-) TimerEvent: {}
[502.579828] (-) TimerEvent: {}
[502.681720] (-) TimerEvent: {}
[502.784153] (-) TimerEvent: {}
[502.885603] (-) TimerEvent: {}
[502.987065] (-) TimerEvent: {}
[503.088737] (-) TimerEvent: {}
[503.190180] (-) TimerEvent: {}
[503.301988] (-) TimerEvent: {}
[503.406823] (-) TimerEvent: {}
[503.508401] (-) TimerEvent: {}
[503.609933] (-) TimerEvent: {}
[503.711511] (-) TimerEvent: {}
[503.813065] (-) TimerEvent: {}
[503.914682] (-) TimerEvent: {}
[504.017244] (-) TimerEvent: {}
[504.118898] (-) TimerEvent: {}
[504.220630] (-) TimerEvent: {}
[504.321979] (-) TimerEvent: {}
[504.423782] (-) TimerEvent: {}
[504.525472] (-) TimerEvent: {}
[504.628254] (-) TimerEvent: {}
[504.729935] (-) TimerEvent: {}
[504.832336] (-) TimerEvent: {}
[504.933822] (-) TimerEvent: {}
[505.035739] (-) TimerEvent: {}
[505.137202] (-) TimerEvent: {}
[505.239130] (-) TimerEvent: {}
[505.340929] (-) TimerEvent: {}
[505.442793] (-) TimerEvent: {}
[505.544787] (-) TimerEvent: {}
[505.646482] (-) TimerEvent: {}
[505.747743] (-) TimerEvent: {}
[505.849345] (-) TimerEvent: {}
[505.950943] (-) TimerEvent: {}
[506.052432] (-) TimerEvent: {}
[506.154102] (-) TimerEvent: {}
[506.257141] (-) TimerEvent: {}
[506.358809] (-) TimerEvent: {}
[506.460795] (-) TimerEvent: {}
[506.562520] (-) TimerEvent: {}
[506.664503] (-) TimerEvent: {}
[506.766215] (-) TimerEvent: {}
[506.867664] (-) TimerEvent: {}
[506.969188] (-) TimerEvent: {}
[507.070915] (-) TimerEvent: {}
[507.172979] (-) TimerEvent: {}
[507.274762] (-) TimerEvent: {}
[507.376097] (-) TimerEvent: {}
[507.478175] (-) TimerEvent: {}
[507.579768] (-) TimerEvent: {}
[507.681540] (-) TimerEvent: {}
[507.783580] (-) TimerEvent: {}
[507.885053] (-) TimerEvent: {}
[507.986540] (-) TimerEvent: {}
[508.088138] (-) TimerEvent: {}
[508.189541] (-) TimerEvent: {}
[508.291631] (-) TimerEvent: {}
[508.393763] (-) TimerEvent: {}
[508.495294] (-) TimerEvent: {}
[508.597082] (-) TimerEvent: {}
[508.698923] (-) TimerEvent: {}
[508.803765] (-) TimerEvent: {}
[508.905146] (-) TimerEvent: {}
[509.006921] (-) TimerEvent: {}
[509.108457] (-) TimerEvent: {}
[509.210397] (-) TimerEvent: {}
[509.312473] (-) TimerEvent: {}
[509.414202] (-) TimerEvent: {}
[509.516140] (-) TimerEvent: {}
[509.617844] (-) TimerEvent: {}
[509.719509] (-) TimerEvent: {}
[509.821062] (-) TimerEvent: {}
[509.922557] (-) TimerEvent: {}
[510.024438] (-) TimerEvent: {}
[510.126162] (-) TimerEvent: {}
[510.228010] (-) TimerEvent: {}
[510.329809] (-) TimerEvent: {}
[510.431599] (-) TimerEvent: {}
[510.532889] (-) TimerEvent: {}
[510.634443] (-) TimerEvent: {}
[510.736170] (-) TimerEvent: {}
[510.837769] (-) TimerEvent: {}
[510.939310] (-) TimerEvent: {}
[511.040880] (-) TimerEvent: {}
[511.143164] (-) TimerEvent: {}
[511.244844] (-) TimerEvent: {}
[511.346586] (-) TimerEvent: {}
[511.448602] (-) TimerEvent: {}
[511.550208] (-) TimerEvent: {}
[511.652064] (-) TimerEvent: {}
[511.754067] (-) TimerEvent: {}
[511.855581] (-) TimerEvent: {}
[511.956944] (-) TimerEvent: {}
[512.058055] (-) TimerEvent: {}
[512.159486] (-) TimerEvent: {}
[512.261950] (-) TimerEvent: {}
[512.364536] (-) TimerEvent: {}
[512.466385] (-) TimerEvent: {}
[512.568459] (-) TimerEvent: {}
[512.670929] (-) TimerEvent: {}
[512.772510] (-) TimerEvent: {}
[512.874126] (-) TimerEvent: {}
[512.975851] (-) TimerEvent: {}
[513.077635] (-) TimerEvent: {}
[513.179137] (-) TimerEvent: {}
[513.281002] (-) TimerEvent: {}
[513.382988] (-) TimerEvent: {}
[513.485128] (-) TimerEvent: {}
[513.587011] (-) TimerEvent: {}
[513.688863] (-) TimerEvent: {}
[513.790338] (-) TimerEvent: {}
[513.892355] (-) TimerEvent: {}
[513.993874] (-) TimerEvent: {}
[514.095320] (-) TimerEvent: {}
[514.196884] (-) TimerEvent: {}
[514.298410] (-) TimerEvent: {}
[514.399964] (-) TimerEvent: {}
[514.501496] (-) TimerEvent: {}
[514.602841] (-) TimerEvent: {}
[514.704424] (-) TimerEvent: {}
[514.806011] (-) TimerEvent: {}
[514.907541] (-) TimerEvent: {}
[515.009274] (-) TimerEvent: {}
[515.110843] (-) TimerEvent: {}
[515.213434] (-) TimerEvent: {}
[515.315860] (-) TimerEvent: {}
[515.417532] (-) TimerEvent: {}
[515.519361] (-) TimerEvent: {}
[515.621913] (-) TimerEvent: {}
[515.723616] (-) TimerEvent: {}
[515.825132] (-) TimerEvent: {}
[515.926665] (-) TimerEvent: {}
[516.028248] (-) TimerEvent: {}
[516.129736] (-) TimerEvent: {}
[516.231029] (-) TimerEvent: {}
[516.332438] (-) TimerEvent: {}
[516.433996] (-) TimerEvent: {}
[516.535298] (-) TimerEvent: {}
[516.636881] (-) TimerEvent: {}
[516.738392] (-) TimerEvent: {}
[516.840070] (-) TimerEvent: {}
[516.941675] (-) TimerEvent: {}
[517.043622] (-) TimerEvent: {}
[517.145321] (-) TimerEvent: {}
[517.247832] (-) TimerEvent: {}
[517.349518] (-) TimerEvent: {}
[517.451597] (-) TimerEvent: {}
[517.553416] (-) TimerEvent: {}
[517.654924] (-) TimerEvent: {}
[517.756731] (-) TimerEvent: {}
[517.858529] (-) TimerEvent: {}
[517.960956] (-) TimerEvent: {}
[518.062686] (-) TimerEvent: {}
[518.164465] (-) TimerEvent: {}
[518.266032] (-) TimerEvent: {}
[518.367281] (-) TimerEvent: {}
[518.468846] (-) TimerEvent: {}
[518.570497] (-) TimerEvent: {}
[518.672091] (-) TimerEvent: {}
[518.773786] (-) TimerEvent: {}
[518.875874] (-) TimerEvent: {}
[518.978028] (-) TimerEvent: {}
[519.079679] (-) TimerEvent: {}
[519.181128] (-) TimerEvent: {}
[519.282668] (-) TimerEvent: {}
[519.384614] (-) TimerEvent: {}
[519.488112] (-) TimerEvent: {}
[519.589946] (-) TimerEvent: {}
[519.692194] (-) TimerEvent: {}
[519.793669] (-) TimerEvent: {}
[519.895240] (-) TimerEvent: {}
[519.996878] (-) TimerEvent: {}
[520.098711] (-) TimerEvent: {}
[520.201117] (-) TimerEvent: {}
[520.302649] (-) TimerEvent: {}
[520.404193] (-) TimerEvent: {}
[520.505558] (-) TimerEvent: {}
[520.607048] (-) TimerEvent: {}
[520.708977] (-) TimerEvent: {}
[520.810718] (-) TimerEvent: {}
[520.912876] (-) TimerEvent: {}
[521.015182] (-) TimerEvent: {}
[521.116875] (-) TimerEvent: {}
[521.218310] (-) TimerEvent: {}
[521.319758] (-) TimerEvent: {}
[521.421311] (-) TimerEvent: {}
[521.522702] (-) TimerEvent: {}
[521.624232] (-) TimerEvent: {}
[521.725666] (-) TimerEvent: {}
[521.827131] (-) TimerEvent: {}
[521.928622] (-) TimerEvent: {}
[522.030219] (-) TimerEvent: {}
[522.133156] (-) TimerEvent: {}
[522.234893] (-) TimerEvent: {}
[522.336461] (-) TimerEvent: {}
[522.438053] (-) TimerEvent: {}
[522.539798] (-) TimerEvent: {}
[522.641370] (-) TimerEvent: {}
[522.742955] (-) TimerEvent: {}
[522.845901] (-) TimerEvent: {}
[522.947741] (-) TimerEvent: {}
[523.049618] (-) TimerEvent: {}
[523.150983] (-) TimerEvent: {}
[523.252652] (-) TimerEvent: {}
[523.354302] (-) TimerEvent: {}
[523.456202] (-) TimerEvent: {}
[523.558161] (-) TimerEvent: {}
[523.660446] (-) TimerEvent: {}
[523.761875] (-) TimerEvent: {}
[523.863575] (-) TimerEvent: {}
[523.966143] (-) TimerEvent: {}
[524.067702] (-) TimerEvent: {}
[524.169153] (-) TimerEvent: {}
[524.270681] (-) TimerEvent: {}
[524.372200] (-) TimerEvent: {}
[524.473967] (-) TimerEvent: {}
[524.575312] (-) TimerEvent: {}
[524.676817] (-) TimerEvent: {}
[524.779235] (-) TimerEvent: {}
[524.880650] (-) TimerEvent: {}
[524.982062] (-) TimerEvent: {}
[525.084443] (-) TimerEvent: {}
[525.186667] (-) TimerEvent: {}
[525.288149] (-) TimerEvent: {}
[525.389894] (-) TimerEvent: {}
[525.492279] (-) TimerEvent: {}
[525.593846] (-) TimerEvent: {}
[525.695541] (-) TimerEvent: {}
[525.797102] (-) TimerEvent: {}
[525.899198] (-) TimerEvent: {}
[526.000637] (-) TimerEvent: {}
[526.102169] (-) TimerEvent: {}
[526.203873] (-) TimerEvent: {}
[526.307165] (-) TimerEvent: {}
[526.410118] (-) TimerEvent: {}
[526.512153] (-) TimerEvent: {}
[526.614066] (-) TimerEvent: {}
[526.715686] (-) TimerEvent: {}
[526.817414] (-) TimerEvent: {}
[526.919084] (-) TimerEvent: {}
[527.020727] (-) TimerEvent: {}
[527.122244] (-) TimerEvent: {}
[527.223929] (-) TimerEvent: {}
[527.325533] (-) TimerEvent: {}
[527.426967] (-) TimerEvent: {}
[527.528482] (-) TimerEvent: {}
[527.630492] (-) TimerEvent: {}
[527.732103] (-) TimerEvent: {}
[527.833270] (-) TimerEvent: {}
[527.934970] (-) TimerEvent: {}
[528.036589] (-) TimerEvent: {}
[528.138074] (-) TimerEvent: {}
[528.239697] (-) TimerEvent: {}
[528.342103] (-) TimerEvent: {}
[528.443652] (-) TimerEvent: {}
[528.545101] (-) TimerEvent: {}
[528.646524] (-) TimerEvent: {}
[528.748141] (-) TimerEvent: {}
[528.849568] (-) TimerEvent: {}
[528.950836] (-) TimerEvent: {}
[529.052483] (-) TimerEvent: {}
[529.154321] (-) TimerEvent: {}
[529.255981] (-) TimerEvent: {}
[529.357217] (-) TimerEvent: {}
[529.458938] (-) TimerEvent: {}
[529.560647] (-) TimerEvent: {}
[529.662245] (-) TimerEvent: {}
[529.763801] (-) TimerEvent: {}
[529.865416] (-) TimerEvent: {}
[529.966947] (-) TimerEvent: {}
[530.068615] (-) TimerEvent: {}
[530.170219] (-) TimerEvent: {}
[530.271706] (-) TimerEvent: {}
[530.373156] (-) TimerEvent: {}
[530.474829] (-) TimerEvent: {}
[530.577199] (-) TimerEvent: {}
[530.680129] (-) TimerEvent: {}
[530.782537] (-) TimerEvent: {}
[530.884139] (-) TimerEvent: {}
[530.985783] (-) TimerEvent: {}
[531.087625] (-) TimerEvent: {}
[531.190084] (-) TimerEvent: {}
[531.291667] (-) TimerEvent: {}
[531.393254] (-) TimerEvent: {}
[531.495044] (-) TimerEvent: {}
[531.597012] (-) TimerEvent: {}
[531.698563] (-) TimerEvent: {}
[531.800258] (-) TimerEvent: {}
[531.901802] (-) TimerEvent: {}
[532.003539] (-) TimerEvent: {}
[532.105103] (-) TimerEvent: {}
[532.206641] (-) TimerEvent: {}
[532.308151] (-) TimerEvent: {}
[532.409576] (-) TimerEvent: {}
[532.510886] (-) TimerEvent: {}
[532.613431] (-) TimerEvent: {}
[532.716203] (-) TimerEvent: {}
[532.817925] (-) TimerEvent: {}
[532.919382] (-) TimerEvent: {}
[533.021014] (-) TimerEvent: {}
[533.122677] (-) TimerEvent: {}
[533.224329] (-) TimerEvent: {}
[533.326292] (-) TimerEvent: {}
[533.427916] (-) TimerEvent: {}
[533.529572] (-) TimerEvent: {}
[533.631388] (-) TimerEvent: {}
[533.733195] (-) TimerEvent: {}
[533.840453] (-) TimerEvent: {}
[533.954413] (-) TimerEvent: {}
[534.055950] (-) TimerEvent: {}
[534.157685] (-) TimerEvent: {}
[534.260358] (-) TimerEvent: {}
[534.362835] (-) TimerEvent: {}
[534.464455] (-) TimerEvent: {}
[534.566075] (-) TimerEvent: {}
[534.667713] (-) TimerEvent: {}
[534.769278] (-) TimerEvent: {}
[534.870744] (-) TimerEvent: {}
[534.972266] (-) TimerEvent: {}
[535.073847] (-) TimerEvent: {}
[535.175599] (-) TimerEvent: {}
[535.276993] (-) TimerEvent: {}
[535.378155] (-) TimerEvent: {}
[535.479663] (-) TimerEvent: {}
[535.581261] (-) TimerEvent: {}
[535.683056] (-) TimerEvent: {}
[535.784791] (-) TimerEvent: {}
[535.888107] (-) TimerEvent: {}
[535.989582] (-) TimerEvent: {}
[536.091029] (-) TimerEvent: {}
[536.192550] (-) TimerEvent: {}
[536.294062] (-) TimerEvent: {}
[536.395679] (-) TimerEvent: {}
[536.497172] (-) TimerEvent: {}
[536.598574] (-) TimerEvent: {}
[536.700329] (-) TimerEvent: {}
[536.802226] (-) TimerEvent: {}
[536.904121] (-) TimerEvent: {}
[537.005795] (-) TimerEvent: {}
[537.108505] (-) TimerEvent: {}
[537.210151] (-) TimerEvent: {}
[537.311986] (-) TimerEvent: {}
[537.413662] (-) TimerEvent: {}
[537.515538] (-) TimerEvent: {}
[537.617342] (-) TimerEvent: {}
[537.718999] (-) TimerEvent: {}
[537.821061] (-) TimerEvent: {}
[537.922606] (-) TimerEvent: {}
[538.024519] (-) TimerEvent: {}
[538.127104] (-) TimerEvent: {}
[538.228685] (-) TimerEvent: {}
[538.330206] (-) TimerEvent: {}
[538.431955] (-) TimerEvent: {}
[538.533456] (-) TimerEvent: {}
[538.635086] (-) TimerEvent: {}
[538.736687] (-) TimerEvent: {}
[538.838002] (-) TimerEvent: {}
[538.939541] (-) TimerEvent: {}
[539.041072] (-) TimerEvent: {}
[539.142660] (-) TimerEvent: {}
[539.244342] (-) TimerEvent: {}
[539.346789] (-) TimerEvent: {}
[539.448711] (-) TimerEvent: {}
[539.551155] (-) TimerEvent: {}
[539.652634] (-) TimerEvent: {}
[539.754379] (-) TimerEvent: {}
[539.856857] (-) TimerEvent: {}
[539.958520] (-) TimerEvent: {}
[540.060231] (-) TimerEvent: {}
[540.162081] (-) TimerEvent: {}
[540.263835] (-) TimerEvent: {}
[540.365694] (-) TimerEvent: {}
[540.467922] (-) TimerEvent: {}
[540.569366] (-) TimerEvent: {}
[540.671042] (-) TimerEvent: {}
[540.773372] (-) TimerEvent: {}
[540.875894] (-) TimerEvent: {}
[540.978063] (-) TimerEvent: {}
[541.079653] (-) TimerEvent: {}
[541.181189] (-) TimerEvent: {}
[541.282647] (-) TimerEvent: {}
[541.383820] (-) TimerEvent: {}
[541.485287] (-) TimerEvent: {}
[541.588103] (-) TimerEvent: {}
[541.689565] (-) TimerEvent: {}
[541.791074] (-) TimerEvent: {}
[541.892673] (-) TimerEvent: {}
[541.994106] (-) TimerEvent: {}
[542.095798] (-) TimerEvent: {}
[542.197280] (-) TimerEvent: {}
[542.298733] (-) TimerEvent: {}
[542.400104] (-) TimerEvent: {}
[542.501796] (-) TimerEvent: {}
[542.603318] (-) TimerEvent: {}
[542.704937] (-) TimerEvent: {}
[542.806467] (-) TimerEvent: {}
[542.908257] (-) TimerEvent: {}
[543.009925] (-) TimerEvent: {}
[543.111682] (-) TimerEvent: {}
[543.213144] (-) TimerEvent: {}
[543.314666] (-) TimerEvent: {}
[543.416126] (-) TimerEvent: {}
[543.517543] (-) TimerEvent: {}
[543.619227] (-) TimerEvent: {}
[543.720849] (-) TimerEvent: {}
[543.822348] (-) TimerEvent: {}
[543.923932] (-) TimerEvent: {}
[544.025426] (-) TimerEvent: {}
[544.126876] (-) TimerEvent: {}
[544.228466] (-) TimerEvent: {}
[544.330071] (-) TimerEvent: {}
[544.431762] (-) TimerEvent: {}
[544.533354] (-) TimerEvent: {}
[544.634819] (-) TimerEvent: {}
[544.736535] (-) TimerEvent: {}
[544.838012] (-) TimerEvent: {}
[544.939568] (-) TimerEvent: {}
[545.041072] (-) TimerEvent: {}
[545.142393] (-) TimerEvent: {}
[545.243924] (-) TimerEvent: {}
[545.345596] (-) TimerEvent: {}
[545.447090] (-) TimerEvent: {}
[545.548673] (-) TimerEvent: {}
[545.650372] (-) TimerEvent: {}
[545.751897] (-) TimerEvent: {}
[545.853446] (-) TimerEvent: {}
[545.954889] (-) TimerEvent: {}
[546.056473] (-) TimerEvent: {}
[546.157894] (-) TimerEvent: {}
[546.259377] (-) TimerEvent: {}
[546.360877] (-) TimerEvent: {}
[546.462351] (-) TimerEvent: {}
[546.563944] (-) TimerEvent: {}
[546.665704] (-) TimerEvent: {}
[546.767275] (-) TimerEvent: {}
[546.868808] (-) TimerEvent: {}
[546.970371] (-) TimerEvent: {}
[547.072218] (-) TimerEvent: {}
[547.174492] (-) TimerEvent: {}
[547.277462] (-) TimerEvent: {}
[547.379723] (-) TimerEvent: {}
[547.481269] (-) TimerEvent: {}
[547.582811] (-) TimerEvent: {}
[547.684583] (-) TimerEvent: {}
[547.786024] (-) TimerEvent: {}
[547.887577] (-) TimerEvent: {}
[547.989314] (-) TimerEvent: {}
[548.091078] (-) TimerEvent: {}
[548.192568] (-) TimerEvent: {}
[548.293881] (-) TimerEvent: {}
[548.395550] (-) TimerEvent: {}
[548.497051] (-) TimerEvent: {}
[548.598571] (-) TimerEvent: {}
[548.700168] (-) TimerEvent: {}
[548.801721] (-) TimerEvent: {}
[548.903145] (-) TimerEvent: {}
[549.004653] (-) TimerEvent: {}
[549.106320] (-) TimerEvent: {}
[549.207705] (-) TimerEvent: {}
[549.309435] (-) TimerEvent: {}
[549.411714] (-) TimerEvent: {}
[549.513236] (-) TimerEvent: {}
[549.614723] (-) TimerEvent: {}
[549.716271] (-) TimerEvent: {}
[549.817922] (-) TimerEvent: {}
[549.920256] (-) TimerEvent: {}
[550.021711] (-) TimerEvent: {}
[550.123246] (-) TimerEvent: {}
[550.224634] (-) TimerEvent: {}
[550.326329] (-) TimerEvent: {}
[550.428035] (-) TimerEvent: {}
[550.529737] (-) TimerEvent: {}
[550.631469] (-) TimerEvent: {}
[550.734057] (-) TimerEvent: {}
[550.835653] (-) TimerEvent: {}
[550.937102] (-) TimerEvent: {}
[551.038623] (-) TimerEvent: {}
[551.140137] (-) TimerEvent: {}
[551.241705] (-) TimerEvent: {}
[551.343265] (-) TimerEvent: {}
[551.444960] (-) TimerEvent: {}
[551.546603] (-) TimerEvent: {}
[551.648392] (-) TimerEvent: {}
[551.749960] (-) TimerEvent: {}
[551.851523] (-) TimerEvent: {}
[551.953037] (-) TimerEvent: {}
[552.054566] (-) TimerEvent: {}
[552.156223] (-) TimerEvent: {}
[552.257809] (-) TimerEvent: {}
[552.359380] (-) TimerEvent: {}
[552.460897] (-) TimerEvent: {}
[552.562458] (-) TimerEvent: {}
[552.664337] (-) TimerEvent: {}
[552.766176] (-) TimerEvent: {}
[552.867763] (-) TimerEvent: {}
[552.969979] (-) TimerEvent: {}
[553.076223] (-) TimerEvent: {}
[553.178725] (-) TimerEvent: {}
[553.281188] (-) TimerEvent: {}
[553.382761] (-) TimerEvent: {}
[553.484320] (-) TimerEvent: {}
[553.585878] (-) TimerEvent: {}
[553.687552] (-) TimerEvent: {}
[553.789131] (-) TimerEvent: {}
[553.890613] (-) TimerEvent: {}
[553.992583] (-) TimerEvent: {}
[554.093838] (-) TimerEvent: {}
[554.195353] (-) TimerEvent: {}
[554.296929] (-) TimerEvent: {}
[554.398362] (-) TimerEvent: {}
[554.499680] (-) TimerEvent: {}
[554.600927] (-) TimerEvent: {}
[554.702496] (-) TimerEvent: {}
[554.804187] (-) TimerEvent: {}
[554.905687] (-) TimerEvent: {}
[555.007172] (-) TimerEvent: {}
[555.108646] (-) TimerEvent: {}
[555.210172] (-) TimerEvent: {}
[555.311760] (-) TimerEvent: {}
[555.413203] (-) TimerEvent: {}
[555.514744] (-) TimerEvent: {}
[555.616443] (-) TimerEvent: {}
[555.718065] (-) TimerEvent: {}
[555.819682] (-) TimerEvent: {}
[555.921279] (-) TimerEvent: {}
[556.022858] (-) TimerEvent: {}
[556.124283] (-) TimerEvent: {}
[556.225807] (-) TimerEvent: {}
[556.327387] (-) TimerEvent: {}
[556.428920] (-) TimerEvent: {}
[556.530392] (-) TimerEvent: {}
[556.631963] (-) TimerEvent: {}
[556.733403] (-) TimerEvent: {}
[556.834997] (-) TimerEvent: {}
[556.936709] (-) TimerEvent: {}
[557.038352] (-) TimerEvent: {}
[557.139898] (-) TimerEvent: {}
[557.241211] (-) TimerEvent: {}
[557.343016] (-) TimerEvent: {}
[557.444761] (-) TimerEvent: {}
[557.546405] (-) TimerEvent: {}
[557.648759] (-) TimerEvent: {}
[557.750348] (-) TimerEvent: {}
[557.852000] (-) TimerEvent: {}
[557.953524] (-) TimerEvent: {}
[558.055092] (-) TimerEvent: {}
[558.156874] (-) TimerEvent: {}
[558.258429] (-) TimerEvent: {}
[558.359972] (-) TimerEvent: {}
[558.461498] (-) TimerEvent: {}
[558.563042] (-) TimerEvent: {}
[558.664803] (-) TimerEvent: {}
[558.766320] (-) TimerEvent: {}
[558.867818] (-) TimerEvent: {}
[558.969934] (-) TimerEvent: {}
[559.071545] (-) TimerEvent: {}
[559.173001] (-) TimerEvent: {}
[559.274225] (-) TimerEvent: {}
[559.375801] (-) TimerEvent: {}
[559.477463] (-) TimerEvent: {}
[559.579079] (-) TimerEvent: {}
[559.680821] (-) TimerEvent: {}
[559.782355] (-) TimerEvent: {}
[559.883947] (-) TimerEvent: {}
[559.985476] (-) TimerEvent: {}
[560.087046] (-) TimerEvent: {}
[560.188695] (-) TimerEvent: {}
[560.290206] (-) TimerEvent: {}
[560.391951] (-) TimerEvent: {}
[560.493510] (-) TimerEvent: {}
[560.595014] (-) TimerEvent: {}
[560.696589] (-) TimerEvent: {}
[560.798028] (-) TimerEvent: {}
[560.899830] (-) TimerEvent: {}
[561.001435] (-) TimerEvent: {}
[561.103214] (-) TimerEvent: {}
[561.206451] (-) TimerEvent: {}
[561.308564] (-) TimerEvent: {}
[561.410075] (-) TimerEvent: {}
[561.511666] (-) TimerEvent: {}
[561.613182] (-) TimerEvent: {}
[561.714706] (-) TimerEvent: {}
[561.816264] (-) TimerEvent: {}
[561.917729] (-) TimerEvent: {}
[562.020508] (-) TimerEvent: {}
[562.122065] (-) TimerEvent: {}
[562.223520] (-) TimerEvent: {}
[562.325166] (-) TimerEvent: {}
[562.427293] (-) TimerEvent: {}
[562.529651] (-) TimerEvent: {}
[562.631366] (-) TimerEvent: {}
[562.733611] (-) TimerEvent: {}
[562.835362] (-) TimerEvent: {}
[562.937086] (-) TimerEvent: {}
[563.038741] (-) TimerEvent: {}
[563.140850] (-) TimerEvent: {}
[563.243505] (-) TimerEvent: {}
[563.345149] (-) TimerEvent: {}
[563.446742] (-) TimerEvent: {}
[563.549353] (-) TimerEvent: {}
[563.652087] (-) TimerEvent: {}
[563.753611] (-) TimerEvent: {}
[563.855216] (-) TimerEvent: {}
[563.956812] (-) TimerEvent: {}
[564.058363] (-) TimerEvent: {}
[564.159885] (-) TimerEvent: {}
[564.261688] (-) TimerEvent: {}
[564.363918] (-) TimerEvent: {}
[564.465734] (-) TimerEvent: {}
[564.567181] (-) TimerEvent: {}
[564.668773] (-) TimerEvent: {}
[564.770249] (-) TimerEvent: {}
[564.871686] (-) TimerEvent: {}
[564.973501] (-) TimerEvent: {}
[565.075028] (-) TimerEvent: {}
[565.176613] (-) TimerEvent: {}
[565.278064] (-) TimerEvent: {}
[565.379624] (-) TimerEvent: {}
[565.481143] (-) TimerEvent: {}
[565.582510] (-) TimerEvent: {}
[565.684106] (-) TimerEvent: {}
[565.785670] (-) TimerEvent: {}
[565.887164] (-) TimerEvent: {}
[565.988726] (-) TimerEvent: {}
[566.090203] (-) TimerEvent: {}
[566.191655] (-) TimerEvent: {}
[566.292871] (-) TimerEvent: {}
[566.394473] (-) TimerEvent: {}
[566.496194] (-) TimerEvent: {}
[566.597666] (-) TimerEvent: {}
[566.699296] (-) TimerEvent: {}
[566.801193] (-) TimerEvent: {}
[566.902880] (-) TimerEvent: {}
[567.004485] (-) TimerEvent: {}
[567.106114] (-) TimerEvent: {}
[567.207716] (-) TimerEvent: {}
[567.309424] (-) TimerEvent: {}
[567.411141] (-) TimerEvent: {}
[567.512795] (-) TimerEvent: {}
[567.614762] (-) TimerEvent: {}
[567.716743] (-) TimerEvent: {}
[567.818304] (-) TimerEvent: {}
[567.919848] (-) TimerEvent: {}
[568.021336] (-) TimerEvent: {}
[568.122878] (-) TimerEvent: {}
[568.225389] (-) TimerEvent: {}
[568.330839] (-) TimerEvent: {}
[568.432317] (-) TimerEvent: {}
[568.533810] (-) TimerEvent: {}
[568.635654] (-) TimerEvent: {}
[568.737903] (-) TimerEvent: {}
[568.839701] (-) TimerEvent: {}
[568.941422] (-) TimerEvent: {}
[569.043126] (-) TimerEvent: {}
[569.144918] (-) TimerEvent: {}
[569.246730] (-) TimerEvent: {}
[569.348449] (-) TimerEvent: {}
[569.449963] (-) TimerEvent: {}
[569.551559] (-) TimerEvent: {}
[569.653073] (-) TimerEvent: {}
[569.754623] (-) TimerEvent: {}
[569.856534] (-) TimerEvent: {}
[569.959119] (-) TimerEvent: {}
[570.060703] (-) TimerEvent: {}
[570.162278] (-) TimerEvent: {}
[570.264082] (-) TimerEvent: {}
[570.366474] (-) TimerEvent: {}
[570.469030] (-) TimerEvent: {}
[570.570592] (-) TimerEvent: {}
[570.672151] (-) TimerEvent: {}
[570.773747] (-) TimerEvent: {}
[570.875248] (-) TimerEvent: {}
[570.976868] (-) TimerEvent: {}
[571.079269] (-) TimerEvent: {}
[571.181796] (-) TimerEvent: {}
[571.284067] (-) TimerEvent: {}
[571.385545] (-) TimerEvent: {}
[571.487026] (-) TimerEvent: {}
[571.588640] (-) TimerEvent: {}
[571.690133] (-) TimerEvent: {}
[571.791810] (-) TimerEvent: {}
[571.893920] (-) TimerEvent: {}
[571.996416] (-) TimerEvent: {}
[572.097915] (-) TimerEvent: {}
[572.199516] (-) TimerEvent: {}
[572.300916] (-) TimerEvent: {}
[572.402579] (-) TimerEvent: {}
[572.504481] (-) TimerEvent: {}
[572.606052] (-) TimerEvent: {}
[572.707666] (-) TimerEvent: {}
[572.809337] (-) TimerEvent: {}
[572.911673] (-) TimerEvent: {}
[573.013181] (-) TimerEvent: {}
[573.114646] (-) TimerEvent: {}
[573.216189] (-) TimerEvent: {}
[573.317747] (-) TimerEvent: {}
[573.419171] (-) TimerEvent: {}
[573.520818] (-) TimerEvent: {}
[573.622480] (-) TimerEvent: {}
[573.724067] (-) TimerEvent: {}
[573.825559] (-) TimerEvent: {}
[573.927091] (-) TimerEvent: {}
[574.028955] (-) TimerEvent: {}
[574.131047] (-) TimerEvent: {}
[574.233449] (-) TimerEvent: {}
[574.335052] (-) TimerEvent: {}
[574.436581] (-) TimerEvent: {}
[574.538053] (-) TimerEvent: {}
[574.639609] (-) TimerEvent: {}
[574.741210] (-) TimerEvent: {}
[574.842740] (-) TimerEvent: {}
[574.944326] (-) TimerEvent: {}
[575.045739] (-) TimerEvent: {}
[575.147285] (-) TimerEvent: {}
[575.248709] (-) TimerEvent: {}
[575.350560] (-) TimerEvent: {}
[575.452085] (-) TimerEvent: {}
[575.553534] (-) TimerEvent: {}
[575.655002] (-) TimerEvent: {}
[575.756489] (-) TimerEvent: {}
[575.857980] (-) TimerEvent: {}
[575.959465] (-) TimerEvent: {}
[576.061062] (-) TimerEvent: {}
[576.162579] (-) TimerEvent: {}
[576.264053] (-) TimerEvent: {}
[576.365624] (-) TimerEvent: {}
[576.467122] (-) TimerEvent: {}
[576.569795] (-) TimerEvent: {}
[576.671396] (-) TimerEvent: {}
[576.773096] (-) TimerEvent: {}
[576.874542] (-) TimerEvent: {}
[576.976124] (-) TimerEvent: {}
[577.077574] (-) TimerEvent: {}
[577.179399] (-) TimerEvent: {}
[577.282019] (-) TimerEvent: {}
[577.383559] (-) TimerEvent: {}
[577.485237] (-) TimerEvent: {}
[577.586766] (-) TimerEvent: {}
[577.688408] (-) TimerEvent: {}
[577.790163] (-) TimerEvent: {}
[577.891706] (-) TimerEvent: {}
[577.993389] (-) TimerEvent: {}
[578.095624] (-) TimerEvent: {}
[578.196983] (-) TimerEvent: {}
[578.298587] (-) TimerEvent: {}
[578.400304] (-) TimerEvent: {}
[578.501900] (-) TimerEvent: {}
[578.603460] (-) TimerEvent: {}
[578.704966] (-) TimerEvent: {}
[578.806478] (-) TimerEvent: {}
[578.907709] (-) TimerEvent: {}
[579.009327] (-) TimerEvent: {}
[579.110778] (-) TimerEvent: {}
[579.212757] (-) TimerEvent: {}
[579.315536] (-) TimerEvent: {}
[579.417029] (-) TimerEvent: {}
[579.518470] (-) TimerEvent: {}
[579.620048] (-) TimerEvent: {}
[579.721550] (-) TimerEvent: {}
[579.823812] (-) TimerEvent: {}
[579.925226] (-) TimerEvent: {}
[580.026710] (-) TimerEvent: {}
[580.128672] (-) TimerEvent: {}
[580.231006] (-) TimerEvent: {}
[580.332741] (-) TimerEvent: {}
[580.435171] (-) TimerEvent: {}
[580.537833] (-) TimerEvent: {}
[580.639977] (-) TimerEvent: {}
[580.741658] (-) TimerEvent: {}
[580.843216] (-) TimerEvent: {}
[580.945100] (-) TimerEvent: {}
[581.046549] (-) TimerEvent: {}
[581.148182] (-) TimerEvent: {}
[581.249667] (-) TimerEvent: {}
[581.351124] (-) TimerEvent: {}
[581.453507] (-) TimerEvent: {}
[581.555008] (-) TimerEvent: {}
[581.656551] (-) TimerEvent: {}
[581.758246] (-) TimerEvent: {}
[581.860394] (-) TimerEvent: {}
[581.961906] (-) TimerEvent: {}
[582.063674] (-) TimerEvent: {}
[582.165861] (-) TimerEvent: {}
[582.267312] (-) TimerEvent: {}
[582.368930] (-) TimerEvent: {}
[582.470408] (-) TimerEvent: {}
[582.571956] (-) TimerEvent: {}
[582.673975] (-) TimerEvent: {}
[582.777220] (-) TimerEvent: {}
[582.878789] (-) TimerEvent: {}
[582.980561] (-) TimerEvent: {}
[583.082060] (-) TimerEvent: {}
[583.183654] (-) TimerEvent: {}
[583.285083] (-) TimerEvent: {}
[583.386603] (-) TimerEvent: {}
[583.489264] (-) TimerEvent: {}
[583.590711] (-) TimerEvent: {}
[583.692196] (-) TimerEvent: {}
[583.793739] (-) TimerEvent: {}
[583.895762] (-) TimerEvent: {}
[583.997356] (-) TimerEvent: {}
[584.099160] (-) TimerEvent: {}
[584.201162] (-) TimerEvent: {}
[584.302815] (-) TimerEvent: {}
[584.404440] (-) TimerEvent: {}
[584.505920] (-) TimerEvent: {}
[584.607516] (-) TimerEvent: {}
[584.709224] (-) TimerEvent: {}
[584.810777] (-) TimerEvent: {}
[584.912434] (-) TimerEvent: {}
[585.014041] (-) TimerEvent: {}
[585.116677] (-) TimerEvent: {}
[585.219320] (-) TimerEvent: {}
[585.321700] (-) TimerEvent: {}
[585.423357] (-) TimerEvent: {}
[585.524877] (-) TimerEvent: {}
[585.626796] (-) TimerEvent: {}
[585.728634] (-) TimerEvent: {}
[585.830280] (-) TimerEvent: {}
[585.931699] (-) TimerEvent: {}
[586.032979] (-) TimerEvent: {}
[586.134411] (-) TimerEvent: {}
[586.236233] (-) TimerEvent: {}
[586.338770] (-) TimerEvent: {}
[586.440573] (-) TimerEvent: {}
[586.542439] (-) TimerEvent: {}
[586.644926] (-) TimerEvent: {}
[586.747791] (-) TimerEvent: {}
[586.849220] (-) TimerEvent: {}
[587.009588] (-) TimerEvent: {}
[587.111138] (-) TimerEvent: {}
[587.212986] (-) TimerEvent: {}
[587.314905] (-) TimerEvent: {}
[587.416836] (-) TimerEvent: {}
[587.518465] (-) TimerEvent: {}
[587.619871] (-) TimerEvent: {}
[587.721452] (-) TimerEvent: {}
[587.823187] (-) TimerEvent: {}
[587.926282] (-) TimerEvent: {}
[588.028852] (-) TimerEvent: {}
[588.130390] (-) TimerEvent: {}
[588.232247] (-) TimerEvent: {}
[588.333961] (-) TimerEvent: {}
[588.593481] (-) TimerEvent: {}
[588.694930] (-) TimerEvent: {}
[588.796534] (-) TimerEvent: {}
[588.897967] (-) TimerEvent: {}
[588.999646] (-) TimerEvent: {}
[589.100947] (-) TimerEvent: {}
[589.202447] (-) TimerEvent: {}
[589.304902] (-) TimerEvent: {}
[589.406470] (-) TimerEvent: {}
[589.508147] (-) TimerEvent: {}
[589.609854] (-) TimerEvent: {}
[589.712488] (-) TimerEvent: {}
[589.814120] (-) TimerEvent: {}
[589.915621] (-) TimerEvent: {}
[590.017472] (-) TimerEvent: {}
[590.118772] (-) TimerEvent: {}
[590.220239] (-) TimerEvent: {}
[590.321684] (-) TimerEvent: {}
[590.423255] (-) TimerEvent: {}
[590.524822] (-) TimerEvent: {}
[590.626325] (-) TimerEvent: {}
[590.727950] (-) TimerEvent: {}
[590.829646] (-) TimerEvent: {}
[590.931395] (-) TimerEvent: {}
[591.033612] (-) TimerEvent: {}
[591.136173] (-) TimerEvent: {}
[591.237808] (-) TimerEvent: {}
[591.339365] (-) TimerEvent: {}
[591.441040] (-) TimerEvent: {}
[591.542381] (-) TimerEvent: {}
[591.643996] (-) TimerEvent: {}
[591.745434] (-) TimerEvent: {}
[591.846919] (-) TimerEvent: {}
[591.948592] (-) TimerEvent: {}
[592.050160] (-) TimerEvent: {}
[592.151859] (-) TimerEvent: {}
[592.253715] (-) TimerEvent: {}
[592.354963] (-) TimerEvent: {}
[592.456615] (-) TimerEvent: {}
[592.558372] (-) TimerEvent: {}
[592.660033] (-) TimerEvent: {}
[592.761573] (-) TimerEvent: {}
[592.863071] (-) TimerEvent: {}
[592.964814] (-) TimerEvent: {}
[593.066320] (-) TimerEvent: {}
[593.168207] (-) TimerEvent: {}
[593.270580] (-) TimerEvent: {}
[593.372137] (-) TimerEvent: {}
[593.473798] (-) TimerEvent: {}
[593.575532] (-) TimerEvent: {}
[593.677149] (-) TimerEvent: {}
[593.778697] (-) TimerEvent: {}
[593.880446] (-) TimerEvent: {}
[593.999867] (-) TimerEvent: {}
[594.135342] (-) TimerEvent: {}
[594.236746] (-) TimerEvent: {}
[594.338330] (-) TimerEvent: {}
[594.440027] (-) TimerEvent: {}
[594.541518] (-) TimerEvent: {}
[594.643206] (-) TimerEvent: {}
[594.745580] (-) TimerEvent: {}
[594.847167] (-) TimerEvent: {}
[594.948638] (-) TimerEvent: {}
[595.050441] (-) TimerEvent: {}
[595.153205] (-) TimerEvent: {}
[595.255065] (-) TimerEvent: {}
[595.356928] (-) TimerEvent: {}
[595.458798] (-) TimerEvent: {}
[595.560550] (-) TimerEvent: {}
[595.662174] (-) TimerEvent: {}
[595.764040] (-) TimerEvent: {}
[595.865799] (-) TimerEvent: {}
[595.967527] (-) TimerEvent: {}
[596.069114] (-) TimerEvent: {}
[596.171319] (-) TimerEvent: {}
[596.273223] (-) TimerEvent: {}
[596.375033] (-) TimerEvent: {}
[596.476550] (-) TimerEvent: {}
[596.578197] (-) TimerEvent: {}
[596.679840] (-) TimerEvent: {}
[596.781370] (-) TimerEvent: {}
[596.883012] (-) TimerEvent: {}
[596.985528] (-) TimerEvent: {}
[597.087318] (-) TimerEvent: {}
[597.188907] (-) TimerEvent: {}
[597.290498] (-) TimerEvent: {}
[597.392330] (-) TimerEvent: {}
[597.493981] (-) TimerEvent: {}
[597.596483] (-) TimerEvent: {}
[597.697855] (-) TimerEvent: {}
[597.799498] (-) TimerEvent: {}
[597.901040] (-) TimerEvent: {}
[598.002575] (-) TimerEvent: {}
[598.104175] (-) TimerEvent: {}
[598.205707] (-) TimerEvent: {}
[598.307247] (-) TimerEvent: {}
[598.408551] (-) TimerEvent: {}
[598.510149] (-) TimerEvent: {}
[598.611898] (-) TimerEvent: {}
[598.714001] (-) TimerEvent: {}
[598.816738] (-) TimerEvent: {}
[598.918260] (-) TimerEvent: {}
[599.019947] (-) TimerEvent: {}
[599.121396] (-) TimerEvent: {}
[599.222852] (-) TimerEvent: {}
[599.324162] (-) TimerEvent: {}
[599.425804] (-) TimerEvent: {}
[599.528377] (-) TimerEvent: {}
[599.630081] (-) TimerEvent: {}
[599.732092] (-) TimerEvent: {}
[599.834633] (-) TimerEvent: {}
[599.937192] (-) TimerEvent: {}
[600.038739] (-) TimerEvent: {}
[600.140201] (-) TimerEvent: {}
[600.241515] (-) TimerEvent: {}
[600.343084] (-) TimerEvent: {}
[600.444702] (-) TimerEvent: {}
[600.546103] (-) TimerEvent: {}
[600.647949] (-) TimerEvent: {}
[600.749772] (-) TimerEvent: {}
[600.851331] (-) TimerEvent: {}
[600.952983] (-) TimerEvent: {}
[601.054739] (-) TimerEvent: {}
[601.157244] (-) TimerEvent: {}
[601.258745] (-) TimerEvent: {}
[601.360480] (-) TimerEvent: {}
[601.463073] (-) TimerEvent: {}
[601.564905] (-) TimerEvent: {}
[601.667364] (-) TimerEvent: {}
[601.769203] (-) TimerEvent: {}
[601.870807] (-) TimerEvent: {}
[601.975117] (-) TimerEvent: {}
[602.076904] (-) TimerEvent: {}
[602.178366] (-) TimerEvent: {}
[602.280037] (-) TimerEvent: {}
[602.381904] (-) TimerEvent: {}
[602.483629] (-) TimerEvent: {}
[602.585224] (-) TimerEvent: {}
[602.686796] (-) TimerEvent: {}
[602.788370] (-) TimerEvent: {}
[602.889959] (-) TimerEvent: {}
[602.991480] (-) TimerEvent: {}
[603.093008] (-) TimerEvent: {}
[603.194541] (-) TimerEvent: {}
[603.296040] (-) TimerEvent: {}
[603.397474] (-) TimerEvent: {}
[603.498916] (-) TimerEvent: {}
[603.600407] (-) TimerEvent: {}
[603.701938] (-) TimerEvent: {}
[603.803679] (-) TimerEvent: {}
[603.905246] (-) TimerEvent: {}
[604.006755] (-) TimerEvent: {}
[604.108365] (-) TimerEvent: {}
[604.209908] (-) TimerEvent: {}
[604.311339] (-) TimerEvent: {}
[604.412917] (-) TimerEvent: {}
[604.514480] (-) TimerEvent: {}
[604.616266] (-) TimerEvent: {}
[604.717740] (-) TimerEvent: {}
[604.819180] (-) TimerEvent: {}
[604.920799] (-) TimerEvent: {}
[605.022289] (-) TimerEvent: {}
[605.123972] (-) TimerEvent: {}
[605.225474] (-) TimerEvent: {}
[605.327127] (-) TimerEvent: {}
[605.428631] (-) TimerEvent: {}
[605.530197] (-) TimerEvent: {}
[605.631733] (-) TimerEvent: {}
[605.733420] (-) TimerEvent: {}
[605.835286] (-) TimerEvent: {}
[605.936901] (-) TimerEvent: {}
[606.038601] (-) TimerEvent: {}
[606.140222] (-) TimerEvent: {}
[606.242039] (-) TimerEvent: {}
[606.343689] (-) TimerEvent: {}
[606.445343] (-) TimerEvent: {}
[606.547316] (-) TimerEvent: {}
[606.650053] (-) TimerEvent: {}
[606.751629] (-) TimerEvent: {}
[606.853220] (-) TimerEvent: {}
[606.954820] (-) TimerEvent: {}
[607.056491] (-) TimerEvent: {}
[607.157943] (-) TimerEvent: {}
[607.259391] (-) TimerEvent: {}
[607.361040] (-) TimerEvent: {}
[607.462603] (-) TimerEvent: {}
[607.564316] (-) TimerEvent: {}
[607.665975] (-) TimerEvent: {}
[607.767676] (-) TimerEvent: {}
[607.869209] (-) TimerEvent: {}
[607.970790] (-) TimerEvent: {}
[608.072473] (-) TimerEvent: {}
[608.174075] (-) TimerEvent: {}
[608.275846] (-) TimerEvent: {}
[608.377913] (-) TimerEvent: {}
[608.524234] (-) TimerEvent: {}
[608.625894] (-) TimerEvent: {}
[608.727513] (-) TimerEvent: {}
[608.828964] (-) TimerEvent: {}
[608.930397] (-) TimerEvent: {}
[609.031930] (-) TimerEvent: {}
[609.133423] (-) TimerEvent: {}
[609.234939] (-) TimerEvent: {}
[609.336628] (-) TimerEvent: {}
[609.438170] (-) TimerEvent: {}
[609.539696] (-) TimerEvent: {}
[609.642185] (-) TimerEvent: {}
[609.743659] (-) TimerEvent: {}
[609.845069] (-) TimerEvent: {}
[609.946500] (-) TimerEvent: {}
[610.048064] (-) TimerEvent: {}
[610.149644] (-) TimerEvent: {}
[610.251191] (-) TimerEvent: {}
[610.352820] (-) TimerEvent: {}
[610.454418] (-) TimerEvent: {}
[610.556013] (-) TimerEvent: {}
[610.657702] (-) TimerEvent: {}
[610.759558] (-) TimerEvent: {}
[610.861421] (-) TimerEvent: {}
[610.963102] (-) TimerEvent: {}
[611.064673] (-) TimerEvent: {}
[611.166204] (-) TimerEvent: {}
[611.268080] (-) TimerEvent: {}
[611.369612] (-) TimerEvent: {}
[611.471055] (-) TimerEvent: {}
[611.572627] (-) TimerEvent: {}
[611.674202] (-) TimerEvent: {}
[611.775752] (-) TimerEvent: {}
[611.877245] (-) TimerEvent: {}
[611.978929] (-) TimerEvent: {}
[612.081131] (-) TimerEvent: {}
[612.182785] (-) TimerEvent: {}
[612.284594] (-) TimerEvent: {}
[612.386190] (-) TimerEvent: {}
[612.487880] (-) TimerEvent: {}
[612.589454] (-) TimerEvent: {}
[612.691039] (-) TimerEvent: {}
[612.792518] (-) TimerEvent: {}
[612.894050] (-) TimerEvent: {}
[612.995609] (-) TimerEvent: {}
[613.097473] (-) TimerEvent: {}
[613.199742] (-) TimerEvent: {}
[613.301268] (-) TimerEvent: {}
[613.402862] (-) TimerEvent: {}
[613.504469] (-) TimerEvent: {}
[613.605980] (-) TimerEvent: {}
[613.707448] (-) TimerEvent: {}
[613.808935] (-) TimerEvent: {}
[613.910589] (-) TimerEvent: {}
[614.013100] (-) TimerEvent: {}
[614.115087] (-) TimerEvent: {}
[614.217229] (-) TimerEvent: {}
[614.318855] (-) TimerEvent: {}
[614.420153] (-) TimerEvent: {}
[614.521715] (-) TimerEvent: {}
[614.623085] (-) TimerEvent: {}
[614.725060] (-) TimerEvent: {}
[614.827906] (-) TimerEvent: {}
[614.930271] (-) TimerEvent: {}
[615.032837] (-) TimerEvent: {}
[615.134458] (-) TimerEvent: {}
[615.236061] (-) TimerEvent: {}
[615.337658] (-) TimerEvent: {}
[615.439223] (-) TimerEvent: {}
[615.540993] (-) TimerEvent: {}
[615.642544] (-) TimerEvent: {}
[615.744142] (-) TimerEvent: {}
[615.845676] (-) TimerEvent: {}
[615.947250] (-) TimerEvent: {}
[616.048814] (-) TimerEvent: {}
[616.150400] (-) TimerEvent: {}
[616.252003] (-) TimerEvent: {}
[616.353566] (-) TimerEvent: {}
[616.455287] (-) TimerEvent: {}
[616.556915] (-) TimerEvent: {}
[616.658425] (-) TimerEvent: {}
[616.759956] (-) TimerEvent: {}
[616.861586] (-) TimerEvent: {}
[616.963217] (-) TimerEvent: {}
[617.064829] (-) TimerEvent: {}
[617.166711] (-) TimerEvent: {}
[617.268627] (-) TimerEvent: {}
[617.370225] (-) TimerEvent: {}
[617.472731] (-) TimerEvent: {}
[617.574843] (-) TimerEvent: {}
[617.676390] (-) TimerEvent: {}
[617.777821] (-) TimerEvent: {}
[617.879231] (-) TimerEvent: {}
[617.980878] (-) TimerEvent: {}
[618.083033] (-) TimerEvent: {}
[618.186712] (-) TimerEvent: {}
[618.288724] (-) TimerEvent: {}
[618.392735] (-) TimerEvent: {}
[618.494369] (-) TimerEvent: {}
[618.597000] (-) TimerEvent: {}
[618.698735] (-) TimerEvent: {}
[618.801157] (-) TimerEvent: {}
[618.903559] (-) TimerEvent: {}
[619.005097] (-) TimerEvent: {}
[619.106941] (-) TimerEvent: {}
[619.208680] (-) TimerEvent: {}
[619.310031] (-) TimerEvent: {}
[619.412001] (-) TimerEvent: {}
[619.513525] (-) TimerEvent: {}
[619.615087] (-) TimerEvent: {}
[619.716667] (-) TimerEvent: {}
[619.818198] (-) TimerEvent: {}
[619.919675] (-) TimerEvent: {}
[620.021185] (-) TimerEvent: {}
[620.122761] (-) TimerEvent: {}
[620.224380] (-) TimerEvent: {}
[620.325866] (-) TimerEvent: {}
[620.427301] (-) TimerEvent: {}
[620.529010] (-) TimerEvent: {}
[620.630376] (-) TimerEvent: {}
[620.731638] (-) TimerEvent: {}
[620.833185] (-) TimerEvent: {}
[620.934658] (-) TimerEvent: {}
[621.036374] (-) TimerEvent: {}
[621.137843] (-) TimerEvent: {}
[621.239655] (-) TimerEvent: {}
[621.342154] (-) TimerEvent: {}
[621.443751] (-) TimerEvent: {}
[621.545182] (-) TimerEvent: {}
[621.646626] (-) TimerEvent: {}
[621.748218] (-) TimerEvent: {}
[621.849682] (-) TimerEvent: {}
[621.951237] (-) TimerEvent: {}
[622.052817] (-) TimerEvent: {}
[622.154649] (-) TimerEvent: {}
[622.256147] (-) TimerEvent: {}
[622.357643] (-) TimerEvent: {}
[622.459158] (-) TimerEvent: {}
[622.560719] (-) TimerEvent: {}
[622.662307] (-) TimerEvent: {}
[622.764717] (-) TimerEvent: {}
[622.866275] (-) TimerEvent: {}
[622.967846] (-) TimerEvent: {}
[623.069465] (-) TimerEvent: {}
[623.170977] (-) TimerEvent: {}
[623.272776] (-) TimerEvent: {}
[623.374307] (-) TimerEvent: {}
[623.860500] (-) TimerEvent: {}
[623.961940] (-) TimerEvent: {}
[624.063599] (-) TimerEvent: {}
[624.174554] (-) TimerEvent: {}
[624.300946] (-) TimerEvent: {}
[624.402491] (-) TimerEvent: {}
[624.504234] (-) TimerEvent: {}
[624.605755] (-) TimerEvent: {}
[624.707354] (-) TimerEvent: {}
[624.808920] (-) TimerEvent: {}
[624.910507] (-) TimerEvent: {}
[625.012354] (-) TimerEvent: {}
[625.115134] (-) TimerEvent: {}
[625.217605] (-) TimerEvent: {}
[625.319522] (-) TimerEvent: {}
[625.421179] (-) TimerEvent: {}
[625.523807] (-) TimerEvent: {}
[625.625384] (-) TimerEvent: {}
[625.726935] (-) TimerEvent: {}
[625.828505] (-) TimerEvent: {}
[625.930019] (-) TimerEvent: {}
[626.031686] (-) TimerEvent: {}
[626.133174] (-) TimerEvent: {}
[626.234725] (-) TimerEvent: {}
[626.336629] (-) TimerEvent: {}
[626.438319] (-) TimerEvent: {}
[626.541011] (-) TimerEvent: {}
[626.643529] (-) TimerEvent: {}
[626.745323] (-) TimerEvent: {}
[626.847214] (-) TimerEvent: {}
[626.948947] (-) TimerEvent: {}
[627.050259] (-) TimerEvent: {}
[627.151806] (-) TimerEvent: {}
[627.253330] (-) TimerEvent: {}
[627.354877] (-) TimerEvent: {}
[627.456624] (-) TimerEvent: {}
[627.558295] (-) TimerEvent: {}
[627.660914] (-) TimerEvent: {}
[627.762658] (-) TimerEvent: {}
[627.865429] (-) TimerEvent: {}
[627.968143] (-) TimerEvent: {}
[628.071088] (-) TimerEvent: {}
[628.173431] (-) TimerEvent: {}
[628.275960] (-) TimerEvent: {}
[628.377682] (-) TimerEvent: {}
[628.479103] (-) TimerEvent: {}
[628.580512] (-) TimerEvent: {}
[628.681942] (-) TimerEvent: {}
[628.783538] (-) TimerEvent: {}
[628.885174] (-) TimerEvent: {}
[628.986705] (-) TimerEvent: {}
[629.088445] (-) TimerEvent: {}
[629.189972] (-) TimerEvent: {}
[629.291506] (-) TimerEvent: {}
[629.393007] (-) TimerEvent: {}
[629.494495] (-) TimerEvent: {}
[629.596092] (-) TimerEvent: {}
[629.697659] (-) TimerEvent: {}
[629.799130] (-) TimerEvent: {}
[629.900759] (-) TimerEvent: {}
[630.002360] (-) TimerEvent: {}
[630.103889] (-) TimerEvent: {}
[630.205121] (-) TimerEvent: {}
[630.306855] (-) TimerEvent: {}
[630.408450] (-) TimerEvent: {}
[630.510074] (-) TimerEvent: {}
[630.611630] (-) TimerEvent: {}
[630.713126] (-) TimerEvent: {}
[630.814692] (-) TimerEvent: {}
[630.916456] (-) TimerEvent: {}
[631.018010] (-) TimerEvent: {}
[631.120009] (-) TimerEvent: {}
[631.221625] (-) TimerEvent: {}
[631.323277] (-) TimerEvent: {}
[631.424863] (-) TimerEvent: {}
[631.526508] (-) TimerEvent: {}
[631.627917] (-) TimerEvent: {}
[631.729161] (-) TimerEvent: {}
[631.830879] (-) TimerEvent: {}
[631.932593] (-) TimerEvent: {}
[632.034090] (-) TimerEvent: {}
[632.135678] (-) TimerEvent: {}
[632.237207] (-) TimerEvent: {}
[632.338639] (-) TimerEvent: {}
[632.440271] (-) TimerEvent: {}
[632.541720] (-) TimerEvent: {}
[632.643312] (-) TimerEvent: {}
[632.744932] (-) TimerEvent: {}
[632.846625] (-) TimerEvent: {}
[632.949135] (-) TimerEvent: {}
[633.051838] (-) TimerEvent: {}
[633.153918] (-) TimerEvent: {}
[633.255365] (-) TimerEvent: {}
[633.356956] (-) TimerEvent: {}
[633.458643] (-) TimerEvent: {}
[633.560645] (-) TimerEvent: {}
[633.663124] (-) TimerEvent: {}
[633.764855] (-) TimerEvent: {}
[633.866686] (-) TimerEvent: {}
[633.968391] (-) TimerEvent: {}
[634.069936] (-) TimerEvent: {}
[634.171602] (-) TimerEvent: {}
[634.273114] (-) TimerEvent: {}
[634.374632] (-) TimerEvent: {}
[634.476193] (-) TimerEvent: {}
[634.577683] (-) TimerEvent: {}
[634.679199] (-) TimerEvent: {}
[634.780650] (-) TimerEvent: {}
[634.881950] (-) TimerEvent: {}
[634.983452] (-) TimerEvent: {}
[635.084925] (-) TimerEvent: {}
[635.186170] (-) TimerEvent: {}
[635.287617] (-) TimerEvent: {}
[635.389203] (-) TimerEvent: {}
[635.490849] (-) TimerEvent: {}
[635.592553] (-) TimerEvent: {}
[635.694250] (-) TimerEvent: {}
[635.795777] (-) TimerEvent: {}
[635.897458] (-) TimerEvent: {}
[635.998966] (-) TimerEvent: {}
[636.100609] (-) TimerEvent: {}
[636.202405] (-) TimerEvent: {}
[636.305020] (-) TimerEvent: {}
[636.406587] (-) TimerEvent: {}
[636.509196] (-) TimerEvent: {}
[636.611399] (-) TimerEvent: {}
[636.712973] (-) TimerEvent: {}
[636.814646] (-) TimerEvent: {}
[636.916270] (-) TimerEvent: {}
[637.018085] (-) TimerEvent: {}
[637.120722] (-) TimerEvent: {}
[637.222064] (-) TimerEvent: {}
[637.323573] (-) TimerEvent: {}
[637.425011] (-) TimerEvent: {}
[637.526510] (-) TimerEvent: {}
[637.628061] (-) TimerEvent: {}
[637.729504] (-) TimerEvent: {}
[637.831093] (-) TimerEvent: {}
[637.932536] (-) TimerEvent: {}
[638.034392] (-) TimerEvent: {}
[638.136013] (-) TimerEvent: {}
[638.237473] (-) TimerEvent: {}
[638.339227] (-) TimerEvent: {}
[638.443038] (-) TimerEvent: {}
[638.544699] (-) TimerEvent: {}
[638.646196] (-) TimerEvent: {}
[638.747977] (-) TimerEvent: {}
[638.849739] (-) TimerEvent: {}
[638.951391] (-) TimerEvent: {}
[639.052865] (-) TimerEvent: {}
[639.154393] (-) TimerEvent: {}
[639.256026] (-) TimerEvent: {}
[639.357539] (-) TimerEvent: {}
[639.459207] (-) TimerEvent: {}
[639.561613] (-) TimerEvent: {}
[639.663119] (-) TimerEvent: {}
[639.764694] (-) TimerEvent: {}
[639.866179] (-) TimerEvent: {}
[639.967706] (-) TimerEvent: {}
[640.069168] (-) TimerEvent: {}
[640.171108] (-) TimerEvent: {}
[640.273013] (-) TimerEvent: {}
[640.374602] (-) TimerEvent: {}
[640.476436] (-) TimerEvent: {}
[640.577932] (-) TimerEvent: {}
[640.679899] (-) TimerEvent: {}
[640.782562] (-) TimerEvent: {}
[640.885174] (-) TimerEvent: {}
[640.986595] (-) TimerEvent: {}
[641.088166] (-) TimerEvent: {}
[641.189636] (-) TimerEvent: {}
[641.291139] (-) TimerEvent: {}
[641.392722] (-) TimerEvent: {}
[641.494210] (-) TimerEvent: {}
[641.595883] (-) TimerEvent: {}
[641.697571] (-) TimerEvent: {}
[641.799078] (-) TimerEvent: {}
[641.900718] (-) TimerEvent: {}
[642.002160] (-) TimerEvent: {}
[642.104397] (-) TimerEvent: {}
[642.206109] (-) TimerEvent: {}
[642.307750] (-) TimerEvent: {}
[642.409378] (-) TimerEvent: {}
[642.510907] (-) TimerEvent: {}
[642.612549] (-) TimerEvent: {}
[642.714244] (-) TimerEvent: {}
[642.815868] (-) TimerEvent: {}
[642.918455] (-) TimerEvent: {}
[643.021053] (-) TimerEvent: {}
[643.122780] (-) TimerEvent: {}
[643.225243] (-) TimerEvent: {}
[643.326844] (-) TimerEvent: {}
[643.428581] (-) TimerEvent: {}
[643.530264] (-) TimerEvent: {}
[643.631533] (-) TimerEvent: {}
[643.733153] (-) TimerEvent: {}
[643.835188] (-) TimerEvent: {}
[643.937680] (-) TimerEvent: {}
[644.039153] (-) TimerEvent: {}
[644.140766] (-) TimerEvent: {}
[644.242177] (-) TimerEvent: {}
[644.343575] (-) TimerEvent: {}
[644.445159] (-) TimerEvent: {}
[644.546586] (-) TimerEvent: {}
[644.648173] (-) TimerEvent: {}
[644.749779] (-) TimerEvent: {}
[644.852019] (-) TimerEvent: {}
[644.954510] (-) TimerEvent: {}
[645.056213] (-) TimerEvent: {}
[645.157732] (-) TimerEvent: {}
[645.259500] (-) TimerEvent: {}
[645.360952] (-) TimerEvent: {}
[645.462319] (-) TimerEvent: {}
[645.563565] (-) TimerEvent: {}
[645.665149] (-) TimerEvent: {}
[645.766681] (-) TimerEvent: {}
[645.868274] (-) TimerEvent: {}
[645.969895] (-) TimerEvent: {}
[646.071507] (-) TimerEvent: {}
[646.173613] (-) TimerEvent: {}
[646.275039] (-) TimerEvent: {}
[646.376665] (-) TimerEvent: {}
[646.478231] (-) TimerEvent: {}
[646.579844] (-) TimerEvent: {}
[646.681275] (-) TimerEvent: {}
[646.782746] (-) TimerEvent: {}
[646.884223] (-) TimerEvent: {}
[646.985973] (-) TimerEvent: {}
[647.087572] (-) TimerEvent: {}
[647.189058] (-) TimerEvent: {}
[647.290575] (-) TimerEvent: {}
[647.392023] (-) TimerEvent: {}
[647.493301] (-) TimerEvent: {}
[647.594777] (-) TimerEvent: {}
[647.696341] (-) TimerEvent: {}
[647.797814] (-) TimerEvent: {}
[647.899515] (-) TimerEvent: {}
[648.001069] (-) TimerEvent: {}
[648.102515] (-) TimerEvent: {}
[648.204108] (-) TimerEvent: {}
[648.305706] (-) TimerEvent: {}
[648.407291] (-) TimerEvent: {}
[648.508930] (-) TimerEvent: {}
[648.610471] (-) TimerEvent: {}
[648.711968] (-) TimerEvent: {}
[648.813449] (-) TimerEvent: {}
[648.914945] (-) TimerEvent: {}
[649.016510] (-) TimerEvent: {}
[649.118639] (-) TimerEvent: {}
[649.220168] (-) TimerEvent: {}
[649.321619] (-) TimerEvent: {}
[649.423154] (-) TimerEvent: {}
[649.524729] (-) TimerEvent: {}
[649.626291] (-) TimerEvent: {}
[649.727823] (-) TimerEvent: {}
[649.829536] (-) TimerEvent: {}
[649.932891] (-) TimerEvent: {}
[650.034440] (-) TimerEvent: {}
[650.136129] (-) TimerEvent: {}
[650.237808] (-) TimerEvent: {}
[650.340809] (-) TimerEvent: {}
[650.443555] (-) TimerEvent: {}
[650.545010] (-) TimerEvent: {}
[650.646561] (-) TimerEvent: {}
[650.748443] (-) TimerEvent: {}
[650.850017] (-) TimerEvent: {}
[650.951722] (-) TimerEvent: {}
[651.053258] (-) TimerEvent: {}
[651.154834] (-) TimerEvent: {}
[651.256330] (-) TimerEvent: {}
[651.357842] (-) TimerEvent: {}
[651.459266] (-) TimerEvent: {}
[651.561135] (-) TimerEvent: {}
[651.663857] (-) TimerEvent: {}
[651.766234] (-) TimerEvent: {}
[651.868899] (-) TimerEvent: {}
[651.970775] (-) TimerEvent: {}
[652.072398] (-) TimerEvent: {}
[652.173843] (-) TimerEvent: {}
[652.275497] (-) TimerEvent: {}
[652.377800] (-) TimerEvent: {}
[652.479386] (-) TimerEvent: {}
[652.580908] (-) TimerEvent: {}
[652.682321] (-) TimerEvent: {}
[652.783813] (-) TimerEvent: {}
[652.885227] (-) TimerEvent: {}
[652.987037] (-) TimerEvent: {}
[653.089366] (-) TimerEvent: {}
[653.191800] (-) TimerEvent: {}
[653.294449] (-) TimerEvent: {}
[653.397158] (-) TimerEvent: {}
[653.500658] (-) TimerEvent: {}
[653.602285] (-) TimerEvent: {}
[653.704122] (-) TimerEvent: {}
[653.805302] (-) TimerEvent: {}
[653.906848] (-) TimerEvent: {}
[654.008467] (-) TimerEvent: {}
[654.109938] (-) TimerEvent: {}
[654.211550] (-) TimerEvent: {}
[654.313086] (-) TimerEvent: {}
[654.414672] (-) TimerEvent: {}
[654.517039] (-) TimerEvent: {}
[654.618612] (-) TimerEvent: {}
[654.721162] (-) TimerEvent: {}
[654.823884] (-) TimerEvent: {}
[654.925917] (-) TimerEvent: {}
[655.027771] (-) TimerEvent: {}
[655.129946] (-) TimerEvent: {}
[655.231522] (-) TimerEvent: {}
[655.332697] (-) TimerEvent: {}
[655.433888] (-) TimerEvent: {}
[655.535374] (-) TimerEvent: {}
[655.637048] (-) TimerEvent: {}
[655.738564] (-) TimerEvent: {}
[655.840291] (-) TimerEvent: {}
[655.941880] (-) TimerEvent: {}
[656.044274] (-) TimerEvent: {}
[656.145853] (-) TimerEvent: {}
[656.247477] (-) TimerEvent: {}
[656.349038] (-) TimerEvent: {}
[656.450497] (-) TimerEvent: {}
[656.552038] (-) TimerEvent: {}
[656.654436] (-) TimerEvent: {}
[656.756650] (-) TimerEvent: {}
[656.858024] (-) TimerEvent: {}
[656.959474] (-) TimerEvent: {}
[657.060988] (-) TimerEvent: {}
[657.162571] (-) TimerEvent: {}
[657.264198] (-) TimerEvent: {}
[657.365628] (-) TimerEvent: {}
[657.467075] (-) TimerEvent: {}
[657.568678] (-) TimerEvent: {}
[657.670111] (-) TimerEvent: {}
[657.771695] (-) TimerEvent: {}
[657.873122] (-) TimerEvent: {}
[657.974650] (-) TimerEvent: {}
[658.076215] (-) TimerEvent: {}
[658.177840] (-) TimerEvent: {}
[658.279443] (-) TimerEvent: {}
[658.380969] (-) TimerEvent: {}
[658.482517] (-) TimerEvent: {}
[658.584015] (-) TimerEvent: {}
[658.685586] (-) TimerEvent: {}
[658.787249] (-) TimerEvent: {}
[658.888894] (-) TimerEvent: {}
[658.990466] (-) TimerEvent: {}
[659.091945] (-) TimerEvent: {}
[659.193660] (-) TimerEvent: {}
[659.296003] (-) TimerEvent: {}
[659.397510] (-) TimerEvent: {}
[659.499106] (-) TimerEvent: {}
[659.600841] (-) TimerEvent: {}
[659.702362] (-) TimerEvent: {}
[659.803837] (-) TimerEvent: {}
[659.905515] (-) TimerEvent: {}
[660.007102] (-) TimerEvent: {}
[660.108308] (-) TimerEvent: {}
[660.209724] (-) TimerEvent: {}
[660.311319] (-) TimerEvent: {}
[660.412990] (-) TimerEvent: {}
[660.514670] (-) TimerEvent: {}
[660.615970] (-) TimerEvent: {}
[660.717557] (-) TimerEvent: {}
[660.819191] (-) TimerEvent: {}
[660.920701] (-) TimerEvent: {}
[661.022215] (-) TimerEvent: {}
[661.123801] (-) TimerEvent: {}
[661.225370] (-) TimerEvent: {}
[661.326819] (-) TimerEvent: {}
[661.428607] (-) TimerEvent: {}
[661.530906] (-) TimerEvent: {}
[661.632610] (-) TimerEvent: {}
[661.734066] (-) TimerEvent: {}
[661.835625] (-) TimerEvent: {}
[661.937158] (-) TimerEvent: {}
[662.038360] (-) TimerEvent: {}
[662.139885] (-) TimerEvent: {}
[662.241319] (-) TimerEvent: {}
[662.342877] (-) TimerEvent: {}
[662.444549] (-) TimerEvent: {}
[662.546245] (-) TimerEvent: {}
[662.647861] (-) TimerEvent: {}
[662.749566] (-) TimerEvent: {}
[662.851942] (-) TimerEvent: {}
[662.953449] (-) TimerEvent: {}
[663.055022] (-) TimerEvent: {}
[663.156731] (-) TimerEvent: {}
[663.258538] (-) TimerEvent: {}
[663.360051] (-) TimerEvent: {}
[663.461420] (-) TimerEvent: {}
[663.563099] (-) TimerEvent: {}
[663.664981] (-) TimerEvent: {}
[663.766442] (-) TimerEvent: {}
[663.868270] (-) TimerEvent: {}
[663.969840] (-) TimerEvent: {}
[664.071611] (-) TimerEvent: {}
[664.173111] (-) TimerEvent: {}
[664.274606] (-) TimerEvent: {}
[664.376252] (-) TimerEvent: {}
[664.477642] (-) TimerEvent: {}
[664.579243] (-) TimerEvent: {}
[664.680919] (-) TimerEvent: {}
[664.782687] (-) TimerEvent: {}
[664.884063] (-) TimerEvent: {}
[664.985689] (-) TimerEvent: {}
[665.087394] (-) TimerEvent: {}
[665.189217] (-) TimerEvent: {}
[665.291482] (-) TimerEvent: {}
[665.393024] (-) TimerEvent: {}
[665.494409] (-) TimerEvent: {}
[665.596178] (-) TimerEvent: {}
[665.697657] (-) TimerEvent: {}
[665.799196] (-) TimerEvent: {}
[665.900786] (-) TimerEvent: {}
[666.002318] (-) TimerEvent: {}
[666.103928] (-) TimerEvent: {}
[666.205711] (-) TimerEvent: {}
[666.307250] (-) TimerEvent: {}
[666.408636] (-) TimerEvent: {}
[666.510167] (-) TimerEvent: {}
[666.611776] (-) TimerEvent: {}
[666.713210] (-) TimerEvent: {}
[666.814655] (-) TimerEvent: {}
[666.916296] (-) TimerEvent: {}
[667.017832] (-) TimerEvent: {}
[667.119685] (-) TimerEvent: {}
[667.222589] (-) TimerEvent: {}
[667.324855] (-) TimerEvent: {}
[667.426746] (-) TimerEvent: {}
[667.528538] (-) TimerEvent: {}
[667.630199] (-) TimerEvent: {}
[667.731729] (-) TimerEvent: {}
[667.833089] (-) TimerEvent: {}
[667.934436] (-) TimerEvent: {}
[668.035937] (-) TimerEvent: {}
[668.137665] (-) TimerEvent: {}
[668.240384] (-) TimerEvent: {}
[668.341971] (-) TimerEvent: {}
[668.443526] (-) TimerEvent: {}
[668.545396] (-) TimerEvent: {}
[668.646950] (-) TimerEvent: {}
[668.748599] (-) TimerEvent: {}
[668.850243] (-) TimerEvent: {}
[668.952057] (-) TimerEvent: {}
[669.053569] (-) TimerEvent: {}
[669.155052] (-) TimerEvent: {}
[669.256594] (-) TimerEvent: {}
[669.358698] (-) TimerEvent: {}
[669.459911] (-) TimerEvent: {}
[669.561457] (-) TimerEvent: {}
[669.663966] (-) TimerEvent: {}
[669.765413] (-) TimerEvent: {}
[669.866975] (-) TimerEvent: {}
[669.968529] (-) TimerEvent: {}
[670.070088] (-) TimerEvent: {}
[670.171628] (-) TimerEvent: {}
[670.273150] (-) TimerEvent: {}
[670.374719] (-) TimerEvent: {}
[670.476608] (-) TimerEvent: {}
[670.578884] (-) TimerEvent: {}
[670.680380] (-) TimerEvent: {}
[670.781804] (-) TimerEvent: {}
[670.883384] (-) TimerEvent: {}
[670.985023] (-) TimerEvent: {}
[671.086218] (-) TimerEvent: {}
[671.188192] (-) TimerEvent: {}
[671.290541] (-) TimerEvent: {}
[671.392389] (-) TimerEvent: {}
[671.493892] (-) TimerEvent: {}
[671.595186] (-) TimerEvent: {}
[671.696929] (-) TimerEvent: {}
[671.798476] (-) TimerEvent: {}
[671.900041] (-) TimerEvent: {}
[672.001388] (-) TimerEvent: {}
[672.102870] (-) TimerEvent: {}
[672.204507] (-) TimerEvent: {}
[672.306094] (-) TimerEvent: {}
[672.407638] (-) TimerEvent: {}
[672.509051] (-) TimerEvent: {}
[672.610545] (-) TimerEvent: {}
[672.712151] (-) TimerEvent: {}
[672.813717] (-) TimerEvent: {}
[672.915493] (-) TimerEvent: {}
[673.017696] (-) TimerEvent: {}
[673.119467] (-) TimerEvent: {}
[673.221903] (-) TimerEvent: {}
[673.323344] (-) TimerEvent: {}
[673.424902] (-) TimerEvent: {}
[673.526423] (-) TimerEvent: {}
[673.628000] (-) TimerEvent: {}
[673.729522] (-) TimerEvent: {}
[673.831020] (-) TimerEvent: {}
[673.932497] (-) TimerEvent: {}
[674.034197] (-) TimerEvent: {}
[674.135806] (-) TimerEvent: {}
[674.237208] (-) TimerEvent: {}
[674.338732] (-) TimerEvent: {}
[674.440259] (-) TimerEvent: {}
[674.541819] (-) TimerEvent: {}
[674.643372] (-) TimerEvent: {}
[674.744976] (-) TimerEvent: {}
[674.846539] (-) TimerEvent: {}
[674.948114] (-) TimerEvent: {}
[675.049720] (-) TimerEvent: {}
[675.151295] (-) TimerEvent: {}
[675.252798] (-) TimerEvent: {}
[675.354278] (-) TimerEvent: {}
[675.456480] (-) TimerEvent: {}
[675.557949] (-) TimerEvent: {}
[675.659667] (-) TimerEvent: {}
[675.761184] (-) TimerEvent: {}
[675.862466] (-) TimerEvent: {}
[675.964011] (-) TimerEvent: {}
[676.065594] (-) TimerEvent: {}
[676.167135] (-) TimerEvent: {}
[676.269029] (-) TimerEvent: {}
[676.370604] (-) TimerEvent: {}
[676.472242] (-) TimerEvent: {}
[676.573811] (-) TimerEvent: {}
[676.675322] (-) TimerEvent: {}
[676.776884] (-) TimerEvent: {}
[676.878350] (-) TimerEvent: {}
[676.980342] (-) TimerEvent: {}
[677.082145] (-) TimerEvent: {}
[677.183683] (-) TimerEvent: {}
[677.285222] (-) TimerEvent: {}
[677.386636] (-) TimerEvent: {}
[677.488211] (-) TimerEvent: {}
[677.589789] (-) TimerEvent: {}
[677.691331] (-) TimerEvent: {}
[677.792830] (-) TimerEvent: {}
[677.894340] (-) TimerEvent: {}
[677.996048] (-) TimerEvent: {}
[678.097573] (-) TimerEvent: {}
[678.199122] (-) TimerEvent: {}
[678.300714] (-) TimerEvent: {}
[678.402397] (-) TimerEvent: {}
[678.504258] (-) TimerEvent: {}
[678.605939] (-) TimerEvent: {}
[678.707774] (-) TimerEvent: {}
[678.809529] (-) TimerEvent: {}
[678.910771] (-) TimerEvent: {}
[679.012048] (-) TimerEvent: {}
[679.113703] (-) TimerEvent: {}
[679.215496] (-) TimerEvent: {}
[679.317100] (-) TimerEvent: {}
[679.418622] (-) TimerEvent: {}
[679.520226] (-) TimerEvent: {}
[679.621814] (-) TimerEvent: {}
[679.723367] (-) TimerEvent: {}
[679.825064] (-) TimerEvent: {}
[679.926557] (-) TimerEvent: {}
[680.028254] (-) TimerEvent: {}
[680.129822] (-) TimerEvent: {}
[680.231669] (-) TimerEvent: {}
[680.333798] (-) TimerEvent: {}
[680.435309] (-) TimerEvent: {}
[680.536819] (-) TimerEvent: {}
[680.638371] (-) TimerEvent: {}
[680.739940] (-) TimerEvent: {}
[680.841467] (-) TimerEvent: {}
[680.943243] (-) TimerEvent: {}
[681.044815] (-) TimerEvent: {}
[681.146275] (-) TimerEvent: {}
[681.247856] (-) TimerEvent: {}
[681.349463] (-) TimerEvent: {}
[681.450971] (-) TimerEvent: {}
[681.552644] (-) TimerEvent: {}
[681.655401] (-) TimerEvent: {}
[681.756779] (-) TimerEvent: {}
[681.858233] (-) TimerEvent: {}
[681.959687] (-) TimerEvent: {}
[682.061150] (-) TimerEvent: {}
[682.162712] (-) TimerEvent: {}
[682.264281] (-) TimerEvent: {}
[682.365787] (-) TimerEvent: {}
[682.467218] (-) TimerEvent: {}
[682.568877] (-) TimerEvent: {}
[682.670493] (-) TimerEvent: {}
[682.772178] (-) TimerEvent: {}
[682.874345] (-) TimerEvent: {}
[682.977337] (-) TimerEvent: {}
[683.080123] (-) TimerEvent: {}
[683.181846] (-) TimerEvent: {}
[683.284755] (-) TimerEvent: {}
[683.387208] (-) TimerEvent: {}
[683.489603] (-) TimerEvent: {}
[683.591518] (-) TimerEvent: {}
[683.692866] (-) TimerEvent: {}
[683.794817] (-) TimerEvent: {}
[683.896558] (-) TimerEvent: {}
[683.998404] (-) TimerEvent: {}
[684.100960] (-) TimerEvent: {}
[684.202591] (-) TimerEvent: {}
[684.304047] (-) TimerEvent: {}
[684.411021] (-) TimerEvent: {}
[684.532181] (-) TimerEvent: {}
[684.633694] (-) TimerEvent: {}
[684.735265] (-) TimerEvent: {}
[684.836878] (-) TimerEvent: {}
[684.938556] (-) TimerEvent: {}
[685.041284] (-) TimerEvent: {}
[685.143824] (-) TimerEvent: {}
[685.246184] (-) TimerEvent: {}
[685.348493] (-) TimerEvent: {}
[685.449984] (-) TimerEvent: {}
[685.551726] (-) TimerEvent: {}
[685.654188] (-) TimerEvent: {}
[685.756860] (-) TimerEvent: {}
[685.859271] (-) TimerEvent: {}
[685.961049] (-) TimerEvent: {}
[686.062968] (-) TimerEvent: {}
[686.164520] (-) TimerEvent: {}
[686.265992] (-) TimerEvent: {}
[686.367567] (-) TimerEvent: {}
[686.469169] (-) TimerEvent: {}
[686.570690] (-) TimerEvent: {}
[686.672212] (-) TimerEvent: {}
[686.773909] (-) TimerEvent: {}
[686.875537] (-) TimerEvent: {}
[686.977012] (-) TimerEvent: {}
[687.078439] (-) TimerEvent: {}
[687.180034] (-) TimerEvent: {}
[687.281589] (-) TimerEvent: {}
[687.383014] (-) TimerEvent: {}
[687.484537] (-) TimerEvent: {}
[687.586016] (-) TimerEvent: {}
[687.687401] (-) TimerEvent: {}
[687.789040] (-) TimerEvent: {}
[687.890546] (-) TimerEvent: {}
[687.992161] (-) TimerEvent: {}
[688.093811] (-) TimerEvent: {}
[688.195488] (-) TimerEvent: {}
[688.297721] (-) TimerEvent: {}
[688.399995] (-) TimerEvent: {}
[688.501664] (-) TimerEvent: {}
[688.603774] (-) TimerEvent: {}
[688.705236] (-) TimerEvent: {}
[688.806928] (-) TimerEvent: {}
[688.908721] (-) TimerEvent: {}
[689.011236] (-) TimerEvent: {}
[689.112794] (-) TimerEvent: {}
[689.217485] (-) TimerEvent: {}
[689.318982] (-) TimerEvent: {}
[689.420534] (-) TimerEvent: {}
[689.522278] (-) TimerEvent: {}
[689.624826] (-) TimerEvent: {}
[689.726365] (-) TimerEvent: {}
[689.828223] (-) TimerEvent: {}
[689.929733] (-) TimerEvent: {}
[690.031369] (-) TimerEvent: {}
[690.133005] (-) TimerEvent: {}
[690.234558] (-) TimerEvent: {}
[690.336156] (-) TimerEvent: {}
[690.437943] (-) TimerEvent: {}
[690.540599] (-) TimerEvent: {}
[690.642118] (-) TimerEvent: {}
[690.743688] (-) TimerEvent: {}
[690.845248] (-) TimerEvent: {}
[690.946825] (-) TimerEvent: {}
[691.048382] (-) TimerEvent: {}
[691.149932] (-) TimerEvent: {}
[691.251563] (-) TimerEvent: {}
[691.353137] (-) TimerEvent: {}
[691.454827] (-) TimerEvent: {}
[691.556338] (-) TimerEvent: {}
[691.657825] (-) TimerEvent: {}
[691.759463] (-) TimerEvent: {}
[691.860987] (-) TimerEvent: {}
[691.962523] (-) TimerEvent: {}
[692.064338] (-) TimerEvent: {}
[692.167047] (-) TimerEvent: {}
[692.269595] (-) TimerEvent: {}
[692.371064] (-) TimerEvent: {}
[692.472704] (-) TimerEvent: {}
[692.574503] (-) TimerEvent: {}
[692.676250] (-) TimerEvent: {}
[692.778018] (-) TimerEvent: {}
[692.879705] (-) TimerEvent: {}
[692.982087] (-) TimerEvent: {}
[693.083541] (-) TimerEvent: {}
[693.185060] (-) TimerEvent: {}
[693.286645] (-) TimerEvent: {}
[693.388143] (-) TimerEvent: {}
[693.489676] (-) TimerEvent: {}
[693.591192] (-) TimerEvent: {}
[693.692692] (-) TimerEvent: {}
[693.794284] (-) TimerEvent: {}
[693.895864] (-) TimerEvent: {}
[693.997283] (-) TimerEvent: {}
[694.098694] (-) TimerEvent: {}
[694.200356] (-) TimerEvent: {}
[694.302294] (-) TimerEvent: {}
[694.404097] (-) TimerEvent: {}
[694.505740] (-) TimerEvent: {}
[694.607316] (-) TimerEvent: {}
[694.708653] (-) TimerEvent: {}
[694.810249] (-) TimerEvent: {}
[694.912213] (-) TimerEvent: {}
[695.013730] (-) TimerEvent: {}
[695.115271] (-) TimerEvent: {}
[695.216765] (-) TimerEvent: {}
[695.318493] (-) TimerEvent: {}
[695.420286] (-) TimerEvent: {}
[695.521812] (-) TimerEvent: {}
[695.623352] (-) TimerEvent: {}
[695.724988] (-) TimerEvent: {}
[695.826513] (-) TimerEvent: {}
[695.928174] (-) TimerEvent: {}
[696.029661] (-) TimerEvent: {}
[696.131314] (-) TimerEvent: {}
[696.232985] (-) TimerEvent: {}
[696.334484] (-) TimerEvent: {}
[696.435945] (-) TimerEvent: {}
[696.537425] (-) TimerEvent: {}
[696.638862] (-) TimerEvent: {}
[696.740559] (-) TimerEvent: {}
[696.842114] (-) TimerEvent: {}
[696.943588] (-) TimerEvent: {}
[697.045273] (-) TimerEvent: {}
[697.147758] (-) TimerEvent: {}
[697.250086] (-) TimerEvent: {}
[697.351599] (-) TimerEvent: {}
[697.453202] (-) TimerEvent: {}
[697.554788] (-) TimerEvent: {}
[697.656425] (-) TimerEvent: {}
[697.757996] (-) TimerEvent: {}
[697.860013] (-) TimerEvent: {}
[697.961723] (-) TimerEvent: {}
[698.063460] (-) TimerEvent: {}
[698.165458] (-) TimerEvent: {}
[698.267008] (-) TimerEvent: {}
[698.368845] (-) TimerEvent: {}
[698.470450] (-) TimerEvent: {}
[698.572068] (-) TimerEvent: {}
[698.673704] (-) TimerEvent: {}
[698.776230] (-) TimerEvent: {}
[698.878707] (-) TimerEvent: {}
[698.981272] (-) TimerEvent: {}
[699.084038] (-) TimerEvent: {}
[699.185587] (-) TimerEvent: {}
[699.287026] (-) TimerEvent: {}
[699.388730] (-) TimerEvent: {}
[699.490501] (-) TimerEvent: {}
[699.592376] (-) TimerEvent: {}
[699.693880] (-) TimerEvent: {}
[699.795376] (-) TimerEvent: {}
[699.897137] (-) TimerEvent: {}
[699.998579] (-) TimerEvent: {}
[700.100880] (-) TimerEvent: {}
[700.203554] (-) TimerEvent: {}
[700.305171] (-) TimerEvent: {}
[700.406594] (-) TimerEvent: {}
[700.508352] (-) TimerEvent: {}
[700.609866] (-) TimerEvent: {}
[700.711540] (-) TimerEvent: {}
[700.813049] (-) TimerEvent: {}
[700.914468] (-) TimerEvent: {}
[701.015698] (-) TimerEvent: {}
[701.117362] (-) TimerEvent: {}
[701.218860] (-) TimerEvent: {}
[701.320309] (-) TimerEvent: {}
[701.421978] (-) TimerEvent: {}
[701.523442] (-) TimerEvent: {}
[701.625155] (-) TimerEvent: {}
[701.726667] (-) TimerEvent: {}
[701.828334] (-) TimerEvent: {}
[701.930184] (-) TimerEvent: {}
[702.032140] (-) TimerEvent: {}
[702.133742] (-) TimerEvent: {}
[702.235630] (-) TimerEvent: {}
[702.338138] (-) TimerEvent: {}
[702.439674] (-) TimerEvent: {}
[702.541552] (-) TimerEvent: {}
[702.643030] (-) TimerEvent: {}
[702.744538] (-) TimerEvent: {}
[702.846193] (-) TimerEvent: {}
[702.947829] (-) TimerEvent: {}
[703.049300] (-) TimerEvent: {}
[703.150788] (-) TimerEvent: {}
[703.252481] (-) TimerEvent: {}
[703.354048] (-) TimerEvent: {}
[703.455598] (-) TimerEvent: {}
[703.557110] (-) TimerEvent: {}
[703.658680] (-) TimerEvent: {}
[703.760661] (-) TimerEvent: {}
[703.863221] (-) TimerEvent: {}
[703.965030] (-) TimerEvent: {}
[704.067625] (-) TimerEvent: {}
[704.169223] (-) TimerEvent: {}
[704.270975] (-) TimerEvent: {}
[704.373728] (-) TimerEvent: {}
[704.475345] (-) TimerEvent: {}
[704.576855] (-) TimerEvent: {}
[704.678275] (-) TimerEvent: {}
[704.779995] (-) TimerEvent: {}
[704.881500] (-) TimerEvent: {}
[704.982994] (-) TimerEvent: {}
[705.084739] (-) TimerEvent: {}
[705.187064] (-) TimerEvent: {}
[705.289747] (-) TimerEvent: {}
[705.391207] (-) TimerEvent: {}
[705.492965] (-) TimerEvent: {}
[705.594426] (-) TimerEvent: {}
[705.695786] (-) TimerEvent: {}
[705.797279] (-) TimerEvent: {}
[705.898964] (-) TimerEvent: {}
[706.000873] (-) TimerEvent: {}
[706.102530] (-) TimerEvent: {}
[706.203986] (-) TimerEvent: {}
[706.305463] (-) TimerEvent: {}
[706.407007] (-) TimerEvent: {}
[706.508601] (-) TimerEvent: {}
[706.610375] (-) TimerEvent: {}
[706.713142] (-) TimerEvent: {}
[706.816153] (-) TimerEvent: {}
[706.917702] (-) TimerEvent: {}
[707.019833] (-) TimerEvent: {}
[707.121321] (-) TimerEvent: {}
[707.222823] (-) TimerEvent: {}
[707.323986] (-) TimerEvent: {}
[707.425215] (-) TimerEvent: {}
[707.526703] (-) TimerEvent: {}
[707.628351] (-) TimerEvent: {}
[707.729891] (-) TimerEvent: {}
[707.831494] (-) TimerEvent: {}
[707.932956] (-) TimerEvent: {}
[708.034410] (-) TimerEvent: {}
[708.136045] (-) TimerEvent: {}
[708.237746] (-) TimerEvent: {}
[708.340338] (-) TimerEvent: {}
[708.442884] (-) TimerEvent: {}
[708.544463] (-) TimerEvent: {}
[708.645923] (-) TimerEvent: {}
[708.747061] (-) TimerEvent: {}
[708.848429] (-) TimerEvent: {}
[708.950174] (-) TimerEvent: {}
[709.051708] (-) TimerEvent: {}
[709.153179] (-) TimerEvent: {}
[709.254648] (-) TimerEvent: {}
[709.356185] (-) TimerEvent: {}
[709.457701] (-) TimerEvent: {}
[709.559157] (-) TimerEvent: {}
[709.660739] (-) TimerEvent: {}
[709.762227] (-) TimerEvent: {}
[709.863703] (-) TimerEvent: {}
[709.965286] (-) TimerEvent: {}
[710.066710] (-) TimerEvent: {}
[710.168306] (-) TimerEvent: {}
[710.269667] (-) TimerEvent: {}
[710.371361] (-) TimerEvent: {}
[710.472932] (-) TimerEvent: {}
[710.574355] (-) TimerEvent: {}
[710.675886] (-) TimerEvent: {}
[710.777344] (-) TimerEvent: {}
[710.878760] (-) TimerEvent: {}
[710.980348] (-) TimerEvent: {}
[711.081814] (-) TimerEvent: {}
[711.183266] (-) TimerEvent: {}
[711.284786] (-) TimerEvent: {}
[711.386388] (-) TimerEvent: {}
[711.489049] (-) TimerEvent: {}
[711.591793] (-) TimerEvent: {}
[711.694338] (-) TimerEvent: {}
[711.796033] (-) TimerEvent: {}
[711.897630] (-) TimerEvent: {}
[711.998871] (-) TimerEvent: {}
[712.100554] (-) TimerEvent: {}
[712.202113] (-) TimerEvent: {}
[712.303656] (-) TimerEvent: {}
[712.405175] (-) TimerEvent: {}
[712.506730] (-) TimerEvent: {}
[712.609092] (-) TimerEvent: {}
[712.710583] (-) TimerEvent: {}
[712.812139] (-) TimerEvent: {}
[712.913679] (-) TimerEvent: {}
[713.015288] (-) TimerEvent: {}
[713.116865] (-) TimerEvent: {}
[713.218541] (-) TimerEvent: {}
[713.320019] (-) TimerEvent: {}
[713.421592] (-) TimerEvent: {}
[713.523053] (-) TimerEvent: {}
[713.624280] (-) TimerEvent: {}
[713.725858] (-) TimerEvent: {}
[713.827549] (-) TimerEvent: {}
[713.929045] (-) TimerEvent: {}
[714.030514] (-) TimerEvent: {}
[714.132275] (-) TimerEvent: {}
[714.233994] (-) TimerEvent: {}
[714.335686] (-) TimerEvent: {}
[714.437293] (-) TimerEvent: {}
[714.539085] (-) TimerEvent: {}
[714.640592] (-) TimerEvent: {}
[714.742123] (-) TimerEvent: {}
[714.843676] (-) TimerEvent: {}
[714.945127] (-) TimerEvent: {}
[715.046549] (-) TimerEvent: {}
[715.148102] (-) TimerEvent: {}
[715.250348] (-) TimerEvent: {}
[715.352012] (-) TimerEvent: {}
[715.453836] (-) TimerEvent: {}
[715.555646] (-) TimerEvent: {}
[715.657673] (-) TimerEvent: {}
[715.759351] (-) TimerEvent: {}
[715.860899] (-) TimerEvent: {}
[715.962512] (-) TimerEvent: {}
[716.064077] (-) TimerEvent: {}
[716.165624] (-) TimerEvent: {}
[716.267206] (-) TimerEvent: {}
[716.368754] (-) TimerEvent: {}
[716.470258] (-) TimerEvent: {}
[716.572042] (-) TimerEvent: {}
[716.674465] (-) TimerEvent: {}
[716.776018] (-) TimerEvent: {}
[716.877459] (-) TimerEvent: {}
[716.978990] (-) TimerEvent: {}
[717.080492] (-) TimerEvent: {}
[717.181703] (-) TimerEvent: {}
[717.283275] (-) TimerEvent: {}
[717.385674] (-) TimerEvent: {}
[717.487627] (-) TimerEvent: {}
[717.589191] (-) TimerEvent: {}
[717.690702] (-) TimerEvent: {}
[717.792505] (-) TimerEvent: {}
[717.894007] (-) TimerEvent: {}
[717.995607] (-) TimerEvent: {}
[718.097375] (-) TimerEvent: {}
[718.199731] (-) TimerEvent: {}
[718.301032] (-) TimerEvent: {}
[718.402523] (-) TimerEvent: {}
[718.503713] (-) TimerEvent: {}
[718.605196] (-) TimerEvent: {}
[718.706788] (-) TimerEvent: {}
[718.808378] (-) TimerEvent: {}
[718.909923] (-) TimerEvent: {}
[719.011833] (-) TimerEvent: {}
[719.114894] (-) TimerEvent: {}
[719.216470] (-) TimerEvent: {}
[719.318109] (-) TimerEvent: {}
[719.419653] (-) TimerEvent: {}
[719.521219] (-) TimerEvent: {}
[719.623225] (-) TimerEvent: {}
[719.724829] (-) TimerEvent: {}
[719.826447] (-) TimerEvent: {}
[719.927926] (-) TimerEvent: {}
[720.029505] (-) TimerEvent: {}
[720.131103] (-) TimerEvent: {}
[720.232371] (-) TimerEvent: {}
[720.334022] (-) TimerEvent: {}
[720.435819] (-) TimerEvent: {}
[720.537282] (-) TimerEvent: {}
[720.638824] (-) TimerEvent: {}
[720.740451] (-) TimerEvent: {}
[720.842100] (-) TimerEvent: {}
[720.943769] (-) TimerEvent: {}
[721.045274] (-) TimerEvent: {}
[721.146935] (-) TimerEvent: {}
[721.249528] (-) TimerEvent: {}
[721.351030] (-) TimerEvent: {}
[721.452693] (-) TimerEvent: {}
[721.555182] (-) TimerEvent: {}
[721.657903] (-) TimerEvent: {}
[721.759470] (-) TimerEvent: {}
[721.860989] (-) TimerEvent: {}
[721.962694] (-) TimerEvent: {}
[722.065464] (-) TimerEvent: {}
[722.168014] (-) TimerEvent: {}
[722.269611] (-) TimerEvent: {}
[722.371322] (-) TimerEvent: {}
[722.472697] (-) TimerEvent: {}
[722.574215] (-) TimerEvent: {}
[722.675853] (-) TimerEvent: {}
[722.777424] (-) TimerEvent: {}
[722.879003] (-) TimerEvent: {}
[722.980590] (-) TimerEvent: {}
[723.082195] (-) TimerEvent: {}
[723.183699] (-) TimerEvent: {}
[723.285183] (-) TimerEvent: {}
[723.386700] (-) TimerEvent: {}
[723.488312] (-) TimerEvent: {}
[723.589905] (-) TimerEvent: {}
[723.691592] (-) TimerEvent: {}
[723.793043] (-) TimerEvent: {}
[723.894607] (-) TimerEvent: {}
[723.996211] (-) TimerEvent: {}
[724.097714] (-) TimerEvent: {}
[724.199187] (-) TimerEvent: {}
[724.300690] (-) TimerEvent: {}
[724.402329] (-) TimerEvent: {}
[724.503977] (-) TimerEvent: {}
[724.605444] (-) TimerEvent: {}
[724.898454] (-) TimerEvent: {}
[725.000069] (-) TimerEvent: {}
[725.101612] (-) TimerEvent: {}
[725.203195] (-) TimerEvent: {}
[725.304533] (-) TimerEvent: {}
[725.406085] (-) TimerEvent: {}
[725.507673] (-) TimerEvent: {}
[725.608998] (-) TimerEvent: {}
[725.710262] (-) TimerEvent: {}
[725.812046] (-) TimerEvent: {}
[725.913990] (-) TimerEvent: {}
[726.015769] (-) TimerEvent: {}
[726.117807] (-) TimerEvent: {}
[726.219140] (-) TimerEvent: {}
[726.320646] (-) TimerEvent: {}
[726.422142] (-) TimerEvent: {}
[726.523888] (-) TimerEvent: {}
[726.625997] (-) TimerEvent: {}
[726.727528] (-) TimerEvent: {}
[726.829074] (-) TimerEvent: {}
[726.930559] (-) TimerEvent: {}
[727.032157] (-) TimerEvent: {}
[727.133594] (-) TimerEvent: {}
[727.235287] (-) TimerEvent: {}
[727.337384] (-) TimerEvent: {}
[727.439017] (-) TimerEvent: {}
[727.540551] (-) TimerEvent: {}
[727.642033] (-) TimerEvent: {}
[727.743519] (-) TimerEvent: {}
[727.844756] (-) TimerEvent: {}
[727.946242] (-) TimerEvent: {}
[728.047673] (-) TimerEvent: {}
[728.148952] (-) TimerEvent: {}
[728.250452] (-) TimerEvent: {}
[728.352327] (-) TimerEvent: {}
[728.454256] (-) TimerEvent: {}
[728.555890] (-) TimerEvent: {}
[728.657670] (-) TimerEvent: {}
[728.760135] (-) TimerEvent: {}
[728.861648] (-) TimerEvent: {}
[728.963233] (-) TimerEvent: {}
[729.064826] (-) TimerEvent: {}
[729.166556] (-) TimerEvent: {}
[729.268393] (-) TimerEvent: {}
[729.369867] (-) TimerEvent: {}
[729.471659] (-) TimerEvent: {}
[729.573194] (-) TimerEvent: {}
[729.674825] (-) TimerEvent: {}
[729.881887] (-) TimerEvent: {}
[729.983470] (-) TimerEvent: {}
[730.084921] (-) TimerEvent: {}
[730.186457] (-) TimerEvent: {}
[730.288215] (-) TimerEvent: {}
[730.390675] (-) TimerEvent: {}
[730.492368] (-) TimerEvent: {}
[730.593969] (-) TimerEvent: {}
[730.695577] (-) TimerEvent: {}
[730.797052] (-) TimerEvent: {}
[730.898483] (-) TimerEvent: {}
[731.000106] (-) TimerEvent: {}
[731.101545] (-) TimerEvent: {}
[731.203061] (-) TimerEvent: {}
[731.304943] (-) TimerEvent: {}
[731.406641] (-) TimerEvent: {}
[731.508095] (-) TimerEvent: {}
[731.609973] (-) TimerEvent: {}
[731.711589] (-) TimerEvent: {}
[731.813238] (-) TimerEvent: {}
[731.914849] (-) TimerEvent: {}
[732.016755] (-) TimerEvent: {}
[732.119121] (-) TimerEvent: {}
[732.220757] (-) TimerEvent: {}
[732.322288] (-) TimerEvent: {}
[732.423692] (-) TimerEvent: {}
[732.525177] (-) TimerEvent: {}
[732.627994] (-) TimerEvent: {}
[732.730489] (-) TimerEvent: {}
[732.832074] (-) TimerEvent: {}
[732.933529] (-) TimerEvent: {}
[733.035125] (-) TimerEvent: {}
[733.136752] (-) TimerEvent: {}
[733.238266] (-) TimerEvent: {}
[733.340105] (-) TimerEvent: {}
[733.441592] (-) TimerEvent: {}
[733.543183] (-) TimerEvent: {}
[733.645115] (-) TimerEvent: {}
[733.746748] (-) TimerEvent: {}
[733.848435] (-) TimerEvent: {}
[733.949984] (-) TimerEvent: {}
[734.053240] (-) TimerEvent: {}
[734.154787] (-) TimerEvent: {}
[734.256320] (-) TimerEvent: {}
[734.358002] (-) TimerEvent: {}
[734.460385] (-) TimerEvent: {}
[734.561883] (-) TimerEvent: {}
[734.663455] (-) TimerEvent: {}
[734.765142] (-) TimerEvent: {}
[734.866621] (-) TimerEvent: {}
[734.968161] (-) TimerEvent: {}
[735.069672] (-) TimerEvent: {}
[735.171273] (-) TimerEvent: {}
[735.272809] (-) TimerEvent: {}
[735.374084] (-) TimerEvent: {}
[735.475790] (-) TimerEvent: {}
[735.577970] (-) TimerEvent: {}
[735.679603] (-) TimerEvent: {}
[735.781046] (-) TimerEvent: {}
[735.882725] (-) TimerEvent: {}
[735.984429] (-) TimerEvent: {}
[736.085836] (-) TimerEvent: {}
[736.187459] (-) TimerEvent: {}
[736.289400] (-) TimerEvent: {}
[736.391025] (-) TimerEvent: {}
[736.492816] (-) TimerEvent: {}
[736.594612] (-) TimerEvent: {}
[736.696271] (-) TimerEvent: {}
[736.798036] (-) TimerEvent: {}
[736.900428] (-) TimerEvent: {}
[737.001926] (-) TimerEvent: {}
[737.104854] (-) TimerEvent: {}
[737.207361] (-) TimerEvent: {}
[737.309271] (-) TimerEvent: {}
[737.410779] (-) TimerEvent: {}
[737.512272] (-) TimerEvent: {}
[737.613769] (-) TimerEvent: {}
[737.715241] (-) TimerEvent: {}
[737.816791] (-) TimerEvent: {}
[737.918295] (-) TimerEvent: {}
[738.019811] (-) TimerEvent: {}
[738.121261] (-) TimerEvent: {}
[738.222775] (-) TimerEvent: {}
[738.324246] (-) TimerEvent: {}
[738.425788] (-) TimerEvent: {}
[738.527353] (-) TimerEvent: {}
[738.629024] (-) TimerEvent: {}
[738.730508] (-) TimerEvent: {}
[738.832156] (-) TimerEvent: {}
[738.933923] (-) TimerEvent: {}
[739.036213] (-) TimerEvent: {}
[739.137648] (-) TimerEvent: {}
[739.239397] (-) TimerEvent: {}
[739.341863] (-) TimerEvent: {}
[739.443594] (-) TimerEvent: {}
[739.546341] (-) TimerEvent: {}
[739.647879] (-) TimerEvent: {}
[739.749366] (-) TimerEvent: {}
[739.850898] (-) TimerEvent: {}
[739.952406] (-) TimerEvent: {}
[740.053931] (-) TimerEvent: {}
[740.155478] (-) TimerEvent: {}
[740.256953] (-) TimerEvent: {}
[740.358375] (-) TimerEvent: {}
[740.459709] (-) TimerEvent: {}
[740.561477] (-) TimerEvent: {}
[740.663018] (-) TimerEvent: {}
[740.764546] (-) TimerEvent: {}
[740.866197] (-) TimerEvent: {}
[740.967745] (-) TimerEvent: {}
[741.069310] (-) TimerEvent: {}
[741.170788] (-) TimerEvent: {}
[741.272295] (-) TimerEvent: {}
[741.373803] (-) TimerEvent: {}
[741.475380] (-) TimerEvent: {}
[741.577256] (-) TimerEvent: {}
[741.679046] (-) TimerEvent: {}
[741.780638] (-) TimerEvent: {}
[741.882076] (-) TimerEvent: {}
[741.983607] (-) TimerEvent: {}
[742.085180] (-) TimerEvent: {}
[742.186667] (-) TimerEvent: {}
[742.288380] (-) TimerEvent: {}
[742.390583] (-) TimerEvent: {}
[742.492161] (-) TimerEvent: {}
[742.593742] (-) TimerEvent: {}
[742.695301] (-) TimerEvent: {}
[742.797038] (-) TimerEvent: {}
[742.898530] (-) TimerEvent: {}
[743.000072] (-) TimerEvent: {}
[743.101723] (-) TimerEvent: {}
[743.203466] (-) TimerEvent: {}
[743.305051] (-) TimerEvent: {}
[743.406563] (-) TimerEvent: {}
[743.508316] (-) TimerEvent: {}
[743.609601] (-) TimerEvent: {}
[743.711273] (-) TimerEvent: {}
[743.813708] (-) TimerEvent: {}
[743.915273] (-) TimerEvent: {}
[744.016924] (-) TimerEvent: {}
[744.118830] (-) TimerEvent: {}
[744.221219] (-) TimerEvent: {}
[744.322660] (-) TimerEvent: {}
[744.424285] (-) TimerEvent: {}
[744.525853] (-) TimerEvent: {}
[744.627395] (-) TimerEvent: {}
[744.728845] (-) TimerEvent: {}
[744.830421] (-) TimerEvent: {}
[744.932165] (-) TimerEvent: {}
[745.033838] (-) TimerEvent: {}
[745.135707] (-) TimerEvent: {}
[745.237297] (-) TimerEvent: {}
[745.338886] (-) TimerEvent: {}
[745.440476] (-) TimerEvent: {}
[745.542155] (-) TimerEvent: {}
[745.643735] (-) TimerEvent: {}
[745.745501] (-) TimerEvent: {}
[745.847602] (-) TimerEvent: {}
[745.949081] (-) TimerEvent: {}
[746.050715] (-) TimerEvent: {}
[746.153394] (-) TimerEvent: {}
[746.254973] (-) TimerEvent: {}
[746.356492] (-) TimerEvent: {}
[746.458066] (-) TimerEvent: {}
[746.559642] (-) TimerEvent: {}
[746.661220] (-) TimerEvent: {}
[746.763254] (-) TimerEvent: {}
[746.865371] (-) TimerEvent: {}
[746.968208] (-) TimerEvent: {}
[747.070429] (-) TimerEvent: {}
[747.172056] (-) TimerEvent: {}
[747.273476] (-) TimerEvent: {}
[747.375279] (-) TimerEvent: {}
[747.476886] (-) TimerEvent: {}
[747.578693] (-) TimerEvent: {}
[747.680811] (-) TimerEvent: {}
[747.782705] (-) TimerEvent: {}
[747.884434] (-) TimerEvent: {}
[747.986801] (-) TimerEvent: {}
[748.088306] (-) TimerEvent: {}
[748.189725] (-) TimerEvent: {}
[748.291193] (-) TimerEvent: {}
[748.392931] (-) TimerEvent: {}
[748.494459] (-) TimerEvent: {}
[748.596089] (-) TimerEvent: {}
[748.697505] (-) TimerEvent: {}
[748.798987] (-) TimerEvent: {}
[748.900665] (-) TimerEvent: {}
[749.002245] (-) TimerEvent: {}
[749.103763] (-) TimerEvent: {}
[749.205184] (-) TimerEvent: {}
[749.306899] (-) TimerEvent: {}
[749.408409] (-) TimerEvent: {}
[749.510154] (-) TimerEvent: {}
[749.612005] (-) TimerEvent: {}
[749.713593] (-) TimerEvent: {}
[750.011902] (-) TimerEvent: {}
[750.113248] (-) TimerEvent: {}
[750.214999] (-) TimerEvent: {}
[750.316971] (-) TimerEvent: {}
[750.418489] (-) TimerEvent: {}
[750.520239] (-) TimerEvent: {}
[750.621793] (-) TimerEvent: {}
[750.723301] (-) TimerEvent: {}
[750.824866] (-) TimerEvent: {}
[750.926360] (-) TimerEvent: {}
[751.027976] (-) TimerEvent: {}
[751.129589] (-) TimerEvent: {}
[751.231038] (-) TimerEvent: {}
[751.332627] (-) TimerEvent: {}
[751.434025] (-) TimerEvent: {}
[751.535554] (-) TimerEvent: {}
[751.637020] (-) TimerEvent: {}
[751.738516] (-) TimerEvent: {}
[751.840126] (-) TimerEvent: {}
[751.941650] (-) TimerEvent: {}
[752.043090] (-) TimerEvent: {}
[752.144885] (-) TimerEvent: {}
[752.246552] (-) TimerEvent: {}
[752.348275] (-) TimerEvent: {}
[752.449835] (-) TimerEvent: {}
[752.551283] (-) TimerEvent: {}
[752.652913] (-) TimerEvent: {}
[752.754404] (-) TimerEvent: {}
[752.855982] (-) TimerEvent: {}
[752.957514] (-) TimerEvent: {}
[753.058829] (-) TimerEvent: {}
[753.160515] (-) TimerEvent: {}
[753.262205] (-) TimerEvent: {}
[753.363939] (-) TimerEvent: {}
[753.465175] (-) TimerEvent: {}
[753.566860] (-) TimerEvent: {}
[753.668594] (-) TimerEvent: {}
[753.770103] (-) TimerEvent: {}
[753.871593] (-) TimerEvent: {}
[753.973226] (-) TimerEvent: {}
[754.074725] (-) TimerEvent: {}
[754.176317] (-) TimerEvent: {}
[754.277768] (-) TimerEvent: {}
[754.379298] (-) TimerEvent: {}
[754.480805] (-) TimerEvent: {}
[754.582372] (-) TimerEvent: {}
[754.684185] (-) TimerEvent: {}
[754.785635] (-) TimerEvent: {}
[754.887169] (-) TimerEvent: {}
[754.988771] (-) TimerEvent: {}
[755.090282] (-) TimerEvent: {}
[755.191955] (-) TimerEvent: {}
[755.293661] (-) TimerEvent: {}
[755.395359] (-) TimerEvent: {}
[755.497019] (-) TimerEvent: {}
[755.598762] (-) TimerEvent: {}
[755.700432] (-) TimerEvent: {}
[755.802130] (-) TimerEvent: {}
[755.903503] (-) TimerEvent: {}
[756.005150] (-) TimerEvent: {}
[756.106605] (-) TimerEvent: {}
[756.207986] (-) TimerEvent: {}
[756.309996] (-) TimerEvent: {}
[756.411762] (-) TimerEvent: {}
[756.513226] (-) TimerEvent: {}
[756.615000] (-) TimerEvent: {}
[756.717438] (-) TimerEvent: {}
[756.819052] (-) TimerEvent: {}
[756.920745] (-) TimerEvent: {}
[757.022277] (-) TimerEvent: {}
[757.124121] (-) TimerEvent: {}
[757.225587] (-) TimerEvent: {}
[757.327133] (-) TimerEvent: {}
[757.428985] (-) TimerEvent: {}
[757.530725] (-) TimerEvent: {}
[757.632587] (-) TimerEvent: {}
[757.734236] (-) TimerEvent: {}
[757.835735] (-) TimerEvent: {}
[757.938349] (-) TimerEvent: {}
[758.041084] (-) TimerEvent: {}
[758.143656] (-) TimerEvent: {}
[758.245320] (-) TimerEvent: {}
[758.346849] (-) TimerEvent: {}
[758.448572] (-) TimerEvent: {}
[758.550300] (-) TimerEvent: {}
[758.653077] (-) TimerEvent: {}
[758.755520] (-) TimerEvent: {}
[758.857164] (-) TimerEvent: {}
[758.958812] (-) TimerEvent: {}
[759.060683] (-) TimerEvent: {}
[759.162406] (-) TimerEvent: {}
[759.264248] (-) TimerEvent: {}
[759.365474] (-) TimerEvent: {}
[759.466708] (-) TimerEvent: {}
[759.568353] (-) TimerEvent: {}
[759.669892] (-) TimerEvent: {}
[760.189139] (-) TimerEvent: {}
[760.291016] (-) TimerEvent: {}
[760.393737] (-) TimerEvent: {}
[760.496510] (-) TimerEvent: {}
[760.598003] (-) TimerEvent: {}
[760.699679] (-) TimerEvent: {}
[760.801866] (-) TimerEvent: {}
[760.903308] (-) TimerEvent: {}
[761.004926] (-) TimerEvent: {}
[761.106414] (-) TimerEvent: {}
[761.207950] (-) TimerEvent: {}
[761.309417] (-) TimerEvent: {}
[761.411360] (-) TimerEvent: {}
[761.513617] (-) TimerEvent: {}
[761.615200] (-) TimerEvent: {}
[761.717536] (-) TimerEvent: {}
[761.818988] (-) TimerEvent: {}
[761.920503] (-) TimerEvent: {}
[762.022048] (-) TimerEvent: {}
[762.123717] (-) TimerEvent: {}
[762.225877] (-) TimerEvent: {}
[762.327489] (-) TimerEvent: {}
[762.428982] (-) TimerEvent: {}
[762.530859] (-) TimerEvent: {}
[762.632523] (-) TimerEvent: {}
[762.734317] (-) TimerEvent: {}
[762.836909] (-) TimerEvent: {}
[762.939854] (-) TimerEvent: {}
[763.041555] (-) TimerEvent: {}
[763.143020] (-) TimerEvent: {}
[763.244581] (-) TimerEvent: {}
[763.346084] (-) TimerEvent: {}
[763.447615] (-) TimerEvent: {}
[763.549160] (-) TimerEvent: {}
[763.650634] (-) TimerEvent: {}
[763.752251] (-) TimerEvent: {}
[763.853744] (-) TimerEvent: {}
[763.955323] (-) TimerEvent: {}
[764.057001] (-) TimerEvent: {}
[764.158539] (-) TimerEvent: {}
[764.260276] (-) TimerEvent: {}
[764.361943] (-) TimerEvent: {}
[764.463355] (-) TimerEvent: {}
[764.565026] (-) TimerEvent: {}
[764.666650] (-) TimerEvent: {}
[764.768220] (-) TimerEvent: {}
[764.869532] (-) TimerEvent: {}
[764.971211] (-) TimerEvent: {}
[765.073139] (-) TimerEvent: {}
[765.174638] (-) TimerEvent: {}
[765.276570] (-) TimerEvent: {}
[765.378135] (-) TimerEvent: {}
[765.479698] (-) TimerEvent: {}
[765.581313] (-) TimerEvent: {}
[765.683271] (-) TimerEvent: {}
[765.784810] (-) TimerEvent: {}
[765.886316] (-) TimerEvent: {}
[765.987850] (-) TimerEvent: {}
[766.089418] (-) TimerEvent: {}
[766.190888] (-) TimerEvent: {}
[766.292528] (-) TimerEvent: {}
[766.393982] (-) TimerEvent: {}
[766.495647] (-) TimerEvent: {}
[766.597035] (-) TimerEvent: {}
[766.698597] (-) TimerEvent: {}
[766.800170] (-) TimerEvent: {}
[766.901666] (-) TimerEvent: {}
[767.003086] (-) TimerEvent: {}
[767.104768] (-) TimerEvent: {}
[767.206329] (-) TimerEvent: {}
[767.308295] (-) TimerEvent: {}
[767.410155] (-) TimerEvent: {}
[767.511895] (-) TimerEvent: {}
[767.614569] (-) TimerEvent: {}
[767.716114] (-) TimerEvent: {}
[767.817532] (-) TimerEvent: {}
[767.919088] (-) TimerEvent: {}
[768.020651] (-) TimerEvent: {}
[768.122156] (-) TimerEvent: {}
[768.223674] (-) TimerEvent: {}
[768.325090] (-) TimerEvent: {}
[768.426552] (-) TimerEvent: {}
[768.528325] (-) TimerEvent: {}
[768.630278] (-) TimerEvent: {}
[768.732101] (-) TimerEvent: {}
[768.833667] (-) TimerEvent: {}
[768.935168] (-) TimerEvent: {}
[769.036905] (-) TimerEvent: {}
[769.138538] (-) TimerEvent: {}
[769.240206] (-) TimerEvent: {}
[769.341660] (-) TimerEvent: {}
[769.443381] (-) TimerEvent: {}
[769.545824] (-) TimerEvent: {}
[769.648232] (-) TimerEvent: {}
[769.752202] (-) TimerEvent: {}
[769.854364] (-) TimerEvent: {}
[769.955826] (-) TimerEvent: {}
[770.057359] (-) TimerEvent: {}
[770.158955] (-) TimerEvent: {}
[770.260412] (-) TimerEvent: {}
[770.361710] (-) TimerEvent: {}
[770.463239] (-) TimerEvent: {}
[770.564820] (-) TimerEvent: {}
[770.666321] (-) TimerEvent: {}
[770.767921] (-) TimerEvent: {}
[770.869436] (-) TimerEvent: {}
[770.971093] (-) TimerEvent: {}
[771.072765] (-) TimerEvent: {}
[771.174241] (-) TimerEvent: {}
[771.275718] (-) TimerEvent: {}
[771.377181] (-) TimerEvent: {}
[771.478737] (-) TimerEvent: {}
[771.580322] (-) TimerEvent: {}
[771.681859] (-) TimerEvent: {}
[771.783282] (-) TimerEvent: {}
[771.885639] (-) TimerEvent: {}
[771.990153] (-) TimerEvent: {}
[772.091809] (-) TimerEvent: {}
[772.193540] (-) TimerEvent: {}
[772.295011] (-) TimerEvent: {}
[772.396618] (-) TimerEvent: {}
[772.498107] (-) TimerEvent: {}
[772.599658] (-) TimerEvent: {}
[772.701225] (-) TimerEvent: {}
[772.802762] (-) TimerEvent: {}
[772.904365] (-) TimerEvent: {}
[773.005859] (-) TimerEvent: {}
[773.107275] (-) TimerEvent: {}
[773.208906] (-) TimerEvent: {}
[773.310534] (-) TimerEvent: {}
[773.412193] (-) TimerEvent: {}
[773.513690] (-) TimerEvent: {}
[773.615723] (-) TimerEvent: {}
[773.717251] (-) TimerEvent: {}
[773.818903] (-) TimerEvent: {}
[773.920570] (-) TimerEvent: {}
[774.022196] (-) TimerEvent: {}
[774.123698] (-) TimerEvent: {}
[774.225189] (-) TimerEvent: {}
[774.326690] (-) TimerEvent: {}
[774.428456] (-) TimerEvent: {}
[774.529980] (-) TimerEvent: {}
[774.631536] (-) TimerEvent: {}
[774.926531] (-) TimerEvent: {}
[775.298496] (-) TimerEvent: {}
[775.906301] (-) TimerEvent: {}
[776.008136] (-) TimerEvent: {}
[776.110393] (-) TimerEvent: {}
[776.212048] (-) TimerEvent: {}
[776.313594] (-) TimerEvent: {}
[776.415762] (-) TimerEvent: {}
[776.518299] (-) TimerEvent: {}
[776.619834] (-) TimerEvent: {}
[776.721341] (-) TimerEvent: {}
[776.822892] (-) TimerEvent: {}
[776.924571] (-) TimerEvent: {}
[777.026075] (-) TimerEvent: {}
[777.127609] (-) TimerEvent: {}
[777.229038] (-) TimerEvent: {}
[777.330548] (-) TimerEvent: {}
[777.432217] (-) TimerEvent: {}
[777.533809] (-) TimerEvent: {}
[777.635575] (-) TimerEvent: {}
[777.737986] (-) TimerEvent: {}
[777.839548] (-) TimerEvent: {}
[777.941333] (-) TimerEvent: {}
[778.043488] (-) TimerEvent: {}
[778.144881] (-) TimerEvent: {}
[778.246307] (-) TimerEvent: {}
[778.347907] (-) TimerEvent: {}
[778.449509] (-) TimerEvent: {}
[778.550953] (-) TimerEvent: {}
[778.652490] (-) TimerEvent: {}
[778.753973] (-) TimerEvent: {}
[778.855566] (-) TimerEvent: {}
[778.957167] (-) TimerEvent: {}
[779.058747] (-) TimerEvent: {}
[779.160287] (-) TimerEvent: {}
[779.261897] (-) TimerEvent: {}
[779.363326] (-) TimerEvent: {}
[779.464827] (-) TimerEvent: {}
[779.566421] (-) TimerEvent: {}
[779.667931] (-) TimerEvent: {}
[779.769736] (-) TimerEvent: {}
[779.871576] (-) TimerEvent: {}
[779.973062] (-) TimerEvent: {}
[780.074581] (-) TimerEvent: {}
[780.176279] (-) TimerEvent: {}
[780.277742] (-) TimerEvent: {}
[780.379326] (-) TimerEvent: {}
[780.480852] (-) TimerEvent: {}
[780.582285] (-) TimerEvent: {}
[780.683825] (-) TimerEvent: {}
[780.785437] (-) TimerEvent: {}
[780.887050] (-) TimerEvent: {}
[780.988655] (-) TimerEvent: {}
[781.090155] (-) TimerEvent: {}
[781.191713] (-) TimerEvent: {}
[781.293183] (-) TimerEvent: {}
[781.394548] (-) TimerEvent: {}
[781.496323] (-) TimerEvent: {}
[781.597927] (-) TimerEvent: {}
[781.699677] (-) TimerEvent: {}
[781.801262] (-) TimerEvent: {}
[781.903136] (-) TimerEvent: {}
[782.004942] (-) TimerEvent: {}
[782.106539] (-) TimerEvent: {}
[782.208231] (-) TimerEvent: {}
[782.309717] (-) TimerEvent: {}
[782.411016] (-) TimerEvent: {}
[782.512648] (-) TimerEvent: {}
[782.614088] (-) TimerEvent: {}
[782.715311] (-) TimerEvent: {}
[782.817035] (-) TimerEvent: {}
[782.918669] (-) TimerEvent: {}
[783.020514] (-) TimerEvent: {}
[783.122212] (-) TimerEvent: {}
[783.223907] (-) TimerEvent: {}
[783.326194] (-) TimerEvent: {}
[783.427830] (-) TimerEvent: {}
[783.529442] (-) TimerEvent: {}
[783.631338] (-) TimerEvent: {}
[783.733927] (-) TimerEvent: {}
[783.835450] (-) TimerEvent: {}
[783.936893] (-) TimerEvent: {}
[784.038560] (-) TimerEvent: {}
[784.140738] (-) TimerEvent: {}
[784.242322] (-) TimerEvent: {}
[784.343848] (-) TimerEvent: {}
[784.445285] (-) TimerEvent: {}
[784.546835] (-) TimerEvent: {}
[784.649272] (-) TimerEvent: {}
[784.750716] (-) TimerEvent: {}
[784.852340] (-) TimerEvent: {}
[784.953885] (-) TimerEvent: {}
[785.055308] (-) TimerEvent: {}
[785.156776] (-) TimerEvent: {}
[785.258222] (-) TimerEvent: {}
[785.359745] (-) TimerEvent: {}
[785.461513] (-) TimerEvent: {}
[785.563214] (-) TimerEvent: {}
[785.664738] (-) TimerEvent: {}
[785.766380] (-) TimerEvent: {}
[785.868043] (-) TimerEvent: {}
[785.969451] (-) TimerEvent: {}
[786.071272] (-) TimerEvent: {}
[786.173806] (-) TimerEvent: {}
[786.275317] (-) TimerEvent: {}
[786.376819] (-) TimerEvent: {}
[786.478325] (-) TimerEvent: {}
[786.579852] (-) TimerEvent: {}
[786.681277] (-) TimerEvent: {}
[786.782718] (-) TimerEvent: {}
[786.884308] (-) TimerEvent: {}
[786.985810] (-) TimerEvent: {}
[787.087566] (-) TimerEvent: {}
[787.190043] (-) TimerEvent: {}
[787.291536] (-) TimerEvent: {}
[787.393062] (-) TimerEvent: {}
[787.494560] (-) TimerEvent: {}
[787.596307] (-) TimerEvent: {}
[787.697594] (-) TimerEvent: {}
[787.799221] (-) TimerEvent: {}
[787.901632] (-) TimerEvent: {}
[788.003963] (-) TimerEvent: {}
[788.105444] (-) TimerEvent: {}
[788.207027] (-) TimerEvent: {}
[788.308775] (-) TimerEvent: {}
[788.410432] (-) TimerEvent: {}
[788.512065] (-) TimerEvent: {}
[788.613600] (-) TimerEvent: {}
[788.715299] (-) TimerEvent: {}
[788.816969] (-) TimerEvent: {}
[788.918413] (-) TimerEvent: {}
[789.020038] (-) TimerEvent: {}
[789.121604] (-) TimerEvent: {}
[789.222969] (-) TimerEvent: {}
[789.324495] (-) TimerEvent: {}
[789.426018] (-) TimerEvent: {}
[789.527611] (-) TimerEvent: {}
[789.628870] (-) TimerEvent: {}
[789.730563] (-) TimerEvent: {}
[789.832112] (-) TimerEvent: {}
[789.933628] (-) TimerEvent: {}
[790.422690] (-) TimerEvent: {}
[790.524362] (-) TimerEvent: {}
[790.625857] (-) TimerEvent: {}
[790.727460] (-) TimerEvent: {}
[790.829109] (-) TimerEvent: {}
[790.931591] (-) TimerEvent: {}
[791.033049] (-) TimerEvent: {}
[791.134473] (-) TimerEvent: {}
[791.235974] (-) TimerEvent: {}
[791.337548] (-) TimerEvent: {}
[791.439084] (-) TimerEvent: {}
[791.540637] (-) TimerEvent: {}
[791.642398] (-) TimerEvent: {}
[791.744258] (-) TimerEvent: {}
[791.845712] (-) TimerEvent: {}
[791.947228] (-) TimerEvent: {}
[792.048774] (-) TimerEvent: {}
[792.150455] (-) TimerEvent: {}
[792.252098] (-) TimerEvent: {}
[792.353681] (-) TimerEvent: {}
[792.455467] (-) TimerEvent: {}
[792.557770] (-) TimerEvent: {}
[792.660398] (-) TimerEvent: {}
[792.761975] (-) TimerEvent: {}
[792.863708] (-) TimerEvent: {}
[792.966069] (-) TimerEvent: {}
[793.068775] (-) TimerEvent: {}
[793.171152] (-) TimerEvent: {}
[793.273559] (-) TimerEvent: {}
[793.375234] (-) TimerEvent: {}
[793.476855] (-) TimerEvent: {}
[793.578755] (-) TimerEvent: {}
[793.680772] (-) TimerEvent: {}
[793.782773] (-) TimerEvent: {}
[793.885141] (-) TimerEvent: {}
[793.986302] (-) TimerEvent: {}
[794.087779] (-) TimerEvent: {}
[794.189449] (-) TimerEvent: {}
[794.291004] (-) TimerEvent: {}
[794.392788] (-) TimerEvent: {}
[794.494667] (-) TimerEvent: {}
[794.596761] (-) TimerEvent: {}
[794.698480] (-) TimerEvent: {}
[794.801400] (-) TimerEvent: {}
[794.904064] (-) TimerEvent: {}
[795.006630] (-) TimerEvent: {}
[795.109178] (-) TimerEvent: {}
[795.210753] (-) TimerEvent: {}
[795.312291] (-) TimerEvent: {}
[795.413792] (-) TimerEvent: {}
[795.515011] (-) TimerEvent: {}
[795.616639] (-) TimerEvent: {}
[795.718132] (-) TimerEvent: {}
[795.819842] (-) TimerEvent: {}
[795.922410] (-) TimerEvent: {}
[796.024159] (-) TimerEvent: {}
[796.125681] (-) TimerEvent: {}
[796.227085] (-) TimerEvent: {}
[796.328668] (-) TimerEvent: {}
[796.430206] (-) TimerEvent: {}
[796.531860] (-) TimerEvent: {}
[796.633301] (-) TimerEvent: {}
[796.734819] (-) TimerEvent: {}
[796.836287] (-) TimerEvent: {}
[796.937724] (-) TimerEvent: {}
[797.039185] (-) TimerEvent: {}
[797.140547] (-) TimerEvent: {}
[797.241964] (-) TimerEvent: {}
[797.343493] (-) TimerEvent: {}
[797.444934] (-) TimerEvent: {}
[797.546457] (-) TimerEvent: {}
[797.647918] (-) TimerEvent: {}
[797.749405] (-) TimerEvent: {}
[797.850918] (-) TimerEvent: {}
[797.952552] (-) TimerEvent: {}
[798.054133] (-) TimerEvent: {}
[798.155650] (-) TimerEvent: {}
[798.257186] (-) TimerEvent: {}
[798.358462] (-) TimerEvent: {}
[798.460032] (-) TimerEvent: {}
[798.561584] (-) TimerEvent: {}
[798.664403] (-) TimerEvent: {}
[798.765876] (-) TimerEvent: {}
[798.867502] (-) TimerEvent: {}
[798.969067] (-) TimerEvent: {}
[799.070564] (-) TimerEvent: {}
[799.172125] (-) TimerEvent: {}
[799.273677] (-) TimerEvent: {}
[799.375461] (-) TimerEvent: {}
[799.478118] (-) TimerEvent: {}
[799.580613] (-) TimerEvent: {}
[799.683064] (-) TimerEvent: {}
[799.784684] (-) TimerEvent: {}
[799.886280] (-) TimerEvent: {}
[799.988181] (-) TimerEvent: {}
[800.089864] (-) TimerEvent: {}
[800.191611] (-) TimerEvent: {}
[800.292766] (-) TimerEvent: {}
[800.394755] (-) TimerEvent: {}
[800.496356] (-) TimerEvent: {}
[800.598063] (-) TimerEvent: {}
[800.699646] (-) TimerEvent: {}
[800.801018] (-) TimerEvent: {}
[800.902558] (-) TimerEvent: {}
[801.004121] (-) TimerEvent: {}
[801.105663] (-) TimerEvent: {}
[801.207179] (-) TimerEvent: {}
[801.308873] (-) TimerEvent: {}
[801.410388] (-) TimerEvent: {}
[801.511885] (-) TimerEvent: {}
[801.613415] (-) TimerEvent: {}
[801.715014] (-) TimerEvent: {}
[801.816416] (-) TimerEvent: {}
[801.918008] (-) TimerEvent: {}
[802.019525] (-) TimerEvent: {}
[802.120644] (-) TimerEvent: {}
[802.222190] (-) TimerEvent: {}
[802.324027] (-) TimerEvent: {}
[802.425477] (-) TimerEvent: {}
[802.527135] (-) TimerEvent: {}
[802.628720] (-) TimerEvent: {}
[802.730288] (-) TimerEvent: {}
[802.831862] (-) TimerEvent: {}
[802.933734] (-) TimerEvent: {}
[803.035674] (-) TimerEvent: {}
[803.137088] (-) TimerEvent: {}
[803.238689] (-) TimerEvent: {}
[803.340280] (-) TimerEvent: {}
[803.441991] (-) TimerEvent: {}
[803.543626] (-) TimerEvent: {}
[803.644866] (-) TimerEvent: {}
[803.746420] (-) TimerEvent: {}
[803.848098] (-) TimerEvent: {}
[803.949583] (-) TimerEvent: {}
[804.051116] (-) TimerEvent: {}
[804.152687] (-) TimerEvent: {}
[804.254192] (-) TimerEvent: {}
[804.355770] (-) TimerEvent: {}
[804.457224] (-) TimerEvent: {}
[804.558723] (-) TimerEvent: {}
[804.660638] (-) TimerEvent: {}
[804.762496] (-) TimerEvent: {}
[804.863988] (-) TimerEvent: {}
[804.965645] (-) TimerEvent: {}
[805.067173] (-) TimerEvent: {}
[805.168989] (-) TimerEvent: {}
[805.270821] (-) TimerEvent: {}
[805.372596] (-) TimerEvent: {}
[805.474289] (-) TimerEvent: {}
[805.575836] (-) TimerEvent: {}
[805.677290] (-) TimerEvent: {}
[805.778781] (-) TimerEvent: {}
[805.880254] (-) TimerEvent: {}
[805.981678] (-) TimerEvent: {}
[806.083113] (-) TimerEvent: {}
[806.184646] (-) TimerEvent: {}
[806.286080] (-) TimerEvent: {}
[806.387630] (-) TimerEvent: {}
[806.489071] (-) TimerEvent: {}
[806.590335] (-) TimerEvent: {}
[806.691832] (-) TimerEvent: {}
[806.793250] (-) TimerEvent: {}
[806.895040] (-) TimerEvent: {}
[806.997155] (-) TimerEvent: {}
[807.098806] (-) TimerEvent: {}
[807.200621] (-) TimerEvent: {}
[807.302055] (-) TimerEvent: {}
[807.403940] (-) TimerEvent: {}
[807.506108] (-) TimerEvent: {}
[807.607641] (-) TimerEvent: {}
[807.709168] (-) TimerEvent: {}
[807.810735] (-) TimerEvent: {}
[807.912364] (-) TimerEvent: {}
[808.013813] (-) TimerEvent: {}
[808.115274] (-) TimerEvent: {}
[808.216917] (-) TimerEvent: {}
[808.318598] (-) TimerEvent: {}
[808.420866] (-) TimerEvent: {}
[808.522619] (-) TimerEvent: {}
[808.623985] (-) TimerEvent: {}
[808.725794] (-) TimerEvent: {}
[808.827782] (-) TimerEvent: {}
[808.929363] (-) TimerEvent: {}
[809.030899] (-) TimerEvent: {}
[809.132487] (-) TimerEvent: {}
[809.233985] (-) TimerEvent: {}
[809.335547] (-) TimerEvent: {}
[809.437161] (-) TimerEvent: {}
[809.538693] (-) TimerEvent: {}
[809.640289] (-) TimerEvent: {}
[809.741813] (-) TimerEvent: {}
[809.843286] (-) TimerEvent: {}
[809.944833] (-) TimerEvent: {}
[810.046379] (-) TimerEvent: {}
[810.148178] (-) TimerEvent: {}
[810.249750] (-) TimerEvent: {}
[810.351564] (-) TimerEvent: {}
[810.453409] (-) TimerEvent: {}
[810.556228] (-) TimerEvent: {}
[810.657709] (-) TimerEvent: {}
[810.759196] (-) TimerEvent: {}
[810.860987] (-) TimerEvent: {}
[810.962531] (-) TimerEvent: {}
[811.064033] (-) TimerEvent: {}
[811.165511] (-) TimerEvent: {}
[811.267078] (-) TimerEvent: {}
[811.368910] (-) TimerEvent: {}
[811.470486] (-) TimerEvent: {}
[811.572166] (-) TimerEvent: {}
[811.673681] (-) TimerEvent: {}
[811.775226] (-) TimerEvent: {}
[811.876887] (-) TimerEvent: {}
[811.978167] (-) TimerEvent: {}
[812.079808] (-) TimerEvent: {}
[812.181501] (-) TimerEvent: {}
[812.283302] (-) TimerEvent: {}
[812.384881] (-) TimerEvent: {}
[812.486505] (-) TimerEvent: {}
[812.588117] (-) TimerEvent: {}
[812.689899] (-) TimerEvent: {}
[812.791749] (-) TimerEvent: {}
[812.893027] (-) TimerEvent: {}
[812.994820] (-) TimerEvent: {}
[813.097403] (-) TimerEvent: {}
[813.199935] (-) TimerEvent: {}
[813.301758] (-) TimerEvent: {}
[813.403912] (-) TimerEvent: {}
[813.505967] (-) TimerEvent: {}
[813.607492] (-) TimerEvent: {}
[813.709075] (-) TimerEvent: {}
[813.810570] (-) TimerEvent: {}
[813.912066] (-) TimerEvent: {}
[814.013674] (-) TimerEvent: {}
[814.115305] (-) TimerEvent: {}
[814.217015] (-) TimerEvent: {}
[814.318272] (-) TimerEvent: {}
[814.419508] (-) TimerEvent: {}
[814.521028] (-) TimerEvent: {}
[814.622552] (-) TimerEvent: {}
[814.724106] (-) TimerEvent: {}
[814.825740] (-) TimerEvent: {}
[814.927299] (-) TimerEvent: {}
[815.028853] (-) TimerEvent: {}
[815.130574] (-) TimerEvent: {}
[815.233604] (-) TimerEvent: {}
[815.336299] (-) TimerEvent: {}
[815.438946] (-) TimerEvent: {}
[815.540608] (-) TimerEvent: {}
[815.642105] (-) TimerEvent: {}
[815.743822] (-) TimerEvent: {}
[815.845444] (-) TimerEvent: {}
[815.946843] (-) TimerEvent: {}
[816.048117] (-) TimerEvent: {}
[816.149654] (-) TimerEvent: {}
[816.251251] (-) TimerEvent: {}
[816.353067] (-) TimerEvent: {}
[816.454868] (-) TimerEvent: {}
[816.556730] (-) TimerEvent: {}
[816.658323] (-) TimerEvent: {}
[816.760116] (-) TimerEvent: {}
[816.861651] (-) TimerEvent: {}
[816.963364] (-) TimerEvent: {}
[817.065066] (-) TimerEvent: {}
[817.166632] (-) TimerEvent: {}
[817.268367] (-) TimerEvent: {}
[817.369897] (-) TimerEvent: {}
[817.471395] (-) TimerEvent: {}
[817.572595] (-) TimerEvent: {}
[817.673954] (-) TimerEvent: {}
[817.775817] (-) TimerEvent: {}
[817.877324] (-) TimerEvent: {}
[817.978762] (-) TimerEvent: {}
[818.080453] (-) TimerEvent: {}
[818.182362] (-) TimerEvent: {}
[818.284571] (-) TimerEvent: {}
[818.386056] (-) TimerEvent: {}
[818.487956] (-) TimerEvent: {}
[818.590193] (-) TimerEvent: {}
[818.691977] (-) TimerEvent: {}
[818.794208] (-) TimerEvent: {}
[818.896004] (-) TimerEvent: {}
[818.998037] (-) TimerEvent: {}
[819.099933] (-) TimerEvent: {}
[819.201510] (-) TimerEvent: {}
[819.303325] (-) TimerEvent: {}
[819.405326] (-) TimerEvent: {}
[819.507209] (-) TimerEvent: {}
[819.608685] (-) TimerEvent: {}
[819.710351] (-) TimerEvent: {}
[819.811950] (-) TimerEvent: {}
[819.913645] (-) TimerEvent: {}
[820.015283] (-) TimerEvent: {}
[820.116930] (-) TimerEvent: {}
[820.218643] (-) TimerEvent: {}
[820.320514] (-) TimerEvent: {}
[820.421972] (-) TimerEvent: {}
[820.523776] (-) TimerEvent: {}
[820.948933] (-) TimerEvent: {}
[821.050446] (-) TimerEvent: {}
[821.152040] (-) TimerEvent: {}
[821.253658] (-) TimerEvent: {}
[821.355105] (-) TimerEvent: {}
[821.456656] (-) TimerEvent: {}
[821.558030] (-) TimerEvent: {}
[821.659917] (-) TimerEvent: {}
[821.762428] (-) TimerEvent: {}
[821.864655] (-) TimerEvent: {}
[821.966970] (-) TimerEvent: {}
[822.070023] (-) TimerEvent: {}
[822.171837] (-) TimerEvent: {}
[822.273297] (-) TimerEvent: {}
[822.374776] (-) TimerEvent: {}
[822.477060] (-) TimerEvent: {}
[822.579602] (-) TimerEvent: {}
[822.681211] (-) TimerEvent: {}
[822.782915] (-) TimerEvent: {}
[822.884443] (-) TimerEvent: {}
[822.985899] (-) TimerEvent: {}
[823.087482] (-) TimerEvent: {}
[823.189224] (-) TimerEvent: {}
[823.290787] (-) TimerEvent: {}
[823.392374] (-) TimerEvent: {}
[823.493820] (-) TimerEvent: {}
[823.595472] (-) TimerEvent: {}
[823.697031] (-) TimerEvent: {}
[823.798507] (-) TimerEvent: {}
[823.899758] (-) TimerEvent: {}
[824.001155] (-) TimerEvent: {}
[824.102730] (-) TimerEvent: {}
[824.204353] (-) TimerEvent: {}
[824.305879] (-) TimerEvent: {}
[824.407536] (-) TimerEvent: {}
[824.509072] (-) TimerEvent: {}
[824.610608] (-) TimerEvent: {}
[824.712218] (-) TimerEvent: {}
[824.813713] (-) TimerEvent: {}
[824.915170] (-) TimerEvent: {}
[825.016712] (-) TimerEvent: {}
[825.118269] (-) TimerEvent: {}
[825.220805] (-) TimerEvent: {}
[825.323060] (-) TimerEvent: {}
[825.424352] (-) TimerEvent: {}
[825.526184] (-) TimerEvent: {}
[825.628018] (-) TimerEvent: {}
[825.729845] (-) TimerEvent: {}
[825.832518] (-) TimerEvent: {}
[825.934315] (-) TimerEvent: {}
[826.035838] (-) TimerEvent: {}
[826.137349] (-) TimerEvent: {}
[826.238955] (-) TimerEvent: {}
[826.340653] (-) TimerEvent: {}
[826.442171] (-) TimerEvent: {}
[826.543764] (-) TimerEvent: {}
[826.645508] (-) TimerEvent: {}
[826.747912] (-) TimerEvent: {}
[826.849585] (-) TimerEvent: {}
[826.950710] (-) TimerEvent: {}
[827.051952] (-) TimerEvent: {}
[827.153515] (-) TimerEvent: {}
[827.255056] (-) TimerEvent: {}
[827.356707] (-) TimerEvent: {}
[827.458213] (-) TimerEvent: {}
[827.559893] (-) TimerEvent: {}
[827.661400] (-) TimerEvent: {}
[827.762877] (-) TimerEvent: {}
[827.864370] (-) TimerEvent: {}
[827.966171] (-) TimerEvent: {}
[828.068251] (-) TimerEvent: {}
[828.170137] (-) TimerEvent: {}
[828.271607] (-) TimerEvent: {}
[828.373172] (-) TimerEvent: {}
[828.474729] (-) TimerEvent: {}
[828.576355] (-) TimerEvent: {}
[828.677851] (-) TimerEvent: {}
[828.779393] (-) TimerEvent: {}
[828.880867] (-) TimerEvent: {}
[828.982317] (-) TimerEvent: {}
[829.083999] (-) TimerEvent: {}
[829.185436] (-) TimerEvent: {}
[829.286999] (-) TimerEvent: {}
[829.388531] (-) TimerEvent: {}
[829.489991] (-) TimerEvent: {}
[829.591801] (-) TimerEvent: {}
[829.693222] (-) TimerEvent: {}
[829.794663] (-) TimerEvent: {}
[829.895910] (-) TimerEvent: {}
[829.997434] (-) TimerEvent: {}
[830.098920] (-) TimerEvent: {}
[830.200412] (-) TimerEvent: {}
[830.302746] (-) TimerEvent: {}
[830.404441] (-) TimerEvent: {}
[830.505969] (-) TimerEvent: {}
[830.607516] (-) TimerEvent: {}
[830.709194] (-) TimerEvent: {}
[830.810717] (-) TimerEvent: {}
[830.912317] (-) TimerEvent: {}
[831.013714] (-) TimerEvent: {}
[831.115240] (-) TimerEvent: {}
[831.216966] (-) TimerEvent: {}
[831.319494] (-) TimerEvent: {}
[831.421182] (-) TimerEvent: {}
[831.522727] (-) TimerEvent: {}
[831.624291] (-) TimerEvent: {}
[831.725636] (-) TimerEvent: {}
[831.827100] (-) TimerEvent: {}
[831.928929] (-) TimerEvent: {}
[832.031535] (-) TimerEvent: {}
[832.133869] (-) TimerEvent: {}
[832.235385] (-) TimerEvent: {}
[832.337111] (-) TimerEvent: {}
[832.439717] (-) TimerEvent: {}
[832.541317] (-) TimerEvent: {}
[832.642906] (-) TimerEvent: {}
[832.744424] (-) TimerEvent: {}
[832.845980] (-) TimerEvent: {}
[832.947566] (-) TimerEvent: {}
[833.049107] (-) TimerEvent: {}
[833.150633] (-) TimerEvent: {}
[833.252237] (-) TimerEvent: {}
[833.353609] (-) TimerEvent: {}
[833.455209] (-) TimerEvent: {}
[833.556771] (-) TimerEvent: {}
[833.658224] (-) TimerEvent: {}
[833.759727] (-) TimerEvent: {}
[833.861240] (-) TimerEvent: {}
[833.962819] (-) TimerEvent: {}
[834.064731] (-) TimerEvent: {}
[834.167445] (-) TimerEvent: {}
[834.269790] (-) TimerEvent: {}
[834.371212] (-) TimerEvent: {}
[834.472981] (-) TimerEvent: {}
[834.575734] (-) TimerEvent: {}
[834.677545] (-) TimerEvent: {}
[834.780204] (-) TimerEvent: {}
[834.882625] (-) TimerEvent: {}
[834.984167] (-) TimerEvent: {}
[835.085833] (-) TimerEvent: {}
[835.188616] (-) TimerEvent: {}
[835.290170] (-) TimerEvent: {}
[835.391706] (-) TimerEvent: {}
[835.493193] (-) TimerEvent: {}
[835.595368] (-) TimerEvent: {}
[835.696914] (-) TimerEvent: {}
[835.798340] (-) TimerEvent: {}
[835.899937] (-) TimerEvent: {}
[836.001445] (-) TimerEvent: {}
[836.102930] (-) TimerEvent: {}
[836.204496] (-) TimerEvent: {}
[836.306080] (-) TimerEvent: {}
[836.408684] (-) TimerEvent: {}
[836.510082] (-) TimerEvent: {}
[836.611706] (-) TimerEvent: {}
[836.713521] (-) TimerEvent: {}
[836.815163] (-) TimerEvent: {}
[836.916720] (-) TimerEvent: {}
[837.018291] (-) TimerEvent: {}
[837.119771] (-) TimerEvent: {}
[837.221000] (-) TimerEvent: {}
[837.322501] (-) TimerEvent: {}
[837.424030] (-) TimerEvent: {}
[837.525655] (-) TimerEvent: {}
[837.627167] (-) TimerEvent: {}
[837.728967] (-) TimerEvent: {}
[837.831083] (-) TimerEvent: {}
[837.932951] (-) TimerEvent: {}
[838.035931] (-) TimerEvent: {}
[838.137455] (-) TimerEvent: {}
[838.238915] (-) TimerEvent: {}
[838.340424] (-) TimerEvent: {}
[838.441805] (-) TimerEvent: {}
[838.543283] (-) TimerEvent: {}
[838.644625] (-) TimerEvent: {}
[838.746341] (-) TimerEvent: {}
[838.848145] (-) TimerEvent: {}
[838.949925] (-) TimerEvent: {}
[839.051672] (-) TimerEvent: {}
[839.153355] (-) TimerEvent: {}
[839.254988] (-) TimerEvent: {}
[839.356556] (-) TimerEvent: {}
[839.457749] (-) TimerEvent: {}
[839.559249] (-) TimerEvent: {}
[839.660485] (-) TimerEvent: {}
[839.762701] (-) TimerEvent: {}
[839.865249] (-) TimerEvent: {}
[839.966915] (-) TimerEvent: {}
[840.068682] (-) TimerEvent: {}
[840.183215] (-) TimerEvent: {}
[840.285983] (-) TimerEvent: {}
[840.388365] (-) TimerEvent: {}
[840.489874] (-) TimerEvent: {}
[840.591370] (-) TimerEvent: {}
[840.692953] (-) TimerEvent: {}
[840.794408] (-) TimerEvent: {}
[840.896128] (-) TimerEvent: {}
[840.998321] (-) TimerEvent: {}
[841.099940] (-) TimerEvent: {}
[841.201325] (-) TimerEvent: {}
[841.302780] (-) TimerEvent: {}
[841.404377] (-) TimerEvent: {}
[841.506002] (-) TimerEvent: {}
[841.607563] (-) TimerEvent: {}
[841.708998] (-) TimerEvent: {}
[841.810426] (-) TimerEvent: {}
[841.912007] (-) TimerEvent: {}
[842.013529] (-) TimerEvent: {}
[842.114961] (-) TimerEvent: {}
[842.216496] (-) TimerEvent: {}
[842.317975] (-) TimerEvent: {}
[842.419535] (-) TimerEvent: {}
[842.521078] (-) TimerEvent: {}
[842.622570] (-) TimerEvent: {}
[842.724152] (-) TimerEvent: {}
[842.825769] (-) TimerEvent: {}
[842.927333] (-) TimerEvent: {}
[843.028888] (-) TimerEvent: {}
[843.130273] (-) TimerEvent: {}
[843.231761] (-) TimerEvent: {}
[843.333391] (-) TimerEvent: {}
[843.435909] (-) TimerEvent: {}
[843.538893] (-) TimerEvent: {}
[843.640940] (-) TimerEvent: {}
[843.742710] (-) TimerEvent: {}
[843.845152] (-) TimerEvent: {}
[843.946641] (-) TimerEvent: {}
[844.049353] (-) TimerEvent: {}
[844.151818] (-) TimerEvent: {}
[844.253923] (-) TimerEvent: {}
[844.356018] (-) TimerEvent: {}
[844.458661] (-) TimerEvent: {}
[844.561226] (-) TimerEvent: {}
[844.662806] (-) TimerEvent: {}
[844.764456] (-) TimerEvent: {}
[844.866021] (-) TimerEvent: {}
[844.967728] (-) TimerEvent: {}
[845.069361] (-) TimerEvent: {}
[845.170928] (-) TimerEvent: {}
[845.272526] (-) TimerEvent: {}
[845.374205] (-) TimerEvent: {}
[845.475689] (-) TimerEvent: {}
[845.577464] (-) TimerEvent: {}
[845.679016] (-) TimerEvent: {}
[845.780530] (-) TimerEvent: {}
[845.882170] (-) TimerEvent: {}
[845.983605] (-) TimerEvent: {}
[846.085120] (-) TimerEvent: {}
[846.186631] (-) TimerEvent: {}
[846.288224] (-) TimerEvent: {}
[846.390536] (-) TimerEvent: {}
[846.492960] (-) TimerEvent: {}
[846.594646] (-) TimerEvent: {}
[846.696400] (-) TimerEvent: {}
[846.798219] (-) TimerEvent: {}
[846.899935] (-) TimerEvent: {}
[847.001614] (-) TimerEvent: {}
[847.104170] (-) TimerEvent: {}
[847.206098] (-) TimerEvent: {}
[847.308343] (-) TimerEvent: {}
[847.409786] (-) TimerEvent: {}
[847.511057] (-) TimerEvent: {}
[847.612711] (-) TimerEvent: {}
[847.714267] (-) TimerEvent: {}
[847.816019] (-) TimerEvent: {}
[847.917600] (-) TimerEvent: {}
[848.019168] (-) TimerEvent: {}
[848.120763] (-) TimerEvent: {}
[848.222302] (-) TimerEvent: {}
[848.323938] (-) TimerEvent: {}
[848.425549] (-) TimerEvent: {}
[848.527000] (-) TimerEvent: {}
[848.628663] (-) TimerEvent: {}
[848.730703] (-) TimerEvent: {}
[848.832499] (-) TimerEvent: {}
[848.934572] (-) TimerEvent: {}
[849.037500] (-) TimerEvent: {}
[849.139038] (-) TimerEvent: {}
[849.240616] (-) TimerEvent: {}
[849.342008] (-) TimerEvent: {}
[849.443497] (-) TimerEvent: {}
[849.545047] (-) TimerEvent: {}
[849.646599] (-) TimerEvent: {}
[849.748225] (-) TimerEvent: {}
[849.849811] (-) TimerEvent: {}
[849.951288] (-) TimerEvent: {}
[850.052818] (-) TimerEvent: {}
[850.154263] (-) TimerEvent: {}
[850.255963] (-) TimerEvent: {}
[850.357697] (-) TimerEvent: {}
[850.460097] (-) TimerEvent: {}
[850.561626] (-) TimerEvent: {}
[850.663637] (-) TimerEvent: {}
[850.765519] (-) TimerEvent: {}
[850.867113] (-) TimerEvent: {}
[850.968753] (-) TimerEvent: {}
[851.070313] (-) TimerEvent: {}
[851.172067] (-) TimerEvent: {}
[851.273421] (-) TimerEvent: {}
[851.374976] (-) TimerEvent: {}
[851.476538] (-) TimerEvent: {}
[851.577771] (-) TimerEvent: {}
[851.679155] (-) TimerEvent: {}
[851.780481] (-) TimerEvent: {}
[851.882058] (-) TimerEvent: {}
[851.983727] (-) TimerEvent: {}
[852.085184] (-) TimerEvent: {}
[852.186666] (-) TimerEvent: {}
[852.288305] (-) TimerEvent: {}
[852.389935] (-) TimerEvent: {}
[852.492389] (-) TimerEvent: {}
[852.593880] (-) TimerEvent: {}
[852.695390] (-) TimerEvent: {}
[852.796966] (-) TimerEvent: {}
[852.898613] (-) TimerEvent: {}
[853.000279] (-) TimerEvent: {}
[853.101870] (-) TimerEvent: {}
[853.203372] (-) TimerEvent: {}
[853.305093] (-) TimerEvent: {}
[853.407648] (-) TimerEvent: {}
[853.510117] (-) TimerEvent: {}
[853.611594] (-) TimerEvent: {}
[853.713201] (-) TimerEvent: {}
[853.814552] (-) TimerEvent: {}
[853.916145] (-) TimerEvent: {}
[854.017700] (-) TimerEvent: {}
[854.119394] (-) TimerEvent: {}
[854.222203] (-) TimerEvent: {}
[854.324831] (-) TimerEvent: {}
[854.427235] (-) TimerEvent: {}
[854.528846] (-) TimerEvent: {}
[854.630495] (-) TimerEvent: {}
[854.732956] (-) TimerEvent: {}
[854.835453] (-) TimerEvent: {}
[854.937776] (-) TimerEvent: {}
[855.040399] (-) TimerEvent: {}
[855.142113] (-) TimerEvent: {}
[855.243819] (-) TimerEvent: {}
[855.346289] (-) TimerEvent: {}
[855.447991] (-) TimerEvent: {}
[855.549416] (-) TimerEvent: {}
[855.650909] (-) TimerEvent: {}
[855.752561] (-) TimerEvent: {}
[855.854123] (-) TimerEvent: {}
[855.955619] (-) TimerEvent: {}
[856.057182] (-) TimerEvent: {}
[856.158725] (-) TimerEvent: {}
[856.260315] (-) TimerEvent: {}
[856.361837] (-) TimerEvent: {}
[856.463327] (-) TimerEvent: {}
[856.564902] (-) TimerEvent: {}
[856.666323] (-) TimerEvent: {}
[856.767855] (-) TimerEvent: {}
[856.869364] (-) TimerEvent: {}
[856.970709] (-) TimerEvent: {}
[857.072203] (-) TimerEvent: {}
[857.173878] (-) TimerEvent: {}
[857.276155] (-) TimerEvent: {}
[857.377935] (-) TimerEvent: {}
[857.479773] (-) TimerEvent: {}
[857.581327] (-) TimerEvent: {}
[857.682898] (-) TimerEvent: {}
[857.784465] (-) TimerEvent: {}
[857.885868] (-) TimerEvent: {}
[857.987624] (-) TimerEvent: {}
[858.089259] (-) TimerEvent: {}
[858.190775] (-) TimerEvent: {}
[858.292573] (-) TimerEvent: {}
[858.394160] (-) TimerEvent: {}
[858.495713] (-) TimerEvent: {}
[858.597296] (-) TimerEvent: {}
[858.699162] (-) TimerEvent: {}
[858.800856] (-) TimerEvent: {}
[858.902414] (-) TimerEvent: {}
[859.003943] (-) TimerEvent: {}
[859.105590] (-) TimerEvent: {}
[859.207288] (-) TimerEvent: {}
[859.308938] (-) TimerEvent: {}
[859.410613] (-) TimerEvent: {}
[859.513011] (-) TimerEvent: {}
[859.615773] (-) TimerEvent: {}
[859.717559] (-) TimerEvent: {}
[859.819028] (-) TimerEvent: {}
[859.920667] (-) TimerEvent: {}
[860.022059] (-) TimerEvent: {}
[860.123351] (-) TimerEvent: {}
[860.224991] (-) TimerEvent: {}
[860.326585] (-) TimerEvent: {}
[860.428209] (-) TimerEvent: {}
[860.529793] (-) TimerEvent: {}
[860.631244] (-) TimerEvent: {}
[860.732894] (-) TimerEvent: {}
[860.834782] (-) TimerEvent: {}
[860.937868] (-) TimerEvent: {}
[861.040105] (-) TimerEvent: {}
[861.142803] (-) TimerEvent: {}
[861.244593] (-) TimerEvent: {}
[861.346468] (-) TimerEvent: {}
[861.448023] (-) TimerEvent: {}
[861.549546] (-) TimerEvent: {}
[861.650879] (-) TimerEvent: {}
[861.752515] (-) TimerEvent: {}
[861.854038] (-) TimerEvent: {}
[861.955535] (-) TimerEvent: {}
[862.057097] (-) TimerEvent: {}
[862.158676] (-) TimerEvent: {}
[862.260369] (-) TimerEvent: {}
[862.361931] (-) TimerEvent: {}
[862.463566] (-) TimerEvent: {}
[862.565150] (-) TimerEvent: {}
[862.666647] (-) TimerEvent: {}
[862.768265] (-) TimerEvent: {}
[862.869778] (-) TimerEvent: {}
[862.971607] (-) TimerEvent: {}
[863.073253] (-) TimerEvent: {}
[863.174719] (-) TimerEvent: {}
[863.276075] (-) TimerEvent: {}
[863.377712] (-) TimerEvent: {}
[863.480413] (-) TimerEvent: {}
[863.581975] (-) TimerEvent: {}
[863.683606] (-) TimerEvent: {}
[863.785240] (-) TimerEvent: {}
[863.886753] (-) TimerEvent: {}
[863.988355] (-) TimerEvent: {}
[864.089864] (-) TimerEvent: {}
[864.191615] (-) TimerEvent: {}
[864.293422] (-) TimerEvent: {}
[864.395106] (-) TimerEvent: {}
[864.497141] (-) TimerEvent: {}
[864.598721] (-) TimerEvent: {}
[864.700507] (-) TimerEvent: {}
[864.801959] (-) TimerEvent: {}
[864.903484] (-) TimerEvent: {}
[865.005040] (-) TimerEvent: {}
[865.106560] (-) TimerEvent: {}
[865.208241] (-) TimerEvent: {}
[865.309691] (-) TimerEvent: {}
[865.411271] (-) TimerEvent: {}
[865.512851] (-) TimerEvent: {}
[865.614489] (-) TimerEvent: {}
[865.716100] (-) TimerEvent: {}
[865.817665] (-) TimerEvent: {}
[865.918948] (-) TimerEvent: {}
[867.277632] (-) TimerEvent: {}
[868.343029] (-) TimerEvent: {}
[868.468027] (-) TimerEvent: {}
[868.569546] (-) TimerEvent: {}
[868.671030] (-) TimerEvent: {}
[868.772645] (-) TimerEvent: {}
[868.874100] (-) TimerEvent: {}
[868.975729] (-) TimerEvent: {}
[869.077466] (-) TimerEvent: {}
[869.179171] (-) TimerEvent: {}
[869.281544] (-) TimerEvent: {}
[869.383953] (-) TimerEvent: {}
[869.485615] (-) TimerEvent: {}
[869.586990] (-) TimerEvent: {}
[869.688537] (-) TimerEvent: {}
[869.790016] (-) TimerEvent: {}
[869.891641] (-) TimerEvent: {}
[869.993169] (-) TimerEvent: {}
[870.094701] (-) TimerEvent: {}
[870.196269] (-) TimerEvent: {}
[870.297698] (-) TimerEvent: {}
[870.399358] (-) TimerEvent: {}
[870.501620] (-) TimerEvent: {}
[870.604465] (-) TimerEvent: {}
[870.706134] (-) TimerEvent: {}
[870.808869] (-) TimerEvent: {}
[870.910313] (-) TimerEvent: {}
[871.011869] (-) TimerEvent: {}
[871.113925] (-) TimerEvent: {}
[871.216832] (-) TimerEvent: {}
[871.319180] (-) TimerEvent: {}
[871.420933] (-) TimerEvent: {}
[871.523073] (-) TimerEvent: {}
[871.624883] (-) TimerEvent: {}
[871.727275] (-) TimerEvent: {}
[871.829157] (-) TimerEvent: {}
[871.931719] (-) TimerEvent: {}
[872.033204] (-) TimerEvent: {}
[872.134965] (-) TimerEvent: {}
[872.236610] (-) TimerEvent: {}
[872.338104] (-) TimerEvent: {}
[872.439830] (-) TimerEvent: {}
[872.542283] (-) TimerEvent: {}
[872.643775] (-) TimerEvent: {}
[872.744990] (-) TimerEvent: {}
[872.846469] (-) TimerEvent: {}
[872.947945] (-) TimerEvent: {}
[873.049435] (-) TimerEvent: {}
[873.150914] (-) TimerEvent: {}
[873.252461] (-) TimerEvent: {}
[873.353989] (-) TimerEvent: {}
[873.455794] (-) TimerEvent: {}
[873.557174] (-) TimerEvent: {}
[873.658961] (-) TimerEvent: {}
[873.761470] (-) TimerEvent: {}
[873.862987] (-) TimerEvent: {}
[873.964743] (-) TimerEvent: {}
[874.066307] (-) TimerEvent: {}
[874.167931] (-) TimerEvent: {}
[874.269232] (-) TimerEvent: {}
[874.371010] (-) TimerEvent: {}
[874.472727] (-) TimerEvent: {}
[874.574519] (-) TimerEvent: {}
[874.676409] (-) TimerEvent: {}
[874.778020] (-) TimerEvent: {}
[874.879486] (-) TimerEvent: {}
[874.980984] (-) TimerEvent: {}
[875.082487] (-) TimerEvent: {}
[875.184066] (-) TimerEvent: {}
[875.285574] (-) TimerEvent: {}
[875.387144] (-) TimerEvent: {}
[875.488805] (-) TimerEvent: {}
[875.590402] (-) TimerEvent: {}
[875.692047] (-) TimerEvent: {}
[875.793516] (-) TimerEvent: {}
[875.895167] (-) TimerEvent: {}
[875.996746] (-) TimerEvent: {}
[876.098191] (-) TimerEvent: {}
[876.199725] (-) TimerEvent: {}
[876.301192] (-) TimerEvent: {}
[876.402632] (-) TimerEvent: {}
[876.504248] (-) TimerEvent: {}
[876.605739] (-) TimerEvent: {}
[876.707290] (-) TimerEvent: {}
[876.808990] (-) TimerEvent: {}
[876.910605] (-) TimerEvent: {}
[877.012389] (-) TimerEvent: {}
[877.113930] (-) TimerEvent: {}
[877.216024] (-) TimerEvent: {}
[877.317494] (-) TimerEvent: {}
[877.419038] (-) TimerEvent: {}
[877.521468] (-) TimerEvent: {}
[877.622883] (-) TimerEvent: {}
[877.724455] (-) TimerEvent: {}
[877.825993] (-) TimerEvent: {}
[877.927574] (-) TimerEvent: {}
[878.029044] (-) TimerEvent: {}
[878.130571] (-) TimerEvent: {}
[878.232334] (-) TimerEvent: {}
[878.333949] (-) TimerEvent: {}
[878.435607] (-) TimerEvent: {}
[878.537141] (-) TimerEvent: {}
[878.638906] (-) TimerEvent: {}
[878.740666] (-) TimerEvent: {}
[878.843069] (-) TimerEvent: {}
[878.945499] (-) TimerEvent: {}
[879.046877] (-) TimerEvent: {}
[879.148396] (-) TimerEvent: {}
[879.249861] (-) TimerEvent: {}
[879.351523] (-) TimerEvent: {}
[879.452973] (-) TimerEvent: {}
[879.554536] (-) TimerEvent: {}
[879.656044] (-) TimerEvent: {}
[879.757255] (-) TimerEvent: {}
[879.858631] (-) TimerEvent: {}
[879.960336] (-) TimerEvent: {}
[880.061856] (-) TimerEvent: {}
[880.163375] (-) TimerEvent: {}
[880.265163] (-) TimerEvent: {}
[880.367913] (-) TimerEvent: {}
[880.470365] (-) TimerEvent: {}
[880.571807] (-) TimerEvent: {}
[880.673327] (-) TimerEvent: {}
[880.774896] (-) TimerEvent: {}
[880.876533] (-) TimerEvent: {}
[880.978114] (-) TimerEvent: {}
[881.079670] (-) TimerEvent: {}
[881.181197] (-) TimerEvent: {}
[881.282683] (-) TimerEvent: {}
[881.383917] (-) TimerEvent: {}
[881.485466] (-) TimerEvent: {}
[881.587232] (-) TimerEvent: {}
[881.688830] (-) TimerEvent: {}
[881.790478] (-) TimerEvent: {}
[881.891984] (-) TimerEvent: {}
[881.993252] (-) TimerEvent: {}
[882.094861] (-) TimerEvent: {}
[882.196425] (-) TimerEvent: {}
[882.298284] (-) TimerEvent: {}
[882.400036] (-) TimerEvent: {}
[882.501348] (-) TimerEvent: {}
[882.602893] (-) TimerEvent: {}
[882.704501] (-) TimerEvent: {}
[882.806282] (-) TimerEvent: {}
[882.908897] (-) TimerEvent: {}
[883.010388] (-) TimerEvent: {}
[883.111935] (-) TimerEvent: {}
[883.213656] (-) TimerEvent: {}
[883.316323] (-) TimerEvent: {}
[883.417868] (-) TimerEvent: {}
[883.519483] (-) TimerEvent: {}
[883.620976] (-) TimerEvent: {}
[883.722310] (-) TimerEvent: {}
[883.823996] (-) TimerEvent: {}
[883.925770] (-) TimerEvent: {}
[884.027212] (-) TimerEvent: {}
[884.128829] (-) TimerEvent: {}
[884.230308] (-) TimerEvent: {}
[884.331805] (-) TimerEvent: {}
[884.433356] (-) TimerEvent: {}
[884.534910] (-) TimerEvent: {}
[884.636432] (-) TimerEvent: {}
[884.737917] (-) TimerEvent: {}
[884.839401] (-) TimerEvent: {}
[884.940938] (-) TimerEvent: {}
[885.042371] (-) TimerEvent: {}
[885.143989] (-) TimerEvent: {}
[885.245658] (-) TimerEvent: {}
[885.347157] (-) TimerEvent: {}
[885.448811] (-) TimerEvent: {}
[885.551073] (-) TimerEvent: {}
[885.652836] (-) TimerEvent: {}
[885.754392] (-) TimerEvent: {}
[885.856006] (-) TimerEvent: {}
[885.957631] (-) TimerEvent: {}
[886.059106] (-) TimerEvent: {}
[886.160398] (-) TimerEvent: {}
[886.261949] (-) TimerEvent: {}
[886.363711] (-) TimerEvent: {}
[886.465257] (-) TimerEvent: {}
[886.566894] (-) TimerEvent: {}
[886.668636] (-) TimerEvent: {}
[886.771163] (-) TimerEvent: {}
[886.872601] (-) TimerEvent: {}
[886.974200] (-) TimerEvent: {}
[887.075717] (-) TimerEvent: {}
[887.177192] (-) TimerEvent: {}
[887.278640] (-) TimerEvent: {}
[887.380389] (-) TimerEvent: {}
[887.481883] (-) TimerEvent: {}
[887.584198] (-) TimerEvent: {}
[887.686510] (-) TimerEvent: {}
[887.788988] (-) TimerEvent: {}
[887.891752] (-) TimerEvent: {}
[887.993348] (-) TimerEvent: {}
[888.094987] (-) TimerEvent: {}
[888.197060] (-) TimerEvent: {}
[888.298543] (-) TimerEvent: {}
[888.400158] (-) TimerEvent: {}
[888.502801] (-) TimerEvent: {}
[888.605600] (-) TimerEvent: {}
[888.708089] (-) TimerEvent: {}
[888.810535] (-) TimerEvent: {}
[888.912040] (-) TimerEvent: {}
[889.013534] (-) TimerEvent: {}
[889.114850] (-) TimerEvent: {}
[889.216476] (-) TimerEvent: {}
[889.317895] (-) TimerEvent: {}
[889.419343] (-) TimerEvent: {}
[889.520933] (-) TimerEvent: {}
[889.622595] (-) TimerEvent: {}
[889.724165] (-) TimerEvent: {}
[889.825665] (-) TimerEvent: {}
[889.927273] (-) TimerEvent: {}
[890.028536] (-) TimerEvent: {}
[890.130295] (-) TimerEvent: {}
[890.232463] (-) TimerEvent: {}
[890.334629] (-) TimerEvent: {}
[890.436434] (-) TimerEvent: {}
[890.538590] (-) TimerEvent: {}
[890.640137] (-) TimerEvent: {}
[890.741621] (-) TimerEvent: {}
[890.843119] (-) TimerEvent: {}
[890.945509] (-) TimerEvent: {}
[891.047047] (-) TimerEvent: {}
[891.148513] (-) TimerEvent: {}
[891.250040] (-) TimerEvent: {}
[891.351542] (-) TimerEvent: {}
[891.453063] (-) TimerEvent: {}
[891.554411] (-) TimerEvent: {}
[891.656077] (-) TimerEvent: {}
[891.758496] (-) TimerEvent: {}
[891.861128] (-) TimerEvent: {}
[891.962586] (-) TimerEvent: {}
[892.064120] (-) TimerEvent: {}
[892.165621] (-) TimerEvent: {}
[892.267198] (-) TimerEvent: {}
[892.368872] (-) TimerEvent: {}
[892.473869] (-) TimerEvent: {}
[892.575371] (-) TimerEvent: {}
[892.676894] (-) TimerEvent: {}
[892.778443] (-) TimerEvent: {}
[892.880092] (-) TimerEvent: {}
[892.981710] (-) TimerEvent: {}
[893.083210] (-) TimerEvent: {}
[893.184600] (-) TimerEvent: {}
[893.286290] (-) TimerEvent: {}
[893.388009] (-) TimerEvent: {}
[893.489598] (-) TimerEvent: {}
[893.591109] (-) TimerEvent: {}
[893.692599] (-) TimerEvent: {}
[893.794055] (-) TimerEvent: {}
[893.895727] (-) TimerEvent: {}
[893.997253] (-) TimerEvent: {}
[894.098749] (-) TimerEvent: {}
[894.200229] (-) TimerEvent: {}
[894.301997] (-) TimerEvent: {}
[894.405139] (-) TimerEvent: {}
[894.507599] (-) TimerEvent: {}
[894.609395] (-) TimerEvent: {}
[894.710821] (-) TimerEvent: {}
[894.812326] (-) TimerEvent: {}
[894.913819] (-) TimerEvent: {}
[895.015515] (-) TimerEvent: {}
[895.117930] (-) TimerEvent: {}
[895.219536] (-) TimerEvent: {}
[895.321089] (-) TimerEvent: {}
[895.422874] (-) TimerEvent: {}
[895.525713] (-) TimerEvent: {}
[895.627306] (-) TimerEvent: {}
[895.729064] (-) TimerEvent: {}
[895.830846] (-) TimerEvent: {}
[895.932506] (-) TimerEvent: {}
[896.034011] (-) TimerEvent: {}
[896.135300] (-) TimerEvent: {}
[896.236966] (-) TimerEvent: {}
[896.338071] (-) TimerEvent: {}
[896.439259] (-) TimerEvent: {}
[896.541078] (-) TimerEvent: {}
[896.643889] (-) TimerEvent: {}
[896.745428] (-) TimerEvent: {}
[896.847001] (-) TimerEvent: {}
[896.948601] (-) TimerEvent: {}
[897.050316] (-) TimerEvent: {}
[897.152766] (-) TimerEvent: {}
[897.254380] (-) TimerEvent: {}
[897.356044] (-) TimerEvent: {}
[897.457409] (-) TimerEvent: {}
[897.562954] (-) TimerEvent: {}
[897.664526] (-) TimerEvent: {}
[897.766007] (-) TimerEvent: {}
[897.867651] (-) TimerEvent: {}
[897.969393] (-) TimerEvent: {}
[898.070944] (-) TimerEvent: {}
[898.172575] (-) TimerEvent: {}
[898.274128] (-) TimerEvent: {}
[898.375874] (-) TimerEvent: {}
[898.491341] (-) TimerEvent: {}
[898.592929] (-) TimerEvent: {}
[898.694413] (-) TimerEvent: {}
[898.795934] (-) TimerEvent: {}
[898.897719] (-) TimerEvent: {}
[898.999227] (-) TimerEvent: {}
[899.100759] (-) TimerEvent: {}
[899.202479] (-) TimerEvent: {}
[899.304435] (-) TimerEvent: {}
[899.406117] (-) TimerEvent: {}
[899.507676] (-) TimerEvent: {}
[899.609285] (-) TimerEvent: {}
[899.710855] (-) TimerEvent: {}
[899.812635] (-) TimerEvent: {}
[899.914214] (-) TimerEvent: {}
[900.015783] (-) TimerEvent: {}
[900.117320] (-) TimerEvent: {}
[900.218485] (-) TimerEvent: {}
[900.320165] (-) TimerEvent: {}
[900.422596] (-) TimerEvent: {}
[900.524947] (-) TimerEvent: {}
[900.627369] (-) TimerEvent: {}
[900.729747] (-) TimerEvent: {}
[900.831305] (-) TimerEvent: {}
[900.932758] (-) TimerEvent: {}
[901.034081] (-) TimerEvent: {}
[901.135664] (-) TimerEvent: {}
[901.237197] (-) TimerEvent: {}
[901.338838] (-) TimerEvent: {}
[901.440332] (-) TimerEvent: {}
[901.542062] (-) TimerEvent: {}
[901.644852] (-) TimerEvent: {}
[901.746994] (-) TimerEvent: {}
[901.848738] (-) TimerEvent: {}
[901.950307] (-) TimerEvent: {}
[902.051947] (-) TimerEvent: {}
[902.153492] (-) TimerEvent: {}
[902.255005] (-) TimerEvent: {}
[902.356645] (-) TimerEvent: {}
[902.458845] (-) TimerEvent: {}
[902.560522] (-) TimerEvent: {}
[902.661966] (-) TimerEvent: {}
[902.763631] (-) TimerEvent: {}
[902.865077] (-) TimerEvent: {}
[902.966706] (-) TimerEvent: {}
[903.068238] (-) TimerEvent: {}
[903.170019] (-) TimerEvent: {}
[903.272425] (-) TimerEvent: {}
[903.373969] (-) TimerEvent: {}
[903.475396] (-) TimerEvent: {}
[903.576927] (-) TimerEvent: {}
[903.678458] (-) TimerEvent: {}
[903.779926] (-) TimerEvent: {}
[903.881409] (-) TimerEvent: {}
[903.983110] (-) TimerEvent: {}
[904.084691] (-) TimerEvent: {}
[904.186426] (-) TimerEvent: {}
[904.289233] (-) TimerEvent: {}
[904.391046] (-) TimerEvent: {}
[904.493077] (-) TimerEvent: {}
[904.594957] (-) TimerEvent: {}
[904.696836] (-) TimerEvent: {}
[904.799690] (-) TimerEvent: {}
[904.902379] (-) TimerEvent: {}
[905.005039] (-) TimerEvent: {}
[905.106521] (-) TimerEvent: {}
[905.208046] (-) TimerEvent: {}
[905.309592] (-) TimerEvent: {}
[905.411257] (-) TimerEvent: {}
[905.513531] (-) TimerEvent: {}
[905.616132] (-) TimerEvent: {}
[905.717326] (-) TimerEvent: {}
[905.818893] (-) TimerEvent: {}
[905.921091] (-) TimerEvent: {}
[906.022564] (-) TimerEvent: {}
[906.124461] (-) TimerEvent: {}
[906.226557] (-) TimerEvent: {}
[906.328341] (-) TimerEvent: {}
[906.430372] (-) TimerEvent: {}
[906.532264] (-) TimerEvent: {}
[906.634390] (-) TimerEvent: {}
[906.736073] (-) TimerEvent: {}
[906.837627] (-) TimerEvent: {}
[906.939345] (-) TimerEvent: {}
[907.041003] (-) TimerEvent: {}
[907.142516] (-) TimerEvent: {}
[907.245120] (-) TimerEvent: {}
[907.346425] (-) TimerEvent: {}
[907.448180] (-) TimerEvent: {}
[907.549721] (-) TimerEvent: {}
[907.651219] (-) TimerEvent: {}
[907.752837] (-) TimerEvent: {}
[907.854436] (-) TimerEvent: {}
[907.955738] (-) TimerEvent: {}
[908.058153] (-) TimerEvent: {}
[908.161127] (-) TimerEvent: {}
[908.262578] (-) TimerEvent: {}
[908.364167] (-) TimerEvent: {}
[908.465617] (-) TimerEvent: {}
[908.567543] (-) TimerEvent: {}
[908.669107] (-) TimerEvent: {}
[908.770637] (-) TimerEvent: {}
[908.872131] (-) TimerEvent: {}
[908.973722] (-) TimerEvent: {}
[909.075219] (-) TimerEvent: {}
[909.176683] (-) TimerEvent: {}
[909.278159] (-) TimerEvent: {}
[909.379825] (-) TimerEvent: {}
[909.481288] (-) TimerEvent: {}
[909.582814] (-) TimerEvent: {}
[909.684373] (-) TimerEvent: {}
[909.785888] (-) TimerEvent: {}
[909.887473] (-) TimerEvent: {}
[909.988847] (-) TimerEvent: {}
[910.090068] (-) TimerEvent: {}
[910.191588] (-) TimerEvent: {}
[910.293017] (-) TimerEvent: {}
[910.394417] (-) TimerEvent: {}
[910.495690] (-) TimerEvent: {}
[910.597108] (-) TimerEvent: {}
[910.698826] (-) TimerEvent: {}
[910.801307] (-) TimerEvent: {}
[910.902804] (-) TimerEvent: {}
[911.004365] (-) TimerEvent: {}
[911.106068] (-) TimerEvent: {}
[911.208656] (-) TimerEvent: {}
[911.310446] (-) TimerEvent: {}
[911.413373] (-) TimerEvent: {}
[911.514886] (-) TimerEvent: {}
[911.616641] (-) TimerEvent: {}
[911.719511] (-) TimerEvent: {}
[911.821951] (-) TimerEvent: {}
[911.923514] (-) TimerEvent: {}
[912.025055] (-) TimerEvent: {}
[912.126620] (-) TimerEvent: {}
[912.228273] (-) TimerEvent: {}
[912.329783] (-) TimerEvent: {}
[912.431344] (-) TimerEvent: {}
[912.532930] (-) TimerEvent: {}
[912.634565] (-) TimerEvent: {}
[912.736125] (-) TimerEvent: {}
[912.837577] (-) TimerEvent: {}
[912.939258] (-) TimerEvent: {}
[913.041472] (-) TimerEvent: {}
[913.142809] (-) TimerEvent: {}
[913.245122] (-) TimerEvent: {}
[913.346974] (-) TimerEvent: {}
[913.449218] (-) TimerEvent: {}
[913.551131] (-) TimerEvent: {}
[913.653259] (-) TimerEvent: {}
[913.754793] (-) TimerEvent: {}
[913.856369] (-) TimerEvent: {}
[913.957949] (-) TimerEvent: {}
[914.059633] (-) TimerEvent: {}
[914.161384] (-) TimerEvent: {}
[914.262935] (-) TimerEvent: {}
[914.364498] (-) TimerEvent: {}
[914.465985] (-) TimerEvent: {}
[914.567771] (-) TimerEvent: {}
[914.670162] (-) TimerEvent: {}
[914.772465] (-) TimerEvent: {}
[914.874180] (-) TimerEvent: {}
[914.976385] (-) TimerEvent: {}
[915.077866] (-) TimerEvent: {}
[915.179251] (-) TimerEvent: {}
[915.281022] (-) TimerEvent: {}
[915.382638] (-) TimerEvent: {}
[915.484374] (-) TimerEvent: {}
[915.586022] (-) TimerEvent: {}
[915.687674] (-) TimerEvent: {}
[915.789136] (-) TimerEvent: {}
[915.890537] (-) TimerEvent: {}
[915.992124] (-) TimerEvent: {}
[916.093580] (-) TimerEvent: {}
[916.195166] (-) TimerEvent: {}
[916.296758] (-) TimerEvent: {}
[916.398336] (-) TimerEvent: {}
[916.499916] (-) TimerEvent: {}
[916.601400] (-) TimerEvent: {}
[916.704228] (-) TimerEvent: {}
[916.805529] (-) TimerEvent: {}
[916.906923] (-) TimerEvent: {}
[917.008483] (-) TimerEvent: {}
[917.109985] (-) TimerEvent: {}
[917.211588] (-) TimerEvent: {}
[917.313121] (-) TimerEvent: {}
[917.414668] (-) TimerEvent: {}
[917.516337] (-) TimerEvent: {}
[917.617938] (-) TimerEvent: {}
[917.719368] (-) TimerEvent: {}
[917.820848] (-) TimerEvent: {}
[917.922336] (-) TimerEvent: {}
[918.023901] (-) TimerEvent: {}
[918.125398] (-) TimerEvent: {}
[918.226746] (-) TimerEvent: {}
[918.328839] (-) TimerEvent: {}
[918.431266] (-) TimerEvent: {}
[918.534113] (-) TimerEvent: {}
[918.637199] (-) TimerEvent: {}
[918.738774] (-) TimerEvent: {}
[918.841738] (-) TimerEvent: {}
[918.943495] (-) TimerEvent: {}
[919.045023] (-) TimerEvent: {}
[919.146503] (-) TimerEvent: {}
[919.248128] (-) TimerEvent: {}
[919.349533] (-) TimerEvent: {}
[919.450967] (-) TimerEvent: {}
[919.552427] (-) TimerEvent: {}
[919.654173] (-) TimerEvent: {}
[919.755716] (-) TimerEvent: {}
[919.857172] (-) TimerEvent: {}
[919.958381] (-) TimerEvent: {}
[920.059909] (-) TimerEvent: {}
[920.161596] (-) TimerEvent: {}
[920.264423] (-) TimerEvent: {}
[920.365946] (-) TimerEvent: {}
[920.467362] (-) TimerEvent: {}
[920.569254] (-) TimerEvent: {}
[920.671024] (-) TimerEvent: {}
[920.773621] (-) TimerEvent: {}
[920.875049] (-) TimerEvent: {}
[920.976622] (-) TimerEvent: {}
[921.078135] (-) TimerEvent: {}
[921.179727] (-) TimerEvent: {}
[921.281319] (-) TimerEvent: {}
[921.382883] (-) TimerEvent: {}
[921.485148] (-) TimerEvent: {}
[921.586990] (-) TimerEvent: {}
[921.689812] (-) TimerEvent: {}
[921.791566] (-) TimerEvent: {}
[921.893035] (-) TimerEvent: {}
[921.994752] (-) TimerEvent: {}
[922.096313] (-) TimerEvent: {}
[922.198465] (-) TimerEvent: {}
[922.300107] (-) TimerEvent: {}
[922.401697] (-) TimerEvent: {}
[922.503172] (-) TimerEvent: {}
[922.604708] (-) TimerEvent: {}
[922.706279] (-) TimerEvent: {}
[922.807715] (-) TimerEvent: {}
[922.909252] (-) TimerEvent: {}
[923.010641] (-) TimerEvent: {}
[923.112241] (-) TimerEvent: {}
[923.213761] (-) TimerEvent: {}
[923.315461] (-) TimerEvent: {}
[923.417146] (-) TimerEvent: {}
[923.518882] (-) TimerEvent: {}
[923.620607] (-) TimerEvent: {}
[923.722099] (-) TimerEvent: {}
[923.823633] (-) TimerEvent: {}
[923.925150] (-) TimerEvent: {}
[924.026668] (-) TimerEvent: {}
[924.128206] (-) TimerEvent: {}
[924.229738] (-) TimerEvent: {}
[924.331250] (-) TimerEvent: {}
[924.432734] (-) TimerEvent: {}
[924.534160] (-) TimerEvent: {}
[924.635635] (-) TimerEvent: {}
[924.737185] (-) TimerEvent: {}
[924.838755] (-) TimerEvent: {}
[924.940573] (-) TimerEvent: {}
[925.042155] (-) TimerEvent: {}
[925.143736] (-) TimerEvent: {}
[925.245337] (-) TimerEvent: {}
[925.346933] (-) TimerEvent: {}
[925.448557] (-) TimerEvent: {}
[925.550115] (-) TimerEvent: {}
[925.651602] (-) TimerEvent: {}
[925.753133] (-) TimerEvent: {}
[925.854573] (-) TimerEvent: {}
[925.956090] (-) TimerEvent: {}
[926.057526] (-) TimerEvent: {}
[926.159262] (-) TimerEvent: {}
[926.262119] (-) TimerEvent: {}
[926.363756] (-) TimerEvent: {}
[926.465226] (-) TimerEvent: {}
[926.566759] (-) TimerEvent: {}
[926.668404] (-) TimerEvent: {}
[926.770161] (-) TimerEvent: {}
[926.871737] (-) TimerEvent: {}
[926.973259] (-) TimerEvent: {}
[927.074892] (-) TimerEvent: {}
[927.176622] (-) TimerEvent: {}
[927.278469] (-) TimerEvent: {}
[927.380452] (-) TimerEvent: {}
[927.482612] (-) TimerEvent: {}
[927.585115] (-) TimerEvent: {}
[927.686714] (-) TimerEvent: {}
[927.788633] (-) TimerEvent: {}
[927.890105] (-) TimerEvent: {}
[927.991639] (-) TimerEvent: {}
[928.093179] (-) TimerEvent: {}
[928.194621] (-) TimerEvent: {}
[928.296164] (-) TimerEvent: {}
[928.397674] (-) TimerEvent: {}
[928.502588] (-) TimerEvent: {}
[928.604094] (-) TimerEvent: {}
[928.705609] (-) TimerEvent: {}
[928.807121] (-) TimerEvent: {}
[928.908729] (-) TimerEvent: {}
[929.010206] (-) TimerEvent: {}
[929.111851] (-) TimerEvent: {}
[929.213565] (-) TimerEvent: {}
[929.315146] (-) TimerEvent: {}
[929.416712] (-) TimerEvent: {}
[929.518378] (-) TimerEvent: {}
[929.620598] (-) TimerEvent: {}
[929.722218] (-) TimerEvent: {}
[929.823782] (-) TimerEvent: {}
[929.925412] (-) TimerEvent: {}
[930.027002] (-) TimerEvent: {}
[930.128594] (-) TimerEvent: {}
[930.230141] (-) TimerEvent: {}
[930.332087] (-) TimerEvent: {}
[930.433937] (-) TimerEvent: {}
[930.535371] (-) TimerEvent: {}
[930.636866] (-) TimerEvent: {}
[930.738456] (-) TimerEvent: {}
[930.840071] (-) TimerEvent: {}
[930.942040] (-) TimerEvent: {}
[931.043754] (-) TimerEvent: {}
[931.145389] (-) TimerEvent: {}
[931.246938] (-) TimerEvent: {}
[931.348687] (-) TimerEvent: {}
[931.450102] (-) TimerEvent: {}
[931.551688] (-) TimerEvent: {}
[931.652885] (-) TimerEvent: {}
[931.754279] (-) TimerEvent: {}
[931.855554] (-) TimerEvent: {}
[931.957067] (-) TimerEvent: {}
[932.058789] (-) TimerEvent: {}
[932.161403] (-) TimerEvent: {}
[932.263396] (-) TimerEvent: {}
[932.364891] (-) TimerEvent: {}
[932.466898] (-) TimerEvent: {}
[932.568725] (-) TimerEvent: {}
[932.670113] (-) TimerEvent: {}
[932.771928] (-) TimerEvent: {}
[932.874057] (-) TimerEvent: {}
[932.976378] (-) TimerEvent: {}
[933.078134] (-) TimerEvent: {}
[933.179591] (-) TimerEvent: {}
[933.281110] (-) TimerEvent: {}
[933.382687] (-) TimerEvent: {}
[933.484256] (-) TimerEvent: {}
[933.585967] (-) TimerEvent: {}
[933.687584] (-) TimerEvent: {}
[933.788969] (-) TimerEvent: {}
[933.890624] (-) TimerEvent: {}
[933.992523] (-) TimerEvent: {}
[934.094070] (-) TimerEvent: {}
[934.196317] (-) TimerEvent: {}
[934.301472] (-) TimerEvent: {}
[934.403059] (-) TimerEvent: {}
[934.504794] (-) TimerEvent: {}
[934.606661] (-) TimerEvent: {}
[934.708760] (-) TimerEvent: {}
[934.811534] (-) TimerEvent: {}
[934.913113] (-) TimerEvent: {}
[935.014678] (-) TimerEvent: {}
[935.116512] (-) TimerEvent: {}
[935.218043] (-) TimerEvent: {}
[935.319593] (-) TimerEvent: {}
[935.421341] (-) TimerEvent: {}
[935.523392] (-) TimerEvent: {}
[935.625613] (-) TimerEvent: {}
[935.727139] (-) TimerEvent: {}
[935.828457] (-) TimerEvent: {}
[935.930068] (-) TimerEvent: {}
[936.031492] (-) TimerEvent: {}
[936.133053] (-) TimerEvent: {}
[936.234608] (-) TimerEvent: {}
[936.336199] (-) TimerEvent: {}
[936.437880] (-) TimerEvent: {}
[936.539486] (-) TimerEvent: {}
[936.641559] (-) TimerEvent: {}
[936.744173] (-) TimerEvent: {}
[936.845762] (-) TimerEvent: {}
[936.947280] (-) TimerEvent: {}
[937.048909] (-) TimerEvent: {}
[937.150630] (-) TimerEvent: {}
[937.252232] (-) TimerEvent: {}
[937.353738] (-) TimerEvent: {}
[937.455276] (-) TimerEvent: {}
[937.556767] (-) TimerEvent: {}
[937.658230] (-) TimerEvent: {}
[937.759651] (-) TimerEvent: {}
[937.861158] (-) TimerEvent: {}
[937.962608] (-) TimerEvent: {}
[938.064103] (-) TimerEvent: {}
[938.165606] (-) TimerEvent: {}
[938.267066] (-) TimerEvent: {}
[938.368693] (-) TimerEvent: {}
[938.470872] (-) TimerEvent: {}
[938.573503] (-) TimerEvent: {}
[938.675994] (-) TimerEvent: {}
[938.777318] (-) TimerEvent: {}
[938.878852] (-) TimerEvent: {}
[938.980581] (-) TimerEvent: {}
[939.082370] (-) TimerEvent: {}
[939.184749] (-) TimerEvent: {}
[939.287289] (-) TimerEvent: {}
[939.389309] (-) TimerEvent: {}
[939.491941] (-) TimerEvent: {}
[939.593551] (-) TimerEvent: {}
[939.696052] (-) TimerEvent: {}
[939.797528] (-) TimerEvent: {}
[939.899071] (-) TimerEvent: {}
[940.000938] (-) TimerEvent: {}
[940.103476] (-) TimerEvent: {}
[940.204775] (-) TimerEvent: {}
[940.306570] (-) TimerEvent: {}
[940.407979] (-) TimerEvent: {}
[940.509753] (-) TimerEvent: {}
[940.611357] (-) TimerEvent: {}
[940.713001] (-) TimerEvent: {}
[940.814484] (-) TimerEvent: {}
[940.916056] (-) TimerEvent: {}
[941.017614] (-) TimerEvent: {}
[941.119216] (-) TimerEvent: {}
[941.220834] (-) TimerEvent: {}
[941.322369] (-) TimerEvent: {}
[941.424516] (-) TimerEvent: {}
[941.527018] (-) TimerEvent: {}
[941.628501] (-) TimerEvent: {}
[941.730002] (-) TimerEvent: {}
[941.831682] (-) TimerEvent: {}
[941.933584] (-) TimerEvent: {}
[942.035087] (-) TimerEvent: {}
[942.136763] (-) TimerEvent: {}
[942.238490] (-) TimerEvent: {}
[942.340836] (-) TimerEvent: {}
[942.442348] (-) TimerEvent: {}
[942.544087] (-) TimerEvent: {}
[942.646311] (-) TimerEvent: {}
[942.747778] (-) TimerEvent: {}
[942.849301] (-) TimerEvent: {}
[942.950819] (-) TimerEvent: {}
[943.052352] (-) TimerEvent: {}
[943.153860] (-) TimerEvent: {}
[943.255489] (-) TimerEvent: {}
[943.357194] (-) TimerEvent: {}
[943.458570] (-) TimerEvent: {}
[943.559848] (-) TimerEvent: {}
[943.661274] (-) TimerEvent: {}
[943.762481] (-) TimerEvent: {}
[943.864175] (-) TimerEvent: {}
[943.966079] (-) TimerEvent: {}
[944.068149] (-) TimerEvent: {}
[944.169653] (-) TimerEvent: {}
[944.271463] (-) TimerEvent: {}
[944.374124] (-) TimerEvent: {}
[944.477015] (-) TimerEvent: {}
[944.580460] (-) TimerEvent: {}
[944.682132] (-) TimerEvent: {}
[944.783609] (-) TimerEvent: {}
[944.885121] (-) TimerEvent: {}
[944.986734] (-) TimerEvent: {}
[945.087990] (-) TimerEvent: {}
[945.190103] (-) TimerEvent: {}
[945.291940] (-) TimerEvent: {}
[945.394134] (-) TimerEvent: {}
[945.495773] (-) TimerEvent: {}
[945.597782] (-) TimerEvent: {}
[945.700555] (-) TimerEvent: {}
[945.802267] (-) TimerEvent: {}
[945.903773] (-) TimerEvent: {}
[946.005238] (-) TimerEvent: {}
[946.106948] (-) TimerEvent: {}
[946.209246] (-) TimerEvent: {}
[946.310800] (-) TimerEvent: {}
[946.412152] (-) TimerEvent: {}
[946.513638] (-) TimerEvent: {}
[946.615374] (-) TimerEvent: {}
[946.716951] (-) TimerEvent: {}
[946.818456] (-) TimerEvent: {}
[946.920972] (-) TimerEvent: {}
[947.022671] (-) TimerEvent: {}
[947.124292] (-) TimerEvent: {}
[947.225871] (-) TimerEvent: {}
[947.327487] (-) TimerEvent: {}
[947.429321] (-) TimerEvent: {}
[947.531850] (-) TimerEvent: {}
[947.633584] (-) TimerEvent: {}
[947.735046] (-) TimerEvent: {}
[947.836679] (-) TimerEvent: {}
[947.938169] (-) TimerEvent: {}
[948.039634] (-) TimerEvent: {}
[948.140998] (-) TimerEvent: {}
[948.242642] (-) TimerEvent: {}
[948.345164] (-) TimerEvent: {}
[948.446662] (-) TimerEvent: {}
[948.547849] (-) TimerEvent: {}
[948.649353] (-) TimerEvent: {}
[948.751061] (-) TimerEvent: {}
[948.852715] (-) TimerEvent: {}
[948.954261] (-) TimerEvent: {}
[949.055829] (-) TimerEvent: {}
[949.157298] (-) TimerEvent: {}
[949.258801] (-) TimerEvent: {}
[949.360383] (-) TimerEvent: {}
[949.461963] (-) TimerEvent: {}
[949.567480] (-) TimerEvent: {}
[949.669250] (-) TimerEvent: {}
[949.770719] (-) TimerEvent: {}
[949.872256] (-) TimerEvent: {}
[949.974662] (-) TimerEvent: {}
[950.076477] (-) TimerEvent: {}
[950.177926] (-) TimerEvent: {}
[950.279516] (-) TimerEvent: {}
[950.381222] (-) TimerEvent: {}
[950.483241] (-) TimerEvent: {}
[950.585280] (-) TimerEvent: {}
[950.686952] (-) TimerEvent: {}
[950.788629] (-) TimerEvent: {}
[950.890053] (-) TimerEvent: {}
[950.991716] (-) TimerEvent: {}
[951.093471] (-) TimerEvent: {}
[951.194963] (-) TimerEvent: {}
[951.296511] (-) TimerEvent: {}
[951.398447] (-) TimerEvent: {}
[951.500642] (-) TimerEvent: {}
[951.603116] (-) TimerEvent: {}
[951.704686] (-) TimerEvent: {}
[951.806281] (-) TimerEvent: {}
[951.907766] (-) TimerEvent: {}
[952.009279] (-) TimerEvent: {}
[952.110703] (-) TimerEvent: {}
[952.212194] (-) TimerEvent: {}
[952.313609] (-) TimerEvent: {}
[952.415073] (-) TimerEvent: {}
[952.516401] (-) TimerEvent: {}
[952.617783] (-) TimerEvent: {}
[952.719374] (-) TimerEvent: {}
[952.820979] (-) TimerEvent: {}
[952.922729] (-) TimerEvent: {}
[953.024559] (-) TimerEvent: {}
[953.126435] (-) TimerEvent: {}
[953.228370] (-) TimerEvent: {}
[953.330202] (-) TimerEvent: {}
[953.431843] (-) TimerEvent: {}
[953.533636] (-) TimerEvent: {}
[953.635610] (-) TimerEvent: {}
[953.737352] (-) TimerEvent: {}
[953.838966] (-) TimerEvent: {}
[953.940552] (-) TimerEvent: {}
[954.042031] (-) TimerEvent: {}
[954.143489] (-) TimerEvent: {}
[954.244828] (-) TimerEvent: {}
[954.346282] (-) TimerEvent: {}
[954.448060] (-) TimerEvent: {}
[954.549192] (-) TimerEvent: {}
[954.650893] (-) TimerEvent: {}
[954.752550] (-) TimerEvent: {}
[954.853964] (-) TimerEvent: {}
[954.955305] (-) TimerEvent: {}
[955.056999] (-) TimerEvent: {}
[955.158576] (-) TimerEvent: {}
[955.260363] (-) TimerEvent: {}
[955.361822] (-) TimerEvent: {}
[955.463515] (-) TimerEvent: {}
[955.564992] (-) TimerEvent: {}
[955.666495] (-) TimerEvent: {}
[955.768047] (-) TimerEvent: {}
[955.869241] (-) TimerEvent: {}
[955.970724] (-) TimerEvent: {}
[956.072294] (-) TimerEvent: {}
[956.173946] (-) TimerEvent: {}
[956.275782] (-) TimerEvent: {}
[956.377774] (-) TimerEvent: {}
[956.479454] (-) TimerEvent: {}
[956.581108] (-) TimerEvent: {}
[956.682980] (-) TimerEvent: {}
[956.784691] (-) TimerEvent: {}
[956.886192] (-) TimerEvent: {}
[956.987746] (-) TimerEvent: {}
[957.089504] (-) TimerEvent: {}
[957.191012] (-) TimerEvent: {}
[957.292824] (-) TimerEvent: {}
[957.394622] (-) TimerEvent: {}
[957.496820] (-) TimerEvent: {}
[957.598993] (-) TimerEvent: {}
[957.700554] (-) TimerEvent: {}
[957.802178] (-) TimerEvent: {}
[957.903891] (-) TimerEvent: {}
[958.005687] (-) TimerEvent: {}
[958.107595] (-) TimerEvent: {}
[958.209448] (-) TimerEvent: {}
[958.311040] (-) TimerEvent: {}
[958.413538] (-) TimerEvent: {}
[958.515005] (-) TimerEvent: {}
[958.628368] (-) TimerEvent: {}
[958.743938] (-) TimerEvent: {}
[958.846351] (-) TimerEvent: {}
[958.948206] (-) TimerEvent: {}
[959.049869] (-) TimerEvent: {}
[959.152070] (-) TimerEvent: {}
[959.253473] (-) TimerEvent: {}
[959.354935] (-) TimerEvent: {}
[959.456539] (-) TimerEvent: {}
[959.558092] (-) TimerEvent: {}
[959.659758] (-) TimerEvent: {}
[959.761353] (-) TimerEvent: {}
[959.862885] (-) TimerEvent: {}
[959.964512] (-) TimerEvent: {}
[960.066006] (-) TimerEvent: {}
[960.167733] (-) TimerEvent: {}
[960.269276] (-) TimerEvent: {}
[960.370923] (-) TimerEvent: {}
[960.472545] (-) TimerEvent: {}
[960.574057] (-) TimerEvent: {}
[960.675886] (-) TimerEvent: {}
[960.777349] (-) TimerEvent: {}
[960.878656] (-) TimerEvent: {}
[960.980706] (-) TimerEvent: {}
[961.082397] (-) TimerEvent: {}
[961.184996] (-) TimerEvent: {}
[961.286527] (-) TimerEvent: {}
[961.388255] (-) TimerEvent: {}
[961.489739] (-) TimerEvent: {}
[961.591166] (-) TimerEvent: {}
[961.692784] (-) TimerEvent: {}
[961.794280] (-) TimerEvent: {}
[961.895757] (-) TimerEvent: {}
[961.997252] (-) TimerEvent: {}
[962.098871] (-) TimerEvent: {}
[962.200581] (-) TimerEvent: {}
[962.301909] (-) TimerEvent: {}
[962.403182] (-) TimerEvent: {}
[962.504727] (-) TimerEvent: {}
[962.606272] (-) TimerEvent: {}
[962.707968] (-) TimerEvent: {}
[962.809565] (-) TimerEvent: {}
[962.911234] (-) TimerEvent: {}
[963.012843] (-) TimerEvent: {}
[963.114492] (-) TimerEvent: {}
[963.216061] (-) TimerEvent: {}
[963.317788] (-) TimerEvent: {}
[963.419270] (-) TimerEvent: {}
[963.520852] (-) TimerEvent: {}
[963.622324] (-) TimerEvent: {}
[963.723857] (-) TimerEvent: {}
[963.825649] (-) TimerEvent: {}
[963.927140] (-) TimerEvent: {}
[964.028833] (-) TimerEvent: {}
[964.130311] (-) TimerEvent: {}
[964.232131] (-) TimerEvent: {}
[964.333710] (-) TimerEvent: {}
[964.435183] (-) TimerEvent: {}
[964.536691] (-) TimerEvent: {}
[964.638358] (-) TimerEvent: {}
[964.740819] (-) TimerEvent: {}
[964.842342] (-) TimerEvent: {}
[964.943894] (-) TimerEvent: {}
[965.045535] (-) TimerEvent: {}
[965.146993] (-) TimerEvent: {}
[965.248607] (-) TimerEvent: {}
[965.350066] (-) TimerEvent: {}
[965.451359] (-) TimerEvent: {}
[965.553318] (-) TimerEvent: {}
[965.655874] (-) TimerEvent: {}
[965.757962] (-) TimerEvent: {}
[965.859570] (-) TimerEvent: {}
[965.961027] (-) TimerEvent: {}
[966.062787] (-) TimerEvent: {}
[966.165211] (-) TimerEvent: {}
[966.266825] (-) TimerEvent: {}
[966.368382] (-) TimerEvent: {}
[966.469897] (-) TimerEvent: {}
[966.571820] (-) TimerEvent: {}
[966.674198] (-) TimerEvent: {}
[966.775765] (-) TimerEvent: {}
[966.877808] (-) TimerEvent: {}
[966.979344] (-) TimerEvent: {}
[967.080913] (-) TimerEvent: {}
[967.182393] (-) TimerEvent: {}
[967.284109] (-) TimerEvent: {}
[967.385798] (-) TimerEvent: {}
[967.487500] (-) TimerEvent: {}
[967.589667] (-) TimerEvent: {}
[967.691749] (-) TimerEvent: {}
[967.793734] (-) TimerEvent: {}
[967.895797] (-) TimerEvent: {}
[967.997549] (-) TimerEvent: {}
[968.099345] (-) TimerEvent: {}
[968.201091] (-) TimerEvent: {}
[968.302886] (-) TimerEvent: {}
[968.404751] (-) TimerEvent: {}
[968.506397] (-) TimerEvent: {}
[968.608027] (-) TimerEvent: {}
[968.709836] (-) TimerEvent: {}
[968.811875] (-) TimerEvent: {}
[968.913195] (-) TimerEvent: {}
[969.014758] (-) TimerEvent: {}
[969.116581] (-) TimerEvent: {}
[969.218952] (-) TimerEvent: {}
[969.320455] (-) TimerEvent: {}
[969.422184] (-) TimerEvent: {}
[969.523740] (-) TimerEvent: {}
[969.625230] (-) TimerEvent: {}
[969.726705] (-) TimerEvent: {}
[969.828419] (-) TimerEvent: {}
[969.929974] (-) TimerEvent: {}
[970.031559] (-) TimerEvent: {}
[970.133042] (-) TimerEvent: {}
[970.234637] (-) TimerEvent: {}
[970.336246] (-) TimerEvent: {}
[970.437785] (-) TimerEvent: {}
[970.539331] (-) TimerEvent: {}
[970.640972] (-) TimerEvent: {}
[970.742504] (-) TimerEvent: {}
[970.844080] (-) TimerEvent: {}
[970.945666] (-) TimerEvent: {}
[971.047246] (-) TimerEvent: {}
[971.149419] (-) TimerEvent: {}
[971.250889] (-) TimerEvent: {}
[971.352496] (-) TimerEvent: {}
[971.454081] (-) TimerEvent: {}
[971.555718] (-) TimerEvent: {}
[971.657254] (-) TimerEvent: {}
[971.758743] (-) TimerEvent: {}
[971.861605] (-) TimerEvent: {}
[971.963942] (-) TimerEvent: {}
[972.066306] (-) TimerEvent: {}
[972.168035] (-) TimerEvent: {}
[972.269904] (-) TimerEvent: {}
[972.371681] (-) TimerEvent: {}
[972.473308] (-) TimerEvent: {}
[972.575029] (-) TimerEvent: {}
[972.676682] (-) TimerEvent: {}
[972.778279] (-) TimerEvent: {}
[972.879710] (-) TimerEvent: {}
[972.981354] (-) TimerEvent: {}
[973.083076] (-) TimerEvent: {}
[973.184760] (-) TimerEvent: {}
[973.286197] (-) TimerEvent: {}
[973.387629] (-) TimerEvent: {}
[973.489326] (-) TimerEvent: {}
[973.590870] (-) TimerEvent: {}
[973.692579] (-) TimerEvent: {}
[973.794198] (-) TimerEvent: {}
[973.895921] (-) TimerEvent: {}
[973.997518] (-) TimerEvent: {}
[974.099013] (-) TimerEvent: {}
[974.201365] (-) TimerEvent: {}
[974.302875] (-) TimerEvent: {}
[974.404556] (-) TimerEvent: {}
[974.506239] (-) TimerEvent: {}
[974.607775] (-) TimerEvent: {}
[974.709405] (-) TimerEvent: {}
[974.811083] (-) TimerEvent: {}
[974.912877] (-) TimerEvent: {}
[975.014337] (-) TimerEvent: {}
[975.115882] (-) TimerEvent: {}
[975.217426] (-) TimerEvent: {}
[975.319211] (-) TimerEvent: {}
[975.421055] (-) TimerEvent: {}
[975.522637] (-) TimerEvent: {}
[975.624280] (-) TimerEvent: {}
[975.726077] (-) TimerEvent: {}
[975.827901] (-) TimerEvent: {}
[975.929500] (-) TimerEvent: {}
[976.030925] (-) TimerEvent: {}
[976.132515] (-) TimerEvent: {}
[976.233962] (-) TimerEvent: {}
[976.335535] (-) TimerEvent: {}
[976.436917] (-) TimerEvent: {}
[976.538201] (-) TimerEvent: {}
[976.639709] (-) TimerEvent: {}
[976.741170] (-) TimerEvent: {}
[976.842644] (-) TimerEvent: {}
[976.944213] (-) TimerEvent: {}
[977.045829] (-) TimerEvent: {}
[977.147516] (-) TimerEvent: {}
[977.249287] (-) TimerEvent: {}
[977.350815] (-) TimerEvent: {}
[977.452617] (-) TimerEvent: {}
[977.554220] (-) TimerEvent: {}
[977.656134] (-) TimerEvent: {}
[977.757611] (-) TimerEvent: {}
[977.859052] (-) TimerEvent: {}
[977.960614] (-) TimerEvent: {}
[978.062148] (-) TimerEvent: {}
[978.163807] (-) TimerEvent: {}
[978.265441] (-) TimerEvent: {}
[978.368182] (-) TimerEvent: {}
[978.470078] (-) TimerEvent: {}
[978.572360] (-) TimerEvent: {}
[978.674004] (-) TimerEvent: {}
[978.775582] (-) TimerEvent: {}
[978.877152] (-) TimerEvent: {}
[978.978601] (-) TimerEvent: {}
[979.080231] (-) TimerEvent: {}
[979.181673] (-) TimerEvent: {}
[979.283178] (-) TimerEvent: {}
[979.384862] (-) TimerEvent: {}
[979.486097] (-) TimerEvent: {}
[979.587707] (-) TimerEvent: {}
[979.689166] (-) TimerEvent: {}
[979.790887] (-) TimerEvent: {}
[979.893766] (-) TimerEvent: {}
[979.996483] (-) TimerEvent: {}
[980.098043] (-) TimerEvent: {}
[980.199527] (-) TimerEvent: {}
[980.301094] (-) TimerEvent: {}
[980.402607] (-) TimerEvent: {}
[980.504274] (-) TimerEvent: {}
[980.606069] (-) TimerEvent: {}
[980.707545] (-) TimerEvent: {}
[980.809478] (-) TimerEvent: {}
[980.911335] (-) TimerEvent: {}
[981.013098] (-) TimerEvent: {}
[981.115252] (-) TimerEvent: {}
[981.216927] (-) TimerEvent: {}
[981.318015] (-) TimerEvent: {}
[981.419238] (-) TimerEvent: {}
[981.520887] (-) TimerEvent: {}
[981.622390] (-) TimerEvent: {}
[981.724275] (-) TimerEvent: {}
[981.827213] (-) TimerEvent: {}
[981.929713] (-) TimerEvent: {}
[982.031572] (-) TimerEvent: {}
[982.133326] (-) TimerEvent: {}
[982.234842] (-) TimerEvent: {}
[982.336631] (-) TimerEvent: {}
[982.439227] (-) TimerEvent: {}
[982.540815] (-) TimerEvent: {}
[982.642409] (-) TimerEvent: {}
[982.743990] (-) TimerEvent: {}
[982.845312] (-) TimerEvent: {}
[982.946930] (-) TimerEvent: {}
[983.048560] (-) TimerEvent: {}
[983.150476] (-) TimerEvent: {}
[983.251911] (-) TimerEvent: {}
[983.353375] (-) TimerEvent: {}
[983.454853] (-) TimerEvent: {}
[983.556563] (-) TimerEvent: {}
[983.658052] (-) TimerEvent: {}
[983.759682] (-) TimerEvent: {}
[983.861452] (-) TimerEvent: {}
[983.963937] (-) TimerEvent: {}
[984.066563] (-) TimerEvent: {}
[984.168743] (-) TimerEvent: {}
[984.270418] (-) TimerEvent: {}
[984.371840] (-) TimerEvent: {}
[984.473234] (-) TimerEvent: {}
[984.574665] (-) TimerEvent: {}
[984.675977] (-) TimerEvent: {}
[984.777809] (-) TimerEvent: {}
[984.879578] (-) TimerEvent: {}
[984.981130] (-) TimerEvent: {}
[985.082569] (-) TimerEvent: {}
[985.184294] (-) TimerEvent: {}
[985.286896] (-) TimerEvent: {}
[985.389537] (-) TimerEvent: {}
[985.491117] (-) TimerEvent: {}
[985.592869] (-) TimerEvent: {}
[985.695541] (-) TimerEvent: {}
[985.798457] (-) TimerEvent: {}
[985.901150] (-) TimerEvent: {}
[986.002897] (-) TimerEvent: {}
[986.104552] (-) TimerEvent: {}
[986.206184] (-) TimerEvent: {}
[986.307719] (-) TimerEvent: {}
[986.409646] (-) TimerEvent: {}
[986.512113] (-) TimerEvent: {}
[986.613578] (-) TimerEvent: {}
[986.715185] (-) TimerEvent: {}
[986.817073] (-) TimerEvent: {}
[986.918550] (-) TimerEvent: {}
[987.020212] (-) TimerEvent: {}
[987.121804] (-) TimerEvent: {}
[987.223459] (-) TimerEvent: {}
[987.325109] (-) TimerEvent: {}
[987.426769] (-) TimerEvent: {}
[987.528262] (-) TimerEvent: {}
[987.629520] (-) TimerEvent: {}
[987.731100] (-) TimerEvent: {}
[987.832749] (-) TimerEvent: {}
[987.934479] (-) TimerEvent: {}
[988.036685] (-) TimerEvent: {}
[988.138236] (-) TimerEvent: {}
[988.239808] (-) TimerEvent: {}
[988.341299] (-) TimerEvent: {}
[988.442810] (-) TimerEvent: {}
[988.544274] (-) TimerEvent: {}
[988.645639] (-) TimerEvent: {}
[988.747252] (-) TimerEvent: {}
[988.848807] (-) TimerEvent: {}
[988.950266] (-) TimerEvent: {}
[989.051859] (-) TimerEvent: {}
[989.153193] (-) TimerEvent: {}
[989.254733] (-) TimerEvent: {}
[989.356002] (-) TimerEvent: {}
[989.457619] (-) TimerEvent: {}
[989.559486] (-) TimerEvent: {}
[989.661121] (-) TimerEvent: {}
[989.762615] (-) TimerEvent: {}
[989.864205] (-) TimerEvent: {}
[989.965797] (-) TimerEvent: {}
[990.291230] (-) TimerEvent: {}
[990.393522] (-) TimerEvent: {}
[990.495883] (-) TimerEvent: {}
[990.597636] (-) TimerEvent: {}
[990.699673] (-) TimerEvent: {}
[990.801167] (-) TimerEvent: {}
[990.902649] (-) TimerEvent: {}
[991.004389] (-) TimerEvent: {}
[991.106132] (-) TimerEvent: {}
[991.207720] (-) TimerEvent: {}
[991.309359] (-) TimerEvent: {}
[991.411345] (-) TimerEvent: {}
[991.514407] (-) TimerEvent: {}
[991.616960] (-) TimerEvent: {}
[991.718508] (-) TimerEvent: {}
[991.820005] (-) TimerEvent: {}
[991.921457] (-) TimerEvent: {}
[992.023028] (-) TimerEvent: {}
[992.124558] (-) TimerEvent: {}
[992.226051] (-) TimerEvent: {}
[992.327393] (-) TimerEvent: {}
[992.429141] (-) TimerEvent: {}
[992.530678] (-) TimerEvent: {}
[992.632501] (-) TimerEvent: {}
[992.733942] (-) TimerEvent: {}
[992.835624] (-) TimerEvent: {}
[992.937434] (-) TimerEvent: {}
[993.038951] (-) TimerEvent: {}
[993.140613] (-) TimerEvent: {}
[993.242433] (-) TimerEvent: {}
[993.344308] (-) TimerEvent: {}
[993.445965] (-) TimerEvent: {}
[993.547514] (-) TimerEvent: {}
[993.649160] (-) TimerEvent: {}
[993.750620] (-) TimerEvent: {}
[993.852335] (-) TimerEvent: {}
[993.953571] (-) TimerEvent: {}
[994.055112] (-) TimerEvent: {}
[994.156841] (-) TimerEvent: {}
[994.258518] (-) TimerEvent: {}
[994.360162] (-) TimerEvent: {}
[994.461890] (-) TimerEvent: {}
[994.563537] (-) TimerEvent: {}
[994.665127] (-) TimerEvent: {}
[994.766759] (-) TimerEvent: {}
[994.868585] (-) TimerEvent: {}
[994.970078] (-) TimerEvent: {}
[995.155745] (-) TimerEvent: {}
[995.257393] (-) TimerEvent: {}
[995.359082] (-) TimerEvent: {}
[995.461244] (-) TimerEvent: {}
[995.563725] (-) TimerEvent: {}
[995.665298] (-) TimerEvent: {}
[995.766898] (-) TimerEvent: {}
[995.868452] (-) TimerEvent: {}
[995.970104] (-) TimerEvent: {}
[996.071857] (-) TimerEvent: {}
[996.173366] (-) TimerEvent: {}
[996.274903] (-) TimerEvent: {}
[996.376668] (-) TimerEvent: {}
[996.479101] (-) TimerEvent: {}
[996.581251] (-) TimerEvent: {}
[996.683558] (-) TimerEvent: {}
[996.786026] (-) TimerEvent: {}
[996.887591] (-) TimerEvent: {}
[996.989117] (-) TimerEvent: {}
[997.090640] (-) TimerEvent: {}
[997.192231] (-) TimerEvent: {}
[997.294041] (-) TimerEvent: {}
[997.395547] (-) TimerEvent: {}
[997.497120] (-) TimerEvent: {}
[997.598715] (-) TimerEvent: {}
[997.700740] (-) TimerEvent: {}
[997.802695] (-) TimerEvent: {}
[997.904467] (-) TimerEvent: {}
[998.006233] (-) TimerEvent: {}
[998.107792] (-) TimerEvent: {}
[998.210008] (-) TimerEvent: {}
[998.311598] (-) TimerEvent: {}
[998.413588] (-) TimerEvent: {}
[998.515331] (-) TimerEvent: {}
[998.617319] (-) TimerEvent: {}
[998.718896] (-) TimerEvent: {}
[998.820610] (-) TimerEvent: {}
[998.922305] (-) TimerEvent: {}
[999.024861] (-) TimerEvent: {}
[999.126379] (-) TimerEvent: {}
[999.227928] (-) TimerEvent: {}
[999.329418] (-) TimerEvent: {}
[999.430942] (-) TimerEvent: {}
[999.532565] (-) TimerEvent: {}
[999.635064] (-) TimerEvent: {}
[999.737392] (-) TimerEvent: {}
[999.838877] (-) TimerEvent: {}
[999.940409] (-) TimerEvent: {}
[1000.042194] (-) TimerEvent: {}
[1000.144526] (-) TimerEvent: {}
[1000.246109] (-) TimerEvent: {}
[1000.347670] (-) TimerEvent: {}
[1000.449213] (-) TimerEvent: {}
[1000.550713] (-) TimerEvent: {}
[1000.652400] (-) TimerEvent: {}
[1000.753999] (-) TimerEvent: {}
[1000.855844] (-) TimerEvent: {}
[1000.958348] (-) TimerEvent: {}
[1001.060042] (-) TimerEvent: {}
[1001.162260] (-) TimerEvent: {}
[1001.263716] (-) TimerEvent: {}
[1001.365372] (-) TimerEvent: {}
[1001.467121] (-) TimerEvent: {}
[1001.569043] (-) TimerEvent: {}
[1001.670843] (-) TimerEvent: {}
[1001.772939] (-) TimerEvent: {}
[1001.875308] (-) TimerEvent: {}
[1001.977836] (-) TimerEvent: {}
[1002.079272] (-) TimerEvent: {}
[1002.180939] (-) TimerEvent: {}
[1002.282506] (-) TimerEvent: {}
[1002.384147] (-) TimerEvent: {}
[1002.485612] (-) TimerEvent: {}
[1002.587170] (-) TimerEvent: {}
[1002.689766] (-) TimerEvent: {}
[1002.791605] (-) TimerEvent: {}
[1002.893296] (-) TimerEvent: {}
[1002.995465] (-) TimerEvent: {}
[1003.098094] (-) TimerEvent: {}
[1003.199656] (-) TimerEvent: {}
[1003.301107] (-) TimerEvent: {}
[1003.402508] (-) TimerEvent: {}
[1003.504242] (-) TimerEvent: {}
[1003.605767] (-) TimerEvent: {}
[1003.707275] (-) TimerEvent: {}
[1003.808887] (-) TimerEvent: {}
[1003.910715] (-) TimerEvent: {}
[1004.012279] (-) TimerEvent: {}
[1004.113834] (-) TimerEvent: {}
[1004.215561] (-) TimerEvent: {}
[1004.317520] (-) TimerEvent: {}
[1004.419280] (-) TimerEvent: {}
[1004.521055] (-) TimerEvent: {}
[1004.622676] (-) TimerEvent: {}
[1004.724252] (-) TimerEvent: {}
[1004.825757] (-) TimerEvent: {}
[1004.927231] (-) TimerEvent: {}
[1005.029985] (-) TimerEvent: {}
[1005.131589] (-) TimerEvent: {}
[1005.233245] (-) TimerEvent: {}
[1005.334801] (-) TimerEvent: {}
[1005.436356] (-) TimerEvent: {}
[1005.537796] (-) TimerEvent: {}
[1005.639494] (-) TimerEvent: {}
[1005.741253] (-) TimerEvent: {}
[1005.842618] (-) TimerEvent: {}
[1005.944251] (-) TimerEvent: {}
[1006.045742] (-) TimerEvent: {}
[1006.147318] (-) TimerEvent: {}
[1006.248822] (-) TimerEvent: {}
[1006.350376] (-) TimerEvent: {}
[1006.452291] (-) TimerEvent: {}
[1006.553995] (-) TimerEvent: {}
[1006.655557] (-) TimerEvent: {}
[1006.757139] (-) TimerEvent: {}
[1006.858595] (-) TimerEvent: {}
[1006.960145] (-) TimerEvent: {}
[1007.061713] (-) TimerEvent: {}
[1007.163926] (-) TimerEvent: {}
[1007.266687] (-) TimerEvent: {}
[1007.368240] (-) TimerEvent: {}
[1007.469384] (-) TimerEvent: {}
[1007.570877] (-) TimerEvent: {}
[1007.672710] (-) TimerEvent: {}
[1007.774334] (-) TimerEvent: {}
[1007.876093] (-) TimerEvent: {}
[1007.977588] (-) TimerEvent: {}
[1008.078915] (-) TimerEvent: {}
[1008.180580] (-) TimerEvent: {}
[1008.282118] (-) TimerEvent: {}
[1008.383903] (-) TimerEvent: {}
[1008.486185] (-) TimerEvent: {}
[1008.588841] (-) TimerEvent: {}
[1008.690914] (-) TimerEvent: {}
[1008.792418] (-) TimerEvent: {}
[1008.893849] (-) TimerEvent: {}
[1008.995375] (-) TimerEvent: {}
[1009.097047] (-) TimerEvent: {}
[1009.198548] (-) TimerEvent: {}
[1009.300115] (-) TimerEvent: {}
[1009.401666] (-) TimerEvent: {}
[1009.503251] (-) TimerEvent: {}
[1009.604972] (-) TimerEvent: {}
[1009.706697] (-) TimerEvent: {}
[1009.808662] (-) TimerEvent: {}
[1009.910583] (-) TimerEvent: {}
[1010.012369] (-) TimerEvent: {}
[1010.114047] (-) TimerEvent: {}
[1010.215989] (-) TimerEvent: {}
[1010.318457] (-) TimerEvent: {}
[1010.420190] (-) TimerEvent: {}
[1010.521615] (-) TimerEvent: {}
[1010.623093] (-) TimerEvent: {}
[1010.724808] (-) TimerEvent: {}
[1010.826565] (-) TimerEvent: {}
[1010.929016] (-) TimerEvent: {}
[1011.030488] (-) TimerEvent: {}
[1011.132021] (-) TimerEvent: {}
[1011.233271] (-) TimerEvent: {}
[1011.334665] (-) TimerEvent: {}
[1011.436205] (-) TimerEvent: {}
[1011.537757] (-) TimerEvent: {}
[1011.639327] (-) TimerEvent: {}
[1011.740966] (-) TimerEvent: {}
[1011.842419] (-) TimerEvent: {}
[1011.943951] (-) TimerEvent: {}
[1012.045400] (-) TimerEvent: {}
[1012.146795] (-) TimerEvent: {}
[1012.248389] (-) TimerEvent: {}
[1012.349922] (-) TimerEvent: {}
[1012.451441] (-) TimerEvent: {}
[1012.552632] (-) TimerEvent: {}
[1012.654337] (-) TimerEvent: {}
[1012.756132] (-) TimerEvent: {}
[1012.857721] (-) TimerEvent: {}
[1012.959554] (-) TimerEvent: {}
[1013.061202] (-) TimerEvent: {}
[1013.162849] (-) TimerEvent: {}
[1013.264672] (-) TimerEvent: {}
[1013.366190] (-) TimerEvent: {}
[1013.467949] (-) TimerEvent: {}
[1013.570402] (-) TimerEvent: {}
[1013.672107] (-) TimerEvent: {}
[1013.773535] (-) TimerEvent: {}
[1013.875241] (-) TimerEvent: {}
[1013.977523] (-) TimerEvent: {}
[1014.079190] (-) TimerEvent: {}
[1014.180703] (-) TimerEvent: {}
[1014.282294] (-) TimerEvent: {}
[1014.384186] (-) TimerEvent: {}
[1014.485865] (-) TimerEvent: {}
[1014.587399] (-) TimerEvent: {}
[1014.688923] (-) TimerEvent: {}
[1014.790402] (-) TimerEvent: {}
[1014.891923] (-) TimerEvent: {}
[1014.993361] (-) TimerEvent: {}
[1015.094888] (-) TimerEvent: {}
[1015.196751] (-) TimerEvent: {}
[1015.298576] (-) TimerEvent: {}
[1015.400638] (-) TimerEvent: {}
[1015.502641] (-) TimerEvent: {}
[1015.604889] (-) TimerEvent: {}
[1015.706481] (-) TimerEvent: {}
[1016.241582] (-) TimerEvent: {}
[1016.343051] (-) TimerEvent: {}
[1016.444640] (-) TimerEvent: {}
[1016.547148] (-) TimerEvent: {}
[1016.648885] (-) TimerEvent: {}
[1016.750427] (-) TimerEvent: {}
[1016.852497] (-) TimerEvent: {}
[1016.954514] (-) TimerEvent: {}
[1017.055943] (-) TimerEvent: {}
[1017.157281] (-) TimerEvent: {}
[1017.258853] (-) TimerEvent: {}
[1017.360386] (-) TimerEvent: {}
[1017.462109] (-) TimerEvent: {}
[1017.563849] (-) TimerEvent: {}
[1017.665386] (-) TimerEvent: {}
[1017.766901] (-) TimerEvent: {}
[1017.868626] (-) TimerEvent: {}
[1017.970974] (-) TimerEvent: {}
[1018.072581] (-) TimerEvent: {}
[1018.174260] (-) TimerEvent: {}
[1018.276698] (-) TimerEvent: {}
[1018.378125] (-) TimerEvent: {}
[1018.479633] (-) TimerEvent: {}
[1018.581191] (-) TimerEvent: {}
[1018.682741] (-) TimerEvent: {}
[1018.806340] (-) TimerEvent: {}
[1018.908109] (-) TimerEvent: {}
[1019.009500] (-) TimerEvent: {}
[1019.110790] (-) TimerEvent: {}
[1019.212450] (-) TimerEvent: {}
[1019.314034] (-) TimerEvent: {}
[1019.415549] (-) TimerEvent: {}
[1019.517057] (-) TimerEvent: {}
[1019.618548] (-) TimerEvent: {}
[1019.720089] (-) TimerEvent: {}
[1019.821624] (-) TimerEvent: {}
[1019.923502] (-) TimerEvent: {}
[1020.025018] (-) TimerEvent: {}
[1020.126559] (-) TimerEvent: {}
[1020.228121] (-) TimerEvent: {}
[1020.329640] (-) TimerEvent: {}
[1020.431376] (-) TimerEvent: {}
[1020.534059] (-) TimerEvent: {}
[1020.635765] (-) TimerEvent: {}
[1020.737344] (-) TimerEvent: {}
[1020.838841] (-) TimerEvent: {}
[1020.940463] (-) TimerEvent: {}
[1021.042101] (-) TimerEvent: {}
[1021.144566] (-) TimerEvent: {}
[1021.246297] (-) TimerEvent: {}
[1021.347978] (-) TimerEvent: {}
[1021.449552] (-) TimerEvent: {}
[1021.551073] (-) TimerEvent: {}
[1021.652751] (-) TimerEvent: {}
[1021.754217] (-) TimerEvent: {}
[1021.855783] (-) TimerEvent: {}
[1021.957380] (-) TimerEvent: {}
[1022.059514] (-) TimerEvent: {}
[1022.160950] (-) TimerEvent: {}
[1022.262376] (-) TimerEvent: {}
[1022.364212] (-) TimerEvent: {}
[1022.467357] (-) TimerEvent: {}
[1022.568946] (-) TimerEvent: {}
[1022.670647] (-) TimerEvent: {}
[1022.772274] (-) TimerEvent: {}
[1022.873856] (-) TimerEvent: {}
[1022.975371] (-) TimerEvent: {}
[1023.076918] (-) TimerEvent: {}
[1023.178533] (-) TimerEvent: {}
[1023.279948] (-) TimerEvent: {}
[1023.381705] (-) TimerEvent: {}
[1023.483492] (-) TimerEvent: {}
[1023.585110] (-) TimerEvent: {}
[1023.686566] (-) TimerEvent: {}
[1023.789160] (-) TimerEvent: {}
[1023.890733] (-) TimerEvent: {}
[1023.992414] (-) TimerEvent: {}
[1024.094200] (-) TimerEvent: {}
[1024.196750] (-) TimerEvent: {}
[1024.298469] (-) TimerEvent: {}
[1024.400198] (-) TimerEvent: {}
[1024.501734] (-) TimerEvent: {}
[1024.602929] (-) TimerEvent: {}
[1024.704819] (-) TimerEvent: {}
[1024.806443] (-) TimerEvent: {}
[1024.908377] (-) TimerEvent: {}
[1025.010425] (-) TimerEvent: {}
[1025.111927] (-) TimerEvent: {}
[1025.213454] (-) TimerEvent: {}
[1025.314957] (-) TimerEvent: {}
[1025.416273] (-) TimerEvent: {}
[1025.517687] (-) TimerEvent: {}
[1025.619137] (-) TimerEvent: {}
[1025.721170] (-) TimerEvent: {}
[1025.823763] (-) TimerEvent: {}
[1025.926345] (-) TimerEvent: {}
[1026.027867] (-) TimerEvent: {}
[1026.129496] (-) TimerEvent: {}
[1026.230806] (-) TimerEvent: {}
[1026.332407] (-) TimerEvent: {}
[1026.433983] (-) TimerEvent: {}
[1026.535666] (-) TimerEvent: {}
[1026.637170] (-) TimerEvent: {}
[1026.738904] (-) TimerEvent: {}
[1026.840599] (-) TimerEvent: {}
[1026.941975] (-) TimerEvent: {}
[1027.043630] (-) TimerEvent: {}
[1027.145220] (-) TimerEvent: {}
[1027.246747] (-) TimerEvent: {}
[1027.348329] (-) TimerEvent: {}
[1027.449747] (-) TimerEvent: {}
[1027.551143] (-) TimerEvent: {}
[1027.652694] (-) TimerEvent: {}
[1027.754184] (-) TimerEvent: {}
[1027.855763] (-) TimerEvent: {}
[1027.957256] (-) TimerEvent: {}
[1028.058721] (-) TimerEvent: {}
[1028.160319] (-) TimerEvent: {}
[1028.261956] (-) TimerEvent: {}
[1028.363519] (-) TimerEvent: {}
[1028.464927] (-) TimerEvent: {}
[1028.566454] (-) TimerEvent: {}
[1028.669310] (-) TimerEvent: {}
[1028.770824] (-) TimerEvent: {}
[1028.872151] (-) TimerEvent: {}
[1028.973703] (-) TimerEvent: {}
[1029.074888] (-) TimerEvent: {}
[1029.176220] (-) TimerEvent: {}
[1029.277944] (-) TimerEvent: {}
[1029.379514] (-) TimerEvent: {}
[1029.481103] (-) TimerEvent: {}
[1029.582665] (-) TimerEvent: {}
[1029.684243] (-) TimerEvent: {}
[1029.785673] (-) TimerEvent: {}
[1029.887149] (-) TimerEvent: {}
[1029.988661] (-) TimerEvent: {}
[1030.090614] (-) TimerEvent: {}
[1030.192192] (-) TimerEvent: {}
[1030.293768] (-) TimerEvent: {}
[1030.395291] (-) TimerEvent: {}
[1030.497112] (-) TimerEvent: {}
[1030.598581] (-) TimerEvent: {}
[1030.700318] (-) TimerEvent: {}
[1030.801803] (-) TimerEvent: {}
[1030.903250] (-) TimerEvent: {}
[1031.005004] (-) TimerEvent: {}
[1031.107638] (-) TimerEvent: {}
[1031.209131] (-) TimerEvent: {}
[1031.310661] (-) TimerEvent: {}
[1031.412409] (-) TimerEvent: {}
[1031.514932] (-) TimerEvent: {}
[1031.617166] (-) TimerEvent: {}
[1031.719612] (-) TimerEvent: {}
[1031.821299] (-) TimerEvent: {}
[1031.923256] (-) TimerEvent: {}
[1032.024976] (-) TimerEvent: {}
[1032.126774] (-) TimerEvent: {}
[1032.228995] (-) TimerEvent: {}
[1032.331512] (-) TimerEvent: {}
[1032.433100] (-) TimerEvent: {}
[1032.534568] (-) TimerEvent: {}
[1032.636138] (-) TimerEvent: {}
[1032.737611] (-) TimerEvent: {}
[1032.839166] (-) TimerEvent: {}
[1032.941568] (-) TimerEvent: {}
[1033.043063] (-) TimerEvent: {}
[1033.144687] (-) TimerEvent: {}
[1033.246234] (-) TimerEvent: {}
[1033.348215] (-) TimerEvent: {}
[1033.449858] (-) TimerEvent: {}
[1033.551724] (-) TimerEvent: {}
[1033.654040] (-) TimerEvent: {}
[1033.755730] (-) TimerEvent: {}
[1033.857375] (-) TimerEvent: {}
[1033.959819] (-) TimerEvent: {}
[1034.061995] (-) TimerEvent: {}
[1034.163624] (-) TimerEvent: {}
[1034.265167] (-) TimerEvent: {}
[1034.366805] (-) TimerEvent: {}
[1034.468483] (-) TimerEvent: {}
[1034.570143] (-) TimerEvent: {}
[1034.672787] (-) TimerEvent: {}
[1034.775333] (-) TimerEvent: {}
[1034.876903] (-) TimerEvent: {}
[1034.978620] (-) TimerEvent: {}
[1035.080202] (-) TimerEvent: {}
[1035.181769] (-) TimerEvent: {}
[1035.283685] (-) TimerEvent: {}
[1035.386334] (-) TimerEvent: {}
[1035.488074] (-) TimerEvent: {}
[1035.589544] (-) TimerEvent: {}
[1035.691177] (-) TimerEvent: {}
[1035.792801] (-) TimerEvent: {}
[1035.894385] (-) TimerEvent: {}
[1035.996116] (-) TimerEvent: {}
[1036.097645] (-) TimerEvent: {}
[1036.199136] (-) TimerEvent: {}
[1036.300604] (-) TimerEvent: {}
[1036.402104] (-) TimerEvent: {}
[1036.503856] (-) TimerEvent: {}
[1036.606285] (-) TimerEvent: {}
[1036.708697] (-) TimerEvent: {}
[1036.810307] (-) TimerEvent: {}
[1036.911871] (-) TimerEvent: {}
[1037.013376] (-) TimerEvent: {}
[1037.114857] (-) TimerEvent: {}
[1037.216356] (-) TimerEvent: {}
[1037.317810] (-) TimerEvent: {}
[1037.419274] (-) TimerEvent: {}
[1037.520841] (-) TimerEvent: {}
[1037.622483] (-) TimerEvent: {}
[1037.724348] (-) TimerEvent: {}
[1037.825988] (-) TimerEvent: {}
[1037.929104] (-) TimerEvent: {}
[1038.030376] (-) TimerEvent: {}
[1038.132096] (-) TimerEvent: {}
[1038.233691] (-) TimerEvent: {}
[1038.335928] (-) TimerEvent: {}
[1038.437892] (-) TimerEvent: {}
[1038.539400] (-) TimerEvent: {}
[1038.640924] (-) TimerEvent: {}
[1038.742442] (-) TimerEvent: {}
[1038.844150] (-) TimerEvent: {}
[1038.945727] (-) TimerEvent: {}
[1039.047316] (-) TimerEvent: {}
[1039.148919] (-) TimerEvent: {}
[1039.250476] (-) TimerEvent: {}
[1039.352089] (-) TimerEvent: {}
[1039.453604] (-) TimerEvent: {}
[1039.554926] (-) TimerEvent: {}
[1039.656666] (-) TimerEvent: {}
[1039.759674] (-) TimerEvent: {}
[1039.861464] (-) TimerEvent: {}
[1039.963042] (-) TimerEvent: {}
[1040.064634] (-) TimerEvent: {}
[1040.166069] (-) TimerEvent: {}
[1040.267590] (-) TimerEvent: {}
[1040.369059] (-) TimerEvent: {}
[1040.470491] (-) TimerEvent: {}
[1040.571994] (-) TimerEvent: {}
[1040.673602] (-) TimerEvent: {}
[1040.775845] (-) TimerEvent: {}
[1040.878409] (-) TimerEvent: {}
[1040.980196] (-) TimerEvent: {}
[1041.081804] (-) TimerEvent: {}
[1041.183331] (-) TimerEvent: {}
[1041.284833] (-) TimerEvent: {}
[1041.386231] (-) TimerEvent: {}
[1041.487551] (-) TimerEvent: {}
[1041.589534] (-) TimerEvent: {}
[1041.692114] (-) TimerEvent: {}
[1041.793564] (-) TimerEvent: {}
[1041.895116] (-) TimerEvent: {}
[1041.996690] (-) TimerEvent: {}
[1042.098370] (-) TimerEvent: {}
[1042.200297] (-) TimerEvent: {}
[1042.302125] (-) TimerEvent: {}
[1042.403734] (-) TimerEvent: {}
[1042.505351] (-) TimerEvent: {}
[1042.606840] (-) TimerEvent: {}
[1042.708305] (-) TimerEvent: {}
[1042.809832] (-) TimerEvent: {}
[1042.911394] (-) TimerEvent: {}
[1043.014391] (-) TimerEvent: {}
[1043.116530] (-) TimerEvent: {}
[1043.218497] (-) TimerEvent: {}
[1043.320094] (-) TimerEvent: {}
[1043.421797] (-) TimerEvent: {}
[1043.524599] (-) TimerEvent: {}
[1043.626082] (-) TimerEvent: {}
[1043.727293] (-) TimerEvent: {}
[1043.829046] (-) TimerEvent: {}
[1043.930845] (-) TimerEvent: {}
[1044.032318] (-) TimerEvent: {}
[1044.133764] (-) TimerEvent: {}
[1044.235395] (-) TimerEvent: {}
[1044.338675] (-) TimerEvent: {}
[1044.440544] (-) TimerEvent: {}
[1044.542030] (-) TimerEvent: {}
[1044.643650] (-) TimerEvent: {}
[1044.745149] (-) TimerEvent: {}
[1044.846735] (-) TimerEvent: {}
[1044.948362] (-) TimerEvent: {}
[1045.049729] (-) TimerEvent: {}
[1045.151573] (-) TimerEvent: {}
[1045.253215] (-) TimerEvent: {}
[1045.354932] (-) TimerEvent: {}
[1045.457559] (-) TimerEvent: {}
[1045.560266] (-) TimerEvent: {}
[1045.661754] (-) TimerEvent: {}
[1045.763536] (-) TimerEvent: {}
[1045.864836] (-) TimerEvent: {}
[1045.966431] (-) TimerEvent: {}
[1046.068070] (-) TimerEvent: {}
[1046.169694] (-) TimerEvent: {}
[1046.271435] (-) TimerEvent: {}
[1046.372641] (-) TimerEvent: {}
[1046.474141] (-) TimerEvent: {}
[1046.575906] (-) TimerEvent: {}
[1046.677598] (-) TimerEvent: {}
[1046.779536] (-) TimerEvent: {}
[1046.881068] (-) TimerEvent: {}
[1046.982614] (-) TimerEvent: {}
[1047.084284] (-) TimerEvent: {}
[1047.185675] (-) TimerEvent: {}
[1047.287151] (-) TimerEvent: {}
[1047.388849] (-) TimerEvent: {}
[1047.490309] (-) TimerEvent: {}
[1047.591851] (-) TimerEvent: {}
[1047.693351] (-) TimerEvent: {}
[1047.794792] (-) TimerEvent: {}
[1047.896305] (-) TimerEvent: {}
[1047.997950] (-) TimerEvent: {}
[1048.100208] (-) TimerEvent: {}
[1048.201725] (-) TimerEvent: {}
[1048.303322] (-) TimerEvent: {}
[1048.405593] (-) TimerEvent: {}
[1048.507141] (-) TimerEvent: {}
[1048.608717] (-) TimerEvent: {}
[1048.710516] (-) TimerEvent: {}
[1048.818622] (-) TimerEvent: {}
[1048.933175] (-) TimerEvent: {}
[1049.034909] (-) TimerEvent: {}
[1049.136455] (-) TimerEvent: {}
[1049.237850] (-) TimerEvent: {}
[1049.339398] (-) TimerEvent: {}
[1049.441155] (-) TimerEvent: {}
[1049.542493] (-) TimerEvent: {}
[1049.644264] (-) TimerEvent: {}
[1049.745830] (-) TimerEvent: {}
[1049.847771] (-) TimerEvent: {}
[1049.949619] (-) TimerEvent: {}
[1050.051859] (-) TimerEvent: {}
[1050.153367] (-) TimerEvent: {}
[1050.254955] (-) TimerEvent: {}
[1050.356704] (-) TimerEvent: {}
[1050.458857] (-) TimerEvent: {}
[1050.560225] (-) TimerEvent: {}
[1050.661671] (-) TimerEvent: {}
[1050.763218] (-) TimerEvent: {}
[1050.864800] (-) TimerEvent: {}
[1051.036694] (-) TimerEvent: {}
[1051.138381] (-) TimerEvent: {}
[1051.239952] (-) TimerEvent: {}
[1051.341536] (-) TimerEvent: {}
[1051.443278] (-) TimerEvent: {}
[1051.544805] (-) TimerEvent: {}
[1051.646500] (-) TimerEvent: {}
[1051.748141] (-) TimerEvent: {}
[1051.849811] (-) TimerEvent: {}
[1051.951297] (-) TimerEvent: {}
[1052.052815] (-) TimerEvent: {}
[1052.154190] (-) TimerEvent: {}
[1052.256036] (-) TimerEvent: {}
[1052.358308] (-) TimerEvent: {}
[1052.459977] (-) TimerEvent: {}
[1052.561541] (-) TimerEvent: {}
[1052.663299] (-) TimerEvent: {}
[1052.765644] (-) TimerEvent: {}
[1052.867033] (-) TimerEvent: {}
[1052.968819] (-) TimerEvent: {}
[1053.070150] (-) TimerEvent: {}
[1053.171790] (-) TimerEvent: {}
[1053.273450] (-) TimerEvent: {}
[1053.374957] (-) TimerEvent: {}
[1053.476444] (-) TimerEvent: {}
[1053.577828] (-) TimerEvent: {}
[1053.679896] (-) TimerEvent: {}
[1053.781681] (-) TimerEvent: {}
[1053.883154] (-) TimerEvent: {}
[1053.984757] (-) TimerEvent: {}
[1054.086518] (-) TimerEvent: {}
[1054.189401] (-) TimerEvent: {}
[1054.290958] (-) TimerEvent: {}
[1054.392495] (-) TimerEvent: {}
[1054.494824] (-) TimerEvent: {}
[1054.596447] (-) TimerEvent: {}
[1054.697928] (-) TimerEvent: {}
[1054.799503] (-) TimerEvent: {}
[1054.901034] (-) TimerEvent: {}
[1055.002447] (-) TimerEvent: {}
[1055.104028] (-) TimerEvent: {}
[1055.205613] (-) TimerEvent: {}
[1055.307332] (-) TimerEvent: {}
[1055.409014] (-) TimerEvent: {}
[1055.510639] (-) TimerEvent: {}
[1055.612253] (-) TimerEvent: {}
[1055.714019] (-) TimerEvent: {}
[1055.815598] (-) TimerEvent: {}
[1055.917489] (-) TimerEvent: {}
[1056.019125] (-) TimerEvent: {}
[1056.120816] (-) TimerEvent: {}
[1056.222261] (-) TimerEvent: {}
[1056.323835] (-) TimerEvent: {}
[1056.425274] (-) TimerEvent: {}
[1056.526831] (-) TimerEvent: {}
[1056.628512] (-) TimerEvent: {}
[1056.730041] (-) TimerEvent: {}
[1056.831253] (-) TimerEvent: {}
[1056.932905] (-) TimerEvent: {}
[1057.035092] (-) TimerEvent: {}
[1057.137454] (-) TimerEvent: {}
[1057.239274] (-) TimerEvent: {}
[1057.341985] (-) TimerEvent: {}
[1057.444378] (-) TimerEvent: {}
[1057.545831] (-) TimerEvent: {}
[1057.647458] (-) TimerEvent: {}
[1057.748966] (-) TimerEvent: {}
[1057.850397] (-) TimerEvent: {}
[1057.952125] (-) TimerEvent: {}
[1058.054480] (-) TimerEvent: {}
[1058.155973] (-) TimerEvent: {}
[1058.257437] (-) TimerEvent: {}
[1058.358812] (-) TimerEvent: {}
[1058.460410] (-) TimerEvent: {}
[1058.562986] (-) TimerEvent: {}
[1058.665464] (-) TimerEvent: {}
[1058.766983] (-) TimerEvent: {}
[1058.868857] (-) TimerEvent: {}
[1058.970327] (-) TimerEvent: {}
[1059.071844] (-) TimerEvent: {}
[1059.173192] (-) TimerEvent: {}
[1059.275604] (-) TimerEvent: {}
[1059.377195] (-) TimerEvent: {}
[1059.478906] (-) TimerEvent: {}
[1059.581568] (-) TimerEvent: {}
[1059.683314] (-) TimerEvent: {}
[1059.784725] (-) TimerEvent: {}
[1059.886392] (-) TimerEvent: {}
[1059.987943] (-) TimerEvent: {}
[1060.089412] (-) TimerEvent: {}
[1060.191011] (-) TimerEvent: {}
[1060.292873] (-) TimerEvent: {}
[1060.394477] (-) TimerEvent: {}
[1060.496167] (-) TimerEvent: {}
[1060.598291] (-) TimerEvent: {}
[1060.699955] (-) TimerEvent: {}
[1060.801376] (-) TimerEvent: {}
[1060.902857] (-) TimerEvent: {}
[1061.004498] (-) TimerEvent: {}
[1061.106114] (-) TimerEvent: {}
[1061.207820] (-) TimerEvent: {}
[1061.309317] (-) TimerEvent: {}
[1061.410888] (-) TimerEvent: {}
[1061.512546] (-) TimerEvent: {}
[1061.613922] (-) TimerEvent: {}
[1061.715463] (-) TimerEvent: {}
[1061.816851] (-) TimerEvent: {}
[1061.918766] (-) TimerEvent: {}
[1062.020541] (-) TimerEvent: {}
[1062.122127] (-) TimerEvent: {}
[1062.223753] (-) TimerEvent: {}
[1062.325566] (-) TimerEvent: {}
[1062.427658] (-) TimerEvent: {}
[1062.529078] (-) TimerEvent: {}
[1062.630698] (-) TimerEvent: {}
[1062.732436] (-) TimerEvent: {}
[1062.833875] (-) TimerEvent: {}
[1062.935289] (-) TimerEvent: {}
[1063.036882] (-) TimerEvent: {}
[1063.138338] (-) TimerEvent: {}
[1063.240283] (-) TimerEvent: {}
[1063.342803] (-) TimerEvent: {}
[1063.444293] (-) TimerEvent: {}
[1063.545820] (-) TimerEvent: {}
[1063.647674] (-) TimerEvent: {}
[1063.749114] (-) TimerEvent: {}
[1063.850777] (-) TimerEvent: {}
[1063.952556] (-) TimerEvent: {}
[1064.054835] (-) TimerEvent: {}
[1064.157333] (-) TimerEvent: {}
[1064.258819] (-) TimerEvent: {}
[1064.360440] (-) TimerEvent: {}
[1064.462369] (-) TimerEvent: {}
[1064.564080] (-) TimerEvent: {}
[1064.665472] (-) TimerEvent: {}
[1064.766816] (-) TimerEvent: {}
[1064.868397] (-) TimerEvent: {}
[1064.969843] (-) TimerEvent: {}
[1065.071235] (-) TimerEvent: {}
[1065.172972] (-) TimerEvent: {}
[1065.274433] (-) TimerEvent: {}
[1065.375743] (-) TimerEvent: {}
[1065.477336] (-) TimerEvent: {}
[1065.578950] (-) TimerEvent: {}
[1065.680543] (-) TimerEvent: {}
[1065.782112] (-) TimerEvent: {}
[1065.883716] (-) TimerEvent: {}
[1065.985201] (-) TimerEvent: {}
[1066.086598] (-) TimerEvent: {}
[1066.188352] (-) TimerEvent: {}
[1066.289808] (-) TimerEvent: {}
[1066.391645] (-) TimerEvent: {}
[1066.493604] (-) TimerEvent: {}
[1066.595053] (-) TimerEvent: {}
[1066.697133] (-) TimerEvent: {}
[1066.799473] (-) TimerEvent: {}
[1066.901646] (-) TimerEvent: {}
[1067.003006] (-) TimerEvent: {}
[1067.104638] (-) TimerEvent: {}
[1067.206005] (-) TimerEvent: {}
[1067.307909] (-) TimerEvent: {}
[1067.409473] (-) TimerEvent: {}
[1067.511173] (-) TimerEvent: {}
[1067.612779] (-) TimerEvent: {}
[1067.714208] (-) TimerEvent: {}
[1067.815761] (-) TimerEvent: {}
[1067.917422] (-) TimerEvent: {}
[1068.018907] (-) TimerEvent: {}
[1068.120601] (-) TimerEvent: {}
[1068.222115] (-) TimerEvent: {}
[1068.323680] (-) TimerEvent: {}
[1068.425167] (-) TimerEvent: {}
[1068.526585] (-) TimerEvent: {}
[1068.628263] (-) TimerEvent: {}
[1068.729918] (-) TimerEvent: {}
[1068.831594] (-) TimerEvent: {}
[1068.933371] (-) TimerEvent: {}
[1069.034923] (-) TimerEvent: {}
[1069.136570] (-) TimerEvent: {}
[1069.238407] (-) TimerEvent: {}
[1069.340014] (-) TimerEvent: {}
[1069.441486] (-) TimerEvent: {}
[1069.542985] (-) TimerEvent: {}
[1069.644646] (-) TimerEvent: {}
[1069.746471] (-) TimerEvent: {}
[1069.848178] (-) TimerEvent: {}
[1069.949632] (-) TimerEvent: {}
[1070.051142] (-) TimerEvent: {}
[1070.154338] (-) TimerEvent: {}
[1070.257064] (-) TimerEvent: {}
[1070.358731] (-) TimerEvent: {}
[1070.461329] (-) TimerEvent: {}
[1070.564664] (-) TimerEvent: {}
[1070.666382] (-) TimerEvent: {}
[1070.768153] (-) TimerEvent: {}
[1070.870275] (-) TimerEvent: {}
[1070.972126] (-) TimerEvent: {}
[1071.073653] (-) TimerEvent: {}
[1071.175113] (-) TimerEvent: {}
[1071.276763] (-) TimerEvent: {}
[1071.378253] (-) TimerEvent: {}
[1071.479980] (-) TimerEvent: {}
[1071.581405] (-) TimerEvent: {}
[1071.682724] (-) TimerEvent: {}
[1071.784295] (-) TimerEvent: {}
[1071.885970] (-) TimerEvent: {}
[1071.987544] (-) TimerEvent: {}
[1072.089112] (-) TimerEvent: {}
[1072.190649] (-) TimerEvent: {}
[1072.292249] (-) TimerEvent: {}
[1072.393903] (-) TimerEvent: {}
[1072.495612] (-) TimerEvent: {}
[1072.597134] (-) TimerEvent: {}
[1072.698807] (-) TimerEvent: {}
[1072.801032] (-) TimerEvent: {}
[1072.903180] (-) TimerEvent: {}
[1073.005129] (-) TimerEvent: {}
[1073.106937] (-) TimerEvent: {}
[1073.208710] (-) TimerEvent: {}
[1073.310080] (-) TimerEvent: {}
[1073.411754] (-) TimerEvent: {}
[1073.513417] (-) TimerEvent: {}
[1073.614960] (-) TimerEvent: {}
[1073.716788] (-) TimerEvent: {}
[1073.818397] (-) TimerEvent: {}
[1073.919982] (-) TimerEvent: {}
[1074.021592] (-) TimerEvent: {}
[1074.123307] (-) TimerEvent: {}
[1074.225116] (-) TimerEvent: {}
[1074.326724] (-) TimerEvent: {}
[1074.428626] (-) TimerEvent: {}
[1074.530568] (-) TimerEvent: {}
[1074.632590] (-) TimerEvent: {}
[1074.734080] (-) TimerEvent: {}
[1074.835529] (-) TimerEvent: {}
[1074.937412] (-) TimerEvent: {}
[1075.039040] (-) TimerEvent: {}
[1075.140694] (-) TimerEvent: {}
[1075.242394] (-) TimerEvent: {}
[1075.343999] (-) TimerEvent: {}
[1075.445570] (-) TimerEvent: {}
[1075.547247] (-) TimerEvent: {}
[1075.649257] (-) TimerEvent: {}
[1075.751684] (-) TimerEvent: {}
[1075.868238] (-) TimerEvent: {}
[1075.970398] (-) TimerEvent: {}
[1076.072642] (-) TimerEvent: {}
[1076.174378] (-) TimerEvent: {}
[1076.277227] (-) TimerEvent: {}
[1076.379076] (-) TimerEvent: {}
[1076.480621] (-) TimerEvent: {}
[1076.582198] (-) TimerEvent: {}
[1076.683962] (-) TimerEvent: {}
[1076.785960] (-) TimerEvent: {}
[1076.887705] (-) TimerEvent: {}
[1076.989312] (-) TimerEvent: {}
[1077.091034] (-) TimerEvent: {}
[1077.192637] (-) TimerEvent: {}
[1077.294091] (-) TimerEvent: {}
[1077.395661] (-) TimerEvent: {}
[1077.497569] (-) TimerEvent: {}
[1077.598941] (-) TimerEvent: {}
[1077.700707] (-) TimerEvent: {}
[1077.802045] (-) TimerEvent: {}
[1077.903640] (-) TimerEvent: {}
[1078.005198] (-) TimerEvent: {}
[1078.107473] (-) TimerEvent: {}
[1078.209752] (-) TimerEvent: {}
[1078.311805] (-) TimerEvent: {}
[1078.413828] (-) TimerEvent: {}
[1078.516329] (-) TimerEvent: {}
[1078.618102] (-) TimerEvent: {}
[1078.720670] (-) TimerEvent: {}
[1078.822403] (-) TimerEvent: {}
[1078.929050] (-) TimerEvent: {}
[1079.046413] (-) TimerEvent: {}
[1079.147956] (-) TimerEvent: {}
[1079.249554] (-) TimerEvent: {}
[1079.351029] (-) TimerEvent: {}
[1079.452564] (-) TimerEvent: {}
[1079.553839] (-) TimerEvent: {}
[1079.655268] (-) TimerEvent: {}
[1079.757753] (-) TimerEvent: {}
[1079.859472] (-) TimerEvent: {}
[1079.961126] (-) TimerEvent: {}
[1080.062720] (-) TimerEvent: {}
[1080.163969] (-) TimerEvent: {}
[1080.265638] (-) TimerEvent: {}
[1080.367676] (-) TimerEvent: {}
[1080.469513] (-) TimerEvent: {}
[1080.571138] (-) TimerEvent: {}
[1080.672838] (-) TimerEvent: {}
[1080.774680] (-) TimerEvent: {}
[1080.877075] (-) TimerEvent: {}
[1080.978709] (-) TimerEvent: {}
[1081.080468] (-) TimerEvent: {}
[1081.182226] (-) TimerEvent: {}
[1081.284096] (-) TimerEvent: {}
[1081.385873] (-) TimerEvent: {}
[1081.488264] (-) TimerEvent: {}
[1081.589902] (-) TimerEvent: {}
[1081.692589] (-) TimerEvent: {}
[1081.794139] (-) TimerEvent: {}
[1081.895695] (-) TimerEvent: {}
[1081.997226] (-) TimerEvent: {}
[1082.098975] (-) TimerEvent: {}
[1082.201174] (-) TimerEvent: {}
[1082.302781] (-) TimerEvent: {}
[1082.404299] (-) TimerEvent: {}
[1082.505749] (-) TimerEvent: {}
[1082.607196] (-) TimerEvent: {}
[1082.708491] (-) TimerEvent: {}
[1082.809931] (-) TimerEvent: {}
[1082.911336] (-) TimerEvent: {}
[1083.012697] (-) TimerEvent: {}
[1083.114359] (-) TimerEvent: {}
[1083.215980] (-) TimerEvent: {}
[1083.317518] (-) TimerEvent: {}
[1083.419113] (-) TimerEvent: {}
[1083.520618] (-) TimerEvent: {}
[1083.621973] (-) TimerEvent: {}
[1083.723477] (-) TimerEvent: {}
[1083.824935] (-) TimerEvent: {}
[1083.926136] (-) TimerEvent: {}
[1084.027849] (-) TimerEvent: {}
[1084.129636] (-) TimerEvent: {}
[1084.231584] (-) TimerEvent: {}
[1084.333701] (-) TimerEvent: {}
[1084.435261] (-) TimerEvent: {}
[1084.536912] (-) TimerEvent: {}
[1084.638377] (-) TimerEvent: {}
[1084.739997] (-) TimerEvent: {}
[1084.841513] (-) TimerEvent: {}
[1084.943127] (-) TimerEvent: {}
[1085.044848] (-) TimerEvent: {}
[1085.146362] (-) TimerEvent: {}
[1085.247867] (-) TimerEvent: {}
[1085.349365] (-) TimerEvent: {}
[1085.451037] (-) TimerEvent: {}
[1085.552821] (-) TimerEvent: {}
[1085.654394] (-) TimerEvent: {}
[1085.756112] (-) TimerEvent: {}
[1085.858151] (-) TimerEvent: {}
[1085.959715] (-) TimerEvent: {}
[1086.061339] (-) TimerEvent: {}
[1086.163054] (-) TimerEvent: {}
[1086.264622] (-) TimerEvent: {}
[1086.366521] (-) TimerEvent: {}
[1086.468178] (-) TimerEvent: {}
[1086.569686] (-) TimerEvent: {}
[1086.671950] (-) TimerEvent: {}
[1086.773610] (-) TimerEvent: {}
[1086.875170] (-) TimerEvent: {}
[1086.976709] (-) TimerEvent: {}
[1087.078034] (-) TimerEvent: {}
[1087.180024] (-) TimerEvent: {}
[1087.281605] (-) TimerEvent: {}
[1087.383060] (-) TimerEvent: {}
[1087.484743] (-) TimerEvent: {}
[1087.586311] (-) TimerEvent: {}
[1087.687851] (-) TimerEvent: {}
[1087.789237] (-) TimerEvent: {}
[1087.890699] (-) TimerEvent: {}
[1087.992263] (-) TimerEvent: {}
[1088.093716] (-) TimerEvent: {}
[1088.195557] (-) TimerEvent: {}
[1088.297234] (-) TimerEvent: {}
[1088.398722] (-) TimerEvent: {}
[1088.500025] (-) TimerEvent: {}
[1088.601665] (-) TimerEvent: {}
[1088.703558] (-) TimerEvent: {}
[1088.805122] (-) TimerEvent: {}
[1088.906694] (-) TimerEvent: {}
[1089.008051] (-) TimerEvent: {}
[1089.109558] (-) TimerEvent: {}
[1089.211252] (-) TimerEvent: {}
[1089.312823] (-) TimerEvent: {}
[1089.414403] (-) TimerEvent: {}
[1089.516400] (-) TimerEvent: {}
[1089.618259] (-) TimerEvent: {}
[1089.720016] (-) TimerEvent: {}
[1089.821910] (-) TimerEvent: {}
[1089.924335] (-) TimerEvent: {}
[1090.025915] (-) TimerEvent: {}
[1090.127272] (-) TimerEvent: {}
[1090.229141] (-) TimerEvent: {}
[1090.331614] (-) TimerEvent: {}
[1090.433204] (-) TimerEvent: {}
[1090.535119] (-) TimerEvent: {}
[1090.636692] (-) TimerEvent: {}
[1090.738098] (-) TimerEvent: {}
[1090.839755] (-) TimerEvent: {}
[1090.941257] (-) TimerEvent: {}
[1091.042622] (-) TimerEvent: {}
[1091.144335] (-) TimerEvent: {}
[1091.246174] (-) TimerEvent: {}
[1091.347702] (-) TimerEvent: {}
[1091.510471] (-) TimerEvent: {}
[1091.612099] (-) TimerEvent: {}
[1091.713768] (-) TimerEvent: {}
[1091.815389] (-) TimerEvent: {}
[1091.917018] (-) TimerEvent: {}
[1092.018569] (-) TimerEvent: {}
[1092.120387] (-) TimerEvent: {}
[1092.222279] (-) TimerEvent: {}
[1092.323971] (-) TimerEvent: {}
[1092.425644] (-) TimerEvent: {}
[1092.527322] (-) TimerEvent: {}
[1092.628943] (-) TimerEvent: {}
[1092.730493] (-) TimerEvent: {}
[1092.833136] (-) TimerEvent: {}
[1092.934575] (-) TimerEvent: {}
[1093.036238] (-) TimerEvent: {}
[1093.137780] (-) TimerEvent: {}
[1093.239037] (-) TimerEvent: {}
[1093.340865] (-) TimerEvent: {}
[1093.442407] (-) TimerEvent: {}
[1093.543983] (-) TimerEvent: {}
[1093.645620] (-) TimerEvent: {}
[1093.746927] (-) TimerEvent: {}
[1093.848720] (-) TimerEvent: {}
[1093.950206] (-) TimerEvent: {}
[1094.051676] (-) TimerEvent: {}
[1094.153188] (-) TimerEvent: {}
[1094.254987] (-) TimerEvent: {}
[1094.357552] (-) TimerEvent: {}
[1094.459957] (-) TimerEvent: {}
[1094.561438] (-) TimerEvent: {}
[1094.663050] (-) TimerEvent: {}
[1094.765588] (-) TimerEvent: {}
[1094.867583] (-) TimerEvent: {}
[1094.969232] (-) TimerEvent: {}
[1095.070805] (-) TimerEvent: {}
[1095.172624] (-) TimerEvent: {}
[1095.274179] (-) TimerEvent: {}
[1095.375691] (-) TimerEvent: {}
[1095.477342] (-) TimerEvent: {}
[1095.578985] (-) TimerEvent: {}
[1095.680556] (-) TimerEvent: {}
[1095.782053] (-) TimerEvent: {}
[1095.883644] (-) TimerEvent: {}
[1095.985260] (-) TimerEvent: {}
[1096.086936] (-) TimerEvent: {}
[1096.188542] (-) TimerEvent: {}
[1096.290550] (-) TimerEvent: {}
[1096.392125] (-) TimerEvent: {}
[1096.493707] (-) TimerEvent: {}
[1096.595313] (-) TimerEvent: {}
[1096.697179] (-) TimerEvent: {}
[1096.798673] (-) TimerEvent: {}
[1096.900522] (-) TimerEvent: {}
[1097.001878] (-) TimerEvent: {}
[1097.103373] (-) TimerEvent: {}
[1097.204891] (-) TimerEvent: {}
[1097.306407] (-) TimerEvent: {}
[1097.408004] (-) TimerEvent: {}
[1097.509405] (-) TimerEvent: {}
[1097.610938] (-) TimerEvent: {}
[1097.712486] (-) TimerEvent: {}
[1097.814111] (-) TimerEvent: {}
[1097.915810] (-) TimerEvent: {}
[1098.018089] (-) TimerEvent: {}
[1098.119565] (-) TimerEvent: {}
[1098.221160] (-) TimerEvent: {}
[1098.322863] (-) TimerEvent: {}
[1098.424382] (-) TimerEvent: {}
[1098.525558] (-) TimerEvent: {}
[1098.627199] (-) TimerEvent: {}
[1098.728558] (-) TimerEvent: {}
[1098.830329] (-) TimerEvent: {}
[1098.931900] (-) TimerEvent: {}
[1099.033373] (-) TimerEvent: {}
[1099.134877] (-) TimerEvent: {}
[1099.236567] (-) TimerEvent: {}
[1099.338255] (-) TimerEvent: {}
[1099.439776] (-) TimerEvent: {}
[1099.541508] (-) TimerEvent: {}
[1099.643038] (-) TimerEvent: {}
[1099.744929] (-) TimerEvent: {}
[1099.847250] (-) TimerEvent: {}
[1099.948838] (-) TimerEvent: {}
[1100.050236] (-) TimerEvent: {}
[1100.152012] (-) TimerEvent: {}
[1100.254015] (-) TimerEvent: {}
[1100.355672] (-) TimerEvent: {}
[1100.457255] (-) TimerEvent: {}
[1100.558782] (-) TimerEvent: {}
[1100.660433] (-) TimerEvent: {}
[1100.761932] (-) TimerEvent: {}
[1100.863677] (-) TimerEvent: {}
[1100.965421] (-) TimerEvent: {}
[1101.066862] (-) TimerEvent: {}
[1101.168658] (-) TimerEvent: {}
[1101.271223] (-) TimerEvent: {}
[1101.373766] (-) TimerEvent: {}
[1101.475249] (-) TimerEvent: {}
[1101.577174] (-) TimerEvent: {}
[1101.678919] (-) TimerEvent: {}
[1101.780601] (-) TimerEvent: {}
[1101.882638] (-) TimerEvent: {}
[1101.985322] (-) TimerEvent: {}
[1102.086923] (-) TimerEvent: {}
[1102.188506] (-) TimerEvent: {}
[1102.290083] (-) TimerEvent: {}
[1102.392837] (-) TimerEvent: {}
[1102.495382] (-) TimerEvent: {}
[1102.597007] (-) TimerEvent: {}
[1102.698513] (-) TimerEvent: {}
[1102.800137] (-) TimerEvent: {}
[1102.901677] (-) TimerEvent: {}
[1103.003238] (-) TimerEvent: {}
[1103.104795] (-) TimerEvent: {}
[1103.206088] (-) TimerEvent: {}
[1103.307832] (-) TimerEvent: {}
[1103.409526] (-) TimerEvent: {}
[1103.511084] (-) TimerEvent: {}
[1103.612871] (-) TimerEvent: {}
[1103.715540] (-) TimerEvent: {}
[1103.819115] (-) TimerEvent: {}
[1103.920739] (-) TimerEvent: {}
[1104.022258] (-) TimerEvent: {}
[1104.123731] (-) TimerEvent: {}
[1104.225325] (-) TimerEvent: {}
[1104.326867] (-) TimerEvent: {}
[1104.428756] (-) TimerEvent: {}
[1104.530451] (-) TimerEvent: {}
[1104.632242] (-) TimerEvent: {}
[1104.733651] (-) TimerEvent: {}
[1104.835373] (-) TimerEvent: {}
[1104.937364] (-) TimerEvent: {}
[1105.038829] (-) TimerEvent: {}
[1105.140348] (-) TimerEvent: {}
[1105.241837] (-) TimerEvent: {}
[1105.343266] (-) TimerEvent: {}
[1105.445059] (-) TimerEvent: {}
[1105.547060] (-) TimerEvent: {}
[1105.648594] (-) TimerEvent: {}
[1105.750138] (-) TimerEvent: {}
[1105.852027] (-) TimerEvent: {}
[1105.953561] (-) TimerEvent: {}
[1106.055529] (-) TimerEvent: {}
[1106.157279] (-) TimerEvent: {}
[1106.259046] (-) TimerEvent: {}
[1106.361199] (-) TimerEvent: {}
[1106.462832] (-) TimerEvent: {}
[1106.564396] (-) TimerEvent: {}
[1106.665802] (-) TimerEvent: {}
[1106.767362] (-) TimerEvent: {}
[1106.869125] (-) TimerEvent: {}
[1106.970778] (-) TimerEvent: {}
[1107.073339] (-) TimerEvent: {}
[1107.174781] (-) TimerEvent: {}
[1107.276457] (-) TimerEvent: {}
[1107.378089] (-) TimerEvent: {}
[1107.479689] (-) TimerEvent: {}
[1107.581315] (-) TimerEvent: {}
[1107.682721] (-) TimerEvent: {}
[1107.784293] (-) TimerEvent: {}
[1107.885695] (-) TimerEvent: {}
[1107.987195] (-) TimerEvent: {}
[1108.088878] (-) TimerEvent: {}
[1108.190584] (-) TimerEvent: {}
[1108.292337] (-) TimerEvent: {}
[1108.394002] (-) TimerEvent: {}
[1108.495629] (-) TimerEvent: {}
[1108.597196] (-) TimerEvent: {}
[1108.698937] (-) TimerEvent: {}
[1108.800622] (-) TimerEvent: {}
[1108.902139] (-) TimerEvent: {}
[1109.012961] (-) TimerEvent: {}
[1109.133771] (-) TimerEvent: {}
[1109.235238] (-) TimerEvent: {}
[1109.337199] (-) TimerEvent: {}
[1109.438694] (-) TimerEvent: {}
[1109.540206] (-) TimerEvent: {}
[1109.641598] (-) TimerEvent: {}
[1109.743531] (-) TimerEvent: {}
[1109.846195] (-) TimerEvent: {}
[1109.947717] (-) TimerEvent: {}
[1110.049428] (-) TimerEvent: {}
[1110.151073] (-) TimerEvent: {}
[1110.252849] (-) TimerEvent: {}
[1110.354432] (-) TimerEvent: {}
[1110.456216] (-) TimerEvent: {}
[1110.557899] (-) TimerEvent: {}
[1110.659384] (-) TimerEvent: {}
[1110.761166] (-) TimerEvent: {}
[1110.862700] (-) TimerEvent: {}
[1110.964295] (-) TimerEvent: {}
[1111.065912] (-) TimerEvent: {}
[1111.167649] (-) TimerEvent: {}
[1111.269809] (-) TimerEvent: {}
[1111.371618] (-) TimerEvent: {}
[1111.472970] (-) TimerEvent: {}
[1111.574764] (-) TimerEvent: {}
[1111.676644] (-) TimerEvent: {}
[1111.778271] (-) TimerEvent: {}
[1111.879993] (-) TimerEvent: {}
[1111.981761] (-) TimerEvent: {}
[1112.084455] (-) TimerEvent: {}
[1112.186451] (-) TimerEvent: {}
[1112.288329] (-) TimerEvent: {}
[1112.390626] (-) TimerEvent: {}
[1112.492298] (-) TimerEvent: {}
[1112.593814] (-) TimerEvent: {}
[1112.695689] (-) TimerEvent: {}
[1112.797043] (-) TimerEvent: {}
[1112.898735] (-) TimerEvent: {}
[1113.001524] (-) TimerEvent: {}
[1113.103337] (-) TimerEvent: {}
[1113.205050] (-) TimerEvent: {}
[1113.306656] (-) TimerEvent: {}
[1113.408644] (-) TimerEvent: {}
[1113.510263] (-) TimerEvent: {}
[1113.612577] (-) TimerEvent: {}
[1113.714087] (-) TimerEvent: {}
[1113.815897] (-) TimerEvent: {}
[1113.918169] (-) TimerEvent: {}
[1114.019753] (-) TimerEvent: {}
[1114.121220] (-) TimerEvent: {}
[1114.222574] (-) TimerEvent: {}
[1114.324000] (-) TimerEvent: {}
[1114.425394] (-) TimerEvent: {}
[1114.526755] (-) TimerEvent: {}
[1114.628628] (-) TimerEvent: {}
[1114.730467] (-) TimerEvent: {}
[1114.832403] (-) TimerEvent: {}
[1114.934305] (-) TimerEvent: {}
[1115.035936] (-) TimerEvent: {}
[1115.138541] (-) TimerEvent: {}
[1115.240233] (-) TimerEvent: {}
[1115.341849] (-) TimerEvent: {}
[1115.443331] (-) TimerEvent: {}
[1115.545072] (-) TimerEvent: {}
[1115.647711] (-) TimerEvent: {}
[1115.749276] (-) TimerEvent: {}
[1115.850857] (-) TimerEvent: {}
[1115.952416] (-) TimerEvent: {}
[1116.054014] (-) TimerEvent: {}
[1116.155641] (-) TimerEvent: {}
[1116.257218] (-) TimerEvent: {}
[1116.358962] (-) TimerEvent: {}
[1116.460996] (-) TimerEvent: {}
[1116.562679] (-) TimerEvent: {}
[1116.664628] (-) TimerEvent: {}
[1116.767938] (-) TimerEvent: {}
[1116.869375] (-) TimerEvent: {}
[1116.970810] (-) TimerEvent: {}
[1117.072663] (-) TimerEvent: {}
[1117.174301] (-) TimerEvent: {}
[1117.275647] (-) TimerEvent: {}
[1117.376864] (-) TimerEvent: {}
[1117.478763] (-) TimerEvent: {}
[1117.580539] (-) TimerEvent: {}
[1117.682184] (-) TimerEvent: {}
[1117.783792] (-) TimerEvent: {}
[1117.885465] (-) TimerEvent: {}
[1117.987452] (-) TimerEvent: {}
[1118.089411] (-) TimerEvent: {}
[1118.190821] (-) TimerEvent: {}
[1118.292481] (-) TimerEvent: {}
[1118.394400] (-) TimerEvent: {}
[1118.496531] (-) TimerEvent: {}
[1118.598585] (-) TimerEvent: {}
[1118.700561] (-) TimerEvent: {}
[1118.802116] (-) TimerEvent: {}
[1118.903684] (-) TimerEvent: {}
[1119.004982] (-) TimerEvent: {}
[1119.106683] (-) TimerEvent: {}
[1119.208218] (-) TimerEvent: {}
[1119.310003] (-) TimerEvent: {}
[1119.411696] (-) TimerEvent: {}
[1119.513440] (-) TimerEvent: {}
[1119.615108] (-) TimerEvent: {}
[1119.716645] (-) TimerEvent: {}
[1119.818307] (-) TimerEvent: {}
[1119.919915] (-) TimerEvent: {}
[1120.021579] (-) TimerEvent: {}
[1120.123176] (-) TimerEvent: {}
[1120.224860] (-) TimerEvent: {}
[1120.326387] (-) TimerEvent: {}
[1120.427991] (-) TimerEvent: {}
[1120.530002] (-) TimerEvent: {}
[1120.631533] (-) TimerEvent: {}
[1120.733145] (-) TimerEvent: {}
[1120.834819] (-) TimerEvent: {}
[1120.936352] (-) TimerEvent: {}
[1121.037960] (-) TimerEvent: {}
[1121.139535] (-) TimerEvent: {}
[1121.241179] (-) TimerEvent: {}
[1121.342839] (-) TimerEvent: {}
[1121.444626] (-) TimerEvent: {}
[1121.546361] (-) TimerEvent: {}
[1121.647935] (-) TimerEvent: {}
[1121.749533] (-) TimerEvent: {}
[1122.155828] (-) TimerEvent: {}
[1122.257809] (-) TimerEvent: {}
[1122.359821] (-) TimerEvent: {}
[1122.461415] (-) TimerEvent: {}
[1122.563348] (-) TimerEvent: {}
[1122.664864] (-) TimerEvent: {}
[1122.766807] (-) TimerEvent: {}
[1122.868542] (-) TimerEvent: {}
[1122.970671] (-) TimerEvent: {}
[1123.072570] (-) TimerEvent: {}
[1123.174209] (-) TimerEvent: {}
[1123.275929] (-) TimerEvent: {}
[1123.377393] (-) TimerEvent: {}
[1123.479171] (-) TimerEvent: {}
[1123.580713] (-) TimerEvent: {}
[1123.682305] (-) TimerEvent: {}
[1123.784259] (-) TimerEvent: {}
[1123.885811] (-) TimerEvent: {}
[1123.987257] (-) TimerEvent: {}
[1124.088921] (-) TimerEvent: {}
[1124.190384] (-) TimerEvent: {}
[1124.292150] (-) TimerEvent: {}
[1124.394966] (-) TimerEvent: {}
[1124.496666] (-) TimerEvent: {}
[1124.598423] (-) TimerEvent: {}
[1124.700845] (-) TimerEvent: {}
[1124.802353] (-) TimerEvent: {}
[1124.903991] (-) TimerEvent: {}
[1125.005789] (-) TimerEvent: {}
[1125.107202] (-) TimerEvent: {}
[1125.208805] (-) TimerEvent: {}
[1125.310276] (-) TimerEvent: {}
[1125.412167] (-) TimerEvent: {}
[1125.513691] (-) TimerEvent: {}
[1125.615093] (-) TimerEvent: {}
[1125.716678] (-) TimerEvent: {}
[1125.818167] (-) TimerEvent: {}
[1125.919631] (-) TimerEvent: {}
[1126.021430] (-) TimerEvent: {}
[1126.124367] (-) TimerEvent: {}
[1126.227259] (-) TimerEvent: {}
[1126.330041] (-) TimerEvent: {}
[1126.431612] (-) TimerEvent: {}
[1126.533373] (-) TimerEvent: {}
[1126.635322] (-) TimerEvent: {}
[1126.736940] (-) TimerEvent: {}
[1126.838375] (-) TimerEvent: {}
[1126.939818] (-) TimerEvent: {}
[1127.041326] (-) TimerEvent: {}
[1127.142893] (-) TimerEvent: {}
[1127.244596] (-) TimerEvent: {}
[1127.345772] (-) TimerEvent: {}
[1127.447306] (-) TimerEvent: {}
[1127.549576] (-) TimerEvent: {}
[1127.651962] (-) TimerEvent: {}
[1127.753799] (-) TimerEvent: {}
[1127.855937] (-) TimerEvent: {}
[1127.957472] (-) TimerEvent: {}
[1128.059084] (-) TimerEvent: {}
[1128.161042] (-) TimerEvent: {}
[1128.262590] (-) TimerEvent: {}
[1128.364184] (-) TimerEvent: {}
[1128.465867] (-) TimerEvent: {}
[1128.567361] (-) TimerEvent: {}
[1128.668960] (-) TimerEvent: {}
[1128.770421] (-) TimerEvent: {}
[1128.872238] (-) TimerEvent: {}
[1128.973761] (-) TimerEvent: {}
[1129.075256] (-) TimerEvent: {}
[1129.176939] (-) TimerEvent: {}
[1129.278428] (-) TimerEvent: {}
[1129.379993] (-) TimerEvent: {}
[1129.481717] (-) TimerEvent: {}
[1129.584293] (-) TimerEvent: {}
[1129.685930] (-) TimerEvent: {}
[1129.787562] (-) TimerEvent: {}
[1129.888773] (-) TimerEvent: {}
[1129.991379] (-) TimerEvent: {}
[1130.094677] (-) TimerEvent: {}
[1130.196265] (-) TimerEvent: {}
[1130.297894] (-) TimerEvent: {}
[1130.399390] (-) TimerEvent: {}
[1130.501165] (-) TimerEvent: {}
[1130.602788] (-) TimerEvent: {}
[1130.704495] (-) TimerEvent: {}
[1130.806211] (-) TimerEvent: {}
[1130.907913] (-) TimerEvent: {}
[1131.009464] (-) TimerEvent: {}
[1131.111056] (-) TimerEvent: {}
[1131.212779] (-) TimerEvent: {}
[1131.314321] (-) TimerEvent: {}
[1131.415932] (-) TimerEvent: {}
[1131.517536] (-) TimerEvent: {}
[1131.618981] (-) TimerEvent: {}
[1131.720736] (-) TimerEvent: {}
[1131.823160] (-) TimerEvent: {}
[1131.925449] (-) TimerEvent: {}
[1132.027852] (-) TimerEvent: {}
[1132.130591] (-) TimerEvent: {}
[1132.233238] (-) TimerEvent: {}
[1132.335712] (-) TimerEvent: {}
[1132.437359] (-) TimerEvent: {}
[1132.539087] (-) TimerEvent: {}
[1132.641074] (-) TimerEvent: {}
[1132.743214] (-) TimerEvent: {}
[1132.844884] (-) TimerEvent: {}
[1132.946855] (-) TimerEvent: {}
[1133.048652] (-) TimerEvent: {}
[1133.150627] (-) TimerEvent: {}
[1133.252044] (-) TimerEvent: {}
[1133.353429] (-) TimerEvent: {}
[1133.455169] (-) TimerEvent: {}
[1133.557714] (-) TimerEvent: {}
[1133.660208] (-) TimerEvent: {}
[1133.761440] (-) TimerEvent: {}
[1133.863351] (-) TimerEvent: {}
[1133.965407] (-) TimerEvent: {}
[1134.067061] (-) TimerEvent: {}
[1134.168983] (-) TimerEvent: {}
[1134.270855] (-) TimerEvent: {}
[1134.373192] (-) TimerEvent: {}
[1134.475372] (-) TimerEvent: {}
[1134.576905] (-) TimerEvent: {}
[1134.678570] (-) TimerEvent: {}
[1134.779954] (-) TimerEvent: {}
[1134.881616] (-) TimerEvent: {}
[1134.983366] (-) TimerEvent: {}
[1135.085887] (-) TimerEvent: {}
[1135.187387] (-) TimerEvent: {}
[1135.289159] (-) TimerEvent: {}
[1135.391365] (-) TimerEvent: {}
[1135.492879] (-) TimerEvent: {}
[1135.594575] (-) TimerEvent: {}
[1135.696228] (-) TimerEvent: {}
[1135.797859] (-) TimerEvent: {}
[1135.899534] (-) TimerEvent: {}
[1136.001145] (-) TimerEvent: {}
[1136.102595] (-) TimerEvent: {}
[1136.204077] (-) TimerEvent: {}
[1136.305654] (-) TimerEvent: {}
[1136.408080] (-) TimerEvent: {}
[1136.509324] (-) TimerEvent: {}
[1136.611078] (-) TimerEvent: {}
[1136.713008] (-) TimerEvent: {}
[1136.814750] (-) TimerEvent: {}
[1136.916424] (-) TimerEvent: {}
[1137.018018] (-) TimerEvent: {}
[1137.119511] (-) TimerEvent: {}
[1137.220922] (-) TimerEvent: {}
[1137.322616] (-) TimerEvent: {}
[1137.424085] (-) TimerEvent: {}
[1137.525605] (-) TimerEvent: {}
[1137.627152] (-) TimerEvent: {}
[1137.729668] (-) TimerEvent: {}
[1137.831210] (-) TimerEvent: {}
[1137.932525] (-) TimerEvent: {}
[1138.034381] (-) TimerEvent: {}
[1138.136115] (-) TimerEvent: {}
[1138.237828] (-) TimerEvent: {}
[1138.339535] (-) TimerEvent: {}
[1138.441148] (-) TimerEvent: {}
[1138.542717] (-) TimerEvent: {}
[1138.645019] (-) TimerEvent: {}
[1138.746787] (-) TimerEvent: {}
[1138.848834] (-) TimerEvent: {}
[1138.950632] (-) TimerEvent: {}
[1139.052391] (-) TimerEvent: {}
[1139.154345] (-) TimerEvent: {}
[1139.458840] (-) TimerEvent: {}
[1139.560856] (-) TimerEvent: {}
[1139.662448] (-) TimerEvent: {}
[1139.763992] (-) TimerEvent: {}
[1139.865838] (-) TimerEvent: {}
[1139.967545] (-) TimerEvent: {}
[1140.069736] (-) TimerEvent: {}
[1140.176877] (-) TimerEvent: {}
[1140.278939] (-) TimerEvent: {}
[1140.380705] (-) TimerEvent: {}
[1140.482288] (-) TimerEvent: {}
[1140.583949] (-) TimerEvent: {}
[1140.685715] (-) TimerEvent: {}
[1140.787553] (-) TimerEvent: {}
[1140.889299] (-) TimerEvent: {}
[1140.990591] (-) TimerEvent: {}
[1141.092145] (-) TimerEvent: {}
[1141.193879] (-) TimerEvent: {}
[1141.295591] (-) TimerEvent: {}
[1141.397100] (-) TimerEvent: {}
[1141.499340] (-) TimerEvent: {}
[1141.600880] (-) TimerEvent: {}
[1141.702487] (-) TimerEvent: {}
[1141.804192] (-) TimerEvent: {}
[1141.905712] (-) TimerEvent: {}
[1142.007259] (-) TimerEvent: {}
[1142.109119] (-) TimerEvent: {}
[1142.210633] (-) TimerEvent: {}
[1142.312444] (-) TimerEvent: {}
[1142.414048] (-) TimerEvent: {}
[1142.516043] (-) TimerEvent: {}
[1142.617284] (-) TimerEvent: {}
[1142.720340] (-) TimerEvent: {}
[1142.822422] (-) TimerEvent: {}
[1142.924425] (-) TimerEvent: {}
[1143.026090] (-) TimerEvent: {}
[1143.127668] (-) TimerEvent: {}
[1143.229167] (-) TimerEvent: {}
[1143.330758] (-) TimerEvent: {}
[1143.432351] (-) TimerEvent: {}
[1143.533841] (-) TimerEvent: {}
[1143.635962] (-) TimerEvent: {}
[1143.738183] (-) TimerEvent: {}
[1143.840162] (-) TimerEvent: {}
[1143.942331] (-) TimerEvent: {}
[1144.044166] (-) TimerEvent: {}
[1144.145991] (-) TimerEvent: {}
[1144.247494] (-) TimerEvent: {}
[1144.348813] (-) TimerEvent: {}
[1144.450682] (-) TimerEvent: {}
[1144.552752] (-) TimerEvent: {}
[1144.654391] (-) TimerEvent: {}
[1144.756232] (-) TimerEvent: {}
[1144.857766] (-) TimerEvent: {}
[1144.959378] (-) TimerEvent: {}
[1145.060938] (-) TimerEvent: {}
[1145.162362] (-) TimerEvent: {}
[1145.263928] (-) TimerEvent: {}
[1145.365631] (-) TimerEvent: {}
[1145.467130] (-) TimerEvent: {}
[1145.568739] (-) TimerEvent: {}
[1145.670309] (-) TimerEvent: {}
[1145.772262] (-) TimerEvent: {}
[1145.873773] (-) TimerEvent: {}
[1145.975485] (-) TimerEvent: {}
[1146.076930] (-) TimerEvent: {}
[1146.178837] (-) TimerEvent: {}
[1146.280275] (-) TimerEvent: {}
[1146.382017] (-) TimerEvent: {}
[1146.484865] (-) TimerEvent: {}
[1146.586146] (-) TimerEvent: {}
[1146.687923] (-) TimerEvent: {}
[1146.789420] (-) TimerEvent: {}
[1146.891135] (-) TimerEvent: {}
[1146.994286] (-) TimerEvent: {}
[1147.096886] (-) TimerEvent: {}
[1147.198138] (-) TimerEvent: {}
[1147.299699] (-) TimerEvent: {}
[1147.401115] (-) TimerEvent: {}
[1147.502525] (-) TimerEvent: {}
[1147.604047] (-) TimerEvent: {}
[1147.705548] (-) TimerEvent: {}
[1147.807053] (-) TimerEvent: {}
[1147.908514] (-) TimerEvent: {}
[1148.010036] (-) TimerEvent: {}
[1148.111723] (-) TimerEvent: {}
[1148.213403] (-) TimerEvent: {}
[1148.315067] (-) TimerEvent: {}
[1148.416761] (-) TimerEvent: {}
[1148.518206] (-) TimerEvent: {}
[1148.619705] (-) TimerEvent: {}
[1148.721117] (-) TimerEvent: {}
[1148.822683] (-) TimerEvent: {}
[1148.925142] (-) TimerEvent: {}
[1149.026584] (-) TimerEvent: {}
[1149.128847] (-) TimerEvent: {}
[1149.230379] (-) TimerEvent: {}
[1149.331951] (-) TimerEvent: {}
[1149.433760] (-) TimerEvent: {}
[1149.536202] (-) TimerEvent: {}
[1149.637928] (-) TimerEvent: {}
[1149.740104] (-) TimerEvent: {}
[1149.841708] (-) TimerEvent: {}
[1149.943197] (-) TimerEvent: {}
[1150.044791] (-) TimerEvent: {}
[1150.146473] (-) TimerEvent: {}
[1150.248129] (-) TimerEvent: {}
[1150.349790] (-) TimerEvent: {}
[1150.451308] (-) TimerEvent: {}
[1150.552802] (-) TimerEvent: {}
[1150.654319] (-) TimerEvent: {}
[1150.756054] (-) TimerEvent: {}
[1150.857599] (-) TimerEvent: {}
[1150.959112] (-) TimerEvent: {}
[1151.060651] (-) TimerEvent: {}
[1151.162305] (-) TimerEvent: {}
[1151.263873] (-) TimerEvent: {}
[1151.365486] (-) TimerEvent: {}
[1151.467136] (-) TimerEvent: {}
[1151.568709] (-) TimerEvent: {}
[1151.670128] (-) TimerEvent: {}
[1151.771822] (-) TimerEvent: {}
[1151.873417] (-) TimerEvent: {}
[1151.975181] (-) TimerEvent: {}
[1152.077261] (-) TimerEvent: {}
[1152.178738] (-) TimerEvent: {}
[1152.280595] (-) TimerEvent: {}
[1152.383228] (-) TimerEvent: {}
[1152.485236] (-) TimerEvent: {}
[1152.586771] (-) TimerEvent: {}
[1152.688362] (-) TimerEvent: {}
[1152.789653] (-) TimerEvent: {}
[1152.891305] (-) TimerEvent: {}
[1152.992926] (-) TimerEvent: {}
[1153.094585] (-) TimerEvent: {}
[1153.196090] (-) TimerEvent: {}
[1153.297739] (-) TimerEvent: {}
[1153.399311] (-) TimerEvent: {}
[1153.500851] (-) TimerEvent: {}
[1153.602435] (-) TimerEvent: {}
[1153.703974] (-) TimerEvent: {}
[1153.805595] (-) TimerEvent: {}
[1153.907182] (-) TimerEvent: {}
[1154.008550] (-) TimerEvent: {}
[1154.110115] (-) TimerEvent: {}
[1154.211759] (-) TimerEvent: {}
[1154.313867] (-) TimerEvent: {}
[1154.415635] (-) TimerEvent: {}
[1154.517096] (-) TimerEvent: {}
[1154.619606] (-) TimerEvent: {}
[1154.721037] (-) TimerEvent: {}
[1154.822818] (-) TimerEvent: {}
[1154.924546] (-) TimerEvent: {}
[1155.025929] (-) TimerEvent: {}
[1155.127679] (-) TimerEvent: {}
[1155.229343] (-) TimerEvent: {}
[1155.330802] (-) TimerEvent: {}
[1155.432364] (-) TimerEvent: {}
[1155.534610] (-) TimerEvent: {}
[1155.636434] (-) TimerEvent: {}
[1155.737660] (-) TimerEvent: {}
[1155.839220] (-) TimerEvent: {}
[1155.940997] (-) TimerEvent: {}
[1156.042548] (-) TimerEvent: {}
[1156.144094] (-) TimerEvent: {}
[1156.245572] (-) TimerEvent: {}
[1156.347185] (-) TimerEvent: {}
[1156.448828] (-) TimerEvent: {}
[1156.550449] (-) TimerEvent: {}
[1156.652188] (-) TimerEvent: {}
[1156.754191] (-) TimerEvent: {}
[1156.856487] (-) TimerEvent: {}
[1156.958657] (-) TimerEvent: {}
[1157.060306] (-) TimerEvent: {}
[1157.161884] (-) TimerEvent: {}
[1157.263861] (-) TimerEvent: {}
[1157.365468] (-) TimerEvent: {}
[1157.467074] (-) TimerEvent: {}
[1157.568539] (-) TimerEvent: {}
[1157.670990] (-) TimerEvent: {}
[1157.772696] (-) TimerEvent: {}
[1157.873984] (-) TimerEvent: {}
[1157.975766] (-) TimerEvent: {}
[1158.077360] (-) TimerEvent: {}
[1158.179004] (-) TimerEvent: {}
[1158.281313] (-) TimerEvent: {}
[1158.383209] (-) TimerEvent: {}
[1158.485726] (-) TimerEvent: {}
[1158.587238] (-) TimerEvent: {}
[1158.688778] (-) TimerEvent: {}
[1158.790427] (-) TimerEvent: {}
[1158.892077] (-) TimerEvent: {}
[1158.994027] (-) TimerEvent: {}
[1159.096320] (-) TimerEvent: {}
[1159.197887] (-) TimerEvent: {}
[1159.299506] (-) TimerEvent: {}
[1159.401098] (-) TimerEvent: {}
[1159.502525] (-) TimerEvent: {}
[1159.604119] (-) TimerEvent: {}
[1159.705681] (-) TimerEvent: {}
[1159.807380] (-) TimerEvent: {}
[1159.909815] (-) TimerEvent: {}
[1160.011341] (-) TimerEvent: {}
[1160.113266] (-) TimerEvent: {}
[1160.214674] (-) TimerEvent: {}
[1160.316224] (-) TimerEvent: {}
[1160.417811] (-) TimerEvent: {}
[1160.519844] (-) TimerEvent: {}
[1160.621285] (-) TimerEvent: {}
[1160.722835] (-) TimerEvent: {}
[1160.824564] (-) TimerEvent: {}
[1160.926381] (-) TimerEvent: {}
[1161.027884] (-) TimerEvent: {}
[1161.129504] (-) TimerEvent: {}
[1161.230955] (-) TimerEvent: {}
[1161.332503] (-) TimerEvent: {}
[1161.434035] (-) TimerEvent: {}
[1161.535793] (-) TimerEvent: {}
[1161.637327] (-) TimerEvent: {}
[1161.738833] (-) TimerEvent: {}
[1161.840842] (-) TimerEvent: {}
[1161.942427] (-) TimerEvent: {}
[1162.044324] (-) TimerEvent: {}
[1162.145763] (-) TimerEvent: {}
[1162.247745] (-) TimerEvent: {}
[1162.349534] (-) TimerEvent: {}
[1162.451222] (-) TimerEvent: {}
[1162.552930] (-) TimerEvent: {}
[1162.654546] (-) TimerEvent: {}
[1162.756186] (-) TimerEvent: {}
[1162.857743] (-) TimerEvent: {}
[1162.959384] (-) TimerEvent: {}
[1163.062103] (-) TimerEvent: {}
[1163.164760] (-) TimerEvent: {}
[1163.266393] (-) TimerEvent: {}
[1163.367994] (-) TimerEvent: {}
[1163.469506] (-) TimerEvent: {}
[1163.570951] (-) TimerEvent: {}
[1163.672793] (-) TimerEvent: {}
[1163.775030] (-) TimerEvent: {}
[1163.876945] (-) TimerEvent: {}
[1163.979327] (-) TimerEvent: {}
[1164.081675] (-) TimerEvent: {}
[1164.183175] (-) TimerEvent: {}
[1164.285091] (-) TimerEvent: {}
[1164.386724] (-) TimerEvent: {}
[1164.488243] (-) TimerEvent: {}
[1164.589631] (-) TimerEvent: {}
[1164.691017] (-) TimerEvent: {}
[1164.792587] (-) TimerEvent: {}
[1164.894176] (-) TimerEvent: {}
[1164.995749] (-) TimerEvent: {}
[1165.097260] (-) TimerEvent: {}
[1165.198929] (-) TimerEvent: {}
[1165.301056] (-) TimerEvent: {}
[1165.402773] (-) TimerEvent: {}
[1165.504460] (-) TimerEvent: {}
[1165.605943] (-) TimerEvent: {}
[1165.707353] (-) TimerEvent: {}
[1165.808844] (-) TimerEvent: {}
[1165.910247] (-) TimerEvent: {}
[1166.011730] (-) TimerEvent: {}
[1166.114659] (-) TimerEvent: {}
[1166.216899] (-) TimerEvent: {}
[1166.318335] (-) TimerEvent: {}
[1166.420064] (-) TimerEvent: {}
[1166.521776] (-) TimerEvent: {}
[1166.624241] (-) TimerEvent: {}
[1166.725804] (-) TimerEvent: {}
[1166.827733] (-) TimerEvent: {}
[1166.930119] (-) TimerEvent: {}
[1167.031900] (-) TimerEvent: {}
[1167.133450] (-) TimerEvent: {}
[1167.234655] (-) TimerEvent: {}
[1167.336021] (-) TimerEvent: {}
[1167.437911] (-) TimerEvent: {}
[1167.539949] (-) TimerEvent: {}
[1167.642328] (-) TimerEvent: {}
[1168.223255] (-) TimerEvent: {}
[1168.392612] (-) TimerEvent: {}
[1168.581693] (rf2o_laser_odometry) StderrLine: {'line': b'gmake[2]: *** [CMakeFiles/rf2o_laser_odometry.dir/build.make:76: CMakeFiles/rf2o_laser_odometry.dir/src/CLaserOdometry2D.cpp.o] Interrupt\n'}
[1169.038515] (-) TimerEvent: {}
[1169.039890] (rf2o_laser_odometry) StderrLine: {'line': b'gmake[2]: *** [CMakeFiles/rf2o_laser_odometry_node.dir/build.make:90: CMakeFiles/rf2o_laser_odometry_node.dir/src/CLaserOdometry2D.cpp.o] Interrupt\n'}
[1169.065884] (rf2o_laser_odometry) StderrLine: {'line': b'gmake[2]: *** [CMakeFiles/rf2o_laser_odometry_node.dir/build.make:76: CMakeFiles/rf2o_laser_odometry_node.dir/src/CLaserOdometry2DNode.cpp.o] Interrupt\n'}
[1169.074939] (rf2o_laser_odometry) StderrLine: {'line': b'gmake[1]: *** [CMakeFiles/Makefile2:165: CMakeFiles/rf2o_laser_odometry.dir/all] Interrupt\n'}
[1169.084659] (rf2o_laser_odometry) StderrLine: {'line': b'gmake[1]: *** [CMakeFiles/Makefile2:139: CMakeFiles/rf2o_laser_odometry_node.dir/all] Interrupt\n'}
[1169.095102] (rf2o_laser_odometry) StderrLine: {'line': b'gmake: *** [Makefile:146: all] Interrupt\n'}
[1169.151487] (-) TimerEvent: {}
[1169.254567] (-) TimerEvent: {}
[1169.356732] (-) TimerEvent: {}
[1169.458767] (-) TimerEvent: {}
[1169.565505] (-) TimerEvent: {}
[1169.603150] (rf2o_laser_odometry) CommandEnded: {'returncode': -2}
[1169.667318] (-) TimerEvent: {}
[1169.808880] (-) TimerEvent: {}
[1169.944493] (-) TimerEvent: {}
[1170.059801] (-) TimerEvent: {}
[1170.164903] (-) TimerEvent: {}
[1170.266295] (-) TimerEvent: {}
[1170.367720] (-) TimerEvent: {}
[1170.469037] (-) TimerEvent: {}
[1170.570599] (-) TimerEvent: {}
[1170.672206] (-) TimerEvent: {}
[1170.773704] (-) TimerEvent: {}
[1170.875191] (-) TimerEvent: {}
[1170.976612] (-) TimerEvent: {}
[1171.077793] (-) TimerEvent: {}
[1171.179068] (-) TimerEvent: {}
[1171.289242] (-) TimerEvent: {}
[1171.422909] (-) TimerEvent: {}
[1171.549498] (-) TimerEvent: {}
[1171.666055] (-) TimerEvent: {}
[1171.726130] (rf2o_laser_odometry) JobEnded: {'identifier': 'rf2o_laser_odometry', 'rc': 'SIGINT'}
[1171.839323] (-) TimerEvent: {}
[1171.840313] (-) EventReactorShutdown: {}
