[0.000000] (-) TimerEvent: {}
[0.000282] (RoverReceive) JobQueued: {'identifier': 'RoverReceive', 'dependencies': OrderedDict()}
[0.000490] (mode_manager) JobQueued: {'identifier': 'mode_manager', 'dependencies': OrderedDict()}
[0.000522] (roombav2) JobQueued: {'identifier': 'roombav2', 'dependencies': OrderedDict()}
[0.000547] (sllidar_ros2) JobQueued: {'identifier': 'sllidar_ros2', 'dependencies': OrderedDict()}
[0.000571] (RoverReceive) JobStarted: {'identifier': 'RoverReceive'}
[0.008962] (mode_manager) JobStarted: {'identifier': 'mode_manager'}
[0.015041] (roombav2) JobStarted: {'identifier': 'roombav2'}
[0.019959] (sllidar_ros2) JobStarted: {'identifier': 'sllidar_ros2'}
[0.099279] (-) TimerEvent: {}
[0.199723] (-) TimerEvent: {}
[0.300069] (-) TimerEvent: {}
[0.400418] (-) TimerEvent: {}
[0.500765] (-) TimerEvent: {}
[0.601237] (-) TimerEvent: {}
[0.701639] (-) TimerEvent: {}
[0.802029] (-) TimerEvent: {}
[0.902473] (-) TimerEvent: {}
[1.002829] (-) TimerEvent: {}
[1.103170] (-) TimerEvent: {}
[1.181014] (sllidar_ros2) JobProgress: {'identifier': 'sllidar_ros2', 'progress': 'cmake'}
[1.181383] (sllidar_ros2) Command: {'cmd': ['/usr/bin/cmake', '/home/arno/RoombaV2Onboard/src/sllidar_ros2', '-DCMAKE_INSTALL_PREFIX=/home/arno/RoombaV2Onboard/install/sllidar_ros2'], 'cwd': '/home/arno/RoombaV2Onboard/build/sllidar_ros2', 'env': OrderedDict([('GJS_DEBUG_TOPICS', 'JS ERROR;JS LOG'), ('LESSOPEN', '| /usr/bin/lesspipe %s'), ('USER', 'arno'), ('LC_TIME', 'de_CH.UTF-8'), ('XDG_SESSION_TYPE', 'wayland'), ('SHLVL', '1'), ('LD_LIBRARY_PATH', '/usr/lib/x86_64-linux-gnu/gazebo-11/plugins:/opt/ros/humble/opt/rviz_ogre_vendor/lib:/opt/ros/humble/lib/x86_64-linux-gnu:/opt/ros/humble/lib'), ('HOME', '/home/arno'), ('OLDPWD', '/home/arno'), ('DESKTOP_SESSION', 'ubuntu'), ('GIO_LAUNCHED_DESKTOP_FILE', '/usr/share/applications/terminator.desktop'), ('ROS_PYTHON_VERSION', '3'), ('GNOME_SHELL_SESSION_MODE', 'ubuntu'), ('GTK_MODULES', 'gail:atk-bridge'), ('LC_MONETARY', 'de_CH.UTF-8'), ('MANAGERPID', '2349'), ('SYSTEMD_EXEC_PID', '2537'), ('DBUS_SESSION_BUS_ADDRESS', 'unix:path=/run/user/1000/bus'), ('COLORTERM', 'truecolor'), ('TERMINATOR_DBUS_NAME', 'net.tenshu.Terminator25ef4b219e3b005583550f2b0f9f990c3'), ('GIO_LAUNCHED_DESKTOP_FILE_PID', '8345'), ('IM_CONFIG_PHASE', '1'), ('WAYLAND_DISPLAY', 'wayland-0'), ('ROS_DISTRO', 'humble'), ('LOGNAME', 'arno'), ('JOURNAL_STREAM', '8:16054'), ('_', '/usr/bin/colcon'), ('ROS_VERSION', '2'), ('XDG_SESSION_CLASS', 'user'), ('USERNAME', 'arno'), ('TERM', 'xterm-256color'), ('GNOME_DESKTOP_SESSION_ID', 'this-is-deprecated'), ('ROS_LOCALHOST_ONLY', '0'), ('PATH', '/opt/ros/humble/bin:/home/arno/.local/bin:/usr/local/sbin:/usr/local/bin:/usr/sbin:/usr/bin:/sbin:/bin:/usr/games:/usr/local/games:/snap/bin:/snap/bin'), ('SESSION_MANAGER', 'local/laptopal:@/tmp/.ICE-unix/2504,unix/laptopal:/tmp/.ICE-unix/2504'), ('INVOCATION_ID', '5983a2e36bfc45d3b3db0123805fa72b'), ('XDG_MENU_PREFIX', 'gnome-'), ('LC_ADDRESS', 'de_CH.UTF-8'), ('GNOME_SETUP_DISPLAY', ':1'), ('XDG_RUNTIME_DIR', '/run/user/1000'), ('DISPLAY', ':0'), ('TERMINATOR_DBUS_PATH', '/net/tenshu/Terminator2'), ('LANG', 'en_US.UTF-8'), ('XDG_CURRENT_DESKTOP', 'ubuntu:GNOME'), ('IBUS_DISABLE_SNOOPER', '1'), ('LC_TELEPHONE', 'de_CH.UTF-8'), ('XMODIFIERS', '@im=ibus'), ('XDG_SESSION_DESKTOP', 'ubuntu'), ('XAUTHORITY', '/run/user/1000/.mutter-Xwaylandauth.K6TAU2'), ('LS_COLORS', 'rs=0:di=01;34:ln=01;36:mh=00:pi=40;33:so=01;35:do=01;35:bd=40;33;01:cd=40;33;01:or=40;31;01:mi=00:su=37;41:sg=30;43:ca=30;41:tw=30;42:ow=34;42:st=37;44:ex=01;32:*.tar=01;31:*.tgz=01;31:*.arc=01;31:*.arj=01;31:*.taz=01;31:*.lha=01;31:*.lz4=01;31:*.lzh=01;31:*.lzma=01;31:*.tlz=01;31:*.txz=01;31:*.tzo=01;31:*.t7z=01;31:*.zip=01;31:*.z=01;31:*.dz=01;31:*.gz=01;31:*.lrz=01;31:*.lz=01;31:*.lzo=01;31:*.xz=01;31:*.zst=01;31:*.tzst=01;31:*.bz2=01;31:*.bz=01;31:*.tbz=01;31:*.tbz2=01;31:*.tz=01;31:*.deb=01;31:*.rpm=01;31:*.jar=01;31:*.war=01;31:*.ear=01;31:*.sar=01;31:*.rar=01;31:*.alz=01;31:*.ace=01;31:*.zoo=01;31:*.cpio=01;31:*.7z=01;31:*.rz=01;31:*.cab=01;31:*.wim=01;31:*.swm=01;31:*.dwm=01;31:*.esd=01;31:*.jpg=01;35:*.jpeg=01;35:*.mjpg=01;35:*.mjpeg=01;35:*.gif=01;35:*.bmp=01;35:*.pbm=01;35:*.pgm=01;35:*.ppm=01;35:*.tga=01;35:*.xbm=01;35:*.xpm=01;35:*.tif=01;35:*.tiff=01;35:*.png=01;35:*.svg=01;35:*.svgz=01;35:*.mng=01;35:*.pcx=01;35:*.mov=01;35:*.mpg=01;35:*.mpeg=01;35:*.m2v=01;35:*.mkv=01;35:*.webm=01;35:*.webp=01;35:*.ogm=01;35:*.mp4=01;35:*.m4v=01;35:*.mp4v=01;35:*.vob=01;35:*.qt=01;35:*.nuv=01;35:*.wmv=01;35:*.asf=01;35:*.rm=01;35:*.rmvb=01;35:*.flc=01;35:*.avi=01;35:*.fli=01;35:*.flv=01;35:*.gl=01;35:*.dl=01;35:*.xcf=01;35:*.xwd=01;35:*.yuv=01;35:*.cgm=01;35:*.emf=01;35:*.ogv=01;35:*.ogx=01;35:*.aac=00;36:*.au=00;36:*.flac=00;36:*.m4a=00;36:*.mid=00;36:*.midi=00;36:*.mka=00;36:*.mp3=00;36:*.mpc=00;36:*.ogg=00;36:*.ra=00;36:*.wav=00;36:*.oga=00;36:*.opus=00;36:*.spx=00;36:*.xspf=00;36:'), ('SSH_AGENT_LAUNCHER', 'gnome-keyring'), ('SSH_AUTH_SOCK', '/run/user/1000/keyring/ssh'), ('AMENT_PREFIX_PATH', '/opt/ros/humble'), ('SHELL', '/bin/bash'), ('LC_NAME', 'de_CH.UTF-8'), ('TERMINATOR_UUID', 'urn:uuid:1ec060db-acf4-41f1-80b6-79b3b5ec47a1'), ('QT_ACCESSIBILITY', '1'), ('GDMSESSION', 'ubuntu'), ('LESSCLOSE', '/usr/bin/lesspipe %s %s'), ('LC_MEASUREMENT', 'de_CH.UTF-8'), ('GJS_DEBUG_OUTPUT', 'stderr'), ('LC_IDENTIFICATION', 'de_CH.UTF-8'), ('QT_IM_MODULE', 'ibus'), ('PWD', '/home/arno/RoombaV2Onboard/build/sllidar_ros2'), ('LC_ALL', 'en_US.UTF-8'), ('XDG_CONFIG_DIRS', '/etc/xdg/xdg-ubuntu:/etc/xdg'), ('XDG_DATA_DIRS', '/usr/share/ubuntu:/usr/local/share/:/usr/share/:/var/lib/snapd/desktop'), ('PYTHONPATH', '/opt/ros/humble/lib/python3.10/site-packages:/opt/ros/humble/local/lib/python3.10/dist-packages'), ('LC_NUMERIC', 'de_CH.UTF-8'), ('LC_PAPER', 'de_CH.UTF-8'), ('COLCON', '1'), ('VTE_VERSION', '6800'), ('CMAKE_PREFIX_PATH', '/opt/ros/humble')]), 'shell': False}
[1.203277] (-) TimerEvent: {}
[1.300940] (sllidar_ros2) StdoutLine: {'line': b'-- The C compiler identification is GNU 11.4.0\n'}
[1.303368] (-) TimerEvent: {}
[1.403740] (-) TimerEvent: {}
[1.417249] (sllidar_ros2) StdoutLine: {'line': b'-- The CXX compiler identification is GNU 11.4.0\n'}
[1.431943] (sllidar_ros2) StdoutLine: {'line': b'-- Detecting C compiler ABI info\n'}
[1.503865] (-) TimerEvent: {}
[1.538834] (sllidar_ros2) StdoutLine: {'line': b'-- Detecting C compiler ABI info - done\n'}
[1.559976] (sllidar_ros2) StdoutLine: {'line': b'-- Check for working C compiler: /usr/bin/cc - skipped\n'}
[1.560698] (sllidar_ros2) StdoutLine: {'line': b'-- Detecting C compile features\n'}
[1.561843] (sllidar_ros2) StdoutLine: {'line': b'-- Detecting C compile features - done\n'}
[1.568709] (sllidar_ros2) StdoutLine: {'line': b'-- Detecting CXX compiler ABI info\n'}
[1.603975] (-) TimerEvent: {}
[1.684182] (sllidar_ros2) StdoutLine: {'line': b'-- Detecting CXX compiler ABI info - done\n'}
[1.704130] (-) TimerEvent: {}
[1.706192] (sllidar_ros2) StdoutLine: {'line': b'-- Check for working CXX compiler: /usr/bin/c++ - skipped\n'}
[1.706757] (sllidar_ros2) StdoutLine: {'line': b'-- Detecting CXX compile features\n'}
[1.707806] (sllidar_ros2) StdoutLine: {'line': b'-- Detecting CXX compile features - done\n'}
[1.714839] (sllidar_ros2) StdoutLine: {'line': b'-- Found ament_cmake: 1.3.10 (/opt/ros/humble/share/ament_cmake/cmake)\n'}
[1.763086] (RoverReceive) Command: {'cmd': ['/usr/bin/python3', '-W', 'ignore:setup.py install is deprecated', 'setup.py', 'egg_info', '--egg-base', '../../build/RoverReceive', 'build', '--build-base', '/home/arno/RoombaV2Onboard/build/RoverReceive/build', 'install', '--record', '/home/arno/RoombaV2Onboard/build/RoverReceive/install.log', '--single-version-externally-managed', 'install_data'], 'cwd': '/home/arno/RoombaV2Onboard/src/RoverReceive', 'env': {'GJS_DEBUG_TOPICS': 'JS ERROR;JS LOG', 'LESSOPEN': '| /usr/bin/lesspipe %s', 'USER': 'arno', 'LC_TIME': 'de_CH.UTF-8', 'XDG_SESSION_TYPE': 'wayland', 'SHLVL': '1', 'LD_LIBRARY_PATH': '/usr/lib/x86_64-linux-gnu/gazebo-11/plugins:/opt/ros/humble/opt/rviz_ogre_vendor/lib:/opt/ros/humble/lib/x86_64-linux-gnu:/opt/ros/humble/lib', 'HOME': '/home/arno', 'OLDPWD': '/home/arno', 'DESKTOP_SESSION': 'ubuntu', 'GIO_LAUNCHED_DESKTOP_FILE': '/usr/share/applications/terminator.desktop', 'ROS_PYTHON_VERSION': '3', 'GNOME_SHELL_SESSION_MODE': 'ubuntu', 'GTK_MODULES': 'gail:atk-bridge', 'LC_MONETARY': 'de_CH.UTF-8', 'MANAGERPID': '2349', 'SYSTEMD_EXEC_PID': '2537', 'DBUS_SESSION_BUS_ADDRESS': 'unix:path=/run/user/1000/bus', 'COLORTERM': 'truecolor', 'TERMINATOR_DBUS_NAME': 'net.tenshu.Terminator25ef4b219e3b005583550f2b0f9f990c3', 'GIO_LAUNCHED_DESKTOP_FILE_PID': '8345', 'IM_CONFIG_PHASE': '1', 'WAYLAND_DISPLAY': 'wayland-0', 'ROS_DISTRO': 'humble', 'LOGNAME': 'arno', 'JOURNAL_STREAM': '8:16054', '_': '/usr/bin/colcon', 'ROS_VERSION': '2', 'XDG_SESSION_CLASS': 'user', 'USERNAME': 'arno', 'TERM': 'xterm-256color', 'GNOME_DESKTOP_SESSION_ID': 'this-is-deprecated', 'ROS_LOCALHOST_ONLY': '0', 'PATH': '/opt/ros/humble/bin:/home/arno/.local/bin:/usr/local/sbin:/usr/local/bin:/usr/sbin:/usr/bin:/sbin:/bin:/usr/games:/usr/local/games:/snap/bin:/snap/bin', 'SESSION_MANAGER': 'local/laptopal:@/tmp/.ICE-unix/2504,unix/laptopal:/tmp/.ICE-unix/2504', 'INVOCATION_ID': '5983a2e36bfc45d3b3db0123805fa72b', 'XDG_MENU_PREFIX': 'gnome-', 'LC_ADDRESS': 'de_CH.UTF-8', 'GNOME_SETUP_DISPLAY': ':1', 'XDG_RUNTIME_DIR': '/run/user/1000', 'DISPLAY': ':0', 'TERMINATOR_DBUS_PATH': '/net/tenshu/Terminator2', 'LANG': 'en_US.UTF-8', 'XDG_CURRENT_DESKTOP': 'ubuntu:GNOME', 'IBUS_DISABLE_SNOOPER': '1', 'LC_TELEPHONE': 'de_CH.UTF-8', 'XMODIFIERS': '@im=ibus', 'XDG_SESSION_DESKTOP': 'ubuntu', 'XAUTHORITY': '/run/user/1000/.mutter-Xwaylandauth.K6TAU2', 'LS_COLORS': 'rs=0:di=01;34:ln=01;36:mh=00:pi=40;33:so=01;35:do=01;35:bd=40;33;01:cd=40;33;01:or=40;31;01:mi=00:su=37;41:sg=30;43:ca=30;41:tw=30;42:ow=34;42:st=37;44:ex=01;32:*.tar=01;31:*.tgz=01;31:*.arc=01;31:*.arj=01;31:*.taz=01;31:*.lha=01;31:*.lz4=01;31:*.lzh=01;31:*.lzma=01;31:*.tlz=01;31:*.txz=01;31:*.tzo=01;31:*.t7z=01;31:*.zip=01;31:*.z=01;31:*.dz=01;31:*.gz=01;31:*.lrz=01;31:*.lz=01;31:*.lzo=01;31:*.xz=01;31:*.zst=01;31:*.tzst=01;31:*.bz2=01;31:*.bz=01;31:*.tbz=01;31:*.tbz2=01;31:*.tz=01;31:*.deb=01;31:*.rpm=01;31:*.jar=01;31:*.war=01;31:*.ear=01;31:*.sar=01;31:*.rar=01;31:*.alz=01;31:*.ace=01;31:*.zoo=01;31:*.cpio=01;31:*.7z=01;31:*.rz=01;31:*.cab=01;31:*.wim=01;31:*.swm=01;31:*.dwm=01;31:*.esd=01;31:*.jpg=01;35:*.jpeg=01;35:*.mjpg=01;35:*.mjpeg=01;35:*.gif=01;35:*.bmp=01;35:*.pbm=01;35:*.pgm=01;35:*.ppm=01;35:*.tga=01;35:*.xbm=01;35:*.xpm=01;35:*.tif=01;35:*.tiff=01;35:*.png=01;35:*.svg=01;35:*.svgz=01;35:*.mng=01;35:*.pcx=01;35:*.mov=01;35:*.mpg=01;35:*.mpeg=01;35:*.m2v=01;35:*.mkv=01;35:*.webm=01;35:*.webp=01;35:*.ogm=01;35:*.mp4=01;35:*.m4v=01;35:*.mp4v=01;35:*.vob=01;35:*.qt=01;35:*.nuv=01;35:*.wmv=01;35:*.asf=01;35:*.rm=01;35:*.rmvb=01;35:*.flc=01;35:*.avi=01;35:*.fli=01;35:*.flv=01;35:*.gl=01;35:*.dl=01;35:*.xcf=01;35:*.xwd=01;35:*.yuv=01;35:*.cgm=01;35:*.emf=01;35:*.ogv=01;35:*.ogx=01;35:*.aac=00;36:*.au=00;36:*.flac=00;36:*.m4a=00;36:*.mid=00;36:*.midi=00;36:*.mka=00;36:*.mp3=00;36:*.mpc=00;36:*.ogg=00;36:*.ra=00;36:*.wav=00;36:*.oga=00;36:*.opus=00;36:*.spx=00;36:*.xspf=00;36:', 'SSH_AGENT_LAUNCHER': 'gnome-keyring', 'SSH_AUTH_SOCK': '/run/user/1000/keyring/ssh', 'AMENT_PREFIX_PATH': '/opt/ros/humble', 'SHELL': '/bin/bash', 'LC_NAME': 'de_CH.UTF-8', 'TERMINATOR_UUID': 'urn:uuid:1ec060db-acf4-41f1-80b6-79b3b5ec47a1', 'QT_ACCESSIBILITY': '1', 'GDMSESSION': 'ubuntu', 'LESSCLOSE': '/usr/bin/lesspipe %s %s', 'LC_MEASUREMENT': 'de_CH.UTF-8', 'GJS_DEBUG_OUTPUT': 'stderr', 'LC_IDENTIFICATION': 'de_CH.UTF-8', 'QT_IM_MODULE': 'ibus', 'PWD': '/home/arno/RoombaV2Onboard/build/RoverReceive', 'LC_ALL': 'en_US.UTF-8', 'XDG_CONFIG_DIRS': '/etc/xdg/xdg-ubuntu:/etc/xdg', 'XDG_DATA_DIRS': '/usr/share/ubuntu:/usr/local/share/:/usr/share/:/var/lib/snapd/desktop', 'PYTHONPATH': '/home/arno/RoombaV2Onboard/build/RoverReceive/prefix_override:/usr/lib/python3/dist-packages/colcon_core/task/python/colcon_distutils_commands:/home/arno/RoombaV2Onboard/install/RoverReceive/lib/python3.10/site-packages:/opt/ros/humble/lib/python3.10/site-packages:/opt/ros/humble/local/lib/python3.10/dist-packages', 'LC_NUMERIC': 'de_CH.UTF-8', 'LC_PAPER': 'de_CH.UTF-8', 'COLCON': '1', 'VTE_VERSION': '6800'}, 'shell': False}
[1.769615] (roombav2) Command: {'cmd': ['/usr/bin/python3', '-W', 'ignore:setup.py install is deprecated', 'setup.py', 'egg_info', '--egg-base', '../../build/roombav2', 'build', '--build-base', '/home/arno/RoombaV2Onboard/build/roombav2/build', 'install', '--record', '/home/arno/RoombaV2Onboard/build/roombav2/install.log', '--single-version-externally-managed', 'install_data'], 'cwd': '/home/arno/RoombaV2Onboard/src/roombav2', 'env': {'GJS_DEBUG_TOPICS': 'JS ERROR;JS LOG', 'LESSOPEN': '| /usr/bin/lesspipe %s', 'USER': 'arno', 'LC_TIME': 'de_CH.UTF-8', 'XDG_SESSION_TYPE': 'wayland', 'SHLVL': '1', 'LD_LIBRARY_PATH': '/usr/lib/x86_64-linux-gnu/gazebo-11/plugins:/opt/ros/humble/opt/rviz_ogre_vendor/lib:/opt/ros/humble/lib/x86_64-linux-gnu:/opt/ros/humble/lib', 'HOME': '/home/arno', 'OLDPWD': '/home/arno', 'DESKTOP_SESSION': 'ubuntu', 'GIO_LAUNCHED_DESKTOP_FILE': '/usr/share/applications/terminator.desktop', 'ROS_PYTHON_VERSION': '3', 'GNOME_SHELL_SESSION_MODE': 'ubuntu', 'GTK_MODULES': 'gail:atk-bridge', 'LC_MONETARY': 'de_CH.UTF-8', 'MANAGERPID': '2349', 'SYSTEMD_EXEC_PID': '2537', 'DBUS_SESSION_BUS_ADDRESS': 'unix:path=/run/user/1000/bus', 'COLORTERM': 'truecolor', 'TERMINATOR_DBUS_NAME': 'net.tenshu.Terminator25ef4b219e3b005583550f2b0f9f990c3', 'GIO_LAUNCHED_DESKTOP_FILE_PID': '8345', 'IM_CONFIG_PHASE': '1', 'WAYLAND_DISPLAY': 'wayland-0', 'ROS_DISTRO': 'humble', 'LOGNAME': 'arno', 'JOURNAL_STREAM': '8:16054', '_': '/usr/bin/colcon', 'ROS_VERSION': '2', 'XDG_SESSION_CLASS': 'user', 'USERNAME': 'arno', 'TERM': 'xterm-256color', 'GNOME_DESKTOP_SESSION_ID': 'this-is-deprecated', 'ROS_LOCALHOST_ONLY': '0', 'PATH': '/opt/ros/humble/bin:/home/arno/.local/bin:/usr/local/sbin:/usr/local/bin:/usr/sbin:/usr/bin:/sbin:/bin:/usr/games:/usr/local/games:/snap/bin:/snap/bin', 'SESSION_MANAGER': 'local/laptopal:@/tmp/.ICE-unix/2504,unix/laptopal:/tmp/.ICE-unix/2504', 'INVOCATION_ID': '5983a2e36bfc45d3b3db0123805fa72b', 'XDG_MENU_PREFIX': 'gnome-', 'LC_ADDRESS': 'de_CH.UTF-8', 'GNOME_SETUP_DISPLAY': ':1', 'XDG_RUNTIME_DIR': '/run/user/1000', 'DISPLAY': ':0', 'TERMINATOR_DBUS_PATH': '/net/tenshu/Terminator2', 'LANG': 'en_US.UTF-8', 'XDG_CURRENT_DESKTOP': 'ubuntu:GNOME', 'IBUS_DISABLE_SNOOPER': '1', 'LC_TELEPHONE': 'de_CH.UTF-8', 'XMODIFIERS': '@im=ibus', 'XDG_SESSION_DESKTOP': 'ubuntu', 'XAUTHORITY': '/run/user/1000/.mutter-Xwaylandauth.K6TAU2', 'LS_COLORS': 'rs=0:di=01;34:ln=01;36:mh=00:pi=40;33:so=01;35:do=01;35:bd=40;33;01:cd=40;33;01:or=40;31;01:mi=00:su=37;41:sg=30;43:ca=30;41:tw=30;42:ow=34;42:st=37;44:ex=01;32:*.tar=01;31:*.tgz=01;31:*.arc=01;31:*.arj=01;31:*.taz=01;31:*.lha=01;31:*.lz4=01;31:*.lzh=01;31:*.lzma=01;31:*.tlz=01;31:*.txz=01;31:*.tzo=01;31:*.t7z=01;31:*.zip=01;31:*.z=01;31:*.dz=01;31:*.gz=01;31:*.lrz=01;31:*.lz=01;31:*.lzo=01;31:*.xz=01;31:*.zst=01;31:*.tzst=01;31:*.bz2=01;31:*.bz=01;31:*.tbz=01;31:*.tbz2=01;31:*.tz=01;31:*.deb=01;31:*.rpm=01;31:*.jar=01;31:*.war=01;31:*.ear=01;31:*.sar=01;31:*.rar=01;31:*.alz=01;31:*.ace=01;31:*.zoo=01;31:*.cpio=01;31:*.7z=01;31:*.rz=01;31:*.cab=01;31:*.wim=01;31:*.swm=01;31:*.dwm=01;31:*.esd=01;31:*.jpg=01;35:*.jpeg=01;35:*.mjpg=01;35:*.mjpeg=01;35:*.gif=01;35:*.bmp=01;35:*.pbm=01;35:*.pgm=01;35:*.ppm=01;35:*.tga=01;35:*.xbm=01;35:*.xpm=01;35:*.tif=01;35:*.tiff=01;35:*.png=01;35:*.svg=01;35:*.svgz=01;35:*.mng=01;35:*.pcx=01;35:*.mov=01;35:*.mpg=01;35:*.mpeg=01;35:*.m2v=01;35:*.mkv=01;35:*.webm=01;35:*.webp=01;35:*.ogm=01;35:*.mp4=01;35:*.m4v=01;35:*.mp4v=01;35:*.vob=01;35:*.qt=01;35:*.nuv=01;35:*.wmv=01;35:*.asf=01;35:*.rm=01;35:*.rmvb=01;35:*.flc=01;35:*.avi=01;35:*.fli=01;35:*.flv=01;35:*.gl=01;35:*.dl=01;35:*.xcf=01;35:*.xwd=01;35:*.yuv=01;35:*.cgm=01;35:*.emf=01;35:*.ogv=01;35:*.ogx=01;35:*.aac=00;36:*.au=00;36:*.flac=00;36:*.m4a=00;36:*.mid=00;36:*.midi=00;36:*.mka=00;36:*.mp3=00;36:*.mpc=00;36:*.ogg=00;36:*.ra=00;36:*.wav=00;36:*.oga=00;36:*.opus=00;36:*.spx=00;36:*.xspf=00;36:', 'SSH_AGENT_LAUNCHER': 'gnome-keyring', 'SSH_AUTH_SOCK': '/run/user/1000/keyring/ssh', 'AMENT_PREFIX_PATH': '/opt/ros/humble', 'SHELL': '/bin/bash', 'LC_NAME': 'de_CH.UTF-8', 'TERMINATOR_UUID': 'urn:uuid:1ec060db-acf4-41f1-80b6-79b3b5ec47a1', 'QT_ACCESSIBILITY': '1', 'GDMSESSION': 'ubuntu', 'LESSCLOSE': '/usr/bin/lesspipe %s %s', 'LC_MEASUREMENT': 'de_CH.UTF-8', 'GJS_DEBUG_OUTPUT': 'stderr', 'LC_IDENTIFICATION': 'de_CH.UTF-8', 'QT_IM_MODULE': 'ibus', 'PWD': '/home/arno/RoombaV2Onboard/build/roombav2', 'LC_ALL': 'en_US.UTF-8', 'XDG_CONFIG_DIRS': '/etc/xdg/xdg-ubuntu:/etc/xdg', 'XDG_DATA_DIRS': '/usr/share/ubuntu:/usr/local/share/:/usr/share/:/var/lib/snapd/desktop', 'PYTHONPATH': '/home/arno/RoombaV2Onboard/build/roombav2/prefix_override:/usr/lib/python3/dist-packages/colcon_core/task/python/colcon_distutils_commands:/home/arno/RoombaV2Onboard/install/roombav2/lib/python3.10/site-packages:/opt/ros/humble/lib/python3.10/site-packages:/opt/ros/humble/local/lib/python3.10/dist-packages', 'LC_NUMERIC': 'de_CH.UTF-8', 'LC_PAPER': 'de_CH.UTF-8', 'COLCON': '1', 'VTE_VERSION': '6800'}, 'shell': False}
[1.804255] (-) TimerEvent: {}
[1.811000] (mode_manager) Command: {'cmd': ['/usr/bin/python3', '-W', 'ignore:setup.py install is deprecated', 'setup.py', 'egg_info', '--egg-base', '../../build/mode_manager', 'build', '--build-base', '/home/arno/RoombaV2Onboard/build/mode_manager/build', 'install', '--record', '/home/arno/RoombaV2Onboard/build/mode_manager/install.log', '--single-version-externally-managed', 'install_data'], 'cwd': '/home/arno/RoombaV2Onboard/src/mode_manager', 'env': {'GJS_DEBUG_TOPICS': 'JS ERROR;JS LOG', 'LESSOPEN': '| /usr/bin/lesspipe %s', 'USER': 'arno', 'LC_TIME': 'de_CH.UTF-8', 'XDG_SESSION_TYPE': 'wayland', 'SHLVL': '1', 'LD_LIBRARY_PATH': '/usr/lib/x86_64-linux-gnu/gazebo-11/plugins:/opt/ros/humble/opt/rviz_ogre_vendor/lib:/opt/ros/humble/lib/x86_64-linux-gnu:/opt/ros/humble/lib', 'HOME': '/home/arno', 'OLDPWD': '/home/arno', 'DESKTOP_SESSION': 'ubuntu', 'GIO_LAUNCHED_DESKTOP_FILE': '/usr/share/applications/terminator.desktop', 'ROS_PYTHON_VERSION': '3', 'GNOME_SHELL_SESSION_MODE': 'ubuntu', 'GTK_MODULES': 'gail:atk-bridge', 'LC_MONETARY': 'de_CH.UTF-8', 'MANAGERPID': '2349', 'SYSTEMD_EXEC_PID': '2537', 'DBUS_SESSION_BUS_ADDRESS': 'unix:path=/run/user/1000/bus', 'COLORTERM': 'truecolor', 'TERMINATOR_DBUS_NAME': 'net.tenshu.Terminator25ef4b219e3b005583550f2b0f9f990c3', 'GIO_LAUNCHED_DESKTOP_FILE_PID': '8345', 'IM_CONFIG_PHASE': '1', 'WAYLAND_DISPLAY': 'wayland-0', 'ROS_DISTRO': 'humble', 'LOGNAME': 'arno', 'JOURNAL_STREAM': '8:16054', '_': '/usr/bin/colcon', 'ROS_VERSION': '2', 'XDG_SESSION_CLASS': 'user', 'USERNAME': 'arno', 'TERM': 'xterm-256color', 'GNOME_DESKTOP_SESSION_ID': 'this-is-deprecated', 'ROS_LOCALHOST_ONLY': '0', 'PATH': '/opt/ros/humble/bin:/home/arno/.local/bin:/usr/local/sbin:/usr/local/bin:/usr/sbin:/usr/bin:/sbin:/bin:/usr/games:/usr/local/games:/snap/bin:/snap/bin', 'SESSION_MANAGER': 'local/laptopal:@/tmp/.ICE-unix/2504,unix/laptopal:/tmp/.ICE-unix/2504', 'INVOCATION_ID': '5983a2e36bfc45d3b3db0123805fa72b', 'XDG_MENU_PREFIX': 'gnome-', 'LC_ADDRESS': 'de_CH.UTF-8', 'GNOME_SETUP_DISPLAY': ':1', 'XDG_RUNTIME_DIR': '/run/user/1000', 'DISPLAY': ':0', 'TERMINATOR_DBUS_PATH': '/net/tenshu/Terminator2', 'LANG': 'en_US.UTF-8', 'XDG_CURRENT_DESKTOP': 'ubuntu:GNOME', 'IBUS_DISABLE_SNOOPER': '1', 'LC_TELEPHONE': 'de_CH.UTF-8', 'XMODIFIERS': '@im=ibus', 'XDG_SESSION_DESKTOP': 'ubuntu', 'XAUTHORITY': '/run/user/1000/.mutter-Xwaylandauth.K6TAU2', 'LS_COLORS': 'rs=0:di=01;34:ln=01;36:mh=00:pi=40;33:so=01;35:do=01;35:bd=40;33;01:cd=40;33;01:or=40;31;01:mi=00:su=37;41:sg=30;43:ca=30;41:tw=30;42:ow=34;42:st=37;44:ex=01;32:*.tar=01;31:*.tgz=01;31:*.arc=01;31:*.arj=01;31:*.taz=01;31:*.lha=01;31:*.lz4=01;31:*.lzh=01;31:*.lzma=01;31:*.tlz=01;31:*.txz=01;31:*.tzo=01;31:*.t7z=01;31:*.zip=01;31:*.z=01;31:*.dz=01;31:*.gz=01;31:*.lrz=01;31:*.lz=01;31:*.lzo=01;31:*.xz=01;31:*.zst=01;31:*.tzst=01;31:*.bz2=01;31:*.bz=01;31:*.tbz=01;31:*.tbz2=01;31:*.tz=01;31:*.deb=01;31:*.rpm=01;31:*.jar=01;31:*.war=01;31:*.ear=01;31:*.sar=01;31:*.rar=01;31:*.alz=01;31:*.ace=01;31:*.zoo=01;31:*.cpio=01;31:*.7z=01;31:*.rz=01;31:*.cab=01;31:*.wim=01;31:*.swm=01;31:*.dwm=01;31:*.esd=01;31:*.jpg=01;35:*.jpeg=01;35:*.mjpg=01;35:*.mjpeg=01;35:*.gif=01;35:*.bmp=01;35:*.pbm=01;35:*.pgm=01;35:*.ppm=01;35:*.tga=01;35:*.xbm=01;35:*.xpm=01;35:*.tif=01;35:*.tiff=01;35:*.png=01;35:*.svg=01;35:*.svgz=01;35:*.mng=01;35:*.pcx=01;35:*.mov=01;35:*.mpg=01;35:*.mpeg=01;35:*.m2v=01;35:*.mkv=01;35:*.webm=01;35:*.webp=01;35:*.ogm=01;35:*.mp4=01;35:*.m4v=01;35:*.mp4v=01;35:*.vob=01;35:*.qt=01;35:*.nuv=01;35:*.wmv=01;35:*.asf=01;35:*.rm=01;35:*.rmvb=01;35:*.flc=01;35:*.avi=01;35:*.fli=01;35:*.flv=01;35:*.gl=01;35:*.dl=01;35:*.xcf=01;35:*.xwd=01;35:*.yuv=01;35:*.cgm=01;35:*.emf=01;35:*.ogv=01;35:*.ogx=01;35:*.aac=00;36:*.au=00;36:*.flac=00;36:*.m4a=00;36:*.mid=00;36:*.midi=00;36:*.mka=00;36:*.mp3=00;36:*.mpc=00;36:*.ogg=00;36:*.ra=00;36:*.wav=00;36:*.oga=00;36:*.opus=00;36:*.spx=00;36:*.xspf=00;36:', 'SSH_AGENT_LAUNCHER': 'gnome-keyring', 'SSH_AUTH_SOCK': '/run/user/1000/keyring/ssh', 'AMENT_PREFIX_PATH': '/opt/ros/humble', 'SHELL': '/bin/bash', 'LC_NAME': 'de_CH.UTF-8', 'TERMINATOR_UUID': 'urn:uuid:1ec060db-acf4-41f1-80b6-79b3b5ec47a1', 'QT_ACCESSIBILITY': '1', 'GDMSESSION': 'ubuntu', 'LESSCLOSE': '/usr/bin/lesspipe %s %s', 'LC_MEASUREMENT': 'de_CH.UTF-8', 'GJS_DEBUG_OUTPUT': 'stderr', 'LC_IDENTIFICATION': 'de_CH.UTF-8', 'QT_IM_MODULE': 'ibus', 'PWD': '/home/arno/RoombaV2Onboard/build/mode_manager', 'LC_ALL': 'en_US.UTF-8', 'XDG_CONFIG_DIRS': '/etc/xdg/xdg-ubuntu:/etc/xdg', 'XDG_DATA_DIRS': '/usr/share/ubuntu:/usr/local/share/:/usr/share/:/var/lib/snapd/desktop', 'PYTHONPATH': '/home/arno/RoombaV2Onboard/build/mode_manager/prefix_override:/usr/lib/python3/dist-packages/colcon_core/task/python/colcon_distutils_commands:/home/arno/RoombaV2Onboard/install/mode_manager/lib/python3.10/site-packages:/opt/ros/humble/lib/python3.10/site-packages:/opt/ros/humble/local/lib/python3.10/dist-packages', 'LC_NUMERIC': 'de_CH.UTF-8', 'LC_PAPER': 'de_CH.UTF-8', 'COLCON': '1', 'VTE_VERSION': '6800'}, 'shell': False}
[1.904372] (-) TimerEvent: {}
[1.959834] (sllidar_ros2) StdoutLine: {'line': b'-- Found Python3: /usr/bin/python3 (found version "3.10.12") found components: Interpreter \n'}
[2.004486] (-) TimerEvent: {}
[2.086188] (sllidar_ros2) StdoutLine: {'line': b'-- Found rclcpp: 16.0.10 (/opt/ros/humble/share/rclcpp/cmake)\n'}
[2.104597] (-) TimerEvent: {}
[2.141610] (roombav2) StdoutLine: {'line': b'running egg_info\n'}
[2.142414] (roombav2) StdoutLine: {'line': b'creating ../../build/roombav2/roombav2.egg-info\n'}
[2.142794] (roombav2) StdoutLine: {'line': b'writing ../../build/roombav2/roombav2.egg-info/PKG-INFO\n'}
[2.143192] (roombav2) StdoutLine: {'line': b'writing dependency_links to ../../build/roombav2/roombav2.egg-info/dependency_links.txt\n'}
[2.143475] (roombav2) StdoutLine: {'line': b'writing entry points to ../../build/roombav2/roombav2.egg-info/entry_points.txt\n'}
[2.143703] (roombav2) StdoutLine: {'line': b'writing requirements to ../../build/roombav2/roombav2.egg-info/requires.txt\n'}
[2.143933] (roombav2) StdoutLine: {'line': b'writing top-level names to ../../build/roombav2/roombav2.egg-info/top_level.txt\n'}
[2.144189] (roombav2) StdoutLine: {'line': b"writing manifest file '../../build/roombav2/roombav2.egg-info/SOURCES.txt'\n"}
[2.146950] (roombav2) StdoutLine: {'line': b"reading manifest file '../../build/roombav2/roombav2.egg-info/SOURCES.txt'\n"}
[2.148105] (roombav2) StdoutLine: {'line': b"writing manifest file '../../build/roombav2/roombav2.egg-info/SOURCES.txt'\n"}
[2.148369] (roombav2) StdoutLine: {'line': b'running build\n'}
[2.148591] (roombav2) StdoutLine: {'line': b'running build_py\n'}
[2.149285] (sllidar_ros2) StdoutLine: {'line': b'-- Found rosidl_generator_c: 3.1.5 (/opt/ros/humble/share/rosidl_generator_c/cmake)\n'}
[2.149848] (roombav2) StdoutLine: {'line': b'creating /home/arno/RoombaV2Onboard/build/roombav2/build\n'}
[2.150153] (roombav2) StdoutLine: {'line': b'creating /home/arno/RoombaV2Onboard/build/roombav2/build/lib\n'}
[2.150343] (roombav2) StdoutLine: {'line': b'creating /home/arno/RoombaV2Onboard/build/roombav2/build/lib/roombav2\n'}
[2.150511] (roombav2) StdoutLine: {'line': b'copying roombav2/pwm_open_loop.py -> /home/arno/RoombaV2Onboard/build/roombav2/build/lib/roombav2\n'}
[2.150791] (roombav2) StdoutLine: {'line': b'copying roombav2/encoder_reader.py -> /home/arno/RoombaV2Onboard/build/roombav2/build/lib/roombav2\n'}
[2.150962] (roombav2) StdoutLine: {'line': b'copying roombav2/system_info.py -> /home/arno/RoombaV2Onboard/build/roombav2/build/lib/roombav2\n'}
[2.151186] (roombav2) StdoutLine: {'line': b'copying roombav2/__init__.py -> /home/arno/RoombaV2Onboard/build/roombav2/build/lib/roombav2\n'}
[2.151407] (roombav2) StdoutLine: {'line': b'copying roombav2/nav2_motor_controller.py -> /home/arno/RoombaV2Onboard/build/roombav2/build/lib/roombav2\n'}
[2.151571] (roombav2) StdoutLine: {'line': b'copying roombav2/motor_control.py -> /home/arno/RoombaV2Onboard/build/roombav2/build/lib/roombav2\n'}
[2.151732] (roombav2) StdoutLine: {'line': b'copying roombav2/joystick_motor_controller.py -> /home/arno/RoombaV2Onboard/build/roombav2/build/lib/roombav2\n'}
[2.151942] (roombav2) StdoutLine: {'line': b'running install\n'}
[2.152155] (roombav2) StdoutLine: {'line': b'running install_lib\n'}
[2.153103] (roombav2) StdoutLine: {'line': b'creating /home/arno/RoombaV2Onboard/install/roombav2/lib/python3.10/site-packages/roombav2\n'}
[2.153359] (roombav2) StdoutLine: {'line': b'copying /home/arno/RoombaV2Onboard/build/roombav2/build/lib/roombav2/pwm_open_loop.py -> /home/arno/RoombaV2Onboard/install/roombav2/lib/python3.10/site-packages/roombav2\n'}
[2.153586] (roombav2) StdoutLine: {'line': b'copying /home/arno/RoombaV2Onboard/build/roombav2/build/lib/roombav2/encoder_reader.py -> /home/arno/RoombaV2Onboard/install/roombav2/lib/python3.10/site-packages/roombav2\n'}
[2.153801] (roombav2) StdoutLine: {'line': b'copying /home/arno/RoombaV2Onboard/build/roombav2/build/lib/roombav2/system_info.py -> /home/arno/RoombaV2Onboard/install/roombav2/lib/python3.10/site-packages/roombav2\n'}
[2.154047] (roombav2) StdoutLine: {'line': b'copying /home/arno/RoombaV2Onboard/build/roombav2/build/lib/roombav2/__init__.py -> /home/arno/RoombaV2Onboard/install/roombav2/lib/python3.10/site-packages/roombav2\n'}
[2.154271] (roombav2) StdoutLine: {'line': b'copying /home/arno/RoombaV2Onboard/build/roombav2/build/lib/roombav2/nav2_motor_controller.py -> /home/arno/RoombaV2Onboard/install/roombav2/lib/python3.10/site-packages/roombav2\n'}
[2.154432] (roombav2) StdoutLine: {'line': b'copying /home/arno/RoombaV2Onboard/build/roombav2/build/lib/roombav2/motor_control.py -> /home/arno/RoombaV2Onboard/install/roombav2/lib/python3.10/site-packages/roombav2\n'}
[2.154585] (roombav2) StdoutLine: {'line': b'copying /home/arno/RoombaV2Onboard/build/roombav2/build/lib/roombav2/joystick_motor_controller.py -> /home/arno/RoombaV2Onboard/install/roombav2/lib/python3.10/site-packages/roombav2\n'}
[2.154820] (roombav2) StdoutLine: {'line': b'byte-compiling /home/arno/RoombaV2Onboard/install/roombav2/lib/python3.10/site-packages/roombav2/pwm_open_loop.py to pwm_open_loop.cpython-310.pyc\n'}
[2.156673] (sllidar_ros2) StdoutLine: {'line': b'-- Found rosidl_adapter: 3.1.5 (/opt/ros/humble/share/rosidl_adapter/cmake)\n'}
[2.156974] (roombav2) StdoutLine: {'line': b'byte-compiling /home/arno/RoombaV2Onboard/install/roombav2/lib/python3.10/site-packages/roombav2/encoder_reader.py to encoder_reader.cpython-310.pyc\n'}
[2.158274] (roombav2) StdoutLine: {'line': b'byte-compiling /home/arno/RoombaV2Onboard/install/roombav2/lib/python3.10/site-packages/roombav2/system_info.py to system_info.cpython-310.pyc\n'}
[2.158985] (roombav2) StdoutLine: {'line': b'byte-compiling /home/arno/RoombaV2Onboard/install/roombav2/lib/python3.10/site-packages/roombav2/__init__.py to __init__.cpython-310.pyc\n'}
[2.159236] (roombav2) StdoutLine: {'line': b'byte-compiling /home/arno/RoombaV2Onboard/install/roombav2/lib/python3.10/site-packages/roombav2/nav2_motor_controller.py to nav2_motor_controller.cpython-310.pyc\n'}
[2.160301] (roombav2) StdoutLine: {'line': b'byte-compiling /home/arno/RoombaV2Onboard/install/roombav2/lib/python3.10/site-packages/roombav2/motor_control.py to motor_control.cpython-310.pyc\n'}
[2.160561] (roombav2) StdoutLine: {'line': b'byte-compiling /home/arno/RoombaV2Onboard/install/roombav2/lib/python3.10/site-packages/roombav2/joystick_motor_controller.py to joystick_motor_controller.cpython-310.pyc\n'}
[2.160888] (RoverReceive) StdoutLine: {'line': b'running egg_info\n'}
[2.161808] (RoverReceive) StdoutLine: {'line': b'creating ../../build/RoverReceive/RoverReceive.egg-info\n'}
[2.162075] (RoverReceive) StdoutLine: {'line': b'writing ../../build/RoverReceive/RoverReceive.egg-info/PKG-INFO\n'}
[2.162381] (RoverReceive) StdoutLine: {'line': b'writing dependency_links to ../../build/RoverReceive/RoverReceive.egg-info/dependency_links.txt\n'}
[2.162609] (RoverReceive) StdoutLine: {'line': b'writing entry points to ../../build/RoverReceive/RoverReceive.egg-info/entry_points.txt\n'}
[2.162913] (roombav2) StdoutLine: {'line': b'running install_data\n'}
[2.163256] (roombav2) StdoutLine: {'line': b'creating /home/arno/RoombaV2Onboard/install/roombav2/share/ament_index\n'}
[2.163518] (RoverReceive) StdoutLine: {'line': b'writing requirements to ../../build/RoverReceive/RoverReceive.egg-info/requires.txt\n'}
[2.163752] (RoverReceive) StdoutLine: {'line': b'writing top-level names to ../../build/RoverReceive/RoverReceive.egg-info/top_level.txt\n'}
[2.163916] (roombav2) StdoutLine: {'line': b'creating /home/arno/RoombaV2Onboard/install/roombav2/share/ament_index/resource_index\n'}
[2.164172] (roombav2) StdoutLine: {'line': b'creating /home/arno/RoombaV2Onboard/install/roombav2/share/ament_index/resource_index/packages\n'}
[2.164380] (RoverReceive) StdoutLine: {'line': b"writing manifest file '../../build/RoverReceive/RoverReceive.egg-info/SOURCES.txt'\n"}
[2.164618] (roombav2) StdoutLine: {'line': b'copying resource/roombav2 -> /home/arno/RoombaV2Onboard/install/roombav2/share/ament_index/resource_index/packages\n'}
[2.164783] (roombav2) StdoutLine: {'line': b'copying package.xml -> /home/arno/RoombaV2Onboard/install/roombav2/share/roombav2\n'}
[2.164938] (roombav2) StdoutLine: {'line': b'copying roombav2/encoder_reader.py -> /home/arno/RoombaV2Onboard/install/roombav2/share/roombav2\n'}
[2.165099] (roombav2) StdoutLine: {'line': b'copying roombav2/joystick_motor_controller.py -> /home/arno/RoombaV2Onboard/install/roombav2/share/roombav2\n'}
[2.165343] (roombav2) StdoutLine: {'line': b'copying roombav2/nav2_motor_controller.py -> /home/arno/RoombaV2Onboard/install/roombav2/share/roombav2\n'}
[2.165527] (roombav2) StdoutLine: {'line': b'copying roombav2/system_info.py -> /home/arno/RoombaV2Onboard/install/roombav2/share/roombav2\n'}
[2.165692] (roombav2) StdoutLine: {'line': b'copying roombav2/pwm_open_loop.py -> /home/arno/RoombaV2Onboard/install/roombav2/share/roombav2\n'}
[2.165863] (roombav2) StdoutLine: {'line': b'creating /home/arno/RoombaV2Onboard/install/roombav2/share/roombav2/launch\n'}
[2.166016] (roombav2) StdoutLine: {'line': b'copying launch/nav2_bringup.launch.py -> /home/arno/RoombaV2Onboard/install/roombav2/share/roombav2/launch\n'}
[2.166258] (roombav2) StdoutLine: {'line': b'copying launch/microver.launch.py -> /home/arno/RoombaV2Onboard/install/roombav2/share/roombav2/launch\n'}
[2.166417] (roombav2) StdoutLine: {'line': b'creating /home/arno/RoombaV2Onboard/install/roombav2/share/roombav2/config\n'}
[2.166567] (roombav2) StdoutLine: {'line': b'copying config/amcl_params.yaml -> /home/arno/RoombaV2Onboard/install/roombav2/share/roombav2/config\n'}
[2.166724] (roombav2) StdoutLine: {'line': b'copying config/costmap_params.yaml -> /home/arno/RoombaV2Onboard/install/roombav2/share/roombav2/config\n'}
[2.166873] (roombav2) StdoutLine: {'line': b'copying config/planner_params.yaml -> /home/arno/RoombaV2Onboard/install/roombav2/share/roombav2/config\n'}
[2.167020] (roombav2) StdoutLine: {'line': b'copying config/slam_toolbox_params.yaml -> /home/arno/RoombaV2Onboard/install/roombav2/share/roombav2/config\n'}
[2.167248] (roombav2) StdoutLine: {'line': b'copying config/ekf.yaml -> /home/arno/RoombaV2Onboard/install/roombav2/share/roombav2/config\n'}
[2.167416] (roombav2) StdoutLine: {'line': b'copying config/twist_mux.yaml -> /home/arno/RoombaV2Onboard/install/roombav2/share/roombav2/config\n'}
[2.167571] (roombav2) StdoutLine: {'line': b'creating /home/arno/RoombaV2Onboard/install/roombav2/share/roombav2/models\n'}
[2.167730] (roombav2) StdoutLine: {'line': b'copying models/microver.urdf.xacro -> /home/arno/RoombaV2Onboard/install/roombav2/share/roombav2/models\n'}
[2.167864] (roombav2) StdoutLine: {'line': b'copying models/constants.xacro -> /home/arno/RoombaV2Onboard/install/roombav2/share/roombav2/models\n'}
[2.167999] (roombav2) StdoutLine: {'line': b'copying models/inertial_macros.xacro -> /home/arno/RoombaV2Onboard/install/roombav2/share/roombav2/models\n'}
[2.168150] (roombav2) StdoutLine: {'line': b'running install_egg_info\n'}
[2.168292] (RoverReceive) StdoutLine: {'line': b"reading manifest file '../../build/RoverReceive/RoverReceive.egg-info/SOURCES.txt'\n"}
[2.168449] (RoverReceive) StdoutLine: {'line': b"adding license file 'LICENSE'\n"}
[2.168670] (roombav2) StdoutLine: {'line': b'Copying ../../build/roombav2/roombav2.egg-info to /home/arno/RoombaV2Onboard/install/roombav2/lib/python3.10/site-packages/roombav2-0.0.0-py3.10.egg-info\n'}
[2.169553] (RoverReceive) StdoutLine: {'line': b"writing manifest file '../../build/RoverReceive/RoverReceive.egg-info/SOURCES.txt'\n"}
[2.169890] (roombav2) StdoutLine: {'line': b'running install_scripts\n'}
[2.170163] (sllidar_ros2) StdoutLine: {'line': b'-- Found rosidl_generator_cpp: 3.1.5 (/opt/ros/humble/share/rosidl_generator_cpp/cmake)\n'}
[2.170442] (RoverReceive) StdoutLine: {'line': b'running build\n'}
[2.170654] (RoverReceive) StdoutLine: {'line': b'running build_py\n'}
[2.170809] (RoverReceive) StdoutLine: {'line': b'creating /home/arno/RoombaV2Onboard/build/RoverReceive/build\n'}
[2.170967] (RoverReceive) StdoutLine: {'line': b'creating /home/arno/RoombaV2Onboard/build/RoverReceive/build/lib\n'}
[2.171127] (RoverReceive) StdoutLine: {'line': b'creating /home/arno/RoombaV2Onboard/build/RoverReceive/build/lib/RoverReceive\n'}
[2.171333] (RoverReceive) StdoutLine: {'line': b'copying RoverReceive/__init__.py -> /home/arno/RoombaV2Onboard/build/RoverReceive/build/lib/RoverReceive\n'}
[2.171488] (RoverReceive) StdoutLine: {'line': b'copying RoverReceive/receive_node.py -> /home/arno/RoombaV2Onboard/build/RoverReceive/build/lib/RoverReceive\n'}
[2.171637] (RoverReceive) StdoutLine: {'line': b'running install\n'}
[2.171825] (RoverReceive) StdoutLine: {'line': b'running install_lib\n'}
[2.172730] (RoverReceive) StdoutLine: {'line': b'creating /home/arno/RoombaV2Onboard/install/RoverReceive/lib/python3.10/site-packages/RoverReceive\n'}
[2.172989] (RoverReceive) StdoutLine: {'line': b'copying /home/arno/RoombaV2Onboard/build/RoverReceive/build/lib/RoverReceive/__init__.py -> /home/arno/RoombaV2Onboard/install/RoverReceive/lib/python3.10/site-packages/RoverReceive\n'}
[2.173222] (RoverReceive) StdoutLine: {'line': b'copying /home/arno/RoombaV2Onboard/build/RoverReceive/build/lib/RoverReceive/receive_node.py -> /home/arno/RoombaV2Onboard/install/RoverReceive/lib/python3.10/site-packages/RoverReceive\n'}
[2.173849] (RoverReceive) StdoutLine: {'line': b'byte-compiling /home/arno/RoombaV2Onboard/install/RoverReceive/lib/python3.10/site-packages/RoverReceive/__init__.py to __init__.cpython-310.pyc\n'}
[2.174197] (RoverReceive) StdoutLine: {'line': b'byte-compiling /home/arno/RoombaV2Onboard/install/RoverReceive/lib/python3.10/site-packages/RoverReceive/receive_node.py to receive_node.cpython-310.pyc\n'}
[2.175180] (RoverReceive) StdoutLine: {'line': b'running install_data\n'}
[2.175477] (RoverReceive) StdoutLine: {'line': b'creating /home/arno/RoombaV2Onboard/install/RoverReceive/share/ament_index\n'}
[2.175690] (RoverReceive) StdoutLine: {'line': b'creating /home/arno/RoombaV2Onboard/install/RoverReceive/share/ament_index/resource_index\n'}
[2.175854] (RoverReceive) StdoutLine: {'line': b'creating /home/arno/RoombaV2Onboard/install/RoverReceive/share/ament_index/resource_index/packages\n'}
[2.176007] (RoverReceive) StdoutLine: {'line': b'copying resource/RoverReceive -> /home/arno/RoombaV2Onboard/install/RoverReceive/share/ament_index/resource_index/packages\n'}
[2.176220] (RoverReceive) StdoutLine: {'line': b'copying package.xml -> /home/arno/RoombaV2Onboard/install/RoverReceive/share/RoverReceive\n'}
[2.176365] (RoverReceive) StdoutLine: {'line': b'running install_egg_info\n'}
[2.178803] (RoverReceive) StdoutLine: {'line': b'Copying ../../build/RoverReceive/RoverReceive.egg-info to /home/arno/RoombaV2Onboard/install/RoverReceive/lib/python3.10/site-packages/RoverReceive-0.0.0-py3.10.egg-info\n'}
[2.179933] (RoverReceive) StdoutLine: {'line': b'running install_scripts\n'}
[2.182558] (mode_manager) StdoutLine: {'line': b'running egg_info\n'}
[2.183417] (mode_manager) StdoutLine: {'line': b'creating ../../build/mode_manager/mode_manager.egg-info\n'}
[2.183813] (mode_manager) StdoutLine: {'line': b'writing ../../build/mode_manager/mode_manager.egg-info/PKG-INFO\n'}
[2.184182] (mode_manager) StdoutLine: {'line': b'writing dependency_links to ../../build/mode_manager/mode_manager.egg-info/dependency_links.txt\n'}
[2.184429] (mode_manager) StdoutLine: {'line': b'writing entry points to ../../build/mode_manager/mode_manager.egg-info/entry_points.txt\n'}
[2.184641] (mode_manager) StdoutLine: {'line': b'writing requirements to ../../build/mode_manager/mode_manager.egg-info/requires.txt\n'}
[2.184860] (mode_manager) StdoutLine: {'line': b'writing top-level names to ../../build/mode_manager/mode_manager.egg-info/top_level.txt\n'}
[2.185128] (mode_manager) StdoutLine: {'line': b"writing manifest file '../../build/mode_manager/mode_manager.egg-info/SOURCES.txt'\n"}
[2.187821] (mode_manager) StdoutLine: {'line': b"reading manifest file '../../build/mode_manager/mode_manager.egg-info/SOURCES.txt'\n"}
[2.188510] (sllidar_ros2) StdoutLine: {'line': b'-- Using all available rosidl_typesupport_c: rosidl_typesupport_fastrtps_c;rosidl_typesupport_introspection_c\n'}
[2.189973] (mode_manager) StdoutLine: {'line': b"writing manifest file '../../build/mode_manager/mode_manager.egg-info/SOURCES.txt'\n"}
[2.190286] (mode_manager) StdoutLine: {'line': b'running build\n'}
[2.190508] (mode_manager) StdoutLine: {'line': b'running build_py\n'}
[2.190654] (mode_manager) StdoutLine: {'line': b'creating /home/arno/RoombaV2Onboard/build/mode_manager/build\n'}
[2.190847] (mode_manager) StdoutLine: {'line': b'creating /home/arno/RoombaV2Onboard/build/mode_manager/build/lib\n'}
[2.191078] (mode_manager) StdoutLine: {'line': b'creating /home/arno/RoombaV2Onboard/build/mode_manager/build/lib/mode_manager\n'}
[2.191241] (mode_manager) StdoutLine: {'line': b'copying mode_manager/mode_manager.py -> /home/arno/RoombaV2Onboard/build/mode_manager/build/lib/mode_manager\n'}
[2.191381] (mode_manager) StdoutLine: {'line': b'copying mode_manager/__init__.py -> /home/arno/RoombaV2Onboard/build/mode_manager/build/lib/mode_manager\n'}
[2.191528] (mode_manager) StdoutLine: {'line': b'running install\n'}
[2.191731] (mode_manager) StdoutLine: {'line': b'running install_lib\n'}
[2.192438] (mode_manager) StdoutLine: {'line': b'creating /home/arno/RoombaV2Onboard/install/mode_manager/lib/python3.10/site-packages/mode_manager\n'}
[2.192683] (mode_manager) StdoutLine: {'line': b'copying /home/arno/RoombaV2Onboard/build/mode_manager/build/lib/mode_manager/mode_manager.py -> /home/arno/RoombaV2Onboard/install/mode_manager/lib/python3.10/site-packages/mode_manager\n'}
[2.192902] (mode_manager) StdoutLine: {'line': b'copying /home/arno/RoombaV2Onboard/build/mode_manager/build/lib/mode_manager/__init__.py -> /home/arno/RoombaV2Onboard/install/mode_manager/lib/python3.10/site-packages/mode_manager\n'}
[2.193279] (mode_manager) StdoutLine: {'line': b'byte-compiling /home/arno/RoombaV2Onboard/install/mode_manager/lib/python3.10/site-packages/mode_manager/mode_manager.py to mode_manager.cpython-310.pyc\n'}
[2.194185] (mode_manager) StdoutLine: {'line': b'byte-compiling /home/arno/RoombaV2Onboard/install/mode_manager/lib/python3.10/site-packages/mode_manager/__init__.py to __init__.cpython-310.pyc\n'}
[2.194434] (mode_manager) StdoutLine: {'line': b'running install_data\n'}
[2.194685] (mode_manager) StdoutLine: {'line': b'creating /home/arno/RoombaV2Onboard/install/mode_manager/share/ament_index\n'}
[2.194861] (mode_manager) StdoutLine: {'line': b'creating /home/arno/RoombaV2Onboard/install/mode_manager/share/ament_index/resource_index\n'}
[2.195019] (mode_manager) StdoutLine: {'line': b'creating /home/arno/RoombaV2Onboard/install/mode_manager/share/ament_index/resource_index/packages\n'}
[2.195255] (mode_manager) StdoutLine: {'line': b'copying resource/mode_manager -> /home/arno/RoombaV2Onboard/install/mode_manager/share/ament_index/resource_index/packages\n'}
[2.195413] (mode_manager) StdoutLine: {'line': b'copying package.xml -> /home/arno/RoombaV2Onboard/install/mode_manager/share/mode_manager\n'}
[2.195565] (mode_manager) StdoutLine: {'line': b'running install_egg_info\n'}
[2.197385] (mode_manager) StdoutLine: {'line': b'Copying ../../build/mode_manager/mode_manager.egg-info to /home/arno/RoombaV2Onboard/install/mode_manager/lib/python3.10/site-packages/mode_manager-0.0.0-py3.10.egg-info\n'}
[2.198384] (mode_manager) StdoutLine: {'line': b'running install_scripts\n'}
[2.198801] (roombav2) StdoutLine: {'line': b'Installing encoder_reader script to /home/arno/RoombaV2Onboard/install/roombav2/lib/roombav2\n'}
[2.199032] (roombav2) StdoutLine: {'line': b'Installing joystick_motor_controller script to /home/arno/RoombaV2Onboard/install/roombav2/lib/roombav2\n'}
[2.199281] (roombav2) StdoutLine: {'line': b'Installing nav2_motor_controller script to /home/arno/RoombaV2Onboard/install/roombav2/lib/roombav2\n'}
[2.199534] (roombav2) StdoutLine: {'line': b'Installing pwm_open_loop script to /home/arno/RoombaV2Onboard/install/roombav2/lib/roombav2\n'}
[2.199704] (roombav2) StdoutLine: {'line': b'Installing system_info script to /home/arno/RoombaV2Onboard/install/roombav2/lib/roombav2\n'}
[2.199923] (roombav2) StdoutLine: {'line': b"writing list of installed files to '/home/arno/RoombaV2Onboard/build/roombav2/install.log'\n"}
[2.204712] (-) TimerEvent: {}
[2.209443] (RoverReceive) StdoutLine: {'line': b'Installing receive_node script to /home/arno/RoombaV2Onboard/install/RoverReceive/lib/RoverReceive\n'}
[2.209914] (RoverReceive) StdoutLine: {'line': b"writing list of installed files to '/home/arno/RoombaV2Onboard/build/RoverReceive/install.log'\n"}
[2.216451] (sllidar_ros2) StdoutLine: {'line': b'-- Using all available rosidl_typesupport_cpp: rosidl_typesupport_fastrtps_cpp;rosidl_typesupport_introspection_cpp\n'}
[2.232411] (mode_manager) StdoutLine: {'line': b'Installing mode_manager script to /home/arno/RoombaV2Onboard/install/mode_manager/lib/mode_manager\n'}
[2.233026] (mode_manager) StdoutLine: {'line': b"writing list of installed files to '/home/arno/RoombaV2Onboard/build/mode_manager/install.log'\n"}
[2.238480] (roombav2) CommandEnded: {'returncode': 0}
[2.255530] (roombav2) JobEnded: {'identifier': 'roombav2', 'rc': 0}
[2.257730] (RoverReceive) CommandEnded: {'returncode': 0}
[2.266177] (RoverReceive) JobEnded: {'identifier': 'RoverReceive', 'rc': 0}
[2.273922] (mode_manager) CommandEnded: {'returncode': 0}
[2.281693] (mode_manager) JobEnded: {'identifier': 'mode_manager', 'rc': 0}
[2.292987] (sllidar_ros2) StdoutLine: {'line': b'-- Found rmw_implementation_cmake: 6.1.2 (/opt/ros/humble/share/rmw_implementation_cmake/cmake)\n'}
[2.297101] (sllidar_ros2) StdoutLine: {'line': b'-- Found rmw_fastrtps_cpp: 6.2.7 (/opt/ros/humble/share/rmw_fastrtps_cpp/cmake)\n'}
[2.304837] (-) TimerEvent: {}
[2.405168] (-) TimerEvent: {}
[2.418926] (sllidar_ros2) StdoutLine: {'line': b'-- Found OpenSSL: /usr/lib/x86_64-linux-gnu/libcrypto.so (found version "3.0.2")  \n'}
[2.462845] (sllidar_ros2) StdoutLine: {'line': b'-- Found FastRTPS: /opt/ros/humble/include  \n'}
[2.505261] (-) TimerEvent: {}
[2.521288] (sllidar_ros2) StdoutLine: {'line': b"-- Using RMW implementation 'rmw_fastrtps_cpp' as default\n"}
[2.542415] (sllidar_ros2) StdoutLine: {'line': b'-- Looking for pthread.h\n'}
[2.605386] (-) TimerEvent: {}
[2.639059] (sllidar_ros2) StdoutLine: {'line': b'-- Looking for pthread.h - found\n'}
[2.639636] (sllidar_ros2) StdoutLine: {'line': b'-- Performing Test CMAKE_HAVE_LIBC_PTHREAD\n'}
[2.705532] (-) TimerEvent: {}
[2.744118] (sllidar_ros2) StdoutLine: {'line': b'-- Performing Test CMAKE_HAVE_LIBC_PTHREAD - Success\n'}
[2.746551] (sllidar_ros2) StdoutLine: {'line': b'-- Found Threads: TRUE  \n'}
[2.805702] (-) TimerEvent: {}
[2.883834] (sllidar_ros2) StdoutLine: {'line': b'-- Found sensor_msgs: 4.2.4 (/opt/ros/humble/share/sensor_msgs/cmake)\n'}
[2.905842] (-) TimerEvent: {}
[2.937751] (sllidar_ros2) StdoutLine: {'line': b'-- Found std_srvs: 4.2.4 (/opt/ros/humble/share/std_srvs/cmake)\n'}
[3.005989] (-) TimerEvent: {}
[3.055473] (sllidar_ros2) StdoutLine: {'line': b'-- Configuring done\n'}
[3.078217] (sllidar_ros2) StdoutLine: {'line': b'-- Generating done\n'}
[3.081020] (sllidar_ros2) StdoutLine: {'line': b'-- Build files have been written to: /home/arno/RoombaV2Onboard/build/sllidar_ros2\n'}
[3.098516] (sllidar_ros2) CommandEnded: {'returncode': 0}
[3.099744] (sllidar_ros2) JobProgress: {'identifier': 'sllidar_ros2', 'progress': 'build'}
[3.102344] (sllidar_ros2) Command: {'cmd': ['/usr/bin/cmake', '--build', '/home/arno/RoombaV2Onboard/build/sllidar_ros2', '--', '-j8', '-l8'], 'cwd': '/home/arno/RoombaV2Onboard/build/sllidar_ros2', 'env': OrderedDict([('GJS_DEBUG_TOPICS', 'JS ERROR;JS LOG'), ('LESSOPEN', '| /usr/bin/lesspipe %s'), ('USER', 'arno'), ('LC_TIME', 'de_CH.UTF-8'), ('XDG_SESSION_TYPE', 'wayland'), ('SHLVL', '1'), ('LD_LIBRARY_PATH', '/usr/lib/x86_64-linux-gnu/gazebo-11/plugins:/opt/ros/humble/opt/rviz_ogre_vendor/lib:/opt/ros/humble/lib/x86_64-linux-gnu:/opt/ros/humble/lib'), ('HOME', '/home/arno'), ('OLDPWD', '/home/arno'), ('DESKTOP_SESSION', 'ubuntu'), ('GIO_LAUNCHED_DESKTOP_FILE', '/usr/share/applications/terminator.desktop'), ('ROS_PYTHON_VERSION', '3'), ('GNOME_SHELL_SESSION_MODE', 'ubuntu'), ('GTK_MODULES', 'gail:atk-bridge'), ('LC_MONETARY', 'de_CH.UTF-8'), ('MANAGERPID', '2349'), ('SYSTEMD_EXEC_PID', '2537'), ('DBUS_SESSION_BUS_ADDRESS', 'unix:path=/run/user/1000/bus'), ('COLORTERM', 'truecolor'), ('TERMINATOR_DBUS_NAME', 'net.tenshu.Terminator25ef4b219e3b005583550f2b0f9f990c3'), ('GIO_LAUNCHED_DESKTOP_FILE_PID', '8345'), ('IM_CONFIG_PHASE', '1'), ('WAYLAND_DISPLAY', 'wayland-0'), ('ROS_DISTRO', 'humble'), ('LOGNAME', 'arno'), ('JOURNAL_STREAM', '8:16054'), ('_', '/usr/bin/colcon'), ('ROS_VERSION', '2'), ('XDG_SESSION_CLASS', 'user'), ('USERNAME', 'arno'), ('TERM', 'xterm-256color'), ('GNOME_DESKTOP_SESSION_ID', 'this-is-deprecated'), ('ROS_LOCALHOST_ONLY', '0'), ('PATH', '/opt/ros/humble/bin:/home/arno/.local/bin:/usr/local/sbin:/usr/local/bin:/usr/sbin:/usr/bin:/sbin:/bin:/usr/games:/usr/local/games:/snap/bin:/snap/bin'), ('SESSION_MANAGER', 'local/laptopal:@/tmp/.ICE-unix/2504,unix/laptopal:/tmp/.ICE-unix/2504'), ('INVOCATION_ID', '5983a2e36bfc45d3b3db0123805fa72b'), ('XDG_MENU_PREFIX', 'gnome-'), ('LC_ADDRESS', 'de_CH.UTF-8'), ('GNOME_SETUP_DISPLAY', ':1'), ('XDG_RUNTIME_DIR', '/run/user/1000'), ('DISPLAY', ':0'), ('TERMINATOR_DBUS_PATH', '/net/tenshu/Terminator2'), ('LANG', 'en_US.UTF-8'), ('XDG_CURRENT_DESKTOP', 'ubuntu:GNOME'), ('IBUS_DISABLE_SNOOPER', '1'), ('LC_TELEPHONE', 'de_CH.UTF-8'), ('XMODIFIERS', '@im=ibus'), ('XDG_SESSION_DESKTOP', 'ubuntu'), ('XAUTHORITY', '/run/user/1000/.mutter-Xwaylandauth.K6TAU2'), ('LS_COLORS', 'rs=0:di=01;34:ln=01;36:mh=00:pi=40;33:so=01;35:do=01;35:bd=40;33;01:cd=40;33;01:or=40;31;01:mi=00:su=37;41:sg=30;43:ca=30;41:tw=30;42:ow=34;42:st=37;44:ex=01;32:*.tar=01;31:*.tgz=01;31:*.arc=01;31:*.arj=01;31:*.taz=01;31:*.lha=01;31:*.lz4=01;31:*.lzh=01;31:*.lzma=01;31:*.tlz=01;31:*.txz=01;31:*.tzo=01;31:*.t7z=01;31:*.zip=01;31:*.z=01;31:*.dz=01;31:*.gz=01;31:*.lrz=01;31:*.lz=01;31:*.lzo=01;31:*.xz=01;31:*.zst=01;31:*.tzst=01;31:*.bz2=01;31:*.bz=01;31:*.tbz=01;31:*.tbz2=01;31:*.tz=01;31:*.deb=01;31:*.rpm=01;31:*.jar=01;31:*.war=01;31:*.ear=01;31:*.sar=01;31:*.rar=01;31:*.alz=01;31:*.ace=01;31:*.zoo=01;31:*.cpio=01;31:*.7z=01;31:*.rz=01;31:*.cab=01;31:*.wim=01;31:*.swm=01;31:*.dwm=01;31:*.esd=01;31:*.jpg=01;35:*.jpeg=01;35:*.mjpg=01;35:*.mjpeg=01;35:*.gif=01;35:*.bmp=01;35:*.pbm=01;35:*.pgm=01;35:*.ppm=01;35:*.tga=01;35:*.xbm=01;35:*.xpm=01;35:*.tif=01;35:*.tiff=01;35:*.png=01;35:*.svg=01;35:*.svgz=01;35:*.mng=01;35:*.pcx=01;35:*.mov=01;35:*.mpg=01;35:*.mpeg=01;35:*.m2v=01;35:*.mkv=01;35:*.webm=01;35:*.webp=01;35:*.ogm=01;35:*.mp4=01;35:*.m4v=01;35:*.mp4v=01;35:*.vob=01;35:*.qt=01;35:*.nuv=01;35:*.wmv=01;35:*.asf=01;35:*.rm=01;35:*.rmvb=01;35:*.flc=01;35:*.avi=01;35:*.fli=01;35:*.flv=01;35:*.gl=01;35:*.dl=01;35:*.xcf=01;35:*.xwd=01;35:*.yuv=01;35:*.cgm=01;35:*.emf=01;35:*.ogv=01;35:*.ogx=01;35:*.aac=00;36:*.au=00;36:*.flac=00;36:*.m4a=00;36:*.mid=00;36:*.midi=00;36:*.mka=00;36:*.mp3=00;36:*.mpc=00;36:*.ogg=00;36:*.ra=00;36:*.wav=00;36:*.oga=00;36:*.opus=00;36:*.spx=00;36:*.xspf=00;36:'), ('SSH_AGENT_LAUNCHER', 'gnome-keyring'), ('SSH_AUTH_SOCK', '/run/user/1000/keyring/ssh'), ('AMENT_PREFIX_PATH', '/opt/ros/humble'), ('SHELL', '/bin/bash'), ('LC_NAME', 'de_CH.UTF-8'), ('TERMINATOR_UUID', 'urn:uuid:1ec060db-acf4-41f1-80b6-79b3b5ec47a1'), ('QT_ACCESSIBILITY', '1'), ('GDMSESSION', 'ubuntu'), ('LESSCLOSE', '/usr/bin/lesspipe %s %s'), ('LC_MEASUREMENT', 'de_CH.UTF-8'), ('GJS_DEBUG_OUTPUT', 'stderr'), ('LC_IDENTIFICATION', 'de_CH.UTF-8'), ('QT_IM_MODULE', 'ibus'), ('PWD', '/home/arno/RoombaV2Onboard/build/sllidar_ros2'), ('LC_ALL', 'en_US.UTF-8'), ('XDG_CONFIG_DIRS', '/etc/xdg/xdg-ubuntu:/etc/xdg'), ('XDG_DATA_DIRS', '/usr/share/ubuntu:/usr/local/share/:/usr/share/:/var/lib/snapd/desktop'), ('PYTHONPATH', '/opt/ros/humble/lib/python3.10/site-packages:/opt/ros/humble/local/lib/python3.10/dist-packages'), ('LC_NUMERIC', 'de_CH.UTF-8'), ('LC_PAPER', 'de_CH.UTF-8'), ('COLCON', '1'), ('VTE_VERSION', '6800'), ('CMAKE_PREFIX_PATH', '/opt/ros/humble')]), 'shell': False}
[3.106118] (-) TimerEvent: {}
[3.204813] (sllidar_ros2) StdoutLine: {'line': b'[  5%] \x1b[32mBuilding CXX object CMakeFiles/sllidar_client.dir/src/sllidar_client.cpp.o\x1b[0m\n'}
[3.205889] (sllidar_ros2) StdoutLine: {'line': b'[ 10%] \x1b[32mBuilding CXX object CMakeFiles/sllidar_node.dir/src/sllidar_node.cpp.o\x1b[0m\n'}
[3.206240] (-) TimerEvent: {}
[3.206538] (sllidar_ros2) StdoutLine: {'line': b'[ 15%] \x1b[32mBuilding CXX object CMakeFiles/sllidar_node.dir/sdk/src/arch/linux/net_serial.cpp.o\x1b[0m\n'}
[3.206841] (sllidar_ros2) StdoutLine: {'line': b'[ 20%] \x1b[32mBuilding CXX object CMakeFiles/sllidar_node.dir/sdk/src/arch/linux/net_socket.cpp.o\x1b[0m\n'}
[3.207071] (sllidar_ros2) StdoutLine: {'line': b'[ 25%] \x1b[32mBuilding CXX object CMakeFiles/sllidar_node.dir/sdk/src/arch/linux/timer.cpp.o\x1b[0m\n'}
[3.207326] (sllidar_ros2) StdoutLine: {'line': b'[ 30%] \x1b[32mBuilding CXX object CMakeFiles/sllidar_node.dir/sdk/src/dataunpacker/dataunpacker.cpp.o\x1b[0m\n'}
[3.207554] (sllidar_ros2) StdoutLine: {'line': b'[ 35%] \x1b[32mBuilding CXX object CMakeFiles/sllidar_node.dir/sdk/src/dataunpacker/unpacker/handler_capsules.cpp.o\x1b[0m\n'}
[3.207775] (sllidar_ros2) StdoutLine: {'line': b'[ 40%] \x1b[32mBuilding CXX object CMakeFiles/sllidar_node.dir/sdk/src/dataunpacker/unpacker/handler_hqnode.cpp.o\x1b[0m\n'}
[3.306399] (-) TimerEvent: {}
[3.409117] (-) TimerEvent: {}
[3.510654] (-) TimerEvent: {}
[3.614176] (-) TimerEvent: {}
[3.714608] (-) TimerEvent: {}
[3.818175] (-) TimerEvent: {}
[3.918577] (-) TimerEvent: {}
[4.018984] (-) TimerEvent: {}
[4.121080] (-) TimerEvent: {}
[4.161398] (sllidar_ros2) StderrLine: {'line': b'In file included from \x1b[01m\x1b[K/home/arno/RoombaV2Onboard/src/sllidar_ros2/./sdk/include/rplidar_protocol.h:36\x1b[m\x1b[K,\n'}
[4.161742] (sllidar_ros2) StderrLine: {'line': b'                 from \x1b[01m\x1b[K/home/arno/RoombaV2Onboard/src/sllidar_ros2/./sdk/include/rplidar.h:39\x1b[m\x1b[K,\n'}
[4.161946] (sllidar_ros2) StderrLine: {'line': b'                 from \x1b[01m\x1b[K/home/arno/RoombaV2Onboard/src/sllidar_ros2/./sdk/src/sdkcommon.h:49\x1b[m\x1b[K,\n'}
[4.162133] (sllidar_ros2) StderrLine: {'line': b'                 from \x1b[01m\x1b[K/home/arno/RoombaV2Onboard/src/sllidar_ros2/sdk/src/dataunpacker/unpacker/../dataunnpacker_commondef.h:41\x1b[m\x1b[K,\n'}
[4.162314] (sllidar_ros2) StderrLine: {'line': b'                 from \x1b[01m\x1b[K/home/arno/RoombaV2Onboard/src/sllidar_ros2/sdk/src/dataunpacker/unpacker/handler_hqnode.cpp:39\x1b[m\x1b[K:\n'}
[4.162473] (sllidar_ros2) StderrLine: {'line': b'\x1b[01m\x1b[K/home/arno/RoombaV2Onboard/src/sllidar_ros2/./sdk/include/sl_lidar_protocol.h:66:16:\x1b[m\x1b[K \x1b[01;35m\x1b[Kwarning: \x1b[m\x1b[KISO C++ forbids zero-size array \xe2\x80\x98\x1b[01m\x1b[Kdata\x1b[m\x1b[K\xe2\x80\x99 [\x1b[01;35m\x1b[K\x1b]8;;https://gcc.gnu.org/onlinedocs/gcc/Warning-Options.html#index-Wpedantic\x07-Wpedantic\x1b]8;;\x07\x1b[m\x1b[K]\n'}
[4.162648] (sllidar_ros2) StderrLine: {'line': b'   66 |     sl_u8 data[\x1b[01;35m\x1b[K0\x1b[m\x1b[K];\n'}
[4.162806] (sllidar_ros2) StderrLine: {'line': b'      |                \x1b[01;35m\x1b[K^\x1b[m\x1b[K\n'}
[4.162961] (sllidar_ros2) StderrLine: {'line': b'In file included from \x1b[01m\x1b[K/home/arno/RoombaV2Onboard/src/sllidar_ros2/./sdk/include/rplidar_cmd.h:36\x1b[m\x1b[K,\n'}
[4.163128] (sllidar_ros2) StderrLine: {'line': b'                 from \x1b[01m\x1b[K/home/arno/RoombaV2Onboard/src/sllidar_ros2/./sdk/include/rplidar.h:40\x1b[m\x1b[K,\n'}
[4.163299] (sllidar_ros2) StderrLine: {'line': b'                 from \x1b[01m\x1b[K/home/arno/RoombaV2Onboard/src/sllidar_ros2/./sdk/src/sdkcommon.h:49\x1b[m\x1b[K,\n'}
[4.163471] (sllidar_ros2) StderrLine: {'line': b'                 from \x1b[01m\x1b[K/home/arno/RoombaV2Onboard/src/sllidar_ros2/sdk/src/dataunpacker/unpacker/../dataunnpacker_commondef.h:41\x1b[m\x1b[K,\n'}
[4.163625] (sllidar_ros2) StderrLine: {'line': b'                 from \x1b[01m\x1b[K/home/arno/RoombaV2Onboard/src/sllidar_ros2/sdk/src/dataunpacker/unpacker/handler_hqnode.cpp:39\x1b[m\x1b[K:\n'}
[4.163777] (sllidar_ros2) StderrLine: {'line': b'\x1b[01m\x1b[K/home/arno/RoombaV2Onboard/src/sllidar_ros2/./sdk/include/sl_lidar_cmd.h:324:20:\x1b[m\x1b[K \x1b[01;35m\x1b[Kwarning: \x1b[m\x1b[KISO C++ forbids zero-size array \xe2\x80\x98\x1b[01m\x1b[Kpayload\x1b[m\x1b[K\xe2\x80\x99 [\x1b[01;35m\x1b[K\x1b]8;;https://gcc.gnu.org/onlinedocs/gcc/Warning-Options.html#index-Wpedantic\x07-Wpedantic\x1b]8;;\x07\x1b[m\x1b[K]\n'}
[4.163938] (sllidar_ros2) StderrLine: {'line': b'  324 |     sl_u8  payload[\x1b[01;35m\x1b[K0\x1b[m\x1b[K];\n'}
[4.164100] (sllidar_ros2) StderrLine: {'line': b'      |                    \x1b[01;35m\x1b[K^\x1b[m\x1b[K\n'}
[4.189163] (sllidar_ros2) StderrLine: {'line': b'In file included from \x1b[01m\x1b[K/home/arno/RoombaV2Onboard/src/sllidar_ros2/./sdk/include/rplidar_protocol.h:36\x1b[m\x1b[K,\n'}
[4.189470] (sllidar_ros2) StderrLine: {'line': b'                 from \x1b[01m\x1b[K/home/arno/RoombaV2Onboard/src/sllidar_ros2/./sdk/include/rplidar.h:39\x1b[m\x1b[K,\n'}
[4.189649] (sllidar_ros2) StderrLine: {'line': b'                 from \x1b[01m\x1b[K/home/arno/RoombaV2Onboard/src/sllidar_ros2/./sdk/src/sdkcommon.h:49\x1b[m\x1b[K,\n'}
[4.189805] (sllidar_ros2) StderrLine: {'line': b'                 from \x1b[01m\x1b[K/home/arno/RoombaV2Onboard/src/sllidar_ros2/sdk/src/arch/linux/net_socket.cpp:10\x1b[m\x1b[K:\n'}
[4.189957] (sllidar_ros2) StderrLine: {'line': b'\x1b[01m\x1b[K/home/arno/RoombaV2Onboard/src/sllidar_ros2/./sdk/include/sl_lidar_protocol.h:66:16:\x1b[m\x1b[K \x1b[01;35m\x1b[Kwarning: \x1b[m\x1b[KISO C++ forbids zero-size array \xe2\x80\x98\x1b[01m\x1b[Kdata\x1b[m\x1b[K\xe2\x80\x99 [\x1b[01;35m\x1b[K\x1b]8;;https://gcc.gnu.org/onlinedocs/gcc/Warning-Options.html#index-Wpedantic\x07-Wpedantic\x1b]8;;\x07\x1b[m\x1b[K]\n'}
[4.190130] (sllidar_ros2) StderrLine: {'line': b'   66 |     sl_u8 data[\x1b[01;35m\x1b[K0\x1b[m\x1b[K];\n'}
[4.190303] (sllidar_ros2) StderrLine: {'line': b'      |                \x1b[01;35m\x1b[K^\x1b[m\x1b[K\n'}
[4.190452] (sllidar_ros2) StderrLine: {'line': b'In file included from \x1b[01m\x1b[K/home/arno/RoombaV2Onboard/src/sllidar_ros2/./sdk/include/rplidar_cmd.h:36\x1b[m\x1b[K,\n'}
[4.190603] (sllidar_ros2) StderrLine: {'line': b'                 from \x1b[01m\x1b[K/home/arno/RoombaV2Onboard/src/sllidar_ros2/./sdk/include/rplidar.h:40\x1b[m\x1b[K,\n'}
[4.190766] (sllidar_ros2) StderrLine: {'line': b'                 from \x1b[01m\x1b[K/home/arno/RoombaV2Onboard/src/sllidar_ros2/./sdk/src/sdkcommon.h:49\x1b[m\x1b[K,\n'}
[4.190916] (sllidar_ros2) StderrLine: {'line': b'                 from \x1b[01m\x1b[K/home/arno/RoombaV2Onboard/src/sllidar_ros2/sdk/src/arch/linux/net_socket.cpp:10\x1b[m\x1b[K:\n'}
[4.191068] (sllidar_ros2) StderrLine: {'line': b'\x1b[01m\x1b[K/home/arno/RoombaV2Onboard/src/sllidar_ros2/./sdk/include/sl_lidar_cmd.h:324:20:\x1b[m\x1b[K \x1b[01;35m\x1b[Kwarning: \x1b[m\x1b[KISO C++ forbids zero-size array \xe2\x80\x98\x1b[01m\x1b[Kpayload\x1b[m\x1b[K\xe2\x80\x99 [\x1b[01;35m\x1b[K\x1b]8;;https://gcc.gnu.org/onlinedocs/gcc/Warning-Options.html#index-Wpedantic\x07-Wpedantic\x1b]8;;\x07\x1b[m\x1b[K]\n'}
[4.191252] (sllidar_ros2) StderrLine: {'line': b'  324 |     sl_u8  payload[\x1b[01;35m\x1b[K0\x1b[m\x1b[K];\n'}
[4.191406] (sllidar_ros2) StderrLine: {'line': b'      |                    \x1b[01;35m\x1b[K^\x1b[m\x1b[K\n'}
[4.195147] (sllidar_ros2) StderrLine: {'line': b'In file included from \x1b[01m\x1b[K/home/arno/RoombaV2Onboard/src/sllidar_ros2/./sdk/include/rplidar_protocol.h:36\x1b[m\x1b[K,\n'}
[4.195437] (sllidar_ros2) StderrLine: {'line': b'                 from \x1b[01m\x1b[K/home/arno/RoombaV2Onboard/src/sllidar_ros2/./sdk/include/rplidar.h:39\x1b[m\x1b[K,\n'}
[4.195609] (sllidar_ros2) StderrLine: {'line': b'                 from \x1b[01m\x1b[K/home/arno/RoombaV2Onboard/src/sllidar_ros2/./sdk/src/sdkcommon.h:49\x1b[m\x1b[K,\n'}
[4.195762] (sllidar_ros2) StderrLine: {'line': b'                 from \x1b[01m\x1b[K/home/arno/RoombaV2Onboard/src/sllidar_ros2/sdk/src/dataunpacker/dataunnpacker_commondef.h:41\x1b[m\x1b[K,\n'}
[4.196076] (sllidar_ros2) StderrLine: {'line': b'                 from \x1b[01m\x1b[K/home/arno/RoombaV2Onboard/src/sllidar_ros2/sdk/src/dataunpacker/dataunpacker.cpp:39\x1b[m\x1b[K:\n'}
[4.196255] (sllidar_ros2) StderrLine: {'line': b'\x1b[01m\x1b[K/home/arno/RoombaV2Onboard/src/sllidar_ros2/./sdk/include/sl_lidar_protocol.h:66:16:\x1b[m\x1b[K \x1b[01;35m\x1b[Kwarning: \x1b[m\x1b[KISO C++ forbids zero-size array \xe2\x80\x98\x1b[01m\x1b[Kdata\x1b[m\x1b[K\xe2\x80\x99 [\x1b[01;35m\x1b[K\x1b]8;;https://gcc.gnu.org/onlinedocs/gcc/Warning-Options.html#index-Wpedantic\x07-Wpedantic\x1b]8;;\x07\x1b[m\x1b[K]\n'}
[4.196420] (sllidar_ros2) StderrLine: {'line': b'   66 |     sl_u8 data[\x1b[01;35m\x1b[K0\x1b[m\x1b[K];\n'}
[4.196570] (sllidar_ros2) StderrLine: {'line': b'      |                \x1b[01;35m\x1b[K^\x1b[m\x1b[K\n'}
[4.196716] (sllidar_ros2) StderrLine: {'line': b'In file included from \x1b[01m\x1b[K/home/arno/RoombaV2Onboard/src/sllidar_ros2/./sdk/include/rplidar_protocol.h:36\x1b[m\x1b[K,\n'}
[4.196864] (sllidar_ros2) StderrLine: {'line': b'                 from \x1b[01m\x1b[K/home/arno/RoombaV2Onboard/src/sllidar_ros2/./sdk/include/rplidar.h:39\x1b[m\x1b[K,\n'}
[4.197032] (sllidar_ros2) StderrLine: {'line': b'                 from \x1b[01m\x1b[K/home/arno/RoombaV2Onboard/src/sllidar_ros2/./sdk/src/sdkcommon.h:49\x1b[m\x1b[K,\n'}
[4.200344] (sllidar_ros2) StderrLine: {'line': b'                 from \x1b[01m\x1b[K/home/arno/RoombaV2Onboard/src/sllidar_ros2/sdk/src/dataunpacker/unpacker/../dataunnpacker_commondef.h:41\x1b[m\x1b[K,\n'}
[4.200558] (sllidar_ros2) StderrLine: {'line': b'                 from \x1b[01m\x1b[K/home/arno/RoombaV2Onboard/src/sllidar_ros2/sdk/src/dataunpacker/unpacker/handler_capsules.cpp:39\x1b[m\x1b[K:\n'}
[4.200724] (sllidar_ros2) StderrLine: {'line': b'\x1b[01m\x1b[K/home/arno/RoombaV2Onboard/src/sllidar_ros2/./sdk/include/sl_lidar_protocol.h:66:16:\x1b[m\x1b[K \x1b[01;35m\x1b[Kwarning: \x1b[m\x1b[KISO C++ forbids zero-size array \xe2\x80\x98\x1b[01m\x1b[Kdata\x1b[m\x1b[K\xe2\x80\x99 [\x1b[01;35m\x1b[K\x1b]8;;https://gcc.gnu.org/onlinedocs/gcc/Warning-Options.html#index-Wpedantic\x07-Wpedantic\x1b]8;;\x07\x1b[m\x1b[K]\n'}
[4.200914] (sllidar_ros2) StderrLine: {'line': b'   66 |     sl_u8 data[\x1b[01;35m\x1b[K0\x1b[m\x1b[K];\n'}
[4.201072] (sllidar_ros2) StderrLine: {'line': b'      |                \x1b[01;35m\x1b[K^\x1b[m\x1b[K\n'}
[4.201248] (sllidar_ros2) StderrLine: {'line': b'In file included from \x1b[01m\x1b[K/home/arno/RoombaV2Onboard/src/sllidar_ros2/./sdk/include/rplidar_cmd.h:36\x1b[m\x1b[K,\n'}
[4.201409] (sllidar_ros2) StderrLine: {'line': b'                 from \x1b[01m\x1b[K/home/arno/RoombaV2Onboard/src/sllidar_ros2/./sdk/include/rplidar.h:40\x1b[m\x1b[K,\n'}
[4.201563] (sllidar_ros2) StderrLine: {'line': b'                 from \x1b[01m\x1b[K/home/arno/RoombaV2Onboard/src/sllidar_ros2/./sdk/src/sdkcommon.h:49\x1b[m\x1b[K,\n'}
[4.201715] (sllidar_ros2) StderrLine: {'line': b'                 from \x1b[01m\x1b[K/home/arno/RoombaV2Onboard/src/sllidar_ros2/sdk/src/dataunpacker/unpacker/../dataunnpacker_commondef.h:41\x1b[m\x1b[K,\n'}
[4.201869] (sllidar_ros2) StderrLine: {'line': b'                 from \x1b[01m\x1b[K/home/arno/RoombaV2Onboard/src/sllidar_ros2/sdk/src/dataunpacker/unpacker/handler_capsules.cpp:39\x1b[m\x1b[K:\n'}
[4.202022] (sllidar_ros2) StderrLine: {'line': b'\x1b[01m\x1b[K/home/arno/RoombaV2Onboard/src/sllidar_ros2/./sdk/include/sl_lidar_cmd.h:324:20:\x1b[m\x1b[K \x1b[01;35m\x1b[Kwarning: \x1b[m\x1b[KISO C++ forbids zero-size array \xe2\x80\x98\x1b[01m\x1b[Kpayload\x1b[m\x1b[K\xe2\x80\x99 [\x1b[01;35m\x1b[K\x1b]8;;https://gcc.gnu.org/onlinedocs/gcc/Warning-Options.html#index-Wpedantic\x07-Wpedantic\x1b]8;;\x07\x1b[m\x1b[K]\n'}
[4.202213] (sllidar_ros2) StderrLine: {'line': b'  324 |     sl_u8  payload[\x1b[01;35m\x1b[K0\x1b[m\x1b[K];\n'}
[4.202372] (sllidar_ros2) StderrLine: {'line': b'      |                    \x1b[01;35m\x1b[K^\x1b[m\x1b[K\n'}
[4.202522] (sllidar_ros2) StderrLine: {'line': b'In file included from \x1b[01m\x1b[K/home/arno/RoombaV2Onboard/src/sllidar_ros2/./sdk/include/rplidar_cmd.h:36\x1b[m\x1b[K,\n'}
[4.202678] (sllidar_ros2) StderrLine: {'line': b'                 from \x1b[01m\x1b[K/home/arno/RoombaV2Onboard/src/sllidar_ros2/./sdk/include/rplidar.h:40\x1b[m\x1b[K,\n'}
[4.202834] (sllidar_ros2) StderrLine: {'line': b'                 from \x1b[01m\x1b[K/home/arno/RoombaV2Onboard/src/sllidar_ros2/./sdk/src/sdkcommon.h:49\x1b[m\x1b[K,\n'}
[4.202989] (sllidar_ros2) StderrLine: {'line': b'                 from \x1b[01m\x1b[K/home/arno/RoombaV2Onboard/src/sllidar_ros2/sdk/src/dataunpacker/dataunnpacker_commondef.h:41\x1b[m\x1b[K,\n'}
[4.203152] (sllidar_ros2) StderrLine: {'line': b'                 from \x1b[01m\x1b[K/home/arno/RoombaV2Onboard/src/sllidar_ros2/sdk/src/dataunpacker/dataunpacker.cpp:39\x1b[m\x1b[K:\n'}
[4.203313] (sllidar_ros2) StderrLine: {'line': b'\x1b[01m\x1b[K/home/arno/RoombaV2Onboard/src/sllidar_ros2/./sdk/include/sl_lidar_cmd.h:324:20:\x1b[m\x1b[K \x1b[01;35m\x1b[Kwarning: \x1b[m\x1b[KISO C++ forbids zero-size array \xe2\x80\x98\x1b[01m\x1b[Kpayload\x1b[m\x1b[K\xe2\x80\x99 [\x1b[01;35m\x1b[K\x1b]8;;https://gcc.gnu.org/onlinedocs/gcc/Warning-Options.html#index-Wpedantic\x07-Wpedantic\x1b]8;;\x07\x1b[m\x1b[K]\n'}
[4.203475] (sllidar_ros2) StderrLine: {'line': b'  324 |     sl_u8  payload[\x1b[01;35m\x1b[K0\x1b[m\x1b[K];\n'}
[4.203630] (sllidar_ros2) StderrLine: {'line': b'      |                    \x1b[01;35m\x1b[K^\x1b[m\x1b[K\n'}
[4.223172] (-) TimerEvent: {}
[4.300158] (sllidar_ros2) StdoutLine: {'line': b'[ 45%] \x1b[32mBuilding CXX object CMakeFiles/sllidar_node.dir/sdk/src/dataunpacker/unpacker/handler_normalnode.cpp.o\x1b[0m\n'}
[4.320932] (sllidar_ros2) StderrLine: {'line': b'In file included from \x1b[01m\x1b[K/home/arno/RoombaV2Onboard/src/sllidar_ros2/./sdk/src/arch/linux/arch_linux.h:42\x1b[m\x1b[K,\n'}
[4.321247] (sllidar_ros2) StderrLine: {'line': b'                 from \x1b[01m\x1b[K/home/arno/RoombaV2Onboard/src/sllidar_ros2/./sdk/src/sdkcommon.h:41\x1b[m\x1b[K,\n'}
[4.321443] (sllidar_ros2) StderrLine: {'line': b'                 from \x1b[01m\x1b[K/home/arno/RoombaV2Onboard/src/sllidar_ros2/sdk/src/arch/linux/net_socket.cpp:10\x1b[m\x1b[K:\n'}
[4.321603] (sllidar_ros2) StderrLine: {'line': b'\x1b[01m\x1b[K/home/arno/RoombaV2Onboard/src/sllidar_ros2/sdk/src/arch/linux/net_socket.cpp:\x1b[m\x1b[K In member function \xe2\x80\x98\x1b[01m\x1b[Kvirtual u_result rp::arch::net::DGramSocketImpl::sendTo(const rp::net::SocketAddress*, const void*, size_t)\x1b[m\x1b[K\xe2\x80\x99:\n'}
[4.321772] (sllidar_ros2) StderrLine: {'line': b'\x1b[01m\x1b[K/home/arno/RoombaV2Onboard/src/sllidar_ros2/sdk/src/arch/linux/net_socket.cpp:733:24:\x1b[m\x1b[K \x1b[01;35m\x1b[Kwarning: \x1b[m\x1b[Kcomparison of integer expressions of different signedness: \xe2\x80\x98\x1b[01m\x1b[Kint\x1b[m\x1b[K\xe2\x80\x99 and \xe2\x80\x98\x1b[01m\x1b[Ksize_t\x1b[m\x1b[K\xe2\x80\x99 {aka \xe2\x80\x98\x1b[01m\x1b[Klong unsigned int\x1b[m\x1b[K\xe2\x80\x99} [\x1b[01;35m\x1b[K\x1b]8;;https://gcc.gnu.org/onlinedocs/gcc/Warning-Options.html#index-Wsign-compare\x07-Wsign-compare\x1b]8;;\x07\x1b[m\x1b[K]\n'}
[4.321945] (sllidar_ros2) StderrLine: {'line': b'  733 |             assert(\x1b[01;35m\x1b[Kans == len\x1b[m\x1b[K);\n'}
[4.322105] (sllidar_ros2) StderrLine: {'line': b'      |                    \x1b[01;35m\x1b[K~~~~^~~~~~\x1b[m\x1b[K\n'}
[4.328177] (-) TimerEvent: {}
[4.423818] (sllidar_ros2) StderrLine: {'line': b'\x1b[01m\x1b[K/home/arno/RoombaV2Onboard/src/sllidar_ros2/sdk/src/arch/linux/net_serial.cpp:\x1b[m\x1b[K In member function \xe2\x80\x98\x1b[01m\x1b[Kbool rp::arch::net::raw_serial::open(const char*, uint32_t, uint32_t)\x1b[m\x1b[K\xe2\x80\x99:\n'}
[4.424125] (sllidar_ros2) StderrLine: {'line': b'\x1b[01m\x1b[K/home/arno/RoombaV2Onboard/src/sllidar_ros2/sdk/src/arch/linux/net_serial.cpp:97:74:\x1b[m\x1b[K \x1b[01;35m\x1b[Kwarning: \x1b[m\x1b[Kunused parameter \xe2\x80\x98\x1b[01m\x1b[Kflags\x1b[m\x1b[K\xe2\x80\x99 [\x1b[01;35m\x1b[K\x1b]8;;https://gcc.gnu.org/onlinedocs/gcc/Warning-Options.html#index-Wunused-parameter\x07-Wunused-parameter\x1b]8;;\x07\x1b[m\x1b[K]\n'}
[4.424321] (sllidar_ros2) StderrLine: {'line': b'   97 | bool raw_serial::open(const char * portname, uint32_t baudrate, \x1b[01;35m\x1b[Kuint32_t flags\x1b[m\x1b[K)\n'}
[4.424484] (sllidar_ros2) StderrLine: {'line': b'      |                                                                 \x1b[01;35m\x1b[K~~~~~~~~~^~~~~\x1b[m\x1b[K\n'}
[4.425020] (sllidar_ros2) StderrLine: {'line': b'\x1b[01m\x1b[K/home/arno/RoombaV2Onboard/src/sllidar_ros2/sdk/src/arch/linux/net_serial.cpp:\x1b[m\x1b[K In member function \xe2\x80\x98\x1b[01m\x1b[Kvirtual void rp::arch::net::raw_serial::flush(_u32)\x1b[m\x1b[K\xe2\x80\x99:\n'}
[4.425344] (sllidar_ros2) StderrLine: {'line': b'\x1b[01m\x1b[K/home/arno/RoombaV2Onboard/src/sllidar_ros2/sdk/src/arch/linux/net_serial.cpp:281:30:\x1b[m\x1b[K \x1b[01;35m\x1b[Kwarning: \x1b[m\x1b[Kunused parameter \xe2\x80\x98\x1b[01m\x1b[Kflags\x1b[m\x1b[K\xe2\x80\x99 [\x1b[01;35m\x1b[K\x1b]8;;https://gcc.gnu.org/onlinedocs/gcc/Warning-Options.html#index-Wunused-parameter\x07-Wunused-parameter\x1b]8;;\x07\x1b[m\x1b[K]\n'}
[4.425624] (sllidar_ros2) StderrLine: {'line': b'  281 | void raw_serial::flush( \x1b[01;35m\x1b[K_u32 flags\x1b[m\x1b[K)\n'}
[4.425783] (sllidar_ros2) StderrLine: {'line': b'      |                         \x1b[01;35m\x1b[K~~~~~^~~~~\x1b[m\x1b[K\n'}
[4.425938] (sllidar_ros2) StderrLine: {'line': b'\x1b[01m\x1b[K/home/arno/RoombaV2Onboard/src/sllidar_ros2/sdk/src/arch/linux/net_serial.cpp:\x1b[m\x1b[K In member function \xe2\x80\x98\x1b[01m\x1b[Kvirtual int rp::arch::net::raw_serial::waitforsent(_u32, size_t*)\x1b[m\x1b[K\xe2\x80\x99:\n'}
[4.426102] (sllidar_ros2) StderrLine: {'line': b'\x1b[01m\x1b[K/home/arno/RoombaV2Onboard/src/sllidar_ros2/sdk/src/arch/linux/net_serial.cpp:286:34:\x1b[m\x1b[K \x1b[01;35m\x1b[Kwarning: \x1b[m\x1b[Kunused parameter \xe2\x80\x98\x1b[01m\x1b[Ktimeout\x1b[m\x1b[K\xe2\x80\x99 [\x1b[01;35m\x1b[K\x1b]8;;https://gcc.gnu.org/onlinedocs/gcc/Warning-Options.html#index-Wunused-parameter\x07-Wunused-parameter\x1b]8;;\x07\x1b[m\x1b[K]\n'}
[4.426278] (sllidar_ros2) StderrLine: {'line': b'  286 | int raw_serial::waitforsent(\x1b[01;35m\x1b[K_u32 timeout\x1b[m\x1b[K, size_t * returned_size)\n'}
[4.426430] (sllidar_ros2) StderrLine: {'line': b'      |                             \x1b[01;35m\x1b[K~~~~~^~~~~~~\x1b[m\x1b[K\n'}
[4.426595] (sllidar_ros2) StderrLine: {'line': b'\x1b[01m\x1b[K/home/arno/RoombaV2Onboard/src/sllidar_ros2/sdk/src/arch/linux/net_serial.cpp:\x1b[m\x1b[K In member function \xe2\x80\x98\x1b[01m\x1b[Kvirtual int rp::arch::net::raw_serial::waitforrecv(_u32, size_t*)\x1b[m\x1b[K\xe2\x80\x99:\n'}
[4.426749] (sllidar_ros2) StderrLine: {'line': b'\x1b[01m\x1b[K/home/arno/RoombaV2Onboard/src/sllidar_ros2/sdk/src/arch/linux/net_serial.cpp:292:34:\x1b[m\x1b[K \x1b[01;35m\x1b[Kwarning: \x1b[m\x1b[Kunused parameter \xe2\x80\x98\x1b[01m\x1b[Ktimeout\x1b[m\x1b[K\xe2\x80\x99 [\x1b[01;35m\x1b[K\x1b]8;;https://gcc.gnu.org/onlinedocs/gcc/Warning-Options.html#index-Wunused-parameter\x07-Wunused-parameter\x1b]8;;\x07\x1b[m\x1b[K]\n'}
[4.426910] (sllidar_ros2) StderrLine: {'line': b'  292 | int raw_serial::waitforrecv(\x1b[01;35m\x1b[K_u32 timeout\x1b[m\x1b[K, size_t * returned_size)\n'}
[4.427062] (sllidar_ros2) StderrLine: {'line': b'      |                             \x1b[01;35m\x1b[K~~~~~^~~~~~~\x1b[m\x1b[K\n'}
[4.428265] (-) TimerEvent: {}
[4.428840] (sllidar_ros2) StderrLine: {'line': b'\x1b[01m\x1b[K/home/arno/RoombaV2Onboard/src/sllidar_ros2/sdk/src/arch/linux/net_serial.cpp:\x1b[m\x1b[K In member function \xe2\x80\x98\x1b[01m\x1b[Kvirtual void rp::arch::net::raw_serial::cancelOperation()\x1b[m\x1b[K\xe2\x80\x99:\n'}
[4.429074] (sllidar_ros2) StderrLine: {'line': b'\x1b[01m\x1b[K/home/arno/RoombaV2Onboard/src/sllidar_ros2/sdk/src/arch/linux/net_serial.cpp:427:5:\x1b[m\x1b[K \x1b[01;35m\x1b[Kwarning: \x1b[m\x1b[Kvalue computed is not used [\x1b[01;35m\x1b[K\x1b]8;;https://gcc.gnu.org/onlinedocs/gcc/Warning-Options.html#index-Wunused-value\x07-Wunused-value\x1b]8;;\x07\x1b[m\x1b[K]\n'}
[4.429283] (sllidar_ros2) StderrLine: {'line': b'  427 |     \x1b[01;35m\x1b[K(int)::write(_selfpipe[1], "x", 1)\x1b[m\x1b[K;\n'}
[4.429445] (sllidar_ros2) StderrLine: {'line': b'      |     \x1b[01;35m\x1b[K^~~~~~~~~~~~~~~~~~~~~~~~~~~~~~~~~~\x1b[m\x1b[K\n'}
[4.532176] (-) TimerEvent: {}
[4.579422] (sllidar_ros2) StderrLine: {'line': b'In file included from \x1b[01m\x1b[K/home/arno/RoombaV2Onboard/src/sllidar_ros2/sdk/src/dataunpacker/unpacker/handler_hqnode.cpp:40\x1b[m\x1b[K:\n'}
[4.579964] (sllidar_ros2) StderrLine: {'line': b'\x1b[01m\x1b[K/home/arno/RoombaV2Onboard/src/sllidar_ros2/sdk/src/dataunpacker/unpacker/../dataunpacker.h:\x1b[m\x1b[K In member function \xe2\x80\x98\x1b[01m\x1b[Kvirtual void sl::internal::LIDARSampleDataListener::onCustomSampleDataDecoded(_u8, _u32, const void*, size_t)\x1b[m\x1b[K\xe2\x80\x99:\n'}
[4.580239] (sllidar_ros2) StderrLine: {'line': b'\x1b[01m\x1b[K/home/arno/RoombaV2Onboard/src/sllidar_ros2/sdk/src/dataunpacker/unpacker/../dataunpacker.h:54:52:\x1b[m\x1b[K \x1b[01;35m\x1b[Kwarning: \x1b[m\x1b[Kunused parameter \xe2\x80\x98\x1b[01m\x1b[KansType\x1b[m\x1b[K\xe2\x80\x99 [\x1b[01;35m\x1b[K\x1b]8;;https://gcc.gnu.org/onlinedocs/gcc/Warning-Options.html#index-Wunused-parameter\x07-Wunused-parameter\x1b]8;;\x07\x1b[m\x1b[K]\n'}
[4.580614] (sllidar_ros2) StderrLine: {'line': b'   54 |         virtual void onCustomSampleDataDecoded(\x1b[01;35m\x1b[K_u8 ansType\x1b[m\x1b[K, _u32 customCode, const void* data, size_t size) {}\n'}
[4.580779] (sllidar_ros2) StderrLine: {'line': b'      |                                                \x1b[01;35m\x1b[K~~~~^~~~~~~\x1b[m\x1b[K\n'}
[4.580935] (sllidar_ros2) StderrLine: {'line': b'\x1b[01m\x1b[K/home/arno/RoombaV2Onboard/src/sllidar_ros2/sdk/src/dataunpacker/unpacker/../dataunpacker.h:54:66:\x1b[m\x1b[K \x1b[01;35m\x1b[Kwarning: \x1b[m\x1b[Kunused parameter \xe2\x80\x98\x1b[01m\x1b[KcustomCode\x1b[m\x1b[K\xe2\x80\x99 [\x1b[01;35m\x1b[K\x1b]8;;https://gcc.gnu.org/onlinedocs/gcc/Warning-Options.html#index-Wunused-parameter\x07-Wunused-parameter\x1b]8;;\x07\x1b[m\x1b[K]\n'}
[4.581106] (sllidar_ros2) StderrLine: {'line': b'   54 |         virtual void onCustomSampleDataDecoded(_u8 ansType, \x1b[01;35m\x1b[K_u32 customCode\x1b[m\x1b[K, const void* data, size_t size) {}\n'}
[4.581276] (sllidar_ros2) StderrLine: {'line': b'      |                                                             \x1b[01;35m\x1b[K~~~~~^~~~~~~~~~\x1b[m\x1b[K\n'}
[4.581441] (sllidar_ros2) StderrLine: {'line': b'\x1b[01m\x1b[K/home/arno/RoombaV2Onboard/src/sllidar_ros2/sdk/src/dataunpacker/unpacker/../dataunpacker.h:54:90:\x1b[m\x1b[K \x1b[01;35m\x1b[Kwarning: \x1b[m\x1b[Kunused parameter \xe2\x80\x98\x1b[01m\x1b[Kdata\x1b[m\x1b[K\xe2\x80\x99 [\x1b[01;35m\x1b[K\x1b]8;;https://gcc.gnu.org/onlinedocs/gcc/Warning-Options.html#index-Wunused-parameter\x07-Wunused-parameter\x1b]8;;\x07\x1b[m\x1b[K]\n'}
[4.581612] (sllidar_ros2) StderrLine: {'line': b'   54 |         virtual void onCustomSampleDataDecoded(_u8 ansType, _u32 customCode, \x1b[01;35m\x1b[Kconst void* data\x1b[m\x1b[K, size_t size) {}\n'}
[4.581767] (sllidar_ros2) StderrLine: {'line': b'      |                                                                              \x1b[01;35m\x1b[K~~~~~~~~~~~~^~~~\x1b[m\x1b[K\n'}
[4.581918] (sllidar_ros2) StderrLine: {'line': b'\x1b[01m\x1b[K/home/arno/RoombaV2Onboard/src/sllidar_ros2/sdk/src/dataunpacker/unpacker/../dataunpacker.h:54:103:\x1b[m\x1b[K \x1b[01;35m\x1b[Kwarning: \x1b[m\x1b[Kunused parameter \xe2\x80\x98\x1b[01m\x1b[Ksize\x1b[m\x1b[K\xe2\x80\x99 [\x1b[01;35m\x1b[K\x1b]8;;https://gcc.gnu.org/onlinedocs/gcc/Warning-Options.html#index-Wunused-parameter\x07-Wunused-parameter\x1b]8;;\x07\x1b[m\x1b[K]\n'}
[4.582074] (sllidar_ros2) StderrLine: {'line': b'   54 |         virtual void onCustomSampleDataDecoded(_u8 ansType, _u32 customCode, const void* data, \x1b[01;35m\x1b[Ksize_t size\x1b[m\x1b[K) {}\n'}
[4.582246] (sllidar_ros2) StderrLine: {'line': b'      |                                                                                                \x1b[01;35m\x1b[K~~~~~~~^~~~\x1b[m\x1b[K\n'}
[4.582400] (sllidar_ros2) StderrLine: {'line': b'\x1b[01m\x1b[K/home/arno/RoombaV2Onboard/src/sllidar_ros2/sdk/src/dataunpacker/unpacker/../dataunpacker.h:\x1b[m\x1b[K In member function \xe2\x80\x98\x1b[01m\x1b[Kvirtual void sl::internal::LIDARSampleDataListener::onDecodingError(int, _u8, const void*, size_t)\x1b[m\x1b[K\xe2\x80\x99:\n'}
[4.582552] (sllidar_ros2) StderrLine: {'line': b'\x1b[01m\x1b[K/home/arno/RoombaV2Onboard/src/sllidar_ros2/sdk/src/dataunpacker/unpacker/../dataunpacker.h:56:42:\x1b[m\x1b[K \x1b[01;35m\x1b[Kwarning: \x1b[m\x1b[Kunused parameter \xe2\x80\x98\x1b[01m\x1b[KerrMsg\x1b[m\x1b[K\xe2\x80\x99 [\x1b[01;35m\x1b[K\x1b]8;;https://gcc.gnu.org/onlinedocs/gcc/Warning-Options.html#index-Wunused-parameter\x07-Wunused-parameter\x1b]8;;\x07\x1b[m\x1b[K]\n'}
[4.582709] (sllidar_ros2) StderrLine: {'line': b'   56 |         virtual void onDecodingError(\x1b[01;35m\x1b[Kint errMsg\x1b[m\x1b[K, _u8 ansType, const void* payload, size_t size) {}\n'}
[4.582859] (sllidar_ros2) StderrLine: {'line': b'      |                                      \x1b[01;35m\x1b[K~~~~^~~~~~\x1b[m\x1b[K\n'}
[4.583010] (sllidar_ros2) StderrLine: {'line': b'\x1b[01m\x1b[K/home/arno/RoombaV2Onboard/src/sllidar_ros2/sdk/src/dataunpacker/unpacker/../dataunpacker.h:56:54:\x1b[m\x1b[K \x1b[01;35m\x1b[Kwarning: \x1b[m\x1b[Kunused parameter \xe2\x80\x98\x1b[01m\x1b[KansType\x1b[m\x1b[K\xe2\x80\x99 [\x1b[01;35m\x1b[K\x1b]8;;https://gcc.gnu.org/onlinedocs/gcc/Warning-Options.html#index-Wunused-parameter\x07-Wunused-parameter\x1b]8;;\x07\x1b[m\x1b[K]\n'}
[4.585309] (sllidar_ros2) StderrLine: {'line': b'   56 |         virtual void onDecodingError(int errMsg, \x1b[01;35m\x1b[K_u8 ansType\x1b[m\x1b[K, const void* payload, size_t size) {}\n'}
[4.585542] (sllidar_ros2) StderrLine: {'line': b'      |                                                  \x1b[01;35m\x1b[K~~~~^~~~~~~\x1b[m\x1b[K\n'}
[4.585712] (sllidar_ros2) StderrLine: {'line': b'\x1b[01m\x1b[K/home/arno/RoombaV2Onboard/src/sllidar_ros2/sdk/src/dataunpacker/unpacker/../dataunpacker.h:56:75:\x1b[m\x1b[K \x1b[01;35m\x1b[Kwarning: \x1b[m\x1b[Kunused parameter \xe2\x80\x98\x1b[01m\x1b[Kpayload\x1b[m\x1b[K\xe2\x80\x99 [\x1b[01;35m\x1b[K\x1b]8;;https://gcc.gnu.org/onlinedocs/gcc/Warning-Options.html#index-Wunused-parameter\x07-Wunused-parameter\x1b]8;;\x07\x1b[m\x1b[K]\n'}
[4.585892] (sllidar_ros2) StderrLine: {'line': b'   56 |         virtual void onDecodingError(int errMsg, _u8 ansType, \x1b[01;35m\x1b[Kconst void* payload\x1b[m\x1b[K, size_t size) {}\n'}
[4.586048] (sllidar_ros2) StderrLine: {'line': b'      |                                                               \x1b[01;35m\x1b[K~~~~~~~~~~~~^~~~~~~\x1b[m\x1b[K\n'}
[4.586222] (sllidar_ros2) StderrLine: {'line': b'\x1b[01m\x1b[K/home/arno/RoombaV2Onboard/src/sllidar_ros2/sdk/src/dataunpacker/unpacker/../dataunpacker.h:56:91:\x1b[m\x1b[K \x1b[01;35m\x1b[Kwarning: \x1b[m\x1b[Kunused parameter \xe2\x80\x98\x1b[01m\x1b[Ksize\x1b[m\x1b[K\xe2\x80\x99 [\x1b[01;35m\x1b[K\x1b]8;;https://gcc.gnu.org/onlinedocs/gcc/Warning-Options.html#index-Wunused-parameter\x07-Wunused-parameter\x1b]8;;\x07\x1b[m\x1b[K]\n'}
[4.586398] (sllidar_ros2) StderrLine: {'line': b'   56 |         virtual void onDecodingError(int errMsg, _u8 ansType, const void* payload, \x1b[01;35m\x1b[Ksize_t size\x1b[m\x1b[K) {}\n'}
[4.586551] (sllidar_ros2) StderrLine: {'line': b'      |                                                                                    \x1b[01;35m\x1b[K~~~~~~~^~~~\x1b[m\x1b[K\n'}
[4.602121] (sllidar_ros2) StderrLine: {'line': b'In file included from \x1b[01m\x1b[K/home/arno/RoombaV2Onboard/src/sllidar_ros2/sdk/src/dataunpacker/unpacker/handler_capsules.cpp:40\x1b[m\x1b[K:\n'}
[4.602434] (sllidar_ros2) StderrLine: {'line': b'\x1b[01m\x1b[K/home/arno/RoombaV2Onboard/src/sllidar_ros2/sdk/src/dataunpacker/unpacker/../dataunpacker.h:\x1b[m\x1b[K In member function \xe2\x80\x98\x1b[01m\x1b[Kvirtual void sl::internal::LIDARSampleDataListener::onCustomSampleDataDecoded(_u8, _u32, const void*, size_t)\x1b[m\x1b[K\xe2\x80\x99:\n'}
[4.602623] (sllidar_ros2) StderrLine: {'line': b'\x1b[01m\x1b[K/home/arno/RoombaV2Onboard/src/sllidar_ros2/sdk/src/dataunpacker/unpacker/../dataunpacker.h:54:52:\x1b[m\x1b[K \x1b[01;35m\x1b[Kwarning: \x1b[m\x1b[Kunused parameter \xe2\x80\x98\x1b[01m\x1b[KansType\x1b[m\x1b[K\xe2\x80\x99 [\x1b[01;35m\x1b[K\x1b]8;;https://gcc.gnu.org/onlinedocs/gcc/Warning-Options.html#index-Wunused-parameter\x07-Wunused-parameter\x1b]8;;\x07\x1b[m\x1b[K]\n'}
[4.602818] (sllidar_ros2) StderrLine: {'line': b'   54 |         virtual void onCustomSampleDataDecoded(\x1b[01;35m\x1b[K_u8 ansType\x1b[m\x1b[K, _u32 customCode, const void* data, size_t size) {}\n'}
[4.602979] (sllidar_ros2) StderrLine: {'line': b'      |                                                \x1b[01;35m\x1b[K~~~~^~~~~~~\x1b[m\x1b[K\n'}
[4.603158] (sllidar_ros2) StderrLine: {'line': b'\x1b[01m\x1b[K/home/arno/RoombaV2Onboard/src/sllidar_ros2/sdk/src/dataunpacker/unpacker/../dataunpacker.h:54:66:\x1b[m\x1b[K \x1b[01;35m\x1b[Kwarning: \x1b[m\x1b[Kunused parameter \xe2\x80\x98\x1b[01m\x1b[KcustomCode\x1b[m\x1b[K\xe2\x80\x99 [\x1b[01;35m\x1b[K\x1b]8;;https://gcc.gnu.org/onlinedocs/gcc/Warning-Options.html#index-Wunused-parameter\x07-Wunused-parameter\x1b]8;;\x07\x1b[m\x1b[K]\n'}
[4.603342] (sllidar_ros2) StderrLine: {'line': b'   54 |         virtual void onCustomSampleDataDecoded(_u8 ansType, \x1b[01;35m\x1b[K_u32 customCode\x1b[m\x1b[K, const void* data, size_t size) {}\n'}
[4.603508] (sllidar_ros2) StderrLine: {'line': b'      |                                                             \x1b[01;35m\x1b[K~~~~~^~~~~~~~~~\x1b[m\x1b[K\n'}
[4.603668] (sllidar_ros2) StderrLine: {'line': b'\x1b[01m\x1b[K/home/arno/RoombaV2Onboard/src/sllidar_ros2/sdk/src/dataunpacker/unpacker/../dataunpacker.h:54:90:\x1b[m\x1b[K \x1b[01;35m\x1b[Kwarning: \x1b[m\x1b[Kunused parameter \xe2\x80\x98\x1b[01m\x1b[Kdata\x1b[m\x1b[K\xe2\x80\x99 [\x1b[01;35m\x1b[K\x1b]8;;https://gcc.gnu.org/onlinedocs/gcc/Warning-Options.html#index-Wunused-parameter\x07-Wunused-parameter\x1b]8;;\x07\x1b[m\x1b[K]\n'}
[4.603839] (sllidar_ros2) StderrLine: {'line': b'   54 |         virtual void onCustomSampleDataDecoded(_u8 ansType, _u32 customCode, \x1b[01;35m\x1b[Kconst void* data\x1b[m\x1b[K, size_t size) {}\n'}
[4.604001] (sllidar_ros2) StderrLine: {'line': b'      |                                                                              \x1b[01;35m\x1b[K~~~~~~~~~~~~^~~~\x1b[m\x1b[K\n'}
[4.604191] (sllidar_ros2) StderrLine: {'line': b'\x1b[01m\x1b[K/home/arno/RoombaV2Onboard/src/sllidar_ros2/sdk/src/dataunpacker/unpacker/../dataunpacker.h:54:103:\x1b[m\x1b[K \x1b[01;35m\x1b[Kwarning: \x1b[m\x1b[Kunused parameter \xe2\x80\x98\x1b[01m\x1b[Ksize\x1b[m\x1b[K\xe2\x80\x99 [\x1b[01;35m\x1b[K\x1b]8;;https://gcc.gnu.org/onlinedocs/gcc/Warning-Options.html#index-Wunused-parameter\x07-Wunused-parameter\x1b]8;;\x07\x1b[m\x1b[K]\n'}
[4.604369] (sllidar_ros2) StderrLine: {'line': b'   54 |         virtual void onCustomSampleDataDecoded(_u8 ansType, _u32 customCode, const void* data, \x1b[01;35m\x1b[Ksize_t size\x1b[m\x1b[K) {}\n'}
[4.604547] (sllidar_ros2) StderrLine: {'line': b'      |                                                                                                \x1b[01;35m\x1b[K~~~~~~~^~~~\x1b[m\x1b[K\n'}
[4.604711] (sllidar_ros2) StderrLine: {'line': b'\x1b[01m\x1b[K/home/arno/RoombaV2Onboard/src/sllidar_ros2/sdk/src/dataunpacker/unpacker/../dataunpacker.h:\x1b[m\x1b[K In member function \xe2\x80\x98\x1b[01m\x1b[Kvirtual void sl::internal::LIDARSampleDataListener::onDecodingError(int, _u8, const void*, size_t)\x1b[m\x1b[K\xe2\x80\x99:\n'}
[4.604869] (sllidar_ros2) StderrLine: {'line': b'\x1b[01m\x1b[K/home/arno/RoombaV2Onboard/src/sllidar_ros2/sdk/src/dataunpacker/unpacker/../dataunpacker.h:56:42:\x1b[m\x1b[K \x1b[01;35m\x1b[Kwarning: \x1b[m\x1b[Kunused parameter \xe2\x80\x98\x1b[01m\x1b[KerrMsg\x1b[m\x1b[K\xe2\x80\x99 [\x1b[01;35m\x1b[K\x1b]8;;https://gcc.gnu.org/onlinedocs/gcc/Warning-Options.html#index-Wunused-parameter\x07-Wunused-parameter\x1b]8;;\x07\x1b[m\x1b[K]\n'}
[4.605031] (sllidar_ros2) StderrLine: {'line': b'   56 |         virtual void onDecodingError(\x1b[01;35m\x1b[Kint errMsg\x1b[m\x1b[K, _u8 ansType, const void* payload, size_t size) {}\n'}
[4.610130] (sllidar_ros2) StderrLine: {'line': b'      |                                      \x1b[01;35m\x1b[K~~~~^~~~~~\x1b[m\x1b[K\n'}
[4.610351] (sllidar_ros2) StderrLine: {'line': b'\x1b[01m\x1b[K/home/arno/RoombaV2Onboard/src/sllidar_ros2/sdk/src/dataunpacker/unpacker/../dataunpacker.h:56:54:\x1b[m\x1b[K \x1b[01;35m\x1b[Kwarning: \x1b[m\x1b[Kunused parameter \xe2\x80\x98\x1b[01m\x1b[KansType\x1b[m\x1b[K\xe2\x80\x99 [\x1b[01;35m\x1b[K\x1b]8;;https://gcc.gnu.org/onlinedocs/gcc/Warning-Options.html#index-Wunused-parameter\x07-Wunused-parameter\x1b]8;;\x07\x1b[m\x1b[K]\n'}
[4.610558] (sllidar_ros2) StderrLine: {'line': b'   56 |         virtual void onDecodingError(int errMsg, \x1b[01;35m\x1b[K_u8 ansType\x1b[m\x1b[K, const void* payload, size_t size) {}\n'}
[4.610722] (sllidar_ros2) StderrLine: {'line': b'      |                                                  \x1b[01;35m\x1b[K~~~~^~~~~~~\x1b[m\x1b[K\n'}
[4.610883] (sllidar_ros2) StderrLine: {'line': b'\x1b[01m\x1b[K/home/arno/RoombaV2Onboard/src/sllidar_ros2/sdk/src/dataunpacker/unpacker/../dataunpacker.h:56:75:\x1b[m\x1b[K \x1b[01;35m\x1b[Kwarning: \x1b[m\x1b[Kunused parameter \xe2\x80\x98\x1b[01m\x1b[Kpayload\x1b[m\x1b[K\xe2\x80\x99 [\x1b[01;35m\x1b[K\x1b]8;;https://gcc.gnu.org/onlinedocs/gcc/Warning-Options.html#index-Wunused-parameter\x07-Wunused-parameter\x1b]8;;\x07\x1b[m\x1b[K]\n'}
[4.611052] (sllidar_ros2) StderrLine: {'line': b'   56 |         virtual void onDecodingError(int errMsg, _u8 ansType, \x1b[01;35m\x1b[Kconst void* payload\x1b[m\x1b[K, size_t size) {}\n'}
[4.611234] (sllidar_ros2) StderrLine: {'line': b'      |                                                               \x1b[01;35m\x1b[K~~~~~~~~~~~~^~~~~~~\x1b[m\x1b[K\n'}
[4.611402] (sllidar_ros2) StderrLine: {'line': b'\x1b[01m\x1b[K/home/arno/RoombaV2Onboard/src/sllidar_ros2/sdk/src/dataunpacker/unpacker/../dataunpacker.h:56:91:\x1b[m\x1b[K \x1b[01;35m\x1b[Kwarning: \x1b[m\x1b[Kunused parameter \xe2\x80\x98\x1b[01m\x1b[Ksize\x1b[m\x1b[K\xe2\x80\x99 [\x1b[01;35m\x1b[K\x1b]8;;https://gcc.gnu.org/onlinedocs/gcc/Warning-Options.html#index-Wunused-parameter\x07-Wunused-parameter\x1b]8;;\x07\x1b[m\x1b[K]\n'}
[4.611569] (sllidar_ros2) StderrLine: {'line': b'   56 |         virtual void onDecodingError(int errMsg, _u8 ansType, const void* payload, \x1b[01;35m\x1b[Ksize_t size\x1b[m\x1b[K) {}\n'}
[4.611762] (sllidar_ros2) StderrLine: {'line': b'      |                                                                                    \x1b[01;35m\x1b[K~~~~~~~^~~~\x1b[m\x1b[K\n'}
[4.625816] (sllidar_ros2) StderrLine: {'line': b'\x1b[01m\x1b[K/home/arno/RoombaV2Onboard/src/sllidar_ros2/sdk/src/dataunpacker/unpacker/handler_capsules.cpp:\x1b[m\x1b[K In member function \xe2\x80\x98\x1b[01m\x1b[Kvoid sl::internal::unpacker::UnpackerHandler_DenseCapsuleNode::_onScanNodeDenseCapsuleData(rplidar_response_dense_capsule_measurement_nodes_t&, sl::internal::LIDARSampleDataUnpackerInner*)\x1b[m\x1b[K\xe2\x80\x99:\n'}
[4.626111] (sllidar_ros2) StderrLine: {'line': b'\x1b[01m\x1b[K/home/arno/RoombaV2Onboard/src/sllidar_ros2/sdk/src/dataunpacker/unpacker/handler_capsules.cpp:763:30:\x1b[m\x1b[K \x1b[01;35m\x1b[Kwarning: \x1b[m\x1b[Ktype qualifiers ignored on cast result type [\x1b[01;35m\x1b[K\x1b]8;;https://gcc.gnu.org/onlinedocs/gcc/Warning-Options.html#index-Wignored-qualifiers\x07-Wignored-qualifiers\x1b]8;;\x07\x1b[m\x1b[K]\n'}
[4.626306] (sllidar_ros2) StderrLine: {'line': b'  763 |             const int dist = \x1b[01;35m\x1b[Kstatic_cast<const int>(_cached_previous_dense_capsuledata.cabins[pos].distance)\x1b[m\x1b[K;\n'}
[4.626488] (sllidar_ros2) StderrLine: {'line': b'      |                              \x1b[01;35m\x1b[K^~~~~~~~~~~~~~~~~~~~~~~~~~~~~~~~~~~~~~~~~~~~~~~~~~~~~~~~~~~~~~~~~~~~~~~~~~~~~~~\x1b[m\x1b[K\n'}
[4.626652] (sllidar_ros2) StderrLine: {'line': b'In file included from \x1b[01m\x1b[K/home/arno/RoombaV2Onboard/src/sllidar_ros2/sdk/src/dataunpacker/dataunpacker.cpp:40\x1b[m\x1b[K:\n'}
[4.626813] (sllidar_ros2) StderrLine: {'line': b'\x1b[01m\x1b[K/home/arno/RoombaV2Onboard/src/sllidar_ros2/sdk/src/dataunpacker/dataunpacker.h:\x1b[m\x1b[K In member function \xe2\x80\x98\x1b[01m\x1b[Kvirtual void sl::internal::LIDARSampleDataListener::onCustomSampleDataDecoded(_u8, _u32, const void*, size_t)\x1b[m\x1b[K\xe2\x80\x99:\n'}
[4.626984] (sllidar_ros2) StderrLine: {'line': b'\x1b[01m\x1b[K/home/arno/RoombaV2Onboard/src/sllidar_ros2/sdk/src/dataunpacker/dataunpacker.h:54:52:\x1b[m\x1b[K \x1b[01;35m\x1b[Kwarning: \x1b[m\x1b[Kunused parameter \xe2\x80\x98\x1b[01m\x1b[KansType\x1b[m\x1b[K\xe2\x80\x99 [\x1b[01;35m\x1b[K\x1b]8;;https://gcc.gnu.org/onlinedocs/gcc/Warning-Options.html#index-Wunused-parameter\x07-Wunused-parameter\x1b]8;;\x07\x1b[m\x1b[K]\n'}
[4.627189] (sllidar_ros2) StderrLine: {'line': b'   54 |         virtual void onCustomSampleDataDecoded(\x1b[01;35m\x1b[K_u8 ansType\x1b[m\x1b[K, _u32 customCode, const void* data, size_t size) {}\n'}
[4.627366] (sllidar_ros2) StderrLine: {'line': b'      |                                                \x1b[01;35m\x1b[K~~~~^~~~~~~\x1b[m\x1b[K\n'}
[4.627535] (sllidar_ros2) StderrLine: {'line': b'\x1b[01m\x1b[K/home/arno/RoombaV2Onboard/src/sllidar_ros2/sdk/src/dataunpacker/dataunpacker.h:54:66:\x1b[m\x1b[K \x1b[01;35m\x1b[Kwarning: \x1b[m\x1b[Kunused parameter \xe2\x80\x98\x1b[01m\x1b[KcustomCode\x1b[m\x1b[K\xe2\x80\x99 [\x1b[01;35m\x1b[K\x1b]8;;https://gcc.gnu.org/onlinedocs/gcc/Warning-Options.html#index-Wunused-parameter\x07-Wunused-parameter\x1b]8;;\x07\x1b[m\x1b[K]\n'}
[4.627697] (sllidar_ros2) StderrLine: {'line': b'   54 |         virtual void onCustomSampleDataDecoded(_u8 ansType, \x1b[01;35m\x1b[K_u32 customCode\x1b[m\x1b[K, const void* data, size_t size) {}\n'}
[4.627851] (sllidar_ros2) StderrLine: {'line': b'      |                                                             \x1b[01;35m\x1b[K~~~~~^~~~~~~~~~\x1b[m\x1b[K\n'}
[4.628002] (sllidar_ros2) StderrLine: {'line': b'\x1b[01m\x1b[K/home/arno/RoombaV2Onboard/src/sllidar_ros2/sdk/src/dataunpacker/dataunpacker.h:54:90:\x1b[m\x1b[K \x1b[01;35m\x1b[Kwarning: \x1b[m\x1b[Kunused parameter \xe2\x80\x98\x1b[01m\x1b[Kdata\x1b[m\x1b[K\xe2\x80\x99 [\x1b[01;35m\x1b[K\x1b]8;;https://gcc.gnu.org/onlinedocs/gcc/Warning-Options.html#index-Wunused-parameter\x07-Wunused-parameter\x1b]8;;\x07\x1b[m\x1b[K]\n'}
[4.628192] (sllidar_ros2) StderrLine: {'line': b'   54 |         virtual void onCustomSampleDataDecoded(_u8 ansType, _u32 customCode, \x1b[01;35m\x1b[Kconst void* data\x1b[m\x1b[K, size_t size) {}\n'}
[4.628564] (sllidar_ros2) StderrLine: {'line': b'      |                                                                              \x1b[01;35m\x1b[K~~~~~~~~~~~~^~~~\x1b[m\x1b[K\n'}
[4.628723] (sllidar_ros2) StderrLine: {'line': b'\x1b[01m\x1b[K/home/arno/RoombaV2Onboard/src/sllidar_ros2/sdk/src/dataunpacker/dataunpacker.h:54:103:\x1b[m\x1b[K \x1b[01;35m\x1b[Kwarning: \x1b[m\x1b[Kunused parameter \xe2\x80\x98\x1b[01m\x1b[Ksize\x1b[m\x1b[K\xe2\x80\x99 [\x1b[01;35m\x1b[K\x1b]8;;https://gcc.gnu.org/onlinedocs/gcc/Warning-Options.html#index-Wunused-parameter\x07-Wunused-parameter\x1b]8;;\x07\x1b[m\x1b[K]\n'}
[4.628885] (sllidar_ros2) StderrLine: {'line': b'   54 |         virtual void onCustomSampleDataDecoded(_u8 ansType, _u32 customCode, const void* data, \x1b[01;35m\x1b[Ksize_t size\x1b[m\x1b[K) {}\n'}
[4.629039] (sllidar_ros2) StderrLine: {'line': b'      |                                                                                                \x1b[01;35m\x1b[K~~~~~~~^~~~\x1b[m\x1b[K\n'}
[4.629214] (sllidar_ros2) StderrLine: {'line': b'\x1b[01m\x1b[K/home/arno/RoombaV2Onboard/src/sllidar_ros2/sdk/src/dataunpacker/dataunpacker.h:\x1b[m\x1b[K In member function \xe2\x80\x98\x1b[01m\x1b[Kvirtual void sl::internal::LIDARSampleDataListener::onDecodingError(int, _u8, const void*, size_t)\x1b[m\x1b[K\xe2\x80\x99:\n'}
[4.629377] (sllidar_ros2) StderrLine: {'line': b'\x1b[01m\x1b[K/home/arno/RoombaV2Onboard/src/sllidar_ros2/sdk/src/dataunpacker/dataunpacker.h:56:42:\x1b[m\x1b[K \x1b[01;35m\x1b[Kwarning: \x1b[m\x1b[Kunused parameter \xe2\x80\x98\x1b[01m\x1b[KerrMsg\x1b[m\x1b[K\xe2\x80\x99 [\x1b[01;35m\x1b[K\x1b]8;;https://gcc.gnu.org/onlinedocs/gcc/Warning-Options.html#index-Wunused-parameter\x07-Wunused-parameter\x1b]8;;\x07\x1b[m\x1b[K]\n'}
[4.629551] (sllidar_ros2) StderrLine: {'line': b'   56 |         virtual void onDecodingError(\x1b[01;35m\x1b[Kint errMsg\x1b[m\x1b[K, _u8 ansType, const void* payload, size_t size) {}\n'}
[4.629707] (sllidar_ros2) StderrLine: {'line': b'      |                                      \x1b[01;35m\x1b[K~~~~^~~~~~\x1b[m\x1b[K\n'}
[4.629860] (sllidar_ros2) StderrLine: {'line': b'\x1b[01m\x1b[K/home/arno/RoombaV2Onboard/src/sllidar_ros2/sdk/src/dataunpacker/dataunpacker.h:56:54:\x1b[m\x1b[K \x1b[01;35m\x1b[Kwarning: \x1b[m\x1b[Kunused parameter \xe2\x80\x98\x1b[01m\x1b[KansType\x1b[m\x1b[K\xe2\x80\x99 [\x1b[01;35m\x1b[K\x1b]8;;https://gcc.gnu.org/onlinedocs/gcc/Warning-Options.html#index-Wunused-parameter\x07-Wunused-parameter\x1b]8;;\x07\x1b[m\x1b[K]\n'}
[4.630016] (sllidar_ros2) StderrLine: {'line': b'   56 |         virtual void onDecodingError(int errMsg, \x1b[01;35m\x1b[K_u8 ansType\x1b[m\x1b[K, const void* payload, size_t size) {}\n'}
[4.630183] (sllidar_ros2) StderrLine: {'line': b'      |                                                  \x1b[01;35m\x1b[K~~~~^~~~~~~\x1b[m\x1b[K\n'}
[4.630344] (sllidar_ros2) StderrLine: {'line': b'\x1b[01m\x1b[K/home/arno/RoombaV2Onboard/src/sllidar_ros2/sdk/src/dataunpacker/dataunpacker.h:56:75:\x1b[m\x1b[K \x1b[01;35m\x1b[Kwarning: \x1b[m\x1b[Kunused parameter \xe2\x80\x98\x1b[01m\x1b[Kpayload\x1b[m\x1b[K\xe2\x80\x99 [\x1b[01;35m\x1b[K\x1b]8;;https://gcc.gnu.org/onlinedocs/gcc/Warning-Options.html#index-Wunused-parameter\x07-Wunused-parameter\x1b]8;;\x07\x1b[m\x1b[K]\n'}
[4.630495] (sllidar_ros2) StderrLine: {'line': b'   56 |         virtual void onDecodingError(int errMsg, _u8 ansType, \x1b[01;35m\x1b[Kconst void* payload\x1b[m\x1b[K, size_t size) {}\n'}
[4.630643] (sllidar_ros2) StderrLine: {'line': b'      |                                                               \x1b[01;35m\x1b[K~~~~~~~~~~~~^~~~~~~\x1b[m\x1b[K\n'}
[4.630796] (sllidar_ros2) StderrLine: {'line': b'\x1b[01m\x1b[K/home/arno/RoombaV2Onboard/src/sllidar_ros2/sdk/src/dataunpacker/dataunpacker.h:56:91:\x1b[m\x1b[K \x1b[01;35m\x1b[Kwarning: \x1b[m\x1b[Kunused parameter \xe2\x80\x98\x1b[01m\x1b[Ksize\x1b[m\x1b[K\xe2\x80\x99 [\x1b[01;35m\x1b[K\x1b]8;;https://gcc.gnu.org/onlinedocs/gcc/Warning-Options.html#index-Wunused-parameter\x07-Wunused-parameter\x1b]8;;\x07\x1b[m\x1b[K]\n'}
[4.630970] (sllidar_ros2) StderrLine: {'line': b'   56 |         virtual void onDecodingError(int errMsg, _u8 ansType, const void* payload, \x1b[01;35m\x1b[Ksize_t size\x1b[m\x1b[K) {}\n'}
[4.631136] (sllidar_ros2) StderrLine: {'line': b'      |                                                                                    \x1b[01;35m\x1b[K~~~~~~~^~~~\x1b[m\x1b[K\n'}
[4.635173] (-) TimerEvent: {}
[4.666516] (sllidar_ros2) StdoutLine: {'line': b'[ 50%] \x1b[32mBuilding CXX object CMakeFiles/sllidar_node.dir/sdk/src/hal/thread.cpp.o\x1b[0m\n'}
[4.735295] (-) TimerEvent: {}
[4.743714] (sllidar_ros2) StdoutLine: {'line': b'[ 55%] \x1b[32mBuilding CXX object CMakeFiles/sllidar_node.dir/sdk/src/rplidar_driver.cpp.o\x1b[0m\n'}
[4.835438] (-) TimerEvent: {}
[4.899923] (sllidar_ros2) StdoutLine: {'line': b'[ 60%] \x1b[32mBuilding CXX object CMakeFiles/sllidar_node.dir/sdk/src/sl_async_transceiver.cpp.o\x1b[0m\n'}
[4.935547] (-) TimerEvent: {}
[5.004035] (sllidar_ros2) StdoutLine: {'line': b'[ 65%] \x1b[32mBuilding CXX object CMakeFiles/sllidar_node.dir/sdk/src/sl_crc.cpp.o\x1b[0m\n'}
[5.035681] (-) TimerEvent: {}
[5.039226] (sllidar_ros2) StderrLine: {'line': b'In file included from \x1b[01m\x1b[K/home/arno/RoombaV2Onboard/src/sllidar_ros2/./sdk/include/sl_lidar_cmd.h:41\x1b[m\x1b[K,\n'}
[5.039509] (sllidar_ros2) StderrLine: {'line': b'                 from \x1b[01m\x1b[K/home/arno/RoombaV2Onboard/src/sllidar_ros2/./sdk/include/sl_crc.h:36\x1b[m\x1b[K,\n'}
[5.039689] (sllidar_ros2) StderrLine: {'line': b'                 from \x1b[01m\x1b[K/home/arno/RoombaV2Onboard/src/sllidar_ros2/sdk/src/sl_crc.cpp:33\x1b[m\x1b[K:\n'}
[5.039852] (sllidar_ros2) StderrLine: {'line': b'\x1b[01m\x1b[K/home/arno/RoombaV2Onboard/src/sllidar_ros2/./sdk/include/sl_lidar_protocol.h:66:16:\x1b[m\x1b[K \x1b[01;35m\x1b[Kwarning: \x1b[m\x1b[KISO C++ forbids zero-size array \xe2\x80\x98\x1b[01m\x1b[Kdata\x1b[m\x1b[K\xe2\x80\x99 [\x1b[01;35m\x1b[K\x1b]8;;https://gcc.gnu.org/onlinedocs/gcc/Warning-Options.html#index-Wpedantic\x07-Wpedantic\x1b]8;;\x07\x1b[m\x1b[K]\n'}
[5.040021] (sllidar_ros2) StderrLine: {'line': b'   66 |     sl_u8 data[\x1b[01;35m\x1b[K0\x1b[m\x1b[K];\n'}
[5.040294] (sllidar_ros2) StderrLine: {'line': b'      |                \x1b[01;35m\x1b[K^\x1b[m\x1b[K\n'}
[5.040477] (sllidar_ros2) StderrLine: {'line': b'In file included from \x1b[01m\x1b[K/home/arno/RoombaV2Onboard/src/sllidar_ros2/./sdk/include/sl_crc.h:36\x1b[m\x1b[K,\n'}
[5.040755] (sllidar_ros2) StderrLine: {'line': b'                 from \x1b[01m\x1b[K/home/arno/RoombaV2Onboard/src/sllidar_ros2/sdk/src/sl_crc.cpp:33\x1b[m\x1b[K:\n'}
[5.040927] (sllidar_ros2) StderrLine: {'line': b'\x1b[01m\x1b[K/home/arno/RoombaV2Onboard/src/sllidar_ros2/./sdk/include/sl_lidar_cmd.h:324:20:\x1b[m\x1b[K \x1b[01;35m\x1b[Kwarning: \x1b[m\x1b[KISO C++ forbids zero-size array \xe2\x80\x98\x1b[01m\x1b[Kpayload\x1b[m\x1b[K\xe2\x80\x99 [\x1b[01;35m\x1b[K\x1b]8;;https://gcc.gnu.org/onlinedocs/gcc/Warning-Options.html#index-Wpedantic\x07-Wpedantic\x1b]8;;\x07\x1b[m\x1b[K]\n'}
[5.041121] (sllidar_ros2) StderrLine: {'line': b'  324 |     sl_u8  payload[\x1b[01;35m\x1b[K0\x1b[m\x1b[K];\n'}
[5.041295] (sllidar_ros2) StderrLine: {'line': b'      |                    \x1b[01;35m\x1b[K^\x1b[m\x1b[K\n'}
[5.080601] (sllidar_ros2) StdoutLine: {'line': b'[ 70%] \x1b[32mBuilding CXX object CMakeFiles/sllidar_node.dir/sdk/src/sl_lidar_driver.cpp.o\x1b[0m\n'}
[5.119294] (sllidar_ros2) StdoutLine: {'line': b'[ 75%] \x1b[32mBuilding CXX object CMakeFiles/sllidar_node.dir/sdk/src/sl_lidarprotocol_codec.cpp.o\x1b[0m\n'}
[5.135801] (-) TimerEvent: {}
[5.202535] (sllidar_ros2) StderrLine: {'line': b'In file included from \x1b[01m\x1b[K/home/arno/RoombaV2Onboard/src/sllidar_ros2/./sdk/include/rplidar_protocol.h:36\x1b[m\x1b[K,\n'}
[5.202982] (sllidar_ros2) StderrLine: {'line': b'                 from \x1b[01m\x1b[K/home/arno/RoombaV2Onboard/src/sllidar_ros2/./sdk/include/rplidar.h:39\x1b[m\x1b[K,\n'}
[5.203175] (sllidar_ros2) StderrLine: {'line': b'                 from \x1b[01m\x1b[K/home/arno/RoombaV2Onboard/src/sllidar_ros2/./sdk/src/sdkcommon.h:49\x1b[m\x1b[K,\n'}
[5.203329] (sllidar_ros2) StderrLine: {'line': b'                 from \x1b[01m\x1b[K/home/arno/RoombaV2Onboard/src/sllidar_ros2/sdk/src/dataunpacker/unpacker/../dataunnpacker_commondef.h:41\x1b[m\x1b[K,\n'}
[5.203465] (sllidar_ros2) StderrLine: {'line': b'                 from \x1b[01m\x1b[K/home/arno/RoombaV2Onboard/src/sllidar_ros2/sdk/src/dataunpacker/unpacker/handler_normalnode.cpp:39\x1b[m\x1b[K:\n'}
[5.203610] (sllidar_ros2) StderrLine: {'line': b'\x1b[01m\x1b[K/home/arno/RoombaV2Onboard/src/sllidar_ros2/./sdk/include/sl_lidar_protocol.h:66:16:\x1b[m\x1b[K \x1b[01;35m\x1b[Kwarning: \x1b[m\x1b[KISO C++ forbids zero-size array \xe2\x80\x98\x1b[01m\x1b[Kdata\x1b[m\x1b[K\xe2\x80\x99 [\x1b[01;35m\x1b[K\x1b]8;;https://gcc.gnu.org/onlinedocs/gcc/Warning-Options.html#index-Wpedantic\x07-Wpedantic\x1b]8;;\x07\x1b[m\x1b[K]\n'}
[5.203744] (sllidar_ros2) StderrLine: {'line': b'   66 |     sl_u8 data[\x1b[01;35m\x1b[K0\x1b[m\x1b[K];\n'}
[5.203870] (sllidar_ros2) StderrLine: {'line': b'      |                \x1b[01;35m\x1b[K^\x1b[m\x1b[K\n'}
[5.204166] (sllidar_ros2) StderrLine: {'line': b'In file included from \x1b[01m\x1b[K/home/arno/RoombaV2Onboard/src/sllidar_ros2/./sdk/include/rplidar_cmd.h:36\x1b[m\x1b[K,\n'}
[5.204326] (sllidar_ros2) StderrLine: {'line': b'                 from \x1b[01m\x1b[K/home/arno/RoombaV2Onboard/src/sllidar_ros2/./sdk/include/rplidar.h:40\x1b[m\x1b[K,\n'}
[5.204458] (sllidar_ros2) StderrLine: {'line': b'                 from \x1b[01m\x1b[K/home/arno/RoombaV2Onboard/src/sllidar_ros2/./sdk/src/sdkcommon.h:49\x1b[m\x1b[K,\n'}
[5.204585] (sllidar_ros2) StderrLine: {'line': b'                 from \x1b[01m\x1b[K/home/arno/RoombaV2Onboard/src/sllidar_ros2/sdk/src/dataunpacker/unpacker/../dataunnpacker_commondef.h:41\x1b[m\x1b[K,\n'}
[5.204713] (sllidar_ros2) StderrLine: {'line': b'                 from \x1b[01m\x1b[K/home/arno/RoombaV2Onboard/src/sllidar_ros2/sdk/src/dataunpacker/unpacker/handler_normalnode.cpp:39\x1b[m\x1b[K:\n'}
[5.204856] (sllidar_ros2) StderrLine: {'line': b'\x1b[01m\x1b[K/home/arno/RoombaV2Onboard/src/sllidar_ros2/./sdk/include/sl_lidar_cmd.h:324:20:\x1b[m\x1b[K \x1b[01;35m\x1b[Kwarning: \x1b[m\x1b[KISO C++ forbids zero-size array \xe2\x80\x98\x1b[01m\x1b[Kpayload\x1b[m\x1b[K\xe2\x80\x99 [\x1b[01;35m\x1b[K\x1b]8;;https://gcc.gnu.org/onlinedocs/gcc/Warning-Options.html#index-Wpedantic\x07-Wpedantic\x1b]8;;\x07\x1b[m\x1b[K]\n'}
[5.204996] (sllidar_ros2) StderrLine: {'line': b'  324 |     sl_u8  payload[\x1b[01;35m\x1b[K0\x1b[m\x1b[K];\n'}
[5.205135] (sllidar_ros2) StderrLine: {'line': b'      |                    \x1b[01;35m\x1b[K^\x1b[m\x1b[K\n'}
[5.235917] (-) TimerEvent: {}
[5.339172] (-) TimerEvent: {}
[5.439560] (-) TimerEvent: {}
[5.540178] (-) TimerEvent: {}
[5.607741] (sllidar_ros2) StderrLine: {'line': b'In file included from \x1b[01m\x1b[K/home/arno/RoombaV2Onboard/src/sllidar_ros2/sdk/src/dataunpacker/unpacker/handler_normalnode.cpp:40\x1b[m\x1b[K:\n'}
[5.608026] (sllidar_ros2) StderrLine: {'line': b'\x1b[01m\x1b[K/home/arno/RoombaV2Onboard/src/sllidar_ros2/sdk/src/dataunpacker/unpacker/../dataunpacker.h:\x1b[m\x1b[K In member function \xe2\x80\x98\x1b[01m\x1b[Kvirtual void sl::internal::LIDARSampleDataListener::onCustomSampleDataDecoded(_u8, _u32, const void*, size_t)\x1b[m\x1b[K\xe2\x80\x99:\n'}
[5.608479] (sllidar_ros2) StderrLine: {'line': b'\x1b[01m\x1b[K/home/arno/RoombaV2Onboard/src/sllidar_ros2/sdk/src/dataunpacker/unpacker/../dataunpacker.h:54:52:\x1b[m\x1b[K \x1b[01;35m\x1b[Kwarning: \x1b[m\x1b[Kunused parameter \xe2\x80\x98\x1b[01m\x1b[KansType\x1b[m\x1b[K\xe2\x80\x99 [\x1b[01;35m\x1b[K\x1b]8;;https://gcc.gnu.org/onlinedocs/gcc/Warning-Options.html#index-Wunused-parameter\x07-Wunused-parameter\x1b]8;;\x07\x1b[m\x1b[K]\n'}
[5.608672] (sllidar_ros2) StderrLine: {'line': b'   54 |         virtual void onCustomSampleDataDecoded(\x1b[01;35m\x1b[K_u8 ansType\x1b[m\x1b[K, _u32 customCode, const void* data, size_t size) {}\n'}
[5.608848] (sllidar_ros2) StderrLine: {'line': b'      |                                                \x1b[01;35m\x1b[K~~~~^~~~~~~\x1b[m\x1b[K\n'}
[5.609002] (sllidar_ros2) StderrLine: {'line': b'\x1b[01m\x1b[K/home/arno/RoombaV2Onboard/src/sllidar_ros2/sdk/src/dataunpacker/unpacker/../dataunpacker.h:54:66:\x1b[m\x1b[K \x1b[01;35m\x1b[Kwarning: \x1b[m\x1b[Kunused parameter \xe2\x80\x98\x1b[01m\x1b[KcustomCode\x1b[m\x1b[K\xe2\x80\x99 [\x1b[01;35m\x1b[K\x1b]8;;https://gcc.gnu.org/onlinedocs/gcc/Warning-Options.html#index-Wunused-parameter\x07-Wunused-parameter\x1b]8;;\x07\x1b[m\x1b[K]\n'}
[5.609179] (sllidar_ros2) StderrLine: {'line': b'   54 |         virtual void onCustomSampleDataDecoded(_u8 ansType, \x1b[01;35m\x1b[K_u32 customCode\x1b[m\x1b[K, const void* data, size_t size) {}\n'}
[5.609340] (sllidar_ros2) StderrLine: {'line': b'      |                                                             \x1b[01;35m\x1b[K~~~~~^~~~~~~~~~\x1b[m\x1b[K\n'}
[5.609511] (sllidar_ros2) StderrLine: {'line': b'\x1b[01m\x1b[K/home/arno/RoombaV2Onboard/src/sllidar_ros2/sdk/src/dataunpacker/unpacker/../dataunpacker.h:54:90:\x1b[m\x1b[K \x1b[01;35m\x1b[Kwarning: \x1b[m\x1b[Kunused parameter \xe2\x80\x98\x1b[01m\x1b[Kdata\x1b[m\x1b[K\xe2\x80\x99 [\x1b[01;35m\x1b[K\x1b]8;;https://gcc.gnu.org/onlinedocs/gcc/Warning-Options.html#index-Wunused-parameter\x07-Wunused-parameter\x1b]8;;\x07\x1b[m\x1b[K]\n'}
[5.609673] (sllidar_ros2) StderrLine: {'line': b'   54 |         virtual void onCustomSampleDataDecoded(_u8 ansType, _u32 customCode, \x1b[01;35m\x1b[Kconst void* data\x1b[m\x1b[K, size_t size) {}\n'}
[5.609845] (sllidar_ros2) StderrLine: {'line': b'      |                                                                              \x1b[01;35m\x1b[K~~~~~~~~~~~~^~~~\x1b[m\x1b[K\n'}
[5.610001] (sllidar_ros2) StderrLine: {'line': b'\x1b[01m\x1b[K/home/arno/RoombaV2Onboard/src/sllidar_ros2/sdk/src/dataunpacker/unpacker/../dataunpacker.h:54:103:\x1b[m\x1b[K \x1b[01;35m\x1b[Kwarning: \x1b[m\x1b[Kunused parameter \xe2\x80\x98\x1b[01m\x1b[Ksize\x1b[m\x1b[K\xe2\x80\x99 [\x1b[01;35m\x1b[K\x1b]8;;https://gcc.gnu.org/onlinedocs/gcc/Warning-Options.html#index-Wunused-parameter\x07-Wunused-parameter\x1b]8;;\x07\x1b[m\x1b[K]\n'}
[5.610183] (sllidar_ros2) StderrLine: {'line': b'   54 |         virtual void onCustomSampleDataDecoded(_u8 ansType, _u32 customCode, const void* data, \x1b[01;35m\x1b[Ksize_t size\x1b[m\x1b[K) {}\n'}
[5.610358] (sllidar_ros2) StderrLine: {'line': b'      |                                                                                                \x1b[01;35m\x1b[K~~~~~~~^~~~\x1b[m\x1b[K\n'}
[5.610517] (sllidar_ros2) StderrLine: {'line': b'\x1b[01m\x1b[K/home/arno/RoombaV2Onboard/src/sllidar_ros2/sdk/src/dataunpacker/unpacker/../dataunpacker.h:\x1b[m\x1b[K In member function \xe2\x80\x98\x1b[01m\x1b[Kvirtual void sl::internal::LIDARSampleDataListener::onDecodingError(int, _u8, const void*, size_t)\x1b[m\x1b[K\xe2\x80\x99:\n'}
[5.610674] (sllidar_ros2) StderrLine: {'line': b'\x1b[01m\x1b[K/home/arno/RoombaV2Onboard/src/sllidar_ros2/sdk/src/dataunpacker/unpacker/../dataunpacker.h:56:42:\x1b[m\x1b[K \x1b[01;35m\x1b[Kwarning: \x1b[m\x1b[Kunused parameter \xe2\x80\x98\x1b[01m\x1b[KerrMsg\x1b[m\x1b[K\xe2\x80\x99 [\x1b[01;35m\x1b[K\x1b]8;;https://gcc.gnu.org/onlinedocs/gcc/Warning-Options.html#index-Wunused-parameter\x07-Wunused-parameter\x1b]8;;\x07\x1b[m\x1b[K]\n'}
[5.610832] (sllidar_ros2) StderrLine: {'line': b'   56 |         virtual void onDecodingError(\x1b[01;35m\x1b[Kint errMsg\x1b[m\x1b[K, _u8 ansType, const void* payload, size_t size) {}\n'}
[5.610986] (sllidar_ros2) StderrLine: {'line': b'      |                                      \x1b[01;35m\x1b[K~~~~^~~~~~\x1b[m\x1b[K\n'}
[5.611154] (sllidar_ros2) StderrLine: {'line': b'\x1b[01m\x1b[K/home/arno/RoombaV2Onboard/src/sllidar_ros2/sdk/src/dataunpacker/unpacker/../dataunpacker.h:56:54:\x1b[m\x1b[K \x1b[01;35m\x1b[Kwarning: \x1b[m\x1b[Kunused parameter \xe2\x80\x98\x1b[01m\x1b[KansType\x1b[m\x1b[K\xe2\x80\x99 [\x1b[01;35m\x1b[K\x1b]8;;https://gcc.gnu.org/onlinedocs/gcc/Warning-Options.html#index-Wunused-parameter\x07-Wunused-parameter\x1b]8;;\x07\x1b[m\x1b[K]\n'}
[5.611349] (sllidar_ros2) StderrLine: {'line': b'   56 |         virtual void onDecodingError(int errMsg, \x1b[01;35m\x1b[K_u8 ansType\x1b[m\x1b[K, const void* payload, size_t size) {}\n'}
[5.611507] (sllidar_ros2) StderrLine: {'line': b'      |                                                  \x1b[01;35m\x1b[K~~~~^~~~~~~\x1b[m\x1b[K\n'}
[5.611663] (sllidar_ros2) StderrLine: {'line': b'\x1b[01m\x1b[K/home/arno/RoombaV2Onboard/src/sllidar_ros2/sdk/src/dataunpacker/unpacker/../dataunpacker.h:56:75:\x1b[m\x1b[K \x1b[01;35m\x1b[Kwarning: \x1b[m\x1b[Kunused parameter \xe2\x80\x98\x1b[01m\x1b[Kpayload\x1b[m\x1b[K\xe2\x80\x99 [\x1b[01;35m\x1b[K\x1b]8;;https://gcc.gnu.org/onlinedocs/gcc/Warning-Options.html#index-Wunused-parameter\x07-Wunused-parameter\x1b]8;;\x07\x1b[m\x1b[K]\n'}
[5.611825] (sllidar_ros2) StderrLine: {'line': b'   56 |         virtual void onDecodingError(int errMsg, _u8 ansType, \x1b[01;35m\x1b[Kconst void* payload\x1b[m\x1b[K, size_t size) {}\n'}
[5.611979] (sllidar_ros2) StderrLine: {'line': b'      |                                                               \x1b[01;35m\x1b[K~~~~~~~~~~~~^~~~~~~\x1b[m\x1b[K\n'}
[5.617267] (sllidar_ros2) StderrLine: {'line': b'\x1b[01m\x1b[K/home/arno/RoombaV2Onboard/src/sllidar_ros2/sdk/src/dataunpacker/unpacker/../dataunpacker.h:56:91:\x1b[m\x1b[K \x1b[01;35m\x1b[Kwarning: \x1b[m\x1b[Kunused parameter \xe2\x80\x98\x1b[01m\x1b[Ksize\x1b[m\x1b[K\xe2\x80\x99 [\x1b[01;35m\x1b[K\x1b]8;;https://gcc.gnu.org/onlinedocs/gcc/Warning-Options.html#index-Wunused-parameter\x07-Wunused-parameter\x1b]8;;\x07\x1b[m\x1b[K]\n'}
[5.617621] (sllidar_ros2) StderrLine: {'line': b'   56 |         virtual void onDecodingError(int errMsg, _u8 ansType, const void* payload, \x1b[01;35m\x1b[Ksize_t size\x1b[m\x1b[K) {}\n'}
[5.617801] (sllidar_ros2) StderrLine: {'line': b'      |                                                                                    \x1b[01;35m\x1b[K~~~~~~~^~~~\x1b[m\x1b[K\n'}
[5.640303] (-) TimerEvent: {}
[5.641496] (sllidar_ros2) StderrLine: {'line': b'In file included from \x1b[01m\x1b[K/home/arno/RoombaV2Onboard/src/sllidar_ros2/./sdk/include/rplidar_protocol.h:36\x1b[m\x1b[K,\n'}
[5.641767] (sllidar_ros2) StderrLine: {'line': b'                 from \x1b[01m\x1b[K/home/arno/RoombaV2Onboard/src/sllidar_ros2/./sdk/include/rplidar.h:39\x1b[m\x1b[K,\n'}
[5.641939] (sllidar_ros2) StderrLine: {'line': b'                 from \x1b[01m\x1b[K/home/arno/RoombaV2Onboard/src/sllidar_ros2/sdk/src/sdkcommon.h:49\x1b[m\x1b[K,\n'}
[5.642106] (sllidar_ros2) StderrLine: {'line': b'                 from \x1b[01m\x1b[K/home/arno/RoombaV2Onboard/src/sllidar_ros2/sdk/src/rplidar_driver.cpp:33\x1b[m\x1b[K:\n'}
[5.642280] (sllidar_ros2) StderrLine: {'line': b'\x1b[01m\x1b[K/home/arno/RoombaV2Onboard/src/sllidar_ros2/./sdk/include/sl_lidar_protocol.h:66:16:\x1b[m\x1b[K \x1b[01;35m\x1b[Kwarning: \x1b[m\x1b[KISO C++ forbids zero-size array \xe2\x80\x98\x1b[01m\x1b[Kdata\x1b[m\x1b[K\xe2\x80\x99 [\x1b[01;35m\x1b[K\x1b]8;;https://gcc.gnu.org/onlinedocs/gcc/Warning-Options.html#index-Wpedantic\x07-Wpedantic\x1b]8;;\x07\x1b[m\x1b[K]\n'}
[5.642473] (sllidar_ros2) StderrLine: {'line': b'   66 |     sl_u8 data[\x1b[01;35m\x1b[K0\x1b[m\x1b[K];\n'}
[5.642662] (sllidar_ros2) StderrLine: {'line': b'      |                \x1b[01;35m\x1b[K^\x1b[m\x1b[K\n'}
[5.643008] (sllidar_ros2) StderrLine: {'line': b'In file included from \x1b[01m\x1b[K/home/arno/RoombaV2Onboard/src/sllidar_ros2/./sdk/include/rplidar_cmd.h:36\x1b[m\x1b[K,\n'}
[5.643233] (sllidar_ros2) StderrLine: {'line': b'                 from \x1b[01m\x1b[K/home/arno/RoombaV2Onboard/src/sllidar_ros2/./sdk/include/rplidar.h:40\x1b[m\x1b[K,\n'}
[5.643408] (sllidar_ros2) StderrLine: {'line': b'                 from \x1b[01m\x1b[K/home/arno/RoombaV2Onboard/src/sllidar_ros2/sdk/src/sdkcommon.h:49\x1b[m\x1b[K,\n'}
[5.643573] (sllidar_ros2) StderrLine: {'line': b'                 from \x1b[01m\x1b[K/home/arno/RoombaV2Onboard/src/sllidar_ros2/sdk/src/rplidar_driver.cpp:33\x1b[m\x1b[K:\n'}
[5.643748] (sllidar_ros2) StderrLine: {'line': b'\x1b[01m\x1b[K/home/arno/RoombaV2Onboard/src/sllidar_ros2/./sdk/include/sl_lidar_cmd.h:324:20:\x1b[m\x1b[K \x1b[01;35m\x1b[Kwarning: \x1b[m\x1b[KISO C++ forbids zero-size array \xe2\x80\x98\x1b[01m\x1b[Kpayload\x1b[m\x1b[K\xe2\x80\x99 [\x1b[01;35m\x1b[K\x1b]8;;https://gcc.gnu.org/onlinedocs/gcc/Warning-Options.html#index-Wpedantic\x07-Wpedantic\x1b]8;;\x07\x1b[m\x1b[K]\n'}
[5.643931] (sllidar_ros2) StderrLine: {'line': b'  324 |     sl_u8  payload[\x1b[01;35m\x1b[K0\x1b[m\x1b[K];\n'}
[5.644102] (sllidar_ros2) StderrLine: {'line': b'      |                    \x1b[01;35m\x1b[K^\x1b[m\x1b[K\n'}
[5.651168] (sllidar_ros2) StderrLine: {'line': b'In file included from \x1b[01m\x1b[K/home/arno/RoombaV2Onboard/src/sllidar_ros2/./sdk/include/rplidar_protocol.h:36\x1b[m\x1b[K,\n'}
[5.651473] (sllidar_ros2) StderrLine: {'line': b'                 from \x1b[01m\x1b[K/home/arno/RoombaV2Onboard/src/sllidar_ros2/./sdk/include/rplidar.h:39\x1b[m\x1b[K,\n'}
[5.651643] (sllidar_ros2) StderrLine: {'line': b'                 from \x1b[01m\x1b[K/home/arno/RoombaV2Onboard/src/sllidar_ros2/./sdk/src/sdkcommon.h:49\x1b[m\x1b[K,\n'}
[5.651800] (sllidar_ros2) StderrLine: {'line': b'                 from \x1b[01m\x1b[K/home/arno/RoombaV2Onboard/src/sllidar_ros2/sdk/src/hal/thread.cpp:35\x1b[m\x1b[K:\n'}
[5.651955] (sllidar_ros2) StderrLine: {'line': b'\x1b[01m\x1b[K/home/arno/RoombaV2Onboard/src/sllidar_ros2/./sdk/include/sl_lidar_protocol.h:66:16:\x1b[m\x1b[K \x1b[01;35m\x1b[Kwarning: \x1b[m\x1b[KISO C++ forbids zero-size array \xe2\x80\x98\x1b[01m\x1b[Kdata\x1b[m\x1b[K\xe2\x80\x99 [\x1b[01;35m\x1b[K\x1b]8;;https://gcc.gnu.org/onlinedocs/gcc/Warning-Options.html#index-Wpedantic\x07-Wpedantic\x1b]8;;\x07\x1b[m\x1b[K]\n'}
[5.652141] (sllidar_ros2) StderrLine: {'line': b'   66 |     sl_u8 data[\x1b[01;35m\x1b[K0\x1b[m\x1b[K];\n'}
[5.652313] (sllidar_ros2) StderrLine: {'line': b'      |                \x1b[01;35m\x1b[K^\x1b[m\x1b[K\n'}
[5.652468] (sllidar_ros2) StderrLine: {'line': b'In file included from \x1b[01m\x1b[K/home/arno/RoombaV2Onboard/src/sllidar_ros2/./sdk/include/rplidar_cmd.h:36\x1b[m\x1b[K,\n'}
[5.652624] (sllidar_ros2) StderrLine: {'line': b'                 from \x1b[01m\x1b[K/home/arno/RoombaV2Onboard/src/sllidar_ros2/./sdk/include/rplidar.h:40\x1b[m\x1b[K,\n'}
[5.652777] (sllidar_ros2) StderrLine: {'line': b'                 from \x1b[01m\x1b[K/home/arno/RoombaV2Onboard/src/sllidar_ros2/./sdk/src/sdkcommon.h:49\x1b[m\x1b[K,\n'}
[5.652930] (sllidar_ros2) StderrLine: {'line': b'                 from \x1b[01m\x1b[K/home/arno/RoombaV2Onboard/src/sllidar_ros2/sdk/src/hal/thread.cpp:35\x1b[m\x1b[K:\n'}
[5.653080] (sllidar_ros2) StderrLine: {'line': b'\x1b[01m\x1b[K/home/arno/RoombaV2Onboard/src/sllidar_ros2/./sdk/include/sl_lidar_cmd.h:324:20:\x1b[m\x1b[K \x1b[01;35m\x1b[Kwarning: \x1b[m\x1b[KISO C++ forbids zero-size array \xe2\x80\x98\x1b[01m\x1b[Kpayload\x1b[m\x1b[K\xe2\x80\x99 [\x1b[01;35m\x1b[K\x1b]8;;https://gcc.gnu.org/onlinedocs/gcc/Warning-Options.html#index-Wpedantic\x07-Wpedantic\x1b]8;;\x07\x1b[m\x1b[K]\n'}
[5.653265] (sllidar_ros2) StderrLine: {'line': b'  324 |     sl_u8  payload[\x1b[01;35m\x1b[K0\x1b[m\x1b[K];\n'}
[5.653419] (sllidar_ros2) StderrLine: {'line': b'      |                    \x1b[01;35m\x1b[K^\x1b[m\x1b[K\n'}
[5.742181] (-) TimerEvent: {}
[5.772716] (sllidar_ros2) StderrLine: {'line': b'In file included from \x1b[01m\x1b[K/home/arno/RoombaV2Onboard/src/sllidar_ros2/./sdk/include/rplidar_protocol.h:36\x1b[m\x1b[K,\n'}
[5.773253] (sllidar_ros2) StderrLine: {'line': b'                 from \x1b[01m\x1b[K/home/arno/RoombaV2Onboard/src/sllidar_ros2/./sdk/include/rplidar.h:39\x1b[m\x1b[K,\n'}
[5.773472] (sllidar_ros2) StderrLine: {'line': b'                 from \x1b[01m\x1b[K/home/arno/RoombaV2Onboard/src/sllidar_ros2/sdk/src/sdkcommon.h:49\x1b[m\x1b[K,\n'}
[5.773642] (sllidar_ros2) StderrLine: {'line': b'                 from \x1b[01m\x1b[K/home/arno/RoombaV2Onboard/src/sllidar_ros2/sdk/src/sl_async_transceiver.cpp:35\x1b[m\x1b[K:\n'}
[5.773808] (sllidar_ros2) StderrLine: {'line': b'\x1b[01m\x1b[K/home/arno/RoombaV2Onboard/src/sllidar_ros2/./sdk/include/sl_lidar_protocol.h:66:16:\x1b[m\x1b[K \x1b[01;35m\x1b[Kwarning: \x1b[m\x1b[KISO C++ forbids zero-size array \xe2\x80\x98\x1b[01m\x1b[Kdata\x1b[m\x1b[K\xe2\x80\x99 [\x1b[01;35m\x1b[K\x1b]8;;https://gcc.gnu.org/onlinedocs/gcc/Warning-Options.html#index-Wpedantic\x07-Wpedantic\x1b]8;;\x07\x1b[m\x1b[K]\n'}
[5.773983] (sllidar_ros2) StderrLine: {'line': b'   66 |     sl_u8 data[\x1b[01;35m\x1b[K0\x1b[m\x1b[K];\n'}
[5.774157] (sllidar_ros2) StderrLine: {'line': b'      |                \x1b[01;35m\x1b[K^\x1b[m\x1b[K\n'}
[5.775342] (sllidar_ros2) StderrLine: {'line': b'In file included from \x1b[01m\x1b[K/home/arno/RoombaV2Onboard/src/sllidar_ros2/sdk/src/hal/thread.cpp:43\x1b[m\x1b[K:\n'}
[5.775529] (sllidar_ros2) StderrLine: {'line': b'\x1b[01m\x1b[K/home/arno/RoombaV2Onboard/src/sllidar_ros2/./sdk/src/arch/linux/thread.hpp:\x1b[m\x1b[K In static member function \xe2\x80\x98\x1b[01m\x1b[Kstatic rp::hal::Thread rp::hal::Thread::create(thread_proc_t, void*)\x1b[m\x1b[K\xe2\x80\x99:\n'}
[5.775698] (sllidar_ros2) StderrLine: {'line': b'\x1b[01m\x1b[K/home/arno/RoombaV2Onboard/src/sllidar_ros2/./sdk/src/arch/linux/thread.hpp:52:57:\x1b[m\x1b[K \x1b[01;35m\x1b[Kwarning: \x1b[m\x1b[Kcast between incompatible function types from \xe2\x80\x98\x1b[01m\x1b[Kthread_proc_t\x1b[m\x1b[K\xe2\x80\x99 {aka \xe2\x80\x98\x1b[01m\x1b[Klong unsigned int (*)(void*)\x1b[m\x1b[K\xe2\x80\x99} to \xe2\x80\x98\x1b[01m\x1b[Kvoid* (*)(void*)\x1b[m\x1b[K\xe2\x80\x99 [\x1b[01;35m\x1b[K\x1b]8;;https://gcc.gnu.org/onlinedocs/gcc/Warning-Options.html#index-Wcast-function-type\x07-Wcast-function-type\x1b]8;;\x07\x1b[m\x1b[K]\n'}
[5.775862] (sllidar_ros2) StderrLine: {'line': b'   52 |     pthread_create((pthread_t *)&newborn._handle, NULL, \x1b[01;35m\x1b[K(void * (*)(void *))proc\x1b[m\x1b[K, data);\n'}
[5.776029] (sllidar_ros2) StderrLine: {'line': b'      |                                                         \x1b[01;35m\x1b[K^~~~~~~~~~~~~~~~~~~~~~~~\x1b[m\x1b[K\n'}
[5.776215] (sllidar_ros2) StderrLine: {'line': b'In file included from \x1b[01m\x1b[K/home/arno/RoombaV2Onboard/src/sllidar_ros2/./sdk/include/rplidar_cmd.h:36\x1b[m\x1b[K,\n'}
[5.776382] (sllidar_ros2) StderrLine: {'line': b'                 from \x1b[01m\x1b[K/home/arno/RoombaV2Onboard/src/sllidar_ros2/./sdk/include/rplidar.h:40\x1b[m\x1b[K,\n'}
[5.776543] (sllidar_ros2) StderrLine: {'line': b'                 from \x1b[01m\x1b[K/home/arno/RoombaV2Onboard/src/sllidar_ros2/sdk/src/sdkcommon.h:49\x1b[m\x1b[K,\n'}
[5.776705] (sllidar_ros2) StderrLine: {'line': b'                 from \x1b[01m\x1b[K/home/arno/RoombaV2Onboard/src/sllidar_ros2/sdk/src/sl_async_transceiver.cpp:35\x1b[m\x1b[K:\n'}
[5.776865] (sllidar_ros2) StderrLine: {'line': b'\x1b[01m\x1b[K/home/arno/RoombaV2Onboard/src/sllidar_ros2/./sdk/include/sl_lidar_cmd.h:324:20:\x1b[m\x1b[K \x1b[01;35m\x1b[Kwarning: \x1b[m\x1b[KISO C++ forbids zero-size array \xe2\x80\x98\x1b[01m\x1b[Kpayload\x1b[m\x1b[K\xe2\x80\x99 [\x1b[01;35m\x1b[K\x1b]8;;https://gcc.gnu.org/onlinedocs/gcc/Warning-Options.html#index-Wpedantic\x07-Wpedantic\x1b]8;;\x07\x1b[m\x1b[K]\n'}
[5.777044] (sllidar_ros2) StderrLine: {'line': b'  324 |     sl_u8  payload[\x1b[01;35m\x1b[K0\x1b[m\x1b[K];\n'}
[5.777220] (sllidar_ros2) StderrLine: {'line': b'      |                    \x1b[01;35m\x1b[K^\x1b[m\x1b[K\n'}
[5.777375] (sllidar_ros2) StderrLine: {'line': b'\x1b[01m\x1b[K/home/arno/RoombaV2Onboard/src/sllidar_ros2/./sdk/src/arch/linux/thread.hpp:\x1b[m\x1b[K In member function \xe2\x80\x98\x1b[01m\x1b[Ku_result rp::hal::Thread::join(long unsigned int)\x1b[m\x1b[K\xe2\x80\x99:\n'}
[5.777536] (sllidar_ros2) StderrLine: {'line': b'\x1b[01m\x1b[K/home/arno/RoombaV2Onboard/src/sllidar_ros2/./sdk/src/arch/linux/thread.hpp:176:37:\x1b[m\x1b[K \x1b[01;35m\x1b[Kwarning: \x1b[m\x1b[Kunused parameter \xe2\x80\x98\x1b[01m\x1b[Ktimeout\x1b[m\x1b[K\xe2\x80\x99 [\x1b[01;35m\x1b[K\x1b]8;;https://gcc.gnu.org/onlinedocs/gcc/Warning-Options.html#index-Wunused-parameter\x07-Wunused-parameter\x1b]8;;\x07\x1b[m\x1b[K]\n'}
[5.777722] (sllidar_ros2) StderrLine: {'line': b'  176 | u_result Thread::join(\x1b[01;35m\x1b[Kunsigned long timeout\x1b[m\x1b[K)\n'}
[5.777884] (sllidar_ros2) StderrLine: {'line': b'      |                       \x1b[01;35m\x1b[K~~~~~~~~~~~~~~^~~~~~~\x1b[m\x1b[K\n'}
[5.848177] (-) TimerEvent: {}
[5.894692] (sllidar_ros2) StdoutLine: {'line': b'[ 80%] \x1b[32mBuilding CXX object CMakeFiles/sllidar_node.dir/sdk/src/sl_serial_channel.cpp.o\x1b[0m\n'}
[5.948296] (-) TimerEvent: {}
[5.959738] (sllidar_ros2) StderrLine: {'line': b'\x1b[01m\x1b[K/home/arno/RoombaV2Onboard/src/sllidar_ros2/sdk/src/rplidar_driver.cpp:\x1b[m\x1b[K In member function \xe2\x80\x98\x1b[01m\x1b[Ku_result rp::standalone::rplidar::RPlidarDriver::connect(const char*, _u32, _u32)\x1b[m\x1b[K\xe2\x80\x99:\n'}
[5.960087] (sllidar_ros2) StderrLine: {'line': b'\x1b[01m\x1b[K/home/arno/RoombaV2Onboard/src/sllidar_ros2/sdk/src/rplidar_driver.cpp:67:77:\x1b[m\x1b[K \x1b[01;35m\x1b[Kwarning: \x1b[m\x1b[Kunused parameter \xe2\x80\x98\x1b[01m\x1b[Kflag\x1b[m\x1b[K\xe2\x80\x99 [\x1b[01;35m\x1b[K\x1b]8;;https://gcc.gnu.org/onlinedocs/gcc/Warning-Options.html#index-Wunused-parameter\x07-Wunused-parameter\x1b]8;;\x07\x1b[m\x1b[K]\n'}
[5.960290] (sllidar_ros2) StderrLine: {'line': b'   67 |     u_result RPlidarDriver::connect(const char *path, _u32 portOrBaud, \x1b[01;35m\x1b[K_u32 flag\x1b[m\x1b[K)\n'}
[5.960472] (sllidar_ros2) StderrLine: {'line': b'      |                                                                        \x1b[01;35m\x1b[K~~~~~^~~~\x1b[m\x1b[K\n'}
[5.960767] (sllidar_ros2) StderrLine: {'line': b'\x1b[01m\x1b[K/home/arno/RoombaV2Onboard/src/sllidar_ros2/sdk/src/rplidar_driver.cpp:\x1b[m\x1b[K In member function \xe2\x80\x98\x1b[01m\x1b[Ku_result rp::standalone::rplidar::RPlidarDriver::reset(_u32)\x1b[m\x1b[K\xe2\x80\x99:\n'}
[5.960943] (sllidar_ros2) StderrLine: {'line': b'\x1b[01m\x1b[K/home/arno/RoombaV2Onboard/src/sllidar_ros2/sdk/src/rplidar_driver.cpp:101:40:\x1b[m\x1b[K \x1b[01;35m\x1b[Kwarning: \x1b[m\x1b[Kunused parameter \xe2\x80\x98\x1b[01m\x1b[Ktimeout\x1b[m\x1b[K\xe2\x80\x99 [\x1b[01;35m\x1b[K\x1b]8;;https://gcc.gnu.org/onlinedocs/gcc/Warning-Options.html#index-Wunused-parameter\x07-Wunused-parameter\x1b]8;;\x07\x1b[m\x1b[K]\n'}
[5.961113] (sllidar_ros2) StderrLine: {'line': b'  101 |     u_result RPlidarDriver::reset(\x1b[01;35m\x1b[K_u32 timeout\x1b[m\x1b[K)\n'}
[5.961285] (sllidar_ros2) StderrLine: {'line': b'      |                                   \x1b[01;35m\x1b[K~~~~~^~~~~~~\x1b[m\x1b[K\n'}
[5.962648] (sllidar_ros2) StderrLine: {'line': b'\x1b[01m\x1b[K/home/arno/RoombaV2Onboard/src/sllidar_ros2/sdk/src/rplidar_driver.cpp:\x1b[m\x1b[K In member function \xe2\x80\x98\x1b[01m\x1b[Ku_result rp::standalone::rplidar::RPlidarDriver::getScanDataWithInterval(rplidar_response_measurement_node_t*, size_t&)\x1b[m\x1b[K\xe2\x80\x99:\n'}
[5.963065] (sllidar_ros2) StderrLine: {'line': b'\x1b[01m\x1b[K/home/arno/RoombaV2Onboard/src/sllidar_ros2/sdk/src/rplidar_driver.cpp:180:91:\x1b[m\x1b[K \x1b[01;35m\x1b[Kwarning: \x1b[m\x1b[Kunused parameter \xe2\x80\x98\x1b[01m\x1b[Knodebuffer\x1b[m\x1b[K\xe2\x80\x99 [\x1b[01;35m\x1b[K\x1b]8;;https://gcc.gnu.org/onlinedocs/gcc/Warning-Options.html#index-Wunused-parameter\x07-Wunused-parameter\x1b]8;;\x07\x1b[m\x1b[K]\n'}
[5.963274] (sllidar_ros2) StderrLine: {'line': b'  180 |     u_result RPlidarDriver::getScanDataWithInterval(\x1b[01;35m\x1b[Krplidar_response_measurement_node_t * nodebuffer\x1b[m\x1b[K, size_t & count)\n'}
[5.963448] (sllidar_ros2) StderrLine: {'line': b'      |                                                     \x1b[01;35m\x1b[K~~~~~~~~~~~~~~~~~~~~~~~~~~~~~~~~~~~~~~^~~~~~~~~~\x1b[m\x1b[K\n'}
[5.963618] (sllidar_ros2) StderrLine: {'line': b'\x1b[01m\x1b[K/home/arno/RoombaV2Onboard/src/sllidar_ros2/sdk/src/rplidar_driver.cpp:180:112:\x1b[m\x1b[K \x1b[01;35m\x1b[Kwarning: \x1b[m\x1b[Kunused parameter \xe2\x80\x98\x1b[01m\x1b[Kcount\x1b[m\x1b[K\xe2\x80\x99 [\x1b[01;35m\x1b[K\x1b]8;;https://gcc.gnu.org/onlinedocs/gcc/Warning-Options.html#index-Wunused-parameter\x07-Wunused-parameter\x1b]8;;\x07\x1b[m\x1b[K]\n'}
[5.963811] (sllidar_ros2) StderrLine: {'line': b'  180 |     u_result RPlidarDriver::getScanDataWithInterval(rplidar_response_measurement_node_t * nodebuffer, \x1b[01;35m\x1b[Ksize_t & count\x1b[m\x1b[K)\n'}
[5.963977] (sllidar_ros2) StderrLine: {'line': b'      |                                                                                                       \x1b[01;35m\x1b[K~~~~~~~~~^~~~~\x1b[m\x1b[K\n'}
[5.971825] (sllidar_ros2) StdoutLine: {'line': b'[ 85%] \x1b[32mBuilding CXX object CMakeFiles/sllidar_node.dir/sdk/src/sl_tcp_channel.cpp.o\x1b[0m\n'}
[5.998539] (sllidar_ros2) StderrLine: {'line': b'In file included from \x1b[01m\x1b[K/home/arno/RoombaV2Onboard/src/sllidar_ros2/sdk/src/sl_async_transceiver.cpp:44\x1b[m\x1b[K:\n'}
[5.998933] (sllidar_ros2) StderrLine: {'line': b'\x1b[01m\x1b[K/home/arno/RoombaV2Onboard/src/sllidar_ros2/sdk/src/sl_async_transceiver.h:\x1b[m\x1b[K In member function \xe2\x80\x98\x1b[01m\x1b[Kvirtual void sl::internal::IAsyncProtocolCodec::onChannelError(u_result)\x1b[m\x1b[K\xe2\x80\x99:\n'}
[5.999154] (sllidar_ros2) StderrLine: {'line': b'\x1b[01m\x1b[K/home/arno/RoombaV2Onboard/src/sllidar_ros2/sdk/src/sl_async_transceiver.h:90:48:\x1b[m\x1b[K \x1b[01;35m\x1b[Kwarning: \x1b[m\x1b[Kunused parameter \xe2\x80\x98\x1b[01m\x1b[KerrCode\x1b[m\x1b[K\xe2\x80\x99 [\x1b[01;35m\x1b[K\x1b]8;;https://gcc.gnu.org/onlinedocs/gcc/Warning-Options.html#index-Wunused-parameter\x07-Wunused-parameter\x1b]8;;\x07\x1b[m\x1b[K]\n'}
[5.999352] (sllidar_ros2) StderrLine: {'line': b'   90 |         virtual void   onChannelError(\x1b[01;35m\x1b[Ku_result errCode\x1b[m\x1b[K) {}\n'}
[5.999520] (sllidar_ros2) StderrLine: {'line': b'      |                                       \x1b[01;35m\x1b[K~~~~~~~~~^~~~~~~\x1b[m\x1b[K\n'}
[6.012487] (sllidar_ros2) StderrLine: {'line': b'In file included from \x1b[01m\x1b[K/home/arno/RoombaV2Onboard/src/sllidar_ros2/./sdk/include/rplidar_protocol.h:36\x1b[m\x1b[K,\n'}
[6.012785] (sllidar_ros2) StderrLine: {'line': b'                 from \x1b[01m\x1b[K/home/arno/RoombaV2Onboard/src/sllidar_ros2/./sdk/include/rplidar.h:39\x1b[m\x1b[K,\n'}
[6.012985] (sllidar_ros2) StderrLine: {'line': b'                 from \x1b[01m\x1b[K/home/arno/RoombaV2Onboard/src/sllidar_ros2/sdk/src/sdkcommon.h:49\x1b[m\x1b[K,\n'}
[6.013289] (sllidar_ros2) StderrLine: {'line': b'                 from \x1b[01m\x1b[K/home/arno/RoombaV2Onboard/src/sllidar_ros2/sdk/src/sl_lidarprotocol_codec.cpp:35\x1b[m\x1b[K:\n'}
[6.013443] (sllidar_ros2) StderrLine: {'line': b'\x1b[01m\x1b[K/home/arno/RoombaV2Onboard/src/sllidar_ros2/./sdk/include/sl_lidar_protocol.h:66:16:\x1b[m\x1b[K \x1b[01;35m\x1b[Kwarning: \x1b[m\x1b[KISO C++ forbids zero-size array \xe2\x80\x98\x1b[01m\x1b[Kdata\x1b[m\x1b[K\xe2\x80\x99 [\x1b[01;35m\x1b[K\x1b]8;;https://gcc.gnu.org/onlinedocs/gcc/Warning-Options.html#index-Wpedantic\x07-Wpedantic\x1b]8;;\x07\x1b[m\x1b[K]\n'}
[6.013607] (sllidar_ros2) StderrLine: {'line': b'   66 |     sl_u8 data[\x1b[01;35m\x1b[K0\x1b[m\x1b[K];\n'}
[6.013761] (sllidar_ros2) StderrLine: {'line': b'      |                \x1b[01;35m\x1b[K^\x1b[m\x1b[K\n'}
[6.013915] (sllidar_ros2) StderrLine: {'line': b'In file included from \x1b[01m\x1b[K/home/arno/RoombaV2Onboard/src/sllidar_ros2/./sdk/include/rplidar_cmd.h:36\x1b[m\x1b[K,\n'}
[6.014071] (sllidar_ros2) StderrLine: {'line': b'                 from \x1b[01m\x1b[K/home/arno/RoombaV2Onboard/src/sllidar_ros2/./sdk/include/rplidar.h:40\x1b[m\x1b[K,\n'}
[6.014249] (sllidar_ros2) StderrLine: {'line': b'                 from \x1b[01m\x1b[K/home/arno/RoombaV2Onboard/src/sllidar_ros2/sdk/src/sdkcommon.h:49\x1b[m\x1b[K,\n'}
[6.014399] (sllidar_ros2) StderrLine: {'line': b'                 from \x1b[01m\x1b[K/home/arno/RoombaV2Onboard/src/sllidar_ros2/sdk/src/sl_lidarprotocol_codec.cpp:35\x1b[m\x1b[K:\n'}
[6.014545] (sllidar_ros2) StderrLine: {'line': b'\x1b[01m\x1b[K/home/arno/RoombaV2Onboard/src/sllidar_ros2/./sdk/include/sl_lidar_cmd.h:324:20:\x1b[m\x1b[K \x1b[01;35m\x1b[Kwarning: \x1b[m\x1b[KISO C++ forbids zero-size array \xe2\x80\x98\x1b[01m\x1b[Kpayload\x1b[m\x1b[K\xe2\x80\x99 [\x1b[01;35m\x1b[K\x1b]8;;https://gcc.gnu.org/onlinedocs/gcc/Warning-Options.html#index-Wpedantic\x07-Wpedantic\x1b]8;;\x07\x1b[m\x1b[K]\n'}
[6.014725] (sllidar_ros2) StderrLine: {'line': b'  324 |     sl_u8  payload[\x1b[01;35m\x1b[K0\x1b[m\x1b[K];\n'}
[6.014878] (sllidar_ros2) StderrLine: {'line': b'      |                    \x1b[01;35m\x1b[K^\x1b[m\x1b[K\n'}
[6.015190] (sllidar_ros2) StderrLine: {'line': b'In file included from \x1b[01m\x1b[K/home/arno/RoombaV2Onboard/src/sllidar_ros2/./sdk/include/rplidar_protocol.h:36\x1b[m\x1b[K,\n'}
[6.015541] (sllidar_ros2) StderrLine: {'line': b'                 from \x1b[01m\x1b[K/home/arno/RoombaV2Onboard/src/sllidar_ros2/./sdk/include/rplidar.h:39\x1b[m\x1b[K,\n'}
[6.015714] (sllidar_ros2) StderrLine: {'line': b'                 from \x1b[01m\x1b[K/home/arno/RoombaV2Onboard/src/sllidar_ros2/sdk/src/sdkcommon.h:49\x1b[m\x1b[K,\n'}
[6.017235] (sllidar_ros2) StderrLine: {'line': b'                 from \x1b[01m\x1b[K/home/arno/RoombaV2Onboard/src/sllidar_ros2/sdk/src/sl_lidar_driver.cpp:33\x1b[m\x1b[K:\n'}
[6.017479] (sllidar_ros2) StderrLine: {'line': b'\x1b[01m\x1b[K/home/arno/RoombaV2Onboard/src/sllidar_ros2/./sdk/include/sl_lidar_protocol.h:66:16:\x1b[m\x1b[K \x1b[01;35m\x1b[Kwarning: \x1b[m\x1b[KISO C++ forbids zero-size array \xe2\x80\x98\x1b[01m\x1b[Kdata\x1b[m\x1b[K\xe2\x80\x99 [\x1b[01;35m\x1b[K\x1b]8;;https://gcc.gnu.org/onlinedocs/gcc/Warning-Options.html#index-Wpedantic\x07-Wpedantic\x1b]8;;\x07\x1b[m\x1b[K]\n'}
[6.017652] (sllidar_ros2) StderrLine: {'line': b'   66 |     sl_u8 data[\x1b[01;35m\x1b[K0\x1b[m\x1b[K];\n'}
[6.017812] (sllidar_ros2) StderrLine: {'line': b'      |                \x1b[01;35m\x1b[K^\x1b[m\x1b[K\n'}
[6.018051] (sllidar_ros2) StderrLine: {'line': b'In file included from \x1b[01m\x1b[K/home/arno/RoombaV2Onboard/src/sllidar_ros2/./sdk/include/rplidar_cmd.h:36\x1b[m\x1b[K,\n'}
[6.018334] (sllidar_ros2) StderrLine: {'line': b'                 from \x1b[01m\x1b[K/home/arno/RoombaV2Onboard/src/sllidar_ros2/./sdk/include/rplidar.h:40\x1b[m\x1b[K,\n'}
[6.018600] (sllidar_ros2) StderrLine: {'line': b'                 from \x1b[01m\x1b[K/home/arno/RoombaV2Onboard/src/sllidar_ros2/sdk/src/sdkcommon.h:49\x1b[m\x1b[K,\n'}
[6.018859] (sllidar_ros2) StderrLine: {'line': b'                 from \x1b[01m\x1b[K/home/arno/RoombaV2Onboard/src/sllidar_ros2/sdk/src/sl_lidar_driver.cpp:33\x1b[m\x1b[K:\n'}
[6.021218] (sllidar_ros2) StderrLine: {'line': b'\x1b[01m\x1b[K/home/arno/RoombaV2Onboard/src/sllidar_ros2/./sdk/include/sl_lidar_cmd.h:324:20:\x1b[m\x1b[K \x1b[01;35m\x1b[Kwarning: \x1b[m\x1b[KISO C++ forbids zero-size array \xe2\x80\x98\x1b[01m\x1b[Kpayload\x1b[m\x1b[K\xe2\x80\x99 [\x1b[01;35m\x1b[K\x1b]8;;https://gcc.gnu.org/onlinedocs/gcc/Warning-Options.html#index-Wpedantic\x07-Wpedantic\x1b]8;;\x07\x1b[m\x1b[K]\n'}
[6.021509] (sllidar_ros2) StderrLine: {'line': b'  324 |     sl_u8  payload[\x1b[01;35m\x1b[K0\x1b[m\x1b[K];\n'}
[6.021686] (sllidar_ros2) StderrLine: {'line': b'      |                    \x1b[01;35m\x1b[K^\x1b[m\x1b[K\n'}
[6.048421] (-) TimerEvent: {}
[6.148842] (-) TimerEvent: {}
[6.200179] (sllidar_ros2) StdoutLine: {'line': b'[ 90%] \x1b[32mBuilding CXX object CMakeFiles/sllidar_node.dir/sdk/src/sl_udp_channel.cpp.o\x1b[0m\n'}
[6.248966] (-) TimerEvent: {}
[6.349395] (-) TimerEvent: {}
[6.419390] (sllidar_ros2) StderrLine: {'line': b'In file included from \x1b[01m\x1b[K/home/arno/RoombaV2Onboard/src/sllidar_ros2/sdk/src/sl_lidarprotocol_codec.cpp:49\x1b[m\x1b[K:\n'}
[6.419800] (sllidar_ros2) StderrLine: {'line': b'\x1b[01m\x1b[K/home/arno/RoombaV2Onboard/src/sllidar_ros2/sdk/src/sl_async_transceiver.h:\x1b[m\x1b[K In member function \xe2\x80\x98\x1b[01m\x1b[Kvirtual void sl::internal::IAsyncProtocolCodec::onChannelError(u_result)\x1b[m\x1b[K\xe2\x80\x99:\n'}
[6.420140] (sllidar_ros2) StderrLine: {'line': b'\x1b[01m\x1b[K/home/arno/RoombaV2Onboard/src/sllidar_ros2/sdk/src/sl_async_transceiver.h:90:48:\x1b[m\x1b[K \x1b[01;35m\x1b[Kwarning: \x1b[m\x1b[Kunused parameter \xe2\x80\x98\x1b[01m\x1b[KerrCode\x1b[m\x1b[K\xe2\x80\x99 [\x1b[01;35m\x1b[K\x1b]8;;https://gcc.gnu.org/onlinedocs/gcc/Warning-Options.html#index-Wunused-parameter\x07-Wunused-parameter\x1b]8;;\x07\x1b[m\x1b[K]\n'}
[6.422263] (sllidar_ros2) StderrLine: {'line': b'   90 |         virtual void   onChannelError(\x1b[01;35m\x1b[Ku_result errCode\x1b[m\x1b[K) {}\n'}
[6.422571] (sllidar_ros2) StderrLine: {'line': b'      |                                       \x1b[01;35m\x1b[K~~~~~~~~~^~~~~~~\x1b[m\x1b[K\n'}
[6.449515] (-) TimerEvent: {}
[6.505886] (sllidar_ros2) StderrLine: {'line': b'In file included from \x1b[01m\x1b[K/home/arno/RoombaV2Onboard/src/sllidar_ros2/./sdk/include/sl_lidar_cmd.h:41\x1b[m\x1b[K,\n'}
[6.506179] (sllidar_ros2) StderrLine: {'line': b'                 from \x1b[01m\x1b[K/home/arno/RoombaV2Onboard/src/sllidar_ros2/./sdk/include/sl_lidar_driver.h:54\x1b[m\x1b[K,\n'}
[6.506359] (sllidar_ros2) StderrLine: {'line': b'                 from \x1b[01m\x1b[K/home/arno/RoombaV2Onboard/src/sllidar_ros2/sdk/src/sl_serial_channel.cpp:33\x1b[m\x1b[K:\n'}
[6.506514] (sllidar_ros2) StderrLine: {'line': b'\x1b[01m\x1b[K/home/arno/RoombaV2Onboard/src/sllidar_ros2/./sdk/include/sl_lidar_protocol.h:66:16:\x1b[m\x1b[K \x1b[01;35m\x1b[Kwarning: \x1b[m\x1b[KISO C++ forbids zero-size array \xe2\x80\x98\x1b[01m\x1b[Kdata\x1b[m\x1b[K\xe2\x80\x99 [\x1b[01;35m\x1b[K\x1b]8;;https://gcc.gnu.org/onlinedocs/gcc/Warning-Options.html#index-Wpedantic\x07-Wpedantic\x1b]8;;\x07\x1b[m\x1b[K]\n'}
[6.506675] (sllidar_ros2) StderrLine: {'line': b'   66 |     sl_u8 data[\x1b[01;35m\x1b[K0\x1b[m\x1b[K];\n'}
[6.506824] (sllidar_ros2) StderrLine: {'line': b'      |                \x1b[01;35m\x1b[K^\x1b[m\x1b[K\n'}
[6.509163] (sllidar_ros2) StderrLine: {'line': b'In file included from \x1b[01m\x1b[K/home/arno/RoombaV2Onboard/src/sllidar_ros2/./sdk/include/sl_lidar_driver.h:54\x1b[m\x1b[K,\n'}
[6.509441] (sllidar_ros2) StderrLine: {'line': b'                 from \x1b[01m\x1b[K/home/arno/RoombaV2Onboard/src/sllidar_ros2/sdk/src/sl_serial_channel.cpp:33\x1b[m\x1b[K:\n'}
[6.509598] (sllidar_ros2) StderrLine: {'line': b'\x1b[01m\x1b[K/home/arno/RoombaV2Onboard/src/sllidar_ros2/./sdk/include/sl_lidar_cmd.h:324:20:\x1b[m\x1b[K \x1b[01;35m\x1b[Kwarning: \x1b[m\x1b[KISO C++ forbids zero-size array \xe2\x80\x98\x1b[01m\x1b[Kpayload\x1b[m\x1b[K\xe2\x80\x99 [\x1b[01;35m\x1b[K\x1b]8;;https://gcc.gnu.org/onlinedocs/gcc/Warning-Options.html#index-Wpedantic\x07-Wpedantic\x1b]8;;\x07\x1b[m\x1b[K]\n'}
[6.509759] (sllidar_ros2) StderrLine: {'line': b'  324 |     sl_u8  payload[\x1b[01;35m\x1b[K0\x1b[m\x1b[K];\n'}
[6.509916] (sllidar_ros2) StderrLine: {'line': b'      |                    \x1b[01;35m\x1b[K^\x1b[m\x1b[K\n'}
[6.546724] (sllidar_ros2) StderrLine: {'line': b'In file included from \x1b[01m\x1b[K/home/arno/RoombaV2Onboard/src/sllidar_ros2/sdk/src/sl_lidar_driver.cpp:50\x1b[m\x1b[K:\n'}
[6.547199] (sllidar_ros2) StderrLine: {'line': b'\x1b[01m\x1b[K/home/arno/RoombaV2Onboard/src/sllidar_ros2/sdk/src/dataunpacker/dataunpacker.h:\x1b[m\x1b[K In member function \xe2\x80\x98\x1b[01m\x1b[Kvirtual void sl::internal::LIDARSampleDataListener::onCustomSampleDataDecoded(_u8, _u32, const void*, size_t)\x1b[m\x1b[K\xe2\x80\x99:\n'}
[6.547517] (sllidar_ros2) StderrLine: {'line': b'\x1b[01m\x1b[K/home/arno/RoombaV2Onboard/src/sllidar_ros2/sdk/src/dataunpacker/dataunpacker.h:54:52:\x1b[m\x1b[K \x1b[01;35m\x1b[Kwarning: \x1b[m\x1b[Kunused parameter \xe2\x80\x98\x1b[01m\x1b[KansType\x1b[m\x1b[K\xe2\x80\x99 [\x1b[01;35m\x1b[K\x1b]8;;https://gcc.gnu.org/onlinedocs/gcc/Warning-Options.html#index-Wunused-parameter\x07-Wunused-parameter\x1b]8;;\x07\x1b[m\x1b[K]\n'}
[6.547762] (sllidar_ros2) StderrLine: {'line': b'   54 |         virtual void onCustomSampleDataDecoded(\x1b[01;35m\x1b[K_u8 ansType\x1b[m\x1b[K, _u32 customCode, const void* data, size_t size) {}\n'}
[6.547921] (sllidar_ros2) StderrLine: {'line': b'      |                                                \x1b[01;35m\x1b[K~~~~^~~~~~~\x1b[m\x1b[K\n'}
[6.548089] (sllidar_ros2) StderrLine: {'line': b'\x1b[01m\x1b[K/home/arno/RoombaV2Onboard/src/sllidar_ros2/sdk/src/dataunpacker/dataunpacker.h:54:66:\x1b[m\x1b[K \x1b[01;35m\x1b[Kwarning: \x1b[m\x1b[Kunused parameter \xe2\x80\x98\x1b[01m\x1b[KcustomCode\x1b[m\x1b[K\xe2\x80\x99 [\x1b[01;35m\x1b[K\x1b]8;;https://gcc.gnu.org/onlinedocs/gcc/Warning-Options.html#index-Wunused-parameter\x07-Wunused-parameter\x1b]8;;\x07\x1b[m\x1b[K]\n'}
[6.548275] (sllidar_ros2) StderrLine: {'line': b'   54 |         virtual void onCustomSampleDataDecoded(_u8 ansType, \x1b[01;35m\x1b[K_u32 customCode\x1b[m\x1b[K, const void* data, size_t size) {}\n'}
[6.548426] (sllidar_ros2) StderrLine: {'line': b'      |                                                             \x1b[01;35m\x1b[K~~~~~^~~~~~~~~~\x1b[m\x1b[K\n'}
[6.548588] (sllidar_ros2) StderrLine: {'line': b'\x1b[01m\x1b[K/home/arno/RoombaV2Onboard/src/sllidar_ros2/sdk/src/dataunpacker/dataunpacker.h:54:90:\x1b[m\x1b[K \x1b[01;35m\x1b[Kwarning: \x1b[m\x1b[Kunused parameter \xe2\x80\x98\x1b[01m\x1b[Kdata\x1b[m\x1b[K\xe2\x80\x99 [\x1b[01;35m\x1b[K\x1b]8;;https://gcc.gnu.org/onlinedocs/gcc/Warning-Options.html#index-Wunused-parameter\x07-Wunused-parameter\x1b]8;;\x07\x1b[m\x1b[K]\n'}
[6.548744] (sllidar_ros2) StderrLine: {'line': b'   54 |         virtual void onCustomSampleDataDecoded(_u8 ansType, _u32 customCode, \x1b[01;35m\x1b[Kconst void* data\x1b[m\x1b[K, size_t size) {}\n'}
[6.548909] (sllidar_ros2) StderrLine: {'line': b'      |                                                                              \x1b[01;35m\x1b[K~~~~~~~~~~~~^~~~\x1b[m\x1b[K\n'}
[6.549070] (sllidar_ros2) StderrLine: {'line': b'\x1b[01m\x1b[K/home/arno/RoombaV2Onboard/src/sllidar_ros2/sdk/src/dataunpacker/dataunpacker.h:54:103:\x1b[m\x1b[K \x1b[01;35m\x1b[Kwarning: \x1b[m\x1b[Kunused parameter \xe2\x80\x98\x1b[01m\x1b[Ksize\x1b[m\x1b[K\xe2\x80\x99 [\x1b[01;35m\x1b[K\x1b]8;;https://gcc.gnu.org/onlinedocs/gcc/Warning-Options.html#index-Wunused-parameter\x07-Wunused-parameter\x1b]8;;\x07\x1b[m\x1b[K]\n'}
[6.549259] (sllidar_ros2) StderrLine: {'line': b'   54 |         virtual void onCustomSampleDataDecoded(_u8 ansType, _u32 customCode, const void* data, \x1b[01;35m\x1b[Ksize_t size\x1b[m\x1b[K) {}\n'}
[6.549405] (sllidar_ros2) StderrLine: {'line': b'      |                                                                                                \x1b[01;35m\x1b[K~~~~~~~^~~~\x1b[m\x1b[K\n'}
[6.549546] (-) TimerEvent: {}
[6.552253] (sllidar_ros2) StderrLine: {'line': b'\x1b[01m\x1b[K/home/arno/RoombaV2Onboard/src/sllidar_ros2/sdk/src/dataunpacker/dataunpacker.h:\x1b[m\x1b[K In member function \xe2\x80\x98\x1b[01m\x1b[Kvirtual void sl::internal::LIDARSampleDataListener::onDecodingError(int, _u8, const void*, size_t)\x1b[m\x1b[K\xe2\x80\x99:\n'}
[6.552533] (sllidar_ros2) StderrLine: {'line': b'\x1b[01m\x1b[K/home/arno/RoombaV2Onboard/src/sllidar_ros2/sdk/src/dataunpacker/dataunpacker.h:56:42:\x1b[m\x1b[K \x1b[01;35m\x1b[Kwarning: \x1b[m\x1b[Kunused parameter \xe2\x80\x98\x1b[01m\x1b[KerrMsg\x1b[m\x1b[K\xe2\x80\x99 [\x1b[01;35m\x1b[K\x1b]8;;https://gcc.gnu.org/onlinedocs/gcc/Warning-Options.html#index-Wunused-parameter\x07-Wunused-parameter\x1b]8;;\x07\x1b[m\x1b[K]\n'}
[6.552708] (sllidar_ros2) StderrLine: {'line': b'   56 |         virtual void onDecodingError(\x1b[01;35m\x1b[Kint errMsg\x1b[m\x1b[K, _u8 ansType, const void* payload, size_t size) {}\n'}
[6.552862] (sllidar_ros2) StderrLine: {'line': b'      |                                      \x1b[01;35m\x1b[K~~~~^~~~~~\x1b[m\x1b[K\n'}
[6.553012] (sllidar_ros2) StderrLine: {'line': b'\x1b[01m\x1b[K/home/arno/RoombaV2Onboard/src/sllidar_ros2/sdk/src/dataunpacker/dataunpacker.h:56:54:\x1b[m\x1b[K \x1b[01;35m\x1b[Kwarning: \x1b[m\x1b[Kunused parameter \xe2\x80\x98\x1b[01m\x1b[KansType\x1b[m\x1b[K\xe2\x80\x99 [\x1b[01;35m\x1b[K\x1b]8;;https://gcc.gnu.org/onlinedocs/gcc/Warning-Options.html#index-Wunused-parameter\x07-Wunused-parameter\x1b]8;;\x07\x1b[m\x1b[K]\n'}
[6.553195] (sllidar_ros2) StderrLine: {'line': b'   56 |         virtual void onDecodingError(int errMsg, \x1b[01;35m\x1b[K_u8 ansType\x1b[m\x1b[K, const void* payload, size_t size) {}\n'}
[6.553369] (sllidar_ros2) StderrLine: {'line': b'      |                                                  \x1b[01;35m\x1b[K~~~~^~~~~~~\x1b[m\x1b[K\n'}
[6.553519] (sllidar_ros2) StderrLine: {'line': b'\x1b[01m\x1b[K/home/arno/RoombaV2Onboard/src/sllidar_ros2/sdk/src/dataunpacker/dataunpacker.h:56:75:\x1b[m\x1b[K \x1b[01;35m\x1b[Kwarning: \x1b[m\x1b[Kunused parameter \xe2\x80\x98\x1b[01m\x1b[Kpayload\x1b[m\x1b[K\xe2\x80\x99 [\x1b[01;35m\x1b[K\x1b]8;;https://gcc.gnu.org/onlinedocs/gcc/Warning-Options.html#index-Wunused-parameter\x07-Wunused-parameter\x1b]8;;\x07\x1b[m\x1b[K]\n'}
[6.553677] (sllidar_ros2) StderrLine: {'line': b'   56 |         virtual void onDecodingError(int errMsg, _u8 ansType, \x1b[01;35m\x1b[Kconst void* payload\x1b[m\x1b[K, size_t size) {}\n'}
[6.553825] (sllidar_ros2) StderrLine: {'line': b'      |                                                               \x1b[01;35m\x1b[K~~~~~~~~~~~~^~~~~~~\x1b[m\x1b[K\n'}
[6.553978] (sllidar_ros2) StderrLine: {'line': b'\x1b[01m\x1b[K/home/arno/RoombaV2Onboard/src/sllidar_ros2/sdk/src/dataunpacker/dataunpacker.h:56:91:\x1b[m\x1b[K \x1b[01;35m\x1b[Kwarning: \x1b[m\x1b[Kunused parameter \xe2\x80\x98\x1b[01m\x1b[Ksize\x1b[m\x1b[K\xe2\x80\x99 [\x1b[01;35m\x1b[K\x1b]8;;https://gcc.gnu.org/onlinedocs/gcc/Warning-Options.html#index-Wunused-parameter\x07-Wunused-parameter\x1b]8;;\x07\x1b[m\x1b[K]\n'}
[6.554147] (sllidar_ros2) StderrLine: {'line': b'   56 |         virtual void onDecodingError(int errMsg, _u8 ansType, const void* payload, \x1b[01;35m\x1b[Ksize_t size\x1b[m\x1b[K) {}\n'}
[6.554310] (sllidar_ros2) StderrLine: {'line': b'      |                                                                                    \x1b[01;35m\x1b[K~~~~~~~^~~~\x1b[m\x1b[K\n'}
[6.567806] (sllidar_ros2) StderrLine: {'line': b'In file included from \x1b[01m\x1b[K/home/arno/RoombaV2Onboard/src/sllidar_ros2/sdk/src/sl_lidar_driver.cpp:51\x1b[m\x1b[K:\n'}
[6.568121] (sllidar_ros2) StderrLine: {'line': b'\x1b[01m\x1b[K/home/arno/RoombaV2Onboard/src/sllidar_ros2/sdk/src/sl_async_transceiver.h:\x1b[m\x1b[K In member function \xe2\x80\x98\x1b[01m\x1b[Kvirtual void sl::internal::IAsyncProtocolCodec::onChannelError(u_result)\x1b[m\x1b[K\xe2\x80\x99:\n'}
[6.568321] (sllidar_ros2) StderrLine: {'line': b'\x1b[01m\x1b[K/home/arno/RoombaV2Onboard/src/sllidar_ros2/sdk/src/sl_async_transceiver.h:90:48:\x1b[m\x1b[K \x1b[01;35m\x1b[Kwarning: \x1b[m\x1b[Kunused parameter \xe2\x80\x98\x1b[01m\x1b[KerrCode\x1b[m\x1b[K\xe2\x80\x99 [\x1b[01;35m\x1b[K\x1b]8;;https://gcc.gnu.org/onlinedocs/gcc/Warning-Options.html#index-Wunused-parameter\x07-Wunused-parameter\x1b]8;;\x07\x1b[m\x1b[K]\n'}
[6.568493] (sllidar_ros2) StderrLine: {'line': b'   90 |         virtual void   onChannelError(\x1b[01;35m\x1b[Ku_result errCode\x1b[m\x1b[K) {}\n'}
[6.568650] (sllidar_ros2) StderrLine: {'line': b'      |                                       \x1b[01;35m\x1b[K~~~~~~~~~^~~~~~~\x1b[m\x1b[K\n'}
[6.571026] (sllidar_ros2) StderrLine: {'line': b'In file included from \x1b[01m\x1b[K/home/arno/RoombaV2Onboard/src/sllidar_ros2/./sdk/include/sl_lidar_cmd.h:41\x1b[m\x1b[K,\n'}
[6.571303] (sllidar_ros2) StderrLine: {'line': b'                 from \x1b[01m\x1b[K/home/arno/RoombaV2Onboard/src/sllidar_ros2/./sdk/include/sl_lidar_driver.h:54\x1b[m\x1b[K,\n'}
[6.571491] (sllidar_ros2) StderrLine: {'line': b'                 from \x1b[01m\x1b[K/home/arno/RoombaV2Onboard/src/sllidar_ros2/sdk/src/sl_tcp_channel.cpp:33\x1b[m\x1b[K:\n'}
[6.571659] (sllidar_ros2) StderrLine: {'line': b'\x1b[01m\x1b[K/home/arno/RoombaV2Onboard/src/sllidar_ros2/./sdk/include/sl_lidar_protocol.h:66:16:\x1b[m\x1b[K \x1b[01;35m\x1b[Kwarning: \x1b[m\x1b[KISO C++ forbids zero-size array \xe2\x80\x98\x1b[01m\x1b[Kdata\x1b[m\x1b[K\xe2\x80\x99 [\x1b[01;35m\x1b[K\x1b]8;;https://gcc.gnu.org/onlinedocs/gcc/Warning-Options.html#index-Wpedantic\x07-Wpedantic\x1b]8;;\x07\x1b[m\x1b[K]\n'}
[6.571826] (sllidar_ros2) StderrLine: {'line': b'   66 |     sl_u8 data[\x1b[01;35m\x1b[K0\x1b[m\x1b[K];\n'}
[6.572000] (sllidar_ros2) StderrLine: {'line': b'      |                \x1b[01;35m\x1b[K^\x1b[m\x1b[K\n'}
[6.572321] (sllidar_ros2) StderrLine: {'line': b'In file included from \x1b[01m\x1b[K/home/arno/RoombaV2Onboard/src/sllidar_ros2/./sdk/include/sl_lidar_driver.h:54\x1b[m\x1b[K,\n'}
[6.572504] (sllidar_ros2) StderrLine: {'line': b'                 from \x1b[01m\x1b[K/home/arno/RoombaV2Onboard/src/sllidar_ros2/sdk/src/sl_tcp_channel.cpp:33\x1b[m\x1b[K:\n'}
[6.572662] (sllidar_ros2) StderrLine: {'line': b'\x1b[01m\x1b[K/home/arno/RoombaV2Onboard/src/sllidar_ros2/./sdk/include/sl_lidar_cmd.h:324:20:\x1b[m\x1b[K \x1b[01;35m\x1b[Kwarning: \x1b[m\x1b[KISO C++ forbids zero-size array \xe2\x80\x98\x1b[01m\x1b[Kpayload\x1b[m\x1b[K\xe2\x80\x99 [\x1b[01;35m\x1b[K\x1b]8;;https://gcc.gnu.org/onlinedocs/gcc/Warning-Options.html#index-Wpedantic\x07-Wpedantic\x1b]8;;\x07\x1b[m\x1b[K]\n'}
[6.572828] (sllidar_ros2) StderrLine: {'line': b'  324 |     sl_u8  payload[\x1b[01;35m\x1b[K0\x1b[m\x1b[K];\n'}
[6.572978] (sllidar_ros2) StderrLine: {'line': b'      |                    \x1b[01;35m\x1b[K^\x1b[m\x1b[K\n'}
[6.582981] (sllidar_ros2) StderrLine: {'line': b'\x1b[01m\x1b[K/home/arno/RoombaV2Onboard/src/sllidar_ros2/sdk/src/sl_tcp_channel.cpp:\x1b[m\x1b[K In member function \xe2\x80\x98\x1b[01m\x1b[Kvoid sl::TcpChannel::setStatus(_u32)\x1b[m\x1b[K\xe2\x80\x99:\n'}
[6.583284] (sllidar_ros2) StderrLine: {'line': b'\x1b[01m\x1b[K/home/arno/RoombaV2Onboard/src/sllidar_ros2/sdk/src/sl_tcp_channel.cpp:109:29:\x1b[m\x1b[K \x1b[01;35m\x1b[Kwarning: \x1b[m\x1b[Kunused parameter \xe2\x80\x98\x1b[01m\x1b[Kflag\x1b[m\x1b[K\xe2\x80\x99 [\x1b[01;35m\x1b[K\x1b]8;;https://gcc.gnu.org/onlinedocs/gcc/Warning-Options.html#index-Wunused-parameter\x07-Wunused-parameter\x1b]8;;\x07\x1b[m\x1b[K]\n'}
[6.583463] (sllidar_ros2) StderrLine: {'line': b'  109 |         void setStatus(\x1b[01;35m\x1b[K_u32 flag\x1b[m\x1b[K){}\n'}
[6.583624] (sllidar_ros2) StderrLine: {'line': b'      |                        \x1b[01;35m\x1b[K~~~~~^~~~\x1b[m\x1b[K\n'}
[6.624087] (sllidar_ros2) StderrLine: {'line': b'\x1b[01m\x1b[K/home/arno/RoombaV2Onboard/src/sllidar_ros2/sdk/src/sl_lidar_driver.cpp:\x1b[m\x1b[K In member function \xe2\x80\x98\x1b[01m\x1b[Kvirtual sl_result sl::SlamtecLidarDriver::reset(sl_u32)\x1b[m\x1b[K\xe2\x80\x99:\n'}
[6.624388] (sllidar_ros2) StderrLine: {'line': b'\x1b[01m\x1b[K/home/arno/RoombaV2Onboard/src/sllidar_ros2/sdk/src/sl_lidar_driver.cpp:511:32:\x1b[m\x1b[K \x1b[01;35m\x1b[Kwarning: \x1b[m\x1b[Kunused parameter \xe2\x80\x98\x1b[01m\x1b[KtimeoutInMs\x1b[m\x1b[K\xe2\x80\x99 [\x1b[01;35m\x1b[K\x1b]8;;https://gcc.gnu.org/onlinedocs/gcc/Warning-Options.html#index-Wunused-parameter\x07-Wunused-parameter\x1b]8;;\x07\x1b[m\x1b[K]\n'}
[6.624573] (sllidar_ros2) StderrLine: {'line': b'  511 |         sl_result reset(\x1b[01;35m\x1b[Ksl_u32 timeoutInMs = DEFAULT_TIMEOUT\x1b[m\x1b[K)\n'}
[6.624734] (sllidar_ros2) StderrLine: {'line': b'      |                         \x1b[01;35m\x1b[K~~~~~~~^~~~~~~~~~~~~~~~~~~~~~~~~~~~~\x1b[m\x1b[K\n'}
[6.630413] (sllidar_ros2) StderrLine: {'line': b'\x1b[01m\x1b[K/home/arno/RoombaV2Onboard/src/sllidar_ros2/sdk/src/sl_lidar_driver.cpp:\x1b[m\x1b[K In member function \xe2\x80\x98\x1b[01m\x1b[Kvirtual sl_result sl::SlamtecLidarDriver::startScan(bool, bool, sl_u32, sl::LidarScanMode*)\x1b[m\x1b[K\xe2\x80\x99:\n'}
[6.630700] (sllidar_ros2) StderrLine: {'line': b'\x1b[01m\x1b[K/home/arno/RoombaV2Onboard/src/sllidar_ros2/sdk/src/sl_lidar_driver.cpp:586:69:\x1b[m\x1b[K \x1b[01;35m\x1b[Kwarning: \x1b[m\x1b[Kunused parameter \xe2\x80\x98\x1b[01m\x1b[Koptions\x1b[m\x1b[K\xe2\x80\x99 [\x1b[01;35m\x1b[K\x1b]8;;https://gcc.gnu.org/onlinedocs/gcc/Warning-Options.html#index-Wunused-parameter\x07-Wunused-parameter\x1b]8;;\x07\x1b[m\x1b[K]\n'}
[6.630888] (sllidar_ros2) StderrLine: {'line': b'  586 |         sl_result startScan(bool force, bool useTypicalScan, \x1b[01;35m\x1b[Ksl_u32 options = 0\x1b[m\x1b[K, LidarScanMode* outUsedScanMode = nullptr)\n'}
[6.631050] (sllidar_ros2) StderrLine: {'line': b'      |                                                              \x1b[01;35m\x1b[K~~~~~~~^~~~~~~~~~~\x1b[m\x1b[K\n'}
[6.635426] (sllidar_ros2) StderrLine: {'line': b'\x1b[01m\x1b[K/home/arno/RoombaV2Onboard/src/sllidar_ros2/sdk/src/sl_lidar_driver.cpp:\x1b[m\x1b[K In member function \xe2\x80\x98\x1b[01m\x1b[Kvirtual sl_result sl::SlamtecLidarDriver::stop(sl_u32)\x1b[m\x1b[K\xe2\x80\x99:\n'}
[6.635720] (sllidar_ros2) StderrLine: {'line': b'\x1b[01m\x1b[K/home/arno/RoombaV2Onboard/src/sllidar_ros2/sdk/src/sl_lidar_driver.cpp:763:31:\x1b[m\x1b[K \x1b[01;35m\x1b[Kwarning: \x1b[m\x1b[Kunused parameter \xe2\x80\x98\x1b[01m\x1b[Ktimeout\x1b[m\x1b[K\xe2\x80\x99 [\x1b[01;35m\x1b[K\x1b]8;;https://gcc.gnu.org/onlinedocs/gcc/Warning-Options.html#index-Wunused-parameter\x07-Wunused-parameter\x1b]8;;\x07\x1b[m\x1b[K]\n'}
[6.635905] (sllidar_ros2) StderrLine: {'line': b'  763 |         sl_result stop(\x1b[01;35m\x1b[Ksl_u32 timeout = DEFAULT_TIMEOUT\x1b[m\x1b[K)\n'}
[6.636078] (sllidar_ros2) StderrLine: {'line': b'      |                        \x1b[01;35m\x1b[K~~~~~~~^~~~~~~~~~~~~~~~~~~~~~~~~\x1b[m\x1b[K\n'}
[6.639428] (sllidar_ros2) StderrLine: {'line': b'\x1b[01m\x1b[K/home/arno/RoombaV2Onboard/src/sllidar_ros2/sdk/src/sl_lidar_driver.cpp:\x1b[m\x1b[K In member function \xe2\x80\x98\x1b[01m\x1b[Kvirtual sl_result sl::SlamtecLidarDriver::getFrequency(const sl::LidarScanMode&, const sl_lidar_response_measurement_node_hq_t*, size_t, float&)\x1b[m\x1b[K\xe2\x80\x99:\n'}
[6.639736] (sllidar_ros2) StderrLine: {'line': b'\x1b[01m\x1b[K/home/arno/RoombaV2Onboard/src/sllidar_ros2/sdk/src/sl_lidar_driver.cpp:880:110:\x1b[m\x1b[K \x1b[01;35m\x1b[Kwarning: \x1b[m\x1b[Kunused parameter \xe2\x80\x98\x1b[01m\x1b[Knodes\x1b[m\x1b[K\xe2\x80\x99 [\x1b[01;35m\x1b[K\x1b]8;;https://gcc.gnu.org/onlinedocs/gcc/Warning-Options.html#index-Wunused-parameter\x07-Wunused-parameter\x1b]8;;\x07\x1b[m\x1b[K]\n'}
[6.639928] (sllidar_ros2) StderrLine: {'line': b'  880 |         sl_result getFrequency(const LidarScanMode& scanMode, \x1b[01;35m\x1b[Kconst sl_lidar_response_measurement_node_hq_t* nodes\x1b[m\x1b[K, size_t count, float& frequency)\n'}
[6.640098] (sllidar_ros2) StderrLine: {'line': b'      |                                                               \x1b[01;35m\x1b[K~~~~~~~~~~~~~~~~~~~~~~~~~~~~~~~~~~~~~~~~~~~~~~~^~~~~\x1b[m\x1b[K\n'}
[6.644712] (sllidar_ros2) StderrLine: {'line': b'\x1b[01m\x1b[K/home/arno/RoombaV2Onboard/src/sllidar_ros2/sdk/src/sl_lidar_driver.cpp:\x1b[m\x1b[K In member function \xe2\x80\x98\x1b[01m\x1b[Kvirtual sl_result sl::SlamtecLidarDriver::getMotorInfo(sl::LidarMotorInfo&, sl_u32)\x1b[m\x1b[K\xe2\x80\x99:\n'}
[6.645009] (sllidar_ros2) StderrLine: {'line': b'\x1b[01m\x1b[K/home/arno/RoombaV2Onboard/src/sllidar_ros2/sdk/src/sl_lidar_driver.cpp:1023:66:\x1b[m\x1b[K \x1b[01;35m\x1b[Kwarning: \x1b[m\x1b[Kunused parameter \xe2\x80\x98\x1b[01m\x1b[KtimeoutInMs\x1b[m\x1b[K\xe2\x80\x99 [\x1b[01;35m\x1b[K\x1b]8;;https://gcc.gnu.org/onlinedocs/gcc/Warning-Options.html#index-Wunused-parameter\x07-Wunused-parameter\x1b]8;;\x07\x1b[m\x1b[K]\n'}
[6.645221] (sllidar_ros2) StderrLine: {'line': b' 1023 |         sl_result getMotorInfo(LidarMotorInfo &motorInfo, \x1b[01;35m\x1b[Ksl_u32 timeoutInMs\x1b[m\x1b[K)\n'}
[6.645394] (sllidar_ros2) StderrLine: {'line': b'      |                                                           \x1b[01;35m\x1b[K~~~~~~~^~~~~~~~~~~\x1b[m\x1b[K\n'}
[6.649684] (-) TimerEvent: {}
[6.653166] (sllidar_ros2) StderrLine: {'line': b'\x1b[01m\x1b[K/home/arno/RoombaV2Onboard/src/sllidar_ros2/sdk/src/sl_lidar_driver.cpp:\x1b[m\x1b[K In member function \xe2\x80\x98\x1b[01m\x1b[Ku_result sl::SlamtecLidarDriver::getScanModeCount(sl_u16&, sl_u32)\x1b[m\x1b[K\xe2\x80\x99:\n'}
[6.653475] (sllidar_ros2) StderrLine: {'line': b'\x1b[01m\x1b[K/home/arno/RoombaV2Onboard/src/sllidar_ros2/sdk/src/sl_lidar_driver.cpp:1199:61:\x1b[m\x1b[K \x1b[01;35m\x1b[Kwarning: \x1b[m\x1b[Kunused parameter \xe2\x80\x98\x1b[01m\x1b[KtimeoutInMs\x1b[m\x1b[K\xe2\x80\x99 [\x1b[01;35m\x1b[K\x1b]8;;https://gcc.gnu.org/onlinedocs/gcc/Warning-Options.html#index-Wunused-parameter\x07-Wunused-parameter\x1b]8;;\x07\x1b[m\x1b[K]\n'}
[6.653678] (sllidar_ros2) StderrLine: {'line': b' 1199 |         u_result getScanModeCount(sl_u16& modeCount, \x1b[01;35m\x1b[Ksl_u32 timeoutInMs = DEFAULT_TIMEOUT\x1b[m\x1b[K)\n'}
[6.653846] (sllidar_ros2) StderrLine: {'line': b'      |                                                      \x1b[01;35m\x1b[K~~~~~~~^~~~~~~~~~~~~~~~~~~~~~~~~~~~~\x1b[m\x1b[K\n'}
[6.708876] (sllidar_ros2) StderrLine: {'line': b'/home/arno/RoombaV2Onboard/src/sllidar_ros2/sdk/src/sl_lidar_driver.cpp: In instantiation of \xe2\x80\x98\x1b[01m\x1b[Kvoid sl::RawSampleNodeHolder<T>::pushNode(_u64, const T*) [with T = sl_lidar_response_measurement_node_hq_t; _u64 = long unsigned int]\x1b[m\x1b[K\xe2\x80\x99:\n'}
[6.709202] (sllidar_ros2) StderrLine: {'line': b'\x1b[01m\x1b[K/home/arno/RoombaV2Onboard/src/sllidar_ros2/sdk/src/sl_lidar_driver.cpp:1648:42:\x1b[m\x1b[K   required from here\n'}
[6.709393] (sllidar_ros2) StderrLine: {'line': b'\x1b[01m\x1b[K/home/arno/RoombaV2Onboard/src/sllidar_ros2/sdk/src/sl_lidar_driver.cpp:202:28:\x1b[m\x1b[K \x1b[01;35m\x1b[Kwarning: \x1b[m\x1b[Kunused parameter \xe2\x80\x98\x1b[01m\x1b[Ktimestamp_uS\x1b[m\x1b[K\xe2\x80\x99 [\x1b[01;35m\x1b[K\x1b]8;;https://gcc.gnu.org/onlinedocs/gcc/Warning-Options.html#index-Wunused-parameter\x07-Wunused-parameter\x1b]8;;\x07\x1b[m\x1b[K]\n'}
[6.709565] (sllidar_ros2) StderrLine: {'line': b'  202 |         void pushNode(\x1b[01;35m\x1b[K_u64 timestamp_uS\x1b[m\x1b[K, const T* node)\n'}
[6.709726] (sllidar_ros2) StderrLine: {'line': b'      |                       \x1b[01;35m\x1b[K~~~~~^~~~~~~~~~~~\x1b[m\x1b[K\n'}
[6.749840] (-) TimerEvent: {}
[6.773069] (sllidar_ros2) StderrLine: {'line': b'In file included from \x1b[01m\x1b[K/home/arno/RoombaV2Onboard/src/sllidar_ros2/./sdk/include/sl_lidar_cmd.h:41\x1b[m\x1b[K,\n'}
[6.773374] (sllidar_ros2) StderrLine: {'line': b'                 from \x1b[01m\x1b[K/home/arno/RoombaV2Onboard/src/sllidar_ros2/./sdk/include/sl_lidar_driver.h:54\x1b[m\x1b[K,\n'}
[6.773547] (sllidar_ros2) StderrLine: {'line': b'                 from \x1b[01m\x1b[K/home/arno/RoombaV2Onboard/src/sllidar_ros2/sdk/src/sl_udp_channel.cpp:33\x1b[m\x1b[K:\n'}
[6.773702] (sllidar_ros2) StderrLine: {'line': b'\x1b[01m\x1b[K/home/arno/RoombaV2Onboard/src/sllidar_ros2/./sdk/include/sl_lidar_protocol.h:66:16:\x1b[m\x1b[K \x1b[01;35m\x1b[Kwarning: \x1b[m\x1b[KISO C++ forbids zero-size array \xe2\x80\x98\x1b[01m\x1b[Kdata\x1b[m\x1b[K\xe2\x80\x99 [\x1b[01;35m\x1b[K\x1b]8;;https://gcc.gnu.org/onlinedocs/gcc/Warning-Options.html#index-Wpedantic\x07-Wpedantic\x1b]8;;\x07\x1b[m\x1b[K]\n'}
[6.773863] (sllidar_ros2) StderrLine: {'line': b'   66 |     sl_u8 data[\x1b[01;35m\x1b[K0\x1b[m\x1b[K];\n'}
[6.774028] (sllidar_ros2) StderrLine: {'line': b'      |                \x1b[01;35m\x1b[K^\x1b[m\x1b[K\n'}
[6.774294] (sllidar_ros2) StderrLine: {'line': b'In file included from \x1b[01m\x1b[K/home/arno/RoombaV2Onboard/src/sllidar_ros2/./sdk/include/sl_lidar_driver.h:54\x1b[m\x1b[K,\n'}
[6.774476] (sllidar_ros2) StderrLine: {'line': b'                 from \x1b[01m\x1b[K/home/arno/RoombaV2Onboard/src/sllidar_ros2/sdk/src/sl_udp_channel.cpp:33\x1b[m\x1b[K:\n'}
[6.774635] (sllidar_ros2) StderrLine: {'line': b'\x1b[01m\x1b[K/home/arno/RoombaV2Onboard/src/sllidar_ros2/./sdk/include/sl_lidar_cmd.h:324:20:\x1b[m\x1b[K \x1b[01;35m\x1b[Kwarning: \x1b[m\x1b[KISO C++ forbids zero-size array \xe2\x80\x98\x1b[01m\x1b[Kpayload\x1b[m\x1b[K\xe2\x80\x99 [\x1b[01;35m\x1b[K\x1b]8;;https://gcc.gnu.org/onlinedocs/gcc/Warning-Options.html#index-Wpedantic\x07-Wpedantic\x1b]8;;\x07\x1b[m\x1b[K]\n'}
[6.774797] (sllidar_ros2) StderrLine: {'line': b'  324 |     sl_u8  payload[\x1b[01;35m\x1b[K0\x1b[m\x1b[K];\n'}
[6.774949] (sllidar_ros2) StderrLine: {'line': b'      |                    \x1b[01;35m\x1b[K^\x1b[m\x1b[K\n'}
[6.780569] (sllidar_ros2) StderrLine: {'line': b'\x1b[01m\x1b[K/home/arno/RoombaV2Onboard/src/sllidar_ros2/sdk/src/sl_udp_channel.cpp:\x1b[m\x1b[K In member function \xe2\x80\x98\x1b[01m\x1b[Kvoid sl::UdpChannel::setStatus(_u32)\x1b[m\x1b[K\xe2\x80\x99:\n'}
[6.780887] (sllidar_ros2) StderrLine: {'line': b'\x1b[01m\x1b[K/home/arno/RoombaV2Onboard/src/sllidar_ros2/sdk/src/sl_udp_channel.cpp:112:29:\x1b[m\x1b[K \x1b[01;35m\x1b[Kwarning: \x1b[m\x1b[Kunused parameter \xe2\x80\x98\x1b[01m\x1b[Kflag\x1b[m\x1b[K\xe2\x80\x99 [\x1b[01;35m\x1b[K\x1b]8;;https://gcc.gnu.org/onlinedocs/gcc/Warning-Options.html#index-Wunused-parameter\x07-Wunused-parameter\x1b]8;;\x07\x1b[m\x1b[K]\n'}
[6.781099] (sllidar_ros2) StderrLine: {'line': b'  112 |         void setStatus(\x1b[01;35m\x1b[K_u32 flag\x1b[m\x1b[K){}\n'}
[6.781276] (sllidar_ros2) StderrLine: {'line': b'      |                        \x1b[01;35m\x1b[K~~~~~^~~~\x1b[m\x1b[K\n'}
[6.849978] (-) TimerEvent: {}
[6.873714] (sllidar_ros2) StderrLine: {'line': b'\x1b[01m\x1b[K/home/arno/RoombaV2Onboard/src/sllidar_ros2/sdk/src/sl_lidar_driver.cpp:\x1b[m\x1b[K At global scope:\n'}
[6.873925] (sllidar_ros2) StderrLine: {'line': b'\x1b[01m\x1b[K/home/arno/RoombaV2Onboard/src/sllidar_ros2/sdk/src/sl_lidar_driver.cpp:83:17:\x1b[m\x1b[K \x1b[01;35m\x1b[Kwarning: \x1b[m\x1b[K\xe2\x80\x98\x1b[01m\x1b[Kvoid sl::convert(const sl_lidar_response_measurement_node_hq_t&, sl_lidar_response_measurement_node_t&)\x1b[m\x1b[K\xe2\x80\x99 defined but not used [\x1b[01;35m\x1b[K\x1b]8;;https://gcc.gnu.org/onlinedocs/gcc/Warning-Options.html#index-Wunused-function\x07-Wunused-function\x1b]8;;\x07\x1b[m\x1b[K]\n'}
[6.874027] (sllidar_ros2) StderrLine: {'line': b'   83 |     static void \x1b[01;35m\x1b[Kconvert\x1b[m\x1b[K(const sl_lidar_response_measurement_node_hq_t& from, sl_lidar_response_measurement_node_t& to)\n'}
[6.874118] (sllidar_ros2) StderrLine: {'line': b'      |                 \x1b[01;35m\x1b[K^~~~~~~\x1b[m\x1b[K\n'}
[6.874208] (sllidar_ros2) StderrLine: {'line': b'\x1b[01m\x1b[K/home/arno/RoombaV2Onboard/src/sllidar_ros2/sdk/src/sl_lidar_driver.cpp:75:17:\x1b[m\x1b[K \x1b[01;35m\x1b[Kwarning: \x1b[m\x1b[K\xe2\x80\x98\x1b[01m\x1b[Kvoid sl::convert(const sl_lidar_response_measurement_node_t&, sl_lidar_response_measurement_node_hq_t&)\x1b[m\x1b[K\xe2\x80\x99 defined but not used [\x1b[01;35m\x1b[K\x1b]8;;https://gcc.gnu.org/onlinedocs/gcc/Warning-Options.html#index-Wunused-function\x07-Wunused-function\x1b]8;;\x07\x1b[m\x1b[K]\n'}
[6.874292] (sllidar_ros2) StderrLine: {'line': b'   75 |     static void \x1b[01;35m\x1b[Kconvert\x1b[m\x1b[K(const sl_lidar_response_measurement_node_t& from, sl_lidar_response_measurement_node_hq_t& to)\n'}
[6.874371] (sllidar_ros2) StderrLine: {'line': b'      |                 \x1b[01;35m\x1b[K^~~~~~~\x1b[m\x1b[K\n'}
[6.874447] (sllidar_ros2) StderrLine: {'line': b'\x1b[01m\x1b[K/home/arno/RoombaV2Onboard/src/sllidar_ros2/sdk/src/sl_lidar_driver.cpp:70:17:\x1b[m\x1b[K \x1b[01;35m\x1b[Kwarning: \x1b[m\x1b[K\xe2\x80\x98\x1b[01m\x1b[Kvoid sl::printDeprecationWarn(const char*, const char*)\x1b[m\x1b[K\xe2\x80\x99 defined but not used [\x1b[01;35m\x1b[K\x1b]8;;https://gcc.gnu.org/onlinedocs/gcc/Warning-Options.html#index-Wunused-function\x07-Wunused-function\x1b]8;;\x07\x1b[m\x1b[K]\n'}
[6.874528] (sllidar_ros2) StderrLine: {'line': b'   70 |     static void \x1b[01;35m\x1b[KprintDeprecationWarn\x1b[m\x1b[K(const char* fn, const char* replacement)\n'}
[6.874605] (sllidar_ros2) StderrLine: {'line': b'      |                 \x1b[01;35m\x1b[K^~~~~~~~~~~~~~~~~~~~\x1b[m\x1b[K\n'}
[6.950132] (-) TimerEvent: {}
[7.050491] (-) TimerEvent: {}
[7.150841] (-) TimerEvent: {}
[7.251174] (-) TimerEvent: {}
[7.351564] (-) TimerEvent: {}
[7.451952] (-) TimerEvent: {}
[7.552414] (-) TimerEvent: {}
[7.652835] (-) TimerEvent: {}
[7.753262] (-) TimerEvent: {}
[7.853686] (-) TimerEvent: {}
[7.954150] (-) TimerEvent: {}
[8.054606] (-) TimerEvent: {}
[8.155022] (-) TimerEvent: {}
[8.255464] (-) TimerEvent: {}
[8.260180] (sllidar_ros2) StderrLine: {'line': b'In file included from \x1b[01m\x1b[K/home/arno/RoombaV2Onboard/src/sllidar_ros2/./sdk/include/sl_lidar_cmd.h:41\x1b[m\x1b[K,\n'}
[8.260492] (sllidar_ros2) StderrLine: {'line': b'                 from \x1b[01m\x1b[K/home/arno/RoombaV2Onboard/src/sllidar_ros2/./sdk/include/sl_lidar_driver.h:54\x1b[m\x1b[K,\n'}
[8.260679] (sllidar_ros2) StderrLine: {'line': b'                 from \x1b[01m\x1b[K/home/arno/RoombaV2Onboard/src/sllidar_ros2/./sdk/include/sl_lidar.h:36\x1b[m\x1b[K,\n'}
[8.260836] (sllidar_ros2) StderrLine: {'line': b'                 from \x1b[01m\x1b[K/home/arno/RoombaV2Onboard/src/sllidar_ros2/src/sllidar_node.cpp:38\x1b[m\x1b[K:\n'}
[8.261004] (sllidar_ros2) StderrLine: {'line': b'\x1b[01m\x1b[K/home/arno/RoombaV2Onboard/src/sllidar_ros2/./sdk/include/sl_lidar_protocol.h:66:16:\x1b[m\x1b[K \x1b[01;35m\x1b[Kwarning: \x1b[m\x1b[KISO C++ forbids zero-size array \xe2\x80\x98\x1b[01m\x1b[Kdata\x1b[m\x1b[K\xe2\x80\x99 [\x1b[01;35m\x1b[K\x1b]8;;https://gcc.gnu.org/onlinedocs/gcc/Warning-Options.html#index-Wpedantic\x07-Wpedantic\x1b]8;;\x07\x1b[m\x1b[K]\n'}
[8.261271] (sllidar_ros2) StderrLine: {'line': b'   66 |     sl_u8 data[\x1b[01;35m\x1b[K0\x1b[m\x1b[K];\n'}
[8.261441] (sllidar_ros2) StderrLine: {'line': b'      |                \x1b[01;35m\x1b[K^\x1b[m\x1b[K\n'}
[8.261595] (sllidar_ros2) StderrLine: {'line': b'In file included from \x1b[01m\x1b[K/home/arno/RoombaV2Onboard/src/sllidar_ros2/./sdk/include/sl_lidar_driver.h:54\x1b[m\x1b[K,\n'}
[8.261747] (sllidar_ros2) StderrLine: {'line': b'                 from \x1b[01m\x1b[K/home/arno/RoombaV2Onboard/src/sllidar_ros2/./sdk/include/sl_lidar.h:36\x1b[m\x1b[K,\n'}
[8.261909] (sllidar_ros2) StderrLine: {'line': b'                 from \x1b[01m\x1b[K/home/arno/RoombaV2Onboard/src/sllidar_ros2/src/sllidar_node.cpp:38\x1b[m\x1b[K:\n'}
[8.262064] (sllidar_ros2) StderrLine: {'line': b'\x1b[01m\x1b[K/home/arno/RoombaV2Onboard/src/sllidar_ros2/./sdk/include/sl_lidar_cmd.h:324:20:\x1b[m\x1b[K \x1b[01;35m\x1b[Kwarning: \x1b[m\x1b[KISO C++ forbids zero-size array \xe2\x80\x98\x1b[01m\x1b[Kpayload\x1b[m\x1b[K\xe2\x80\x99 [\x1b[01;35m\x1b[K\x1b]8;;https://gcc.gnu.org/onlinedocs/gcc/Warning-Options.html#index-Wpedantic\x07-Wpedantic\x1b]8;;\x07\x1b[m\x1b[K]\n'}
[8.262245] (sllidar_ros2) StderrLine: {'line': b'  324 |     sl_u8  payload[\x1b[01;35m\x1b[K0\x1b[m\x1b[K];\n'}
[8.262407] (sllidar_ros2) StderrLine: {'line': b'      |                    \x1b[01;35m\x1b[K^\x1b[m\x1b[K\n'}
[8.355598] (-) TimerEvent: {}
[8.456054] (-) TimerEvent: {}
[8.556500] (-) TimerEvent: {}
[8.656912] (-) TimerEvent: {}
[8.757333] (-) TimerEvent: {}
[8.857774] (-) TimerEvent: {}
[8.958263] (-) TimerEvent: {}
[9.058707] (-) TimerEvent: {}
[9.159146] (-) TimerEvent: {}
[9.259589] (-) TimerEvent: {}
[9.360021] (-) TimerEvent: {}
[9.460450] (-) TimerEvent: {}
[9.560854] (-) TimerEvent: {}
[9.661298] (-) TimerEvent: {}
[9.761721] (-) TimerEvent: {}
[9.862150] (-) TimerEvent: {}
[9.962591] (-) TimerEvent: {}
[10.063047] (-) TimerEvent: {}
[10.163459] (-) TimerEvent: {}
[10.263860] (-) TimerEvent: {}
[10.364279] (-) TimerEvent: {}
[10.464728] (-) TimerEvent: {}
[10.565182] (-) TimerEvent: {}
[10.665613] (-) TimerEvent: {}
[10.766056] (-) TimerEvent: {}
[10.866524] (-) TimerEvent: {}
[10.966958] (-) TimerEvent: {}
[11.067403] (-) TimerEvent: {}
[11.167823] (-) TimerEvent: {}
[11.268244] (-) TimerEvent: {}
[11.368661] (-) TimerEvent: {}
[11.469112] (-) TimerEvent: {}
[11.569529] (-) TimerEvent: {}
[11.669932] (-) TimerEvent: {}
[11.770353] (-) TimerEvent: {}
[11.870774] (-) TimerEvent: {}
[11.971219] (-) TimerEvent: {}
[12.071641] (-) TimerEvent: {}
[12.172061] (-) TimerEvent: {}
[12.272498] (-) TimerEvent: {}
[12.372895] (-) TimerEvent: {}
[12.448941] (sllidar_ros2) StdoutLine: {'line': b'[ 95%] \x1b[32m\x1b[1mLinking CXX executable sllidar_node\x1b[0m\n'}
[12.473043] (-) TimerEvent: {}
[12.573421] (-) TimerEvent: {}
[12.673789] (-) TimerEvent: {}
[12.774145] (-) TimerEvent: {}
[12.851102] (sllidar_ros2) StdoutLine: {'line': b'[ 95%] Built target sllidar_node\n'}
[12.874269] (-) TimerEvent: {}
[12.974636] (-) TimerEvent: {}
[13.074992] (-) TimerEvent: {}
[13.175363] (-) TimerEvent: {}
[13.275725] (-) TimerEvent: {}
[13.376085] (-) TimerEvent: {}
[13.476450] (-) TimerEvent: {}
[13.576814] (-) TimerEvent: {}
[13.677192] (-) TimerEvent: {}
[13.777555] (-) TimerEvent: {}
[13.877924] (-) TimerEvent: {}
[13.978294] (-) TimerEvent: {}
[14.078655] (-) TimerEvent: {}
[14.178974] (-) TimerEvent: {}
[14.279346] (-) TimerEvent: {}
[14.379708] (-) TimerEvent: {}
[14.480068] (-) TimerEvent: {}
[14.580444] (-) TimerEvent: {}
[14.680794] (-) TimerEvent: {}
[14.781160] (-) TimerEvent: {}
[14.881470] (-) TimerEvent: {}
[14.981814] (-) TimerEvent: {}
[15.082272] (-) TimerEvent: {}
[15.182634] (-) TimerEvent: {}
[15.283009] (-) TimerEvent: {}
[15.383357] (-) TimerEvent: {}
[15.483735] (-) TimerEvent: {}
[15.584130] (-) TimerEvent: {}
[15.684509] (-) TimerEvent: {}
[15.784888] (-) TimerEvent: {}
[15.885280] (-) TimerEvent: {}
[15.985662] (-) TimerEvent: {}
[16.086019] (-) TimerEvent: {}
[16.186372] (-) TimerEvent: {}
[16.286779] (-) TimerEvent: {}
[16.387186] (-) TimerEvent: {}
[16.487566] (-) TimerEvent: {}
[16.587946] (-) TimerEvent: {}
[16.688352] (-) TimerEvent: {}
[16.780683] (sllidar_ros2) StdoutLine: {'line': b'[100%] \x1b[32m\x1b[1mLinking CXX executable sllidar_client\x1b[0m\n'}
[16.788515] (-) TimerEvent: {}
[16.888893] (-) TimerEvent: {}
[16.989360] (-) TimerEvent: {}
[17.089806] (-) TimerEvent: {}
[17.190226] (-) TimerEvent: {}
[17.290604] (-) TimerEvent: {}
[17.358523] (sllidar_ros2) StdoutLine: {'line': b'[100%] Built target sllidar_client\n'}
[17.373910] (sllidar_ros2) CommandEnded: {'returncode': 0}
[17.390743] (-) TimerEvent: {}
[17.481542] (sllidar_ros2) JobProgress: {'identifier': 'sllidar_ros2', 'progress': 'install'}
[17.490948] (-) TimerEvent: {}
[17.508010] (sllidar_ros2) Command: {'cmd': ['/usr/bin/cmake', '--install', '/home/arno/RoombaV2Onboard/build/sllidar_ros2'], 'cwd': '/home/arno/RoombaV2Onboard/build/sllidar_ros2', 'env': OrderedDict([('GJS_DEBUG_TOPICS', 'JS ERROR;JS LOG'), ('LESSOPEN', '| /usr/bin/lesspipe %s'), ('USER', 'arno'), ('LC_TIME', 'de_CH.UTF-8'), ('XDG_SESSION_TYPE', 'wayland'), ('SHLVL', '1'), ('LD_LIBRARY_PATH', '/usr/lib/x86_64-linux-gnu/gazebo-11/plugins:/opt/ros/humble/opt/rviz_ogre_vendor/lib:/opt/ros/humble/lib/x86_64-linux-gnu:/opt/ros/humble/lib'), ('HOME', '/home/arno'), ('OLDPWD', '/home/arno'), ('DESKTOP_SESSION', 'ubuntu'), ('GIO_LAUNCHED_DESKTOP_FILE', '/usr/share/applications/terminator.desktop'), ('ROS_PYTHON_VERSION', '3'), ('GNOME_SHELL_SESSION_MODE', 'ubuntu'), ('GTK_MODULES', 'gail:atk-bridge'), ('LC_MONETARY', 'de_CH.UTF-8'), ('MANAGERPID', '2349'), ('SYSTEMD_EXEC_PID', '2537'), ('DBUS_SESSION_BUS_ADDRESS', 'unix:path=/run/user/1000/bus'), ('COLORTERM', 'truecolor'), ('TERMINATOR_DBUS_NAME', 'net.tenshu.Terminator25ef4b219e3b005583550f2b0f9f990c3'), ('GIO_LAUNCHED_DESKTOP_FILE_PID', '8345'), ('IM_CONFIG_PHASE', '1'), ('WAYLAND_DISPLAY', 'wayland-0'), ('ROS_DISTRO', 'humble'), ('LOGNAME', 'arno'), ('JOURNAL_STREAM', '8:16054'), ('_', '/usr/bin/colcon'), ('ROS_VERSION', '2'), ('XDG_SESSION_CLASS', 'user'), ('USERNAME', 'arno'), ('TERM', 'xterm-256color'), ('GNOME_DESKTOP_SESSION_ID', 'this-is-deprecated'), ('ROS_LOCALHOST_ONLY', '0'), ('PATH', '/opt/ros/humble/bin:/home/arno/.local/bin:/usr/local/sbin:/usr/local/bin:/usr/sbin:/usr/bin:/sbin:/bin:/usr/games:/usr/local/games:/snap/bin:/snap/bin'), ('SESSION_MANAGER', 'local/laptopal:@/tmp/.ICE-unix/2504,unix/laptopal:/tmp/.ICE-unix/2504'), ('INVOCATION_ID', '5983a2e36bfc45d3b3db0123805fa72b'), ('XDG_MENU_PREFIX', 'gnome-'), ('LC_ADDRESS', 'de_CH.UTF-8'), ('GNOME_SETUP_DISPLAY', ':1'), ('XDG_RUNTIME_DIR', '/run/user/1000'), ('DISPLAY', ':0'), ('TERMINATOR_DBUS_PATH', '/net/tenshu/Terminator2'), ('LANG', 'en_US.UTF-8'), ('XDG_CURRENT_DESKTOP', 'ubuntu:GNOME'), ('IBUS_DISABLE_SNOOPER', '1'), ('LC_TELEPHONE', 'de_CH.UTF-8'), ('XMODIFIERS', '@im=ibus'), ('XDG_SESSION_DESKTOP', 'ubuntu'), ('XAUTHORITY', '/run/user/1000/.mutter-Xwaylandauth.K6TAU2'), ('LS_COLORS', 'rs=0:di=01;34:ln=01;36:mh=00:pi=40;33:so=01;35:do=01;35:bd=40;33;01:cd=40;33;01:or=40;31;01:mi=00:su=37;41:sg=30;43:ca=30;41:tw=30;42:ow=34;42:st=37;44:ex=01;32:*.tar=01;31:*.tgz=01;31:*.arc=01;31:*.arj=01;31:*.taz=01;31:*.lha=01;31:*.lz4=01;31:*.lzh=01;31:*.lzma=01;31:*.tlz=01;31:*.txz=01;31:*.tzo=01;31:*.t7z=01;31:*.zip=01;31:*.z=01;31:*.dz=01;31:*.gz=01;31:*.lrz=01;31:*.lz=01;31:*.lzo=01;31:*.xz=01;31:*.zst=01;31:*.tzst=01;31:*.bz2=01;31:*.bz=01;31:*.tbz=01;31:*.tbz2=01;31:*.tz=01;31:*.deb=01;31:*.rpm=01;31:*.jar=01;31:*.war=01;31:*.ear=01;31:*.sar=01;31:*.rar=01;31:*.alz=01;31:*.ace=01;31:*.zoo=01;31:*.cpio=01;31:*.7z=01;31:*.rz=01;31:*.cab=01;31:*.wim=01;31:*.swm=01;31:*.dwm=01;31:*.esd=01;31:*.jpg=01;35:*.jpeg=01;35:*.mjpg=01;35:*.mjpeg=01;35:*.gif=01;35:*.bmp=01;35:*.pbm=01;35:*.pgm=01;35:*.ppm=01;35:*.tga=01;35:*.xbm=01;35:*.xpm=01;35:*.tif=01;35:*.tiff=01;35:*.png=01;35:*.svg=01;35:*.svgz=01;35:*.mng=01;35:*.pcx=01;35:*.mov=01;35:*.mpg=01;35:*.mpeg=01;35:*.m2v=01;35:*.mkv=01;35:*.webm=01;35:*.webp=01;35:*.ogm=01;35:*.mp4=01;35:*.m4v=01;35:*.mp4v=01;35:*.vob=01;35:*.qt=01;35:*.nuv=01;35:*.wmv=01;35:*.asf=01;35:*.rm=01;35:*.rmvb=01;35:*.flc=01;35:*.avi=01;35:*.fli=01;35:*.flv=01;35:*.gl=01;35:*.dl=01;35:*.xcf=01;35:*.xwd=01;35:*.yuv=01;35:*.cgm=01;35:*.emf=01;35:*.ogv=01;35:*.ogx=01;35:*.aac=00;36:*.au=00;36:*.flac=00;36:*.m4a=00;36:*.mid=00;36:*.midi=00;36:*.mka=00;36:*.mp3=00;36:*.mpc=00;36:*.ogg=00;36:*.ra=00;36:*.wav=00;36:*.oga=00;36:*.opus=00;36:*.spx=00;36:*.xspf=00;36:'), ('SSH_AGENT_LAUNCHER', 'gnome-keyring'), ('SSH_AUTH_SOCK', '/run/user/1000/keyring/ssh'), ('AMENT_PREFIX_PATH', '/opt/ros/humble'), ('SHELL', '/bin/bash'), ('LC_NAME', 'de_CH.UTF-8'), ('TERMINATOR_UUID', 'urn:uuid:1ec060db-acf4-41f1-80b6-79b3b5ec47a1'), ('QT_ACCESSIBILITY', '1'), ('GDMSESSION', 'ubuntu'), ('LESSCLOSE', '/usr/bin/lesspipe %s %s'), ('LC_MEASUREMENT', 'de_CH.UTF-8'), ('GJS_DEBUG_OUTPUT', 'stderr'), ('LC_IDENTIFICATION', 'de_CH.UTF-8'), ('QT_IM_MODULE', 'ibus'), ('PWD', '/home/arno/RoombaV2Onboard/build/sllidar_ros2'), ('LC_ALL', 'en_US.UTF-8'), ('XDG_CONFIG_DIRS', '/etc/xdg/xdg-ubuntu:/etc/xdg'), ('XDG_DATA_DIRS', '/usr/share/ubuntu:/usr/local/share/:/usr/share/:/var/lib/snapd/desktop'), ('PYTHONPATH', '/opt/ros/humble/lib/python3.10/site-packages:/opt/ros/humble/local/lib/python3.10/dist-packages'), ('LC_NUMERIC', 'de_CH.UTF-8'), ('LC_PAPER', 'de_CH.UTF-8'), ('COLCON', '1'), ('VTE_VERSION', '6800'), ('CMAKE_PREFIX_PATH', '/opt/ros/humble')]), 'shell': False}
[17.531396] (sllidar_ros2) StdoutLine: {'line': b'-- Install configuration: ""\n'}
[17.532139] (sllidar_ros2) StdoutLine: {'line': b'-- Installing: /home/arno/RoombaV2Onboard/install/sllidar_ros2/share/sllidar_ros2/launch\n'}
[17.532597] (sllidar_ros2) StdoutLine: {'line': b'-- Installing: /home/arno/RoombaV2Onboard/install/sllidar_ros2/share/sllidar_ros2/launch/sllidar_a2m8_launch.py\n'}
[17.532947] (sllidar_ros2) StdoutLine: {'line': b'-- Installing: /home/arno/RoombaV2Onboard/install/sllidar_ros2/share/sllidar_ros2/launch/view_sllidar_c1_launch.py\n'}
[17.533527] (sllidar_ros2) StdoutLine: {'line': b'-- Installing: /home/arno/RoombaV2Onboard/install/sllidar_ros2/share/sllidar_ros2/launch/view_sllidar_a2m12_launch.py\n'}
[17.534139] (sllidar_ros2) StdoutLine: {'line': b'-- Installing: /home/arno/RoombaV2Onboard/install/sllidar_ros2/share/sllidar_ros2/launch/view_sllidar_s2_launch.py\n'}
[17.534603] (sllidar_ros2) StdoutLine: {'line': b'-- Installing: /home/arno/RoombaV2Onboard/install/sllidar_ros2/share/sllidar_ros2/launch/view_sllidar_s1_launch.py\n'}
[17.534951] (sllidar_ros2) StdoutLine: {'line': b'-- Installing: /home/arno/RoombaV2Onboard/install/sllidar_ros2/share/sllidar_ros2/launch/sllidar_s1_tcp_launch.py\n'}
[17.535400] (sllidar_ros2) StdoutLine: {'line': b'-- Installing: /home/arno/RoombaV2Onboard/install/sllidar_ros2/share/sllidar_ros2/launch/view_sllidar_a3_launch.py\n'}
[17.535688] (sllidar_ros2) StdoutLine: {'line': b'-- Installing: /home/arno/RoombaV2Onboard/install/sllidar_ros2/share/sllidar_ros2/launch/sllidar_a3_launch.py\n'}
[17.535951] (sllidar_ros2) StdoutLine: {'line': b'-- Installing: /home/arno/RoombaV2Onboard/install/sllidar_ros2/share/sllidar_ros2/launch/sllidar_s2e_launch.py\n'}
[17.536414] (sllidar_ros2) StdoutLine: {'line': b'-- Installing: /home/arno/RoombaV2Onboard/install/sllidar_ros2/share/sllidar_ros2/launch/sllidar_s2_launch.py\n'}
[17.536768] (sllidar_ros2) StdoutLine: {'line': b'-- Installing: /home/arno/RoombaV2Onboard/install/sllidar_ros2/share/sllidar_ros2/launch/sllidar_a2m7_launch.py\n'}
[17.537188] (sllidar_ros2) StdoutLine: {'line': b'-- Installing: /home/arno/RoombaV2Onboard/install/sllidar_ros2/share/sllidar_ros2/launch/sllidar_a1_launch.py\n'}
[17.537479] (sllidar_ros2) StdoutLine: {'line': b'-- Installing: /home/arno/RoombaV2Onboard/install/sllidar_ros2/share/sllidar_ros2/launch/view_sllidar_s3_launch.py\n'}
[17.537884] (sllidar_ros2) StdoutLine: {'line': b'-- Installing: /home/arno/RoombaV2Onboard/install/sllidar_ros2/share/sllidar_ros2/launch/view_sllidar_a1_launch.py\n'}
[17.538225] (sllidar_ros2) StdoutLine: {'line': b'-- Installing: /home/arno/RoombaV2Onboard/install/sllidar_ros2/share/sllidar_ros2/launch/view_sllidar_t1_launch.py\n'}
[17.538590] (sllidar_ros2) StdoutLine: {'line': b'-- Installing: /home/arno/RoombaV2Onboard/install/sllidar_ros2/share/sllidar_ros2/launch/sllidar_s1_launch.py\n'}
[17.538839] (sllidar_ros2) StdoutLine: {'line': b'-- Installing: /home/arno/RoombaV2Onboard/install/sllidar_ros2/share/sllidar_ros2/launch/sllidar_c1_launch.py\n'}
[17.539109] (sllidar_ros2) StdoutLine: {'line': b'-- Installing: /home/arno/RoombaV2Onboard/install/sllidar_ros2/share/sllidar_ros2/launch/view_sllidar_s2e_launch.py\n'}
[17.539410] (sllidar_ros2) StdoutLine: {'line': b'-- Installing: /home/arno/RoombaV2Onboard/install/sllidar_ros2/share/sllidar_ros2/launch/sllidar_a2m12_launch .py\n'}
[17.539705] (sllidar_ros2) StdoutLine: {'line': b'-- Installing: /home/arno/RoombaV2Onboard/install/sllidar_ros2/share/sllidar_ros2/launch/sllidar_t1_launch.py\n'}
[17.540238] (sllidar_ros2) StdoutLine: {'line': b'-- Installing: /home/arno/RoombaV2Onboard/install/sllidar_ros2/share/sllidar_ros2/launch/view_sllidar_a2m8_launch.py\n'}
[17.540497] (sllidar_ros2) StdoutLine: {'line': b'-- Installing: /home/arno/RoombaV2Onboard/install/sllidar_ros2/share/sllidar_ros2/launch/view_sllidar_s1_tcp_launch.py\n'}
[17.540717] (sllidar_ros2) StdoutLine: {'line': b'-- Installing: /home/arno/RoombaV2Onboard/install/sllidar_ros2/share/sllidar_ros2/launch/sllidar_s3_launch.py\n'}
[17.540851] (sllidar_ros2) StdoutLine: {'line': b'-- Installing: /home/arno/RoombaV2Onboard/install/sllidar_ros2/share/sllidar_ros2/launch/view_sllidar_a2m7_launch.py\n'}
[17.540934] (sllidar_ros2) StdoutLine: {'line': b'-- Installing: /home/arno/RoombaV2Onboard/install/sllidar_ros2/share/sllidar_ros2/rviz\n'}
[17.541014] (sllidar_ros2) StdoutLine: {'line': b'-- Installing: /home/arno/RoombaV2Onboard/install/sllidar_ros2/share/sllidar_ros2/rviz/sllidar_ros2.rviz\n'}
[17.541104] (sllidar_ros2) StdoutLine: {'line': b'-- Installing: /home/arno/RoombaV2Onboard/install/sllidar_ros2/lib/sllidar_ros2/sllidar_node\n'}
[17.542450] (sllidar_ros2) StdoutLine: {'line': b'-- Set runtime path of "/home/arno/RoombaV2Onboard/install/sllidar_ros2/lib/sllidar_ros2/sllidar_node" to ""\n'}
[17.542616] (sllidar_ros2) StdoutLine: {'line': b'-- Installing: /home/arno/RoombaV2Onboard/install/sllidar_ros2/lib/sllidar_ros2/sllidar_client\n'}
[17.545801] (sllidar_ros2) StdoutLine: {'line': b'-- Set runtime path of "/home/arno/RoombaV2Onboard/install/sllidar_ros2/lib/sllidar_ros2/sllidar_client" to ""\n'}
[17.546007] (sllidar_ros2) StdoutLine: {'line': b'-- Installing: /home/arno/RoombaV2Onboard/install/sllidar_ros2/share/ament_index/resource_index/package_run_dependencies/sllidar_ros2\n'}
[17.546163] (sllidar_ros2) StdoutLine: {'line': b'-- Installing: /home/arno/RoombaV2Onboard/install/sllidar_ros2/share/ament_index/resource_index/parent_prefix_path/sllidar_ros2\n'}
[17.546361] (sllidar_ros2) StdoutLine: {'line': b'-- Installing: /home/arno/RoombaV2Onboard/install/sllidar_ros2/share/sllidar_ros2/environment/ament_prefix_path.sh\n'}
[17.546605] (sllidar_ros2) StdoutLine: {'line': b'-- Installing: /home/arno/RoombaV2Onboard/install/sllidar_ros2/share/sllidar_ros2/environment/ament_prefix_path.dsv\n'}
[17.546783] (sllidar_ros2) StdoutLine: {'line': b'-- Installing: /home/arno/RoombaV2Onboard/install/sllidar_ros2/share/sllidar_ros2/environment/path.sh\n'}
[17.546922] (sllidar_ros2) StdoutLine: {'line': b'-- Installing: /home/arno/RoombaV2Onboard/install/sllidar_ros2/share/sllidar_ros2/environment/path.dsv\n'}
[17.547066] (sllidar_ros2) StdoutLine: {'line': b'-- Installing: /home/arno/RoombaV2Onboard/install/sllidar_ros2/share/sllidar_ros2/local_setup.bash\n'}
[17.547215] (sllidar_ros2) StdoutLine: {'line': b'-- Installing: /home/arno/RoombaV2Onboard/install/sllidar_ros2/share/sllidar_ros2/local_setup.sh\n'}
[17.547309] (sllidar_ros2) StdoutLine: {'line': b'-- Installing: /home/arno/RoombaV2Onboard/install/sllidar_ros2/share/sllidar_ros2/local_setup.zsh\n'}
[17.547434] (sllidar_ros2) StdoutLine: {'line': b'-- Installing: /home/arno/RoombaV2Onboard/install/sllidar_ros2/share/sllidar_ros2/local_setup.dsv\n'}
[17.547558] (sllidar_ros2) StdoutLine: {'line': b'-- Installing: /home/arno/RoombaV2Onboard/install/sllidar_ros2/share/sllidar_ros2/package.dsv\n'}
[17.547744] (sllidar_ros2) StdoutLine: {'line': b'-- Installing: /home/arno/RoombaV2Onboard/install/sllidar_ros2/share/ament_index/resource_index/packages/sllidar_ros2\n'}
[17.547898] (sllidar_ros2) StdoutLine: {'line': b'-- Installing: /home/arno/RoombaV2Onboard/install/sllidar_ros2/share/sllidar_ros2/cmake/ament_cmake_export_dependencies-extras.cmake\n'}
[17.548043] (sllidar_ros2) StdoutLine: {'line': b'-- Installing: /home/arno/RoombaV2Onboard/install/sllidar_ros2/share/sllidar_ros2/cmake/ament_cmake_export_include_directories-extras.cmake\n'}
[17.548203] (sllidar_ros2) StdoutLine: {'line': b'-- Installing: /home/arno/RoombaV2Onboard/install/sllidar_ros2/share/sllidar_ros2/cmake/sllidar_ros2Config.cmake\n'}
[17.548327] (sllidar_ros2) StdoutLine: {'line': b'-- Installing: /home/arno/RoombaV2Onboard/install/sllidar_ros2/share/sllidar_ros2/cmake/sllidar_ros2Config-version.cmake\n'}
[17.548458] (sllidar_ros2) StdoutLine: {'line': b'-- Installing: /home/arno/RoombaV2Onboard/install/sllidar_ros2/share/sllidar_ros2/package.xml\n'}
[17.551490] (sllidar_ros2) CommandEnded: {'returncode': 0}
[17.591114] (-) TimerEvent: {}
[17.691780] (-) TimerEvent: {}
[17.725598] (sllidar_ros2) JobEnded: {'identifier': 'sllidar_ros2', 'rc': 0}
[17.761204] (-) EventReactorShutdown: {}
